Title,Movie Link,Year,Duration,MPA,Rating,Votes
1. Batman,https://www.imdb.com/title/tt0096895/?ref_=sr_t_1,1989,2h 6m,PG-13,7.5,415K
2. Indiana Jones and the Last Crusade,https://www.imdb.com/title/tt0097576/?ref_=sr_t_2,1989,2h 7m,PG-13,8.2,829K
3. Lethal Weapon 2,https://www.imdb.com/title/tt0097733/?ref_=sr_t_3,1989,1h 54m,R,7.3,193K
4. Look Who's Talking,https://www.imdb.com/title/tt0097778/?ref_=sr_t_4,1989,1h 33m,PG-13,5.9,88K
"5. Honey, I Shrunk the Kids",https://www.imdb.com/title/tt0097523/?ref_=sr_t_5,1989,1h 33m,PG,6.4,170K
6. Back to the Future Part II,https://www.imdb.com/title/tt0096874/?ref_=sr_t_6,1989,1h 48m,PG,7.8,589K
7. Ghostbusters II,https://www.imdb.com/title/tt0097428/?ref_=sr_t_7,1989,1h 48m,PG,6.6,231K
8. The Little Mermaid,https://www.imdb.com/title/tt0097757/?ref_=sr_t_8,1989,1h 23m,G,7.6,298K
9. Driving Miss Daisy,https://www.imdb.com/title/tt0097239/?ref_=sr_t_9,1989,1h 39m,PG,7.3,120K
10. Parenthood,https://www.imdb.com/title/tt0098067/?ref_=sr_t_10,1989,2h 4m,PG-13,7.1,56K
11. Dead Poets Society,https://www.imdb.com/title/tt0097165/?ref_=sr_t_11,1989,2h 8m,PG,8.1,575K
12. When Harry Met Sally...,https://www.imdb.com/title/tt0098635/?ref_=sr_t_12,1989,1h 35m,R,7.7,251K
13. The War of the Roses,https://www.imdb.com/title/tt0098621/?ref_=sr_t_13,1989,1h 56m,R,6.8,59K
14. Steel Magnolias,https://www.imdb.com/title/tt0098384/?ref_=sr_t_14,1989,1h 57m,PG,7.3,65K
15. National Lampoon's Christmas Vacation,https://www.imdb.com/title/tt0097958/?ref_=sr_t_15,1989,1h 37m,PG-13,7.5,233K
16. Turner & Hooch,https://www.imdb.com/title/tt0098536/?ref_=sr_t_16,1989,1h 37m,PG,6.2,78K
17. Born on the Fourth of July,https://www.imdb.com/title/tt0096969/?ref_=sr_t_17,1989,2h 25m,R,7.2,119K
18. Uncle Buck,https://www.imdb.com/title/tt0098554/?ref_=sr_t_18,1989,1h 40m,PG,7.1,113K
19. Field of Dreams,https://www.imdb.com/title/tt0097351/?ref_=sr_t_19,1989,1h 47m,PG,7.5,132K
20. Tango & Cash,https://www.imdb.com/title/tt0098439/?ref_=sr_t_20,1989,1h 44m,R,6.4,116K
21. Harlem Nights,https://www.imdb.com/title/tt0097481/?ref_=sr_t_21,1989,1h 56m,R,6.1,26K
22. Sea of Love,https://www.imdb.com/title/tt0098273/?ref_=sr_t_22,1989,1h 53m,R,6.8,46K
23. Pet Sematary,https://www.imdb.com/title/tt0098084/?ref_=sr_t_23,1989,1h 43m,R,6.5,118K
24. The Abyss,https://www.imdb.com/title/tt0096754/?ref_=sr_t_24,1989,2h 20m,PG-13,7.5,199K
25. Star Trek V: The Final Frontier,https://www.imdb.com/title/tt0098382/?ref_=sr_t_25,1989,1h 47m,PG,5.5,65K
26. Major League,https://www.imdb.com/title/tt0097815/?ref_=sr_t_26,1989,1h 47m,R,7.2,79K
"27. See No Evil, Hear No Evil",https://www.imdb.com/title/tt0098282/?ref_=sr_t_27,1989,1h 43m,R,6.8,60K
28. Black Rain,https://www.imdb.com/title/tt0096933/?ref_=sr_t_28,1989,2h 5m,R,6.6,61K
29. Always,https://www.imdb.com/title/tt0096794/?ref_=sr_t_29,1989,2h 2m,PG,6.4,33K
30. K-9,https://www.imdb.com/title/tt0097637/?ref_=sr_t_30,1989,1h 41m,PG-13,6.1,36K
31. Three Fugitives,https://www.imdb.com/title/tt0098471/?ref_=sr_t_31,1989,1h 36m,PG-13,6.2,13K
32. Bill & Ted's Excellent Adventure,https://www.imdb.com/title/tt0096928/?ref_=sr_t_32,1989,1h 30m,PG,6.9,144K
33. The Karate Kid Part III,https://www.imdb.com/title/tt0097647/?ref_=sr_t_33,1989,1h 52m,PG,5.3,72K
34. The 'Burbs,https://www.imdb.com/title/tt0096734/?ref_=sr_t_34,1989,1h 42m,PG,6.8,86K
35. Fletch Lives,https://www.imdb.com/title/tt0097366/?ref_=sr_t_35,1989,1h 35m,PG,6.1,24K
36. Licence to Kill,https://www.imdb.com/title/tt0097742/?ref_=sr_t_36,1989,2h 13m,PG-13,6.7,115K
37. Lean on Me,https://www.imdb.com/title/tt0097722/?ref_=sr_t_37,1989,1h 48m,PG-13,7.4,23K
38. Weekend at Bernie's,https://www.imdb.com/title/tt0098627/?ref_=sr_t_38,1989,1h 37m,PG-13,6.4,65K
39. Road House,https://www.imdb.com/title/tt0098206/?ref_=sr_t_39,1989,1h 54m,R,6.7,105K
40. The Dream Team,https://www.imdb.com/title/tt0097235/?ref_=sr_t_40,1989,1h 53m,PG-13,6.5,17K
41. Do the Right Thing,https://www.imdb.com/title/tt0097216/?ref_=sr_t_41,1989,2h,R,7.9,116K
42. All Dogs Go to Heaven,https://www.imdb.com/title/tt0096787/?ref_=sr_t_42,1989,1h 24m,G,6.7,48K
43. Glory,https://www.imdb.com/title/tt0097441/?ref_=sr_t_43,1989,2h 2m,R,7.8,148K
"44. Sex, Lies, and Videotape",https://www.imdb.com/title/tt0098724/?ref_=sr_t_44,1989,1h 40m,R,7.2,61K
45. A Nightmare on Elm Street: The Dream Child,https://www.imdb.com/title/tt0097981/?ref_=sr_t_45,1989,1h 29m,R,5.0,53K
46. Dad,https://www.imdb.com/title/tt0097142/?ref_=sr_t_46,1989,1h 57m,PG,6.3,5.4K
47. Lock Up,https://www.imdb.com/title/tt0097770/?ref_=sr_t_47,1989,1h 49m,R,6.4,48K
48. Cousins,https://www.imdb.com/title/tt0097116/?ref_=sr_t_48,1989,1h 53m,PG-13,6.4,5.2K
49. Say Anything,https://www.imdb.com/title/tt0098258/?ref_=sr_t_49,1989,1h 40m,PG-13,7.3,98K
50. An Innocent Man,https://www.imdb.com/title/tt0097579/?ref_=sr_t_50,1989,1h 53m,R,6.5,7.9K
51. The Fly II,https://www.imdb.com/title/tt0097368/?ref_=sr_t_51,1989,1h 45m,R,5.1,25K
52. Skin Deep,https://www.imdb.com/title/tt0098343/?ref_=sr_t_52,1989,1h 41m,R,6.1,5.3K
53. Blaze,https://www.imdb.com/title/tt0096943/?ref_=sr_t_53,1989,2h,R,6.0,4.3K
54. Her Alibi,https://www.imdb.com/title/tt0097500/?ref_=sr_t_54,1989,1h 34m,PG,5.8,8.1K
55. Casualties of War,https://www.imdb.com/title/tt0097027/?ref_=sr_t_55,1989,1h 53m,R,7.1,49K
56. Prancer,https://www.imdb.com/title/tt0098115/?ref_=sr_t_56,1989,1h 43m,G,6.4,6.7K
57. The Fabulous Baker Boys,https://www.imdb.com/title/tt0097322/?ref_=sr_t_57,1989,1h 54m,R,6.9,26K
58. Crimes and Misdemeanors,https://www.imdb.com/title/tt0097123/?ref_=sr_t_58,1989,1h 44m,PG-13,7.8,62K
59. Shocker,https://www.imdb.com/title/tt0098320/?ref_=sr_t_59,1989,1h 49m,R,5.5,18K
60. Chances Are,https://www.imdb.com/title/tt0097044/?ref_=sr_t_60,1989,1h 48m,PG,6.5,14K
61. No Holds Barred,https://www.imdb.com/title/tt0097987/?ref_=sr_t_61,1989,1h 33m,PG-13,4.4,7.2K
62. Next of Kin,https://www.imdb.com/title/tt0097967/?ref_=sr_t_62,1989,1h 48m,R,5.9,13K
63. Leviathan,https://www.imdb.com/title/tt0097737/?ref_=sr_t_63,1989,1h 38m,R,5.8,25K
64. She-Devil,https://www.imdb.com/title/tt0098309/?ref_=sr_t_64,1989,1h 39m,PG-13,5.7,20K
65. My Left Foot,https://www.imdb.com/title/tt0097937/?ref_=sr_t_65,1989,1h 43m,R,7.8,82K
66. Kickboxer,https://www.imdb.com/title/tt0097659/?ref_=sr_t_66,1989,1h 37m,R,6.4,63K
67. Friday the 13th Part VIII: Jason Takes Manhattan,https://www.imdb.com/title/tt0097388/?ref_=sr_t_67,1989,1h 40m,R,4.5,45K
68. The Wizard,https://www.imdb.com/title/tt0098663/?ref_=sr_t_68,1989,1h 40m,PG,6.1,17K
69. Great Balls of Fire!,https://www.imdb.com/title/tt0097457/?ref_=sr_t_69,1989,1h 48m,PG-13,6.3,19K
70. Family Business,https://www.imdb.com/title/tt0097328/?ref_=sr_t_70,1989,1h 50m,R,5.7,14K
71. Pink Cadillac,https://www.imdb.com/title/tt0098097/?ref_=sr_t_71,1989,2h 2m,PG-13,5.4,13K
72. She's Out of Control,https://www.imdb.com/title/tt0098308/?ref_=sr_t_72,1989,1h 30m,PG,5.4,5K
73. Halloween 5: The Revenge of Michael Myers,https://www.imdb.com/title/tt0097474/?ref_=sr_t_73,1989,1h 36m,R,4.9,49K
74. Gross Anatomy,https://www.imdb.com/title/tt0097458/?ref_=sr_t_74,1989,1h 49m,PG-13,6.2,4.2K
75. Police Academy 6: City Under Siege,https://www.imdb.com/title/tt0098105/?ref_=sr_t_75,1989,1h 24m,PG,4.4,34K
76. Wild Orchid,https://www.imdb.com/title/tt0100934/?ref_=sr_t_76,1989,1h 45m,R,4.5,13K
77. Who's Harry Crumb?,https://www.imdb.com/title/tt0098645/?ref_=sr_t_77,1989,1h 34m,PG-13,5.9,18K
78. New York Stories,https://www.imdb.com/title/tt0097965/?ref_=sr_t_78,1989,2h 4m,PG,6.4,20K
79. The Package,https://www.imdb.com/title/tt0098051/?ref_=sr_t_79,1989,1h 48m,R,6.4,12K
80. We're No Angels,https://www.imdb.com/title/tt0098625/?ref_=sr_t_80,1989,1h 46m,PG-13,6.1,25K
81. Cyborg,https://www.imdb.com/title/tt0097138/?ref_=sr_t_81,1989,1h 26m,R,5.0,35K
82. Henry V,https://www.imdb.com/title/tt0097499/?ref_=sr_t_82,1989,2h 17m,PG-13,7.5,32K
83. Tap,https://www.imdb.com/title/tt0098442/?ref_=sr_t_83,1989,1h 51m,PG-13,6.6,1.9K
84. Warlock,https://www.imdb.com/title/tt0098622/?ref_=sr_t_84,1989,1h 43m,R,6.2,20K
85. Renegades,https://www.imdb.com/title/tt0098188/?ref_=sr_t_85,1989,1h 46m,R,5.4,4.1K
86. Scandal,https://www.imdb.com/title/tt0098260/?ref_=sr_t_86,1989,1h 46m,R,6.4,5.7K
87. True Believer,https://www.imdb.com/title/tt0098524/?ref_=sr_t_87,1989,1h 48m,R,6.7,5.6K
88. Troop Beverly Hills,https://www.imdb.com/title/tt0098519/?ref_=sr_t_88,1989,1h 45m,PG,5.9,12K
89. Cheetah,https://www.imdb.com/title/tt0097053/?ref_=sr_t_89,1989,1h 23m,G,5.9,1.2K
90. DeepStar Six,https://www.imdb.com/title/tt0097179/?ref_=sr_t_90,1989,1h 39m,R,5.3,14K
91. Dead Bang,https://www.imdb.com/title/tt0097166/?ref_=sr_t_91,1989,1h 42m,R,6.1,4.7K
92. Dead Calm,https://www.imdb.com/title/tt0097162/?ref_=sr_t_92,1989,1h 36m,R,6.8,45K
"93. Enemies, A Love Story",https://www.imdb.com/title/tt0097276/?ref_=sr_t_93,1989,1h 59m,R,6.5,2.7K
"94. The Cook, the Thief, His Wife & Her Lover",https://www.imdb.com/title/tt0097108/?ref_=sr_t_94,1989,2h 4m,NC-17,7.5,43K
95. Disorganized Crime,https://www.imdb.com/title/tt0097211/?ref_=sr_t_95,1989,1h 38m,R,6.2,2.7K
96. Johnny Handsome,https://www.imdb.com/title/tt0097626/?ref_=sr_t_96,1989,1h 34m,R,6.1,11K
97. Relentless,https://www.imdb.com/title/tt0098184/?ref_=sr_t_97,1989,1h 32m,R,5.9,2K
98. Roger & Me,https://www.imdb.com/title/tt0098213/?ref_=sr_t_98,1989,1h 31m,R,7.5,28K
99. The Gods Must Be Crazy II,https://www.imdb.com/title/tt0097443/?ref_=sr_t_99,1989,1h 38m,PG,6.8,18K
100. Music Box,https://www.imdb.com/title/tt0100211/?ref_=sr_t_100,1989,2h 4m,PG-13,7.3,9K
101. UHF,https://www.imdb.com/title/tt0098546/?ref_=sr_t_101,1989,1h 37m,PG-13,6.9,33K
102. Shirley Valentine,https://www.imdb.com/title/tt0098319/?ref_=sr_t_102,1989,1h 48m,R,7.2,9.2K
103. Immediate Family,https://www.imdb.com/title/tt0097567/?ref_=sr_t_103,1989,1h 35m,PG-13,6.0,1.8K
104. Millennium,https://www.imdb.com/title/tt0097883/?ref_=sr_t_104,1989,1h 48m,PG-13,5.7,7.2K
105. Dream a Little Dream,https://www.imdb.com/title/tt0097236/?ref_=sr_t_105,1989,1h 54m,PG-13,5.7,8.2K
106. Second Sight,https://www.imdb.com/title/tt0098276/?ref_=sr_t_106,1989,1h 23m,PG,4.4,1.5K
107. Let It Ride,https://www.imdb.com/title/tt0097731/?ref_=sr_t_107,1989,1h 30m,PG-13,6.8,7K
108. See You in the Morning,https://www.imdb.com/title/tt0098283/?ref_=sr_t_108,1989,1h 59m,PG-13,5.8,1.1K
109. Drugstore Cowboy,https://www.imdb.com/title/tt0097240/?ref_=sr_t_109,1989,1h 41m,R,7.2,42K
110. The January Man,https://www.imdb.com/title/tt0097613/?ref_=sr_t_110,1989,1h 37m,R,5.5,9.4K
111. Longtime Companion,https://www.imdb.com/title/tt0100049/?ref_=sr_t_111,1989,1h 36m,R,7.6,6.3K
112. The Mighty Quinn,https://www.imdb.com/title/tt0097880/?ref_=sr_t_112,1989,1h 38m,R,6.0,6.9K
113. Staying Together,https://www.imdb.com/title/tt0098383/?ref_=sr_t_113,1989,1h 31m,R,6.1,968
114. Listen to Me,https://www.imdb.com/title/tt0097756/?ref_=sr_t_114,1989,1h 47m,PG-13,5.2,1.4K
115. Tie Me Up! Tie Me Down!,https://www.imdb.com/title/tt0101026/?ref_=sr_t_115,1989,1h 41m,NC-17,7.0,33K
116. Loverboy,https://www.imdb.com/title/tt0097790/?ref_=sr_t_116,1989,1h 38m,PG-13,6.1,9K
117. The Phantom of the Opera,https://www.imdb.com/title/tt0098090/?ref_=sr_t_117,1989,1h 33m,R,5.5,4.7K
118. A Dry White Season,https://www.imdb.com/title/tt0097243/?ref_=sr_t_118,1989,1h 46m,R,7.0,6.4K
119. Worth Winning,https://www.imdb.com/title/tt0098678/?ref_=sr_t_119,1989,1h 43m,PG-13,5.7,2K
120. Old Gringo,https://www.imdb.com/title/tt0098022/?ref_=sr_t_120,1989,1h 59m,R,5.7,2.2K
121. Fat Man and Little Boy,https://www.imdb.com/title/tt0097336/?ref_=sr_t_121,1989,2h 7m,PG-13,6.5,9.4K
122. Physical Evidence,https://www.imdb.com/title/tt0098093/?ref_=sr_t_122,1989,1h 39m,R,5.2,2.2K
123. In Country,https://www.imdb.com/title/tt0097570/?ref_=sr_t_123,1989,2h,R,5.8,3.2K
124. The Lemon Sisters,https://www.imdb.com/title/tt0100003/?ref_=sr_t_124,1989,1h 33m,PG-13,4.9,1.2K
125. Kinjite: Forbidden Subjects,https://www.imdb.com/title/tt0097670/?ref_=sr_t_125,1989,1h 37m,R,5.5,4K
126. Happily Ever After,https://www.imdb.com/title/tt0099733/?ref_=sr_t_126,1989,1h 15m,G,5.6,2.7K
127. Rude Awakening,https://www.imdb.com/title/tt0098230/?ref_=sr_t_127,1989,1h 40m,R,4.8,1.5K
128. Speed Zone,https://www.imdb.com/title/tt0098369/?ref_=sr_t_128,1989,1h 34m,PG,4.5,3.8K
129. Metropolitan,https://www.imdb.com/title/tt0100142/?ref_=sr_t_129,1989,1h 38m,PG-13,7.3,13K
130. Gleaming the Cube,https://www.imdb.com/title/tt0097438/?ref_=sr_t_130,1989,1h 45m,PG-13,6.3,9.3K
131. Blind Fury,https://www.imdb.com/title/tt0096945/?ref_=sr_t_131,1989,1h 26m,R,6.3,19K
132. Farewell to the King,https://www.imdb.com/title/tt0097334/?ref_=sr_t_132,1989,1h 57m,PG-13,6.2,3.2K
133. Sing,https://www.imdb.com/title/tt0098335/?ref_=sr_t_133,1989,1h 38m,PG-13,6.7,979
134. Scenes from the Class Struggle in Beverly Hills,https://www.imdb.com/title/tt0098261/?ref_=sr_t_134,1989,1h 43m,R,5.9,1.5K
135. Jacknife,https://www.imdb.com/title/tt0097607/?ref_=sr_t_135,1989,1h 42m,R,6.4,6.7K
136. Rooftops,https://www.imdb.com/title/tt0098222/?ref_=sr_t_136,1989,1h 38m,R,4.7,718
137. Winter People,https://www.imdb.com/title/tt0098659/?ref_=sr_t_137,1989,1h 50m,PG-13,6.2,1.7K
138. Erik the Viking,https://www.imdb.com/title/tt0097289/?ref_=sr_t_138,1989,1h 47m,PG-13,6.1,15K
139. Communion,https://www.imdb.com/title/tt0097100/?ref_=sr_t_139,1989,1h 47m,R,5.5,8.1K
140. Breaking In,https://www.imdb.com/title/tt0096976/?ref_=sr_t_140,1989,1h 34m,R,6.1,1.8K
141. Cookie,https://www.imdb.com/title/tt0097109/?ref_=sr_t_141,1989,1h 34m,R,5.4,1.6K
142. Miss Firecracker,https://www.imdb.com/title/tt0097892/?ref_=sr_t_142,1989,1h 42m,PG,6.1,2.4K
143. Too Beautiful for You,https://www.imdb.com/title/tt0098520/?ref_=sr_t_143,1989,1h 31m,R,6.7,3.1K
144. Bloodfist,https://www.imdb.com/title/tt0096952/?ref_=sr_t_144,1989,1h 25m,R,4.7,1.4K
145. House III: The Horror Show,https://www.imdb.com/title/tt0097527/?ref_=sr_t_145,1989,1h 35m,R,5.1,4.9K
146. Last Exit to Brooklyn,https://www.imdb.com/title/tt0097714/?ref_=sr_t_146,1989,1h 42m,R,6.8,7.2K
147. Best of the Best,https://www.imdb.com/title/tt0096913/?ref_=sr_t_147,1989,1h 37m,PG-13,6.4,16K
148. How I Got Into College,https://www.imdb.com/title/tt0097530/?ref_=sr_t_148,1989,1h 26m,PG-13,5.8,2.4K
149. Jesus of Montreal,https://www.imdb.com/title/tt0097635/?ref_=sr_t_149,1989,2h,R,7.5,7.6K
150. Mystery Train,https://www.imdb.com/title/tt0097940/?ref_=sr_t_150,1989,1h 50m,R,7.5,32K
151. Stepfather II: Make Room for Daddy,https://www.imdb.com/title/tt0098385/?ref_=sr_t_151,1989,1h 33m,R,5.6,5.1K
152. Monsieur Hire,https://www.imdb.com/title/tt0097904/?ref_=sr_t_152,1989,1h 21m,PG-13,7.5,7.3K
153. Courage Mountain,https://www.imdb.com/title/tt0097115/?ref_=sr_t_153,1989,1h 34m,PG,5.7,955
154. Little Nemo: Adventures in Slumberland,https://www.imdb.com/title/tt0104740/?ref_=sr_t_154,1989,1h 25m,G,7.0,8.5K
155. True Love,https://www.imdb.com/title/tt0098528/?ref_=sr_t_155,1989,1h 44m,R,6.0,886
156. Romero,https://www.imdb.com/title/tt0098219/?ref_=sr_t_156,1989,1h 42m,PG-13,7.1,2.5K
157. Babar: The Movie,https://www.imdb.com/title/tt0096869/?ref_=sr_t_157,1989,1h 10m,G,6.3,1.2K
158. Robot Jox,https://www.imdb.com/title/tt0102800/?ref_=sr_t_158,1989,1h 25m,PG,5.5,7.5K
159. Lost Angels,https://www.imdb.com/title/tt0097782/?ref_=sr_t_159,1989,1h 56m,R,5.9,1.1K
160. Queen of Hearts,https://www.imdb.com/title/tt0098153/?ref_=sr_t_160,1989,1h 52m,PG,6.7,563
161. The Icicle Thief,https://www.imdb.com/title/tt0097702/?ref_=sr_t_161,1989,1h 30m,Not Rated,7.0,1.1K
162. Valmont,https://www.imdb.com/title/tt0098575/?ref_=sr_t_162,1989,2h 17m,R,7.0,15K
163. Heart of Dixie,https://www.imdb.com/title/tt0097490/?ref_=sr_t_163,1989,1h 35m,PG,5.2,864
164. Wired,https://www.imdb.com/title/tt0098660/?ref_=sr_t_164,1989,1h 52m,R,3.6,972
165. Welcome Home,https://www.imdb.com/title/tt0098631/?ref_=sr_t_165,1989,1h 36m,R,5.7,406
166. Kiki's Delivery Service,https://www.imdb.com/title/tt0097814/?ref_=sr_t_166,1989,1h 43m,G,7.8,173K
167. Getting It Right,https://www.imdb.com/title/tt0097424/?ref_=sr_t_167,1989,1h 42m,R,6.4,787
168. Sweetie,https://www.imdb.com/title/tt0098725/?ref_=sr_t_168,1989,1h 37m,R,6.7,5.6K
169. American Ninja 3: Blood Hunt,https://www.imdb.com/title/tt0096804/?ref_=sr_t_169,1989,1h 29m,R,3.7,6K
170. The Blood of Heroes,https://www.imdb.com/title/tt0094764/?ref_=sr_t_170,1989,1h 44m,R,6.4,7.8K
171. Parents,https://www.imdb.com/title/tt0098068/?ref_=sr_t_171,1989,1h 21m,R,6.1,8.9K
172. Crack House,https://www.imdb.com/title/tt0097119/?ref_=sr_t_172,1989,1h 30m,R,5.4,502
173. The Terror Within,https://www.imdb.com/title/tt0096246/?ref_=sr_t_173,1989,1h 28m,R,4.7,2.4K
174. Little Monsters,https://www.imdb.com/title/tt0097758/?ref_=sr_t_174,1989,1h 40m,PG,6.0,15K
175. The Toxic Avenger Part II,https://www.imdb.com/title/tt0098503/?ref_=sr_t_175,1989,1h 42m,R,5.0,7.7K
176. For All Mankind,https://www.imdb.com/title/tt0097372/?ref_=sr_t_176,1989,1h 20m,Not Rated,8.1,6.8K
177. Strapless,https://www.imdb.com/title/tt0098394/?ref_=sr_t_177,1989,1h 39m,R,5.8,445
178. The Story of Boys & Girls,https://www.imdb.com/title/tt0098390/?ref_=sr_t_178,1989,1h 27m,,6.6,232
179. Cage,https://www.imdb.com/title/tt0097003/?ref_=sr_t_179,1989,1h 40m,R,4.9,758
180. Rosalie Goes Shopping,https://www.imdb.com/title/tt0098224/?ref_=sr_t_180,1989,1h 34m,PG,5.7,1.1K
181. Eddie and the Cruisers II: Eddie Lives!,https://www.imdb.com/title/tt0097262/?ref_=sr_t_181,1989,1h 44m,PG-13,6.2,3.3K
182. The Tall Guy,https://www.imdb.com/title/tt0098436/?ref_=sr_t_182,1989,1h 32m,R,6.2,5.1K
183. Slaves of New York,https://www.imdb.com/title/tt0098347/?ref_=sr_t_183,1989,2h 4m,R,5.7,1.1K
184. The Rainbow,https://www.imdb.com/title/tt0098165/?ref_=sr_t_184,1989,1h 53m,R,6.3,1.8K
185. How to Get Ahead in Advertising,https://www.imdb.com/title/tt0097531/?ref_=sr_t_185,1989,1h 30m,R,6.8,6.7K
186. Triumph of the Spirit,https://www.imdb.com/title/tt0098513/?ref_=sr_t_186,1989,2h,R,6.8,2.9K
187. The Toxic Avenger Part III: The Last Temptation of Toxie,https://www.imdb.com/title/tt0098502/?ref_=sr_t_187,1989,1h 42m,R,4.3,5.4K
188. Night Game,https://www.imdb.com/title/tt0097971/?ref_=sr_t_188,1989,1h 35m,R,5.0,1.4K
189. Dark Obsession,https://www.imdb.com/title/tt0097158/?ref_=sr_t_189,1989,1h 40m,NC-17,4.8,409
190. Out Cold,https://www.imdb.com/title/tt0098042/?ref_=sr_t_190,1989,1h 32m,R,5.5,989
191. Kill Me Again,https://www.imdb.com/title/tt0097662/?ref_=sr_t_191,1989,1h 34m,R,6.3,5.9K
192. Heavy Petting,https://www.imdb.com/title/tt0095289/?ref_=sr_t_192,1989,1h 14m,R,6.1,418
193. Chattahoochee,https://www.imdb.com/title/tt0099242/?ref_=sr_t_193,1989,1h 38m,R,6.3,2.5K
194. A Chorus of Disapproval,https://www.imdb.com/title/tt0094871/?ref_=sr_t_194,1989,1h 32m,PG,5.5,978
195. The Rachel Papers,https://www.imdb.com/title/tt0098160/?ref_=sr_t_195,1989,1h 35m,R,6.0,2.2K
196. The Return of Swamp Thing,https://www.imdb.com/title/tt0098193/?ref_=sr_t_196,1989,1h 28m,PG-13,4.7,6.5K
197. Beverly Hills Brats,https://www.imdb.com/title/tt0096918/?ref_=sr_t_197,1989,1h 30m,PG-13,3.7,395
198. The Experts,https://www.imdb.com/title/tt0097314/?ref_=sr_t_198,1989,1h 34m,PG-13,4.9,2.8K
199. Night Visitor,https://www.imdb.com/title/tt0100254/?ref_=sr_t_199,1989,1h 33m,R,4.9,921
200. Martians Go Home,https://www.imdb.com/title/tt0100116/?ref_=sr_t_200,1989,1h 29m,PG-13,3.2,849
201. The Big Picture,https://www.imdb.com/title/tt0096926/?ref_=sr_t_201,1989,1h 40m,PG-13,6.2,6.3K
202. Torrents of Spring,https://www.imdb.com/title/tt0096755/?ref_=sr_t_202,1989,1h 41m,PG-13,5.8,440
203. Race for Glory,https://www.imdb.com/title/tt0098158/?ref_=sr_t_203,1989,1h 44m,R,5.7,178
204. Signs of Life,https://www.imdb.com/title/tt0098330/?ref_=sr_t_204,1989,1h 30m,PG-13,6.2,633
205. Mind Games,https://www.imdb.com/title/tt0097885/?ref_=sr_t_205,1989,1h 33m,R,5.2,324
206. Speaking Parts,https://www.imdb.com/title/tt0098368/?ref_=sr_t_206,1989,1h 33m,Not Rated,6.7,1.6K
207. After Midnight,https://www.imdb.com/title/tt0096769/?ref_=sr_t_207,1989,1h 33m,R,5.4,2.6K
"208. Bert Rigby, You're a Fool",https://www.imdb.com/title/tt0096911/?ref_=sr_t_208,1989,1h 34m,R,5.8,343
209. When the Whales Came,https://www.imdb.com/title/tt0098638/?ref_=sr_t_209,1989,1h 40m,PG,6.1,466
210. Happy Together,https://www.imdb.com/title/tt0097478/?ref_=sr_t_210,1989,1h 42m,PG-13,5.9,2.2K
211. Brenda Starr,https://www.imdb.com/title/tt0096978/?ref_=sr_t_211,1989,1h 33m,PG,4.7,1.3K
212. Survival Quest,https://www.imdb.com/title/tt0098415/?ref_=sr_t_212,1989,1h 36m,R,6.0,1.3K
213. Ten Little Indians,https://www.imdb.com/title/tt0098454/?ref_=sr_t_213,1989,1h 40m,PG,4.7,1.6K
214. Shadow of China,https://www.imdb.com/title/tt0102895/?ref_=sr_t_214,1989,2h 11m,PG-13,6.2,171
215. Spontaneous Combustion,https://www.imdb.com/title/tt0098375/?ref_=sr_t_215,1989,1h 37m,R,4.9,3.2K
216. Fear Anxiety Depression,https://www.imdb.com/title/tt0169895/?ref_=sr_t_216,1989,1h 25m,R,6.0,859
217. Bloodhounds of Broadway,https://www.imdb.com/title/tt0096953/?ref_=sr_t_217,1989,1h 33m,PG,5.3,1.5K
218. Animal Behavior,https://www.imdb.com/title/tt0096820/?ref_=sr_t_218,1989,1h 25m,PG,3.9,265
219. New Year's Day,https://www.imdb.com/title/tt0097964/?ref_=sr_t_219,1989,1h 28m,R,5.7,359
220. Twister,https://www.imdb.com/title/tt0096321/?ref_=sr_t_220,1989,1h 33m,PG-13,5.2,2.4K
221. Teen Witch,https://www.imdb.com/title/tt0098453/?ref_=sr_t_221,1989,1h 33m,PG-13,6.0,11K
222. Blood Red,https://www.imdb.com/title/tt0096951/?ref_=sr_t_222,1989,1h 31m,R,4.1,1K
223. Red Surf,https://www.imdb.com/title/tt0100468/?ref_=sr_t_223,1989,1h 44m,R,4.2,851
224. Far from Home,https://www.imdb.com/title/tt0097332/?ref_=sr_t_224,1989,1h 26m,R,5.5,2.4K
225. High Stakes,https://www.imdb.com/title/tt0097507/?ref_=sr_t_225,1989,1h 26m,R,4.2,306
226. Hit List,https://www.imdb.com/title/tt0095311/?ref_=sr_t_226,1989,1h 27m,R,5.6,723
227. Catch Me If You Can,https://www.imdb.com/title/tt0097029/?ref_=sr_t_227,1989,1h 46m,PG,5.8,782
228. The Feud,https://www.imdb.com/title/tt0097350/?ref_=sr_t_228,1989,1h 37m,R,5.6,135
229. Who Shot Pat?,https://www.imdb.com/title/tt0100930/?ref_=sr_t_229,1989,1h 42m,R,4.0,498
230. Elves,https://www.imdb.com/title/tt0099496/?ref_=sr_t_230,1989,1h 29m,PG-13,4.2,1.9K
231. Begotten,https://www.imdb.com/title/tt0101420/?ref_=sr_t_231,1989,1h 12m,Unrated,5.6,12K
232. Society,https://www.imdb.com/title/tt0098354/?ref_=sr_t_232,1989,1h 39m,R,6.5,23K
233. Deadly Games,https://www.imdb.com/title/tt0096741/?ref_=sr_t_233,1989,1h 32m,Not Rated,6.4,3K
234. Santa Sangre,https://www.imdb.com/title/tt0098253/?ref_=sr_t_234,1989,2h 3m,NC-17,7.5,24K
235. The Punisher,https://www.imdb.com/title/tt0098141/?ref_=sr_t_235,1989,1h 29m,R,5.6,27K
236. The Killer,https://www.imdb.com/title/tt0097202/?ref_=sr_t_236,1989,1h 51m,R,7.7,53K
237. Going Overboard,https://www.imdb.com/title/tt0096870/?ref_=sr_t_237,1989,1h 39m,R,1.8,15K
238. Meet the Feebles,https://www.imdb.com/title/tt0097858/?ref_=sr_t_238,1989,1h 37m,Not Rated,6.6,23K
239. Tetsuo: The Iron Man,https://www.imdb.com/title/tt0096251/?ref_=sr_t_239,1989,1h 7m,Not Rated,6.9,27K
240. White Wedding,https://www.imdb.com/title/tt0097995/?ref_=sr_t_240,1989,1h 32m,,6.9,2.9K
241. Paganini,https://www.imdb.com/title/tt0098052/?ref_=sr_t_241,1989,1h 24m,,5.1,1.2K
242. The Wolves of Willoughby Chase,https://www.imdb.com/title/tt0096459/?ref_=sr_t_242,1989,1h 32m,Not Rated,5.9,571
243. Parinda,https://www.imdb.com/title/tt0102636/?ref_=sr_t_243,1989,2h 34m,Not Rated,7.8,3.9K
244. Clownhouse,https://www.imdb.com/title/tt0094886/?ref_=sr_t_244,1989,1h 21m,R,5.4,5.3K
245. The Church,https://www.imdb.com/title/tt0094860/?ref_=sr_t_245,1989,1h 42m,R,6.2,9.4K
246. Arabella: Black Angel,https://www.imdb.com/title/tt0092577/?ref_=sr_t_246,1989,1h 29m,Not Rated,5.3,906
247. Godzilla vs. Biollante,https://www.imdb.com/title/tt0097444/?ref_=sr_t_247,1989,1h 44m,PG,6.5,7.3K
248. The BFG,https://www.imdb.com/title/tt0096866/?ref_=sr_t_248,1989,1h 31m,,6.7,7.7K
249. Intruder,https://www.imdb.com/title/tt0095379/?ref_=sr_t_249,1989,1h 23m,R,6.1,12K
250. Cannibal Women in the Avocado Jungle of Death,https://www.imdb.com/title/tt0094834/?ref_=sr_t_250,1989,1h 30m,PG-13,4.8,3.6K
251. Marquis,https://www.imdb.com/title/tt0097839/?ref_=sr_t_251,1989,1h 23m,R,6.8,1.6K
252. Tarzan Mama Mia,https://www.imdb.com/title/tt0098443/?ref_=sr_t_252,1989,1h 25m,,5.9,494
253. The Seventh Continent,https://www.imdb.com/title/tt0098327/?ref_=sr_t_253,1989,1h 48m,Not Rated,7.6,18K
254. Urotsukidoji: Legend of the Overfiend,https://www.imdb.com/title/tt0108461/?ref_=sr_t_254,1989,1h 48m,Not Rated,6.3,3.8K
255. Sleepaway Camp III: Teenage Wasteland,https://www.imdb.com/title/tt0096119/?ref_=sr_t_255,1989,1h 20m,R,5.0,9.8K
256. Cutting Class,https://www.imdb.com/title/tt0097136/?ref_=sr_t_256,1989,1h 31m,R,4.6,6.4K
257. Ghosts Can't Do It,https://www.imdb.com/title/tt0099656/?ref_=sr_t_257,1989,1h 35m,R,2.2,3K
258. Food of the Gods II,https://www.imdb.com/title/tt0097371/?ref_=sr_t_258,1989,1h 31m,R,4.1,1.5K
259. The French Revolution,https://www.imdb.com/title/tt0098238/?ref_=sr_t_259,1989,5h 35m,,7.6,2K
260. Apoorva Sagodharargal,https://www.imdb.com/title/tt0096827/?ref_=sr_t_260,1989,2h 37m,,8.3,4.7K
261. Slipstream,https://www.imdb.com/title/tt0098350/?ref_=sr_t_261,1989,1h 42m,PG-13,4.7,3.2K
262. Kindergarten,https://www.imdb.com/title/tt0304292/?ref_=sr_t_262,1989,1h 19m,TV-MA,4.7,172
263. Don't Let Them Shoot the Kite,https://www.imdb.com/title/tt0098573/?ref_=sr_t_263,1989,1h 25m,,8.2,7.6K
264. Savage Beach,https://www.imdb.com/title/tt0098257/?ref_=sr_t_264,1989,1h 32m,R,4.4,1.9K
265. The Return of the Musketeers,https://www.imdb.com/title/tt0098194/?ref_=sr_t_265,1989,1h 42m,PG,5.9,4K
266. Terminator II,https://www.imdb.com/title/tt0098321/?ref_=sr_t_266,1989,1h 30m,,4.3,2K
267. Ballet,https://www.imdb.com/title/tt0096522/?ref_=sr_t_267,1989,1h 41m,,5.9,875
268. Dr. Caligari,https://www.imdb.com/title/tt0097228/?ref_=sr_t_268,1989,1h 20m,R,6.0,1.7K
269. Princess Warrior,https://www.imdb.com/title/tt0098127/?ref_=sr_t_269,1989,1h 23m,R,2.6,276
270. My Nights Are More Beautiful Than Your Days,https://www.imdb.com/title/tt0097872/?ref_=sr_t_270,1989,1h 50m,,6.0,2.3K
271. Arena,https://www.imdb.com/title/tt0101366/?ref_=sr_t_271,1989,1h 55m,PG-13,5.3,3.2K
272. Mortal Passions,https://www.imdb.com/title/tt0100188/?ref_=sr_t_272,1989,1h 32m,R,4.4,541
273. Sundown: The Vampire in Retreat,https://www.imdb.com/title/tt0098412/?ref_=sr_t_273,1989,1h 44m,R,6.0,3.8K
274. Summer Job,https://www.imdb.com/title/tt0098411/?ref_=sr_t_274,1989,1h 32m,R,4.4,695
275. Lady Terminator,https://www.imdb.com/title/tt0095483/?ref_=sr_t_275,1989,1h 22m,R,5.5,2.1K
276. Witchery,https://www.imdb.com/title/tt0096453/?ref_=sr_t_276,1989,1h 35m,R,4.3,2.5K
277. Luther the Geek,https://www.imdb.com/title/tt0100079/?ref_=sr_t_277,1989,1h 20m,Not Rated,5.2,1.5K
278. Cat Chaser,https://www.imdb.com/title/tt0097028/?ref_=sr_t_278,1989,1h 30m,R,5.2,1.6K
279. Dans le ventre du dragon,https://www.imdb.com/title/tt0097153/?ref_=sr_t_279,1989,1h 40m,,6.2,290
280. Roller Blade Warriors: Taken by Force,https://www.imdb.com/title/tt0098216/?ref_=sr_t_280,1989,1h 21m,R,3.6,327
281. Jönssonligan på Mallorca,https://www.imdb.com/title/tt0097636/?ref_=sr_t_281,1989,1h 41m,,5.9,4.2K
282. Dr. Alien,https://www.imdb.com/title/tt0095060/?ref_=sr_t_282,1989,1h 30m,R,4.8,1.3K
283. Lauderdale,https://www.imdb.com/title/tt0097717/?ref_=sr_t_283,1989,1h 31m,R,3.9,485
284. Nightmare Beach,https://www.imdb.com/title/tt0095740/?ref_=sr_t_284,1989,1h 30m,R,5.4,3.2K
285. A City of Sadness,https://www.imdb.com/title/tt0096908/?ref_=sr_t_285,1989,2h 37m,,7.8,6.4K
286. Miracles: The Canton Godfather,https://www.imdb.com/title/tt0098019/?ref_=sr_t_286,1989,2h 19m,PG-13,6.9,5.7K
287. The Winter War,https://www.imdb.com/title/tt0098437/?ref_=sr_t_287,1989,3h 19m,,7.6,8.8K
288. Iced,https://www.imdb.com/title/tt0095350/?ref_=sr_t_288,1989,1h 26m,Unrated,4.3,796
289. Sinbad of the Seven Seas,https://www.imdb.com/title/tt0098333/?ref_=sr_t_289,1989,1h 33m,PG-13,4.3,1.9K
290. Violent Cop,https://www.imdb.com/title/tt0098360/?ref_=sr_t_290,1989,1h 43m,Not Rated,7.1,13K
291. Lover Boy,https://www.imdb.com/title/tt0123982/?ref_=sr_t_291,1989,58m,,5.8,230
292. Leningrad Cowboys Go America,https://www.imdb.com/title/tt0097728/?ref_=sr_t_292,1989,1h 19m,PG-13,7.0,8.8K
293. Maine Pyar Kiya,https://www.imdb.com/title/tt0100095/?ref_=sr_t_293,1989,3h 12m,Not Rated,7.3,13K
294. The Dead Pit,https://www.imdb.com/title/tt0122037/?ref_=sr_t_294,1989,1h 35m,R,5.3,3K
295. Visitor of a Museum,https://www.imdb.com/title/tt0173024/?ref_=sr_t_295,1989,2h 16m,,7.2,1.5K
296. Maya,https://www.imdb.com/title/tt0157981/?ref_=sr_t_296,1989,1h 40m,,4.7,554
297. The Unbelievable Truth,https://www.imdb.com/title/tt0100842/?ref_=sr_t_297,1989,1h 30m,R,7.2,6.5K
298. The Delinquents,https://www.imdb.com/title/tt0097182/?ref_=sr_t_298,1989,1h 41m,,5.7,1.1K
299. Snake Eater,https://www.imdb.com/title/tt0100645/?ref_=sr_t_299,1989,1h 34m,R,4.5,1.4K
"300. I, Madman",https://www.imdb.com/title/tt0097557/?ref_=sr_t_300,1989,1h 29m,R,5.9,3.9K
301. Vice Academy,https://www.imdb.com/title/tt0096379/?ref_=sr_t_301,1989,1h 30m,R,4.3,1K
302. Nudity Required,https://www.imdb.com/title/tt0102565/?ref_=sr_t_302,1989,1h 30m,R,4.0,192
303. Hitcher in the Dark,https://www.imdb.com/title/tt0098072/?ref_=sr_t_303,1989,1h 35m,R,5.0,1K
304. Laser Mission,https://www.imdb.com/title/tt0099978/?ref_=sr_t_304,1989,1h 24m,R,3.5,2.7K
305. Wicked Stepmother,https://www.imdb.com/title/tt0098649/?ref_=sr_t_305,1989,1h 30m,PG-13,4.0,2.4K
306. Murder Weapon,https://www.imdb.com/title/tt0100205/?ref_=sr_t_306,1989,1h 21m,,4.1,724
307. Lady Chatterley Story,https://www.imdb.com/title/tt0097704/?ref_=sr_t_307,1989,1h 27m,NC-17,4.3,220
308. Chandni,https://www.imdb.com/title/tt0097045/?ref_=sr_t_308,1989,3h 6m,PG,6.7,2.2K
309. Celia,https://www.imdb.com/title/tt0094849/?ref_=sr_t_309,1989,1h 43m,Not Rated,6.8,1.6K
310. Venus Wars,https://www.imdb.com/title/tt0135037/?ref_=sr_t_310,1989,1h 43m,Not Rated,6.6,2.1K
311. The Rose Garden,https://www.imdb.com/title/tt0098225/?ref_=sr_t_311,1989,1h 52m,PG-13,6.8,486
312. True Blood,https://www.imdb.com/title/tt0098525/?ref_=sr_t_312,1989,1h 40m,R,5.1,599
313. Patlabor: The Movie,https://www.imdb.com/title/tt0100339/?ref_=sr_t_313,1989,1h 40m,Unrated,7.0,5.8K
314. Nightwish,https://www.imdb.com/title/tt0097982/?ref_=sr_t_314,1989,1h 32m,R,4.8,1.4K
315. Moon Child,https://www.imdb.com/title/tt0097986/?ref_=sr_t_315,1989,1h 58m,,6.1,657
316. Interrogation,https://www.imdb.com/title/tt0084548/?ref_=sr_t_316,1989,1h 58m,TV-MA,7.9,3.8K
317. The Meeting Point,https://www.imdb.com/title/tt0122234/?ref_=sr_t_317,1989,1h 38m,,8.2,3.6K
318. Witchtrap,https://www.imdb.com/title/tt0098662/?ref_=sr_t_318,1989,1h 32m,R,4.6,1.4K
319. Willy the Sparrow,https://www.imdb.com/title/tt0098598/?ref_=sr_t_319,1989,1h 16m,Not Rated,7.3,1.3K
320. The House on Tombstone Hill,https://www.imdb.com/title/tt0101670/?ref_=sr_t_320,1989,1h 35m,Unrated,5.1,1.1K
321. Beyond the Stars,https://www.imdb.com/title/tt0096921/?ref_=sr_t_321,1989,1h 28m,PG,5.2,1.3K
322. Meet the Hollowheads,https://www.imdb.com/title/tt0095608/?ref_=sr_t_322,1989,1h 26m,PG-13,5.3,892
323. Hot Times at Montclair High,https://www.imdb.com/title/tt0097528/?ref_=sr_t_323,1989,1h 27m,R,3.6,360
324. Coming Out,https://www.imdb.com/title/tt0097095/?ref_=sr_t_324,1989,1h 53m,Unrated,7.0,1.9K
325. Phantom of the Mall: Eric's Revenge,https://www.imdb.com/title/tt0098089/?ref_=sr_t_325,1989,1h 31m,R,5.3,2.4K
326. God of Gamblers,https://www.imdb.com/title/tt0097244/?ref_=sr_t_326,1989,2h 6m,R,7.2,6.7K
327. Collision Course,https://www.imdb.com/title/tt0097081/?ref_=sr_t_327,1989,1h 40m,PG,4.7,1.8K
328. Howling V: The Rebirth,https://www.imdb.com/title/tt0097534/?ref_=sr_t_328,1989,1h 36m,R,4.3,3.1K
329. A Fool and His Money,https://www.imdb.com/title/tt0098185/?ref_=sr_t_329,1989,1h 24m,R,3.6,756
330. Buried Alive,https://www.imdb.com/title/tt0099187/?ref_=sr_t_330,1989,1h 31m,R,4.5,1.2K
331. Twisted Obsession,https://www.imdb.com/title/tt0098407/?ref_=sr_t_331,1989,1h 43m,R,5.3,1.5K
332. Big Man on Campus,https://www.imdb.com/title/tt0096925/?ref_=sr_t_332,1989,1h 45m,PG-13,6.0,1.7K
333. Baxter,https://www.imdb.com/title/tt0094713/?ref_=sr_t_333,1989,1h 22m,R,6.7,2.9K
334. Beyond the Door III,https://www.imdb.com/title/tt0096920/?ref_=sr_t_334,1989,1h 34m,R,5.2,1.6K
335. Lords of the Deep,https://www.imdb.com/title/tt0097781/?ref_=sr_t_335,1989,1h 17m,PG-13,2.7,1.4K
336. Ram Lakhan,https://www.imdb.com/title/tt0098168/?ref_=sr_t_336,1989,2h 54m,Not Rated,6.7,3K
337. Madame,https://www.imdb.com/title/tt0288036/?ref_=sr_t_337,1989,1h 42m,,7.7,1K
338. Transylvania Twist,https://www.imdb.com/title/tt0100811/?ref_=sr_t_338,1989,1h 30m,PG,5.3,717
339. Nostos: The Return,https://www.imdb.com/title/tt0100271/?ref_=sr_t_339,1989,1h 25m,,7.8,572
340. Homer and Eddie,https://www.imdb.com/title/tt0097521/?ref_=sr_t_340,1989,1h 40m,R,5.3,2.1K
341. Black Rainbow,https://www.imdb.com/title/tt0099143/?ref_=sr_t_341,1989,1h 43m,R,6.0,2.1K
342. Time to Kill,https://www.imdb.com/title/tt0100762/?ref_=sr_t_342,1989,1h 50m,R,5.1,1K
343. Sukkubus,https://www.imdb.com/title/tt0098410/?ref_=sr_t_343,1989,1h 20m,,6.0,445
344. C.H.U.D. II: Bud the Chud,https://www.imdb.com/title/tt0097001/?ref_=sr_t_344,1989,1h 24m,R,4.1,4.2K
345. The Journey to Melonia,https://www.imdb.com/title/tt0098189/?ref_=sr_t_345,1989,1h 44m,,7.3,1.5K
346. Getting Lucky,https://www.imdb.com/title/tt0099648/?ref_=sr_t_346,1989,1h 25m,,4.2,536
347. Pomeriggio caldo,https://www.imdb.com/title/tt0092520/?ref_=sr_t_347,1989,1h 33m,,3.8,264
348. Future Force,https://www.imdb.com/title/tt0099624/?ref_=sr_t_348,1989,1h 24m,R,3.3,1.2K
349. Killer Crocodile,https://www.imdb.com/title/tt0143338/?ref_=sr_t_349,1989,1h 30m,Not Rated,4.7,1.7K
350. Lady Reporter,https://www.imdb.com/title/tt0098316/?ref_=sr_t_350,1989,1h 30m,,6.0,653
351. Geethanjali,https://www.imdb.com/title/tt0097437/?ref_=sr_t_351,1989,2h 30m,,8.3,3K
352. Nangi Talwar,https://www.imdb.com/title/tt1289616/?ref_=sr_t_352,1989,,,4.0,7
353. Tridev,https://www.imdb.com/title/tt0100816/?ref_=sr_t_353,1989,2h 53m,,6.5,2.4K
354. Asterix and the Big Fight,https://www.imdb.com/title/tt0096842/?ref_=sr_t_354,1989,1h 21m,,6.4,9K
355. Dirty Love 2: The Love Games,https://www.imdb.com/title/tt0099434/?ref_=sr_t_355,1989,1h 28m,,4.6,134
356. Beware: Children at Play,https://www.imdb.com/title/tt0112492/?ref_=sr_t_356,1989,1h 34m,R,4.2,1.5K
357. Blood and Sand,https://www.imdb.com/title/tt0098251/?ref_=sr_t_357,1989,1h 53m,R,4.6,1.2K
358. Laurin,https://www.imdb.com/title/tt0097719/?ref_=sr_t_358,1989,1h 24m,,6.3,1K
359. Hard to Be a God,https://www.imdb.com/title/tt0097292/?ref_=sr_t_359,1989,1h 59m,,6.4,1.3K
360. Treasure Island. Captain Flint's Map,https://www.imdb.com/title/tt0122227/?ref_=sr_t_360,1989,1h 47m,G,8.1,4.6K
361. They Call Me Macho Woman!,https://www.imdb.com/title/tt0098467/?ref_=sr_t_361,1989,1h 21m,R,4.5,315
362. Francesco,https://www.imdb.com/title/tt0097383/?ref_=sr_t_362,1989,1h 59m,PG-13,6.2,1.8K
363. Toofan,https://www.imdb.com/title/tt0098491/?ref_=sr_t_363,1989,2h 54m,,5.1,1.1K
364. Alien from the Deep,https://www.imdb.com/title/tt0096785/?ref_=sr_t_364,1989,1h 31m,,4.2,877
365. Matinee,https://www.imdb.com/title/tt0095602/?ref_=sr_t_365,1989,1h 30m,Not Rated,4.1,283
366. Arabesque,https://www.imdb.com/title/tt0263065/?ref_=sr_t_366,1989,1h 32m,,8.0,8.6K
367. The Jigsaw Murders,https://www.imdb.com/title/tt0095400/?ref_=sr_t_367,1989,1h 38m,R,4.8,358
368. My Mom's a Werewolf,https://www.imdb.com/title/tt0097938/?ref_=sr_t_368,1989,1h 30m,PG,4.5,1.4K
369. The Dead Next Door,https://www.imdb.com/title/tt0094962/?ref_=sr_t_369,1989,1h 18m,Unrated,5.0,3.5K
370. Alien Private Eye,https://www.imdb.com/title/tt0092531/?ref_=sr_t_370,1989,1h 35m,,4.2,432
371. Wizards of the Lost Kingdom II,https://www.imdb.com/title/tt0090334/?ref_=sr_t_371,1989,1h 20m,PG,2.1,1.2K
372. Black Rain,https://www.imdb.com/title/tt0097694/?ref_=sr_t_372,1989,2h 3m,Not Rated,7.8,4.1K
373. Girlfriend from Hell,https://www.imdb.com/title/tt0099664/?ref_=sr_t_373,1989,1h 32m,R,5.1,1K
374. The Banker,https://www.imdb.com/title/tt0096889/?ref_=sr_t_374,1989,1h 36m,R,5.0,802
375. In the Line of Duty IV,https://www.imdb.com/title/tt0097539/?ref_=sr_t_375,1989,1h 34m,R,7.1,1.9K
376. Sweet Home,https://www.imdb.com/title/tt0141861/?ref_=sr_t_376,1989,1h 40m,Not Rated,6.5,1.2K
377. War Requiem,https://www.imdb.com/title/tt0096416/?ref_=sr_t_377,1989,1h 32m,Not Rated,6.6,967
378. Cold Feet,https://www.imdb.com/title/tt0097076/?ref_=sr_t_378,1989,1h 34m,R,4.8,477
379. Dance of the Damned,https://www.imdb.com/title/tt0094942/?ref_=sr_t_379,1989,1h 22m,R,5.3,600
380. Konec starych casu,https://www.imdb.com/title/tt0097681/?ref_=sr_t_380,1989,1h 37m,,7.0,458
381. The Misadventures of Mr. Wilt,https://www.imdb.com/title/tt0097891/?ref_=sr_t_381,1989,1h 32m,R,6.1,1.2K
382. Fainaru faito - Saigo no ichigeki,https://www.imdb.com/title/tt0140859/?ref_=sr_t_382,1989,1h 36m,Not Rated,4.6,672
383. Escape,https://www.imdb.com/title/tt0099517/?ref_=sr_t_383,1990,1h 28m,,4.2,128
384. Hellgate,https://www.imdb.com/title/tt0097498/?ref_=sr_t_384,1989,1h 31m,R,3.7,1.8K
385. Curse II: The Bite,https://www.imdb.com/title/tt0094929/?ref_=sr_t_385,1989,1h 38m,R,4.8,1.6K
386. Fast Food,https://www.imdb.com/title/tt0097335/?ref_=sr_t_386,1989,1h 32m,PG-13,4.2,822
"387. Amanece, que no es poco",https://www.imdb.com/title/tt0094641/?ref_=sr_t_387,1989,1h 50m,,7.4,4.4K
388. Edge of Sanity,https://www.imdb.com/title/tt0097263/?ref_=sr_t_388,1989,1h 30m,R,5.3,1.9K
389. The Battle of Kosovo,https://www.imdb.com/title/tt0096966/?ref_=sr_t_389,1989,1h 57m,,7.6,2.9K
390. The Cello Teacher,https://www.imdb.com/title/tt0092505/?ref_=sr_t_390,1989,1h 35m,,4.5,92
391. The Inspector Wears Skirts II,https://www.imdb.com/title/tt0098312/?ref_=sr_t_391,1989,1h 36m,,5.4,243
392. Depeche Mode: 101,https://www.imdb.com/title/tt0094590/?ref_=sr_t_392,1989,2h,R,8.0,2.2K
393. Hell's Trap,https://www.imdb.com/title/tt0098505/?ref_=sr_t_393,1989,1h 30m,Unrated,5.5,408
394. The Favorite,https://www.imdb.com/title/tt0097341/?ref_=sr_t_394,1989,1h 44m,R,4.5,345
395. Beverly Hills Vamp,https://www.imdb.com/title/tt0094734/?ref_=sr_t_395,1989,1h 28m,R,4.1,788
396. Silk 2,https://www.imdb.com/title/tt0098332/?ref_=sr_t_396,1989,1h 25m,R,4.4,262
397. Tongues Untied,https://www.imdb.com/title/tt0103099/?ref_=sr_t_397,1989,55m,Not Rated,7.1,1.9K
398. Mack the Knife,https://www.imdb.com/title/tt0097800/?ref_=sr_t_398,1989,2h,PG-13,5.5,420
399. Nightmare in Venice,https://www.imdb.com/title/tt0096759/?ref_=sr_t_399,1989,1h 25m,,5.1,66
400. A Better Tomorrow III: Love and Death in Saigon,https://www.imdb.com/title/tt0098691/?ref_=sr_t_400,1989,1h 45m,R,5.9,3.8K
401. Eversmile New Jersey,https://www.imdb.com/title/tt0097302/?ref_=sr_t_401,1989,1h 31m,PG,5.4,904
402. Oznamuje se láskám vasim,https://www.imdb.com/title/tt0095808/?ref_=sr_t_402,1989,1h 33m,,6.9,157
403. Think Big,https://www.imdb.com/title/tt0100772/?ref_=sr_t_403,1989,1h 26m,PG-13,4.6,823
404. Chopper Chicks in Zombietown,https://www.imdb.com/title/tt0103959/?ref_=sr_t_404,1989,1h 26m,R,4.1,2.1K
405. River of Death,https://www.imdb.com/title/tt0098205/?ref_=sr_t_405,1989,1h 41m,R,4.5,1.6K
406. Psycho Cop,https://www.imdb.com/title/tt0095922/?ref_=sr_t_406,1989,1h 27m,R,4.4,1.5K
407. Gwang tin lung fo wooi,https://www.imdb.com/title/tt0097524/?ref_=sr_t_407,1989,1h 44m,R,4.7,432
408. I Want to Go Home,https://www.imdb.com/title/tt0097555/?ref_=sr_t_408,1989,1h 40m,,5.4,834
409. The Iceman Cometh,https://www.imdb.com/title/tt0097618/?ref_=sr_t_409,1989,1h 54m,,6.6,1.2K
410. Zatoichi,https://www.imdb.com/title/tt0202152/?ref_=sr_t_410,1989,1h 56m,Not Rated,7.0,1.9K
411. Vampire vs. Vampire,https://www.imdb.com/title/tt0098690/?ref_=sr_t_411,1989,1h 28m,,6.1,614
412. Stripped to Kill 2: Live Girls,https://www.imdb.com/title/tt0098399/?ref_=sr_t_412,1989,1h 25m,R,4.0,399
413. En un motel nadie duerme,https://www.imdb.com/title/tt0380347/?ref_=sr_t_413,1989,1h 30m,,4.4,51
414. Vacation of Terror,https://www.imdb.com/title/tt0320708/?ref_=sr_t_414,1989,1h 21m,Not Rated,5.2,679
415. Kiss Me,https://www.imdb.com/title/tt0166178/?ref_=sr_t_415,1989,1h 35m,,6.5,84
416. The Fall of Rock & Roll,https://www.imdb.com/title/tt0158610/?ref_=sr_t_416,1989,1h 46m,,8.0,3.6K
417. Rush Week,https://www.imdb.com/title/tt0098235/?ref_=sr_t_417,1989,1h 36m,R,5.0,863
418. The House of Usher,https://www.imdb.com/title/tt0095332/?ref_=sr_t_418,1989,1h 32m,R,4.5,864
419. After Death,https://www.imdb.com/title/tt0094620/?ref_=sr_t_419,1989,1h 24m,Unrated,4.2,3K
420. Sonny Boy,https://www.imdb.com/title/tt0100661/?ref_=sr_t_420,1989,1h 36m,R,5.7,1K
421. Night Life,https://www.imdb.com/title/tt0097972/?ref_=sr_t_421,1989,1h 29m,R,5.6,943
422. Easy Wheels,https://www.imdb.com/title/tt0097260/?ref_=sr_t_422,1989,1h 34m,R,4.2,406
423. Khoj,https://www.imdb.com/title/tt0261001/?ref_=sr_t_423,1989,1h 53m,Not Rated,6.8,362
424. Bedroom Eyes II,https://www.imdb.com/title/tt0099113/?ref_=sr_t_424,1989,1h 25m,R,3.8,309
425. Gunhed,https://www.imdb.com/title/tt0097410/?ref_=sr_t_425,1989,1h 40m,TV-14,5.3,1.1K
426. Penn & Teller Get Killed,https://www.imdb.com/title/tt0098073/?ref_=sr_t_426,1989,1h 29m,R,5.7,2.1K
427. The Forgotten One,https://www.imdb.com/title/tt0099601/?ref_=sr_t_427,1989,1h 40m,R,5.5,485
428. Chaalbaaz,https://www.imdb.com/title/tt0122427/?ref_=sr_t_428,1989,2h 35m,,6.8,1.9K
429. Mindfield,https://www.imdb.com/title/tt0097886/?ref_=sr_t_429,1989,1h 32m,R,4.9,451
430. Sexbomb,https://www.imdb.com/title/tt0244786/?ref_=sr_t_430,1989,1h 26m,,5.1,211
431. American Rickshaw,https://www.imdb.com/title/tt0096806/?ref_=sr_t_431,1989,1h 33m,R,5.1,695
432. Bang! I Want You,https://www.imdb.com/title/tt6639992/?ref_=sr_t_432,1989,1h 20m,,5.0,25
433. Action U.S.A.,https://www.imdb.com/title/tt0096757/?ref_=sr_t_433,1989,1h 37m,TV-14,6.0,968
434. Nobody's Perfect,https://www.imdb.com/title/tt0097994/?ref_=sr_t_434,1989,1h 30m,PG-13,5.5,731
435. Young Rebels,https://www.imdb.com/title/tt2394099/?ref_=sr_t_435,1989,1h 33m,Not Rated,4.4,381
436. The Vineyard,https://www.imdb.com/title/tt0098600/?ref_=sr_t_436,1989,1h 35m,R,4.7,1.1K
437. Miao tan shuang long,https://www.imdb.com/title/tt0099614/?ref_=sr_t_437,1989,1h 40m,Unrated,5.2,362
438. Witch Story,https://www.imdb.com/title/tt0098397/?ref_=sr_t_438,1989,1h 36m,Not Rated,4.9,414
439. Hider in the House,https://www.imdb.com/title/tt0097503/?ref_=sr_t_439,1989,1h 48m,R,5.9,2K
440. The 15 Year Old Girl,https://www.imdb.com/title/tt0097353/?ref_=sr_t_440,1989,1h 26m,,6.0,431
441. Street of No Return,https://www.imdb.com/title/tt0098396/?ref_=sr_t_441,1989,1h 33m,,5.6,621
442. Dragon Fight,https://www.imdb.com/title/tt0095542/?ref_=sr_t_442,1989,1h 36m,,5.9,1.1K
443. The Iron Triangle,https://www.imdb.com/title/tt0097593/?ref_=sr_t_443,1989,1h 31m,R,5.8,559
444. My Heart Is That Eternal Rose,https://www.imdb.com/title/tt0093944/?ref_=sr_t_444,1989,1h 30m,,7.0,735
445. Casablanca Express,https://www.imdb.com/title/tt0094843/?ref_=sr_t_445,1989,1h 25m,Not Rated,4.1,632
446. Kireedam,https://www.imdb.com/title/tt0237376/?ref_=sr_t_446,1989,2h 4m,Not Rated,8.9,9K
447. Lady Emanuelle,https://www.imdb.com/title/tt0097705/?ref_=sr_t_447,1989,1h 34m,,4.7,117
448. Witchcraft II: The Temptress,https://www.imdb.com/title/tt0100943/?ref_=sr_t_448,1989,1h 28m,R,3.4,598
449. Malayathi Pennu,https://www.imdb.com/title/tt0353701/?ref_=sr_t_449,1989,,,6.1,8
450. Cruising Bar,https://www.imdb.com/title/tt0097131/?ref_=sr_t_450,1989,1h 36m,R,6.6,1.2K
451. She's Back,https://www.imdb.com/title/tt0098306/?ref_=sr_t_451,1989,1h 29m,R,3.4,186
452. Season of Fear,https://www.imdb.com/title/tt0094643/?ref_=sr_t_452,1989,1h 29m,R,4.4,250
453. The Black Cat,https://www.imdb.com/title/tt0096932/?ref_=sr_t_453,1989,1h 29m,R,4.9,857
454. Batwara,https://www.imdb.com/title/tt0096896/?ref_=sr_t_454,1989,3h 21m,,6.3,282
455. Chasing Dreams,https://www.imdb.com/title/tt0083731/?ref_=sr_t_455,1989,1h 34m,PG,3.2,308
456. Satan's Princess,https://www.imdb.com/title/tt0100550/?ref_=sr_t_456,1989,1h 30m,R,4.0,425
457. Silence Like Glass,https://www.imdb.com/title/tt0098721/?ref_=sr_t_457,1989,1h 42m,R,6.6,415
458. Memories of a Marriage,https://www.imdb.com/title/tt0097155/?ref_=sr_t_458,1989,1h 30m,,7.1,792
459. Nache Nagin Gali Gali,https://www.imdb.com/title/tt0424298/?ref_=sr_t_459,1989,2h 11m,,5.5,51
460. Warm Summer Rain,https://www.imdb.com/title/tt0098623/?ref_=sr_t_460,1989,1h 22m,R,4.9,513
461. Homework,https://www.imdb.com/title/tt0097843/?ref_=sr_t_461,1989,1h 26m,,7.8,2.1K
462. Grave Robbers,https://www.imdb.com/title/tt0282672/?ref_=sr_t_462,1989,1h 28m,Not Rated,6.1,1.2K
463. Return from the River Kwai,https://www.imdb.com/title/tt0095985/?ref_=sr_t_463,1989,1h 41m,PG-13,4.9,1.1K
464. Tres lancheros muy picudos,https://www.imdb.com/title/tt0338683/?ref_=sr_t_464,1989,1h 45m,,6.2,233
465. Utharam,https://www.imdb.com/title/tt0253873/?ref_=sr_t_465,1989,,,8.0,730
466. Ghost Writer,https://www.imdb.com/title/tt0097427/?ref_=sr_t_466,1989,1h 34m,PG,4.9,349
467. A Soldier's Tale,https://www.imdb.com/title/tt0096131/?ref_=sr_t_467,1989,1h 36m,R,5.9,293
468. Evenings,https://www.imdb.com/title/tt0096862/?ref_=sr_t_468,1989,2h 2m,,6.7,585
469. 1939,https://www.imdb.com/title/tt0096737/?ref_=sr_t_469,1989,3h 13m,,6.1,991
470. The Evil Below,https://www.imdb.com/title/tt0097306/?ref_=sr_t_470,1989,1h 32m,R,3.3,378
471. Beyond Dream's Door,https://www.imdb.com/title/tt0096919/?ref_=sr_t_471,1989,1h 20m,Not Rated,5.5,944
472. Roadkill,https://www.imdb.com/title/tt0098209/?ref_=sr_t_472,1989,1h 25m,,6.7,761
473. Codename Coq Rouge,https://www.imdb.com/title/tt0098544/?ref_=sr_t_473,1989,1h 30m,,5.7,1.3K
474. Che ora è?,https://www.imdb.com/title/tt0097051/?ref_=sr_t_474,1989,1h 37m,,7.3,1.4K
475. Atmavishwas,https://www.imdb.com/title/tt0267280/?ref_=sr_t_475,1989,,,8.7,64
476. The Masque of the Red Death,https://www.imdb.com/title/tt0179334/?ref_=sr_t_476,1989,1h 33m,R,4.0,440
477. The Chilling,https://www.imdb.com/title/tt0097059/?ref_=sr_t_477,1989,1h 30m,R,3.7,694
478. Deadly Weapon,https://www.imdb.com/title/tt0097171/?ref_=sr_t_478,1989,1h 29m,PG-13,4.5,337
479. Marrakech Express,https://www.imdb.com/title/tt0097841/?ref_=sr_t_479,1989,1h 50m,,7.3,2.5K
480. Diva Futura - L'avventura dell'amore,https://www.imdb.com/title/tt0097212/?ref_=sr_t_480,1989,1h 25m,,5.2,112
481. Fortress of Amerikkka,https://www.imdb.com/title/tt0097380/?ref_=sr_t_481,1989,1h 40m,R,4.2,421
482. Blue Angel Cafe,https://www.imdb.com/title/tt0096958/?ref_=sr_t_482,1989,1h 29m,R,4.7,172
483. Nigahen: Nagina Part II,https://www.imdb.com/title/tt0187351/?ref_=sr_t_483,1989,2h 20m,Not Rated,5.1,428
484. Eeshwar,https://www.imdb.com/title/tt0097264/?ref_=sr_t_484,1989,2h 27m,,7.3,538
485. Splendor,https://www.imdb.com/title/tt0096160/?ref_=sr_t_485,1989,1h 55m,,7.1,1.1K
486. Slash Dance,https://www.imdb.com/title/tt0210988/?ref_=sr_t_486,1989,1h 23m,,3.0,321
487. Vardi,https://www.imdb.com/title/tt0100857/?ref_=sr_t_487,1989,2h 41m,,4.5,262
488. Forever Mary,https://www.imdb.com/title/tt0097870/?ref_=sr_t_488,1989,1h 42m,,7.3,1.3K
489. Suryaa: An Awakening,https://www.imdb.com/title/tt0360051/?ref_=sr_t_489,1989,2h 30m,,6.5,59
490. The Gunrunner,https://www.imdb.com/title/tt0087374/?ref_=sr_t_490,1989,1h 32m,R,3.9,754
491. Trapper County War,https://www.imdb.com/title/tt0098508/?ref_=sr_t_491,1989,1h 38m,R,5.2,237
492. Trained to Kill,https://www.imdb.com/title/tt0129438/?ref_=sr_t_492,1989,1h 34m,R,5.0,171
493. L.A. Bounty,https://www.imdb.com/title/tt0097698/?ref_=sr_t_493,1989,1h 25m,R,4.8,482
494. 84C MoPic,https://www.imdb.com/title/tt0096744/?ref_=sr_t_494,1989,1h 35m,R,6.8,2.1K
"495. Wait Until Spring, Bandini",https://www.imdb.com/title/tt0098615/?ref_=sr_t_495,1989,1h 40m,PG,6.3,759
496. Interzone,https://www.imdb.com/title/tt0093268/?ref_=sr_t_496,1989,1h 37m,R,3.9,468
497. Un macho en el reformatorio de señoritas,https://www.imdb.com/title/tt0319777/?ref_=sr_t_497,1989,1h 30m,,5.6,78
498. Vaishali,https://www.imdb.com/title/tt0156160/?ref_=sr_t_498,1989,2h 13m,,7.9,450
499. The Laughing Dead,https://www.imdb.com/title/tt0097718/?ref_=sr_t_499,1989,1h 32m,Not Rated,4.5,718
500. Khel Jawani Ka,https://www.imdb.com/title/tt3628860/?ref_=sr_t_500,1989,,,8.2,20
