Title,Movie Link,Year,Duration,MPA,Rating,Votes
1. Top Gun,https://www.imdb.com/title/tt0092099/?ref_=sr_t_1,1986,1h 49m,PG,6.9,518K
2. Crocodile Dundee,https://www.imdb.com/title/tt0090555/?ref_=sr_t_2,1986,1h 37m,PG-13,6.6,119K
3. Platoon,https://www.imdb.com/title/tt0091763/?ref_=sr_t_3,1986,2h,R,8.1,449K
4. The Karate Kid Part II,https://www.imdb.com/title/tt0091326/?ref_=sr_t_4,1986,1h 53m,PG,6.1,102K
5. Star Trek IV: The Voyage Home,https://www.imdb.com/title/tt0092007/?ref_=sr_t_5,1986,1h 59m,PG,7.3,93K
6. Back to School,https://www.imdb.com/title/tt0090685/?ref_=sr_t_6,1986,1h 36m,PG-13,6.7,37K
7. Aliens,https://www.imdb.com/title/tt0090605/?ref_=sr_t_7,1986,2h 17m,R,8.4,797K
8. The Golden Child,https://www.imdb.com/title/tt0091129/?ref_=sr_t_8,1986,1h 34m,PG-13,6.0,61K
9. Ruthless People,https://www.imdb.com/title/tt0091877/?ref_=sr_t_9,1986,1h 33m,R,6.9,31K
10. Ferris Bueller's Day Off,https://www.imdb.com/title/tt0091042/?ref_=sr_t_10,1986,1h 43m,PG-13,7.8,398K
11. Down and Out in Beverly Hills,https://www.imdb.com/title/tt0090966/?ref_=sr_t_11,1986,1h 43m,R,6.2,21K
12. The Color of Money,https://www.imdb.com/title/tt0090863/?ref_=sr_t_12,1986,1h 59m,R,7.0,96K
13. Stand by Me,https://www.imdb.com/title/tt0092005/?ref_=sr_t_13,1986,1h 29m,R,8.1,456K
14. Legal Eagles,https://www.imdb.com/title/tt0091396/?ref_=sr_t_14,1986,1h 56m,PG,6.0,13K
15. Cobra,https://www.imdb.com/title/tt0090859/?ref_=sr_t_15,1986,1h 27m,R,5.8,82K
16. An American Tail,https://www.imdb.com/title/tt0090633/?ref_=sr_t_16,1986,1h 20m,G,6.9,59K
17. Police Academy 3: Back in Training,https://www.imdb.com/title/tt0091777/?ref_=sr_t_17,1986,1h 23m,PG,5.4,50K
18. Heartbreak Ridge,https://www.imdb.com/title/tt0091187/?ref_=sr_t_18,1986,2h 10m,R,6.8,50K
19. Peggy Sue Got Married,https://www.imdb.com/title/tt0091738/?ref_=sr_t_19,1986,1h 43m,PG-13,6.4,42K
20. Poltergeist II: The Other Side,https://www.imdb.com/title/tt0091778/?ref_=sr_t_20,1986,1h 31m,PG-13,5.7,31K
21. Short Circuit,https://www.imdb.com/title/tt0091949/?ref_=sr_t_21,1986,1h 38m,PG,6.6,68K
22. Pretty in Pink,https://www.imdb.com/title/tt0091790/?ref_=sr_t_22,1986,1h 37m,PG-13,6.7,91K
23. The Fly,https://www.imdb.com/title/tt0091064/?ref_=sr_t_23,1986,1h 36m,R,7.6,211K
24. Hannah and Her Sisters,https://www.imdb.com/title/tt0091167/?ref_=sr_t_24,1986,1h 47m,PG-13,7.8,78K
25. Three Amigos!,https://www.imdb.com/title/tt0092086/?ref_=sr_t_25,1986,1h 44m,PG,6.5,87K
26. Little Shop of Horrors,https://www.imdb.com/title/tt0091419/?ref_=sr_t_26,1986,1h 34m,PG-13,7.1,89K
27. About Last Night,https://www.imdb.com/title/tt0090583/?ref_=sr_t_27,1986,1h 53m,R,6.3,18K
28. The Great Mouse Detective,https://www.imdb.com/title/tt0091149/?ref_=sr_t_28,1986,1h 14m,G,7.1,56K
29. Running Scared,https://www.imdb.com/title/tt0091875/?ref_=sr_t_29,1986,1h 47m,R,6.5,16K
30. The Money Pit,https://www.imdb.com/title/tt0091541/?ref_=sr_t_30,1986,1h 31m,PG,6.4,64K
31. Gung Ho,https://www.imdb.com/title/tt0091159/?ref_=sr_t_31,1986,1h 51m,PG-13,6.3,14K
32. Nothing in Common,https://www.imdb.com/title/tt0091653/?ref_=sr_t_32,1986,1h 58m,PG,5.9,8.2K
33. Children of a Lesser God,https://www.imdb.com/title/tt0090830/?ref_=sr_t_33,1986,1h 59m,R,7.2,19K
34. Jumpin' Jack Flash,https://www.imdb.com/title/tt0091306/?ref_=sr_t_34,1986,1h 45m,R,5.9,21K
35. Hoosiers,https://www.imdb.com/title/tt0091217/?ref_=sr_t_35,1986,1h 54m,PG,7.4,52K
36. Soul Man,https://www.imdb.com/title/tt0091991/?ref_=sr_t_36,1986,1h 44m,PG-13,5.3,9.3K
37. Wildcats,https://www.imdb.com/title/tt0092214/?ref_=sr_t_37,1986,1h 46m,R,6.1,15K
38. Heartburn,https://www.imdb.com/title/tt0091188/?ref_=sr_t_38,1986,1h 48m,R,6.1,13K
39. The Morning After,https://www.imdb.com/title/tt0091554/?ref_=sr_t_39,1986,1h 43m,R,5.9,7.6K
40. Iron Eagle,https://www.imdb.com/title/tt0091278/?ref_=sr_t_40,1986,1h 57m,PG-13,5.5,16K
41. Crimes of the Heart,https://www.imdb.com/title/tt0090886/?ref_=sr_t_41,1986,1h 45m,PG-13,6.3,4.6K
42. Tough Guys,https://www.imdb.com/title/tt0092105/?ref_=sr_t_42,1986,1h 44m,PG,6.2,8K
43. F/X,https://www.imdb.com/title/tt0089118/?ref_=sr_t_43,1986,1h 49m,R,6.7,23K
44. Friday the 13th Part VI: Jason Lives,https://www.imdb.com/title/tt0091080/?ref_=sr_t_44,1986,1h 26m,R,6.0,54K
45. Flight of the Navigator,https://www.imdb.com/title/tt0091059/?ref_=sr_t_45,1986,1h 30m,PG,6.9,53K
"46. Jo Jo Dancer, Your Life Is Calling",https://www.imdb.com/title/tt0091295/?ref_=sr_t_46,1986,1h 37m,R,6.3,2.1K
47. The Delta Force,https://www.imdb.com/title/tt0090927/?ref_=sr_t_47,1986,2h 5m,R,5.6,23K
48. The Big Easy,https://www.imdb.com/title/tt0092654/?ref_=sr_t_48,1986,1h 42m,R,6.5,14K
49. The Mission,https://www.imdb.com/title/tt0091530/?ref_=sr_t_49,1986,2h 5m,PG,7.4,67K
50. Howard the Duck,https://www.imdb.com/title/tt0091225/?ref_=sr_t_50,1986,1h 50m,PG,4.7,52K
51. Raw Deal,https://www.imdb.com/title/tt0091828/?ref_=sr_t_51,1986,1h 46m,R,5.6,39K
52. Armed and Dangerous,https://www.imdb.com/title/tt0090660/?ref_=sr_t_52,1986,1h 28m,PG-13,5.7,13K
53. Youngblood,https://www.imdb.com/title/tt0092272/?ref_=sr_t_53,1986,1h 50m,R,6.2,16K
54. Psycho III,https://www.imdb.com/title/tt0091799/?ref_=sr_t_54,1986,1h 33m,R,5.5,17K
55. The Mosquito Coast,https://www.imdb.com/title/tt0091557/?ref_=sr_t_55,1986,1h 57m,PG,6.6,32K
56. Sweet Liberty,https://www.imdb.com/title/tt0092035/?ref_=sr_t_56,1986,1h 46m,PG,5.8,3.1K
57. Labyrinth,https://www.imdb.com/title/tt0091369/?ref_=sr_t_57,1986,1h 41m,PG,7.3,155K
58. One Crazy Summer,https://www.imdb.com/title/tt0091680/?ref_=sr_t_58,1986,1h 33m,PG,6.4,17K
59. Extremities,https://www.imdb.com/title/tt0091024/?ref_=sr_t_59,1986,1h 29m,R,6.3,4.4K
60. The Adventures of Milo and Otis,https://www.imdb.com/title/tt0097050/?ref_=sr_t_60,1986,1h 16m,G,6.9,13K
61. Critters,https://www.imdb.com/title/tt0090887/?ref_=sr_t_61,1986,1h 26m,PG-13,6.1,41K
62. April Fool's Day,https://www.imdb.com/title/tt0090655/?ref_=sr_t_62,1986,1h 29m,R,6.1,19K
63. Club Paradise,https://www.imdb.com/title/tt0090856/?ref_=sr_t_63,1986,1h 36m,PG-13,5.1,7.1K
64. No Mercy,https://www.imdb.com/title/tt0091637/?ref_=sr_t_64,1986,1h 46m,R,5.7,8.8K
65. Brighton Beach Memoirs,https://www.imdb.com/title/tt0090774/?ref_=sr_t_65,1986,1h 48m,PG-13,6.8,3.9K
66. Firewalker,https://www.imdb.com/title/tt0091055/?ref_=sr_t_66,1986,1h 45m,PG,5.1,8.1K
67. Big Trouble in Little China,https://www.imdb.com/title/tt0090728/?ref_=sr_t_67,1986,1h 39m,PG-13,7.2,158K
68. Under the Cherry Moon,https://www.imdb.com/title/tt0092133/?ref_=sr_t_68,1986,1h 40m,PG-13,5.0,3.9K
69. Murphy's Law,https://www.imdb.com/title/tt0091575/?ref_=sr_t_69,1986,1h 40m,R,5.9,6.8K
70. SpaceCamp,https://www.imdb.com/title/tt0091993/?ref_=sr_t_70,1986,1h 47m,PG,5.7,16K
71. Deadly Friend,https://www.imdb.com/title/tt0090917/?ref_=sr_t_71,1986,1h 31m,R,5.6,9K
72. Manhunter,https://www.imdb.com/title/tt0091474/?ref_=sr_t_72,1986,2h,R,7.2,85K
73. Blue Velvet,https://www.imdb.com/title/tt0090756/?ref_=sr_t_73,1986,2h,R,7.7,222K
74. Care Bears Movie II: A New Generation,https://www.imdb.com/title/tt0090799/?ref_=sr_t_74,1986,1h 16m,G,5.5,2.6K
75. Wise Guys,https://www.imdb.com/title/tt0092226/?ref_=sr_t_75,1986,1h 40m,R,5.6,6.5K
76. Something Wild,https://www.imdb.com/title/tt0091983/?ref_=sr_t_76,1986,1h 54m,R,6.9,22K
77. Lucas,https://www.imdb.com/title/tt0091445/?ref_=sr_t_77,1986,1h 40m,PG-13,6.9,18K
78. Haunted Honeymoon,https://www.imdb.com/title/tt0091178/?ref_=sr_t_78,1986,1h 22m,PG,5.6,8.3K
79. The Texas Chainsaw Massacre 2,https://www.imdb.com/title/tt0092076/?ref_=sr_t_79,1986,1h 41m,Unrated,5.6,40K
80. The Best of Times,https://www.imdb.com/title/tt0090713/?ref_=sr_t_80,1986,1h 44m,PG-13,6.0,8.5K
81. Quicksilver,https://www.imdb.com/title/tt0091814/?ref_=sr_t_81,1986,1h 45m,PG,5.7,5.5K
82. Wanted: Dead or Alive,https://www.imdb.com/title/tt0094293/?ref_=sr_t_82,1986,1h 46m,R,5.9,6.3K
83. Maximum Overdrive,https://www.imdb.com/title/tt0091499/?ref_=sr_t_83,1986,1h 38m,R,5.4,37K
84. Witchboard,https://www.imdb.com/title/tt0090327/?ref_=sr_t_84,1986,1h 38m,R,5.7,8.7K
85. The Boy Who Could Fly,https://www.imdb.com/title/tt0090768/?ref_=sr_t_85,1986,1h 54m,PG,6.6,6.8K
86. The Name of the Rose,https://www.imdb.com/title/tt0091605/?ref_=sr_t_86,1986,2h 10m,R,7.7,121K
87. She's Gotta Have It,https://www.imdb.com/title/tt0091939/?ref_=sr_t_87,1986,1h 24m,R,6.8,17K
88. Blue City,https://www.imdb.com/title/tt0090753/?ref_=sr_t_88,1986,1h 23m,R,4.4,1.5K
89. Trick or Treat,https://www.imdb.com/title/tt0092112/?ref_=sr_t_89,1986,1h 38m,R,5.9,8.4K
90. 9½ Weeks,https://www.imdb.com/title/tt0091635/?ref_=sr_t_90,1986,1h 57m,R,5.9,45K
91. Black Moon Rising,https://www.imdb.com/title/tt0090735/?ref_=sr_t_91,1986,1h 40m,R,5.5,6.9K
92. Just Between Friends,https://www.imdb.com/title/tt0091310/?ref_=sr_t_92,1986,1h 50m,PG-13,5.9,1.1K
93. A Fine Mess,https://www.imdb.com/title/tt0091051/?ref_=sr_t_93,1986,1h 30m,PG,4.7,1.7K
94. My Little Pony: The Movie,https://www.imdb.com/title/tt0091584/?ref_=sr_t_94,1986,1h 26m,G,5.9,2.9K
95. Highlander,https://www.imdb.com/title/tt0091203/?ref_=sr_t_95,1986,1h 56m,R,7.0,151K
96. The Transformers: The Movie,https://www.imdb.com/title/tt0092106/?ref_=sr_t_96,1986,1h 24m,PG,7.2,43K
97. The Hitcher,https://www.imdb.com/title/tt0091209/?ref_=sr_t_97,1986,1h 37m,R,7.2,55K
98. Crossroads,https://www.imdb.com/title/tt0090888/?ref_=sr_t_98,1986,1h 39m,R,7.1,18K
99. Mona Lisa,https://www.imdb.com/title/tt0091538/?ref_=sr_t_99,1986,1h 44m,R,7.3,19K
100. Wisdom,https://www.imdb.com/title/tt0092225/?ref_=sr_t_100,1986,1h 49m,R,5.7,3.7K
101. Troll,https://www.imdb.com/title/tt0092115/?ref_=sr_t_101,1986,1h 22m,PG-13,4.6,12K
102. 52 Pick-Up,https://www.imdb.com/title/tt0090567/?ref_=sr_t_102,1986,1h 50m,R,6.4,7.3K
103. Out of Bounds,https://www.imdb.com/title/tt0091706/?ref_=sr_t_103,1986,1h 33m,R,5.4,2.2K
104. Vamp,https://www.imdb.com/title/tt0092147/?ref_=sr_t_104,1986,1h 33m,R,5.9,7.5K
105. Jean de Florette,https://www.imdb.com/title/tt0091288/?ref_=sr_t_105,1986,2h,PG,8.1,28K
106. Invaders from Mars,https://www.imdb.com/title/tt0091276/?ref_=sr_t_106,1986,1h 40m,PG,5.5,11K
107. Band of the Hand,https://www.imdb.com/title/tt0090693/?ref_=sr_t_107,1986,1h 49m,R,6.2,3.3K
108. American Anthem,https://www.imdb.com/title/tt0090631/?ref_=sr_t_108,1986,1h 42m,PG-13,4.9,1.8K
109. Off Beat,https://www.imdb.com/title/tt0091668/?ref_=sr_t_109,1986,1h 32m,PG,5.1,1.1K
110. My Chauffeur,https://www.imdb.com/title/tt0091579/?ref_=sr_t_110,1986,1h 37m,R,5.5,2.2K
111. Violets Are Blue...,https://www.imdb.com/title/tt0092173/?ref_=sr_t_111,1986,1h 28m,PG-13,5.8,1.2K
112. King Kong Lives,https://www.imdb.com/title/tt0091344/?ref_=sr_t_112,1986,1h 45m,PG-13,4.0,7.1K
113. Avenging Force,https://www.imdb.com/title/tt0090678/?ref_=sr_t_113,1986,1h 44m,R,5.8,3.5K
114. Fire with Fire,https://www.imdb.com/title/tt0091053/?ref_=sr_t_114,1986,1h 43m,PG-13,6.4,2K
115. Eliminators,https://www.imdb.com/title/tt0091003/?ref_=sr_t_115,1986,1h 36m,PG,4.9,2.6K
116. River's Edge,https://www.imdb.com/title/tt0091860/?ref_=sr_t_116,1986,1h 39m,R,6.9,22K
117. That's Life!,https://www.imdb.com/title/tt0092079/?ref_=sr_t_117,1986,1h 42m,PG-13,6.0,1.9K
118. Tai-Pan,https://www.imdb.com/title/tt0092042/?ref_=sr_t_118,1986,2h 7m,R,5.6,2K
119. Manon of the Spring,https://www.imdb.com/title/tt0091480/?ref_=sr_t_119,1986,1h 53m,PG,8.0,25K
120. The Manhattan Project,https://www.imdb.com/title/tt0091472/?ref_=sr_t_120,1986,1h 57m,PG-13,6.1,7.1K
121. Power,https://www.imdb.com/title/tt0091786/?ref_=sr_t_121,1986,1h 51m,R,5.7,3.5K
122. Allan Quatermain and the Lost City of Gold,https://www.imdb.com/title/tt0092534/?ref_=sr_t_122,1986,1h 39m,PG,4.6,11K
123. The Wraith,https://www.imdb.com/title/tt0092240/?ref_=sr_t_123,1986,1h 33m,PG-13,5.9,20K
124. Born American,https://www.imdb.com/title/tt0091313/?ref_=sr_t_124,1986,1h 35m,R,4.3,2.3K
125. 'Round Midnight,https://www.imdb.com/title/tt0090557/?ref_=sr_t_125,1986,2h 13m,R,7.4,6K
126. The Naked Cage,https://www.imdb.com/title/tt0091603/?ref_=sr_t_126,1986,1h 37m,R,5.3,983
127. Bullies,https://www.imdb.com/title/tt0090779/?ref_=sr_t_127,1986,1h 30m,R,5.4,603
128. Sid and Nancy,https://www.imdb.com/title/tt0091954/?ref_=sr_t_128,1986,1h 52m,R,7.0,35K
129. Heat,https://www.imdb.com/title/tt0093164/?ref_=sr_t_129,1986,1h 41m,R,5.6,2.7K
130. Deadtime Stories,https://www.imdb.com/title/tt0092850/?ref_=sr_t_130,1986,1h 33m,R,4.7,2.8K
131. Playing for Keeps,https://www.imdb.com/title/tt0091767/?ref_=sr_t_131,1986,1h 42m,PG-13,4.4,765
132. Heathcliff: The Movie,https://www.imdb.com/title/tt0104401/?ref_=sr_t_132,1986,1h 13m,G,5.1,318
133. The Men's Club,https://www.imdb.com/title/tt0091508/?ref_=sr_t_133,1986,1h 41m,R,4.7,1.1K
134. Streets of Gold,https://www.imdb.com/title/tt0092022/?ref_=sr_t_134,1986,1h 35m,R,5.9,728
135. True Stories,https://www.imdb.com/title/tt0092117/?ref_=sr_t_135,1986,1h 29m,PG,7.2,7.8K
136. Reform School Girls,https://www.imdb.com/title/tt0091836/?ref_=sr_t_136,1986,1h 34m,R,5.4,3.1K
137. P.O.W. the Escape,https://www.imdb.com/title/tt0091713/?ref_=sr_t_137,1986,1h 30m,R,5.0,815
138. Dangerously Close,https://www.imdb.com/title/tt0090904/?ref_=sr_t_138,1986,1h 35m,R,5.5,1.6K
139. At Close Range,https://www.imdb.com/title/tt0090670/?ref_=sr_t_139,1986,1h 56m,R,6.9,19K
140. Shanghai Surprise,https://www.imdb.com/title/tt0091934/?ref_=sr_t_140,1986,1h 37m,PG-13,3.3,5.9K
141. Sky Bandits,https://www.imdb.com/title/tt0091963/?ref_=sr_t_141,1986,1h 45m,PG,4.6,344
142. Nomads,https://www.imdb.com/title/tt0091647/?ref_=sr_t_142,1986,1h 31m,R,5.2,5.6K
143. Meatballs III: Summer Job,https://www.imdb.com/title/tt0093516/?ref_=sr_t_143,1986,1h 36m,R,3.5,2.7K
144. Betty Blue,https://www.imdb.com/title/tt0090563/?ref_=sr_t_144,1986,1h 59m,Unrated,7.3,24K
145. Rad,https://www.imdb.com/title/tt0091817/?ref_=sr_t_145,1986,1h 31m,PG,6.7,7.3K
146. The Clan of the Cave Bear,https://www.imdb.com/title/tt0090848/?ref_=sr_t_146,1986,1h 38m,R,5.4,7.1K
147. Jake Speed,https://www.imdb.com/title/tt0091282/?ref_=sr_t_147,1986,1h 45m,PG,4.9,1.2K
148. The Decline of the American Empire,https://www.imdb.com/title/tt0090985/?ref_=sr_t_148,1986,1h 41m,R,7.1,8.9K
149. Quiet Cool,https://www.imdb.com/title/tt0091815/?ref_=sr_t_149,1986,1h 20m,R,5.6,771
150. Working Girls,https://www.imdb.com/title/tt0092238/?ref_=sr_t_150,1986,1h 33m,Unrated,6.8,1.9K
151. Link,https://www.imdb.com/title/tt0091415/?ref_=sr_t_151,1986,1h 43m,R,5.9,4K
152. Pirates,https://www.imdb.com/title/tt0091757/?ref_=sr_t_152,1986,2h 1m,PG-13,6.0,9.7K
153. Solarbabies,https://www.imdb.com/title/tt0091981/?ref_=sr_t_153,1986,1h 34m,PG-13,4.7,5.1K
154. Salvador,https://www.imdb.com/title/tt0091886/?ref_=sr_t_154,1986,2h 2m,R,7.4,24K
155. The Whistle Blower,https://www.imdb.com/title/tt0092206/?ref_=sr_t_155,1986,1h 40m,PG,6.2,2.7K
156. Clockwise,https://www.imdb.com/title/tt0090852/?ref_=sr_t_156,1986,1h 36m,PG,6.6,14K
157. Down by Law,https://www.imdb.com/title/tt0090967/?ref_=sr_t_157,1986,1h 47m,R,7.6,56K
158. GoBots: Battle of the Rock Lords,https://www.imdb.com/title/tt0091123/?ref_=sr_t_158,1986,1h 15m,G,5.4,577
159. 8 Million Ways to Die,https://www.imdb.com/title/tt0090568/?ref_=sr_t_159,1986,1h 55m,R,5.7,6.2K
160. Native Son,https://www.imdb.com/title/tt0091613/?ref_=sr_t_160,1986,1h 51m,PG,6.0,641
161. The Adventures of the American Rabbit,https://www.imdb.com/title/tt0166948/?ref_=sr_t_161,1986,1h 25m,G,5.3,540
162. From Beyond,https://www.imdb.com/title/tt0091083/?ref_=sr_t_162,1986,1h 25m,R,6.6,33K
163. Touch and Go,https://www.imdb.com/title/tt0092104/?ref_=sr_t_163,1986,1h 41m,R,5.7,1.1K
164. Home of the Brave: A Film by Laurie Anderson,https://www.imdb.com/title/tt0091216/?ref_=sr_t_164,1986,1h 30m,,7.9,441
165. Belizaire the Cajun,https://www.imdb.com/title/tt0090710/?ref_=sr_t_165,1986,1h 43m,PG,6.5,538
166. Half Moon Street,https://www.imdb.com/title/tt0091164/?ref_=sr_t_166,1986,1h 30m,R,5.4,2.9K
167. Absolute Beginners,https://www.imdb.com/title/tt0090585/?ref_=sr_t_167,1986,1h 48m,PG-13,5.6,3.8K
168. Ménage,https://www.imdb.com/title/tt0092068/?ref_=sr_t_168,1986,1h 24m,,6.9,3.7K
169. Gothic,https://www.imdb.com/title/tt0091142/?ref_=sr_t_169,1986,1h 27m,R,5.7,9.3K
170. Ginger & Fred,https://www.imdb.com/title/tt0091113/?ref_=sr_t_170,1986,2h 7m,PG-13,7.2,5.7K
171. Nutcracker,https://www.imdb.com/title/tt0091658/?ref_=sr_t_171,1986,1h 29m,G,6.8,1.5K
172. Where the River Runs Black,https://www.imdb.com/title/tt0092205/?ref_=sr_t_172,1986,1h 40m,PG,6.4,538
173. Henry: Portrait of a Serial Killer,https://www.imdb.com/title/tt0099763/?ref_=sr_t_173,1986,1h 23m,Unrated,7.0,42K
174. Modern Girls,https://www.imdb.com/title/tt0091534/?ref_=sr_t_174,1986,1h 24m,PG-13,5.8,1.8K
175. Knights of the City,https://www.imdb.com/title/tt0091351/?ref_=sr_t_175,1986,1h 27m,R,4.8,265
176. Night of the Creeps,https://www.imdb.com/title/tt0091630/?ref_=sr_t_176,1986,1h 28m,R,6.7,27K
177. Oviri,https://www.imdb.com/title/tt0091712/?ref_=sr_t_177,1986,1h 30m,R,5.9,487
178. Nobody's Fool,https://www.imdb.com/title/tt0091642/?ref_=sr_t_178,1986,1h 47m,PG-13,5.4,928
179. Devil in the Flesh,https://www.imdb.com/title/tt0090944/?ref_=sr_t_179,1986,1h 54m,X,5.7,2K
180. Castle in the Sky,https://www.imdb.com/title/tt0092067/?ref_=sr_t_180,1986,2h 4m,PG,8.0,188K
181. The Assault,https://www.imdb.com/title/tt0090576/?ref_=sr_t_181,1986,2h 24m,PG,7.2,3.5K
182. Dream Lover,https://www.imdb.com/title/tt0090970/?ref_=sr_t_182,1986,1h 44m,R,4.7,666
"183. 'night, Mother",https://www.imdb.com/title/tt0090556/?ref_=sr_t_183,1986,1h 40m,PG-13,7.5,2.6K
184. Desert Bloom,https://www.imdb.com/title/tt0090934/?ref_=sr_t_184,1986,1h 45m,PG,6.6,1.1K
185. Weekend Warriors,https://www.imdb.com/title/tt0092195/?ref_=sr_t_185,1986,1h 29m,R,4.4,375
186. TerrorVision,https://www.imdb.com/title/tt0092074/?ref_=sr_t_186,1986,1h 25m,R,5.5,8K
187. Matador,https://www.imdb.com/title/tt0091495/?ref_=sr_t_187,1986,1h 50m,NC-17,6.9,13K
188. Every Time We Say Goodbye,https://www.imdb.com/title/tt0091019/?ref_=sr_t_188,1986,1h 38m,PG-13,5.8,2.8K
189. Lady Jane,https://www.imdb.com/title/tt0091374/?ref_=sr_t_189,1986,2h 16m,PG-13,7.1,7.3K
190. Willy/Milly,https://www.imdb.com/title/tt0092216/?ref_=sr_t_190,1986,1h 26m,PG-13,5.4,577
191. The Boy in Blue,https://www.imdb.com/title/tt0090769/?ref_=sr_t_191,1986,1h 37m,R,5.3,1.5K
192. The Gospel According to Vic,https://www.imdb.com/title/tt0089221/?ref_=sr_t_192,1986,1h 32m,PG-13,6.1,608
193. The Sacrifice,https://www.imdb.com/title/tt0091670/?ref_=sr_t_193,1986,2h 29m,PG,7.9,32K
194. Let's Get Harry,https://www.imdb.com/title/tt0091400/?ref_=sr_t_194,1986,1h 42m,R,5.2,1.6K
195. Stewardess School,https://www.imdb.com/title/tt0094037/?ref_=sr_t_195,1986,1h 29m,R,4.2,1.7K
196. Hardbodies 2,https://www.imdb.com/title/tt0091173/?ref_=sr_t_196,1986,1h 28m,R,3.3,1.4K
197. Ping Pong,https://www.imdb.com/title/tt0091756/?ref_=sr_t_197,1986,1h 40m,PG,5.8,131
198. Hollywood Vice Squad,https://www.imdb.com/title/tt0091213/?ref_=sr_t_198,1986,1h 41m,R,4.8,687
199. The Green Ray,https://www.imdb.com/title/tt0091830/?ref_=sr_t_199,1986,1h 39m,R,7.6,11K
200. Bad Blood,https://www.imdb.com/title/tt0091497/?ref_=sr_t_200,1986,1h 45m,Unrated,7.2,9.6K
"201. Forever, Lulu",https://www.imdb.com/title/tt0093042/?ref_=sr_t_201,1986,1h 25m,R,4.2,457
202. Mala Noche,https://www.imdb.com/title/tt0089537/?ref_=sr_t_202,1986,1h 18m,Not Rated,6.5,4.4K
203. My Little Girl,https://www.imdb.com/title/tt0091583/?ref_=sr_t_203,1986,1h 58m,R,4.8,402
204. Windrider,https://www.imdb.com/title/tt0092220/?ref_=sr_t_204,1986,1h 32m,R,5.1,806
205. Spookies,https://www.imdb.com/title/tt0090057/?ref_=sr_t_205,1986,1h 25m,R,4.9,4.6K
206. The Vindicator,https://www.imdb.com/title/tt0092172/?ref_=sr_t_206,1986,1h 33m,R,4.9,1.1K
207. Duet for One,https://www.imdb.com/title/tt0092934/?ref_=sr_t_207,1986,1h 47m,R,6.7,1K
208. Kamikaze Hearts,https://www.imdb.com/title/tt0091323/?ref_=sr_t_208,1986,1h 27m,Unrated,6.3,385
209. When the Wind Blows,https://www.imdb.com/title/tt0090315/?ref_=sr_t_209,1986,1h 24m,16+,7.7,13K
210. Coming Up Roses,https://www.imdb.com/title/tt0090867/?ref_=sr_t_210,1986,1h 33m,PG,7.2,81
211. Caravaggio,https://www.imdb.com/title/tt0090798/?ref_=sr_t_211,1986,1h 33m,,6.5,7.2K
212. Inspector Lavardin,https://www.imdb.com/title/tt0091270/?ref_=sr_t_212,1986,1h 40m,Not Rated,6.5,1.7K
213. What Every Frenchwoman Wants,https://www.imdb.com/title/tt0092995/?ref_=sr_t_213,1986,1h 35m,,5.6,5.9K
214. The Christmas Star,https://www.imdb.com/title/tt0090840/?ref_=sr_t_214,1986,1h 34m,TV-G,6.2,894
215. Chopping Mall,https://www.imdb.com/title/tt0090837/?ref_=sr_t_215,1986,1h 17m,R,5.6,18K
216. Armour of God,https://www.imdb.com/title/tt0091431/?ref_=sr_t_216,1986,1h 28m,R,6.9,23K
217. Castaway,https://www.imdb.com/title/tt0092732/?ref_=sr_t_217,1986,1h 57m,R,5.8,3.6K
218. The Devil's Honey,https://www.imdb.com/title/tt0090903/?ref_=sr_t_218,1986,1h 23m,R,5.2,1.9K
219. Thrashin',https://www.imdb.com/title/tt0092085/?ref_=sr_t_219,1986,1h 33m,PG-13,6.5,5.2K
220. Slaughter High,https://www.imdb.com/title/tt0091969/?ref_=sr_t_220,1986,1h 30m,R,5.3,7.3K
221. A Better Tomorrow,https://www.imdb.com/title/tt0092263/?ref_=sr_t_221,1986,1h 35m,Not Rated,7.4,26K
222. The Venetian Woman,https://www.imdb.com/title/tt0092157/?ref_=sr_t_222,1986,1h 23m,,4.9,666
223. Happy Highschool,https://www.imdb.com/title/tt0200537/?ref_=sr_t_223,1986,1h 25m,,3.6,327
224. Dolls,https://www.imdb.com/title/tt0092906/?ref_=sr_t_224,1986,1h 17m,R,6.3,13K
225. Seven Minutes in Heaven,https://www.imdb.com/title/tt0089997/?ref_=sr_t_225,1986,1h 28m,PG-13,5.9,2.1K
226. Class of Nuke 'Em High,https://www.imdb.com/title/tt0090849/?ref_=sr_t_226,1986,1h 25m,R,5.6,9.9K
227. Biggles: Adventures in Time,https://www.imdb.com/title/tt0090729/?ref_=sr_t_227,1986,1h 48m,PG,5.6,3.5K
228. Evil Laugh,https://www.imdb.com/title/tt0095120/?ref_=sr_t_228,1986,1h 31m,R,4.8,1.4K
229. In a Glass Cage,https://www.imdb.com/title/tt0090197/?ref_=sr_t_229,1986,1h 50m,Unrated,6.7,5.2K
230. Flodder,https://www.imdb.com/title/tt0091060/?ref_=sr_t_230,1986,1h 51m,,6.6,7.9K
231. Rawhead Rex,https://www.imdb.com/title/tt0091829/?ref_=sr_t_231,1986,1h 29m,R,5.2,6.9K
232. Amazons,https://www.imdb.com/title/tt0090627/?ref_=sr_t_232,1986,1h 16m,PG,4.2,1.4K
233. The Majorettes,https://www.imdb.com/title/tt0091462/?ref_=sr_t_233,1986,1h 32m,R,4.6,1.3K
234. The Quest,https://www.imdb.com/title/tt0091810/?ref_=sr_t_234,1986,1h 33m,PG,6.0,2.3K
235. Dead Man's Letters,https://www.imdb.com/title/tt0091759/?ref_=sr_t_235,1986,1h 27m,,7.5,4K
236. One-Sided Passion,https://www.imdb.com/title/tt0147433/?ref_=sr_t_236,1986,1h 34m,,5.0,248
237. The Unsewing Machine,https://www.imdb.com/title/tt0091457/?ref_=sr_t_237,1986,1h 28m,,5.0,173
238. Sorority House Massacre,https://www.imdb.com/title/tt0091990/?ref_=sr_t_238,1986,1h 14m,R,4.4,4.2K
239. Monster in the Closet,https://www.imdb.com/title/tt0091544/?ref_=sr_t_239,1986,1h 30m,PG,4.9,3.1K
240. The Seduction of Angela,https://www.imdb.com/title/tt0106741/?ref_=sr_t_240,1986,1h 25m,R,4.3,197
241. Nightmare Weekend,https://www.imdb.com/title/tt0091631/?ref_=sr_t_241,1986,1h 25m,R,3.6,1.3K
242. Demons 2,https://www.imdb.com/title/tt0090930/?ref_=sr_t_242,1986,1h 32m,R,5.9,12K
243. Sex Appeal,https://www.imdb.com/title/tt0091927/?ref_=sr_t_243,1986,1h 24m,R,4.3,371
244. Abducted,https://www.imdb.com/title/tt0090578/?ref_=sr_t_244,1986,1h 30m,PG,5.1,343
245. Jocks,https://www.imdb.com/title/tt0093315/?ref_=sr_t_245,1986,1h 31m,R,3.8,911
246. Crawlspace,https://www.imdb.com/title/tt0090881/?ref_=sr_t_246,1986,1h 20m,R,5.3,4K
247. The Adventures of Taura: Prison Ship Star Slammer,https://www.imdb.com/title/tt0087945/?ref_=sr_t_247,1986,1h 26m,R,3.6,1.4K
248. Cat City,https://www.imdb.com/title/tt0179955/?ref_=sr_t_248,1986,1h 36m,Unrated,8.3,11K
249. The Female Executioner,https://www.imdb.com/title/tt0091025/?ref_=sr_t_249,1986,1h 34m,,4.5,385
250. The Snow Queen,https://www.imdb.com/title/tt0091449/?ref_=sr_t_250,1986,1h 30m,Unrated,6.4,521
251. Lady of the Night,https://www.imdb.com/title/tt0090018/?ref_=sr_t_251,1986,1h 30m,,4.8,650
252. Janbaaz,https://www.imdb.com/title/tt0091284/?ref_=sr_t_252,1986,2h 55m,Not Rated,6.2,808
253. Scandalous Emanuelle,https://www.imdb.com/title/tt0092180/?ref_=sr_t_253,1986,1h 31m,,4.0,329
254. The Pied Piper,https://www.imdb.com/title/tt0174834/?ref_=sr_t_254,1986,55m,Not Rated,7.8,1.9K
255. Pyar Ke Do Pal,https://www.imdb.com/title/tt0358053/?ref_=sr_t_255,1986,2h 10m,,5.6,140
256. Valhalla,https://www.imdb.com/title/tt0094238/?ref_=sr_t_256,1986,1h 29m,,7.1,2.6K
257. Knife Under the Throat,https://www.imdb.com/title/tt0178351/?ref_=sr_t_257,1986,1h 20m,,4.5,310
258. Momo,https://www.imdb.com/title/tt0091537/?ref_=sr_t_258,1986,1h 41m,,6.5,2.1K
259. The Corruption,https://www.imdb.com/title/tt0090763/?ref_=sr_t_259,1986,1h 22m,,5.5,671
260. Hamburger: The Motion Picture,https://www.imdb.com/title/tt0091165/?ref_=sr_t_260,1986,1h 30m,R,4.7,2K
261. The Fugitives,https://www.imdb.com/title/tt0091093/?ref_=sr_t_261,1986,1h 35m,,7.0,8.2K
262. Regalo di Natale,https://www.imdb.com/title/tt0091837/?ref_=sr_t_262,1986,1h 41m,,7.6,1.6K
263. The Children of Noisy Village,https://www.imdb.com/title/tt0090610/?ref_=sr_t_263,1986,1h 27m,,6.7,2.5K
264. Blood Hook,https://www.imdb.com/title/tt0090750/?ref_=sr_t_264,1986,1h 32m,R,4.3,1.8K
265. Shadows in Paradise,https://www.imdb.com/title/tt0092149/?ref_=sr_t_265,1986,1h 14m,Not Rated,7.5,7.6K
266. The Return of the Jonsson League,https://www.imdb.com/title/tt0091314/?ref_=sr_t_266,1986,1h 28m,,6.2,4K
267. Fist of the North Star,https://www.imdb.com/title/tt0142371/?ref_=sr_t_267,1986,1h 50m,Not Rated,7.1,7.5K
268. Righting Wrongs,https://www.imdb.com/title/tt0094374/?ref_=sr_t_268,1986,1h 25m,Not Rated,7.1,2.2K
269. Body Count,https://www.imdb.com/title/tt0090788/?ref_=sr_t_269,1986,1h 30m,R,4.8,2.7K
270. Big Trouble,https://www.imdb.com/title/tt0090727/?ref_=sr_t_270,1986,1h 33m,R,5.2,1.6K
271. Legacy of Rage,https://www.imdb.com/title/tt0091428/?ref_=sr_t_271,1986,1h 30m,R,6.0,1.7K
272. Red Headed Stranger,https://www.imdb.com/title/tt0091834/?ref_=sr_t_272,1986,1h 45m,R,6.6,984
273. Bad Girls Dormitory,https://www.imdb.com/title/tt0086930/?ref_=sr_t_273,1986,1h 35m,Not Rated,3.9,476
274. Breeders,https://www.imdb.com/title/tt0090771/?ref_=sr_t_274,1986,1h 17m,R,3.8,2.7K
275. Dead End Drive-In,https://www.imdb.com/title/tt0090915/?ref_=sr_t_275,1986,1h 32m,R,5.9,4K
276. Neon Maniacs,https://www.imdb.com/title/tt0127045/?ref_=sr_t_276,1986,1h 31m,R,5.0,3.1K
277. The Frog Prince,https://www.imdb.com/title/tt0095182/?ref_=sr_t_277,1986,1h 26m,G,6.3,858
278. Elämän vonkamies,https://www.imdb.com/title/tt0091006/?ref_=sr_t_278,1986,2h 22m,,6.9,292
279. Desiderando Giulia,https://www.imdb.com/title/tt0089016/?ref_=sr_t_279,1986,1h 44m,,5.0,369
280. Les amazones du temple d'or,https://www.imdb.com/title/tt0165621/?ref_=sr_t_280,1986,1h 26m,Not Rated,3.7,647
281. Royal Warriors,https://www.imdb.com/title/tt0091229/?ref_=sr_t_281,1986,1h 36m,R,7.0,2.2K
282. Eye of the Tiger,https://www.imdb.com/title/tt0091027/?ref_=sr_t_282,1986,1h 32m,R,5.6,2.7K
283. Seize the Day,https://www.imdb.com/title/tt0091920/?ref_=sr_t_283,1986,1h 33m,Unrated,5.8,1.6K
284. Hands of Steel,https://www.imdb.com/title/tt0091166/?ref_=sr_t_284,1986,1h 34m,R,5.3,3K
285. Poison for the Fairies,https://www.imdb.com/title/tt0135033/?ref_=sr_t_285,1986,1h 30m,,7.2,2.9K
286. Bach et Bottine,https://www.imdb.com/title/tt0090684/?ref_=sr_t_286,1986,1h 36m,G,6.6,582
287. The Beekeeper,https://www.imdb.com/title/tt0091506/?ref_=sr_t_287,1986,2h 2m,,7.2,3.1K
288. Devil Story,https://www.imdb.com/title/tt0233004/?ref_=sr_t_288,1986,1h 16m,,3.8,837
289. Charlotte for Ever,https://www.imdb.com/title/tt0090815/?ref_=sr_t_289,1986,1h 34m,,5.5,836
290. Max My Love,https://www.imdb.com/title/tt0091498/?ref_=sr_t_290,1986,1h 32m,R,6.0,1.3K
291. The Boss' Wife,https://www.imdb.com/title/tt0090767/?ref_=sr_t_291,1986,1h 23m,R,4.9,762
292. The Seventh Curse,https://www.imdb.com/title/tt0092273/?ref_=sr_t_292,1986,1h 23m,,6.7,1.9K
293. Never Too Young to Die,https://www.imdb.com/title/tt0091621/?ref_=sr_t_293,1986,1h 32m,R,4.8,2.2K
294. Magic Crystal,https://www.imdb.com/title/tt0091532/?ref_=sr_t_294,1986,1h 35m,,6.2,890
295. Last Resort,https://www.imdb.com/title/tt0091387/?ref_=sr_t_295,1986,1h 24m,R,4.1,788
296. Necropolis,https://www.imdb.com/title/tt0091617/?ref_=sr_t_296,1986,1h 17m,R,3.8,853
297. Hunter's Blood,https://www.imdb.com/title/tt0093232/?ref_=sr_t_297,1986,1h 41m,R,5.8,922
298. Dragon Ball: Curse of the Blood Rubies,https://www.imdb.com/title/tt0142251/?ref_=sr_t_298,1986,50m,TV-PG,6.7,3.8K
299. Fair Game,https://www.imdb.com/title/tt0089122/?ref_=sr_t_299,1986,1h 26m,R,5.9,1.9K
300. Killer Party,https://www.imdb.com/title/tt0091338/?ref_=sr_t_300,1986,1h 31m,R,5.0,2.8K
301. Entrails of a Virgin,https://www.imdb.com/title/tt0222817/?ref_=sr_t_301,1986,1h 12m,,4.2,1.3K
302. Ratboy,https://www.imdb.com/title/tt0091827/?ref_=sr_t_302,1986,1h 44m,PG-13,3.9,801
303. The Beauty of Vice,https://www.imdb.com/title/tt0091398/?ref_=sr_t_303,1986,1h 45m,,8.0,2.5K
304. Karma,https://www.imdb.com/title/tt0091328/?ref_=sr_t_304,1986,3h 13m,Not Rated,7.2,2.5K
305. Aladdin,https://www.imdb.com/title/tt0090601/?ref_=sr_t_305,1986,1h 35m,PG,5.4,3.7K
306. The Terrorizers,https://www.imdb.com/title/tt0091355/?ref_=sr_t_306,1986,1h 49m,,7.7,5.8K
307. Body Slam,https://www.imdb.com/title/tt0092684/?ref_=sr_t_307,1986,1h 32m,PG,5.2,1.4K
308. Hollywood Zap,https://www.imdb.com/title/tt0113317/?ref_=sr_t_308,1986,1h 28m,R,4.3,148
309. Parting Glances,https://www.imdb.com/title/tt0091725/?ref_=sr_t_309,1986,1h 30m,Not Rated,7.2,3.3K
310. Disorder,https://www.imdb.com/title/tt0090986/?ref_=sr_t_310,1986,1h 35m,,6.2,549
311. Terror at Tenkiller,https://www.imdb.com/title/tt0092072/?ref_=sr_t_311,1986,1h 27m,Not Rated,3.1,963
312. Roller Blade,https://www.imdb.com/title/tt0089930/?ref_=sr_t_312,1986,1h 28m,,3.4,614
"313. His Motorbike, Her Island",https://www.imdb.com/title/tt0125298/?ref_=sr_t_313,1986,1h 30m,,7.3,778
314. The Whoopee Boys,https://www.imdb.com/title/tt0092210/?ref_=sr_t_314,1986,1h 28m,R,5.7,974
315. Friends Forever,https://www.imdb.com/title/tt0092160/?ref_=sr_t_315,1986,1h 30m,Unrated,6.3,568
316. Teenage Dream,https://www.imdb.com/title/tt0091065/?ref_=sr_t_316,1986,1h 30m,R,5.1,749
317. Sky Pirates,https://www.imdb.com/title/tt0091964/?ref_=sr_t_317,1986,1h 29m,PG-13,4.3,563
318. Alien Predator,https://www.imdb.com/title/tt0092530/?ref_=sr_t_318,1986,1h 30m,R,3.9,1.4K
319. Bröderna Mozart,https://www.imdb.com/title/tt0090778/?ref_=sr_t_319,1986,1h 49m,,5.9,448
320. Usia Dalam Gejolak,https://www.imdb.com/title/tt8352044/?ref_=sr_t_320,1986,1h 30m,,7.6,211
321. Aakhree Raasta,https://www.imdb.com/title/tt0090575/?ref_=sr_t_321,1986,2h 44m,,7.1,1.7K
322. Vendetta,https://www.imdb.com/title/tt0092156/?ref_=sr_t_322,1986,1h 29m,R,5.3,635
323. Kin-dza-dza!,https://www.imdb.com/title/tt0091341/?ref_=sr_t_323,1986,2h 15m,PG-13,7.9,14K
324. Love Unto Waste,https://www.imdb.com/title/tt0090922/?ref_=sr_t_324,1986,1h 36m,,6.7,439
325. Time Escapade: 5 Seconds Til Climax,https://www.imdb.com/title/tt0142916/?ref_=sr_t_325,1986,1h 16m,,5.6,124
326. Druga Zikina dinastija,https://www.imdb.com/title/tt0180659/?ref_=sr_t_326,1986,1h 30m,,7.5,2K
327. Delizia,https://www.imdb.com/title/tt0092866/?ref_=sr_t_327,1986,1h 21m,,4.7,123
328. America 3000,https://www.imdb.com/title/tt0090630/?ref_=sr_t_328,1986,1h 32m,PG-13,4.2,1.6K
329. Asterix in Britain,https://www.imdb.com/title/tt0090667/?ref_=sr_t_329,1986,1h 19m,Not Rated,7.1,13K
330. The Killer Is Still Among Us,https://www.imdb.com/title/tt0088745/?ref_=sr_t_330,1986,1h 23m,,5.2,628
331. Rosa Luxemburg,https://www.imdb.com/title/tt0091869/?ref_=sr_t_331,1986,2h 2m,Not Rated,6.9,2K
332. Golden Eighties,https://www.imdb.com/title/tt0092219/?ref_=sr_t_332,1986,1h 39m,,6.8,704
333. Eu Sei Que Vou Te Amar,https://www.imdb.com/title/tt0122480/?ref_=sr_t_333,1986,1h 50m,,6.7,574
334. The Tomb,https://www.imdb.com/title/tt0090183/?ref_=sr_t_334,1986,1h 24m,Unrated,3.5,773
335. Zeisters,https://www.imdb.com/title/tt0092285/?ref_=sr_t_335,1986,1h 18m,R,2.3,346
336. Ga-ga: Glory to the Heroes,https://www.imdb.com/title/tt0091096/?ref_=sr_t_336,1986,1h 24m,,7.0,924
337. Graveyard Shift,https://www.imdb.com/title/tt0093115/?ref_=sr_t_337,1986,1h 29m,R,4.7,641
338. The Wind,https://www.imdb.com/title/tt0094327/?ref_=sr_t_338,1986,1h 32m,Not Rated,5.1,2.1K
339. The Windmill,https://www.imdb.com/title/tt0263257/?ref_=sr_t_339,1986,1h 39m,,7.5,2K
340. Scene of the Crime,https://www.imdb.com/title/tt0091410/?ref_=sr_t_340,1986,1h 30m,Not Rated,6.4,1.1K
341. La vida de nuestro señor Jesucristo,https://www.imdb.com/title/tt0459589/?ref_=sr_t_341,1986,1h 31m,,7.0,31
342. Summer Camp Nightmare,https://www.imdb.com/title/tt0094070/?ref_=sr_t_342,1986,1h 29m,PG-13,5.4,1K
343. Windaria,https://www.imdb.com/title/tt0092218/?ref_=sr_t_343,1986,1h 40m,,7.1,631
344. Man Facing Southeast,https://www.imdb.com/title/tt0091214/?ref_=sr_t_344,1986,1h 45m,R,7.6,4.7K
345. Entrails of a Beautiful Woman,https://www.imdb.com/title/tt0224102/?ref_=sr_t_345,1986,1h 8m,,5.0,945
346. Naam,https://www.imdb.com/title/tt0091598/?ref_=sr_t_346,1986,2h 57m,Not Rated,7.3,1.2K
347. Malcolm,https://www.imdb.com/title/tt0091464/?ref_=sr_t_347,1986,1h 25m,PG-13,7.1,2.9K
348. Vicious Lips,https://www.imdb.com/title/tt0163375/?ref_=sr_t_348,1986,1h 24m,R,4.4,2K
349. Il camorrista,https://www.imdb.com/title/tt0088879/?ref_=sr_t_349,1986,2h 51m,,7.1,1.7K
350. Un macho en la cárcel de mujeres,https://www.imdb.com/title/tt0319779/?ref_=sr_t_350,1986,1h 35m,,6.3,108
351. Khamosh,https://www.imdb.com/title/tt0089413/?ref_=sr_t_351,1986,1h 41m,,7.5,1.2K
352. Flower and Snake: White Uniform Rope Slave,https://www.imdb.com/title/tt0285593/?ref_=sr_t_352,1986,1h 13m,,4.9,213
"353. Vilde, the Wild One",https://www.imdb.com/title/tt0091230/?ref_=sr_t_353,1986,1h 55m,,4.2,171
354. The Last Women of the Philippines,https://www.imdb.com/title/tt0092311/?ref_=sr_t_354,1986,1h 30m,,5.0,102
355. Mr. Vampire II,https://www.imdb.com/title/tt0091293/?ref_=sr_t_355,1986,1h 29m,,5.7,984
356. 3:15 the Moment of Truth,https://www.imdb.com/title/tt0090564/?ref_=sr_t_356,1986,1h 26m,R,5.6,896
357. Star Crystal,https://www.imdb.com/title/tt0092006/?ref_=sr_t_357,1986,1h 31m,R,3.5,1.3K
358. Dogs in Space,https://www.imdb.com/title/tt0092904/?ref_=sr_t_358,1986,1h 43m,R,6.4,1.4K
359. Cours privé,https://www.imdb.com/title/tt0090879/?ref_=sr_t_359,1986,1h 35m,,5.4,582
360. Troppo forte,https://www.imdb.com/title/tt0092116/?ref_=sr_t_360,1986,1h 50m,,6.5,1.5K
361. Ninja Terminator,https://www.imdb.com/title/tt0199849/?ref_=sr_t_361,1986,1h 28m,Not Rated,4.4,1.5K
362. ...Sabik kasalanan ba?,https://www.imdb.com/title/tt1479352/?ref_=sr_t_362,1986,2h,,7.2,99
363. Flower and Snake 3: Punishment,https://www.imdb.com/title/tt1890418/?ref_=sr_t_363,1986,1h 13m,,4.8,163
364. The Rose King,https://www.imdb.com/title/tt0091871/?ref_=sr_t_364,1986,1h 46m,,6.5,298
365. The Malibu Bikini Shop,https://www.imdb.com/title/tt0089538/?ref_=sr_t_365,1986,1h 39m,R,4.8,1.3K
366. Sexy Battle Girls,https://www.imdb.com/title/tt0288130/?ref_=sr_t_366,1986,59m,,5.0,148
367. Jaal,https://www.imdb.com/title/tt0239495/?ref_=sr_t_367,1986,,,5.1,173
368. Dressage,https://www.imdb.com/title/tt0089055/?ref_=sr_t_368,1986,1h 38m,,5.0,208
369. Evil Senses,https://www.imdb.com/title/tt0091921/?ref_=sr_t_369,1986,1h 33m,,5.0,164
370. Alexandra,https://www.imdb.com/title/tt0374490/?ref_=sr_t_370,1986,,,6.2,106
371. Foreign Body,https://www.imdb.com/title/tt0091068/?ref_=sr_t_371,1986,1h 51m,PG-13,5.9,337
372. Saving Grace,https://www.imdb.com/title/tt0091895/?ref_=sr_t_372,1986,1h 52m,PG,7.0,713
373. Allah-Rakha,https://www.imdb.com/title/tt0090611/?ref_=sr_t_373,1986,2h 40m,,5.2,192
"374. Oh, Belinda",https://www.imdb.com/title/tt0278891/?ref_=sr_t_374,1986,1h 40m,,7.8,3.7K
375. Recruits,https://www.imdb.com/title/tt0091832/?ref_=sr_t_375,1986,1h 30m,R,4.2,414
376. Millionaires' Express,https://www.imdb.com/title/tt0091091/?ref_=sr_t_376,1986,1h 38m,PG-13,6.9,2.3K
377. Silk,https://www.imdb.com/title/tt0091957/?ref_=sr_t_377,1986,1h 24m,R,3.9,532
378. The Serpent's Way,https://www.imdb.com/title/tt0091696/?ref_=sr_t_378,1986,1h 51m,,6.3,665
379. Convent of Sinners,https://www.imdb.com/title/tt0091539/?ref_=sr_t_379,1986,1h 29m,,4.8,482
380. Mulberry,https://www.imdb.com/title/tt0271121/?ref_=sr_t_380,1986,1h 54m,,6.3,189
381. Raiders of the Living Dead,https://www.imdb.com/title/tt0138050/?ref_=sr_t_381,1986,1h 26m,PG-13,2.6,651
382. Martial Arts of Shaolin,https://www.imdb.com/title/tt0091607/?ref_=sr_t_382,1986,1h 34m,R,6.4,2.7K
383. You'll Die at Midnight,https://www.imdb.com/title/tt0091553/?ref_=sr_t_383,1986,1h 28m,,5.6,829
384. Detention Room,https://www.imdb.com/title/tt0135900/?ref_=sr_t_384,1986,,,7.4,8
385. Ninja Kids and the Samurai Sword,https://www.imdb.com/title/tt0199830/?ref_=sr_t_385,1986,1h 40m,G,6.5,236
386. Ballerup Boulevard,https://www.imdb.com/title/tt0090691/?ref_=sr_t_386,1986,1h 16m,,5.2,122
387. Jan auf der Zille,https://www.imdb.com/title/tt0091283/?ref_=sr_t_387,1986,1h 26m,,6.9,19
388. Descent Into Hell,https://www.imdb.com/title/tt0090933/?ref_=sr_t_388,1986,1h 28m,,5.4,725
389. Mirch Masala,https://www.imdb.com/title/tt0089599/?ref_=sr_t_389,1986,2h 8m,Not Rated,7.8,1.6K
390. Ankush,https://www.imdb.com/title/tt0157316/?ref_=sr_t_390,1986,2h 29m,Not Rated,7.6,493
391. Peking Opera Blues,https://www.imdb.com/title/tt0090952/?ref_=sr_t_391,1986,1h 44m,TV-14,7.2,2.8K
392. The Elm-Chanted Forest,https://www.imdb.com/title/tt0268282/?ref_=sr_t_392,1986,1h 23m,Not Rated,8.0,1.6K
393. The Flavor of Corn,https://www.imdb.com/title/tt0102840/?ref_=sr_t_393,1986,1h 33m,,6.9,493
394. Namukku Parkkan Munthiri Thoppukal,https://www.imdb.com/title/tt0249047/?ref_=sr_t_394,1986,2h 17m,,8.5,2.7K
395. Evil in the Woods,https://www.imdb.com/title/tt0091020/?ref_=sr_t_395,1986,1h 29m,Not Rated,3.2,179
396. Psycho Girls,https://www.imdb.com/title/tt0089850/?ref_=sr_t_396,1986,1h 37m,R,4.2,223
397. Rakuyôju,https://www.imdb.com/title/tt0091823/?ref_=sr_t_397,1986,1h 45m,,7.7,1.1K
398. Robotech: The Movie,https://www.imdb.com/title/tt0091862/?ref_=sr_t_398,1986,1h 27m,PG,6.2,472
399. Hindi mapigil ang init,https://www.imdb.com/title/tt9722530/?ref_=sr_t_399,1986,59m,,5.1,11
400. Los verduleros,https://www.imdb.com/title/tt0092163/?ref_=sr_t_400,1986,1h 38m,,5.6,191
401. Welcome to 18,https://www.imdb.com/title/tt0092199/?ref_=sr_t_401,1986,1h 31m,PG-13,5.7,342
402. Young Dragons: Kung Fu Kids,https://www.imdb.com/title/tt0091360/?ref_=sr_t_402,1986,1h 26m,,7.1,550
403. Odd Jobs,https://www.imdb.com/title/tt0087829/?ref_=sr_t_403,1986,1h 28m,PG-13,4.5,548
404. Car Trouble,https://www.imdb.com/title/tt0088883/?ref_=sr_t_404,1986,1h 33m,R,5.0,368
405. Morrhår & ärtor,https://www.imdb.com/title/tt0091555/?ref_=sr_t_405,1986,1h 41m,,6.0,1.5K
406. The Photograph,https://www.imdb.com/title/tt0093733/?ref_=sr_t_406,1986,1h 42m,,7.4,533
407. The Night Stalker,https://www.imdb.com/title/tt0093621/?ref_=sr_t_407,1986,1h 33m,R,5.0,332
408. The Graduates,https://www.imdb.com/title/tt0134786/?ref_=sr_t_408,1986,1h 35m,,8.0,2.4K
409. The Zero Boys,https://www.imdb.com/title/tt0092288/?ref_=sr_t_409,1986,1h 29m,Not Rated,5.2,2.9K
410. Kulang sa dilig,https://www.imdb.com/title/tt2528832/?ref_=sr_t_410,1986,1h 34m,,7.8,50
411. Sleepwalk,https://www.imdb.com/title/tt0091971/?ref_=sr_t_411,1986,1h 18m,R,6.0,520
412. Truth or Dare?,https://www.imdb.com/title/tt0092118/?ref_=sr_t_412,1986,1h 30m,Not Rated,5.1,815
413. Batang Quiapo,https://www.imdb.com/title/tt0443899/?ref_=sr_t_413,1986,2h,,5.8,31
414. Anubhav,https://www.imdb.com/title/tt0395453/?ref_=sr_t_414,1986,,,6.8,209
415. Thérèse,https://www.imdb.com/title/tt0092090/?ref_=sr_t_415,1986,1h 34m,,7.2,1K
416. Portfolio,https://www.imdb.com/title/tt0086130/?ref_=sr_t_416,1986,1h 23m,R,5.9,124
417. Woman's Wail,https://www.imdb.com/title/tt0318845/?ref_=sr_t_417,1986,1h 35m,,6.4,31
418. Snake and Whip,https://www.imdb.com/title/tt0287975/?ref_=sr_t_418,1986,1h 10m,,5.5,150
419. The Eleventh Commandment,https://www.imdb.com/title/tt0173794/?ref_=sr_t_419,1986,1h 34m,R,3.9,333
420. 7 xiao fu,https://www.imdb.com/title/tt0066020/?ref_=sr_t_420,1986,1h 20m,,6.7,322
421. Sultanat,https://www.imdb.com/title/tt0092026/?ref_=sr_t_421,1986,2h 33m,,6.0,312
422. Perfect Timing,https://www.imdb.com/title/tt0091746/?ref_=sr_t_422,1986,1h 27m,R,5.5,134
423. The Stabilizer,https://www.imdb.com/title/tt0314722/?ref_=sr_t_423,1986,1h 27m,R,6.0,406
424. Mladé víno,https://www.imdb.com/title/tt0138619/?ref_=sr_t_424,1986,1h 34m,,5.3,55
425. Female Market: Imprisonment,https://www.imdb.com/title/tt0296177/?ref_=sr_t_425,1986,1h 11m,,4.7,277
426. Low Blow,https://www.imdb.com/title/tt0091442/?ref_=sr_t_426,1986,1h 30m,R,4.1,690
427. Playing Beatie Bow,https://www.imdb.com/title/tt0091766/?ref_=sr_t_427,1986,1h 33m,Not Rated,5.7,368
428. A Man and a Woman: 20 Years Later,https://www.imdb.com/title/tt0092130/?ref_=sr_t_428,1986,1h 42m,PG,5.8,837
429. Dreamaniac,https://www.imdb.com/title/tt0124442/?ref_=sr_t_429,1986,1h 22m,Not Rated,3.4,695
430. Nude City,https://www.imdb.com/title/tt0374910/?ref_=sr_t_430,1986,,,,
431. Laughter in the Dark,https://www.imdb.com/title/tt3524506/?ref_=sr_t_431,1986,1h 44m,,6.9,28
432. Impure Thoughts,https://www.imdb.com/title/tt0089331/?ref_=sr_t_432,1986,1h 20m,PG,5.5,138
433. Il burbero,https://www.imdb.com/title/tt0092709/?ref_=sr_t_433,1986,1h 53m,,6.2,1.4K
434. Tahkhana,https://www.imdb.com/title/tt0260411/?ref_=sr_t_434,1986,1h 57m,Not Rated,5.6,271
435. Kamikaze,https://www.imdb.com/title/tt0091322/?ref_=sr_t_435,1986,1h 30m,,5.9,774
436. The Return of Billy Jack,https://www.imdb.com/title/tt3406608/?ref_=sr_t_436,1986,1h,,6.3,126
437. The Horse Thief,https://www.imdb.com/title/tt0090907/?ref_=sr_t_437,1986,1h 28m,Not Rated,6.8,1.6K
438. Fulaninha,https://www.imdb.com/title/tt0139227/?ref_=sr_t_438,1986,1h 40m,,6.1,104
439. Yue Yue,https://www.imdb.com/title/tt1315903/?ref_=sr_t_439,1986,1h 42m,,7.6,10
440. Beyond Innocence,https://www.imdb.com/title/tt0097194/?ref_=sr_t_440,1986,1h 30m,,4.6,132
441. Field of Honor,https://www.imdb.com/title/tt0091045/?ref_=sr_t_441,1986,1h 33m,R,5.0,186
442. Unmasking the Idol,https://www.imdb.com/title/tt0202046/?ref_=sr_t_442,1986,1h 30m,PG,5.2,395
443. Opposing Force,https://www.imdb.com/title/tt0091688/?ref_=sr_t_443,1986,1h 40m,R,5.2,982
444. The Longshot,https://www.imdb.com/title/tt0091430/?ref_=sr_t_444,1986,1h 29m,PG-13,5.4,754
445. They Were Eleven,https://www.imdb.com/title/tt0091309/?ref_=sr_t_445,1986,1h 31m,,7.0,676
446. Land of Doom,https://www.imdb.com/title/tt0190520/?ref_=sr_t_446,1986,1h 27m,Not Rated,3.6,814
447. Grandi magazzini,https://www.imdb.com/title/tt0091148/?ref_=sr_t_447,1986,1h 55m,,5.6,1.8K
448. Project A-Ko,https://www.imdb.com/title/tt0091794/?ref_=sr_t_448,1986,1h 26m,Unrated,6.8,1.5K
449. Arappatta Kettiya Graamathil,https://www.imdb.com/title/tt0248675/?ref_=sr_t_449,1986,1h 49m,,7.4,343
450. Miracles,https://www.imdb.com/title/tt0091524/?ref_=sr_t_450,1986,1h 27m,PG,5.2,646
451. Alex Holeh Ahavah,https://www.imdb.com/title/tt0133351/?ref_=sr_t_451,1986,1h 28m,,7.0,854
452. The Right Hand Man,https://www.imdb.com/title/tt0093861/?ref_=sr_t_452,1986,1h 37m,R,4.6,116
453. Bettada Thayi,https://www.imdb.com/title/tt1319605/?ref_=sr_t_453,1986,2h 11m,Not Rated,7.5,12
454. Panchagni,https://www.imdb.com/title/tt0215028/?ref_=sr_t_454,1986,2h 21m,,7.4,272
455. Comrades,https://www.imdb.com/title/tt0092772/?ref_=sr_t_455,1986,3h 3m,,7.3,954
456. Otello,https://www.imdb.com/title/tt0091699/?ref_=sr_t_456,1986,1h 58m,PG,6.9,633
457. The Aurora Encounter,https://www.imdb.com/title/tt0090675/?ref_=sr_t_457,1986,1h 30m,PG,4.4,371
458. Devar Bhabhi,https://www.imdb.com/title/tt2698460/?ref_=sr_t_458,1986,,,,
459. Barefoot Gen 2,https://www.imdb.com/title/tt0171357/?ref_=sr_t_459,1986,1h 25m,TV-PG,7.1,1.5K
460. Dendam Membara,https://www.imdb.com/title/tt0280671/?ref_=sr_t_460,1986,1h 28m,TV-MA,6.7,252
461. Killing Cars,https://www.imdb.com/title/tt0089416/?ref_=sr_t_461,1986,1h 44m,R,4.3,214
462. Armed Response,https://www.imdb.com/title/tt0090659/?ref_=sr_t_462,1986,1h 26m,R,5.1,796
463. Fontána pre Zuzanu,https://www.imdb.com/title/tt0213662/?ref_=sr_t_463,1986,1h 21m,,6.0,241
464. Butterflies in Heat,https://www.imdb.com/title/tt1824929/?ref_=sr_t_464,1986,1h 27m,,4.4,35
465. Flucht in den Norden,https://www.imdb.com/title/tt0089158/?ref_=sr_t_465,1986,1h 57m,,5.2,118
466. Una storia ambigua,https://www.imdb.com/title/tt0147550/?ref_=sr_t_466,1986,1h 26m,,5.7,45
467. Halik sa pisngi ng langit,https://www.imdb.com/title/tt2091310/?ref_=sr_t_467,1986,,,,
468. Lost Romance,https://www.imdb.com/title/tt0089576/?ref_=sr_t_468,1986,1h 32m,,6.6,104
469. Courier,https://www.imdb.com/title/tt0091364/?ref_=sr_t_469,1986,1h 28m,R,7.8,6K
470. Dust in the Wind,https://www.imdb.com/title/tt0091406/?ref_=sr_t_470,1986,1h 49m,Not Rated,7.6,3.4K
471. Nireekshana,https://www.imdb.com/title/tt0235625/?ref_=sr_t_471,1986,,,7.6,132
472. A Judgment in Stone,https://www.imdb.com/title/tt0091305/?ref_=sr_t_472,1986,1h 42m,R,5.3,209
473. Uphill All the Way,https://www.imdb.com/title/tt0090239/?ref_=sr_t_473,1986,1h 26m,PG,4.2,252
474. Family Council,https://www.imdb.com/title/tt0090874/?ref_=sr_t_474,1986,1h 38m,,5.3,583
475. A Lustful Mind,https://www.imdb.com/title/tt0091454/?ref_=sr_t_475,1986,1h 23m,,4.4,219
476. Ghost Fever,https://www.imdb.com/title/tt0093088/?ref_=sr_t_476,1986,1h 26m,PG,3.4,432
477. Amon Saga,https://www.imdb.com/title/tt0452130/?ref_=sr_t_477,1986,1h 20m,Unrated,5.6,290
478. Jock of the Bushveld,https://www.imdb.com/title/tt2306589/?ref_=sr_t_478,1986,1h 34m,Not Rated,7.5,121
479. Deux enfoirés à Saint-Tropez,https://www.imdb.com/title/tt0272071/?ref_=sr_t_479,1986,1h 27m,,3.6,194
480. Lola,https://www.imdb.com/title/tt0089499/?ref_=sr_t_480,1986,1h 46m,,5.6,265
481. Aap Ke Saath,https://www.imdb.com/title/tt0090577/?ref_=sr_t_481,1986,,,5.5,69
482. Las Vegas Serial Killer,https://www.imdb.com/title/tt0091380/?ref_=sr_t_482,1986,1h 27m,Not Rated,3.0,294
483. My Aunt,https://www.imdb.com/title/tt0287015/?ref_=sr_t_483,1986,1h 45m,,7.5,1.7K
484. Dagli Güvercin,https://www.imdb.com/title/tt0427119/?ref_=sr_t_484,1986,,,4.0,23
485. Captive,https://www.imdb.com/title/tt0090795/?ref_=sr_t_485,1986,1h 38m,R,4.6,468
486. Footrot Flats: The Dog's Tale,https://www.imdb.com/title/tt0131400/?ref_=sr_t_486,1986,1h 11m,PG,7.1,1.1K
487. The American Way,https://www.imdb.com/title/tt0091853/?ref_=sr_t_487,1986,1h 32m,R,5.7,545
488. Hyper Sapien: People from Another Star,https://www.imdb.com/title/tt0091238/?ref_=sr_t_488,1986,1h 32m,PG,4.7,304
489. Huele a gas,https://www.imdb.com/title/tt0257776/?ref_=sr_t_489,1986,1h 40m,,5.1,29
490. El viaje a ninguna parte,https://www.imdb.com/title/tt0090259/?ref_=sr_t_490,1986,2h 14m,,7.5,1.9K
491. Population: 1,https://www.imdb.com/title/tt0091781/?ref_=sr_t_491,1986,1h 12m,,7.0,114
492. Mort un dimanche de pluie,https://www.imdb.com/title/tt0091556/?ref_=sr_t_492,1986,1h 49m,,6.5,302
493. Yoksul,https://www.imdb.com/title/tt0253966/?ref_=sr_t_493,1986,1h 17m,,7.3,3.3K
494. Mouna Ragam,https://www.imdb.com/title/tt0091559/?ref_=sr_t_494,1986,2h 26m,,8.4,4.5K
495. Nagina,https://www.imdb.com/title/tt0091601/?ref_=sr_t_495,1986,2h 17m,Not Rated,6.4,1.2K
496. Ricky 1,https://www.imdb.com/title/tt0293557/?ref_=sr_t_496,1986,1h 30m,R,1.4,762
497. The Fantasist,https://www.imdb.com/title/tt0091032/?ref_=sr_t_497,1986,1h 38m,R,5.0,396
498. Mélo,https://www.imdb.com/title/tt0091507/?ref_=sr_t_498,1986,1h 52m,Not Rated,7.1,1.9K
499. The Supernaturals,https://www.imdb.com/title/tt0092030/?ref_=sr_t_499,1986,1h 31m,R,4.1,821
500. The Passage,https://www.imdb.com/title/tt0091730/?ref_=sr_t_500,1986,1h 20m,,4.6,673
