Title,Movie Link,Year,Duration,MPA,Rating,Votes
1. Star Wars: Episode IV - A New Hope,https://www.imdb.com/title/tt0076759/?ref_=sr_t_1,1977,2h 1m,PG,8.6,1.5M
2. Close Encounters of the Third Kind,https://www.imdb.com/title/tt0075860/?ref_=sr_t_2,1977,2h 18m,PG,7.6,223K
3. Smokey and the Bandit,https://www.imdb.com/title/tt0076729/?ref_=sr_t_3,1977,1h 36m,PG,7.0,59K
4. Saturday Night Fever,https://www.imdb.com/title/tt0076666/?ref_=sr_t_4,1977,1h 58m,R,6.8,90K
5. The Rescuers,https://www.imdb.com/title/tt0076618/?ref_=sr_t_5,1977,1h 17m,G,6.9,72K
6. A Bridge Too Far,https://www.imdb.com/title/tt0075784/?ref_=sr_t_6,1977,2h 55m,PG,7.4,63K
7. The Deep,https://www.imdb.com/title/tt0075925/?ref_=sr_t_7,1977,2h 3m,PG,6.2,14K
8. The Spy Who Loved Me,https://www.imdb.com/title/tt0076752/?ref_=sr_t_8,1977,2h 5m,PG,7.0,119K
"9. Oh, God!",https://www.imdb.com/title/tt0076489/?ref_=sr_t_9,1977,1h 38m,PG,6.6,11K
10. Pete's Dragon,https://www.imdb.com/title/tt0076538/?ref_=sr_t_10,1977,2h 8m,G,6.3,27K
11. Annie Hall,https://www.imdb.com/title/tt0075686/?ref_=sr_t_11,1977,1h 33m,PG,7.9,282K
12. Semi-Tough,https://www.imdb.com/title/tt0078227/?ref_=sr_t_12,1977,1h 48m,R,5.9,3.6K
13. Heroes,https://www.imdb.com/title/tt0076138/?ref_=sr_t_13,1977,1h 52m,PG,6.0,2.2K
14. High Anxiety,https://www.imdb.com/title/tt0076141/?ref_=sr_t_14,1977,1h 34m,PG,6.6,24K
15. Exorcist II: The Heretic,https://www.imdb.com/title/tt0076009/?ref_=sr_t_15,1977,1h 57m,R,3.8,29K
16. Herbie Goes to Monte Carlo,https://www.imdb.com/title/tt0076137/?ref_=sr_t_16,1977,1h 45m,G,5.6,8.3K
17. Slap Shot,https://www.imdb.com/title/tt0076723/?ref_=sr_t_17,1977,2h 3m,R,7.2,43K
18. The Gauntlet,https://www.imdb.com/title/tt0076070/?ref_=sr_t_18,1977,1h 49m,R,6.4,26K
19. The Turning Point,https://www.imdb.com/title/tt0076843/?ref_=sr_t_19,1977,1h 59m,PG,6.8,5.3K
20. The Other Side of Midnight,https://www.imdb.com/title/tt0076507/?ref_=sr_t_20,1977,2h 45m,R,6.0,2K
21. Looking for Mr. Goodbar,https://www.imdb.com/title/tt0076327/?ref_=sr_t_21,1977,2h 16m,R,6.7,8.9K
22. Julia,https://www.imdb.com/title/tt0076245/?ref_=sr_t_22,1977,1h 57m,PG,7.1,11K
23. The Bad News Bears in Breaking Training,https://www.imdb.com/title/tt0075718/?ref_=sr_t_23,1977,1h 40m,PG,5.6,3.8K
24. For the Love of Benji,https://www.imdb.com/title/tt0076044/?ref_=sr_t_24,1977,1h 25m,G,5.9,1.3K
"25. New York, New York",https://www.imdb.com/title/tt0076451/?ref_=sr_t_25,1977,2h 35m,PG,6.6,22K
26. Black Sunday,https://www.imdb.com/title/tt0075765/?ref_=sr_t_26,1977,2h 23m,R,6.8,9.3K
27. Orca,https://www.imdb.com/title/tt0076504/?ref_=sr_t_27,1977,1h 32m,PG,5.8,14K
28. Bobby Deerfield,https://www.imdb.com/title/tt0075774/?ref_=sr_t_28,1977,2h 4m,PG,5.8,4.8K
29. Islands in the Stream,https://www.imdb.com/title/tt0076211/?ref_=sr_t_29,1977,1h 44m,PG,6.5,1.7K
"30. Race for Your Life, Charlie Brown",https://www.imdb.com/title/tt0076591/?ref_=sr_t_30,1977,1h 16m,G,7.2,4.1K
31. March or Die,https://www.imdb.com/title/tt0076175/?ref_=sr_t_31,1977,1h 47m,PG,6.3,4.1K
32. Joseph Andrews,https://www.imdb.com/title/tt0076234/?ref_=sr_t_32,1977,1h 39m,R,5.6,692
33. Citizens Band,https://www.imdb.com/title/tt0076123/?ref_=sr_t_33,1977,1h 38m,PG,6.4,939
34. Fraternity Row,https://www.imdb.com/title/tt0076052/?ref_=sr_t_34,1977,1h 40m,PG,6.3,230
35. House,https://www.imdb.com/title/tt0076162/?ref_=sr_t_35,1977,1h 28m,Not Rated,7.3,36K
36. A Grin Without A Cat,https://www.imdb.com/title/tt0076042/?ref_=sr_t_36,1977,4h,,7.9,1.1K
"37. The Devil, Probably",https://www.imdb.com/title/tt0075938/?ref_=sr_t_37,1977,1h 35m,Not Rated,7.1,5K
38. Opening Night,https://www.imdb.com/title/tt0079672/?ref_=sr_t_38,1977,2h 24m,PG-13,7.9,13K
"39. One Sings, the Other Doesn't",https://www.imdb.com/title/tt0076855/?ref_=sr_t_39,1977,2h,Not Rated,7.4,2.8K
40. Goliathon,https://www.imdb.com/title/tt0076164/?ref_=sr_t_40,1977,1h 30m,PG-13,5.4,2.3K
41. Between the Lines,https://www.imdb.com/title/tt0075744/?ref_=sr_t_41,1977,1h 41m,R,6.6,1.5K
42. Short Eyes,https://www.imdb.com/title/tt0076706/?ref_=sr_t_42,1977,1h 40m,R,7.0,1.6K
43. The Last Wave,https://www.imdb.com/title/tt0076299/?ref_=sr_t_43,1977,1h 46m,PG,6.9,11K
44. 3 Women,https://www.imdb.com/title/tt0075612/?ref_=sr_t_44,1977,2h 4m,PG,7.7,18K
45. Suspiria,https://www.imdb.com/title/tt0076786/?ref_=sr_t_45,1977,1h 32m,R,7.3,110K
46. Soldier of Orange,https://www.imdb.com/title/tt0076734/?ref_=sr_t_46,1977,2h 45m,R,7.6,14K
47. Sexy Sisters,https://www.imdb.com/title/tt0075322/?ref_=sr_t_47,1977,1h 25m,Not Rated,4.4,894
48. Eraserhead,https://www.imdb.com/title/tt0074486/?ref_=sr_t_48,1977,1h 29m,Not Rated,7.3,132K
49. The Sentinel,https://www.imdb.com/title/tt0076683/?ref_=sr_t_49,1977,1h 32m,R,6.3,13K
50. Sorcerer,https://www.imdb.com/title/tt0076740/?ref_=sr_t_50,1977,2h 1m,PG,7.7,30K
51. Twilight's Last Gleaming,https://www.imdb.com/title/tt0076845/?ref_=sr_t_51,1977,2h 26m,R,6.7,3.9K
52. Bilitis,https://www.imdb.com/title/tt0075753/?ref_=sr_t_52,1977,1h 35m,R,5.3,2.6K
53. The Duellists,https://www.imdb.com/title/tt0075968/?ref_=sr_t_53,1977,1h 40m,PG,7.4,28K
54. Maladolescenza,https://www.imdb.com/title/tt0076749/?ref_=sr_t_54,1977,1h 34m,TV-MA,5.6,2.6K
55. Confessions from a Holiday Camp,https://www.imdb.com/title/tt0075875/?ref_=sr_t_55,1977,1h 28m,,4.3,1.2K
56. Wizards,https://www.imdb.com/title/tt0076929/?ref_=sr_t_56,1977,1h 20m,PG,6.3,13K
57. Come Play with Me,https://www.imdb.com/title/tt0075868/?ref_=sr_t_57,1977,1h 34m,,3.7,554
58. The Kentucky Fried Movie,https://www.imdb.com/title/tt0076257/?ref_=sr_t_58,1977,1h 23m,R,6.4,21K
59. That Obscure Object of Desire,https://www.imdb.com/title/tt0075824/?ref_=sr_t_59,1977,1h 43m,R,7.8,25K
60. The Hills Have Eyes,https://www.imdb.com/title/tt0077681/?ref_=sr_t_60,1977,1h 30m,R,6.3,41K
61. One on One,https://www.imdb.com/title/tt0076500/?ref_=sr_t_61,1977,1h 38m,PG,6.5,2.1K
62. Capricorn One,https://www.imdb.com/title/tt0077294/?ref_=sr_t_62,1977,2h 3m,PG,6.8,26K
63. Rabid,https://www.imdb.com/title/tt0076590/?ref_=sr_t_63,1977,1h 31m,R,6.3,22K
64. Airport '77,https://www.imdb.com/title/tt0075648/?ref_=sr_t_64,1977,1h 54m,PG,5.8,13K
65. The Many Adventures of Winnie the Pooh,https://www.imdb.com/title/tt0076363/?ref_=sr_t_65,1977,1h 14m,G,7.5,41K
66. Rolling Thunder,https://www.imdb.com/title/tt0076637/?ref_=sr_t_66,1977,1h 40m,R,6.9,13K
67. The Car,https://www.imdb.com/title/tt0075809/?ref_=sr_t_67,1977,1h 36m,PG,6.2,12K
68. Cross of Iron,https://www.imdb.com/title/tt0074695/?ref_=sr_t_68,1977,1h 59m,R,7.4,30K
69. Last Cannibal World,https://www.imdb.com/title/tt0078437/?ref_=sr_t_69,1977,1h 28m,R,5.9,4.3K
70. The Island of Dr. Moreau,https://www.imdb.com/title/tt0076210/?ref_=sr_t_70,1977,1h 39m,PG,5.9,7.4K
71. Death Game,https://www.imdb.com/title/tt0075921/?ref_=sr_t_71,1977,1h 31m,R,5.8,1.9K
72. Valentino,https://www.imdb.com/title/tt0076868/?ref_=sr_t_72,1977,2h 8m,R,6.1,2.3K
73. The Goodbye Girl,https://www.imdb.com/title/tt0076095/?ref_=sr_t_73,1977,1h 51m,PG,7.4,17K
74. Crime Busters,https://www.imdb.com/title/tt0074442/?ref_=sr_t_74,1977,1h 38m,PG,7.1,13K
75. The People That Time Forgot,https://www.imdb.com/title/tt0076535/?ref_=sr_t_75,1977,1h 31m,PG,5.4,3.7K
76. Alice or The Last Escapade,https://www.imdb.com/title/tt0074114/?ref_=sr_t_76,1977,1h 33m,,6.7,1.3K
77. Cinderella,https://www.imdb.com/title/tt0075849/?ref_=sr_t_77,1977,1h 34m,R,5.6,1K
78. Jabberwocky,https://www.imdb.com/title/tt0076221/?ref_=sr_t_78,1977,1h 45m,PG,6.1,16K
79. The White Buffalo,https://www.imdb.com/title/tt0076915/?ref_=sr_t_79,1977,1h 37m,PG,6.1,5.5K
80. The American Friend,https://www.imdb.com/title/tt0075675/?ref_=sr_t_80,1977,2h 8m,Not Rated,7.4,20K
81. Voodoo Passion,https://www.imdb.com/title/tt0076645/?ref_=sr_t_81,1977,1h 29m,Not Rated,4.4,822
82. Emanuelle Around the World,https://www.imdb.com/title/tt0075987/?ref_=sr_t_82,1977,1h 37m,R,4.8,1.2K
83. Equus,https://www.imdb.com/title/tt0075995/?ref_=sr_t_83,1977,2h 17m,R,7.1,8.9K
84. Demon Seed,https://www.imdb.com/title/tt0075931/?ref_=sr_t_84,1977,1h 34m,R,6.3,11K
85. Reel Savages,https://www.imdb.com/title/tt0241967/?ref_=sr_t_85,1977,1h 49m,,6.0,111
86. Sinbad and the Eye of the Tiger,https://www.imdb.com/title/tt0076716/?ref_=sr_t_86,1977,1h 53m,G,6.4,8.9K
87. ABBA: The Movie,https://www.imdb.com/title/tt0075617/?ref_=sr_t_87,1977,1h 35m,G,6.5,4K
88. Desperate Living,https://www.imdb.com/title/tt0075936/?ref_=sr_t_88,1977,1h 30m,X,7.0,6.1K
89. Madame Claude,https://www.imdb.com/title/tt0076347/?ref_=sr_t_89,1977,1h 49m,R,4.8,724
90. MacArthur,https://www.imdb.com/title/tt0076342/?ref_=sr_t_90,1977,2h 10m,PG,6.5,5.4K
91. First Love,https://www.imdb.com/title/tt0076033/?ref_=sr_t_91,1977,1h 32m,R,5.9,722
92. Sister Emanuelle,https://www.imdb.com/title/tt0078344/?ref_=sr_t_92,1977,1h 30m,16+,5.2,859
93. The Brothers Lionheart,https://www.imdb.com/title/tt0075790/?ref_=sr_t_93,1977,1h 46m,,7.1,7.2K
94. Nasty Diver,https://www.imdb.com/title/tt0227848/?ref_=sr_t_94,1977,1h 9m,,4.2,153
"95. Ilsa, the Wicked Warden",https://www.imdb.com/title/tt0076112/?ref_=sr_t_95,1977,1h 30m,X,4.5,2.8K
96. The Choirboys,https://www.imdb.com/title/tt0075845/?ref_=sr_t_96,1977,1h 59m,R,5.6,2K
97. Martin,https://www.imdb.com/title/tt0077914/?ref_=sr_t_97,1977,1h 35m,R,7.0,13K
98. The Bishop's Bedroom,https://www.imdb.com/title/tt0146289/?ref_=sr_t_98,1977,1h 50m,,6.4,1.1K
99. Adventures of a Private Eye,https://www.imdb.com/title/tt0075638/?ref_=sr_t_99,1977,1h 36m,R,4.3,675
100. Emanuelle in America,https://www.imdb.com/title/tt0074473/?ref_=sr_t_100,1977,1h 40m,Not Rated,5.2,2K
101. Grand Theft Auto,https://www.imdb.com/title/tt0076100/?ref_=sr_t_101,1977,1h 24m,PG,5.4,3K
102. A Special Day,https://www.imdb.com/title/tt0076085/?ref_=sr_t_102,1977,1h 46m,Approved,8.1,17K
103. The Ascent,https://www.imdb.com/title/tt0075404/?ref_=sr_t_103,1977,1h 51m,,8.2,11K
104. The Brute,https://www.imdb.com/title/tt0246469/?ref_=sr_t_104,1977,1h 30m,R,6.2,266
105. Emanuelle and the Last Cannibals,https://www.imdb.com/title/tt0075984/?ref_=sr_t_105,1977,1h 34m,R,5.0,3.4K
106. Pumping Iron,https://www.imdb.com/title/tt0076578/?ref_=sr_t_106,1977,1h 26m,PG,7.3,26K
107. The Debut,https://www.imdb.com/title/tt0075924/?ref_=sr_t_107,1977,1h 34m,,5.8,555
108. The Psychic,https://www.imdb.com/title/tt0075614/?ref_=sr_t_108,1977,1h 30m,R,6.8,6.9K
109. Stroszek,https://www.imdb.com/title/tt0075276/?ref_=sr_t_109,1977,1h 55m,Not Rated,7.7,16K
110. Shock,https://www.imdb.com/title/tt0075651/?ref_=sr_t_110,1977,1h 33m,R,6.3,4.9K
111. Emmanuelle 3,https://www.imdb.com/title/tt0077497/?ref_=sr_t_111,1977,1h 38m,R,4.0,2.1K
112. Casa privata per le SS,https://www.imdb.com/title/tt0083017/?ref_=sr_t_112,1977,1h 22m,Not Rated,4.2,765
113. The Beast in Heat,https://www.imdb.com/title/tt0076649/?ref_=sr_t_113,1977,1h 28m,Not Rated,3.7,2K
114. Nine Guests for a Crime,https://www.imdb.com/title/tt0074979/?ref_=sr_t_114,1977,1h 31m,,5.9,827
115. Tentacles,https://www.imdb.com/title/tt0076809/?ref_=sr_t_115,1977,1h 42m,PG,3.7,4.7K
116. Rollercoaster,https://www.imdb.com/title/tt0076636/?ref_=sr_t_116,1977,1h 59m,PG,6.3,7.1K
117. Damnation Alley,https://www.imdb.com/title/tt0075909/?ref_=sr_t_117,1977,1h 31m,PG,5.3,6K
118. The Incredible Melting Man,https://www.imdb.com/title/tt0076191/?ref_=sr_t_118,1977,1h 26m,R,4.3,5.4K
119. The Gestapo's Last Orgy,https://www.imdb.com/title/tt0074569/?ref_=sr_t_119,1977,1h 36m,Not Rated,4.4,1.7K
120. Fun with Dick and Jane,https://www.imdb.com/title/tt0076059/?ref_=sr_t_120,1977,1h 35m,PG,6.4,5K
121. Alucarda,https://www.imdb.com/title/tt0075666/?ref_=sr_t_121,1977,1h 18m,R,6.3,4.4K
122. Crazy Desires of a Murderer,https://www.imdb.com/title/tt0155360/?ref_=sr_t_122,1977,1h 29m,Not Rated,5.1,593
123. Candleshoe,https://www.imdb.com/title/tt0075807/?ref_=sr_t_123,1977,1h 41m,G,6.7,5.1K
"124. The Virgo, the Taurus and the Capricorn",https://www.imdb.com/title/tt0076873/?ref_=sr_t_124,1977,1h 32m,,5.3,359
125. Marquis de Sade's Justine,https://www.imdb.com/title/tt0075893/?ref_=sr_t_125,1977,1h 39m,Unrated,4.4,595
126. Kingdom of the Spiders,https://www.imdb.com/title/tt0076271/?ref_=sr_t_126,1977,1h 37m,PG,5.7,6.4K
127. Fantasm Comes Again,https://www.imdb.com/title/tt0076015/?ref_=sr_t_127,1977,1h 39m,X,4.4,430
128. Nurse Sherri,https://www.imdb.com/title/tt0076478/?ref_=sr_t_128,1977,1h 28m,R,3.8,924
129. Iphigenia,https://www.imdb.com/title/tt0076208/?ref_=sr_t_129,1977,2h 7m,Not Rated,7.7,2.2K
130. Tintorera: Killer Shark,https://www.imdb.com/title/tt0076825/?ref_=sr_t_130,1977,2h 6m,R,4.1,1.6K
131. That Strange Desire to Love,https://www.imdb.com/title/tt0076585/?ref_=sr_t_131,1977,1h 30m,,5.7,89
132. Fairy in a Cage,https://www.imdb.com/title/tt0226267/?ref_=sr_t_132,1977,1h 10m,,5.3,415
133. Death of a Corrupt Man,https://www.imdb.com/title/tt0076410/?ref_=sr_t_133,1977,2h 3m,Not Rated,6.8,2.8K
134. Telefon,https://www.imdb.com/title/tt0076804/?ref_=sr_t_134,1977,1h 42m,PG,6.5,6.5K
135. Crossed Swords,https://www.imdb.com/title/tt0077381/?ref_=sr_t_135,1977,1h 48m,PG,6.3,2.2K
136. Ilsa the Tigress of Siberia,https://www.imdb.com/title/tt0078398/?ref_=sr_t_136,1977,1h 25m,R,4.8,2K
137. Hidden Pleasures,https://www.imdb.com/title/tt0075069/?ref_=sr_t_137,1977,1h 35m,,6.7,426
138. Empire of the Ants,https://www.imdb.com/title/tt0075989/?ref_=sr_t_138,1977,1h 29m,PG,4.3,5.7K
139. The Haunting of Julia,https://www.imdb.com/title/tt0074611/?ref_=sr_t_139,1977,1h 38m,R,6.2,3.2K
140. Are You Being Served?,https://www.imdb.com/title/tt0075696/?ref_=sr_t_140,1977,1h 35m,Not Rated,6.1,3.1K
141. The Man Who Loved Women,https://www.imdb.com/title/tt0076155/?ref_=sr_t_141,1977,2h,Not Rated,7.4,7.5K
142. Naughty Freshmen,https://www.imdb.com/title/tt0076672/?ref_=sr_t_142,1977,1h 19m,R,3.8,255
143. Office Romance,https://www.imdb.com/title/tt0076727/?ref_=sr_t_143,1977,2h 39m,Not Rated,8.2,11K
144. Amar Akbar Anthony,https://www.imdb.com/title/tt0075669/?ref_=sr_t_144,1977,3h 4m,Not Rated,7.4,8.5K
145. Bhumika,https://www.imdb.com/title/tt0075747/?ref_=sr_t_145,1977,2h 22m,,7.4,733
146. Cinderella 2000,https://www.imdb.com/title/tt0075850/?ref_=sr_t_146,1977,1h 29m,R,3.5,675
147. Sextette,https://www.imdb.com/title/tt0078238/?ref_=sr_t_147,1977,1h 31m,PG,3.9,1.6K
148. Sweet Adolescents,https://www.imdb.com/title/tt0076445/?ref_=sr_t_148,1977,1h 48m,,6.3,392
149. The Serpent's Egg,https://www.imdb.com/title/tt0076686/?ref_=sr_t_149,1977,1h 59m,R,6.6,6.5K
150. Audrey Rose,https://www.imdb.com/title/tt0075704/?ref_=sr_t_150,1977,1h 53m,PG,5.8,6.9K
151. Chatterbox!,https://www.imdb.com/title/tt0075830/?ref_=sr_t_151,1977,1h 13m,R,5.0,862
152. Beach House,https://www.imdb.com/title/tt0075815/?ref_=sr_t_152,1977,1h 46m,,6.2,844
153. The Domino Principle,https://www.imdb.com/title/tt0075950/?ref_=sr_t_153,1977,1h 40m,R,5.7,3.1K
154. The Last Dinosaur,https://www.imdb.com/title/tt0076294/?ref_=sr_t_154,1977,1h 46m,Not Rated,5.3,1K
155. Shock Waves,https://www.imdb.com/title/tt0076704/?ref_=sr_t_155,1977,1h 25m,PG,5.4,6.6K
156. Day of the Animals,https://www.imdb.com/title/tt0075913/?ref_=sr_t_156,1977,1h 37m,PG,5.3,3.3K
157. Blue Sunshine,https://www.imdb.com/title/tt0074226/?ref_=sr_t_157,1977,1h 34m,R,5.9,3.4K
158. The Van,https://www.imdb.com/title/tt0075378/?ref_=sr_t_158,1977,1h 32m,R,4.6,1.1K
159. In a Wild Moment,https://www.imdb.com/title/tt0076849/?ref_=sr_t_159,1977,1h 21m,R,6.4,725
160. I Never Promised You a Rose Garden,https://www.imdb.com/title/tt0076172/?ref_=sr_t_160,1977,1h 36m,R,6.4,1.6K
161. Presídio de Mulheres Violentadas,https://www.imdb.com/title/tt0241848/?ref_=sr_t_161,1977,1h 27m,,5.9,61
162. Bad,https://www.imdb.com/title/tt0075679/?ref_=sr_t_162,1977,1h 45m,R,6.0,948
163. Some Like It Cool,https://www.imdb.com/title/tt0074290/?ref_=sr_t_163,1977,1h 40m,R,4.6,513
164. Sleeping Dogs,https://www.imdb.com/title/tt0076725/?ref_=sr_t_164,1977,1h 47m,Not Rated,6.3,1.7K
165. Black Deep Throat,https://www.imdb.com/title/tt0085605/?ref_=sr_t_165,1977,1h 27m,,3.5,220
166. Rituals,https://www.imdb.com/title/tt0076630/?ref_=sr_t_166,1977,1h 40m,R,6.2,3.2K
167. Long Live Ghosts!,https://www.imdb.com/title/tt0075703/?ref_=sr_t_167,1977,1h 25m,,7.6,770
168. The Uncanny,https://www.imdb.com/title/tt0076853/?ref_=sr_t_168,1977,1h 29m,Not Rated,5.7,2.4K
169. Satan's Cheerleaders,https://www.imdb.com/title/tt0076665/?ref_=sr_t_169,1977,1h 32m,R,4.1,1.3K
170. Which Way Is Up?,https://www.imdb.com/title/tt0076913/?ref_=sr_t_170,1977,1h 34m,R,6.2,2.1K
171. Jailbait Babysitter,https://www.imdb.com/title/tt0077762/?ref_=sr_t_171,1977,1h 14m,R,3.8,218
172. Love Letters of a Portuguese Nun,https://www.imdb.com/title/tt0076312/?ref_=sr_t_172,1977,1h 20m,Not Rated,5.4,1.3K
173. The Last Remake of Beau Geste,https://www.imdb.com/title/tt0076297/?ref_=sr_t_173,1977,1h 25m,PG,6.0,2.7K
174. Ham and Chips,https://www.imdb.com/title/tt0209052/?ref_=sr_t_174,1977,1h 26m,,5.8,113
175. A Piece of the Action,https://www.imdb.com/title/tt0076543/?ref_=sr_t_175,1977,2h 15m,PG,6.4,1.5K
176. Familien Gyldenkål vinder valget,https://www.imdb.com/title/tt0076014/?ref_=sr_t_176,1977,1h 21m,Not Rated,5.2,329
177. The World's Greatest Lover,https://www.imdb.com/title/tt0076933/?ref_=sr_t_177,1977,1h 29m,PG,5.7,2.3K
178. Nazi Love Camp 27,https://www.imdb.com/title/tt0140588/?ref_=sr_t_178,1977,1h 26m,R,4.6,423
179. The Late Show,https://www.imdb.com/title/tt0076301/?ref_=sr_t_179,1977,1h 33m,PG,6.9,3.5K
180. Breaker! Breaker!,https://www.imdb.com/title/tt0075783/?ref_=sr_t_180,1977,1h 26m,PG,4.3,3.9K
181. Oedipus orca,https://www.imdb.com/title/tt0897431/?ref_=sr_t_181,1977,1h 40m,,4.9,339
182. The Happy Hooker Goes to Washington,https://www.imdb.com/title/tt0076125/?ref_=sr_t_182,1977,1h 29m,R,3.5,698
183. Mimino,https://www.imdb.com/title/tt0076391/?ref_=sr_t_183,1977,1h 35m,PG,8.1,7.2K
184. The Greatest,https://www.imdb.com/title/tt0076111/?ref_=sr_t_184,1977,1h 41m,PG,5.9,1.7K
185. Taxi Girl,https://www.imdb.com/title/tt0076801/?ref_=sr_t_185,1977,1h 33m,,5.0,390
186. The Amsterdam Kill,https://www.imdb.com/title/tt0075677/?ref_=sr_t_186,1977,1h 30m,R,5.3,604
187. Prey,https://www.imdb.com/title/tt0086872/?ref_=sr_t_187,1977,1h 25m,Unrated,5.3,1.6K
188. Peppermint Soda,https://www.imdb.com/title/tt0075939/?ref_=sr_t_188,1977,1h 37m,PG,7.0,1.7K
189. Hitler's Last Train,https://www.imdb.com/title/tt0076836/?ref_=sr_t_189,1977,1h 15m,,3.4,562
190. Gulliver's Travels,https://www.imdb.com/title/tt0076119/?ref_=sr_t_190,1977,1h 21m,G,5.4,672
191. La soldatessa alla visita militare,https://www.imdb.com/title/tt0076735/?ref_=sr_t_191,1977,1h 24m,,4.8,300
192. Golden Rendezvous,https://www.imdb.com/title/tt0076091/?ref_=sr_t_192,1977,1h 41m,PG,5.4,628
193. The Black Panther,https://www.imdb.com/title/tt0075764/?ref_=sr_t_193,1977,1h 37m,R,6.7,866
194. Dot and the Kangaroo,https://www.imdb.com/title/tt0274470/?ref_=sr_t_194,1977,1h 11m,TV-Y7-FV,7.0,897
195. Joyride,https://www.imdb.com/title/tt0076239/?ref_=sr_t_195,1977,1h 32m,R,5.6,538
196. Watch Me When I Kill,https://www.imdb.com/title/tt0076068/?ref_=sr_t_196,1977,1h 36m,R,5.9,1.5K
197. Erotic Campus: Rape Reception,https://www.imdb.com/title/tt0285553/?ref_=sr_t_197,1977,1h 6m,,4.8,156
198. Supervan,https://www.imdb.com/title/tt0070756/?ref_=sr_t_198,1977,1h 31m,PG,3.9,386
199. Final Chapter: Walking Tall,https://www.imdb.com/title/tt0076028/?ref_=sr_t_199,1977,1h 52m,R,5.7,1.2K
200. The Joy of Flying,https://www.imdb.com/title/tt0076790/?ref_=sr_t_200,1977,1h 29m,R,4.4,239
201. Death Bed: The Bed That Eats,https://www.imdb.com/title/tt0385639/?ref_=sr_t_201,1977,1h 17m,Not Rated,4.3,2.7K
202. What's Up Nurse!,https://www.imdb.com/title/tt0076912/?ref_=sr_t_202,1977,1h 8m,Unrated,4.3,181
203. Sweeney!,https://www.imdb.com/title/tt0076788/?ref_=sr_t_203,1977,1h 38m,,6.7,1.7K
204. You Light Up My Life,https://www.imdb.com/title/tt0076941/?ref_=sr_t_204,1977,1h 30m,PG,4.8,857
205. My Daughter Hildegart,https://www.imdb.com/title/tt0076390/?ref_=sr_t_205,1977,1h 49m,,6.5,254
206. Summer City,https://www.imdb.com/title/tt0076780/?ref_=sr_t_206,1977,1h 23m,Not Rated,3.9,776
207. Hitch-Hike,https://www.imdb.com/title/tt0077188/?ref_=sr_t_207,1977,1h 44m,Unrated,6.8,3.3K
208. The King of the Street Cleaners,https://www.imdb.com/title/tt0253997/?ref_=sr_t_208,1977,1h 20m,,8.5,22K
209. Love Camp,https://www.imdb.com/title/tt0074548/?ref_=sr_t_209,1977,1h 19m,Not Rated,4.3,641
"210. Saban, Son of Saban",https://www.imdb.com/title/tt0253614/?ref_=sr_t_210,1977,1h 30m,,8.7,19K
211. Blue Rita,https://www.imdb.com/title/tt0167165/?ref_=sr_t_211,1977,1h 19m,Not Rated,4.6,668
212. Fight for Your Life,https://www.imdb.com/title/tt0076023/?ref_=sr_t_212,1977,1h 22m,R,6.3,1.8K
213. War of the Planets,https://www.imdb.com/title/tt0149677/?ref_=sr_t_213,1977,1h 29m,PG,2.9,1.1K
214. A Little Night Music,https://www.imdb.com/title/tt0076319/?ref_=sr_t_214,1977,2h 4m,PG,5.4,933
215. Erotic Sex Games,https://www.imdb.com/title/tt0193074/?ref_=sr_t_215,1977,1h 25m,,5.2,59
216. Tomorrow I'll Wake Up and Scald Myself with Tea,https://www.imdb.com/title/tt0213322/?ref_=sr_t_216,1977,1h 33m,,7.1,1.5K
217. End of the World,https://www.imdb.com/title/tt0075990/?ref_=sr_t_217,1977,1h 26m,PG,3.2,1.3K
218. Ha-Gan,https://www.imdb.com/title/tt0076121/?ref_=sr_t_218,1977,1h 30m,,5.5,126
"219. September 30, 1955",https://www.imdb.com/title/tt0078231/?ref_=sr_t_219,1977,1h 41m,PG,6.2,475
220. The Creature,https://www.imdb.com/title/tt0075889/?ref_=sr_t_220,1977,1h 40m,,5.8,285
221. The Great Smokey Roadblock,https://www.imdb.com/title/tt0074589/?ref_=sr_t_221,1977,1h 44m,PG,5.1,641
222. Kochaj albo rzuc,https://www.imdb.com/title/tt0077814/?ref_=sr_t_222,1977,1h 54m,,7.0,1.8K
"223. Messalina, Messalina",https://www.imdb.com/title/tt0076388/?ref_=sr_t_223,1977,1h 21m,Not Rated,4.0,323
224. California,https://www.imdb.com/title/tt0075796/?ref_=sr_t_224,1977,1h 38m,,6.6,755
225. The Squeeze,https://www.imdb.com/title/tt0076755/?ref_=sr_t_225,1977,1h 44m,R,6.3,882
226. Dracula's Dog,https://www.imdb.com/title/tt0077470/?ref_=sr_t_226,1977,1h 27m,R,4.4,1.7K
227. Padre Padrone,https://www.imdb.com/title/tt0076517/?ref_=sr_t_227,1977,1h 54m,Not Rated,7.2,4.5K
228. To Kill with Intrigue,https://www.imdb.com/title/tt0076227/?ref_=sr_t_228,1977,1h 46m,PG-13,5.3,1.4K
229. The Chosen,https://www.imdb.com/title/tt0077332/?ref_=sr_t_229,1977,1h 45m,R,5.5,1.7K
230. Fiona,https://www.imdb.com/title/tt0084051/?ref_=sr_t_230,1977,1h 20m,R,4.1,243
231. Where Time Began,https://www.imdb.com/title/tt0075389/?ref_=sr_t_231,1977,1h 27m,PG,4.8,807
232. Dogs,https://www.imdb.com/title/tt0074419/?ref_=sr_t_232,1977,1h 30m,R,4.8,1.1K
233. Silver Bears,https://www.imdb.com/title/tt0076715/?ref_=sr_t_233,1977,1h 53m,PG,6.0,1.6K
234. Cracking Up,https://www.imdb.com/title/tt0075886/?ref_=sr_t_234,1977,1h 9m,R,3.5,208
235. The Forbidden Room,https://www.imdb.com/title/tt0075682/?ref_=sr_t_235,1977,1h 42m,Not Rated,6.9,1.4K
236. A Dog Called... Vengeance,https://www.imdb.com/title/tt0075059/?ref_=sr_t_236,1977,1h 54m,,5.9,353
237. Special Education,https://www.imdb.com/title/tt0076744/?ref_=sr_t_237,1977,1h 50m,,8.3,2K
238. Olsenbanden og Dynamitt-Harry på sporet,https://www.imdb.com/title/tt0132380/?ref_=sr_t_238,1977,1h 38m,,6.5,884
239. Can I Do It 'Till I Need Glasses?,https://www.imdb.com/title/tt0075801/?ref_=sr_t_239,1977,1h 13m,R,4.2,525
240. No. 1 of the Secret Service,https://www.imdb.com/title/tt0076475/?ref_=sr_t_240,1977,1h 31m,PG,4.6,270
241. Hum Kisise Kum Naheen,https://www.imdb.com/title/tt0076167/?ref_=sr_t_241,1977,2h 49m,,7.1,576
242. The Mouse and His Child,https://www.imdb.com/title/tt0076416/?ref_=sr_t_242,1977,1h 23m,G,6.8,550
243. L'homme pressé,https://www.imdb.com/title/tt0076154/?ref_=sr_t_243,1977,1h 30m,,6.4,1K
244. Starship Invasions,https://www.imdb.com/title/tt0076760/?ref_=sr_t_244,1977,1h 29m,PG,3.6,1K
245. Executioners from Shaolin,https://www.imdb.com/title/tt0076168/?ref_=sr_t_245,1977,1h 40m,R,6.9,2K
246. The Consequence,https://www.imdb.com/title/tt0076280/?ref_=sr_t_246,1977,1h 40m,Not Rated,7.2,1.1K
247. Animal,https://www.imdb.com/title/tt0075683/?ref_=sr_t_247,1977,1h 31m,Not Rated,6.5,3.3K
248. Goodbye & Amen,https://www.imdb.com/title/tt0076096/?ref_=sr_t_248,1977,1h 50m,,6.7,368
"249. Elisa, My Life",https://www.imdb.com/title/tt0075983/?ref_=sr_t_249,1977,2h 5m,,7.3,1K
250. Providence,https://www.imdb.com/title/tt0076574/?ref_=sr_t_250,1977,1h 44m,R,7.5,3.6K
251. Mr. Billion,https://www.imdb.com/title/tt0076417/?ref_=sr_t_251,1977,1h 29m,PG,5.4,1.5K
252. Cara dolce nipote,https://www.imdb.com/title/tt0074282/?ref_=sr_t_252,1977,1h 27m,,4.3,148
253. Slavers,https://www.imdb.com/title/tt0075230/?ref_=sr_t_253,1977,1h 42m,R,4.6,186
254. Grayeagle,https://www.imdb.com/title/tt0077630/?ref_=sr_t_254,1977,1h 44m,PG,5.6,717
255. The Perfect Killer,https://www.imdb.com/title/tt0073566/?ref_=sr_t_255,1977,1h 25m,,4.8,169
256. Wifemistress,https://www.imdb.com/title/tt0076400/?ref_=sr_t_256,1977,1h 46m,R,6.8,646
257. Change of Sex,https://www.imdb.com/title/tt0074273/?ref_=sr_t_257,1977,1h 48m,,6.4,358
258. Tänzerinnen für Tanger,https://www.imdb.com/title/tt0124180/?ref_=sr_t_258,1977,1h 21m,,3.8,92
259. Anomalo fortio,https://www.imdb.com/title/tt0252889/?ref_=sr_t_259,1977,1h 30m,Not Rated,4.8,183
260. Madness of Love,https://www.imdb.com/title/tt0322378/?ref_=sr_t_260,1977,1h 40m,,6.3,54
261. The Girl with the Red Scarf,https://www.imdb.com/title/tt0263975/?ref_=sr_t_261,1977,1h 30m,,8.5,17K
262. Tabu,https://www.imdb.com/title/tt0076792/?ref_=sr_t_262,1977,1h 55m,TV-MA,4.5,195
263. In the Realm of Sex,https://www.imdb.com/title/tt0286951/?ref_=sr_t_263,1977,1h 26m,,5.6,73
264. Young Lady Chatterley,https://www.imdb.com/title/tt0076944/?ref_=sr_t_264,1977,1h 40m,R,5.2,1.3K
265. Yeti: Giant of the 20th Century,https://www.imdb.com/title/tt0076937/?ref_=sr_t_265,1977,1h 45m,Not Rated,4.1,848
266. Greased Lightning,https://www.imdb.com/title/tt0076106/?ref_=sr_t_266,1977,1h 36m,PG,6.4,2.1K
267. Des Teufels Advokat,https://www.imdb.com/title/tt0078378/?ref_=sr_t_267,1977,1h 49m,,6.2,92
268. Achtung! The Desert Tigers,https://www.imdb.com/title/tt0123934/?ref_=sr_t_268,1977,1h 23m,,3.2,220
269. Women's Camp 119,https://www.imdb.com/title/tt0074729/?ref_=sr_t_269,1977,1h 37m,,4.2,465
270. Viva Italia!,https://www.imdb.com/title/tt0078012/?ref_=sr_t_270,1977,1h 30m,R,7.0,2.2K
271. Il prefetto di ferro,https://www.imdb.com/title/tt0076564/?ref_=sr_t_271,1977,1h 58m,,7.0,703
272. The Invincible Armour,https://www.imdb.com/title/tt0076939/?ref_=sr_t_272,1977,1h 30m,Unrated,6.9,1.1K
273. Bang!,https://www.imdb.com/title/tt0075724/?ref_=sr_t_273,1977,1h 40m,,5.8,197
"274. The Cynic, the Rat and the Fist",https://www.imdb.com/title/tt0075852/?ref_=sr_t_274,1977,1h 40m,,6.7,1.3K
275. Yellow Emanuelle,https://www.imdb.com/title/tt0074914/?ref_=sr_t_275,1977,1h 46m,R,4.7,238
276. The Farmer,https://www.imdb.com/title/tt0072975/?ref_=sr_t_276,1977,1h 37m,R,6.2,495
277. Planet of Dinosaurs,https://www.imdb.com/title/tt0078089/?ref_=sr_t_277,1977,1h 24m,PG,3.8,2K
278. Olsen-banden deruda',https://www.imdb.com/title/tt0076495/?ref_=sr_t_278,1977,1h 45m,Not Rated,6.7,1.8K
279. The Grateful Dead,https://www.imdb.com/title/tt0076104/?ref_=sr_t_279,1977,2h 11m,PG,7.9,958
280. Pathinaru Vayathinile,https://www.imdb.com/title/tt0140448/?ref_=sr_t_280,1977,2h 19m,Not Rated,8.0,1.3K
"281. Stand Up, Virgin Soldiers",https://www.imdb.com/title/tt0076758/?ref_=sr_t_281,1977,1h 30m,,4.7,217
282. Climax,https://www.imdb.com/title/tt0075858/?ref_=sr_t_282,1977,1h 40m,,4.4,76
283. Beast with a Gun,https://www.imdb.com/title/tt0075740/?ref_=sr_t_283,1977,1h 31m,Unrated,5.9,1.3K
284. Wombling Free,https://www.imdb.com/title/tt0076931/?ref_=sr_t_284,1977,1h 36m,Not Rated,4.9,245
285. Le gang,https://www.imdb.com/title/tt0076065/?ref_=sr_t_285,1977,1h 40m,Not Rated,5.7,778
286. The Report,https://www.imdb.com/title/tt0076098/?ref_=sr_t_286,1977,1h 52m,,6.9,1.3K
287. How About a Plate of Spinach?,https://www.imdb.com/title/tt0074354/?ref_=sr_t_287,1977,1h 26m,,7.0,807
288. Captive Women 4,https://www.imdb.com/title/tt0074469/?ref_=sr_t_288,1977,1h 30m,Not Rated,3.7,642
289. Operation Thunderbolt,https://www.imdb.com/title/tt0076398/?ref_=sr_t_289,1977,2h 4m,PG,6.6,1.1K
290. Nasty Habits,https://www.imdb.com/title/tt0076440/?ref_=sr_t_290,1977,1h 36m,PG,6.0,421
291. Street Warriors,https://www.imdb.com/title/tt0075060/?ref_=sr_t_291,1977,1h 43m,,6.3,648
292. Chacha Bhatija,https://www.imdb.com/title/tt0213544/?ref_=sr_t_292,1977,2h 41m,,6.0,281
293. Hitler: A Career,https://www.imdb.com/title/tt0191182/?ref_=sr_t_293,1977,2h 30m,Not Rated,7.5,3.1K
294. Petey Wheatstraw,https://www.imdb.com/title/tt0078078/?ref_=sr_t_294,1977,1h 40m,R,6.1,1.6K
295. Gaudi in der Lederhose,https://www.imdb.com/title/tt0167948/?ref_=sr_t_295,1977,1h 15m,,3.7,85
296. Striptease,https://www.imdb.com/title/tt0075275/?ref_=sr_t_296,1977,1h 48m,,4.6,86
297. Unfinished Piece for the Player Piano,https://www.imdb.com/title/tt0076446/?ref_=sr_t_297,1977,1h 43m,,7.7,3.9K
298. The Child,https://www.imdb.com/title/tt0075838/?ref_=sr_t_298,1977,1h 22m,R,4.9,1.5K
299. The Pack,https://www.imdb.com/title/tt0076516/?ref_=sr_t_299,1977,1h 39m,PG,5.9,1.3K
300. Bad Georgia Road,https://www.imdb.com/title/tt0075717/?ref_=sr_t_300,1977,1h 26m,R,4.9,136
301. Hitler: A Film from Germany,https://www.imdb.com/title/tt0076147/?ref_=sr_t_301,1977,7h 22m,,7.5,924
302. Liebesgrüße aus der Lederhose 3: Sexexpress aus Oberbayern,https://www.imdb.com/title/tt0188828/?ref_=sr_t_302,1977,1h 28m,,4.1,85
303. An Average Little Man,https://www.imdb.com/title/tt0129794/?ref_=sr_t_303,1977,2h 2m,,7.8,3.2K
304. Viva Knievel!,https://www.imdb.com/title/tt0076890/?ref_=sr_t_304,1977,1h 46m,PG,3.5,1.4K
305. Man of Marble,https://www.imdb.com/title/tt0075902/?ref_=sr_t_305,1977,2h 40m,,7.7,4.9K
306. Cathy's Curse,https://www.imdb.com/title/tt0075820/?ref_=sr_t_306,1977,1h 22m,R,4.5,1.4K
307. Angela,https://www.imdb.com/title/tt0075681/?ref_=sr_t_307,1977,1h 31m,,5.6,229
308. Beyond Good and Evil,https://www.imdb.com/title/tt0075652/?ref_=sr_t_308,1977,2h 7m,,6.3,534
309. Yumeno Kyusaku's Girl Hell,https://www.imdb.com/title/tt0288898/?ref_=sr_t_309,1977,1h 32m,,5.7,119
310. Porno Nights of the World,https://www.imdb.com/title/tt0076469/?ref_=sr_t_310,1977,1h 28m,,4.0,232
311. Bizim Kiz,https://www.imdb.com/title/tt0280484/?ref_=sr_t_311,1977,1h 22m,,5.6,356
312. Highway Racer,https://www.imdb.com/title/tt0076555/?ref_=sr_t_312,1977,1h 41m,Not Rated,6.3,693
313. Billy Jack Goes to Washington,https://www.imdb.com/title/tt0075754/?ref_=sr_t_313,1977,2h 35m,Not Rated,4.4,852
314. A Man Called Blade,https://www.imdb.com/title/tt0076360/?ref_=sr_t_314,1977,1h 41m,Not Rated,6.5,2.1K
315. The Heroin Busters,https://www.imdb.com/title/tt0076877/?ref_=sr_t_315,1977,1h 34m,Not Rated,6.5,987
316. The Billion Dollar Hobo,https://www.imdb.com/title/tt0077238/?ref_=sr_t_316,1977,1h 36m,G,4.5,396
317. Axe,https://www.imdb.com/title/tt0075710/?ref_=sr_t_317,1977,1h 5m,R,4.8,1.6K
318. Vow of Chastity,https://www.imdb.com/title/tt0153599/?ref_=sr_t_318,1977,1h 27m,,5.1,91
319. Rape Me: Sexual Assault in a Hotel Room,https://www.imdb.com/title/tt0287489/?ref_=sr_t_319,1977,1h 11m,,5.5,30
320. Mattie the Goose-Boy,https://www.imdb.com/title/tt0142632/?ref_=sr_t_320,1977,1h 10m,,8.2,2.3K
321. Too Hot to Handle,https://www.imdb.com/title/tt0075339/?ref_=sr_t_321,1977,1h 25m,R,5.4,364
322. The Chess Players,https://www.imdb.com/title/tt0076696/?ref_=sr_t_322,1977,2h 9m,Not Rated,7.5,4.2K
323. Hitch Hike to Hell,https://www.imdb.com/title/tt0140174/?ref_=sr_t_323,1977,1h 27m,R,5.0,506
324. The Yellow Handkerchief,https://www.imdb.com/title/tt0076935/?ref_=sr_t_324,1977,1h 49m,,7.3,1.3K
325. The Guy from Harlem,https://www.imdb.com/title/tt0175694/?ref_=sr_t_325,1977,1h 26m,R,2.4,756
326. Roseland,https://www.imdb.com/title/tt0076639/?ref_=sr_t_326,1977,1h 44m,PG,6.0,559
327. Lude godine,https://www.imdb.com/title/tt0077879/?ref_=sr_t_327,1977,1h 23m,,7.4,1.8K
328. The Disappearance,https://www.imdb.com/title/tt0075944/?ref_=sr_t_328,1977,1h 31m,R,5.7,793
329. Blue Passion,https://www.imdb.com/title/tt0075759/?ref_=sr_t_329,1977,1h 36m,,3.9,144
330. Sisters of Death,https://www.imdb.com/title/tt0177226/?ref_=sr_t_330,1977,1h 27m,PG,4.3,1.3K
331. A Spiral of Mist,https://www.imdb.com/title/tt0147530/?ref_=sr_t_331,1977,1h 46m,,5.3,282
332. Moonshine County Express,https://www.imdb.com/title/tt0076409/?ref_=sr_t_332,1977,1h 35m,PG,5.8,511
333. Summerfield,https://www.imdb.com/title/tt0076782/?ref_=sr_t_333,1977,1h 35m,,6.7,427
334. The Cat,https://www.imdb.com/title/tt0076069/?ref_=sr_t_334,1977,1h 49m,,6.8,645
335. Stop Calling Me Baby!,https://www.imdb.com/title/tt0076401/?ref_=sr_t_335,1977,1h 40m,,5.0,217
336. Let Me Die a Woman,https://www.imdb.com/title/tt0077848/?ref_=sr_t_336,1977,1h 19m,X,5.2,516
337. Uncle Tom's Cabin,https://www.imdb.com/title/tt0260472/?ref_=sr_t_337,1977,1h 30m,R,5.2,147
338. Beauty and the Beast,https://www.imdb.com/title/tt0075738/?ref_=sr_t_338,1977,1h 38m,,5.4,128
339. Speedtrap,https://www.imdb.com/title/tt0076746/?ref_=sr_t_339,1977,1h 53m,PG,5.4,265
340. Golgo 13: Assignment Kowloon,https://www.imdb.com/title/tt0076281/?ref_=sr_t_340,1977,1h 33m,R,6.3,642
341. Smiling Eyes,https://www.imdb.com/title/tt0289967/?ref_=sr_t_341,1977,1h 37m,,8.4,7.9K
342. Death Promise,https://www.imdb.com/title/tt0165214/?ref_=sr_t_342,1977,1h 35m,R,5.0,751
343. Eyes Behind the Wall,https://www.imdb.com/title/tt0076485/?ref_=sr_t_343,1977,1h 25m,,5.9,343
344. Porno mukô sangenryô donari: Chikan yokochô,https://www.imdb.com/title/tt9580056/?ref_=sr_t_344,1977,1h 2m,,,
345. Secret Honeymoon: Rape Train,https://www.imdb.com/title/tt0287552/?ref_=sr_t_345,1977,1h 12m,,4.7,97
346. Terror of Frankenstein,https://www.imdb.com/title/tt0076881/?ref_=sr_t_346,1977,1h 32m,Not Rated,5.8,346
347. Ruby,https://www.imdb.com/title/tt0076644/?ref_=sr_t_347,1977,1h 25m,R,4.5,1.2K
348. Ecco noi per esempio...,https://www.imdb.com/title/tt0075972/?ref_=sr_t_348,1977,1h 50m,,5.5,617
349. This Is America,https://www.imdb.com/title/tt0141901/?ref_=sr_t_349,1977,1h 37m,R,5.9,322
350. Welcome to Blood City,https://www.imdb.com/title/tt0076909/?ref_=sr_t_350,1977,1h 36m,,5.0,567
351. Yamagola,https://www.imdb.com/title/tt0207222/?ref_=sr_t_351,1977,2h 29m,Not Rated,7.3,149
352. Charleston,https://www.imdb.com/title/tt0077319/?ref_=sr_t_352,1977,1h 53m,PG,5.5,1.1K
353. Armaguedon,https://www.imdb.com/title/tt0074153/?ref_=sr_t_353,1977,1h 35m,,6.1,812
354. The Crater Lake Monster,https://www.imdb.com/title/tt0075888/?ref_=sr_t_354,1977,1h 25m,PG,3.6,1.7K
355. Cop Killers,https://www.imdb.com/title/tt0228156/?ref_=sr_t_355,1977,1h 33m,R,5.5,331
"356. Gde ty, Bagira?",https://www.imdb.com/title/tt0338056/?ref_=sr_t_356,1977,1h 19m,,6.7,64
357. Erotiki teleti,https://www.imdb.com/title/tt0257632/?ref_=sr_t_357,1977,1h 30m,,4.0,106
358. Inquisition,https://www.imdb.com/title/tt0074687/?ref_=sr_t_358,1977,1h 30m,,6.1,652
359. Brothers Till We Die,https://www.imdb.com/title/tt0075720/?ref_=sr_t_359,1977,1h 40m,,6.6,874
360. The War in Space,https://www.imdb.com/title/tt0076902/?ref_=sr_t_360,1977,1h 31m,TV-PG,5.0,642
361. Cai zi ming hua xing ma,https://www.imdb.com/title/tt0291787/?ref_=sr_t_361,1977,,,4.6,12
362. Piger til søs,https://www.imdb.com/title/tt0076545/?ref_=sr_t_362,1977,1h 40m,,5.6,376
363. Soul Brothers of Kung Fu,https://www.imdb.com/title/tt0081539/?ref_=sr_t_363,1977,1h 30m,R,6.3,251
364. Madame Rosa,https://www.imdb.com/title/tt0076348/?ref_=sr_t_364,1977,1h 45m,PG,7.1,1.8K
365. Game Show Models,https://www.imdb.com/title/tt0076064/?ref_=sr_t_365,1977,1h 28m,R,4.5,160
366. Dharam Veer,https://www.imdb.com/title/tt0213611/?ref_=sr_t_366,1977,2h 45m,Not Rated,6.7,953
367. Shakir the Clumsy,https://www.imdb.com/title/tt0253621/?ref_=sr_t_367,1977,1h 21m,,8.0,9.4K
368. Cherry Hill High,https://www.imdb.com/title/tt0074306/?ref_=sr_t_368,1977,1h 27m,R,4.0,177
369. Bir Tanem,https://www.imdb.com/title/tt6536430/?ref_=sr_t_369,1977,1h 16m,,4.3,16
370. The Fruit Is Ripe,https://www.imdb.com/title/tt0074591/?ref_=sr_t_370,1977,1h 35m,R,5.4,658
371. Vanessa,https://www.imdb.com/title/tt0076869/?ref_=sr_t_371,1977,1h 31m,R,5.4,614
"372. Baxter, Vera Baxter",https://www.imdb.com/title/tt0074190/?ref_=sr_t_372,1977,1h 35m,Not Rated,6.0,669
373. Godzilla,https://www.imdb.com/title/tt1543211/?ref_=sr_t_373,1977,1h 46m,TV-MA,5.2,603
374. The Purple Taxi,https://www.imdb.com/title/tt0076851/?ref_=sr_t_374,1977,1h 47m,R,6.5,673
375. Marche pas sur mes lacets,https://www.imdb.com/title/tt0076309/?ref_=sr_t_375,1977,1h 25m,R,3.9,101
376. La Menace,https://www.imdb.com/title/tt0076384/?ref_=sr_t_376,1977,1h 57m,,6.6,937
377. Camouflage,https://www.imdb.com/title/tt0075730/?ref_=sr_t_377,1977,1h 46m,Not Rated,7.3,1.8K
378. SS Lager 5: L'inferno delle donne,https://www.imdb.com/title/tt0147310/?ref_=sr_t_378,1977,1h 36m,,4.0,661
379. Blood and Diamonds,https://www.imdb.com/title/tt0075940/?ref_=sr_t_379,1977,1h 43m,,6.4,387
380. Il ginecologo della mutua,https://www.imdb.com/title/tt0076083/?ref_=sr_t_380,1977,1h 18m,,4.5,214
"381. Man, Woman and Beast",https://www.imdb.com/title/tt0147651/?ref_=sr_t_381,1977,1h 44m,Not Rated,6.0,396
382. The Glitterball,https://www.imdb.com/title/tt0192075/?ref_=sr_t_382,1977,56m,,6.2,282
383. Lakshmi Nivasa,https://www.imdb.com/title/tt1364248/?ref_=sr_t_383,1977,2h 5m,Not Rated,,
384. Pedro Paramo,https://www.imdb.com/title/tt0329492/?ref_=sr_t_384,1977,3h,,7.6,89
385. Beauties by Night,https://www.imdb.com/title/tt0328886/?ref_=sr_t_385,1977,1h 40m,,6.8,99
386. Abar,https://www.imdb.com/title/tt0122116/?ref_=sr_t_386,1977,1h 42m,PG,4.3,554
387. Spoiled Children,https://www.imdb.com/title/tt0075933/?ref_=sr_t_387,1977,1h 53m,,6.4,370
388. Gay USA,https://www.imdb.com/title/tt0077599/?ref_=sr_t_388,1977,1h 18m,,7.3,512
389. Destruction Force,https://www.imdb.com/title/tt0075722/?ref_=sr_t_389,1977,1h 35m,,5.9,475
390. Seibo Kannon daibosatsu,https://www.imdb.com/title/tt0230749/?ref_=sr_t_390,1977,1h 30m,,6.0,72
391. Perfumed Nightmare,https://www.imdb.com/title/tt0076341/?ref_=sr_t_391,1977,1h 33m,,6.9,947
392. Fekete gyémántok,https://www.imdb.com/title/tt0074522/?ref_=sr_t_392,1977,2h 46m,,7.4,145
393. Daana Veera Soora Karna,https://www.imdb.com/title/tt0259261/?ref_=sr_t_393,1977,3h 53m,,8.9,963
394. The Red Nights of the Gestapo,https://www.imdb.com/title/tt0076337/?ref_=sr_t_394,1977,1h 36m,,4.4,342
395. Doosara Aadmi,https://www.imdb.com/title/tt0301215/?ref_=sr_t_395,1977,2h 17m,Not Rated,6.6,354
396. The Lacemaker,https://www.imdb.com/title/tt0075932/?ref_=sr_t_396,1977,1h 47m,R,7.4,3.1K
397. Alt på et bræt,https://www.imdb.com/title/tt0075663/?ref_=sr_t_397,1977,1h 25m,,6.4,431
398. The Hunters,https://www.imdb.com/title/tt0076286/?ref_=sr_t_398,1977,2h 48m,,7.5,1.1K
399. Clans of Intrigue,https://www.imdb.com/title/tt0075833/?ref_=sr_t_399,1977,1h 42m,,6.9,402
400. Broken Oath,https://www.imdb.com/title/tt0076550/?ref_=sr_t_400,1977,1h 42m,,6.9,309
"401. Pas på ryggen, professor!",https://www.imdb.com/title/tt0076528/?ref_=sr_t_401,1977,1h 27m,,4.3,75
402. Female Teacher,https://www.imdb.com/title/tt0226253/?ref_=sr_t_402,1977,1h 40m,,5.8,34
403. The Getting of Wisdom,https://www.imdb.com/title/tt0076079/?ref_=sr_t_403,1977,1h 41m,Not Rated,6.5,581
"404. Another Man, Another Chance",https://www.imdb.com/title/tt0076847/?ref_=sr_t_404,1977,2h 16m,PG,6.3,654
405. The Chaos Class Is on Vacation,https://www.imdb.com/title/tt0252489/?ref_=sr_t_405,1977,1h 37m,,8.6,19K
406. Almost King,https://www.imdb.com/title/tt0074643/?ref_=sr_t_406,1977,1h 26m,,6.5,332
407. La guerra de papá,https://www.imdb.com/title/tt0076116/?ref_=sr_t_407,1977,1h 31m,,5.9,269
408. Thunder and Lightning,https://www.imdb.com/title/tt0076820/?ref_=sr_t_408,1977,1h 35m,PG,5.3,566
409. Tell Her That I Love Her,https://www.imdb.com/title/tt0075946/?ref_=sr_t_409,1977,1h 47m,,6.6,707
410. Puika,https://www.imdb.com/title/tt0829267/?ref_=sr_t_410,1977,1h 37m,,7.1,104
411. Disposta a tutto,https://www.imdb.com/title/tt0077441/?ref_=sr_t_411,1977,1h 34m,,5.8,105
412. Le juge Fayard dit Le Shériff,https://www.imdb.com/title/tt0076242/?ref_=sr_t_412,1977,1h 52m,,7.2,866
413. La llamada del sexo,https://www.imdb.com/title/tt0074810/?ref_=sr_t_413,1977,1h 28m,,5.8,81
414. Target of an Assassin,https://www.imdb.com/title/tt0075307/?ref_=sr_t_414,1977,1h 45m,PG,4.8,440
415. Spartacus,https://www.imdb.com/title/tt0177245/?ref_=sr_t_415,1977,1h 35m,,6.2,79
416. Mrigayaa,https://www.imdb.com/title/tt0074926/?ref_=sr_t_416,1977,1h 59m,,6.8,168
417. Maschio latino cercasi,https://www.imdb.com/title/tt0128330/?ref_=sr_t_417,1977,1h 30m,,4.5,77
418. El transexual,https://www.imdb.com/title/tt0076837/?ref_=sr_t_418,1977,1h 18m,,5.0,57
419. Samad in the Way of Dragon,https://www.imdb.com/title/tt0076656/?ref_=sr_t_419,1977,1h 57m,,6.8,338
420. Dinastía de la muerte,https://www.imdb.com/title/tt0205012/?ref_=sr_t_420,1977,,,8.2,38
421. Curse of the God Dog,https://www.imdb.com/title/tt1987590/?ref_=sr_t_421,1977,1h 43m,,5.9,211
422. The Ransom,https://www.imdb.com/title/tt0076598/?ref_=sr_t_422,1977,1h 30m,PG,5.1,685
423. Aci Hatiralar,https://www.imdb.com/title/tt0279624/?ref_=sr_t_423,1977,1h 33m,,4.8,124
424. Ieoh Island,https://www.imdb.com/title/tt0151073/?ref_=sr_t_424,1977,1h 50m,,6.6,538
425. The Shaolin Plot,https://www.imdb.com/title/tt0076707/?ref_=sr_t_425,1977,1h 50m,Not Rated,6.7,266
426. Dear Inspector,https://www.imdb.com/title/tt0076808/?ref_=sr_t_426,1977,1h 45m,PG,6.7,1.2K
427. Skytten,https://www.imdb.com/title/tt0076722/?ref_=sr_t_427,1977,1h 25m,,6.2,294
428. The Black Pearl,https://www.imdb.com/title/tt0074212/?ref_=sr_t_428,1977,1h 35m,PG,6.6,83
429. Pas koji je voleo vozove,https://www.imdb.com/title/tt0124825/?ref_=sr_t_429,1977,1h 31m,Unrated,7.2,598
430. Parvarish,https://www.imdb.com/title/tt0076527/?ref_=sr_t_430,1977,2h 42m,Not Rated,6.8,1.1K
"431. Pardon Mon Affaire, Too!",https://www.imdb.com/title/tt0076470/?ref_=sr_t_431,1977,1h 50m,PG,6.8,1.4K
432. The Private Files of J. Edgar Hoover,https://www.imdb.com/title/tt0076567/?ref_=sr_t_432,1977,1h 52m,PG,6.1,819
433. Hokuriku Proxy War,https://www.imdb.com/title/tt0076148/?ref_=sr_t_433,1977,1h 38m,,7.0,214
434. Scalpel,https://www.imdb.com/title/tt0074510/?ref_=sr_t_434,1977,1h 35m,R,6.4,951
435. Es pecado... pero me gusta,https://www.imdb.com/title/tt0075998/?ref_=sr_t_435,1977,1h 30m,,4.8,55
436. A Hero Ain't Nothin' But a Sandwich,https://www.imdb.com/title/tt0077669/?ref_=sr_t_436,1977,1h 47m,PG,6.8,401
437. The Shadow of Chikara,https://www.imdb.com/title/tt0078240/?ref_=sr_t_437,1977,1h 54m,PG,5.3,490
438. La muerte de un gallero,https://www.imdb.com/title/tt0251278/?ref_=sr_t_438,1977,1h 55m,Not Rated,7.9,41
439. Age of Innocence,https://www.imdb.com/title/tt0075640/?ref_=sr_t_439,1977,1h 41m,,5.7,220
440. Lucio Flavio,https://www.imdb.com/title/tt0077878/?ref_=sr_t_440,1977,1h 58m,,7.4,936
441. Boys,https://www.imdb.com/title/tt0075962/?ref_=sr_t_441,1977,1h 23m,,6.3,291
442. Stunts,https://www.imdb.com/title/tt0076776/?ref_=sr_t_442,1977,1h 29m,PG,5.5,757
443. Mr. Mean,https://www.imdb.com/title/tt0076418/?ref_=sr_t_443,1977,1h 38m,R,4.6,132
444. Fraude matrimonial,https://www.imdb.com/title/tt0074547/?ref_=sr_t_444,1977,1h 59m,,4.8,16
445. Fist of Fury II,https://www.imdb.com/title/tt0074313/?ref_=sr_t_445,1977,1h 44m,R,5.8,622
446. Hajka,https://www.imdb.com/title/tt0124701/?ref_=sr_t_446,1977,1h 44m,,7.0,258
447. Iron Fisted Monk,https://www.imdb.com/title/tt0076659/?ref_=sr_t_447,1977,1h 33m,R,6.6,1.1K
448. The 7 Grandmasters,https://www.imdb.com/title/tt0182666/?ref_=sr_t_448,1977,1h 29m,Unrated,7.0,1K
449. Adavi Ramudu,https://www.imdb.com/title/tt0257362/?ref_=sr_t_449,1977,2h 39m,,6.7,134
450. L'ange et la femme,https://www.imdb.com/title/tt0075680/?ref_=sr_t_450,1977,1h 28m,,5.9,174
451. Hellish Flesh,https://www.imdb.com/title/tt0074683/?ref_=sr_t_451,1977,1h 25m,,5.4,309
452. Escola Penal de Meninas Violentadas,https://www.imdb.com/title/tt0241418/?ref_=sr_t_452,1977,1h 26m,,4.9,85
453. Black Journal,https://www.imdb.com/title/tt0076099/?ref_=sr_t_453,1977,1h 55m,,6.3,547
454. Scott Joplin,https://www.imdb.com/title/tt0076674/?ref_=sr_t_454,1977,1h 36m,PG,6.5,413
455. El moro de Cumpas,https://www.imdb.com/title/tt0316277/?ref_=sr_t_455,1977,1h 33m,Not Rated,4.9,27
456. Hærværk,https://www.imdb.com/title/tt0076171/?ref_=sr_t_456,1977,2h 12m,,6.2,255
457. Claws,https://www.imdb.com/title/tt0075857/?ref_=sr_t_457,1977,1h 40m,PG,4.1,364
458. Kleinhoff Hotel,https://www.imdb.com/title/tt0076275/?ref_=sr_t_458,1977,1h 45m,R,5.2,262
459. Prime Time,https://www.imdb.com/title/tt0162854/?ref_=sr_t_459,1977,1h 15m,R,4.9,423
460. Day of Violence,https://www.imdb.com/title/tt0172919/?ref_=sr_t_460,1977,1h 31m,,5.7,170
461. White Bim Black Ear,https://www.imdb.com/title/tt0077222/?ref_=sr_t_461,1977,3h 2m,PG,8.0,2.5K
462. Iarna bobocilor,https://www.imdb.com/title/tt0121390/?ref_=sr_t_462,1977,1h 31m,,7.2,227
463. Hot Ice,https://www.imdb.com/title/tt0129148/?ref_=sr_t_463,1977,1h 34m,R,3.9,107
464. Bala Gau Kashi Angai,https://www.imdb.com/title/tt2645086/?ref_=sr_t_464,1977,2h 15m,,7.5,21
465. Gizmo!,https://www.imdb.com/title/tt0074573/?ref_=sr_t_465,1977,1h 17m,G,7.7,463
466. Shirdi Ke Sai Baba,https://www.imdb.com/title/tt0300475/?ref_=sr_t_466,1977,2h 20m,,7.5,277
467. Babruvahana,https://www.imdb.com/title/tt0233270/?ref_=sr_t_467,1977,2h 40m,Not Rated,8.8,499
468. Alambrista!,https://www.imdb.com/title/tt0075654/?ref_=sr_t_468,1977,1h 50m,Not Rated,7.3,847
469. Pembalasan Si Pitung,https://www.imdb.com/title/tt0347759/?ref_=sr_t_469,1977,1h 35m,,7.7,313
470. Outsiders,https://www.imdb.com/title/tt0077309/?ref_=sr_t_470,1977,2h,Not Rated,6.6,1.2K
471. Twilight of Love,https://www.imdb.com/title/tt0076468/?ref_=sr_t_471,1977,1h 33m,R,4.8,110
472. Garimpeiras do Sexo,https://www.imdb.com/title/tt0437203/?ref_=sr_t_472,1977,1h 33m,,,
473. I Am Afraid,https://www.imdb.com/title/tt0076206/?ref_=sr_t_473,1977,2h,,7.4,706
474. Die Standarte,https://www.imdb.com/title/tt0074060/?ref_=sr_t_474,1977,2h,,5.9,88
475. Videsh,https://www.imdb.com/title/tt1565053/?ref_=sr_t_475,1977,2h 12m,,4.9,13
476. Jack,https://www.imdb.com/title/tt0074704/?ref_=sr_t_476,1977,1h 59m,,5.6,534
477. The Chicken Chronicles,https://www.imdb.com/title/tt0075836/?ref_=sr_t_477,1977,1h 35m,PG,5.2,393
478. Thieves,https://www.imdb.com/title/tt0076815/?ref_=sr_t_478,1977,1h 32m,PG,4.6,192
479. The Devil's Island,https://www.imdb.com/title/tt0076090/?ref_=sr_t_479,1977,2h 21m,,6.4,264
480. Death Steps in the Dark,https://www.imdb.com/title/tt0076531/?ref_=sr_t_480,1977,1h 31m,,5.6,386
481. Karm,https://www.imdb.com/title/tt0158698/?ref_=sr_t_481,1977,2h 36m,,6.6,94
482. À chacun son enfer,https://www.imdb.com/title/tt0076960/?ref_=sr_t_482,1977,1h 45m,,7.1,258
483. Ruzové sny,https://www.imdb.com/title/tt0167382/?ref_=sr_t_483,1977,1h 21m,,7.2,322
484. Joyride to Nowhere,https://www.imdb.com/title/tt0077778/?ref_=sr_t_484,1977,1h 26m,PG,4.3,112
485. Dynasty,https://www.imdb.com/title/tt0165742/?ref_=sr_t_485,1977,1h 34m,R,5.9,148
486. Big Time,https://www.imdb.com/title/tt0185931/?ref_=sr_t_486,1977,1h 36m,PG,5.8,40
487. Dream Girl,https://www.imdb.com/title/tt0157556/?ref_=sr_t_487,1977,,,6.0,249
488. Around the World with Bolek and Lolek,https://www.imdb.com/title/tt0076922/?ref_=sr_t_488,1977,1h 41m,,7.3,327
489. Outrageous!,https://www.imdb.com/title/tt0076513/?ref_=sr_t_489,1977,1h 36m,R,6.9,1K
490. Return to Boggy Creek,https://www.imdb.com/title/tt0078159/?ref_=sr_t_490,1977,1h 25m,G,2.9,705
491. Double Nickels,https://www.imdb.com/title/tt0075956/?ref_=sr_t_491,1977,1h 29m,PG,5.0,214
492. Avantazh,https://www.imdb.com/title/tt0077190/?ref_=sr_t_492,1977,2h 18m,,7.5,265
493. A Portrait of the Artist as a Young Man,https://www.imdb.com/title/tt0079740/?ref_=sr_t_493,1977,1h 38m,Not Rated,6.2,236
494. Del amor y de la muerte,https://www.imdb.com/title/tt0075926/?ref_=sr_t_494,1977,1h 22m,,5.5,43
495. No alla violenza,https://www.imdb.com/title/tt0195097/?ref_=sr_t_495,1977,1h 33m,,6.2,57
496. Khoon Pasina,https://www.imdb.com/title/tt0076259/?ref_=sr_t_496,1977,3h 30m,Not Rated,6.0,422
497. Comme la lune,https://www.imdb.com/title/tt0210620/?ref_=sr_t_497,1977,1h 30m,,6.7,320
498. 10 Brothers of Shaolin,https://www.imdb.com/title/tt0201236/?ref_=sr_t_498,1977,1h 30m,Not Rated,5.3,159
499. The Bionic Boy,https://www.imdb.com/title/tt0387072/?ref_=sr_t_499,1977,1h 35m,,5.5,90
500. Aashiq Hoon Baharon Ka,https://www.imdb.com/title/tt0178207/?ref_=sr_t_500,1977,2h 16m,,5.5,104
