Title,Movie Link,Year,Duration,MPA,Rating,Votes
1. The Godfather,https://www.imdb.com/title/tt0068646/?ref_=sr_t_1,1972,2h 55m,R,9.2,2.1M
2. The Poseidon Adventure,https://www.imdb.com/title/tt0069113/?ref_=sr_t_2,1972,1h 57m,PG,7.1,51K
"3. What's Up, Doc?",https://www.imdb.com/title/tt0069495/?ref_=sr_t_3,1972,1h 34m,G,7.7,28K
4. Last Tango in Paris,https://www.imdb.com/title/tt0070849/?ref_=sr_t_4,1972,2h 9m,NC-17,6.8,60K
5. Everything You Always Wanted to Know About Sex * But Were Afraid to Ask,https://www.imdb.com/title/tt0068555/?ref_=sr_t_5,1972,1h 28m,R,6.7,43K
6. Conquest of the Planet of the Apes,https://www.imdb.com/title/tt0068408/?ref_=sr_t_6,1972,1h 28m,PG,6.1,39K
7. Joe Kidd,https://www.imdb.com/title/tt0068768/?ref_=sr_t_7,1972,1h 28m,PG,6.4,22K
8. Elvis on Tour,https://www.imdb.com/title/tt0068537/?ref_=sr_t_8,1972,1h 33m,G,7.5,1.9K
9. The Discreet Charm of the Bourgeoisie,https://www.imdb.com/title/tt0068361/?ref_=sr_t_9,1972,1h 42m,PG,7.8,48K
10. A Cop,https://www.imdb.com/title/tt0067900/?ref_=sr_t_10,1972,1h 38m,PG,7.0,11K
11. Cousin Jules,https://www.imdb.com/title/tt0128142/?ref_=sr_t_11,1972,1h 31m,Not Rated,7.6,264
12. Solaris,https://www.imdb.com/title/tt0069293/?ref_=sr_t_12,1972,2h 47m,PG,7.9,101K
13. We Won't Grow Old Together,https://www.imdb.com/title/tt0069027/?ref_=sr_t_13,1972,1h 50m,Not Rated,7.2,2.2K
14. The Bitter Tears of Petra von Kant,https://www.imdb.com/title/tt0068278/?ref_=sr_t_14,1972,2h 4m,Not Rated,7.5,12K
15. The Merchant of Four Seasons,https://www.imdb.com/title/tt0067227/?ref_=sr_t_15,1972,1h 28m,Not Rated,7.3,5.4K
16. Cesar & Rosalie,https://www.imdb.com/title/tt0068441/?ref_=sr_t_16,1972,1h 44m,R,7.3,4K
17. Deliverance,https://www.imdb.com/title/tt0068473/?ref_=sr_t_17,1972,1h 49m,R,7.6,123K
18. Cabaret,https://www.imdb.com/title/tt0068327/?ref_=sr_t_18,1972,2h 4m,PG,7.8,61K
19. Pink Flamingos,https://www.imdb.com/title/tt0069089/?ref_=sr_t_19,1972,1h 33m,NC-17,6.0,29K
20. The Canterbury Tales,https://www.imdb.com/title/tt0067647/?ref_=sr_t_20,1972,1h 51m,NC-17,6.3,8.5K
"21. Silent Night, Bloody Night",https://www.imdb.com/title/tt0070694/?ref_=sr_t_21,1972,1h 25m,R,5.2,5.2K
22. The Cowboys,https://www.imdb.com/title/tt0068421/?ref_=sr_t_22,1972,2h 14m,GP,7.4,16K
23. Fritz the Cat,https://www.imdb.com/title/tt0068612/?ref_=sr_t_23,1972,1h 18m,Not Rated,6.2,15K
24. Jeremiah Johnson,https://www.imdb.com/title/tt0068762/?ref_=sr_t_24,1972,1h 48m,GP,7.6,36K
"25. Aguirre, the Wrath of God",https://www.imdb.com/title/tt0068182/?ref_=sr_t_25,1972,1h 35m,Not Rated,7.8,64K
26. The Last House on the Left,https://www.imdb.com/title/tt0068833/?ref_=sr_t_26,1972,1h 24m,R,5.8,42K
27. Frenzy,https://www.imdb.com/title/tt0068611/?ref_=sr_t_27,1972,1h 56m,R,7.4,51K
28. The Day the Clown Cried,https://www.imdb.com/title/tt0068451/?ref_=sr_t_28,1972,1h 30m,,,
29. Silent Running,https://www.imdb.com/title/tt0067756/?ref_=sr_t_29,1972,1h 29m,G,6.6,32K
30. The Mechanic,https://www.imdb.com/title/tt0068931/?ref_=sr_t_30,1972,1h 40m,PG,6.8,17K
31. The Getaway,https://www.imdb.com/title/tt0068638/?ref_=sr_t_31,1972,2h 3m,PG,7.3,37K
32. Mutiny on the Buses,https://www.imdb.com/title/tt0068981/?ref_=sr_t_32,1972,1h 29m,PG,5.8,1.6K
33. What?,https://www.imdb.com/title/tt0070913/?ref_=sr_t_33,1972,1h 52m,R,5.5,4.7K
34. Cries & Whispers,https://www.imdb.com/title/tt0069467/?ref_=sr_t_34,1972,1h 32m,R,7.9,38K
35. The Way of the Dragon,https://www.imdb.com/title/tt0068935/?ref_=sr_t_35,1972,1h 30m,R,7.2,42K
36. Fist of Fury,https://www.imdb.com/title/tt0068767/?ref_=sr_t_36,1972,1h 47m,R,7.2,35K
37. The Amazing Mr. Blunden,https://www.imdb.com/title/tt0068200/?ref_=sr_t_37,1972,1h 39m,G,6.8,1.8K
38. Avanti!,https://www.imdb.com/title/tt0068240/?ref_=sr_t_38,1972,2h 24m,R,7.2,12K
39. The Big Bird Cage,https://www.imdb.com/title/tt0068273/?ref_=sr_t_39,1972,1h 28m,R,5.9,3.1K
40. Boxcar Bertha,https://www.imdb.com/title/tt0068309/?ref_=sr_t_40,1972,1h 28m,R,6.0,11K
41. Alice's Adventures in Wonderland,https://www.imdb.com/title/tt0068190/?ref_=sr_t_41,1972,1h 35m,G,5.7,1.9K
42. Don't Torture a Duckling,https://www.imdb.com/title/tt0069019/?ref_=sr_t_42,1972,1h 45m,Not Rated,7.0,11K
43. Sleuth,https://www.imdb.com/title/tt0069281/?ref_=sr_t_43,1972,2h 18m,PG,7.9,51K
44. Sweet Sugar,https://www.imdb.com/title/tt0069336/?ref_=sr_t_44,1972,1h 30m,R,5.2,874
45. Tales from the Crypt,https://www.imdb.com/title/tt0069341/?ref_=sr_t_45,1972,1h 32m,PG,6.8,14K
46. Prime Cut,https://www.imdb.com/title/tt0069121/?ref_=sr_t_46,1972,1h 28m,R,6.7,6.2K
47. Sisters,https://www.imdb.com/title/tt0070698/?ref_=sr_t_47,1972,1h 33m,R,6.9,22K
48. Amuck!,https://www.imdb.com/title/tt0068206/?ref_=sr_t_48,1972,1h 38m,R,6.2,1.5K
49. The Case of the Bloody Iris,https://www.imdb.com/title/tt0069073/?ref_=sr_t_49,1972,1h 35m,Not Rated,6.4,3.5K
50. What the Peeper Saw,https://www.imdb.com/title/tt0067489/?ref_=sr_t_50,1972,1h 29m,R,5.8,1.8K
51. Carry on Matron,https://www.imdb.com/title/tt0068339/?ref_=sr_t_51,1972,1h 27m,Not Rated,6.2,3.4K
52. The Heartbreak Kid,https://www.imdb.com/title/tt0068687/?ref_=sr_t_52,1972,1h 46m,PG,7.0,6K
53. Horror Express,https://www.imdb.com/title/tt0068713/?ref_=sr_t_53,1972,1h 28m,R,6.5,13K
"54. Brother Sun, Sister Moon",https://www.imdb.com/title/tt0069824/?ref_=sr_t_54,1972,2h 1m,PG,7.2,5.1K
55. Steptoe & Son,https://www.imdb.com/title/tt0069311/?ref_=sr_t_55,1972,1h 38m,,6.5,1.9K
56. Dracula A.D. 1972,https://www.imdb.com/title/tt0068505/?ref_=sr_t_56,1972,1h 36m,PG,5.9,7.7K
57. Au Pair Girls,https://www.imdb.com/title/tt0068235/?ref_=sr_t_57,1972,1h 26m,R,4.9,947
58. The Devil,https://www.imdb.com/title/tt0095012/?ref_=sr_t_58,1972,2h 5m,Not Rated,7.0,3.1K
59. Snowball Express,https://www.imdb.com/title/tt0069291/?ref_=sr_t_59,1972,1h 33m,G,6.3,2.1K
60. Your Vice Is a Locked Room and Only I Have the Key,https://www.imdb.com/title/tt0069421/?ref_=sr_t_60,1972,1h 37m,Not Rated,6.6,4.9K
61. Snoopy Come Home,https://www.imdb.com/title/tt0069289/?ref_=sr_t_61,1972,1h 20m,G,7.4,5.4K
62. Bless This House,https://www.imdb.com/title/tt0068285/?ref_=sr_t_62,1972,1h 27m,,6.2,1.2K
63. Fuzz,https://www.imdb.com/title/tt0068617/?ref_=sr_t_63,1972,1h 32m,PG,5.4,2.3K
64. Slaughterhouse-Five,https://www.imdb.com/title/tt0069280/?ref_=sr_t_64,1972,1h 44m,R,6.8,14K
65. Requiem for a Vampire,https://www.imdb.com/title/tt0067950/?ref_=sr_t_65,1972,1h 5m,R,5.3,2.3K
66. Man of La Mancha,https://www.imdb.com/title/tt0068909/?ref_=sr_t_66,1972,2h 12m,PG,6.5,4.9K
67. The Summertime Killer,https://www.imdb.com/title/tt0069457/?ref_=sr_t_67,1972,1h 50m,PG,6.0,475
68. Carry on Abroad,https://www.imdb.com/title/tt0069847/?ref_=sr_t_68,1972,1h 28m,Not Rated,6.5,4.4K
69. Love in the Afternoon,https://www.imdb.com/title/tt0068205/?ref_=sr_t_69,1972,1h 37m,R,7.6,9.7K
70. The Slasher ... Is the Sex Maniac!,https://www.imdb.com/title/tt0069186/?ref_=sr_t_70,1972,1h 28m,R,6.0,1.2K
71. Blacula,https://www.imdb.com/title/tt0068284/?ref_=sr_t_71,1972,1h 33m,PG,5.7,8.2K
72. Le rempart des Béguines,https://www.imdb.com/title/tt0069173/?ref_=sr_t_72,1972,1h 30m,R,5.3,300
73. All the Way Boys,https://www.imdb.com/title/tt0069095/?ref_=sr_t_73,1972,1h 45m,PG,6.6,7.8K
74. They're Coming to Get You!,https://www.imdb.com/title/tt0069390/?ref_=sr_t_74,1972,1h 27m,R,6.6,4.9K
75. Santa and the Ice Cream Bunny,https://www.imdb.com/title/tt0138074/?ref_=sr_t_75,1972,1h 36m,G,1.3,1.7K
76. Fat City,https://www.imdb.com/title/tt0068575/?ref_=sr_t_76,1972,1h 36m,PG,7.2,11K
77. Roma,https://www.imdb.com/title/tt0069191/?ref_=sr_t_77,1972,2h,R,7.3,14K
78. The Ruling Class,https://www.imdb.com/title/tt0069198/?ref_=sr_t_78,1972,2h 34m,PG,7.2,7K
79. Frogs,https://www.imdb.com/title/tt0068615/?ref_=sr_t_79,1972,1h 31m,PG,4.4,8.1K
80. 1776,https://www.imdb.com/title/tt0068156/?ref_=sr_t_80,1972,2h 21m,PG,7.6,11K
81. Ben,https://www.imdb.com/title/tt0068264/?ref_=sr_t_81,1972,1h 34m,PG,5.3,3.6K
82. Naughty Nymphs,https://www.imdb.com/title/tt0068296/?ref_=sr_t_82,1972,1h 30m,R,4.5,234
83. Children Shouldn't Play with Dead Things,https://www.imdb.com/title/tt0068370/?ref_=sr_t_83,1972,1h 27m,PG,5.2,5.2K
84. Super Fly,https://www.imdb.com/title/tt0069332/?ref_=sr_t_84,1972,1h 31m,R,6.4,8.8K
85. The Life and Times of Judge Roy Bean,https://www.imdb.com/title/tt0068853/?ref_=sr_t_85,1972,2h,PG,6.8,9.6K
86. Private School Girls,https://www.imdb.com/title/tt0167950/?ref_=sr_t_86,1972,1h 25m,,5.0,122
87. The French Sex Murders,https://www.imdb.com/title/tt0069850/?ref_=sr_t_87,1972,1h 28m,Not Rated,5.2,1.2K
88. Butterflies Are Free,https://www.imdb.com/title/tt0068326/?ref_=sr_t_88,1972,1h 49m,PG,7.2,6.1K
89. Dr. Phibes Rises Again,https://www.imdb.com/title/tt0068503/?ref_=sr_t_89,1972,1h 29m,PG,6.3,7.5K
"90. Play It Again, Sam",https://www.imdb.com/title/tt0069097/?ref_=sr_t_90,1972,1h 25m,PG,7.6,28K
91. Indian Summer,https://www.imdb.com/title/tt0069120/?ref_=sr_t_91,1972,2h 12m,,7.1,3K
92. The Other,https://www.imdb.com/title/tt0069050/?ref_=sr_t_92,1972,1h 48m,PG,6.8,7.4K
93. Female Prisoner #701: Scorpion,https://www.imdb.com/title/tt0226872/?ref_=sr_t_93,1972,1h 27m,Not Rated,7.2,5.1K
94. What Have You Done to Solange?,https://www.imdb.com/title/tt0068416/?ref_=sr_t_94,1972,1h 47m,R,6.9,6.1K
95. Henry VIII and His Six Wives,https://www.imdb.com/title/tt0070170/?ref_=sr_t_95,1972,2h 5m,PG,6.8,1.1K
96. The Girl on a Broomstick,https://www.imdb.com/title/tt0067464/?ref_=sr_t_96,1972,1h 16m,,7.3,1.6K
97. The Seduction of Mimi,https://www.imdb.com/title/tt0068950/?ref_=sr_t_97,1972,1h 48m,R,7.3,3.4K
98. Sixteen,https://www.imdb.com/title/tt0069276/?ref_=sr_t_98,1972,1h 36m,R,5.0,240
99. The Candidate,https://www.imdb.com/title/tt0068334/?ref_=sr_t_99,1972,1h 50m,PG,7.0,12K
100. Whoever Slew Auntie Roo?,https://www.imdb.com/title/tt0067983/?ref_=sr_t_100,1972,1h 31m,PG-13,6.1,2.7K
101. The Legend of Boggy Creek,https://www.imdb.com/title/tt0068837/?ref_=sr_t_101,1972,1h 27m,G,5.2,3.8K
102. Travels with My Aunt,https://www.imdb.com/title/tt0069404/?ref_=sr_t_102,1972,1h 48m,PG,6.3,2.8K
103. Chato's Land,https://www.imdb.com/title/tt0066907/?ref_=sr_t_103,1972,1h 40m,PG,6.6,6.6K
104. The Effect of Gamma Rays on Man-in-the-Moon Marigolds,https://www.imdb.com/title/tt0068528/?ref_=sr_t_104,1972,1h 40m,PG,7.4,2.7K
105. Prison Girls,https://www.imdb.com/title/tt0244730/?ref_=sr_t_105,1972,1h 33m,X,4.1,565
106. The Tall Blond Man with One Black Shoe,https://www.imdb.com/title/tt0068655/?ref_=sr_t_106,1972,1h 30m,PG,7.2,9.5K
107. The Call of the Wild,https://www.imdb.com/title/tt0069197/?ref_=sr_t_107,1972,1h 40m,PG,5.9,2.1K
108. Vampire Circus,https://www.imdb.com/title/tt0067924/?ref_=sr_t_108,1972,1h 24m,PG,6.3,5.1K
109. Schoolgirls Growing Up,https://www.imdb.com/title/tt0069233/?ref_=sr_t_109,1972,1h 37m,X,4.5,502
110. Olsen-banden tar gull,https://www.imdb.com/title/tt0132378/?ref_=sr_t_110,1972,1h 34m,,6.8,1.1K
111. Asylum,https://www.imdb.com/title/tt0068230/?ref_=sr_t_111,1972,1h 28m,PG,6.5,8.5K
112. The Genesis Children,https://www.imdb.com/title/tt0136217/?ref_=sr_t_112,1972,1h 25m,X,5.1,502
113. Across 110th Street,https://www.imdb.com/title/tt0068168/?ref_=sr_t_113,1972,1h 42m,R,7.0,7.4K
114. Images,https://www.imdb.com/title/tt0068732/?ref_=sr_t_114,1972,1h 44m,R,7.0,8K
115. Lady Sings the Blues,https://www.imdb.com/title/tt0068828/?ref_=sr_t_115,1972,2h 24m,R,7.0,5K
116. The Blood Spattered Bride,https://www.imdb.com/title/tt0069029/?ref_=sr_t_116,1972,1h 22m,R,6.2,2.5K
117. The Murder Mansion,https://www.imdb.com/title/tt0067396/?ref_=sr_t_117,1972,1h 26m,R,5.1,1.6K
118. Tower of Evil,https://www.imdb.com/title/tt0068716/?ref_=sr_t_118,1972,1h 29m,R,5.6,2K
119. Endless Night,https://www.imdb.com/title/tt0067052/?ref_=sr_t_119,1972,1h 35m,Not Rated,6.0,2.5K
120. Campus Swingers,https://www.imdb.com/title/tt0069234/?ref_=sr_t_120,1972,1h 28m,R,4.5,427
121. The Valachi Papers,https://www.imdb.com/title/tt0068341/?ref_=sr_t_121,1972,2h 5m,PG,6.4,4.7K
122. Climax,https://www.imdb.com/title/tt0177856/?ref_=sr_t_122,1972,1h 29m,,6.3,51
123. Night of the Lepus,https://www.imdb.com/title/tt0069005/?ref_=sr_t_123,1972,1h 28m,PG,4.1,5.6K
124. Journey Back to Oz,https://www.imdb.com/title/tt0067280/?ref_=sr_t_124,1972,1h 28m,G,5.7,706
125. Bluebeard,https://www.imdb.com/title/tt0068294/?ref_=sr_t_125,1972,2h 5m,R,5.6,1.7K
126. Lone Wolf and Cub: Sword of Vengeance,https://www.imdb.com/title/tt0068815/?ref_=sr_t_126,1972,1h 24m,Not Rated,7.7,9.1K
127. Delirium,https://www.imdb.com/title/tt0068471/?ref_=sr_t_127,1972,1h 42m,R,5.4,1.3K
128. Tombs of the Blind Dead,https://www.imdb.com/title/tt0067500/?ref_=sr_t_128,1972,1h 41m,PG,6.1,6.6K
129. The King of Marvin Gardens,https://www.imdb.com/title/tt0068805/?ref_=sr_t_129,1972,1h 43m,R,6.5,6.2K
130. The Hot Box,https://www.imdb.com/title/tt0068717/?ref_=sr_t_130,1972,1h 28m,R,4.7,425
131. The Red Queen Kills Seven Times,https://www.imdb.com/title/tt0068444/?ref_=sr_t_131,1972,1h 39m,PG,6.5,3.4K
132. Smile Before Death,https://www.imdb.com/title/tt0069301/?ref_=sr_t_132,1972,1h 29m,Not Rated,6.1,850
133. The Pig Keeper's Daughter,https://www.imdb.com/title/tt0069087/?ref_=sr_t_133,1972,1h 32m,,4.6,777
134. Sacrifice!,https://www.imdb.com/title/tt0069956/?ref_=sr_t_134,1972,1h 33m,R,5.3,2.6K
135. The Hot Rock,https://www.imdb.com/title/tt0068718/?ref_=sr_t_135,1972,1h 41m,PG,6.8,7.1K
136. Bad Company,https://www.imdb.com/title/tt0068245/?ref_=sr_t_136,1972,1h 33m,PG,6.9,4.8K
137. The Magnificent Seven Ride!,https://www.imdb.com/title/tt0068897/?ref_=sr_t_137,1972,1h 40m,PG,5.6,3.6K
138. Godzilla vs. Gigan,https://www.imdb.com/title/tt0068371/?ref_=sr_t_138,1972,1h 29m,PG,5.6,6K
139. Sex Life in a Convent,https://www.imdb.com/title/tt0068377/?ref_=sr_t_139,1972,1h 32m,R,4.7,80
140. Season of the Witch,https://www.imdb.com/title/tt0069239/?ref_=sr_t_140,1972,2h 10m,R,5.6,4.1K
141. Ulzana's Raid,https://www.imdb.com/title/tt0069436/?ref_=sr_t_141,1972,1h 43m,R,7.0,6.7K
142. Country Cuzzins,https://www.imdb.com/title/tt0135270/?ref_=sr_t_142,1972,1h 30m,X,4.7,373
143. Caliber 9,https://www.imdb.com/title/tt0067429/?ref_=sr_t_143,1972,1h 28m,Not Rated,7.4,4.9K
144. The Possession of Joel Delaney,https://www.imdb.com/title/tt0067601/?ref_=sr_t_144,1972,1h 45m,R,5.7,1.3K
145. Sounder,https://www.imdb.com/title/tt0069303/?ref_=sr_t_145,1972,1h 45m,G,7.5,5K
146. Grave of the Vampire,https://www.imdb.com/title/tt0068658/?ref_=sr_t_146,1972,1h 31m,PG,5.0,1.7K
147. Seven Blood-Stained Orchids,https://www.imdb.com/title/tt0067696/?ref_=sr_t_147,1972,1h 32m,Unrated,6.3,2.8K
148. Morgiana,https://www.imdb.com/title/tt0124012/?ref_=sr_t_148,1972,1h 46m,,7.2,1.7K
149. La gatta in calore,https://www.imdb.com/title/tt0122499/?ref_=sr_t_149,1972,1h 30m,,5.5,207
150. Death Line,https://www.imdb.com/title/tt0068458/?ref_=sr_t_150,1972,1h 27m,R,5.9,5.6K
151. Demons of the Mind,https://www.imdb.com/title/tt0066982/?ref_=sr_t_151,1972,1h 29m,R,5.3,2K
152. Fear Is the Key,https://www.imdb.com/title/tt0068576/?ref_=sr_t_152,1972,1h 43m,PG,6.3,2.4K
153. Bonnie's Kids,https://www.imdb.com/title/tt0083677/?ref_=sr_t_153,1972,1h 45m,R,6.2,945
154. Baron Blood,https://www.imdb.com/title/tt0069048/?ref_=sr_t_154,1972,1h 30m,PG,5.9,4.4K
155. Beware! The Blob,https://www.imdb.com/title/tt0068271/?ref_=sr_t_155,1972,1h 27m,GP,4.1,2.5K
156. Drop Out Wife,https://www.imdb.com/title/tt0127129/?ref_=sr_t_156,1972,1h 22m,,4.3,191
157. The Brides Wore Blood,https://www.imdb.com/title/tt0129797/?ref_=sr_t_157,1972,1h 24m,R,3.8,229
158. Gefährlicher Sex frühreifer Mädchen 2: Höllisch heiße Mädchen,https://www.imdb.com/title/tt0167951/?ref_=sr_t_158,1972,1h 28m,,4.3,68
159. Do Not Commit Adultery,https://www.imdb.com/title/tt0067502/?ref_=sr_t_159,1972,1h 35m,,5.6,116
160. Fleshpot on 42nd Street,https://www.imdb.com/title/tt0062980/?ref_=sr_t_160,1972,1h 27m,R,5.5,637
"161. X, Y & Zee",https://www.imdb.com/title/tt0069516/?ref_=sr_t_161,1972,1h 50m,PG,5.8,1.5K
162. The Miner' Wife ... Takes Her Pick,https://www.imdb.com/title/tt0168946/?ref_=sr_t_162,1972,1h 35m,R,3.6,276
163. Intimate Confessions of a Chinese Courtesan,https://www.imdb.com/title/tt0068744/?ref_=sr_t_163,1972,1h 26m,,7.1,1.1K
164. Treasure Island,https://www.imdb.com/title/tt0069229/?ref_=sr_t_164,1972,1h 34m,G,5.8,1.6K
165. Junior Bonner,https://www.imdb.com/title/tt0068786/?ref_=sr_t_165,1972,1h 40m,PG,6.7,7K
166. Hot Hungry School Girls,https://www.imdb.com/title/tt0068851/?ref_=sr_t_166,1972,1h 27m,X,4.9,161
167. New Mischief by Emil,https://www.imdb.com/title/tt0070463/?ref_=sr_t_167,1972,1h 35m,,7.3,2.8K
168. Buck and the Preacher,https://www.imdb.com/title/tt0068323/?ref_=sr_t_168,1972,1h 42m,GP,6.6,2.8K
169. Antony and Cleopatra,https://www.imdb.com/title/tt0068920/?ref_=sr_t_169,1972,2h 40m,Not Rated,5.8,1.3K
170. The Great Northfield Minnesota Raid,https://www.imdb.com/title/tt0068661/?ref_=sr_t_170,1972,1h 31m,PG,6.1,2.5K
171. Private Parts,https://www.imdb.com/title/tt0069124/?ref_=sr_t_171,1972,1h 27m,R,6.4,1.9K
172. The Thing with Two Heads,https://www.imdb.com/title/tt0069372/?ref_=sr_t_172,1972,1h 31m,PG,4.5,3K
173. State of Siege,https://www.imdb.com/title/tt0070959/?ref_=sr_t_173,1972,2h,Not Rated,7.7,6.3K
174. Child's Play,https://www.imdb.com/title/tt0068369/?ref_=sr_t_174,1972,1h 40m,PG,6.2,1.7K
175. The New Land,https://www.imdb.com/title/tt0069035/?ref_=sr_t_175,1972,1h 42m,PG,8.0,5.5K
176. Daughters of Satan,https://www.imdb.com/title/tt0068448/?ref_=sr_t_176,1972,1h 30m,R,4.5,1.3K
177. The Outside Man,https://www.imdb.com/title/tt0070083/?ref_=sr_t_177,1972,1h 44m,PG,6.5,1.5K
178. The Pied Piper,https://www.imdb.com/title/tt0069086/?ref_=sr_t_178,1972,1h 26m,G,6.3,966
179. The Flesh and Blood Show,https://www.imdb.com/title/tt0068596/?ref_=sr_t_179,1972,1h 36m,R,5.4,1.2K
180. A Thief in the Night,https://www.imdb.com/title/tt0070795/?ref_=sr_t_180,1972,1h 9m,TV-PG,4.6,1K
181. It Can Be Done Amigo,https://www.imdb.com/title/tt0068539/?ref_=sr_t_181,1972,1h 49m,PG,5.7,1.8K
182. Tropic of Cancer,https://www.imdb.com/title/tt0068186/?ref_=sr_t_182,1972,1h 35m,TV-MA,5.4,666
183. Heat,https://www.imdb.com/title/tt0068688/?ref_=sr_t_183,1972,1h 42m,R,6.1,1.9K
184. Man of the East,https://www.imdb.com/title/tt0068524/?ref_=sr_t_184,1972,2h 3m,PG,6.5,3.3K
185. Keyholes Are for Peeping,https://www.imdb.com/title/tt0141506/?ref_=sr_t_185,1972,1h 10m,Unrated,3.5,252
186. Daughter of Dracula,https://www.imdb.com/title/tt0068583/?ref_=sr_t_186,1972,1h 27m,Not Rated,4.7,792
187. The Gore Gore Girls,https://www.imdb.com/title/tt0068649/?ref_=sr_t_187,1972,1h 21m,X,5.2,2.9K
188. Toys Are Not for Children,https://www.imdb.com/title/tt0153225/?ref_=sr_t_188,1972,1h 25m,R,6.1,680
"189. Now You See Him, Now You Don't",https://www.imdb.com/title/tt0069031/?ref_=sr_t_189,1972,1h 28m,G,6.2,2.4K
190. Young Winston,https://www.imdb.com/title/tt0069528/?ref_=sr_t_190,1972,2h 4m,PG,6.7,3.1K
191. Quel gran pezzo della Ubalda tutta nuda e tutta calda,https://www.imdb.com/title/tt0070583/?ref_=sr_t_191,1972,1h 31m,,5.1,600
192. The Harder They Come,https://www.imdb.com/title/tt0070155/?ref_=sr_t_192,1972,2h,R,6.9,7.2K
193. Our Lady of Lust,https://www.imdb.com/title/tt0069929/?ref_=sr_t_193,1972,1h 42m,Not Rated,4.6,233
194. Decamerone '300,https://www.imdb.com/title/tt0068460/?ref_=sr_t_194,1972,1h 24m,,5.4,56
195. The Big Bust-Out,https://www.imdb.com/title/tt0069784/?ref_=sr_t_195,1972,1h 15m,,4.4,385
196. The Cannibal Man,https://www.imdb.com/title/tt0067732/?ref_=sr_t_196,1972,1h 38m,R,6.3,1.9K
197. The Visitors,https://www.imdb.com/title/tt0069466/?ref_=sr_t_197,1972,1h 28m,R,6.3,1.6K
198. Faustine et le bel été,https://www.imdb.com/title/tt0067087/?ref_=sr_t_198,1972,1h 38m,,5.7,451
199. Greaser's Palace,https://www.imdb.com/title/tt0068659/?ref_=sr_t_199,1972,1h 31m,TV-MA,5.8,1.2K
200. The Culpepper Cattle Co.,https://www.imdb.com/title/tt0068435/?ref_=sr_t_200,1972,1h 32m,PG,6.9,1.9K
201. Pink Floyd: Live at Pompeii,https://www.imdb.com/title/tt0069090/?ref_=sr_t_201,1972,1h 32m,G,8.6,9.8K
202. Blood Sabbath,https://www.imdb.com/title/tt0068289/?ref_=sr_t_202,1972,1h 26m,R,4.1,659
203. Oklahoma Crude,https://www.imdb.com/title/tt0070472/?ref_=sr_t_203,1972,1h 48m,PG,6.3,1.6K
204. Rektor på sengekanten,https://www.imdb.com/title/tt0069171/?ref_=sr_t_204,1972,1h 30m,,4.5,182
205. The Abductors,https://www.imdb.com/title/tt0068164/?ref_=sr_t_205,1972,1h 30m,R,5.0,500
206. Beware My Brethren,https://www.imdb.com/title/tt0067094/?ref_=sr_t_206,1972,1h 32m,R,5.3,709
207. The Doberman Gang,https://www.imdb.com/title/tt0068491/?ref_=sr_t_207,1972,1h 27m,G,5.9,1.2K
208. Tomorrow,https://www.imdb.com/title/tt0069393/?ref_=sr_t_208,1972,1h 43m,PG,7.5,1.7K
209. The New Centurions,https://www.imdb.com/title/tt0068997/?ref_=sr_t_209,1972,1h 43m,R,7.0,3.5K
210. The Dawns Here Are Quiet,https://www.imdb.com/title/tt0068161/?ref_=sr_t_210,1972,3h 8m,PG-13,8.1,4.9K
211. Up the Sandbox,https://www.imdb.com/title/tt0069449/?ref_=sr_t_211,1972,1h 37m,R,5.7,1.7K
212. Rentadick,https://www.imdb.com/title/tt0069174/?ref_=sr_t_212,1972,1h 34m,Not Rated,3.9,288
213. The Stepmother,https://www.imdb.com/title/tt0067793/?ref_=sr_t_213,1972,1h 34m,R,4.1,529
214. Napoleon and Samantha,https://www.imdb.com/title/tt0068990/?ref_=sr_t_214,1972,1h 32m,G,6.0,1.1K
215. Necromancy,https://www.imdb.com/title/tt0068994/?ref_=sr_t_215,1972,1h 23m,PG,4.6,1.1K
216. Hickey & Boggs,https://www.imdb.com/title/tt0068698/?ref_=sr_t_216,1972,1h 51m,PG,6.3,1.5K
217. My Dear Killer,https://www.imdb.com/title/tt0067434/?ref_=sr_t_217,1972,1h 40m,,6.4,1.8K
218. Loves of a French Pussycat,https://www.imdb.com/title/tt0068986/?ref_=sr_t_218,1972,1h 34m,R,4.7,157
219. Black Girl,https://www.imdb.com/title/tt0068280/?ref_=sr_t_219,1972,1h 37m,PG,6.8,578
220. Cancel My Reservation,https://www.imdb.com/title/tt0068332/?ref_=sr_t_220,1972,1h 39m,G,4.9,604
221. The Asphyx,https://www.imdb.com/title/tt0069738/?ref_=sr_t_221,1972,1h 23m,PG,6.2,3.2K
222. Wedding in White,https://www.imdb.com/title/tt0069489/?ref_=sr_t_222,1972,1h 43m,R,6.5,393
223. A White Dress for Marialé,https://www.imdb.com/title/tt0068272/?ref_=sr_t_223,1972,1h 32m,,5.6,787
224. The Wrath of God,https://www.imdb.com/title/tt0069515/?ref_=sr_t_224,1972,1h 51m,PG,6.0,1.4K
225. Liza,https://www.imdb.com/title/tt0068868/?ref_=sr_t_225,1972,1h 40m,Not Rated,6.3,952
226. Savage Messiah,https://www.imdb.com/title/tt0069225/?ref_=sr_t_226,1972,1h 37m,R,6.9,1.7K
227. Pulp,https://www.imdb.com/title/tt0069134/?ref_=sr_t_227,1972,1h 35m,PG,5.9,3K
228. Together for Days,https://www.imdb.com/title/tt0202001/?ref_=sr_t_228,1972,1h 24m,PG,6.9,121
229. The Erotic Adventures of Zorro,https://www.imdb.com/title/tt0068545/?ref_=sr_t_229,1972,1h 42m,R,4.3,376
230. The Hitchhikers,https://www.imdb.com/title/tt0067206/?ref_=sr_t_230,1972,1h 32m,R,4.5,372
231. Skyjacked,https://www.imdb.com/title/tt0069278/?ref_=sr_t_231,1972,1h 41m,PG,5.7,2.5K
232. Slaughter,https://www.imdb.com/title/tt0069279/?ref_=sr_t_232,1972,1h 32m,R,5.9,1.4K
233. The Chastity Belt,https://www.imdb.com/title/tt0067917/?ref_=sr_t_233,1972,1h 34m,PG,5.2,524
234. Knife of Ice,https://www.imdb.com/title/tt0068394/?ref_=sr_t_234,1972,1h 31m,,6.0,1.5K
235. The Assassination of Trotsky,https://www.imdb.com/title/tt0068226/?ref_=sr_t_235,1972,1h 43m,R,5.7,2K
236. Who Saw Her Die?,https://www.imdb.com/title/tt0068367/?ref_=sr_t_236,1972,1h 34m,Not Rated,6.4,3.1K
237. The Revengers,https://www.imdb.com/title/tt0069179/?ref_=sr_t_237,1972,1h 46m,PG,6.1,1.5K
238. Madame Sin,https://www.imdb.com/title/tt0067375/?ref_=sr_t_238,1972,1h 15m,Not Rated,5.7,1.2K
239. Play It As It Lays,https://www.imdb.com/title/tt0069098/?ref_=sr_t_239,1972,1h 39m,R,6.3,817
240. Sonny and Jed,https://www.imdb.com/title/tt0068702/?ref_=sr_t_240,1972,1h 32m,R,6.3,785
241. The Eroticist,https://www.imdb.com/title/tt0068193/?ref_=sr_t_241,1972,1h 36m,R,5.6,694
242. Night of 1000 Cats,https://www.imdb.com/title/tt0069018/?ref_=sr_t_242,1972,1h 3m,R,3.9,915
"243. A Reason to Live, a Reason to Die",https://www.imdb.com/title/tt0069159/?ref_=sr_t_243,1972,1h 32m,PG,6.1,2.3K
244. Sex and the Lonely Woman,https://www.imdb.com/title/tt0257154/?ref_=sr_t_244,1972,1h 24m,R,4.6,76
245. Lone Wolf and Cub: Baby Cart at the River Styx,https://www.imdb.com/title/tt0068816/?ref_=sr_t_245,1972,1h 21m,Not Rated,7.9,7.1K
246. The Grand Duel,https://www.imdb.com/title/tt0068657/?ref_=sr_t_246,1972,1h 38m,R,6.4,3.6K
247. Slap the Monster on Page One,https://www.imdb.com/title/tt0070641/?ref_=sr_t_247,1972,1h 26m,Not Rated,7.4,1.7K
248. Trick Baby,https://www.imdb.com/title/tt0070833/?ref_=sr_t_248,1972,1h 33m,R,6.7,679
249. The Legend of Nigger Charley,https://www.imdb.com/title/tt0068838/?ref_=sr_t_249,1972,1h 38m,PG,5.9,523
250. La ragazza dalla pelle di luna,https://www.imdb.com/title/tt0069156/?ref_=sr_t_250,1972,1h 19m,R,5.1,129
251. Pocket Money,https://www.imdb.com/title/tt0069103/?ref_=sr_t_251,1972,1h 42m,PG,5.4,2K
252. The Swinging Co-eds,https://www.imdb.com/title/tt0068988/?ref_=sr_t_252,1972,1h 27m,R,4.6,175
253. The Carey Treatment,https://www.imdb.com/title/tt0068337/?ref_=sr_t_253,1972,1h 41m,PG,6.1,1.7K
254. Rivals,https://www.imdb.com/title/tt0069185/?ref_=sr_t_254,1972,1h 44m,R,5.4,168
255. Cut-Throats Nine,https://www.imdb.com/title/tt0066939/?ref_=sr_t_255,1972,1h 30m,R,6.7,1.5K
256. Cry for Me Billy,https://www.imdb.com/title/tt0068429/?ref_=sr_t_256,1972,1h 33m,R,5.9,259
257. L'arma l'ora il movente,https://www.imdb.com/title/tt0069730/?ref_=sr_t_257,1972,1h 45m,Not Rated,6.1,606
258. Burke & Hare,https://www.imdb.com/title/tt0066871/?ref_=sr_t_258,1972,1h 34m,R,5.3,588
259. Pakeezah,https://www.imdb.com/title/tt0067546/?ref_=sr_t_259,1972,2h 27m,,7.2,1.9K
260. Night Call Nurses,https://www.imdb.com/title/tt0069001/?ref_=sr_t_260,1972,1h 18m,R,4.5,508
261. Don't Play Us Cheap,https://www.imdb.com/title/tt0069996/?ref_=sr_t_261,1972,1h 39m,Not Rated,5.7,403
262. Dead Planet,https://www.imdb.com/title/tt0069530/?ref_=sr_t_262,1972,1h 37m,PG,5.6,1.6K
263. A Separate Peace,https://www.imdb.com/title/tt0069249/?ref_=sr_t_263,1972,1h 44m,PG,5.5,514
264. Money Money Money,https://www.imdb.com/title/tt0066798/?ref_=sr_t_264,1972,1h 53m,R,6.9,2.7K
265. The Delightful Forest,https://www.imdb.com/title/tt0068821/?ref_=sr_t_265,1972,1h 36m,R,6.6,392
266. Night of the Devils,https://www.imdb.com/title/tt0069017/?ref_=sr_t_266,1972,1h 31m,Not Rated,6.5,1.7K
267. Trouble Man,https://www.imdb.com/title/tt0069414/?ref_=sr_t_267,1972,1h 39m,R,6.7,1.7K
268. Hanzo the Razor: Sword of Justice,https://www.imdb.com/title/tt0068650/?ref_=sr_t_268,1972,1h 34m,,6.6,2K
269. Chut!,https://www.imdb.com/title/tt0068376/?ref_=sr_t_269,1972,1h 28m,,5.6,55
270. The Italian Connection,https://www.imdb.com/title/tt0068902/?ref_=sr_t_270,1972,1h 35m,R,7.1,3K
271. Rage,https://www.imdb.com/title/tt0069158/?ref_=sr_t_271,1972,1h 40m,PG,6.3,1.4K
272. Death Walks at Midnight,https://www.imdb.com/title/tt0068971/?ref_=sr_t_272,1972,1h 42m,Not Rated,6.3,2.2K
273. The Triple Echo,https://www.imdb.com/title/tt0070835/?ref_=sr_t_273,1972,1h 30m,R,6.4,966
274. Oh! Calcutta!,https://www.imdb.com/title/tt0069039/?ref_=sr_t_274,1972,2h 3m,Not Rated,5.0,306
275. Sweet Kill,https://www.imdb.com/title/tt0065424/?ref_=sr_t_275,1972,1h 25m,R,4.9,488
276. The Concert for Bangladesh,https://www.imdb.com/title/tt0158560/?ref_=sr_t_276,1972,1h 43m,G,8.2,1.7K
277. Tintin and the Lake of Sharks,https://www.imdb.com/title/tt0069383/?ref_=sr_t_277,1972,1h 21m,,6.2,3.1K
278. Ruslan and Ludmila,https://www.imdb.com/title/tt0174174/?ref_=sr_t_278,1972,2h 30m,,7.2,528
279. Get to Know Your Rabbit,https://www.imdb.com/title/tt0068637/?ref_=sr_t_279,1972,1h 31m,R,5.2,1.1K
280. Stanley,https://www.imdb.com/title/tt0069308/?ref_=sr_t_280,1972,1h 48m,PG,4.6,852
"281. Beautiful Antonia, First a Nun Then a Demon",https://www.imdb.com/title/tt0068261/?ref_=sr_t_281,1972,1h 22m,,5.2,263
282. Docteur Popaul,https://www.imdb.com/title/tt0068492/?ref_=sr_t_282,1972,1h 35m,,5.7,755
283. You'll Like My Mother,https://www.imdb.com/title/tt0068005/?ref_=sr_t_283,1972,1h 32m,PG,6.6,916
284. Lady Caroline Lamb,https://www.imdb.com/title/tt0068827/?ref_=sr_t_284,1972,2h 3m,PG,5.4,578
285. Doomwatch,https://www.imdb.com/title/tt0068498/?ref_=sr_t_285,1972,1h 32m,PG,5.5,1.2K
"286. Jesus, Mary and Joseph",https://www.imdb.com/title/tt0228454/?ref_=sr_t_286,1972,1h 25m,,7.4,38
287. A Reflection of Fear,https://www.imdb.com/title/tt0070599/?ref_=sr_t_287,1972,1h 29m,PG,5.8,1.1K
288. Walter Defends Sarajevo,https://www.imdb.com/title/tt0069452/?ref_=sr_t_288,1972,2h 13m,,8.1,3.1K
289. Kansas City Bomber,https://www.imdb.com/title/tt0068795/?ref_=sr_t_289,1972,1h 39m,PG,5.5,1.6K
290. Koziyat rog,https://www.imdb.com/title/tt0068814/?ref_=sr_t_290,1972,1h 45m,R,8.2,2.9K
291. Porno no teiô: Shisshin toruko furo,https://www.imdb.com/title/tt6690428/?ref_=sr_t_291,1972,,,7.0,6
292. The Unholy Rollers,https://www.imdb.com/title/tt0069444/?ref_=sr_t_292,1972,1h 28m,R,5.4,802
293. Hit Man,https://www.imdb.com/title/tt0068704/?ref_=sr_t_293,1972,1h 30m,R,5.7,1.2K
294. Pro sex,https://www.imdb.com/title/tt9083716/?ref_=sr_t_294,1972,1h 10m,,,
295. Straight on Till Morning,https://www.imdb.com/title/tt0069318/?ref_=sr_t_295,1972,1h 36m,R,5.7,1.5K
296. The Man,https://www.imdb.com/title/tt0068912/?ref_=sr_t_296,1972,1h 33m,G,6.9,446
297. I Am Frigid... Why?,https://www.imdb.com/title/tt0068759/?ref_=sr_t_297,1972,1h 39m,R,4.0,202
298. The Other Side of Underneath,https://www.imdb.com/title/tt0201820/?ref_=sr_t_298,1972,2h 13m,,6.1,533
299. A Gorgeous Girl Like Me,https://www.imdb.com/title/tt0069442/?ref_=sr_t_299,1972,1h 38m,R,6.5,2.8K
300. Our Miss Fred,https://www.imdb.com/title/tt0069054/?ref_=sr_t_300,1972,1h 36m,PG,5.4,221
301. Female Prisoner Scorpion: Jailhouse 41,https://www.imdb.com/title/tt0226874/?ref_=sr_t_301,1972,1h 30m,Not Rated,7.1,3.5K
302. Blutjunge Verführerinnen 3. Teil,https://www.imdb.com/title/tt0068298/?ref_=sr_t_302,1972,1h 22m,Not Rated,4.0,285
303. The Mind Snatchers,https://www.imdb.com/title/tt0068677/?ref_=sr_t_303,1972,1h 34m,PG,5.5,714
304. Bloody Fists,https://www.imdb.com/title/tt0164522/?ref_=sr_t_304,1972,1h 34m,Not Rated,5.6,270
305. The Strange Vengeance of Rosalie,https://www.imdb.com/title/tt0069320/?ref_=sr_t_305,1972,1h 47m,PG,6.0,238
306. Decameron n° 2 - Le altre novelle del Boccaccio,https://www.imdb.com/title/tt0068461/?ref_=sr_t_306,1972,1h 38m,,4.7,61
307. Tout va bien,https://www.imdb.com/title/tt0069398/?ref_=sr_t_307,1972,1h 35m,Not Rated,6.5,4K
308. Marjoe,https://www.imdb.com/title/tt0068924/?ref_=sr_t_308,1972,1h 28m,PG,7.4,1.8K
309. Black Gunn,https://www.imdb.com/title/tt0068281/?ref_=sr_t_309,1972,1h 36m,R,5.8,936
310. Sweden Porno: Blonde Animal,https://www.imdb.com/title/tt0069370/?ref_=sr_t_310,1972,1h 3m,,3.3,12
311. One-Armed Boxer,https://www.imdb.com/title/tt0067009/?ref_=sr_t_311,1972,1h 33m,R,6.8,1.5K
312. Eye in the Labyrinth,https://www.imdb.com/title/tt0067513/?ref_=sr_t_312,1972,1h 35m,,5.8,1.1K
313. Blue Money,https://www.imdb.com/title/tt0211957/?ref_=sr_t_313,1972,1h 33m,R,4.2,306
314. Lady Kung Fu,https://www.imdb.com/title/tt0068676/?ref_=sr_t_314,1972,1h 37m,R,6.8,1.1K
315. Man sku' være noget ved musikken,https://www.imdb.com/title/tt0068910/?ref_=sr_t_315,1972,1h 33m,,6.3,115
316. They Only Kill Their Masters,https://www.imdb.com/title/tt0069371/?ref_=sr_t_316,1972,1h 37m,PG,6.2,1.3K
317. Morbo,https://www.imdb.com/title/tt0068969/?ref_=sr_t_317,1972,1h 28m,,5.7,191
318. Stigma,https://www.imdb.com/title/tt0069312/?ref_=sr_t_318,1972,1h 33m,R,5.2,298
319. Sitting Target,https://www.imdb.com/title/tt0069273/?ref_=sr_t_319,1972,1h 33m,R,6.6,1.6K
320. The French Conspiracy,https://www.imdb.com/title/tt0068233/?ref_=sr_t_320,1972,2h,PG,7.0,941
321. Swedish Wildcats,https://www.imdb.com/title/tt0068552/?ref_=sr_t_321,1972,1h 25m,R,4.3,303
322. Fear in the Night,https://www.imdb.com/title/tt0068577/?ref_=sr_t_322,1972,1h 34m,PG,5.9,2.6K
323. Dirty Little Billy,https://www.imdb.com/title/tt0068487/?ref_=sr_t_323,1972,1h 33m,R,6.2,632
324. Bone,https://www.imdb.com/title/tt0068306/?ref_=sr_t_324,1972,1h 35m,R,6.7,1.4K
325. The Master and Margaret,https://www.imdb.com/title/tt0068894/?ref_=sr_t_325,1972,1h 35m,,6.2,822
326. Blood Freak,https://www.imdb.com/title/tt0132888/?ref_=sr_t_326,1972,1h 26m,R,3.6,1.9K
327. Bombay to Goa,https://www.imdb.com/title/tt0068305/?ref_=sr_t_327,1972,2h 12m,Not Rated,6.7,1.3K
328. Three on a Meathook,https://www.imdb.com/title/tt0069375/?ref_=sr_t_328,1972,1h 20m,R,4.5,903
329. Tragic Ceremony,https://www.imdb.com/title/tt0069417/?ref_=sr_t_329,1972,1h 22m,,5.4,708
330. The Twilight People,https://www.imdb.com/title/tt0069426/?ref_=sr_t_330,1972,1h 21m,PG,4.1,766
331. Fiorina la vacca,https://www.imdb.com/title/tt0068590/?ref_=sr_t_331,1972,1h 36m,,4.8,199
332. Foreigner's Mistress Oman: Holland Slope in the Rain,https://www.imdb.com/title/tt0285971/?ref_=sr_t_332,1972,1h 7m,,5.7,32
333. Five Fingers of Death,https://www.imdb.com/title/tt0070800/?ref_=sr_t_333,1972,1h 44m,R,7.1,4.2K
334. His Name Was Holy Ghost,https://www.imdb.com/title/tt0065991/?ref_=sr_t_334,1972,1h 34m,,6.0,185
335. Street of a Thousand Pleasures,https://www.imdb.com/title/tt0066417/?ref_=sr_t_335,1972,1h 16m,X,4.6,300
336. Pete 'n' Tillie,https://www.imdb.com/title/tt0069080/?ref_=sr_t_336,1972,1h 40m,PG,6.2,1.2K
337. The Groundstar Conspiracy,https://www.imdb.com/title/tt0068663/?ref_=sr_t_337,1972,1h 36m,PG,6.0,954
338. Vuk samotnjak,https://www.imdb.com/title/tt0069478/?ref_=sr_t_338,1972,1h 30m,,8.0,951
339. Fillmore,https://www.imdb.com/title/tt0068584/?ref_=sr_t_339,1972,1h 45m,R,7.3,151
340. Fury of the Wolfman,https://www.imdb.com/title/tt0065750/?ref_=sr_t_340,1972,1h 26m,PG,3.8,939
341. Mannen som slutade röka,https://www.imdb.com/title/tt0068916/?ref_=sr_t_341,1972,1h 44m,,6.5,1.5K
342. Enter the Devil,https://www.imdb.com/title/tt0068540/?ref_=sr_t_342,1972,1h 15m,PG,5.0,539
343. The Snow Bunnies,https://www.imdb.com/title/tt0128550/?ref_=sr_t_343,1972,1h 26m,R,5.6,95
344. Wrong Way,https://www.imdb.com/title/tt0276626/?ref_=sr_t_344,1972,1h 18m,X,3.1,251
345. Frankenstein '80,https://www.imdb.com/title/tt0071518/?ref_=sr_t_345,1972,1h 25m,Not Rated,4.3,564
346. Byleth: The Demon of Incest,https://www.imdb.com/title/tt0155578/?ref_=sr_t_346,1972,1h 23m,Not Rated,4.8,553
347. The Devil's Lover,https://www.imdb.com/title/tt0068199/?ref_=sr_t_347,1972,1h 20m,,4.2,292
348. Aska Susayanlar: Seks ve Cinayet,https://www.imdb.com/title/tt1024894/?ref_=sr_t_348,1972,1h,,4.6,231
349. Cool Breeze,https://www.imdb.com/title/tt0068409/?ref_=sr_t_349,1972,1h 41m,R,5.4,434
350. Amar Prem,https://www.imdb.com/title/tt0066758/?ref_=sr_t_350,1972,2h 23m,Not Rated,8.1,2K
351. Cu mâinile curate,https://www.imdb.com/title/tt0068431/?ref_=sr_t_351,1972,1h 35m,,7.7,1.2K
352. Shaft's Big Score!,https://www.imdb.com/title/tt0069257/?ref_=sr_t_352,1972,1h 44m,R,6.0,3.7K
353. Terror at Red Wolf Inn,https://www.imdb.com/title/tt0069362/?ref_=sr_t_353,1972,1h 30m,R,5.1,738
354. Dr. Jekyll vs. The Werewolf,https://www.imdb.com/title/tt0067016/?ref_=sr_t_354,1972,1h 26m,Not Rated,5.6,749
355. Lone Wolf and Cub: Baby Cart to Hades,https://www.imdb.com/title/tt0068817/?ref_=sr_t_355,1972,1h 29m,R,7.5,5.8K
356. The 14 Amazons,https://www.imdb.com/title/tt0187499/?ref_=sr_t_356,1972,2h 10m,R,6.6,533
357. Lone Wolf and Cub: Baby Cart in Peril,https://www.imdb.com/title/tt0143348/?ref_=sr_t_357,1972,1h 21m,Not Rated,7.5,5.1K
358. Get Charlie Tully,https://www.imdb.com/title/tt0068636/?ref_=sr_t_358,1972,1h 37m,PG,5.7,509
359. The Class Reunion,https://www.imdb.com/title/tt0065557/?ref_=sr_t_359,1972,1h 25m,,4.3,124
360. Evil Come Evil Go,https://www.imdb.com/title/tt0124501/?ref_=sr_t_360,1972,1h 6m,,3.8,498
361. Molly and Lawless John,https://www.imdb.com/title/tt0068962/?ref_=sr_t_361,1972,1h 38m,PG,5.3,356
"362. King, Queen, Knave",https://www.imdb.com/title/tt0068806/?ref_=sr_t_362,1972,1h 34m,R,5.4,303
363. Commuter Husbands,https://www.imdb.com/title/tt0069911/?ref_=sr_t_363,1972,1h 25m,R,4.7,65
364. The Pleasures of a Woman,https://www.imdb.com/title/tt0325987/?ref_=sr_t_364,1972,1h,Not Rated,5.3,112
365. Justine De Sade,https://www.imdb.com/title/tt0067283/?ref_=sr_t_365,1972,1h 40m,X,5.0,476
366. Ciao Manhattan,https://www.imdb.com/title/tt0068379/?ref_=sr_t_366,1972,1h 24m,R,5.6,1.2K
367. Sweet Talker,https://www.imdb.com/title/tt0253791/?ref_=sr_t_367,1972,1h 34m,,7.1,2.9K
368. Parichay,https://www.imdb.com/title/tt0216067/?ref_=sr_t_368,1972,2h 25m,,7.6,993
369. Portnoy's Complaint,https://www.imdb.com/title/tt0069112/?ref_=sr_t_369,1972,1h 41m,R,5.3,647
370. Journey,https://www.imdb.com/title/tt0068774/?ref_=sr_t_370,1972,1h 28m,,5.9,70
371. Boccaccio,https://www.imdb.com/title/tt0068300/?ref_=sr_t_371,1972,1h 42m,,5.9,89
372. Smil mand!,https://www.imdb.com/title/tt0200148/?ref_=sr_t_372,1972,1h 11m,,8.1,17
373. Love Me Deadly,https://www.imdb.com/title/tt0136376/?ref_=sr_t_373,1972,1h 35m,R,5.5,717
374. Pancho Villa,https://www.imdb.com/title/tt0069057/?ref_=sr_t_374,1972,1h 32m,PG,4.6,746
375. Forbidden Decameron,https://www.imdb.com/title/tt0068465/?ref_=sr_t_375,1972,1h 35m,,5.0,55
376. Dany la ravageuse,https://www.imdb.com/title/tt0158578/?ref_=sr_t_376,1972,1h 30m,,4.9,117
377. Eolomea,https://www.imdb.com/title/tt0068542/?ref_=sr_t_377,1972,1h 22m,,5.7,661
378. Le grand départ,https://www.imdb.com/title/tt0068656/?ref_=sr_t_378,1972,1h 11m,,6.1,57
379. Sex and the Other Woman,https://www.imdb.com/title/tt0339653/?ref_=sr_t_379,1972,1h 28m,R,5.0,183
380. Eat the Document,https://www.imdb.com/title/tt0233629/?ref_=sr_t_380,1972,54m,Not Rated,6.9,509
381. N. Took the Dice,https://www.imdb.com/title/tt0067469/?ref_=sr_t_381,1972,1h 19m,Not Rated,6.0,327
382. The Runaway,https://www.imdb.com/title/tt0067692/?ref_=sr_t_382,1972,1h 25m,R,6.6,64
383. Suburban Wives,https://www.imdb.com/title/tt0070744/?ref_=sr_t_383,1972,1h 27m,R,5.2,57
384. Propala hramota,https://www.imdb.com/title/tt0175075/?ref_=sr_t_384,1972,1h 19m,,8.3,1.5K
385. When the Legends Die,https://www.imdb.com/title/tt0069496/?ref_=sr_t_385,1972,1h 47m,PG,6.4,583
386. The Adult Version of Jekyll & Hide,https://www.imdb.com/title/tt0068172/?ref_=sr_t_386,1972,1h 32m,Not Rated,3.9,297
387. The Night of the Scorpion,https://www.imdb.com/title/tt0068343/?ref_=sr_t_387,1972,1h 22m,,5.0,330
388. When Women Lost Their Tails,https://www.imdb.com/title/tt0067639/?ref_=sr_t_388,1972,1h 34m,R,3.9,279
389. Lonely Wives,https://www.imdb.com/title/tt0069545/?ref_=sr_t_389,1972,1h 19m,R,4.5,203
390. Girls on the Road,https://www.imdb.com/title/tt0068640/?ref_=sr_t_390,1972,1h 20m,PG,4.4,412
391. Glass Houses,https://www.imdb.com/title/tt0068643/?ref_=sr_t_391,1972,1h 43m,R,5.4,48
392. The Crimes of the Black Cat,https://www.imdb.com/title/tt0069253/?ref_=sr_t_392,1972,1h 36m,R,6.1,1.1K
393. Dealing: Or The Berkeley-to-Boston Forty-Brick Lost-Bag Blues,https://www.imdb.com/title/tt0068455/?ref_=sr_t_393,1972,1h 28m,R,6.0,244
394. The Legend of Hillbilly John,https://www.imdb.com/title/tt0070295/?ref_=sr_t_394,1972,1h 29m,G,5.7,190
395. I Want What I Want,https://www.imdb.com/title/tt0068726/?ref_=sr_t_395,1972,1h 31m,R,5.8,169
396. Sweet Georgia,https://www.imdb.com/title/tt0069335/?ref_=sr_t_396,1972,1h,,4.0,140
397. Wedding Night Report,https://www.imdb.com/title/tt0068707/?ref_=sr_t_397,1972,1h 22m,,3.9,87
398. Encounter with the Unknown,https://www.imdb.com/title/tt0072937/?ref_=sr_t_398,1972,1h 30m,PG,4.6,727
399. Love and Death in the Garden of the Gods,https://www.imdb.com/title/tt0166077/?ref_=sr_t_399,1972,1h 30m,,6.1,465
400. Hammersmith Is Out,https://www.imdb.com/title/tt0068674/?ref_=sr_t_400,1972,1h 48m,R,5.3,476
401. The War Between Men and Women,https://www.imdb.com/title/tt0069483/?ref_=sr_t_401,1972,1h 50m,PG,6.1,850
402. The Daredevil,https://www.imdb.com/title/tt0068445/?ref_=sr_t_402,1972,1h 31m,PG,5.6,87
403. Traces of a Black Haired Girl,https://www.imdb.com/title/tt0180258/?ref_=sr_t_403,1972,1h 26m,,6.9,112
404. The Scopone Game,https://www.imdb.com/title/tt0069235/?ref_=sr_t_404,1972,1h 53m,Not Rated,7.6,2.7K
405. Anderssonskans Kalle,https://www.imdb.com/title/tt0068210/?ref_=sr_t_405,1972,1h 42m,,5.1,173
406. Don Quixote,https://www.imdb.com/title/tt7350986/?ref_=sr_t_406,1972,,,6.7,162
"407. Praise, What Makes You Hard",https://www.imdb.com/title/tt0068628/?ref_=sr_t_407,1972,1h 22m,,5.3,58
408. Die dressierte Frau,https://www.imdb.com/title/tt0068507/?ref_=sr_t_408,1972,1h 28m,,4.9,36
409. La casa de las palomas,https://www.imdb.com/title/tt0066897/?ref_=sr_t_409,1972,1h 30m,,5.3,159
410. 47:an Löken blåser på!,https://www.imdb.com/title/tt0069667/?ref_=sr_t_410,1972,1h 20m,,2.8,144
411. Gli altri racconti di Canterbury,https://www.imdb.com/title/tt0068197/?ref_=sr_t_411,1972,1h 33m,,5.4,46
412. Tales of Erotica,https://www.imdb.com/title/tt0070108/?ref_=sr_t_412,1972,1h 28m,,4.4,122
413. Camorra,https://www.imdb.com/title/tt0068331/?ref_=sr_t_413,1972,1h 45m,,6.2,199
414. Shor,https://www.imdb.com/title/tt0234724/?ref_=sr_t_414,1972,2h 50m,,7.6,417
"415. Dracula, Prisoner of Frankenstein",https://www.imdb.com/title/tt0065660/?ref_=sr_t_415,1972,1h 25m,,4.1,896
416. The Mattei Affair,https://www.imdb.com/title/tt0068346/?ref_=sr_t_416,1972,1h 56m,R,7.6,2.6K
417. Double Cross,https://www.imdb.com/title/tt0276925/?ref_=sr_t_417,1972,,,4.8,38
418. Red Psalm,https://www.imdb.com/title/tt0067467/?ref_=sr_t_418,1972,1h 27m,,6.7,2K
419. Jangal Mein Mangal,https://www.imdb.com/title/tt0435079/?ref_=sr_t_419,1972,2h 20m,,6.8,82
420. The Valley (Obscured by Clouds),https://www.imdb.com/title/tt0069451/?ref_=sr_t_420,1972,1h 41m,Unrated,6.4,1.5K
421. Le Sex Shop,https://www.imdb.com/title/tt0072142/?ref_=sr_t_421,1972,1h 32m,R,5.5,371
422. Hammer,https://www.imdb.com/title/tt0068673/?ref_=sr_t_422,1972,1h 32m,R,5.5,773
423. Scoumoune,https://www.imdb.com/title/tt0069237/?ref_=sr_t_423,1972,1h 41m,,6.1,1.3K
424. O anthropos pou espage plaka!,https://www.imdb.com/title/tt0196339/?ref_=sr_t_424,1972,1h 34m,,5.5,479
425. A.A.A. Massaggiatrice bella presenza offresi...,https://www.imdb.com/title/tt0068162/?ref_=sr_t_425,1972,1h 25m,,5.1,201
426. Metti lo diavolo tuo ne lo mio inferno,https://www.imdb.com/title/tt0068940/?ref_=sr_t_426,1972,1h 24m,,4.9,94
427. Massage Parlor '73,https://www.imdb.com/title/tt0068927/?ref_=sr_t_427,1972,1h 27m,R,3.7,60
428. Pope Joan,https://www.imdb.com/title/tt0069110/?ref_=sr_t_428,1972,2h 12m,PG,5.5,407
429. The Honkers,https://www.imdb.com/title/tt0068711/?ref_=sr_t_429,1972,1h 42m,PG,6.1,401
430. Apradh,https://www.imdb.com/title/tt0175450/?ref_=sr_t_430,1972,2h 8m,Not Rated,7.0,91
431. White Sister,https://www.imdb.com/title/tt0066829/?ref_=sr_t_431,1972,1h 36m,R,5.5,398
432. The Rolling Stones: Cocksucker Blues,https://www.imdb.com/title/tt0068389/?ref_=sr_t_432,1972,1h 33m,,6.3,886
433. Mi niño Tizoc,https://www.imdb.com/title/tt0249807/?ref_=sr_t_433,1972,1h 35m,,7.3,61
434. Young Playthings,https://www.imdb.com/title/tt0069527/?ref_=sr_t_434,1972,1h 45m,R,4.8,160
435. Mere Jeevan Saathi,https://www.imdb.com/title/tt0068938/?ref_=sr_t_435,1972,2h 22m,Not Rated,6.7,233
436. Les galets d'Étretat,https://www.imdb.com/title/tt0164606/?ref_=sr_t_436,1972,1h 40m,,4.9,97
437. The Possession of Virginia,https://www.imdb.com/title/tt0195166/?ref_=sr_t_437,1972,1h 26m,Not Rated,4.5,110
"438. Alfredo, Alfredo",https://www.imdb.com/title/tt0068189/?ref_=sr_t_438,1972,1h 38m,R,6.4,1.2K
439. I Bog stvori kafansku pevacicu,https://www.imdb.com/title/tt0125212/?ref_=sr_t_439,1972,1h 29m,,6.3,206
440. Night of the Cobra Woman,https://www.imdb.com/title/tt0069004/?ref_=sr_t_440,1972,1h 25m,R,4.2,523
441. The Olsen Gang's Big Score,https://www.imdb.com/title/tt0069042/?ref_=sr_t_441,1972,1h 39m,Not Rated,6.7,1.9K
442. Vacation Temptations,https://www.imdb.com/title/tt0154243/?ref_=sr_t_442,1972,1h 16m,,4.8,96
443. For the Love of Ada,https://www.imdb.com/title/tt0296640/?ref_=sr_t_443,1972,1h 28m,Not Rated,5.8,164
444. Come Back Charleston Blue,https://www.imdb.com/title/tt0068403/?ref_=sr_t_444,1972,1h 40m,PG,6.4,373
445. Weekend of a Champion,https://www.imdb.com/title/tt0068178/?ref_=sr_t_445,1972,1h 20m,,7.3,714
446. Trap on Cougar Mountain,https://www.imdb.com/title/tt0069403/?ref_=sr_t_446,1972,1h 34m,G,3.9,52
447. The Woman Hunt,https://www.imdb.com/title/tt0069509/?ref_=sr_t_447,1972,1h 21m,R,4.7,208
448. Koshish,https://www.imdb.com/title/tt0215911/?ref_=sr_t_448,1972,2h 5m,,8.4,1.8K
449. Decameron proibitissimo (Boccaccio mio statte zitto),https://www.imdb.com/title/tt0068463/?ref_=sr_t_449,1972,1h 32m,,4.8,70
450. Bawarchi,https://www.imdb.com/title/tt0068257/?ref_=sr_t_450,1972,2h 10m,Not Rated,8.1,4.5K
451. Confessioni segrete di un convento di clausura,https://www.imdb.com/title/tt0068406/?ref_=sr_t_451,1972,1h 20m,,4.8,39
452. Endless Night,https://www.imdb.com/title/tt6605564/?ref_=sr_t_452,1972,1h 26m,,3.9,56
453. The Jerusalem File,https://www.imdb.com/title/tt0068763/?ref_=sr_t_453,1972,1h 35m,PG,5.9,96
454. ...And Hope to Die,https://www.imdb.com/title/tt0068420/?ref_=sr_t_454,1972,1h 39m,PG,6.7,899
"455. Semmel, Wurst und Birkenwasser - Die liebestollen Handwerker",https://www.imdb.com/title/tt0069246/?ref_=sr_t_455,1972,1h 22m,,4.1,44
456. Melinda,https://www.imdb.com/title/tt0068934/?ref_=sr_t_456,1972,1h 49m,R,5.8,329
457. Young Seducers 2,https://www.imdb.com/title/tt0068297/?ref_=sr_t_457,1972,1h 14m,R,4.0,276
458. George!,https://www.imdb.com/title/tt0066660/?ref_=sr_t_458,1972,1h 26m,G,6.2,129
459. The Biscuit Eater,https://www.imdb.com/title/tt0068276/?ref_=sr_t_459,1972,1h 30m,G,5.7,570
460. Contemporary History of Rape in Japan,https://www.imdb.com/title/tt0291192/?ref_=sr_t_460,1972,1h 18m,,,
461. Where Does It Hurt?,https://www.imdb.com/title/tt0069497/?ref_=sr_t_461,1972,1h 27m,R,5.2,562
462. Wild Honey,https://www.imdb.com/title/tt0067987/?ref_=sr_t_462,1972,1h 35m,X,5.1,115
"463. Kär-lek, så gör vi: Brev till Inge och Sten",https://www.imdb.com/title/tt0068826/?ref_=sr_t_463,1972,1h 20m,,4.8,42
464. Up the Front,https://www.imdb.com/title/tt0069448/?ref_=sr_t_464,1972,1h 29m,Unrated,4.5,361
465. Seeta Aur Geeta,https://www.imdb.com/title/tt0078222/?ref_=sr_t_465,1972,2h 42m,,6.9,2.2K
466. Poppea... una prostituta al servizio dell'impero,https://www.imdb.com/title/tt0069111/?ref_=sr_t_466,1972,1h 33m,,4.5,106
467. The Master Touch,https://www.imdb.com/title/tt0069446/?ref_=sr_t_467,1972,1h 52m,PG,5.9,709
468. Poor Albert & Little Annie,https://www.imdb.com/title/tt0071639/?ref_=sr_t_468,1972,1h 21m,R,4.1,476
469. Cops Is Cops,https://www.imdb.com/title/tt0067237/?ref_=sr_t_469,1972,1h 35m,PG,6.2,777
470. Stadium Nuts,https://www.imdb.com/title/tt0197485/?ref_=sr_t_470,1972,1h 20m,,6.1,943
471. The Goalie's Anxiety at the Penalty Kick,https://www.imdb.com/title/tt0066773/?ref_=sr_t_471,1972,1h 41m,,6.5,2.4K
472. Robinson und seine wilden Sklavinnen,https://www.imdb.com/title/tt0067682/?ref_=sr_t_472,1972,1h 20m,,4.3,196
473. Nurses Report,https://www.imdb.com/title/tt0068818/?ref_=sr_t_473,1972,1h 21m,R,4.0,141
474. Vasantha Maligai,https://www.imdb.com/title/tt0254845/?ref_=sr_t_474,1972,2h 42m,,6.8,136
475. Naked Girl Murdered in the Park,https://www.imdb.com/title/tt0068777/?ref_=sr_t_475,1972,1h 36m,Not Rated,5.4,559
476. Tarkan: Altin Madalyon,https://www.imdb.com/title/tt0274933/?ref_=sr_t_476,1972,1h 22m,,6.3,1.7K
477. The Adventures of Barry McKenzie,https://www.imdb.com/title/tt0068173/?ref_=sr_t_477,1972,1h 54m,Not Rated,5.6,946
478. In Pursuit of Treasure,https://www.imdb.com/title/tt0467480/?ref_=sr_t_478,1972,,,5.9,43
479. 5 Bed Bunnies on the Loose,https://www.imdb.com/title/tt0167169/?ref_=sr_t_479,1972,1h 23m,R,3.4,21
480. The Boy Who Turned Yellow,https://www.imdb.com/title/tt0068311/?ref_=sr_t_480,1972,55m,,5.7,312
481. Ichijô Sayuri: Nureta yokujô,https://www.imdb.com/title/tt0220570/?ref_=sr_t_481,1972,1h 9m,Not Rated,5.3,295
482. Justin Morgan Had a Horse,https://www.imdb.com/title/tt0068789/?ref_=sr_t_482,1972,1h 31m,TV-G,6.7,265
483. Sambizanga,https://www.imdb.com/title/tt0069214/?ref_=sr_t_483,1972,1h 37m,Not Rated,7.0,865
484. Stand Up and Be Counted,https://www.imdb.com/title/tt0069307/?ref_=sr_t_484,1972,1h 39m,PG,4.6,156
485. Salome,https://www.imdb.com/title/tt0069210/?ref_=sr_t_485,1972,1h 16m,,6.6,460
486. The Alf Garnett Saga,https://www.imdb.com/title/tt0068188/?ref_=sr_t_486,1972,1h 30m,,5.1,176
487. L'Amour,https://www.imdb.com/title/tt0210793/?ref_=sr_t_487,1972,1h 30m,R,5.7,99
488. The Sicilian Connection,https://www.imdb.com/title/tt0068179/?ref_=sr_t_488,1972,1h 40m,,5.8,299
489. Ben and Charlie,https://www.imdb.com/title/tt0068203/?ref_=sr_t_489,1972,1h 49m,PG,6.1,578
490. The Salzburg Connection,https://www.imdb.com/title/tt0069212/?ref_=sr_t_490,1972,1h 33m,PG,5.3,574
491. Four Dimensions of Greta,https://www.imdb.com/title/tt0069374/?ref_=sr_t_491,1972,1h 25m,R,4.4,276
492. Der Todesrächer von Soho,https://www.imdb.com/title/tt0067453/?ref_=sr_t_492,1972,1h 21m,,4.5,420
493. Karaoglan Geliyor,https://www.imdb.com/title/tt0277068/?ref_=sr_t_493,1972,1h 30m,,5.6,285
494. The Body Shop,https://www.imdb.com/title/tt0069811/?ref_=sr_t_494,1972,1h 15m,X,3.7,522
495. The Old Maid,https://www.imdb.com/title/tt0067949/?ref_=sr_t_495,1972,1h 25m,,6.9,604
496. Asta-seara dansam in familie,https://www.imdb.com/title/tt0165629/?ref_=sr_t_496,1972,1h 38m,,8.3,958
497. Deathmaster,https://www.imdb.com/title/tt0068459/?ref_=sr_t_497,1972,1h 24m,PG,5.2,423
498. Neither the Sea Nor the Sand,https://www.imdb.com/title/tt0068996/?ref_=sr_t_498,1972,1h 50m,R,5.7,420
499. The Ragman's Daughter,https://www.imdb.com/title/tt0069160/?ref_=sr_t_499,1972,1h 34m,,6.4,136
500. Class of '74,https://www.imdb.com/title/tt3311950/?ref_=sr_t_500,1972,1h 22m,R,4.9,114
