Title,Movie Link,Year,Duration,MPA,Rating,Votes
1. Home Alone,https://www.imdb.com/title/tt0099785/?ref_=sr_t_1,1990,1h 43m,PG,7.7,685K
2. Ghost,https://www.imdb.com/title/tt0099653/?ref_=sr_t_2,1990,2h 7m,PG-13,7.1,243K
3. Dances with Wolves,https://www.imdb.com/title/tt0099348/?ref_=sr_t_3,1990,3h 1m,PG-13,8.0,298K
4. Pretty Woman,https://www.imdb.com/title/tt0100405/?ref_=sr_t_4,1990,1h 59m,R,7.1,378K
5. Teenage Mutant Ninja Turtles,https://www.imdb.com/title/tt0100758/?ref_=sr_t_5,1990,1h 33m,PG,6.8,107K
6. The Hunt for Red October,https://www.imdb.com/title/tt0099810/?ref_=sr_t_6,1990,2h 15m,PG,7.5,220K
7. Total Recall,https://www.imdb.com/title/tt0100802/?ref_=sr_t_7,1990,1h 53m,R,7.5,363K
8. Die Hard 2,https://www.imdb.com/title/tt0099423/?ref_=sr_t_8,1990,2h 4m,R,7.1,393K
9. Dick Tracy,https://www.imdb.com/title/tt0099422/?ref_=sr_t_9,1990,1h 45m,PG,6.2,67K
10. Kindergarten Cop,https://www.imdb.com/title/tt0099938/?ref_=sr_t_10,1990,1h 51m,PG-13,6.2,166K
11. Back to the Future Part III,https://www.imdb.com/title/tt0099088/?ref_=sr_t_11,1990,1h 58m,PG,7.4,494K
12. Presumed Innocent,https://www.imdb.com/title/tt0100404/?ref_=sr_t_12,1990,2h 7m,R,6.9,49K
13. Days of Thunder,https://www.imdb.com/title/tt0099371/?ref_=sr_t_13,1990,1h 47m,PG-13,6.1,99K
14. Another 48 Hrs.,https://www.imdb.com/title/tt0099044/?ref_=sr_t_14,1990,1h 35m,R,5.9,46K
15. Three Men and a Little Lady,https://www.imdb.com/title/tt0098966/?ref_=sr_t_15,1990,1h 44m,PG,5.5,27K
16. Bird on a Wire,https://www.imdb.com/title/tt0099141/?ref_=sr_t_16,1990,1h 50m,PG-13,6.0,49K
17. The Godfather Part III,https://www.imdb.com/title/tt0099674/?ref_=sr_t_17,1990,2h 42m,R,7.6,434K
18. Flatliners,https://www.imdb.com/title/tt0099582/?ref_=sr_t_18,1990,1h 55m,R,6.6,95K
19. Misery,https://www.imdb.com/title/tt0100157/?ref_=sr_t_19,1990,1h 47m,R,7.8,245K
20. Edward Scissorhands,https://www.imdb.com/title/tt0099487/?ref_=sr_t_20,1990,1h 45m,PG-13,7.9,540K
21. Problem Child,https://www.imdb.com/title/tt0100419/?ref_=sr_t_21,1990,1h 21m,PG,5.5,34K
22. Arachnophobia,https://www.imdb.com/title/tt0099052/?ref_=sr_t_22,1990,1h 49m,PG-13,6.5,78K
23. Awakenings,https://www.imdb.com/title/tt0099077/?ref_=sr_t_23,1990,2h 1m,PG-13,7.8,164K
24. Look Who's Talking Too,https://www.imdb.com/title/tt0100050/?ref_=sr_t_24,1990,1h 21m,PG-13,4.7,50K
25. Hard to Kill,https://www.imdb.com/title/tt0099739/?ref_=sr_t_25,1990,1h 36m,R,5.8,33K
26. Goodfellas,https://www.imdb.com/title/tt0099685/?ref_=sr_t_26,1990,2h 25m,R,8.7,1.3M
27. Marked for Death,https://www.imdb.com/title/tt0100114/?ref_=sr_t_27,1990,1h 33m,R,5.9,25K
28. RoboCop 2,https://www.imdb.com/title/tt0100502/?ref_=sr_t_28,1990,1h 57m,R,5.8,95K
29. Young Guns II,https://www.imdb.com/title/tt0100994/?ref_=sr_t_29,1990,1h 44m,PG-13,6.5,40K
30. Gremlins 2: The New Batch,https://www.imdb.com/title/tt0099700/?ref_=sr_t_30,1990,1h 46m,PG-13,6.4,116K
31. Rocky V,https://www.imdb.com/title/tt0100507/?ref_=sr_t_31,1990,1h 44m,PG-13,5.4,154K
32. Joe Versus the Volcano,https://www.imdb.com/title/tt0099892/?ref_=sr_t_32,1990,1h 42m,PG,5.9,41K
33. Postcards from the Edge,https://www.imdb.com/title/tt0100395/?ref_=sr_t_33,1990,1h 41m,R,6.7,20K
34. Mermaids,https://www.imdb.com/title/tt0100140/?ref_=sr_t_34,1990,1h 50m,PG-13,6.7,37K
35. Darkman,https://www.imdb.com/title/tt0099365/?ref_=sr_t_35,1990,1h 36m,R,6.4,72K
36. Air America,https://www.imdb.com/title/tt0099005/?ref_=sr_t_36,1990,1h 53m,R,5.8,31K
37. Predator 2,https://www.imdb.com/title/tt0100403/?ref_=sr_t_37,1990,1h 48m,R,6.3,189K
38. Green Card,https://www.imdb.com/title/tt0099699/?ref_=sr_t_38,1990,1h 47m,PG-13,6.3,26K
39. Pacific Heights,https://www.imdb.com/title/tt0100318/?ref_=sr_t_39,1990,1h 42m,R,6.4,24K
40. Child's Play 2,https://www.imdb.com/title/tt0099253/?ref_=sr_t_40,1990,1h 24m,R,6.0,60K
41. The Rescuers Down Under,https://www.imdb.com/title/tt0100477/?ref_=sr_t_41,1990,1h 17m,G,6.8,49K
42. Internal Affairs,https://www.imdb.com/title/tt0099850/?ref_=sr_t_42,1990,1h 55m,R,6.5,23K
43. Cadillac Man,https://www.imdb.com/title/tt0099204/?ref_=sr_t_43,1990,1h 37m,R,5.7,16K
44. Memphis Belle,https://www.imdb.com/title/tt0100133/?ref_=sr_t_44,1990,1h 47m,PG-13,6.9,31K
45. House Party,https://www.imdb.com/title/tt0099800/?ref_=sr_t_45,1990,1h 40m,R,6.5,17K
46. Jacob's Ladder,https://www.imdb.com/title/tt0099871/?ref_=sr_t_46,1990,1h 53m,R,7.4,122K
47. The Exorcist III,https://www.imdb.com/title/tt0099528/?ref_=sr_t_47,1990,1h 50m,R,6.5,41K
48. Navy Seals,https://www.imdb.com/title/tt0100232/?ref_=sr_t_48,1990,1h 53m,R,5.5,19K
49. Ernest Goes to Jail,https://www.imdb.com/title/tt0099512/?ref_=sr_t_49,1990,1h 21m,PG,5.4,10K
50. Ghost Dad,https://www.imdb.com/title/tt0099654/?ref_=sr_t_50,1990,1h 23m,PG,4.4,8.6K
51. Lionheart,https://www.imdb.com/title/tt0100029/?ref_=sr_t_51,1990,1h 48m,R,6.2,41K
52. My Blue Heaven,https://www.imdb.com/title/tt0100212/?ref_=sr_t_52,1990,1h 37m,PG-13,6.2,23K
53. The Russia House,https://www.imdb.com/title/tt0100530/?ref_=sr_t_53,1990,2h 3m,R,6.1,18K
54. The First Power,https://www.imdb.com/title/tt0099578/?ref_=sr_t_54,1990,1h 38m,R,5.7,5.1K
55. The Rookie,https://www.imdb.com/title/tt0100514/?ref_=sr_t_55,1990,2h,R,5.9,30K
56. The Freshman,https://www.imdb.com/title/tt0099615/?ref_=sr_t_56,1990,1h 42m,PG,6.5,22K
57. The Adventures of Ford Fairlane,https://www.imdb.com/title/tt0098987/?ref_=sr_t_57,1990,1h 44m,R,6.4,20K
58. Quigley Down Under,https://www.imdb.com/title/tt0102744/?ref_=sr_t_58,1990,1h 59m,PG-13,6.9,25K
59. Madhouse,https://www.imdb.com/title/tt0100087/?ref_=sr_t_59,1990,1h 30m,PG-13,5.4,3.8K
60. Hamlet,https://www.imdb.com/title/tt0099726/?ref_=sr_t_60,1990,2h 15m,PG,6.7,24K
61. Jetsons: The Movie,https://www.imdb.com/title/tt0099878/?ref_=sr_t_61,1990,1h 22m,G,5.5,5.9K
62. Stella,https://www.imdb.com/title/tt0100691/?ref_=sr_t_62,1990,1h 49m,PG-13,6.1,2.9K
63. Taking Care of Business,https://www.imdb.com/title/tt0103035/?ref_=sr_t_63,1990,1h 48m,R,6.4,9.6K
64. Betsy's Wedding,https://www.imdb.com/title/tt0099128/?ref_=sr_t_64,1990,1h 34m,R,5.7,4.1K
65. DuckTales the Movie: Treasure of the Lost Lamp,https://www.imdb.com/title/tt0099472/?ref_=sr_t_65,1990,1h 14m,G,6.8,29K
66. Sibling Rivalry,https://www.imdb.com/title/tt0100611/?ref_=sr_t_66,1990,1h 27m,PG-13,5.4,3.1K
67. White Palace,https://www.imdb.com/title/tt0103251/?ref_=sr_t_67,1990,1h 43m,R,6.5,9.2K
68. The NeverEnding Story II: The Next Chapter,https://www.imdb.com/title/tt0100240/?ref_=sr_t_68,1990,1h 29m,PG,5.1,28K
69. The Guardian,https://www.imdb.com/title/tt0099710/?ref_=sr_t_69,1990,1h 32m,R,5.4,6.6K
70. Death Warrant,https://www.imdb.com/title/tt0099385/?ref_=sr_t_70,1990,1h 29m,R,5.7,22K
71. Tremors,https://www.imdb.com/title/tt0100814/?ref_=sr_t_71,1990,1h 36m,PG-13,7.2,156K
72. Tales from the Darkside: The Movie,https://www.imdb.com/title/tt0100740/?ref_=sr_t_72,1990,1h 33m,R,6.2,20K
73. Men at Work,https://www.imdb.com/title/tt0100135/?ref_=sr_t_73,1990,1h 38m,PG-13,5.9,28K
74. I Love You to Death,https://www.imdb.com/title/tt0099819/?ref_=sr_t_74,1990,1h 37m,R,6.4,16K
75. Mo' Better Blues,https://www.imdb.com/title/tt0100168/?ref_=sr_t_75,1990,2h 10m,R,6.7,14K
76. Avalon,https://www.imdb.com/title/tt0099073/?ref_=sr_t_76,1990,2h 8m,PG,7.2,7.1K
77. The Bonfire of the Vanities,https://www.imdb.com/title/tt0099165/?ref_=sr_t_77,1990,2h 5m,R,5.6,27K
78. Revenge,https://www.imdb.com/title/tt0100485/?ref_=sr_t_78,1990,2h 4m,R,6.2,22K
79. Reversal of Fortune,https://www.imdb.com/title/tt0100486/?ref_=sr_t_79,1990,1h 51m,R,7.2,20K
80. Mr. Destiny,https://www.imdb.com/title/tt0100201/?ref_=sr_t_80,1990,1h 56m,PG-13,6.4,14K
81. Spaced Invaders,https://www.imdb.com/title/tt0100666/?ref_=sr_t_81,1990,1h 40m,PG,5.3,4.1K
82. Quick Change,https://www.imdb.com/title/tt0100449/?ref_=sr_t_82,1990,1h 29m,R,6.8,23K
83. Shipwrecked,https://www.imdb.com/title/tt0099816/?ref_=sr_t_83,1990,1h 32m,PG,6.5,3.3K
84. Fire Birds,https://www.imdb.com/title/tt0099575/?ref_=sr_t_84,1990,1h 25m,PG-13,4.7,7.4K
85. Wild at Heart,https://www.imdb.com/title/tt0100935/?ref_=sr_t_85,1990,2h 5m,R,7.2,104K
86. Lord of the Flies,https://www.imdb.com/title/tt0100054/?ref_=sr_t_86,1990,1h 30m,R,6.4,35K
87. The Grifters,https://www.imdb.com/title/tt0099703/?ref_=sr_t_87,1990,1h 50m,R,6.9,31K
88. Crazy People,https://www.imdb.com/title/tt0099316/?ref_=sr_t_88,1990,1h 30m,R,6.0,5K
89. Bad Influence,https://www.imdb.com/title/tt0099091/?ref_=sr_t_89,1990,1h 39m,R,6.3,11K
90. Graveyard Shift,https://www.imdb.com/title/tt0099697/?ref_=sr_t_90,1990,1h 26m,R,5.0,13K
91. Henry & June,https://www.imdb.com/title/tt0099762/?ref_=sr_t_91,1990,2h 16m,NC-17,6.3,14K
92. Pump Up the Volume,https://www.imdb.com/title/tt0100436/?ref_=sr_t_92,1990,1h 42m,R,7.2,32K
93. Opportunity Knocks,https://www.imdb.com/title/tt0100301/?ref_=sr_t_93,1990,1h 43m,PG-13,6.0,3.4K
94. Q&A,https://www.imdb.com/title/tt0100442/?ref_=sr_t_94,1990,2h 12m,R,6.6,7.3K
95. Nuns on the Run,https://www.imdb.com/title/tt0100280/?ref_=sr_t_95,1990,1h 29m,PG-13,6.0,9.2K
96. Narrow Margin,https://www.imdb.com/title/tt0100224/?ref_=sr_t_96,1990,1h 37m,R,6.6,11K
97. The Witches,https://www.imdb.com/title/tt0100944/?ref_=sr_t_97,1990,1h 31m,PG,6.8,56K
98. The Two Jakes,https://www.imdb.com/title/tt0100828/?ref_=sr_t_98,1990,2h 17m,R,6.1,16K
99. Miami Blues,https://www.imdb.com/title/tt0100143/?ref_=sr_t_99,1990,1h 37m,R,6.4,11K
100. Havana,https://www.imdb.com/title/tt0099747/?ref_=sr_t_100,1990,2h 24m,R,6.1,8.7K
101. Nightbreed,https://www.imdb.com/title/tt0100260/?ref_=sr_t_101,1990,1h 42m,R,6.5,27K
102. Ski Patrol,https://www.imdb.com/title/tt0100631/?ref_=sr_t_102,1990,1h 31m,PG,5.1,4.3K
103. Cry-Baby,https://www.imdb.com/title/tt0099329/?ref_=sr_t_103,1990,1h 25m,PG-13,6.5,66K
104. Blue Steel,https://www.imdb.com/title/tt0099160/?ref_=sr_t_104,1990,1h 42m,R,5.8,19K
105. Funny About Love,https://www.imdb.com/title/tt0099623/?ref_=sr_t_105,1990,1h 41m,PG-13,4.8,1.6K
106. Mr. & Mrs. Bridge,https://www.imdb.com/title/tt0100200/?ref_=sr_t_106,1990,2h 6m,PG-13,6.6,3.7K
107. Alice,https://www.imdb.com/title/tt0099012/?ref_=sr_t_107,1990,1h 46m,PG-13,6.6,16K
108. Almost an Angel,https://www.imdb.com/title/tt0099018/?ref_=sr_t_108,1990,1h 35m,PG,5.6,5.1K
109. Delta Force 2: The Colombian Connection,https://www.imdb.com/title/tt0099399/?ref_=sr_t_109,1990,1h 51m,R,4.9,8.4K
110. Flashback,https://www.imdb.com/title/tt0099581/?ref_=sr_t_110,1990,1h 48m,R,6.2,5.9K
111. Men Don't Leave,https://www.imdb.com/title/tt0100134/?ref_=sr_t_111,1990,1h 55m,PG-13,6.6,2.8K
112. Night of the Living Dead,https://www.imdb.com/title/tt0100258/?ref_=sr_t_112,1990,1h 32m,R,6.8,47K
113. Cyrano de Bergerac,https://www.imdb.com/title/tt0099334/?ref_=sr_t_113,1990,2h 17m,PG,7.5,26K
114. Stanley & Iris,https://www.imdb.com/title/tt0100680/?ref_=sr_t_114,1990,1h 44m,PG-13,6.3,8.7K
115. Leatherface: Texas Chainsaw Massacre III,https://www.imdb.com/title/tt0099994/?ref_=sr_t_115,1990,1h 25m,R,5.0,20K
116. Hardware,https://www.imdb.com/title/tt0099740/?ref_=sr_t_116,1990,1h 34m,R,5.9,17K
117. Loose Cannons,https://www.imdb.com/title/tt0100053/?ref_=sr_t_117,1990,1h 34m,R,4.9,5.3K
118. Europa Europa,https://www.imdb.com/title/tt0099776/?ref_=sr_t_118,1990,1h 52m,R,7.5,18K
119. Miller's Crossing,https://www.imdb.com/title/tt0100150/?ref_=sr_t_119,1990,1h 55m,R,7.7,145K
120. La Femme Nikita,https://www.imdb.com/title/tt0100263/?ref_=sr_t_120,1990,1h 57m,R,7.3,78K
121. The Handmaid's Tale,https://www.imdb.com/title/tt0099731/?ref_=sr_t_121,1990,1h 48m,R,6.0,11K
122. The Long Walk Home,https://www.imdb.com/title/tt0100046/?ref_=sr_t_122,1990,1h 37m,PG,7.3,5.1K
123. Graffiti Bridge,https://www.imdb.com/title/tt0099691/?ref_=sr_t_123,1990,1h 30m,PG-13,4.7,8.9K
124. Dark Angel,https://www.imdb.com/title/tt0099817/?ref_=sr_t_124,1990,1h 31m,R,6.1,15K
125. Lisa,https://www.imdb.com/title/tt0100031/?ref_=sr_t_125,1990,1h 35m,PG-13,5.9,2.4K
126. Lambada,https://www.imdb.com/title/tt0099969/?ref_=sr_t_126,1990,1h 44m,PG,3.5,1.2K
127. China Cry: A True Story,https://www.imdb.com/title/tt0101578/?ref_=sr_t_127,1990,1h 41m,PG-13,6.7,588
128. Heart Condition,https://www.imdb.com/title/tt0099750/?ref_=sr_t_128,1990,1h 40m,R,5.5,4.2K
129. Mountains of the Moon,https://www.imdb.com/title/tt0100196/?ref_=sr_t_129,1990,2h 16m,R,7.1,4.4K
130. Short Time,https://www.imdb.com/title/tt0100604/?ref_=sr_t_130,1990,1h 37m,PG-13,6.4,2.8K
"131. Welcome Home, Roxy Carmichael",https://www.imdb.com/title/tt0100911/?ref_=sr_t_131,1990,1h 35m,PG-13,5.9,6.3K
132. Paris Is Burning,https://www.imdb.com/title/tt0100332/?ref_=sr_t_132,1990,1h 18m,R,8.2,19K
133. A Shock to the System,https://www.imdb.com/title/tt0100602/?ref_=sr_t_133,1990,1h 28m,R,6.6,6.1K
134. The Judas Project,https://www.imdb.com/title/tt0107284/?ref_=sr_t_134,1990,1h 37m,PG-13,3.7,279
135. Desperate Hours,https://www.imdb.com/title/tt0099409/?ref_=sr_t_135,1990,1h 45m,R,5.4,8.8K
"136. After Dark, My Sweet",https://www.imdb.com/title/tt0098994/?ref_=sr_t_136,1990,1h 54m,R,6.5,4.4K
137. King of New York,https://www.imdb.com/title/tt0099939/?ref_=sr_t_137,1990,1h 43m,R,6.9,44K
138. Impulse,https://www.imdb.com/title/tt0099832/?ref_=sr_t_138,1990,1h 49m,R,5.7,1.6K
139. Class of 1999,https://www.imdb.com/title/tt0099277/?ref_=sr_t_139,1990,1h 39m,R,5.9,9.2K
140. Body Chemistry,https://www.imdb.com/title/tt0099164/?ref_=sr_t_140,1990,1h 24m,R,4.4,541
141. Downtown,https://www.imdb.com/title/tt0099460/?ref_=sr_t_141,1990,1h 36m,R,5.7,2.2K
142. White Hunter Black Heart,https://www.imdb.com/title/tt0100928/?ref_=sr_t_142,1990,1h 52m,PG,6.5,14K
143. The Nasty Girl,https://www.imdb.com/title/tt0100557/?ref_=sr_t_143,1990,1h 32m,PG-13,7.3,2.8K
144. Texasville,https://www.imdb.com/title/tt0103069/?ref_=sr_t_144,1990,2h 6m,R,6.0,3.2K
145. Vincent & Theo,https://www.imdb.com/title/tt0100873/?ref_=sr_t_145,1990,2h 18m,PG-13,6.9,4.3K
146. Def by Temptation,https://www.imdb.com/title/tt0099395/?ref_=sr_t_146,1990,1h 35m,R,5.2,2.6K
147. Eating,https://www.imdb.com/title/tt0099480/?ref_=sr_t_147,1990,1h 50m,R,6.2,327
148. The Sheltering Sky,https://www.imdb.com/title/tt0100594/?ref_=sr_t_148,1990,2h 18m,R,6.7,14K
149. Cadence,https://www.imdb.com/title/tt0101531/?ref_=sr_t_149,1990,1h 37m,PG-13,6.5,6.3K
150. The Krays,https://www.imdb.com/title/tt0099951/?ref_=sr_t_150,1990,2h,R,6.6,9.2K
151. Gate 2: The Trespassers,https://www.imdb.com/title/tt0099636/?ref_=sr_t_151,1990,1h 33m,R,4.8,2.8K
152. Ju Dou,https://www.imdb.com/title/tt0099902/?ref_=sr_t_152,1990,1h 35m,PG-13,7.6,9.2K
153. Dreams,https://www.imdb.com/title/tt0100998/?ref_=sr_t_153,1990,1h 59m,PG,7.7,30K
154. State of Grace,https://www.imdb.com/title/tt0100685/?ref_=sr_t_154,1990,2h 14m,R,7.2,26K
155. The Forbidden Dance,https://www.imdb.com/title/tt0099595/?ref_=sr_t_155,1990,1h 37m,PG-13,4.0,1.9K
156. Tune in Tomorrow...,https://www.imdb.com/title/tt0100822/?ref_=sr_t_156,1990,1h 47m,PG-13,6.1,2.1K
157. The Nutcracker Prince,https://www.imdb.com/title/tt0100281/?ref_=sr_t_157,1990,1h 15m,G,6.8,2.7K
158. Everybody's Fine,https://www.imdb.com/title/tt0100681/?ref_=sr_t_158,1990,1h 58m,PG-13,7.7,4.6K
159. My Father's Glory,https://www.imdb.com/title/tt0099669/?ref_=sr_t_159,1990,1h 45m,G,7.6,7.2K
160. The Rain Killer,https://www.imdb.com/title/tt0102750/?ref_=sr_t_160,1990,1h 34m,R,4.7,550
161. Brain Dead,https://www.imdb.com/title/tt0099173/?ref_=sr_t_161,1990,1h 25m,R,5.9,5.8K
162. May Fools,https://www.imdb.com/title/tt0097884/?ref_=sr_t_162,1990,1h 47m,R,7.2,3.5K
163. Truly Madly Deeply,https://www.imdb.com/title/tt0103129/?ref_=sr_t_163,1990,1h 46m,PG,7.2,10K
164. The Haunting of Morella,https://www.imdb.com/title/tt0099743/?ref_=sr_t_164,1990,1h 22m,R,4.5,1.1K
165. The Last of the Finest,https://www.imdb.com/title/tt0099991/?ref_=sr_t_165,1990,1h 46m,R,5.8,1.7K
166. Life Is Sweet,https://www.imdb.com/title/tt0100024/?ref_=sr_t_166,1990,1h 43m,R,7.4,12K
167. Streets,https://www.imdb.com/title/tt0100707/?ref_=sr_t_167,1990,1h 25m,R,5.7,909
168. A Cry in the Wild,https://www.imdb.com/title/tt0099327/?ref_=sr_t_168,1990,1h 22m,PG,5.8,1.2K
169. The Field,https://www.imdb.com/title/tt0099566/?ref_=sr_t_169,1990,1h 47m,PG-13,7.3,7K
170. My Mother's Castle,https://www.imdb.com/title/tt0099266/?ref_=sr_t_170,1990,1h 38m,PG,7.6,5.8K
171. Mister Johnson,https://www.imdb.com/title/tt0102458/?ref_=sr_t_171,1990,1h 41m,PG-13,6.4,1.3K
172. Love at Large,https://www.imdb.com/title/tt0100065/?ref_=sr_t_172,1990,1h 37m,R,5.7,1.5K
173. Repossessed,https://www.imdb.com/title/tt0100475/?ref_=sr_t_173,1990,1h 20m,PG-13,4.8,10K
174. Book of Love,https://www.imdb.com/title/tt0099166/?ref_=sr_t_174,1990,1h 22m,PG-13,6.2,1.3K
175. Daddy's Dyin'... Who's Got the Will?,https://www.imdb.com/title/tt0099342/?ref_=sr_t_175,1990,1h 35m,PG-13,5.8,888
176. Everybody Wins,https://www.imdb.com/title/tt0099520/?ref_=sr_t_176,1990,1h 37m,R,5.1,1.4K
177. The Fourth War,https://www.imdb.com/title/tt0099606/?ref_=sr_t_177,1990,1h 31m,R,5.5,2.1K
178. The Hot Spot,https://www.imdb.com/title/tt0099797/?ref_=sr_t_178,1990,2h 10m,R,6.4,14K
179. Bloodfist II,https://www.imdb.com/title/tt0099155/?ref_=sr_t_179,1990,1h 25m,R,4.9,833
180. The Comfort of Strangers,https://www.imdb.com/title/tt0099292/?ref_=sr_t_180,1990,1h 47m,R,6.3,6.7K
181. Slumber Party Massacre III,https://www.imdb.com/title/tt0100639/?ref_=sr_t_181,1990,1h 27m,R,4.5,3.6K
182. Slacker,https://www.imdb.com/title/tt0102943/?ref_=sr_t_182,1990,1h 37m,R,7.0,24K
183. Vital Signs,https://www.imdb.com/title/tt0100879/?ref_=sr_t_183,1990,1h 43m,R,5.5,889
184. Without You I'm Nothing,https://www.imdb.com/title/tt0100946/?ref_=sr_t_184,1990,1h 29m,R,6.4,691
185. The Hairdresser's Husband,https://www.imdb.com/title/tt0100112/?ref_=sr_t_185,1990,1h 22m,R,7.1,11K
186. The Boyfriend School,https://www.imdb.com/title/tt0099450/?ref_=sr_t_186,1990,1h 41m,PG-13,5.7,3.3K
187. To Sleep with Anger,https://www.imdb.com/title/tt0100791/?ref_=sr_t_187,1990,1h 42m,PG,7.2,3K
188. Daddy Nostalgia,https://www.imdb.com/title/tt0099341/?ref_=sr_t_188,1990,1h 45m,PG,6.8,867
189. Where the Heart Is,https://www.imdb.com/title/tt0100924/?ref_=sr_t_189,1990,1h 47m,R,5.9,1.8K
190. An Angel at My Table,https://www.imdb.com/title/tt0099040/?ref_=sr_t_190,1990,2h 38m,R,7.4,8.9K
191. Hidden Agenda,https://www.imdb.com/title/tt0099768/?ref_=sr_t_191,1990,1h 48m,R,6.9,4.8K
192. Corporate Affairs,https://www.imdb.com/title/tt0099305/?ref_=sr_t_192,1990,1h 22m,R,3.7,255
193. Come See the Paradise,https://www.imdb.com/title/tt0099291/?ref_=sr_t_193,1990,2h 18m,R,6.7,3.2K
194. Angel Town,https://www.imdb.com/title/tt0099039/?ref_=sr_t_194,1990,1h 46m,R,5.0,895
195. Waiting for the Light,https://www.imdb.com/title/tt0100899/?ref_=sr_t_195,1990,1h 34m,PG,6.0,600
196. C'est la vie,https://www.imdb.com/title/tt0099200/?ref_=sr_t_196,1990,1h 50m,,6.2,982
197. Listen Up: The Lives of Quincy Jones,https://www.imdb.com/title/tt0102315/?ref_=sr_t_197,1990,1h 55m,PG-13,6.0,224
198. Mindwalk,https://www.imdb.com/title/tt0100151/?ref_=sr_t_198,1990,1h 52m,PG,7.6,3.3K
199. Rosencrantz & Guildenstern Are Dead,https://www.imdb.com/title/tt0100519/?ref_=sr_t_199,1990,1h 57m,PG,7.3,24K
200. Thousand Pieces of Gold,https://www.imdb.com/title/tt0100774/?ref_=sr_t_200,1990,1h 45m,PG-13,6.9,755
201. Coupe de Ville,https://www.imdb.com/title/tt0099310/?ref_=sr_t_201,1990,1h 39m,PG-13,6.7,2.7K
202. The Return of Superfly,https://www.imdb.com/title/tt0100480/?ref_=sr_t_202,1990,1h 35m,R,4.1,523
203. Auntie Danielle,https://www.imdb.com/title/tt0100747/?ref_=sr_t_203,1990,1h 50m,PG-13,7.1,3.8K
204. Overexposed,https://www.imdb.com/title/tt0100317/?ref_=sr_t_204,1990,1h 20m,R,4.1,141
205. Strike It Rich,https://www.imdb.com/title/tt0100708/?ref_=sr_t_205,1990,1h 27m,PG,4.8,206
206. Meet the Applegates,https://www.imdb.com/title/tt0100129/?ref_=sr_t_206,1990,1h 30m,R,5.5,2.7K
207. American Ninja 4: The Annihilation,https://www.imdb.com/title/tt0101326/?ref_=sr_t_207,1990,1h 39m,R,4.0,5.5K
208. Trust,https://www.imdb.com/title/tt0103130/?ref_=sr_t_208,1990,1h 47m,R,7.4,13K
209. Iron & Silk,https://www.imdb.com/title/tt0099857/?ref_=sr_t_209,1990,1h 32m,PG,6.9,646
210. Two Evil Eyes,https://www.imdb.com/title/tt0100827/?ref_=sr_t_210,1990,2h,R,6.1,8.5K
211. Frankenstein Unbound,https://www.imdb.com/title/tt0099612/?ref_=sr_t_211,1990,1h 25m,R,5.4,4.3K
212. American Dream,https://www.imdb.com/title/tt0099028/?ref_=sr_t_212,1990,1h 38m,PG-13,7.8,1K
213. Pastime,https://www.imdb.com/title/tt0105109/?ref_=sr_t_213,1990,1h 34m,PG,6.7,423
214. Journey of Hope,https://www.imdb.com/title/tt0100470/?ref_=sr_t_214,1990,1h 45m,PG,7.5,2.3K
215. Terminal Bliss,https://www.imdb.com/title/tt0105562/?ref_=sr_t_215,1990,1h 33m,R,4.4,256
216. Frankenhooker,https://www.imdb.com/title/tt0099611/?ref_=sr_t_216,1990,1h 25m,R,6.2,15K
217. Bright Angel,https://www.imdb.com/title/tt0101510/?ref_=sr_t_217,1990,1h 33m,R,5.5,769
218. Days of Being Wild,https://www.imdb.com/title/tt0101258/?ref_=sr_t_218,1990,1h 34m,Not Rated,7.4,27K
219. Men of Respect,https://www.imdb.com/title/tt0102432/?ref_=sr_t_219,1990,1h 53m,R,5.6,1K
220. Open Doors,https://www.imdb.com/title/tt0100389/?ref_=sr_t_220,1990,1h 48m,R,7.1,1.1K
221. A Man Called Sarge,https://www.imdb.com/title/tt0100100/?ref_=sr_t_221,1990,1h 28m,PG-13,4.4,562
222. A Show of Force,https://www.imdb.com/title/tt0100606/?ref_=sr_t_222,1990,1h 35m,R,5.3,871
223. Chicago Joe and the Showgirl,https://www.imdb.com/title/tt0099250/?ref_=sr_t_223,1990,1h 43m,R,5.0,812
224. Why Me?,https://www.imdb.com/title/tt0100931/?ref_=sr_t_224,1990,1h 27m,R,5.8,1.4K
225. Fools of Fortune,https://www.imdb.com/title/tt0099594/?ref_=sr_t_225,1990,1h 49m,PG-13,5.3,261
226. Naked Tango,https://www.imdb.com/title/tt0100222/?ref_=sr_t_226,1990,1h 33m,R,5.8,762
227. Crossing the Line,https://www.imdb.com/title/tt0099136/?ref_=sr_t_227,1990,1h 33m,R,5.7,1.5K
228. Blood Oath,https://www.imdb.com/title/tt0100414/?ref_=sr_t_228,1990,1h 48m,R,6.4,997
229. The Spirit of '76,https://www.imdb.com/title/tt0100670/?ref_=sr_t_229,1990,1h 22m,PG-13,5.8,871
230. The Reflecting Skin,https://www.imdb.com/title/tt0100469/?ref_=sr_t_230,1990,1h 36m,R,6.7,9.7K
231. Paper Mask,https://www.imdb.com/title/tt0100330/?ref_=sr_t_231,1990,1h 45m,R,6.6,761
232. Resident Alien,https://www.imdb.com/title/tt0102777/?ref_=sr_t_232,1990,1h 25m,Not Rated,6.7,169
233. The Garden,https://www.imdb.com/title/tt0099634/?ref_=sr_t_233,1990,1h 32m,Unrated,6.4,1.2K
234. The Invisible Maniac,https://www.imdb.com/title/tt0099856/?ref_=sr_t_234,1990,1h 26m,R,4.3,3.9K
235. Captain America,https://www.imdb.com/title/tt0103923/?ref_=sr_t_235,1990,1h 37m,PG-13,3.2,15K
236. Troll 2,https://www.imdb.com/title/tt0105643/?ref_=sr_t_236,1990,1h 35m,PG-13,3.0,35K
237. Catchfire,https://www.imdb.com/title/tt0096875/?ref_=sr_t_237,1990,1h 56m,R,5.3,4.8K
238. The Rift,https://www.imdb.com/title/tt0099701/?ref_=sr_t_238,1990,1h 23m,R,4.7,3K
239. Close-Up,https://www.imdb.com/title/tt0100234/?ref_=sr_t_239,1990,1h 38m,Not Rated,8.2,24K
240. Hard to Die,https://www.imdb.com/title/tt0103111/?ref_=sr_t_240,1990,1h 17m,NC-17,4.8,1.5K
241. Singapore Sling,https://www.imdb.com/title/tt0100623/?ref_=sr_t_241,1990,1h 51m,Not Rated,6.4,2.9K
242. The Ages of Lulu,https://www.imdb.com/title/tt0099484/?ref_=sr_t_242,1990,1h 35m,,5.5,4.4K
243. Erotic Ghost Story,https://www.imdb.com/title/tt0100014/?ref_=sr_t_243,1990,1h 30m,,5.7,1.2K
244. Electra,https://www.imdb.com/title/tt0218956/?ref_=sr_t_244,1990,1h 36m,Not Rated,3.2,102
245. Mirror Mirror,https://www.imdb.com/title/tt0100156/?ref_=sr_t_245,1990,1h 44m,R,5.5,2.4K
246. Bride of Re-Animator,https://www.imdb.com/title/tt0099180/?ref_=sr_t_246,1990,1h 36m,R,6.2,18K
247. In the Cold of the Night,https://www.imdb.com/title/tt0097573/?ref_=sr_t_247,1990,1h 52m,NC-17,4.7,1.9K
248. Caged Fury,https://www.imdb.com/title/tt0097004/?ref_=sr_t_248,1990,1h 35m,Not Rated,3.9,1.4K
249. Maniac Cop 2,https://www.imdb.com/title/tt0100107/?ref_=sr_t_249,1990,1h 30m,R,5.9,9.1K
250. Guns,https://www.imdb.com/title/tt0099720/?ref_=sr_t_250,1990,1h 36m,R,4.5,1.6K
251. Sorority House Massacre II,https://www.imdb.com/title/tt0100663/?ref_=sr_t_251,1990,1h 17m,Unrated,4.8,2.5K
252. Prayer of the Rollerboys,https://www.imdb.com/title/tt0102703/?ref_=sr_t_252,1990,1h 35m,R,5.5,2.9K
253. Night Eyes,https://www.imdb.com/title/tt0100251/?ref_=sr_t_253,1990,1h 37m,R,4.2,795
254. The Match Factory Girl,https://www.imdb.com/title/tt0098532/?ref_=sr_t_254,1990,1h 9m,Not Rated,7.5,12K
255. Basket Case 2,https://www.imdb.com/title/tt0099108/?ref_=sr_t_255,1990,1h 30m,R,5.4,6K
256. Side Out,https://www.imdb.com/title/tt0100613/?ref_=sr_t_256,1990,1h 40m,PG-13,5.5,2.5K
257. Demon Wind,https://www.imdb.com/title/tt0099401/?ref_=sr_t_257,1990,1h 36m,R,4.8,3.4K
258. The Ambulance,https://www.imdb.com/title/tt0099026/?ref_=sr_t_258,1990,1h 36m,R,6.0,4.4K
259. Dance of the Polar Bears,https://www.imdb.com/title/tt0099966/?ref_=sr_t_259,1990,1h 29m,,6.4,377
260. Agneepath,https://www.imdb.com/title/tt0098999/?ref_=sr_t_260,1990,2h 54m,Not Rated,7.6,9.6K
261. I Bought a Vampire Motorcycle,https://www.imdb.com/title/tt0097550/?ref_=sr_t_261,1990,1h 41m,Not Rated,5.4,1.7K
262. The King of the Kickboxers,https://www.imdb.com/title/tt0102217/?ref_=sr_t_262,1990,1h 39m,R,5.9,2.1K
263. Night Angel,https://www.imdb.com/title/tt0100247/?ref_=sr_t_263,1990,1h 28m,R,4.5,823
264. Moon 44,https://www.imdb.com/title/tt0097910/?ref_=sr_t_264,1990,1h 38m,R,5.0,5.9K
265. Halfaouine: Boy of the Terraces,https://www.imdb.com/title/tt0090665/?ref_=sr_t_265,1990,1h 38m,Unrated,6.7,2.2K
266. Night Killer,https://www.imdb.com/title/tt0401696/?ref_=sr_t_266,1990,1h 33m,Not Rated,4.3,1.2K
267. Baby Blood,https://www.imdb.com/title/tt0096871/?ref_=sr_t_267,1990,1h 28m,R,6.0,2.4K
268. Bullet in the Head,https://www.imdb.com/title/tt0099426/?ref_=sr_t_268,1990,2h 16m,Not Rated,7.5,12K
269. Hired to Kill,https://www.imdb.com/title/tt0102043/?ref_=sr_t_269,1990,1h 36m,R,4.9,2.2K
270. Forbidden Love,https://www.imdb.com/title/tt0098588/?ref_=sr_t_270,1990,1h 31m,,6.8,284
271. The Exorcist III: Legion,https://www.imdb.com/title/tt10045260/?ref_=sr_t_271,1990,1h 45m,,7.3,1.6K
272. Deadly Manor,https://www.imdb.com/title/tt0099381/?ref_=sr_t_272,1990,1h 26m,Not Rated,4.7,1.3K
273. Pale Blood,https://www.imdb.com/title/tt0100324/?ref_=sr_t_273,1990,1h 33m,R,4.9,815
274. A Tale of Springtime,https://www.imdb.com/title/tt0097106/?ref_=sr_t_274,1990,1h 48m,PG,7.1,6.1K
275. Solar Crisis,https://www.imdb.com/title/tt0100649/?ref_=sr_t_275,1990,1h 52m,PG-13,4.1,2.2K
276. Kid,https://www.imdb.com/title/tt0102205/?ref_=sr_t_276,1990,1h 31m,R,6.2,783
"277. Abraxas, Guardian of the Universe",https://www.imdb.com/title/tt0101264/?ref_=sr_t_277,1990,1h 27m,R,2.9,2.5K
278. Kill Cruise,https://www.imdb.com/title/tt0100633/?ref_=sr_t_278,1990,1h 38m,R,4.8,934
279. Vacanze di Natale '90,https://www.imdb.com/title/tt0129511/?ref_=sr_t_279,1990,1h 37m,,4.6,773
280. Flesh Gordon Meets the Cosmic Cheerleaders,https://www.imdb.com/title/tt0097365/?ref_=sr_t_280,1990,1h 38m,NC-17,3.7,1.7K
281. BlackJack,https://www.imdb.com/title/tt0099142/?ref_=sr_t_281,1990,1h 51m,,5.7,1.9K
282. I Hired a Contract Killer,https://www.imdb.com/title/tt0099818/?ref_=sr_t_282,1990,1h 19m,Not Rated,7.2,8.1K
283. Mister Frost,https://www.imdb.com/title/tt0100161/?ref_=sr_t_283,1990,1h 44m,R,5.9,2.9K
284. China O'Brien,https://www.imdb.com/title/tt0099260/?ref_=sr_t_284,1990,1h 26m,R,5.3,1.7K
"285. Dragon Ball: Son Goku Fights, Son Goku Wins",https://www.imdb.com/title/tt1608208/?ref_=sr_t_285,1990,1h 45m,,4.8,240
286. Bullseye!,https://www.imdb.com/title/tt0101518/?ref_=sr_t_286,1990,1h 35m,PG-13,4.5,1.6K
287. Metamorphosis,https://www.imdb.com/title/tt0097874/?ref_=sr_t_287,1990,1h 36m,R,4.0,1.2K
288. A Gnome Named Gnorm,https://www.imdb.com/title/tt0109912/?ref_=sr_t_288,1990,1h 24m,PG,4.5,1.5K
289. Malizia Today,https://www.imdb.com/title/tt0128323/?ref_=sr_t_289,1990,1h 40m,,4.5,161
290. Shakma,https://www.imdb.com/title/tt0100589/?ref_=sr_t_290,1990,1h 40m,R,5.0,2.6K
291. Quiet Days in Clichy,https://www.imdb.com/title/tt0099901/?ref_=sr_t_291,1990,2h,,4.8,795
292. Across the Tracks,https://www.imdb.com/title/tt0101268/?ref_=sr_t_292,1990,1h 40m,R,5.7,2.8K
293. Alienator,https://www.imdb.com/title/tt0096786/?ref_=sr_t_293,1990,1h 33m,R,3.3,1.9K
294. Twilight,https://www.imdb.com/title/tt0100732/?ref_=sr_t_294,1990,1h 45m,,7.3,1.2K
295. Sgt. Kabukiman N.Y.P.D.,https://www.imdb.com/title/tt0117609/?ref_=sr_t_295,1990,1h 45m,PG-13,5.7,3.4K
296. Mom,https://www.imdb.com/title/tt0100172/?ref_=sr_t_296,1990,1h 35m,R,5.2,941
297. A Chinese Ghost Story II,https://www.imdb.com/title/tt0100625/?ref_=sr_t_297,1990,1h 44m,Unrated,6.9,4.1K
298. The Juniper Tree,https://www.imdb.com/title/tt0138545/?ref_=sr_t_298,1990,1h 18m,Not Rated,6.8,2.7K
299. The Rainbow Thief,https://www.imdb.com/title/tt0100456/?ref_=sr_t_299,1990,1h 27m,R,5.8,1.6K
300. Werner and the Wizard of Booze,https://www.imdb.com/title/tt0100912/?ref_=sr_t_300,1990,1h 33m,,6.7,6.4K
301. Boiling Point,https://www.imdb.com/title/tt0098967/?ref_=sr_t_301,1990,1h 36m,Not Rated,6.8,7.7K
302. Demonia,https://www.imdb.com/title/tt0094997/?ref_=sr_t_302,1990,1h 28m,Unrated,4.6,2.2K
303. Bloodmoon,https://www.imdb.com/title/tt0096954/?ref_=sr_t_303,1990,1h 40m,R,4.6,793
304. Mondo Weirdo,https://www.imdb.com/title/tt0290910/?ref_=sr_t_304,1990,55m,,4.6,262
305. A Nymphoid Barbarian in Dinosaur Hell,https://www.imdb.com/title/tt0102569/?ref_=sr_t_305,1990,1h 22m,Not Rated,2.7,1.8K
306. Steel and Lace,https://www.imdb.com/title/tt0100688/?ref_=sr_t_306,1990,1h 32m,R,5.2,1.2K
307. Aashiqui,https://www.imdb.com/title/tt0149573/?ref_=sr_t_307,1990,2h 32m,Not Rated,6.3,2.1K
308. A Moment of Romance,https://www.imdb.com/title/tt0100777/?ref_=sr_t_308,1990,1h 32m,,7.3,1.9K
309. The Last Island,https://www.imdb.com/title/tt0102272/?ref_=sr_t_309,1990,1h 41m,,6.5,305
310. Semya vurdalakov,https://www.imdb.com/title/tt0420158/?ref_=sr_t_310,1990,1h 22m,,6.1,538
311. Naaka Bandi,https://www.imdb.com/title/tt0187338/?ref_=sr_t_311,1990,,,4.6,103
312. The Death King,https://www.imdb.com/title/tt0098486/?ref_=sr_t_312,1990,1h 20m,Not Rated,6.3,3K
313. Death in Brunswick,https://www.imdb.com/title/tt0101692/?ref_=sr_t_313,1990,1h 49m,R,6.4,1.5K
314. Lucrezia Borgia,https://www.imdb.com/title/tt0150056/?ref_=sr_t_314,1990,1h 22m,,4.7,69
315. Jezebel's Kiss,https://www.imdb.com/title/tt0099879/?ref_=sr_t_315,1990,1h 36m,R,4.4,361
316. The Big Steal,https://www.imdb.com/title/tt0099138/?ref_=sr_t_316,1990,1h 39m,,6.8,1.5K
317. The Shrimp on the Barbie,https://www.imdb.com/title/tt0100608/?ref_=sr_t_317,1990,1h 30m,PG-13,5.6,1.6K
318. Death at Oslo Central,https://www.imdb.com/title/tt0099479/?ref_=sr_t_318,1990,1h 39m,,6.1,1.6K
319. The Last Samurai,https://www.imdb.com/title/tt0099987/?ref_=sr_t_319,1990,1h 30m,R,4.5,324
320. Hollywood Hot Tubs 2: Educating Crystal,https://www.imdb.com/title/tt0099783/?ref_=sr_t_320,1990,1h 40m,R,3.5,205
321. Rockula,https://www.imdb.com/title/tt0100506/?ref_=sr_t_321,1990,1h 31m,PG-13,5.2,1.3K
322. Ek Doctor Ki Maut,https://www.imdb.com/title/tt0345177/?ref_=sr_t_322,1990,2h 2m,Not Rated,8.3,1.6K
323. Naked Obsession,https://www.imdb.com/title/tt0102512/?ref_=sr_t_323,1990,1h 33m,R,5.0,333
324. 12 Hours of Terror,https://www.imdb.com/title/tt0099888/?ref_=sr_t_324,1990,1h 34m,Not Rated,6.5,554
325. The Crossing,https://www.imdb.com/title/tt0099323/?ref_=sr_t_325,1990,1h 32m,,5.5,669
326. Ajooba,https://www.imdb.com/title/tt0101283/?ref_=sr_t_326,1990,2h 58m,,5.2,1.5K
327. Against the Wind,https://www.imdb.com/title/tt0099298/?ref_=sr_t_327,1990,1h 35m,,5.5,288
328. The King's Whore,https://www.imdb.com/title/tt0100440/?ref_=sr_t_328,1990,1h 55m,R,5.8,892
329. The Suckling,https://www.imdb.com/title/tt0140581/?ref_=sr_t_329,1990,1h 29m,Not Rated,4.6,1.5K
330. The Dark Side of the Moon,https://www.imdb.com/title/tt0099364/?ref_=sr_t_330,1990,1h 27m,R,4.9,3K
331. Masters of Menace,https://www.imdb.com/title/tt0100119/?ref_=sr_t_331,1990,1h 37m,PG-13,5.2,684
332. Destroying Angel,https://www.imdb.com/title/tt0095006/?ref_=sr_t_332,1990,1h 38m,,4.8,59
333. Les 1001 nuits,https://www.imdb.com/title/tt0098961/?ref_=sr_t_333,1990,1h 38m,,5.4,1.1K
334. Nils Karlsson Pyssling,https://www.imdb.com/title/tt0100264/?ref_=sr_t_334,1990,1h 15m,,5.7,1.2K
335. Raziye,https://www.imdb.com/title/tt2773782/?ref_=sr_t_335,1990,1h 14m,,5.6,86
336. A Cat in the Brain,https://www.imdb.com/title/tt0099637/?ref_=sr_t_336,1990,1h 33m,R,5.5,3.9K
337. Shadowzone,https://www.imdb.com/title/tt0100586/?ref_=sr_t_337,1990,1h 28m,R,5.0,1.5K
338. Cyber-C.H.I.C.,https://www.imdb.com/title/tt0098211/?ref_=sr_t_338,1990,1h 42m,PG-13,2.5,351
339. Too Much Sun,https://www.imdb.com/title/tt0103100/?ref_=sr_t_339,1990,1h 37m,R,4.2,562
340. Archangel,https://www.imdb.com/title/tt0099053/?ref_=sr_t_340,1990,1h 18m,Not Rated,6.3,1.7K
341. Bad Girls from Mars,https://www.imdb.com/title/tt0101399/?ref_=sr_t_341,1990,1h 26m,R,3.6,743
342. Baaghi: A Rebel for Love,https://www.imdb.com/title/tt0099080/?ref_=sr_t_342,1990,2h 37m,,5.8,1.9K
343. Undeclared War,https://www.imdb.com/title/tt0100595/?ref_=sr_t_343,1990,1h 47m,R,6.2,432
"344. No Retreat, No Surrender 3: Blood Brothers",https://www.imdb.com/title/tt0100266/?ref_=sr_t_344,1990,1h 41m,R,5.2,1.1K
345. The Local Stigmatic,https://www.imdb.com/title/tt0097769/?ref_=sr_t_345,1990,56m,TV-14,5.6,1.7K
346. Tiger Cage II,https://www.imdb.com/title/tt0100967/?ref_=sr_t_346,1990,1h 35m,TV-14,6.9,1.4K
347. The End of Innocence,https://www.imdb.com/title/tt0101812/?ref_=sr_t_347,1990,1h 42m,R,5.3,245
348. Fatal Vacation,https://www.imdb.com/title/tt0096811/?ref_=sr_t_348,1990,1h 36m,,6.3,252
349. Engal Swamy Ayyappan,https://www.imdb.com/title/tt6751152/?ref_=sr_t_349,1990,,,6.2,18
350. Sügis,https://www.imdb.com/title/tt0100712/?ref_=sr_t_350,1990,1h 25m,,7.0,583
351. God of Gamblers II,https://www.imdb.com/title/tt0101763/?ref_=sr_t_351,1990,1h 39m,,6.8,3.7K
352. Biologie!,https://www.imdb.com/title/tt0099140/?ref_=sr_t_352,1990,1h 31m,,5.8,55
353. Skinned Alive,https://www.imdb.com/title/tt0098344/?ref_=sr_t_353,1990,1h 17m,Not Rated,3.8,725
354. Blood Games,https://www.imdb.com/title/tt0099151/?ref_=sr_t_354,1990,1h 30m,R,5.4,1.6K
355. Dragon Ball Z: The World's Strongest,https://www.imdb.com/title/tt0142240/?ref_=sr_t_355,1990,59m,Not Rated,6.6,7.6K
356. Swarg,https://www.imdb.com/title/tt0173283/?ref_=sr_t_356,1990,2h 40m,Not Rated,6.7,1.8K
"357. Feuer, Eis & Dynamit",https://www.imdb.com/title/tt0099564/?ref_=sr_t_357,1990,1h 46m,PG,3.9,1.1K
358. Thazhvaram,https://www.imdb.com/title/tt0156130/?ref_=sr_t_358,1990,2h 10m,Not Rated,8.2,828
359. Meri Lalkaar,https://www.imdb.com/title/tt2637518/?ref_=sr_t_359,1990,,,3.3,21
360. Naked Rage,https://www.imdb.com/title/tt0099050/?ref_=sr_t_360,1990,1h 28m,R,4.1,185
361. The Crawlers,https://www.imdb.com/title/tt0106620/?ref_=sr_t_361,1990,1h 31m,R,2.9,1.7K
362. Backstreet Dreams,https://www.imdb.com/title/tt0099090/?ref_=sr_t_362,1990,1h 36m,R,4.8,312
363. The Terror Within II,https://www.imdb.com/title/tt0100765/?ref_=sr_t_363,1990,1h 25m,R,4.2,856
364. Daikyonyû : Noshikakaru,https://www.imdb.com/title/tt2464624/?ref_=sr_t_364,1990,1h,,8.9,18
365. Doraemon: Nobita and the Animal Planet,https://www.imdb.com/title/tt1147520/?ref_=sr_t_365,1990,1h 39m,,6.8,569
366. A Holy Place,https://www.imdb.com/title/tt0181845/?ref_=sr_t_366,1990,1h 30m,,7.1,1.3K
367. Haatim Tai,https://www.imdb.com/title/tt0242509/?ref_=sr_t_367,1990,2h 5m,,5.8,510
368. Cold Light of Day,https://www.imdb.com/title/tt0356476/?ref_=sr_t_368,1990,1h 20m,,5.4,442
369. Deja vu,https://www.imdb.com/title/tt0097253/?ref_=sr_t_369,1990,1h 48m,,7.5,1.6K
370. Tatar Ramazan,https://www.imdb.com/title/tt0447484/?ref_=sr_t_370,1990,1h 35m,,7.9,3.5K
371. Red Blooded American Girl,https://www.imdb.com/title/tt0100466/?ref_=sr_t_371,1990,1h 29m,R,3.9,472
372. Kaaway ng batas,https://www.imdb.com/title/tt0408938/?ref_=sr_t_372,1990,,,7.0,7
373. Watchers II,https://www.imdb.com/title/tt0100904/?ref_=sr_t_373,1990,1h 41m,R,4.5,1.4K
374. Por tu maldito amor,https://www.imdb.com/title/tt0258040/?ref_=sr_t_374,1990,1h 36m,TV-PG,7.1,70
375. Swordsman,https://www.imdb.com/title/tt0100973/?ref_=sr_t_375,1990,1h 58m,TV-14,6.8,2.7K
376. Garam Jawani,https://www.imdb.com/title/tt3521082/?ref_=sr_t_376,1990,1h 41m,Not Rated,,
377. Quest for the Mighty Sword,https://www.imdb.com/title/tt0100448/?ref_=sr_t_377,1990,1h 34m,PG-13,2.7,934
378. Dragon Ball Z: The Tree of Might,https://www.imdb.com/title/tt0142233/?ref_=sr_t_378,1990,1h,Not Rated,6.7,8.9K
379. Faces of Death IV,https://www.imdb.com/title/tt0121262/?ref_=sr_t_379,1990,1h 30m,Unrated,3.4,1.4K
380. Tom et Lola,https://www.imdb.com/title/tt0098488/?ref_=sr_t_380,1990,1h 37m,,6.3,342
381. Bandh Darwaza,https://www.imdb.com/title/tt0259877/?ref_=sr_t_381,1990,2h 25m,Unrated,5.4,413
382. Kaboria,https://www.imdb.com/title/tt7301414/?ref_=sr_t_382,1990,1h 50m,,5.6,315
383. Enid Is Sleeping,https://www.imdb.com/title/tt0099506/?ref_=sr_t_383,1990,1h 45m,R,5.4,557
384. Godi Gulabi,https://www.imdb.com/title/tt0246651/?ref_=sr_t_384,1990,2h 26m,,6.4,14
385. Prom Night III: The Last Kiss,https://www.imdb.com/title/tt0098136/?ref_=sr_t_385,1990,1h 37m,R,4.6,2.7K
386. Magic Cop,https://www.imdb.com/title/tt0098150/?ref_=sr_t_386,1990,1h 27m,,6.8,819
387. Time Barbarians,https://www.imdb.com/title/tt0100788/?ref_=sr_t_387,1990,1h 36m,R,3.2,386
388. The Laughing Man,https://www.imdb.com/title/tt0252486/?ref_=sr_t_388,1990,1h 31m,,6.9,4.3K
389. Spirits,https://www.imdb.com/title/tt0100672/?ref_=sr_t_389,1990,1h 28m,R,3.7,450
390. Far Out Man,https://www.imdb.com/title/tt0099546/?ref_=sr_t_390,1990,1h 21m,R,4.9,1.3K
391. Grim Prairie Tales,https://www.imdb.com/title/tt0099704/?ref_=sr_t_391,1990,1h 26m,R,5.4,1.2K
392. Whispers,https://www.imdb.com/title/tt0100926/?ref_=sr_t_392,1990,1h 40m,R,4.5,703
393. Ghayal,https://www.imdb.com/title/tt0099652/?ref_=sr_t_393,1990,2h 43m,,7.7,5.2K
394. Dead Girls,https://www.imdb.com/title/tt0182958/?ref_=sr_t_394,1990,1h 46m,,4.3,382
395. Doctor Vampire,https://www.imdb.com/title/tt0102157/?ref_=sr_t_395,1990,1h 38m,,5.9,138
"396. Look Out, Officer!",https://www.imdb.com/title/tt0100600/?ref_=sr_t_396,1990,1h 30m,TV-MA,5.8,1.1K
397. Heaven and Earth,https://www.imdb.com/title/tt0099753/?ref_=sr_t_397,1990,2h 5m,PG-13,6.8,1.2K
398. Sheela Meri Jaan,https://www.imdb.com/title/tt2882200/?ref_=sr_t_398,1990,,,6.4,8
399. Midnight Ride,https://www.imdb.com/title/tt0100148/?ref_=sr_t_399,1990,1h 33m,R,5.1,1.2K
400. Maniac Nurses find Ecstasy,https://www.imdb.com/title/tt0165870/?ref_=sr_t_400,1990,1h 15m,,2.8,1.3K
401. Mayumi: Virgin Terrorist,https://www.imdb.com/title/tt0242661/?ref_=sr_t_401,1990,1h 50m,,4.8,40
402. Syngenor,https://www.imdb.com/title/tt0100728/?ref_=sr_t_402,1990,1h 38m,R,4.3,815
403. Ruff Sex,https://www.imdb.com/title/tt0291532/?ref_=sr_t_403,1990,58m,,4.8,209
404. Podzemelye vedm,https://www.imdb.com/title/tt0134899/?ref_=sr_t_404,1990,1h 25m,Not Rated,5.6,283
405. Future Zone,https://www.imdb.com/title/tt0099625/?ref_=sr_t_405,1990,1h 22m,R,3.4,830
406. Front Page,https://www.imdb.com/title/tt0100974/?ref_=sr_t_406,1990,1h 32m,,6.5,266
407. Class of Fear,https://www.imdb.com/title/tt0121566/?ref_=sr_t_407,1990,1h 45m,R,4.5,125
408. Thodasa Roomani Ho Jaayen,https://www.imdb.com/title/tt0250043/?ref_=sr_t_408,1990,2h 40m,,7.5,233
409. Dancin' Thru the Dark,https://www.imdb.com/title/tt0099349/?ref_=sr_t_409,1990,1h 31m,,6.8,459
410. Anjali,https://www.imdb.com/title/tt0099043/?ref_=sr_t_410,1990,2h 30m,Not Rated,8.2,3.2K
411. Circuitry Man,https://www.imdb.com/title/tt0099271/?ref_=sr_t_411,1990,1h 33m,R,4.7,1K
412. Demon Cop,https://www.imdb.com/title/tt0229332/?ref_=sr_t_412,1990,1h 21m,,2.2,319
413. December Bride,https://www.imdb.com/title/tt0099389/?ref_=sr_t_413,1990,1h 28m,,6.4,374
414. Soultaker,https://www.imdb.com/title/tt0100665/?ref_=sr_t_414,1990,1h 34m,R,2.5,4K
415. Lekin...,https://www.imdb.com/title/tt0100002/?ref_=sr_t_415,1990,2h 51m,,7.9,423
"416. Oh, Carmela!",https://www.imdb.com/title/tt0101025/?ref_=sr_t_416,1990,1h 42m,PG-13,7.1,3.4K
417. Red Dawn,https://www.imdb.com/title/tt0098214/?ref_=sr_t_417,1990,1h 36m,,8.0,2.2K
418. Disturbed,https://www.imdb.com/title/tt0099441/?ref_=sr_t_418,1990,1h 36m,R,5.1,1.9K
419. To Play or to Die,https://www.imdb.com/title/tt0100668/?ref_=sr_t_419,1990,48m,Unrated,6.2,397
420. Aftershock,https://www.imdb.com/title/tt0098996/?ref_=sr_t_420,1990,1h 31m,R,4.2,426
421. Fertilize the Blaspheming Bombshell,https://www.imdb.com/title/tt0099562/?ref_=sr_t_421,1990,1h 30m,Not Rated,3.3,308
422. Gypsy Angels,https://www.imdb.com/title/tt0109966/?ref_=sr_t_422,1990,1h 32m,R,4.1,98
423. The Giant of Thunder Mountain,https://www.imdb.com/title/tt0101951/?ref_=sr_t_423,1990,1h 34m,PG,5.9,348
424. Small White House,https://www.imdb.com/title/tt0435396/?ref_=sr_t_424,1990,1h 30m,,6.8,22
425. She Shoots Straight,https://www.imdb.com/title/tt0099809/?ref_=sr_t_425,1990,1h 27m,,6.7,713
426. Sex-partijski neprijatelj br. 1,https://www.imdb.com/title/tt0181809/?ref_=sr_t_426,1990,1h 33m,,6.5,250
427. Vampire Cop,https://www.imdb.com/title/tt0100856/?ref_=sr_t_427,1990,1h 29m,R,3.0,225
428. Korczak,https://www.imdb.com/title/tt0099949/?ref_=sr_t_428,1990,1h 58m,Unrated,7.4,1.7K
429. Chains of Gold,https://www.imdb.com/title/tt0101560/?ref_=sr_t_429,1990,1h 35m,R,5.1,1K
430. Night Sun,https://www.imdb.com/title/tt0100650/?ref_=sr_t_430,1990,1h 53m,Unrated,7.1,916
431. Pocetni udarac,https://www.imdb.com/title/tt0188149/?ref_=sr_t_431,1990,1h 50m,,6.8,158
432. Hamoun,https://www.imdb.com/title/tt0099729/?ref_=sr_t_432,1990,2h,Not Rated,7.9,7.4K
"433. Out of Sight, Out of Mind",https://www.imdb.com/title/tt0098043/?ref_=sr_t_433,1990,1h 34m,R,3.5,320
434. High Finance Woman,https://www.imdb.com/title/tt0097505/?ref_=sr_t_434,1990,1h 40m,,4.1,159
435. Pyasa Darinda,https://www.imdb.com/title/tt2884574/?ref_=sr_t_435,1990,,,7.0,35
436. The Unforgettable Director of Love Movies,https://www.imdb.com/title/tt0263074/?ref_=sr_t_436,1990,1h 46m,,7.6,4.5K
437. Beyond Darkness,https://www.imdb.com/title/tt0103802/?ref_=sr_t_437,1990,1h 35m,R,4.2,924
438. Jagadeka Veerudu Athiloka Sundari,https://www.imdb.com/title/tt0177484/?ref_=sr_t_438,1990,2h 33m,Not Rated,8.0,1.1K
439. Liebesgrüße aus der Lederhose 7 - Kokosnüsse und Bananen,https://www.imdb.com/title/tt0289991/?ref_=sr_t_439,1990,1h 34m,,3.7,61
440. Le party,https://www.imdb.com/title/tt0100334/?ref_=sr_t_440,1990,1h 43m,,7.0,606
441. Rodrigo D: No futuro,https://www.imdb.com/title/tt0100508/?ref_=sr_t_441,1990,1h 33m,,7.0,1.1K
442. Aaj Ka Arjun,https://www.imdb.com/title/tt0098976/?ref_=sr_t_442,1990,2h 44m,,4.6,706
443. Strangers in Good Company,https://www.imdb.com/title/tt0102993/?ref_=sr_t_443,1990,1h 41m,PG,7.7,1.4K
444. The Voice of the Moon,https://www.imdb.com/title/tt0098606/?ref_=sr_t_444,1990,2h 6m,Not Rated,6.3,3.4K
445. Mirage,https://www.imdb.com/title/tt0121556/?ref_=sr_t_445,1990,1h 25m,,5.1,473
446. Atishbaz,https://www.imdb.com/title/tt0358955/?ref_=sr_t_446,1990,2h 45m,,3.2,86
447. Agter Elke Man,https://www.imdb.com/title/tt0406519/?ref_=sr_t_447,1990,1h 42m,,6.9,34
448. The Disenchanted,https://www.imdb.com/title/tt0099406/?ref_=sr_t_448,1990,1h 18m,TV-MA,6.2,529
449. Metamorphosis: The Alien Factor,https://www.imdb.com/title/tt0107561/?ref_=sr_t_449,1990,1h 38m,R,5.0,1.2K
450. Vice Academy Part 2,https://www.imdb.com/title/tt0100867/?ref_=sr_t_450,1990,1h 33m,R,4.3,621
451. Jurm,https://www.imdb.com/title/tt0156659/?ref_=sr_t_451,1990,1h 43m,Not Rated,5.8,187
452. The Revenger,https://www.imdb.com/title/tt0098199/?ref_=sr_t_452,1990,1h 27m,R,5.0,404
453. Echoes From a Somber Empire,https://www.imdb.com/title/tt0162941/?ref_=sr_t_453,1990,1h 31m,,7.2,753
454. Tum Mere Ho,https://www.imdb.com/title/tt0173369/?ref_=sr_t_454,1990,2h 9m,,3.9,1K
455. Temptation Summary,https://www.imdb.com/title/tt0100544/?ref_=sr_t_455,1990,1h 35m,,5.8,45
456. The World in Another Dimension,https://www.imdb.com/title/tt2146586/?ref_=sr_t_456,1990,1h 19m,,6.2,35
457. Thanedaar,https://www.imdb.com/title/tt0098461/?ref_=sr_t_457,1990,2h 31m,,5.4,450
458. Dames galantes,https://www.imdb.com/title/tt0099344/?ref_=sr_t_458,1990,2h,,5.6,182
459. Dhadakebaaz,https://www.imdb.com/title/tt0233562/?ref_=sr_t_459,1990,2h 18m,,7.7,347
460. Dil,https://www.imdb.com/title/tt0099429/?ref_=sr_t_460,1990,2h 52m,Not Rated,6.6,5.8K
461. Amiri Garibi,https://www.imdb.com/title/tt0236978/?ref_=sr_t_461,1990,2h 35m,,5.4,68
"462. Saturday, Sunday and Monday",https://www.imdb.com/title/tt0098244/?ref_=sr_t_462,1990,1h 59m,,6.5,285
463. Back Stab,https://www.imdb.com/title/tt0099085/?ref_=sr_t_463,1990,1h 31m,R,5.2,273
464. The Spring,https://www.imdb.com/title/tt0098377/?ref_=sr_t_464,1990,1h 42m,R,5.0,119
465. Shiva,https://www.imdb.com/title/tt14984074/?ref_=sr_t_465,1990,2h 42m,,7.6,131
466. Denial,https://www.imdb.com/title/tt0101707/?ref_=sr_t_466,1990,1h 43m,R,4.9,325
467. Blood Salvage,https://www.imdb.com/title/tt0099153/?ref_=sr_t_467,1990,1h 38m,R,5.0,672
468. An Eye for an Eye,https://www.imdb.com/title/tt0108544/?ref_=sr_t_468,1990,1h 29m,,5.6,124
469. Michael Madana Kama Rajan,https://www.imdb.com/title/tt0140377/?ref_=sr_t_469,1990,2h 42m,Not Rated,8.5,5.3K
470. Kaninmannen,https://www.imdb.com/title/tt0099920/?ref_=sr_t_470,1990,1h 37m,,5.6,220
471. Dead Men Don't Die,https://www.imdb.com/title/tt0099374/?ref_=sr_t_471,1990,1h 34m,PG-13,4.2,325
472. Click: The Calendar Girl Killer,https://www.imdb.com/title/tt0099278/?ref_=sr_t_472,1990,1h 27m,Unrated,3.1,428
473. Wings of Fame,https://www.imdb.com/title/tt0098658/?ref_=sr_t_473,1990,1h 49m,R,6.8,1.1K
474. Little Vegas,https://www.imdb.com/title/tt0100036/?ref_=sr_t_474,1990,1h 31m,R,4.4,145
475. War of the Birds,https://www.imdb.com/title/tt0101927/?ref_=sr_t_475,1990,1h 8m,Not Rated,7.1,940
476. La camioneta gris,https://www.imdb.com/title/tt0319137/?ref_=sr_t_476,1990,1h 30m,,7.8,34
477. Chatriyan,https://www.imdb.com/title/tt0319171/?ref_=sr_t_477,1990,,,7.4,198
478. You're Driving Me Crazy,https://www.imdb.com/title/tt0348461/?ref_=sr_t_478,1990,1h 23m,TV-14,4.8,58
479. The Voyage of Captain Fracassa,https://www.imdb.com/title/tt0103203/?ref_=sr_t_479,1990,2h 12m,,7.3,1.2K
480. The Man Inside,https://www.imdb.com/title/tt0100102/?ref_=sr_t_480,1990,1h 33m,PG,5.4,187
481. Freeze Die Come to Life,https://www.imdb.com/title/tt0101003/?ref_=sr_t_481,1990,1h 45m,,7.5,960
482. Big Bad John,https://www.imdb.com/title/tt0099134/?ref_=sr_t_482,1990,1h 32m,PG-13,5.5,178
483. Skinny Tiger and Fatty Dragon,https://www.imdb.com/title/tt0100605/?ref_=sr_t_483,1990,1h 45m,Not Rated,6.6,797
484. Thieves of Fortune,https://www.imdb.com/title/tt0100771/?ref_=sr_t_484,1990,1h 40m,R,4.5,185
485. Mother,https://www.imdb.com/title/tt0102369/?ref_=sr_t_485,1990,1h 48m,,8.5,5.2K
486. Cold Dog Soup,https://www.imdb.com/title/tt0099286/?ref_=sr_t_486,1990,1h 27m,Not Rated,5.6,552
487. New Wave,https://www.imdb.com/title/tt0100274/?ref_=sr_t_487,1990,1h 29m,,6.5,1.6K
488. Kizhakku Vasal,https://www.imdb.com/title/tt0319690/?ref_=sr_t_488,1990,2h 24m,,7.1,100
489. Western Lights,https://www.imdb.com/title/tt1260583/?ref_=sr_t_489,1990,1h 57m,,6.4,63
490. All for the Winner,https://www.imdb.com/title/tt0104147/?ref_=sr_t_490,1990,1h 41m,,6.8,2.9K
491. Fatal Exam,https://www.imdb.com/title/tt0156529/?ref_=sr_t_491,1990,1h 54m,R,3.7,501
492. International Gorillay,https://www.imdb.com/title/tt0251144/?ref_=sr_t_492,1990,2h 47m,,2.9,113
493. Stalingrad,https://www.imdb.com/title/tt0174240/?ref_=sr_t_493,1990,3h 16m,,6.9,513
494. Uranus,https://www.imdb.com/title/tt0100851/?ref_=sr_t_494,1990,1h 40m,R,7.0,1.6K
495. Eminent Domain,https://www.imdb.com/title/tt0101809/?ref_=sr_t_495,1990,1h 46m,PG-13,5.9,571
496. Ragazzi fuori,https://www.imdb.com/title/tt0100454/?ref_=sr_t_496,1990,1h 50m,,7.0,638
497. Peacemaker,https://www.imdb.com/title/tt0100343/?ref_=sr_t_497,1990,1h 40m,R,5.2,650
498. Killer Crocodile 2,https://www.imdb.com/title/tt0099934/?ref_=sr_t_498,1990,1h 27m,Not Rated,4.4,888
499. In Harihar Nagar,https://www.imdb.com/title/tt0278501/?ref_=sr_t_499,1990,2h 13m,Not Rated,8.6,4.2K
500. Cellini: A Violent Life,https://www.imdb.com/title/tt0100878/?ref_=sr_t_500,1990,1h 58m,,7.1,138
