Title,Movie Link,Year,Duration,MPA,Rating,Votes
1. The Lord of the Rings: The Return of the King,https://www.imdb.com/title/tt0167260/?ref_=sr_t_1,2003,3h 21m,PG-13,9.0,2M
2. Finding Nemo,https://www.imdb.com/title/tt0266543/?ref_=sr_t_2,2003,1h 40m,G,8.2,1.1M
3. Pirates of the Caribbean: The Curse of the Black Pearl,https://www.imdb.com/title/tt0325980/?ref_=sr_t_3,2003,2h 23m,PG-13,8.1,1.2M
4. The Matrix Reloaded,https://www.imdb.com/title/tt0234215/?ref_=sr_t_4,2003,2h 18m,R,7.2,645K
5. Bruce Almighty,https://www.imdb.com/title/tt0315327/?ref_=sr_t_5,2003,1h 41m,PG-13,6.8,446K
6. X2: X-Men United,https://www.imdb.com/title/tt0290334/?ref_=sr_t_6,2003,2h 14m,PG-13,7.4,592K
7. Elf,https://www.imdb.com/title/tt0319343/?ref_=sr_t_7,2003,1h 37m,PG,7.1,327K
8. Terminator 3: Rise of the Machines,https://www.imdb.com/title/tt0181852/?ref_=sr_t_8,2003,1h 49m,R,6.3,425K
9. The Matrix Revolutions,https://www.imdb.com/title/tt0242653/?ref_=sr_t_9,2003,2h 9m,R,6.7,555K
10. Cheaper by the Dozen,https://www.imdb.com/title/tt0349205/?ref_=sr_t_10,2003,1h 38m,PG,5.9,111K
11. Bad Boys II,https://www.imdb.com/title/tt0172156/?ref_=sr_t_11,2003,2h 27m,R,6.6,278K
12. Anger Management,https://www.imdb.com/title/tt0305224/?ref_=sr_t_12,2003,1h 46m,PG-13,6.3,233K
13. Bringing Down the House,https://www.imdb.com/title/tt0305669/?ref_=sr_t_13,2003,1h 45m,PG-13,5.6,40K
14. Hulk,https://www.imdb.com/title/tt0286716/?ref_=sr_t_14,2003,2h 18m,PG-13,5.6,283K
15. 2 Fast 2 Furious,https://www.imdb.com/title/tt0322259/?ref_=sr_t_15,2003,1h 47m,PG-13,5.9,305K
16. Something's Gotta Give,https://www.imdb.com/title/tt0337741/?ref_=sr_t_16,2003,2h 8m,PG-13,6.7,132K
17. Seabiscuit,https://www.imdb.com/title/tt0329575/?ref_=sr_t_17,2003,2h 20m,PG-13,7.3,78K
18. S.W.A.T.,https://www.imdb.com/title/tt0257076/?ref_=sr_t_18,2003,1h 57m,PG-13,6.1,156K
19. Spy Kids 3: Game Over,https://www.imdb.com/title/tt0338459/?ref_=sr_t_19,2003,1h 24m,PG,4.4,68K
20. The Last Samurai,https://www.imdb.com/title/tt0325710/?ref_=sr_t_20,2003,2h 34m,R,7.8,482K
21. Freaky Friday,https://www.imdb.com/title/tt0322330/?ref_=sr_t_21,2003,1h 37m,PG,6.3,158K
22. Scary Movie 3,https://www.imdb.com/title/tt0306047/?ref_=sr_t_22,2003,1h 24m,PG-13,5.6,162K
23. The Italian Job,https://www.imdb.com/title/tt0317740/?ref_=sr_t_23,2003,1h 51m,PG-13,7.0,395K
24. How to Lose a Guy in 10 Days,https://www.imdb.com/title/tt0251127/?ref_=sr_t_24,2003,1h 56m,PG-13,6.5,287K
25. American Wedding,https://www.imdb.com/title/tt0328828/?ref_=sr_t_25,2003,1h 36m,R,6.3,221K
26. Daddy Day Care,https://www.imdb.com/title/tt0317303/?ref_=sr_t_26,2003,1h 32m,PG,5.6,75K
27. Daredevil,https://www.imdb.com/title/tt0287978/?ref_=sr_t_27,2003,1h 43m,PG-13,5.3,233K
28. The Cat in the Hat,https://www.imdb.com/title/tt0312528/?ref_=sr_t_28,2003,1h 22m,PG,4.1,90K
29. Charlie's Angels: Full Throttle,https://www.imdb.com/title/tt0305357/?ref_=sr_t_29,2003,1h 46m,PG-13,4.9,135K
30. Cold Mountain,https://www.imdb.com/title/tt0159365/?ref_=sr_t_30,2003,2h 34m,R,7.2,159K
31. Master and Commander: The Far Side of the World,https://www.imdb.com/title/tt0311113/?ref_=sr_t_31,2003,2h 18m,PG-13,7.5,244K
"32. Legally Blonde 2: Red, White & Blonde",https://www.imdb.com/title/tt0333780/?ref_=sr_t_32,2003,1h 35m,PG-13,4.8,75K
33. Mystic River,https://www.imdb.com/title/tt0327056/?ref_=sr_t_33,2003,2h 18m,R,7.9,497K
34. Brother Bear,https://www.imdb.com/title/tt0328880/?ref_=sr_t_34,2003,1h 25m,G,6.9,128K
35. Freddy vs. Jason,https://www.imdb.com/title/tt0329101/?ref_=sr_t_35,2003,1h 37m,R,5.7,131K
36. School of Rock,https://www.imdb.com/title/tt0332379/?ref_=sr_t_36,2003,1h 49m,PG-13,7.2,341K
37. The Texas Chainsaw Massacre,https://www.imdb.com/title/tt0324216/?ref_=sr_t_37,2003,1h 38m,R,6.2,156K
38. The Haunted Mansion,https://www.imdb.com/title/tt0338094/?ref_=sr_t_38,2003,1h 28m,PG,5.2,59K
39. Old School,https://www.imdb.com/title/tt0302886/?ref_=sr_t_39,2003,1h 28m,R,7.0,248K
40. Kill Bill: Vol. 1,https://www.imdb.com/title/tt0266697/?ref_=sr_t_40,2003,1h 51m,R,8.2,1.2M
41. Holes,https://www.imdb.com/title/tt0311289/?ref_=sr_t_41,2003,1h 57m,PG,7.0,104K
42. Kangaroo Jack,https://www.imdb.com/title/tt0257568/?ref_=sr_t_42,2003,1h 29m,PG,4.5,34K
43. Big Fish,https://www.imdb.com/title/tt0319061/?ref_=sr_t_43,2003,2h 5m,PG-13,8.0,466K
44. The League of Extraordinary Gentlemen,https://www.imdb.com/title/tt0311429/?ref_=sr_t_44,2003,1h 50m,PG-13,5.8,187K
45. Lara Croft: Tomb Raider - The Cradle of Life,https://www.imdb.com/title/tt0325703/?ref_=sr_t_45,2003,1h 57m,PG-13,5.5,147K
46. Mona Lisa Smile,https://www.imdb.com/title/tt0304415/?ref_=sr_t_46,2003,1h 57m,PG-13,6.6,94K
47. Shanghai Knights,https://www.imdb.com/title/tt0300471/?ref_=sr_t_47,2003,1h 54m,PG-13,6.2,114K
48. Love Actually,https://www.imdb.com/title/tt0314331/?ref_=sr_t_48,2003,2h 15m,R,7.6,552K
49. Bad Santa,https://www.imdb.com/title/tt0307987/?ref_=sr_t_49,2003,1h 32m,R,7.0,160K
50. Gothika,https://www.imdb.com/title/tt0348836/?ref_=sr_t_50,2003,1h 38m,R,5.8,121K
51. Open Range,https://www.imdb.com/title/tt0316356/?ref_=sr_t_51,2003,2h 19m,R,7.4,80K
52. Once Upon a Time in Mexico,https://www.imdb.com/title/tt0285823/?ref_=sr_t_52,2003,1h 42m,R,6.3,172K
53. Just Married,https://www.imdb.com/title/tt0305711/?ref_=sr_t_53,2003,1h 35m,PG-13,5.5,76K
54. Paycheck,https://www.imdb.com/title/tt0338337/?ref_=sr_t_54,2003,1h 59m,PG-13,6.3,115K
55. The Recruit,https://www.imdb.com/title/tt0292506/?ref_=sr_t_55,2003,1h 55m,PG-13,6.6,144K
56. Radio,https://www.imdb.com/title/tt0316465/?ref_=sr_t_56,2003,1h 49m,PG,6.9,45K
57. Identity,https://www.imdb.com/title/tt0309698/?ref_=sr_t_57,2003,1h 30m,R,7.3,275K
58. Underworld,https://www.imdb.com/title/tt0320691/?ref_=sr_t_58,2003,2h 1m,R,7.0,291K
59. Runaway Jury,https://www.imdb.com/title/tt0313542/?ref_=sr_t_59,2003,2h 7m,PG-13,7.1,107K
60. Peter Pan,https://www.imdb.com/title/tt0316396/?ref_=sr_t_60,2003,1h 53m,PG,6.8,82K
61. Agent Cody Banks,https://www.imdb.com/title/tt0313911/?ref_=sr_t_61,2003,1h 42m,PG,5.1,38K
62. The Jungle Book 2,https://www.imdb.com/title/tt0283426/?ref_=sr_t_62,2003,1h 12m,G,5.3,18K
63. The Rundown,https://www.imdb.com/title/tt0327850/?ref_=sr_t_63,2003,1h 44m,PG-13,6.7,145K
64. Final Destination 2,https://www.imdb.com/title/tt0309593/?ref_=sr_t_64,2003,1h 30m,R,6.2,189K
65. Lost in Translation,https://www.imdb.com/title/tt0335266/?ref_=sr_t_65,2003,1h 42m,R,7.7,505K
66. Tears of the Sun,https://www.imdb.com/title/tt0314353/?ref_=sr_t_66,2003,2h 1m,R,6.6,133K
67. Under the Tuscan Sun,https://www.imdb.com/title/tt0328589/?ref_=sr_t_67,2003,1h 53m,PG-13,6.7,62K
68. The Lizzie McGuire Movie,https://www.imdb.com/title/tt0306841/?ref_=sr_t_68,2003,1h 34m,PG,5.6,43K
69. Secondhand Lions,https://www.imdb.com/title/tt0327137/?ref_=sr_t_69,2003,1h 49m,PG,7.5,63K
70. Out of Time,https://www.imdb.com/title/tt0313443/?ref_=sr_t_70,2003,1h 45m,PG-13,6.5,67K
71. Rugrats Go Wild,https://www.imdb.com/title/tt0337711/?ref_=sr_t_71,2003,1h 20m,PG,5.6,9.2K
72. Head of State,https://www.imdb.com/title/tt0325537/?ref_=sr_t_72,2003,1h 35m,PG-13,5.5,22K
73. Good Boy,https://www.imdb.com/title/tt0326900/?ref_=sr_t_73,2003,1h 27m,PG,5.1,4.7K
74. Uptown Girls,https://www.imdb.com/title/tt0263757/?ref_=sr_t_74,2003,1h 32m,PG-13,6.2,46K
75. Matchstick Men,https://www.imdb.com/title/tt0325805/?ref_=sr_t_75,2003,1h 56m,PG-13,7.3,141K
76. National Security,https://www.imdb.com/title/tt0271668/?ref_=sr_t_76,2003,1h 28m,PG-13,5.6,56K
77. What a Girl Wants,https://www.imdb.com/title/tt0286788/?ref_=sr_t_77,2003,1h 45m,PG,5.8,68K
78. Jeepers Creepers 2,https://www.imdb.com/title/tt0301470/?ref_=sr_t_78,2003,1h 44m,R,5.7,73K
79. Intolerable Cruelty,https://www.imdb.com/title/tt0138524/?ref_=sr_t_79,2003,1h 40m,PG-13,6.3,103K
80. Cradle 2 the Grave,https://www.imdb.com/title/tt0306685/?ref_=sr_t_80,2003,1h 41m,R,5.8,47K
81. Monster,https://www.imdb.com/title/tt0340855/?ref_=sr_t_81,2003,1h 49m,R,7.3,166K
82. Malibu's Most Wanted,https://www.imdb.com/title/tt0328099/?ref_=sr_t_82,2003,1h 26m,PG-13,5.2,21K
83. The Hunted,https://www.imdb.com/title/tt0269347/?ref_=sr_t_83,2003,1h 34m,R,6.1,53K
84. Stuck on You,https://www.imdb.com/title/tt0338466/?ref_=sr_t_84,2003,1h 58m,PG-13,5.8,56K
85. Dreamcatcher,https://www.imdb.com/title/tt0285531/?ref_=sr_t_85,2003,2h 14m,R,5.5,98K
86. Darkness Falls,https://www.imdb.com/title/tt0282209/?ref_=sr_t_86,2003,1h 26m,PG-13,5.0,34K
87. The Core,https://www.imdb.com/title/tt0298814/?ref_=sr_t_87,2003,2h 15m,PG-13,5.5,109K
88. Calendar Girls,https://www.imdb.com/title/tt0337909/?ref_=sr_t_88,2003,1h 48m,PG-13,6.9,29K
89. Hollywood Homicide,https://www.imdb.com/title/tt0329717/?ref_=sr_t_89,2003,1h 56m,PG-13,5.3,40K
90. Open Water,https://www.imdb.com/title/tt0374102/?ref_=sr_t_90,2003,1h 19m,R,5.8,57K
91. Honey,https://www.imdb.com/title/tt0322589/?ref_=sr_t_91,2003,1h 34m,PG-13,5.3,48K
92. The Fighting Temptations,https://www.imdb.com/title/tt0191133/?ref_=sr_t_92,2003,2h 3m,PG-13,5.6,7.8K
93. Johnny English,https://www.imdb.com/title/tt0274166/?ref_=sr_t_93,2003,1h 27m,PG,6.3,178K
94. The Missing,https://www.imdb.com/title/tt0338188/?ref_=sr_t_94,2003,2h 17m,R,6.5,40K
95. Basic,https://www.imdb.com/title/tt0264395/?ref_=sr_t_95,2003,1h 38m,R,6.4,68K
96. A Man Apart,https://www.imdb.com/title/tt0266465/?ref_=sr_t_96,2003,1h 49m,R,6.0,50K
97. Sinbad: Legend of the Seven Seas,https://www.imdb.com/title/tt0165982/?ref_=sr_t_97,2003,1h 26m,PG,6.7,61K
98. Dumb and Dumberer: When Harry Met Lloyd,https://www.imdb.com/title/tt0329028/?ref_=sr_t_98,2003,1h 25m,PG-13,3.5,43K
99. Bulletproof Monk,https://www.imdb.com/title/tt0245803/?ref_=sr_t_99,2003,1h 44m,PG-13,5.5,53K
100. Piglet's Big Movie,https://www.imdb.com/title/tt0323642/?ref_=sr_t_100,2003,1h 15m,G,6.1,9K
101. Dickie Roberts: Former Child Star,https://www.imdb.com/title/tt0325258/?ref_=sr_t_101,2003,1h 38m,PG-13,5.6,16K
102. The Medallion,https://www.imdb.com/title/tt0288045/?ref_=sr_t_102,2003,1h 28m,PG-13,5.2,45K
103. Biker Boyz,https://www.imdb.com/title/tt0326769/?ref_=sr_t_103,2003,1h 50m,PG-13,4.7,14K
104. Love Don't Cost a Thing,https://www.imdb.com/title/tt0337592/?ref_=sr_t_104,2003,1h 40m,PG-13,5.2,9.6K
105. Cold Creek Manor,https://www.imdb.com/title/tt0331468/?ref_=sr_t_105,2003,1h 58m,R,5.0,25K
106. Looney Tunes: Back in Action,https://www.imdb.com/title/tt0318155/?ref_=sr_t_106,2003,1h 31m,PG,5.8,41K
107. The In-Laws,https://www.imdb.com/title/tt0314786/?ref_=sr_t_107,2003,1h 38m,PG-13,5.7,18K
108. Down with Love,https://www.imdb.com/title/tt0309530/?ref_=sr_t_108,2003,1h 41m,PG-13,6.3,45K
109. The Life of David Gale,https://www.imdb.com/title/tt0289992/?ref_=sr_t_109,2003,2h 10m,R,7.5,128K
110. Timeline,https://www.imdb.com/title/tt0300556/?ref_=sr_t_110,2003,1h 56m,PG-13,5.6,67K
111. A Mighty Wind,https://www.imdb.com/title/tt0310281/?ref_=sr_t_111,2003,1h 31m,PG-13,7.2,30K
112. Deliver Us from Eva,https://www.imdb.com/title/tt0301181/?ref_=sr_t_112,2003,1h 45m,R,6.0,7.9K
113. Ghosts of the Abyss,https://www.imdb.com/title/tt0297144/?ref_=sr_t_113,2003,1h 1m,G,6.8,6.5K
114. 21 Grams,https://www.imdb.com/title/tt0315733/?ref_=sr_t_114,2003,2h 4m,R,7.6,249K
115. View from the Top,https://www.imdb.com/title/tt0264150/?ref_=sr_t_115,2003,1h 27m,PG-13,5.3,29K
116. My Boss's Daughter,https://www.imdb.com/title/tt0270980/?ref_=sr_t_116,2003,1h 26m,PG-13,4.7,31K
117. A Guy Thing,https://www.imdb.com/title/tt0295289/?ref_=sr_t_117,2003,1h 41m,PG-13,5.6,19K
118. Wrong Turn,https://www.imdb.com/title/tt0295700/?ref_=sr_t_118,2003,1h 24m,R,6.1,137K
119. Alex & Emma,https://www.imdb.com/title/tt0318283/?ref_=sr_t_119,2003,1h 36m,PG-13,5.5,14K
120. How to Deal,https://www.imdb.com/title/tt0319524/?ref_=sr_t_120,2003,1h 41m,PG-13,5.6,10K
121. House of Sand and Fog,https://www.imdb.com/title/tt0315983/?ref_=sr_t_121,2003,2h 6m,R,7.5,74K
122. Gods and Generals,https://www.imdb.com/title/tt0279111/?ref_=sr_t_122,2003,3h 39m,PG-13,6.2,18K
123. House of 1000 Corpses,https://www.imdb.com/title/tt0251736/?ref_=sr_t_123,2003,1h 29m,R,6.0,96K
124. Confidence,https://www.imdb.com/title/tt0310910/?ref_=sr_t_124,2003,1h 37m,R,6.6,36K
125. Girl with a Pearl Earring,https://www.imdb.com/title/tt0335119/?ref_=sr_t_125,2003,1h 40m,PG-13,6.9,84K
126. House of the Dead,https://www.imdb.com/title/tt0317676/?ref_=sr_t_126,2003,1h 30m,R,2.1,39K
127. Swimming Pool,https://www.imdb.com/title/tt0324133/?ref_=sr_t_127,2003,1h 42m,,6.7,49K
128. Seducing Doctor Lewis,https://www.imdb.com/title/tt0366532/?ref_=sr_t_128,2003,1h 48m,Unrated,7.3,5.5K
129. Duplex,https://www.imdb.com/title/tt0266489/?ref_=sr_t_129,2003,1h 29m,PG-13,5.9,64K
130. The Divorce,https://www.imdb.com/title/tt0306734/?ref_=sr_t_130,2003,1h 57m,PG-13,4.9,12K
131. The Barbarian Invasions,https://www.imdb.com/title/tt0338135/?ref_=sr_t_131,2003,1h 39m,R,7.5,30K
132. The Cooler,https://www.imdb.com/title/tt0318374/?ref_=sr_t_132,2003,1h 41m,R,6.9,36K
133. Tupac: Resurrection,https://www.imdb.com/title/tt0343121/?ref_=sr_t_133,2003,1h 52m,R,7.9,9.9K
134. The Order,https://www.imdb.com/title/tt0304711/?ref_=sr_t_134,2003,1h 42m,R,5.1,19K
135. It Runs in the Family,https://www.imdb.com/title/tt0311110/?ref_=sr_t_135,2003,1h 49m,PG-13,5.5,5.3K
136. The Triplets of Belleville,https://www.imdb.com/title/tt0286244/?ref_=sr_t_136,2003,1h 20m,PG-13,7.7,58K
137. Willard,https://www.imdb.com/title/tt0310357/?ref_=sr_t_137,2003,1h 40m,PG-13,6.1,21K
138. The Young Black Stallion,https://www.imdb.com/title/tt0318850/?ref_=sr_t_138,2003,50m,G,5.4,1.4K
139. Mambo Italiano,https://www.imdb.com/title/tt0330602/?ref_=sr_t_139,2003,1h 39m,R,6.7,7K
140. Chasing Papi,https://www.imdb.com/title/tt0323572/?ref_=sr_t_140,2003,1h 20m,PG,4.8,4.5K
141. Gigli,https://www.imdb.com/title/tt0299930/?ref_=sr_t_141,2003,2h 1m,R,2.6,51K
142. American Splendor,https://www.imdb.com/title/tt0305206/?ref_=sr_t_142,2003,1h 41m,R,7.4,53K
143. Luther,https://www.imdb.com/title/tt0309820/?ref_=sr_t_143,2003,2h 3m,PG-13,6.6,16K
144. The Station Agent,https://www.imdb.com/title/tt0340377/?ref_=sr_t_144,2003,1h 29m,R,7.6,75K
145. The Human Stain,https://www.imdb.com/title/tt0308383/?ref_=sr_t_145,2003,1h 46m,R,6.2,33K
146. Grind,https://www.imdb.com/title/tt0338077/?ref_=sr_t_146,2003,1h 45m,PG-13,5.9,14K
147. From Justin to Kelly,https://www.imdb.com/title/tt0339034/?ref_=sr_t_147,2003,1h 21m,PG,1.9,27K
148. In the Cut,https://www.imdb.com/title/tt0199626/?ref_=sr_t_148,2003,1h 59m,R,5.4,27K
149. Thirteen,https://www.imdb.com/title/tt0328538/?ref_=sr_t_149,2003,1h 40m,R,6.8,101K
150. Touching the Void,https://www.imdb.com/title/tt0379557/?ref_=sr_t_150,2003,1h 46m,R,8.0,39K
151. Ong-Bak: The Thai Warrior,https://www.imdb.com/title/tt0368909/?ref_=sr_t_151,2003,1h 45m,R,7.1,79K
152. Beyond Borders,https://www.imdb.com/title/tt0294357/?ref_=sr_t_152,2003,2h 7m,R,6.4,29K
153. The Fog of War,https://www.imdb.com/title/tt0317910/?ref_=sr_t_153,2003,1h 47m,PG-13,8.1,25K
154. The Gospel of John,https://www.imdb.com/title/tt0377992/?ref_=sr_t_154,2003,3h,PG-13,7.8,4.3K
155. Good Bye Lenin!,https://www.imdb.com/title/tt0301357/?ref_=sr_t_155,2003,2h 1m,R,7.7,155K
156. The Real Cancun,https://www.imdb.com/title/tt0360916/?ref_=sr_t_156,2003,1h 36m,R,2.9,4K
157. Step Into Liquid,https://www.imdb.com/title/tt0308508/?ref_=sr_t_157,2003,1h 28m,PG,7.4,2.8K
158. High Tension,https://www.imdb.com/title/tt0338095/?ref_=sr_t_158,2003,1h 31m,R,6.7,80K
159. The Corporation,https://www.imdb.com/title/tt0379225/?ref_=sr_t_159,2003,2h 25m,Not Rated,8.0,22K
160. Anything Else,https://www.imdb.com/title/tt0313792/?ref_=sr_t_160,2003,1h 48m,R,6.3,33K
161. Capturing the Friedmans,https://www.imdb.com/title/tt0342172/?ref_=sr_t_161,2003,1h 47m,Not Rated,7.6,28K
162. The Wild Parrots of Telegraph Hill,https://www.imdb.com/title/tt0424565/?ref_=sr_t_162,2003,1h 23m,G,7.8,3.1K
163. Monsieur Ibrahim,https://www.imdb.com/title/tt0329388/?ref_=sr_t_163,2003,1h 35m,R,7.3,12K
164. My Architect,https://www.imdb.com/title/tt0373175/?ref_=sr_t_164,2003,1h 56m,,7.4,3.4K
165. The Dreamers,https://www.imdb.com/title/tt0309987/?ref_=sr_t_165,2003,1h 55m,NC-17,7.1,136K
166. Pieces of April,https://www.imdb.com/title/tt0311648/?ref_=sr_t_166,2003,1h 20m,PG-13,7.0,22K
167. Bon Voyage,https://www.imdb.com/title/tt0310778/?ref_=sr_t_167,2003,1h 54m,PG-13,6.7,5.2K
168. Oldboy,https://www.imdb.com/title/tt0364569/?ref_=sr_t_168,2003,2h,R,8.3,663K
"169. Spring, Summer, Fall, Winter... and Spring",https://www.imdb.com/title/tt0374546/?ref_=sr_t_169,2003,1h 43m,R,8.0,88K
170. Journey,https://www.imdb.com/title/tt0374790/?ref_=sr_t_170,2003,1h 38m,Not Rated,7.8,78
171. Interstella 5555: The 5tory of the 5ecret 5tar 5ystem,https://www.imdb.com/title/tt0368667/?ref_=sr_t_171,2003,1h 8m,Not Rated,7.8,17K
172. The Company,https://www.imdb.com/title/tt0335013/?ref_=sr_t_172,2003,1h 52m,PG-13,6.2,6.9K
173. DysFunktional Family,https://www.imdb.com/title/tt0337996/?ref_=sr_t_173,2003,1h 29m,R,6.5,907
174. Shattered Glass,https://www.imdb.com/title/tt0323944/?ref_=sr_t_174,2003,1h 34m,PG-13,7.1,38K
175. Coffee and Cigarettes,https://www.imdb.com/title/tt0379217/?ref_=sr_t_175,2003,1h 35m,R,7.0,69K
176. Evil Words,https://www.imdb.com/title/tt0380732/?ref_=sr_t_176,2003,1h 37m,,6.3,1.4K
177. Nez rouge,https://www.imdb.com/title/tt0380585/?ref_=sr_t_177,2003,1h 54m,,6.2,623
178. Kal Ho Naa Ho,https://www.imdb.com/title/tt0347304/?ref_=sr_t_178,2003,3h 6m,Not Rated,7.9,77K
179. Die Geschichte vom weinenden Kamel,https://www.imdb.com/title/tt0373861/?ref_=sr_t_179,2003,1h 33m,PG,7.4,6.5K
180. The Legend of Johnny Lingo,https://www.imdb.com/title/tt0367960/?ref_=sr_t_180,2003,1h 31m,Not Rated,6.1,868
"181. The Book of Mormon Movie, Volume 1: The Journey",https://www.imdb.com/title/tt0349159/?ref_=sr_t_181,2003,2h,PG-13,3.0,537
182. Marci X,https://www.imdb.com/title/tt0266747/?ref_=sr_t_182,2003,1h 24m,R,3.0,5.5K
183. Camp,https://www.imdb.com/title/tt0342167/?ref_=sr_t_183,2003,1h 54m,PG-13,6.2,6.3K
184. I'm Not Scared,https://www.imdb.com/title/tt0326977/?ref_=sr_t_184,2003,1h 48m,R,7.4,16K
185. Veronica Guerin,https://www.imdb.com/title/tt0312549/?ref_=sr_t_185,2003,1h 38m,R,6.8,22K
186. Dogville,https://www.imdb.com/title/tt0276919/?ref_=sr_t_186,2003,2h 51m,R,8.0,162K
187. Northfork,https://www.imdb.com/title/tt0322659/?ref_=sr_t_187,2003,1h 43m,PG-13,6.2,5.6K
188. Off the Map,https://www.imdb.com/title/tt0332285/?ref_=sr_t_188,2003,1h 45m,PG-13,7.1,3.5K
189. Sylvia,https://www.imdb.com/title/tt0325055/?ref_=sr_t_189,2003,1h 40m,R,6.3,11K
190. Saints and Soldiers,https://www.imdb.com/title/tt0373283/?ref_=sr_t_190,2003,1h 30m,PG-13,6.7,22K
191. Osama,https://www.imdb.com/title/tt0368913/?ref_=sr_t_191,2003,1h 23m,PG-13,7.3,9.6K
192. Elephant,https://www.imdb.com/title/tt0363589/?ref_=sr_t_192,2003,1h 21m,R,7.1,99K
193. Main Prem Ki Diwani Hoon,https://www.imdb.com/title/tt0265148/?ref_=sr_t_193,2003,3h 17m,Not Rated,3.8,5.3K
194. Indigo,https://www.imdb.com/title/tt0379322/?ref_=sr_t_194,2003,1h 29m,Unrated,5.0,366
195. I Capture the Castle,https://www.imdb.com/title/tt0300015/?ref_=sr_t_195,2003,1h 53m,R,6.8,8.1K
196. Festival Express,https://www.imdb.com/title/tt0372279/?ref_=sr_t_196,2003,1h 30m,R,7.5,2.5K
197. The Blind Swordsman: Zatoichi,https://www.imdb.com/title/tt0363226/?ref_=sr_t_197,2003,1h 56m,R,7.4,52K
198. Nicotina,https://www.imdb.com/title/tt0337930/?ref_=sr_t_198,2003,1h 30m,R,6.5,3.8K
199. The R.M.,https://www.imdb.com/title/tt0341540/?ref_=sr_t_199,2003,1h 41m,PG,6.0,888
200. The Mother,https://www.imdb.com/title/tt0323298/?ref_=sr_t_200,2003,1h 52m,R,6.7,4.8K
201. Wonderland,https://www.imdb.com/title/tt0335563/?ref_=sr_t_201,2003,1h 44m,R,6.5,24K
202. Baghban,https://www.imdb.com/title/tt0337578/?ref_=sr_t_202,2003,3h 1m,Not Rated,7.4,18K
203. Owning Mahowny,https://www.imdb.com/title/tt0285861/?ref_=sr_t_203,2003,1h 44m,R,7.0,15K
204. Bright Young Things,https://www.imdb.com/title/tt0325123/?ref_=sr_t_204,2003,1h 42m,R,6.5,6.5K
205. Intermission,https://www.imdb.com/title/tt0332658/?ref_=sr_t_205,2003,1h 45m,R,6.8,17K
206. Gaz Bar Blues,https://www.imdb.com/title/tt0379298/?ref_=sr_t_206,2003,1h 55m,,7.6,1.2K
207. Chalte Chalte,https://www.imdb.com/title/tt0346723/?ref_=sr_t_207,2003,2h 47m,Not Rated,6.5,17K
208. Latter Days,https://www.imdb.com/title/tt0345551/?ref_=sr_t_208,2003,1h 47m,R,7.0,19K
209. Après Vous,https://www.imdb.com/title/tt0344604/?ref_=sr_t_209,2003,1h 50m,R,6.4,3.2K
210. Young Adam,https://www.imdb.com/title/tt0289635/?ref_=sr_t_210,2003,1h 38m,NC-17,6.3,15K
211. The Statement,https://www.imdb.com/title/tt0340376/?ref_=sr_t_211,2003,2h,R,6.2,5.7K
212. Alexandra's Project,https://www.imdb.com/title/tt0338706/?ref_=sr_t_212,2003,1h 43m,Unrated,6.5,5.3K
213. Party Monster,https://www.imdb.com/title/tt0320244/?ref_=sr_t_213,2003,1h 38m,R,6.2,18K
214. The Shape of Things,https://www.imdb.com/title/tt0308878/?ref_=sr_t_214,2003,1h 36m,R,6.6,12K
215. Rosenstrasse,https://www.imdb.com/title/tt0298131/?ref_=sr_t_215,2003,2h 16m,PG-13,6.7,2.6K
216. The Saddest Music in the World,https://www.imdb.com/title/tt0366996/?ref_=sr_t_216,2003,1h 40m,R,7.0,6.4K
217. Koi... Mil Gaya,https://www.imdb.com/title/tt0254481/?ref_=sr_t_217,2003,2h 51m,,7.1,29K
218. The Cremaster Cycle,https://www.imdb.com/title/tt1992236/?ref_=sr_t_218,2003,6h 38m,Not Rated,7.0,307
219. Japanese Story,https://www.imdb.com/title/tt0304229/?ref_=sr_t_219,2003,1h 46m,R,6.8,6.8K
220. Saraband,https://www.imdb.com/title/tt0299478/?ref_=sr_t_220,2003,1h 47m,R,7.5,8.7K
221. Père et fils,https://www.imdb.com/title/tt0354855/?ref_=sr_t_221,2003,1h 35m,,6.6,768
222. LOC: Kargil,https://www.imdb.com/title/tt0347416/?ref_=sr_t_222,2003,4h 15m,Not Rated,5.4,3.5K
223. The Animation Show,https://www.imdb.com/title/tt0372763/?ref_=sr_t_223,2003,1h 34m,R,7.5,563
224. Blue Collar Comedy Tour: The Movie,https://www.imdb.com/title/tt0330069/?ref_=sr_t_224,2003,1h 45m,PG-13,7.1,4.8K
225. Schultze Gets the Blues,https://www.imdb.com/title/tt0388395/?ref_=sr_t_225,2003,1h 54m,PG,7.0,3.8K
226. Tarnation,https://www.imdb.com/title/tt0390538/?ref_=sr_t_226,2003,1h 28m,Unrated,7.1,6.8K
227. Love Me If You Dare,https://www.imdb.com/title/tt0364517/?ref_=sr_t_227,2003,1h 33m,R,7.5,73K
228. All the Real Girls,https://www.imdb.com/title/tt0299458/?ref_=sr_t_228,2003,1h 48m,R,6.7,11K
229. The Room,https://www.imdb.com/title/tt0368226/?ref_=sr_t_229,2003,1h 39m,R,3.6,97K
230. Facing Windows,https://www.imdb.com/title/tt0352343/?ref_=sr_t_230,2003,1h 42m,R,7.2,12K
231. Masked and Anonymous,https://www.imdb.com/title/tt0319829/?ref_=sr_t_231,2003,1h 52m,PG-13,5.3,5.1K
232. Gold Diggers,https://www.imdb.com/title/tt0376717/?ref_=sr_t_232,2003,1h 30m,PG-13,3.0,2.6K
233. Travelers and Magicians,https://www.imdb.com/title/tt0378906/?ref_=sr_t_233,2003,1h 48m,Not Rated,7.4,2.4K
234. Blizzard,https://www.imdb.com/title/tt0309372/?ref_=sr_t_234,2003,1h 33m,G,5.8,1.3K
235. The Return,https://www.imdb.com/title/tt0376968/?ref_=sr_t_235,2003,1h 50m,Not Rated,7.9,48K
236. Taxi 3,https://www.imdb.com/title/tt0295721/?ref_=sr_t_236,2003,1h 24m,Not Rated,5.8,47K
237. Strayed,https://www.imdb.com/title/tt0329111/?ref_=sr_t_237,2003,1h 35m,Unrated,6.5,3.4K
238. Casa de los babys,https://www.imdb.com/title/tt0303830/?ref_=sr_t_238,2003,1h 35m,R,6.4,2.2K
239. Foolproof,https://www.imdb.com/title/tt0356614/?ref_=sr_t_239,2003,1h 34m,R,6.4,11K
240. Hawayein,https://www.imdb.com/title/tt0378025/?ref_=sr_t_240,2003,2h 56m,,7.3,307
241. My Life Without Me,https://www.imdb.com/title/tt0314412/?ref_=sr_t_241,2003,1h 46m,R,7.4,26K
242. Jee Aayan Nu,https://www.imdb.com/title/tt0451089/?ref_=sr_t_242,2003,3h 7m,Not Rated,7.0,207
243. End of the Century: The Story of the Ramones,https://www.imdb.com/title/tt0368711/?ref_=sr_t_243,2003,1h 50m,TV-14,7.9,3.9K
244. Pride and Prejudice,https://www.imdb.com/title/tt0366920/?ref_=sr_t_244,2003,1h 44m,PG,5.0,2.8K
245. Annie Brocoli dans les fonds marins,https://www.imdb.com/title/tt0387032/?ref_=sr_t_245,2003,1h 18m,,5.2,37
246. Tokyo Godfathers,https://www.imdb.com/title/tt0388473/?ref_=sr_t_246,2003,1h 32m,PG-13,7.8,50K
247. The Brown Bunny,https://www.imdb.com/title/tt0330099/?ref_=sr_t_247,2003,1h 33m,Not Rated,4.9,17K
248. Baadasssss!,https://www.imdb.com/title/tt0367790/?ref_=sr_t_248,2003,1h 49m,R,7.3,5.3K
249. I'll Sleep When I'm Dead,https://www.imdb.com/title/tt0319531/?ref_=sr_t_249,2003,1h 43m,R,5.8,9.1K
"250. Broadway: The Golden Age, by the Legends Who Were There",https://www.imdb.com/title/tt0303797/?ref_=sr_t_250,2003,1h 51m,Unrated,8.3,502
251. How My Mother Gave Birth to Me During Menopause,https://www.imdb.com/title/tt0315426/?ref_=sr_t_251,2003,1h 39m,,6.4,310
252. Dil Ka Rishta,https://www.imdb.com/title/tt0330217/?ref_=sr_t_252,2003,2h 30m,,4.9,2K
253. Salmer fra kjøkkenet,https://www.imdb.com/title/tt0323872/?ref_=sr_t_253,2003,1h 35m,PG,7.3,8.7K
254. Depuis qu'Otar est parti...,https://www.imdb.com/title/tt0336264/?ref_=sr_t_254,2003,1h 43m,Unrated,7.5,2.7K
255. The United States of Leland,https://www.imdb.com/title/tt0301976/?ref_=sr_t_255,2003,1h 48m,R,6.9,25K
256. The Singing Detective,https://www.imdb.com/title/tt0314676/?ref_=sr_t_256,2003,1h 49m,R,5.4,9K
257. The Memory of a Killer,https://www.imdb.com/title/tt0374345/?ref_=sr_t_257,2003,2h 3m,R,7.2,11K
258. Zelary,https://www.imdb.com/title/tt0288330/?ref_=sr_t_258,2003,2h 30m,R,7.5,3.8K
"259. Die, Mommie, Die!",https://www.imdb.com/title/tt0322023/?ref_=sr_t_259,2003,1h 30m,R,6.4,2.2K
260. Bukowski: Born into This,https://www.imdb.com/title/tt0342150/?ref_=sr_t_260,2003,2h 10m,R,7.8,3.7K
261. Ruby & Quentin,https://www.imdb.com/title/tt0310203/?ref_=sr_t_261,2003,1h 25m,Not Rated,7.1,31K
262. Dot the I,https://www.imdb.com/title/tt0326835/?ref_=sr_t_262,2003,1h 32m,R,6.7,9K
263. Khushi,https://www.imdb.com/title/tt0348656/?ref_=sr_t_263,2003,2h 41m,,4.2,1.8K
264. Armaan,https://www.imdb.com/title/tt0331851/?ref_=sr_t_264,2003,2h 38m,Not Rated,5.3,1.2K
265. Silmido,https://www.imdb.com/title/tt0387596/?ref_=sr_t_265,2003,2h 15m,,7.0,4.8K
266. Caterina in the Big City,https://www.imdb.com/title/tt0366287/?ref_=sr_t_266,2003,1h 47m,Unrated,6.8,3.2K
267. Bonhoeffer,https://www.imdb.com/title/tt0371583/?ref_=sr_t_267,2003,1h 33m,TV-14,7.2,459
268. I Am David,https://www.imdb.com/title/tt0327919/?ref_=sr_t_268,2003,1h 30m,PG,7.1,8.3K
269. Code 46,https://www.imdb.com/title/tt0345061/?ref_=sr_t_269,2003,1h 33m,R,6.1,21K
270. The Hero: Love Story of a Spy,https://www.imdb.com/title/tt0347167/?ref_=sr_t_270,2003,2h 40m,Not Rated,5.5,2.7K
271. The Battle of Shaker Heights,https://www.imdb.com/title/tt0357470/?ref_=sr_t_271,2003,1h 19m,PG-13,6.0,4.6K
272. The Best of Youth,https://www.imdb.com/title/tt0346336/?ref_=sr_t_272,2003,6h 14m,R,8.5,24K
"273. Lucía, Lucía",https://www.imdb.com/title/tt0314170/?ref_=sr_t_273,2003,1h 50m,R,6.0,1.1K
274. Mayor of the Sunset Strip,https://www.imdb.com/title/tt0230512/?ref_=sr_t_274,2003,1h 34m,R,7.0,1.7K
275. The Reckoning,https://www.imdb.com/title/tt0258816/?ref_=sr_t_275,2003,1h 52m,R,6.4,6.5K
276. Greendale,https://www.imdb.com/title/tt0379307/?ref_=sr_t_276,2003,1h 27m,,6.2,455
277. The Yes Men,https://www.imdb.com/title/tt0379593/?ref_=sr_t_277,2003,1h 23m,R,6.8,6.2K
278. The Far Side of the Moon,https://www.imdb.com/title/tt0352332/?ref_=sr_t_278,2003,1h 45m,Not Rated,7.2,2K
279. Nina's Tragedies,https://www.imdb.com/title/tt0376007/?ref_=sr_t_279,2003,1h 50m,,6.9,817
280. Control,https://www.imdb.com/title/tt0373981/?ref_=sr_t_280,2003,1h 51m,R,7.6,27K
"281. Remember Me, My Love",https://www.imdb.com/title/tt0323807/?ref_=sr_t_281,2003,2h 5m,R,6.4,4.5K
282. This So-Called Disaster,https://www.imdb.com/title/tt0308488/?ref_=sr_t_282,2003,1h 29m,R,6.3,264
283. The Agronomist,https://www.imdb.com/title/tt0377031/?ref_=sr_t_283,2003,1h 30m,PG-13,7.4,1K
284. Kuch Naa Kaho,https://www.imdb.com/title/tt0369637/?ref_=sr_t_284,2003,2h 49m,Not Rated,5.4,2.5K
285. Carandiru,https://www.imdb.com/title/tt0293007/?ref_=sr_t_285,2003,2h 25m,R,7.6,23K
286. Moolaadé,https://www.imdb.com/title/tt0416991/?ref_=sr_t_286,2003,2h 4m,Unrated,7.6,4.2K
287. The Delicate Art of Parking,https://www.imdb.com/title/tt0325234/?ref_=sr_t_287,2003,1h 30m,,6.4,828
288. Levity,https://www.imdb.com/title/tt0304328/?ref_=sr_t_288,2003,1h 40m,R,6.3,6.8K
289. The Snow Walker,https://www.imdb.com/title/tt0337721/?ref_=sr_t_289,2003,1h 43m,PG,7.3,12K
290. Lost Boys of Sudan,https://www.imdb.com/title/tt0383475/?ref_=sr_t_290,2003,1h 27m,Unrated,7.5,672
291. Testosterone,https://www.imdb.com/title/tt0378867/?ref_=sr_t_291,2003,1h 45m,R,5.3,1.3K
292. The Flower of Evil,https://www.imdb.com/title/tt0322289/?ref_=sr_t_292,2003,1h 44m,R,6.4,3.6K
293. Hangman's Curse,https://www.imdb.com/title/tt0342508/?ref_=sr_t_293,2003,1h 46m,PG-13,4.8,2.8K
294. The Five Obstructions,https://www.imdb.com/title/tt0354575/?ref_=sr_t_294,2003,1h 30m,Unrated,7.4,9.4K
295. Uncle Nino,https://www.imdb.com/title/tt0327210/?ref_=sr_t_295,2003,1h 44m,PG,6.5,878
296. Red Betsy,https://www.imdb.com/title/tt0284426/?ref_=sr_t_296,2003,1h 38m,PG,7.2,101
297. Danny Deckchair,https://www.imdb.com/title/tt0337960/?ref_=sr_t_297,2003,1h 40m,PG-13,6.7,5.3K
298. Billabong Odyssey,https://www.imdb.com/title/tt0379713/?ref_=sr_t_298,2003,1h 28m,PG,6.7,497
299. The Revolution Will Not Be Televised,https://www.imdb.com/title/tt0363510/?ref_=sr_t_299,2003,1h 14m,Unrated,8.2,2.7K
300. Crimson Gold,https://www.imdb.com/title/tt0371280/?ref_=sr_t_300,2003,1h 35m,Unrated,7.4,5.4K
301. Girls Will Be Girls,https://www.imdb.com/title/tt0339071/?ref_=sr_t_301,2003,1h 19m,R,7.0,1.7K
302. The Boys & Girl from County Clare,https://www.imdb.com/title/tt0337631/?ref_=sr_t_302,2003,1h 30m,R,6.5,1.5K
303. Concert for George,https://www.imdb.com/title/tt0380275/?ref_=sr_t_303,2003,2h 20m,PG-13,8.6,2.2K
304. Beautiful Boxer,https://www.imdb.com/title/tt0401248/?ref_=sr_t_304,2003,1h 58m,Unrated,7.1,3.3K
305. Crying Ladies,https://www.imdb.com/title/tt0391892/?ref_=sr_t_305,2003,1h 50m,Not Rated,6.8,294
306. Darna Mana Hai,https://www.imdb.com/title/tt0349333/?ref_=sr_t_306,2003,2h 1m,Not Rated,6.3,4K
307. Deep Blue,https://www.imdb.com/title/tt0365109/?ref_=sr_t_307,2003,1h 23m,G,7.4,3.2K
308. Incantato,https://www.imdb.com/title/tt0319237/?ref_=sr_t_308,2003,1h 47m,Unrated,6.6,1.1K
309. Robot Stories,https://www.imdb.com/title/tt0301777/?ref_=sr_t_309,2003,1h 25m,Not Rated,6.0,1.4K
310. Malevolence,https://www.imdb.com/title/tt0388230/?ref_=sr_t_310,2003,1h 30m,R,5.0,3.9K
311. Fear and Trembling,https://www.imdb.com/title/tt0318725/?ref_=sr_t_311,2003,1h 47m,Unrated,7.0,4.9K
312. Green Card Fever,https://www.imdb.com/title/tt0292527/?ref_=sr_t_312,2003,1h 40m,,5.7,203
"313. Love, Sex and Eating the Bones",https://www.imdb.com/title/tt0342316/?ref_=sr_t_313,2003,1h 40m,R,5.8,736
314. Bonjour Monsieur Shlomi,https://www.imdb.com/title/tt0380485/?ref_=sr_t_314,2003,1h 34m,Not Rated,7.5,1.2K
315. Bhoot,https://www.imdb.com/title/tt0341266/?ref_=sr_t_315,2003,1h 53m,,6.4,4.2K
316. Kaptein Sabeltann,https://www.imdb.com/title/tt0390159/?ref_=sr_t_316,2003,1h 15m,PG,5.5,268
317. Emerald Cowboy,https://www.imdb.com/title/tt0289176/?ref_=sr_t_317,2003,1h 30m,R,7.4,117
318. Dum,https://www.imdb.com/title/tt0314006/?ref_=sr_t_318,2003,2h 46m,,5.7,1.8K
319. Aileen: Life and Death of a Serial Killer,https://www.imdb.com/title/tt0364930/?ref_=sr_t_319,2003,1h 33m,R,7.1,7K
320. Flavors,https://www.imdb.com/title/tt0361625/?ref_=sr_t_320,2003,1h 58m,,7.2,474
321. Wondrous Oblivion,https://www.imdb.com/title/tt0334725/?ref_=sr_t_321,2003,1h 46m,PG,7.1,1.3K
322. Torremolinos 73,https://www.imdb.com/title/tt0339806/?ref_=sr_t_322,2003,1h 31m,Unrated,6.5,4.1K
323. First Morning,https://www.imdb.com/title/tt0422249/?ref_=sr_t_323,2003,1h 29m,PG-13,6.5,111
324. Ned Kelly,https://www.imdb.com/title/tt0277941/?ref_=sr_t_324,2003,1h 50m,R,6.4,28K
325. Where's the Party Yaar?,https://www.imdb.com/title/tt0306228/?ref_=sr_t_325,2003,1h 50m,PG-13,5.0,1.1K
326. Warriors of Heaven and Earth,https://www.imdb.com/title/tt0374330/?ref_=sr_t_326,2003,2h,R,6.3,4.5K
327. The Hebrew Hammer,https://www.imdb.com/title/tt0317640/?ref_=sr_t_327,2003,1h 25m,R,6.1,5.2K
328. Searching for the Wrong-Eyed Jesus,https://www.imdb.com/title/tt0389361/?ref_=sr_t_328,2003,1h 22m,,7.6,1.2K
329. Strange Gardens,https://www.imdb.com/title/tt0285052/?ref_=sr_t_329,2003,1h 35m,,7.0,1.7K
330. Bright Leaves,https://www.imdb.com/title/tt0372806/?ref_=sr_t_330,2003,1h 47m,Not Rated,7.0,676
331. Wonderful Days,https://www.imdb.com/title/tt0353014/?ref_=sr_t_331,2003,1h 26m,Unrated,6.6,9.5K
332. Reconstruction,https://www.imdb.com/title/tt0366943/?ref_=sr_t_332,2003,1h 30m,PG-13,7.3,7.7K
333. A Tale of Two Sisters,https://www.imdb.com/title/tt0365376/?ref_=sr_t_333,2003,1h 54m,R,7.1,70K
334. Hollywood Buddha,https://www.imdb.com/title/tt0365411/?ref_=sr_t_334,2003,1h 39m,,4.9,64
335. Dopamine,https://www.imdb.com/title/tt0342300/?ref_=sr_t_335,2003,1h 19m,R,5.9,1.2K
336. The Inheritance,https://www.imdb.com/title/tt0328844/?ref_=sr_t_336,2003,1h 55m,Unrated,7.2,4.9K
337. What Alice Found,https://www.imdb.com/title/tt0343172/?ref_=sr_t_337,2003,1h 36m,R,6.5,1.1K
338. Vodka Lemon,https://www.imdb.com/title/tt0379577/?ref_=sr_t_338,2003,1h 30m,,6.7,2.2K
339. Pinjar,https://www.imdb.com/title/tt0347779/?ref_=sr_t_339,2003,3h 8m,,7.9,3.1K
340. James' Journey to Jerusalem,https://www.imdb.com/title/tt0305178/?ref_=sr_t_340,2003,1h 27m,Unrated,7.4,598
341. Untold Scandal,https://www.imdb.com/title/tt0380689/?ref_=sr_t_341,2003,2h 4m,,6.8,2.8K
342. The Mudge Boy,https://www.imdb.com/title/tt0339419/?ref_=sr_t_342,2003,1h 34m,R,7.1,4.8K
343. Proteus,https://www.imdb.com/title/tt0379461/?ref_=sr_t_343,2003,1h 37m,Not Rated,6.4,709
344. Time of the Wolf,https://www.imdb.com/title/tt0324197/?ref_=sr_t_344,2003,1h 54m,R,6.4,12K
345. Bulgarian Lovers,https://www.imdb.com/title/tt0353818/?ref_=sr_t_345,2003,1h 41m,,5.9,973
346. Noi the Albino,https://www.imdb.com/title/tt0351461/?ref_=sr_t_346,2003,1h 33m,PG-13,7.3,9.7K
347. Screen Door Jesus,https://www.imdb.com/title/tt0339638/?ref_=sr_t_347,2003,1h 59m,R,5.5,193
348. Wasabi Tuna,https://www.imdb.com/title/tt0348354/?ref_=sr_t_348,2003,1h 32m,R,3.2,367
349. Gozu,https://www.imdb.com/title/tt0361668/?ref_=sr_t_349,2003,2h 9m,R,6.9,13K
350. Prey for Rock & Roll,https://www.imdb.com/title/tt0307351/?ref_=sr_t_350,2003,1h 44m,R,6.1,2.1K
351. Divan,https://www.imdb.com/title/tt0303917/?ref_=sr_t_351,2003,1h 30m,Not Rated,6.8,129
352. Kart Racer,https://www.imdb.com/title/tt0300069/?ref_=sr_t_352,2003,1h 34m,PG,5.7,690
353. Dorm Daze,https://www.imdb.com/title/tt0362511/?ref_=sr_t_353,2003,1h 36m,R,4.6,8.3K
354. Swimming Upstream,https://www.imdb.com/title/tt0326664/?ref_=sr_t_354,2003,1h 54m,PG-13,7.0,3.5K
355. Twentynine Palms,https://www.imdb.com/title/tt0315110/?ref_=sr_t_355,2003,1h 59m,Unrated,5.1,5.2K
356. Boys Life 4: Four Play,https://www.imdb.com/title/tt0369295/?ref_=sr_t_356,2003,1h 23m,,6.4,246
357. Alila,https://www.imdb.com/title/tt0349079/?ref_=sr_t_357,2003,2h 3m,,6.2,655
358. Assisted Living,https://www.imdb.com/title/tt0361322/?ref_=sr_t_358,2003,1h 18m,R,6.5,289
359. A Thousand Clouds of Peace,https://www.imdb.com/title/tt0358590/?ref_=sr_t_359,2003,1h 23m,Not Rated,5.6,534
360. Munna Bhai M.B.B.S.,https://www.imdb.com/title/tt0374887/?ref_=sr_t_360,2003,2h 36m,Not Rated,8.1,91K
361. Blackball,https://www.imdb.com/title/tt0337879/?ref_=sr_t_361,2003,1h 36m,R,5.6,4.5K
362. Twist,https://www.imdb.com/title/tt0339827/?ref_=sr_t_362,2003,1h 37m,R,6.2,1.4K
363. Death of a Dynasty,https://www.imdb.com/title/tt0361498/?ref_=sr_t_363,2003,1h 32m,R,3.6,434
364. Azumi,https://www.imdb.com/title/tt0384819/?ref_=sr_t_364,2003,2h 8m,Not Rated,6.7,15K
365. Adored: Diary of a Porn Star,https://www.imdb.com/title/tt0357031/?ref_=sr_t_365,2003,1h 41m,Unrated,5.8,427
366. Undead,https://www.imdb.com/title/tt0339840/?ref_=sr_t_366,2003,1h 37m,R,5.3,15K
367. Tom Dowd & the Language of Music,https://www.imdb.com/title/tt0343107/?ref_=sr_t_367,2003,1h 30m,Unrated,8.2,592
368. My Flesh and Blood,https://www.imdb.com/title/tt0342804/?ref_=sr_t_368,2003,1h 23m,Unrated,8.3,1.8K
369. Controlled Chaos,https://www.imdb.com/title/tt0349238/?ref_=sr_t_369,2003,1h 32m,R,7.4,40
370. Power Trip,https://www.imdb.com/title/tt0358647/?ref_=sr_t_370,2003,1h 26m,Unrated,7.3,231
371. Father and Son,https://www.imdb.com/title/tt0363249/?ref_=sr_t_371,2003,1h 37m,Unrated,6.5,2.7K
372. Girlhood,https://www.imdb.com/title/tt0368745/?ref_=sr_t_372,2003,1h 22m,Not Rated,7.1,619
373. Monsieur N.,https://www.imdb.com/title/tt0308595/?ref_=sr_t_373,2003,2h,Unrated,6.5,1.1K
374. Out of Control,https://www.imdb.com/title/tt0388315/?ref_=sr_t_374,2003,2h 4m,Not Rated,3.3,288
375. The Event,https://www.imdb.com/title/tt0314039/?ref_=sr_t_375,2003,1h 50m,R,6.1,1.1K
"376. Goodbye, Dragon Inn",https://www.imdb.com/title/tt0377556/?ref_=sr_t_376,2003,1h 22m,,7.1,6.6K
377. A Decade Under the Influence,https://www.imdb.com/title/tt0342275/?ref_=sr_t_377,2003,2h 18m,R,7.6,2.8K
378. La petite Lili,https://www.imdb.com/title/tt0335351/?ref_=sr_t_378,2003,1h 44m,,6.1,1.8K
379. Blind Shaft,https://www.imdb.com/title/tt0351299/?ref_=sr_t_379,2003,1h 32m,Unrated,7.5,3K
380. Fanfan,https://www.imdb.com/title/tt0305568/?ref_=sr_t_380,2003,1h 37m,,5.7,5.7K
381. Last Life in the Universe,https://www.imdb.com/title/tt0345549/?ref_=sr_t_381,2003,1h 52m,R,7.5,12K
382. Stander,https://www.imdb.com/title/tt0326208/?ref_=sr_t_382,2003,1h 51m,R,7.0,9.4K
383. Chooch,https://www.imdb.com/title/tt0369330/?ref_=sr_t_383,2003,1h 21m,R,4.3,90
384. Nathalie...,https://www.imdb.com/title/tt0348853/?ref_=sr_t_384,2003,1h 40m,,6.3,5.2K
385. Gang of Roses,https://www.imdb.com/title/tt0339091/?ref_=sr_t_385,2003,1h 34m,R,2.5,1.2K
386. Take My Eyes,https://www.imdb.com/title/tt0350193/?ref_=sr_t_386,2003,1h 49m,Not Rated,7.4,7.6K
387. Henri Cartier-Bresson: The Impassioned Eye,https://www.imdb.com/title/tt0369523/?ref_=sr_t_387,2003,1h 12m,Not Rated,7.3,361
388. Empathy,https://www.imdb.com/title/tt0389966/?ref_=sr_t_388,2003,1h 32m,,6.3,41
389. 2 Brothers & a Bride,https://www.imdb.com/title/tt0305583/?ref_=sr_t_389,2003,1h 34m,PG-13,6.0,1.1K
390. Snowboarder,https://www.imdb.com/title/tt0310164/?ref_=sr_t_390,2003,1h 50m,,3.5,718
391. Fish Without a Bicycle,https://www.imdb.com/title/tt0366517/?ref_=sr_t_391,2003,1h 37m,R,4.1,262
392. Barely Legal,https://www.imdb.com/title/tt0302297/?ref_=sr_t_392,2003,1h 30m,R,4.7,6.4K
393. Cowards Bend the Knee,https://www.imdb.com/title/tt0346800/?ref_=sr_t_393,2003,1h,Not Rated,7.0,1.5K
394. 18 ans après,https://www.imdb.com/title/tt0271337/?ref_=sr_t_394,2003,1h 30m,,4.6,676
395. Maestro,https://www.imdb.com/title/tt0368851/?ref_=sr_t_395,2003,1h 29m,,7.2,222
396. Shade,https://www.imdb.com/title/tt0323939/?ref_=sr_t_396,2003,1h 41m,R,6.3,13K
397. The Man Who Copied,https://www.imdb.com/title/tt0367859/?ref_=sr_t_397,2003,2h 4m,R,7.6,12K
398. American Storytellers,https://www.imdb.com/title/tt0212142/?ref_=sr_t_398,2003,1h 30m,Not Rated,7.6,113
399. Frankie and Johnny Are Married,https://www.imdb.com/title/tt0400446/?ref_=sr_t_399,2003,1h 35m,R,6.0,253
400. His Brother,https://www.imdb.com/title/tt0351770/?ref_=sr_t_400,2003,1h 32m,,6.9,2K
401. S21: The Khmer Rouge Killing Machine,https://www.imdb.com/title/tt0368954/?ref_=sr_t_401,2003,1h 41m,Unrated,7.2,1.2K
402. Blackmail Boy,https://www.imdb.com/title/tt0399465/?ref_=sr_t_402,2003,1h 40m,,5.7,1.3K
403. Easy,https://www.imdb.com/title/tt0379270/?ref_=sr_t_403,2003,1h 39m,R,5.8,1.8K
404. Dallas 362,https://www.imdb.com/title/tt0315459/?ref_=sr_t_404,2003,1h 40m,R,5.9,1.2K
405. Orwell Rolls in His Grave,https://www.imdb.com/title/tt0410407/?ref_=sr_t_405,2003,1h 24m,Unrated,8.0,1.2K
406. Words of My Perfect Teacher,https://www.imdb.com/title/tt0387694/?ref_=sr_t_406,2003,1h 43m,,6.8,152
407. A Talking Picture,https://www.imdb.com/title/tt0364093/?ref_=sr_t_407,2003,1h 36m,Not Rated,6.6,2.1K
408. Purple Butterfly,https://www.imdb.com/title/tt0363290/?ref_=sr_t_408,2003,2h 7m,R,6.1,1.4K
"409. Milwaukee, Minnesota",https://www.imdb.com/title/tt0285727/?ref_=sr_t_409,2003,1h 35m,R,6.1,728
410. Sunset Story,https://www.imdb.com/title/tt0368310/?ref_=sr_t_410,2003,1h 13m,,7.8,150
411. Hidden in Plain Sight,https://www.imdb.com/title/tt0384994/?ref_=sr_t_411,2003,1h 35m,,6.3,65
412. April's Shower,https://www.imdb.com/title/tt0325007/?ref_=sr_t_412,2003,1h 40m,R,5.0,728
413. Faster,https://www.imdb.com/title/tt0368721/?ref_=sr_t_413,2003,1h 43m,PG-13,7.7,1.5K
414. Cautiva,https://www.imdb.com/title/tt0362496/?ref_=sr_t_414,2003,1h 55m,Unrated,7.5,728
415. Il est plus facile pour un chameau...,https://www.imdb.com/title/tt0325030/?ref_=sr_t_415,2003,1h 50m,,5.7,911
416. People Say I'm Crazy,https://www.imdb.com/title/tt0379926/?ref_=sr_t_416,2003,1h 24m,,7.9,41
417. Evil,https://www.imdb.com/title/tt0338309/?ref_=sr_t_417,2003,1h 53m,Not Rated,7.7,43K
418. Save the Green Planet!,https://www.imdb.com/title/tt0354668/?ref_=sr_t_418,2003,1h 58m,Not Rated,7.2,9K
419. Memories of Murder,https://www.imdb.com/title/tt0353969/?ref_=sr_t_419,2003,2h 12m,Not Rated,8.1,231K
420. Khachaturian,https://www.imdb.com/title/tt0396087/?ref_=sr_t_420,2003,1h 23m,Not Rated,8.4,46
421. A Tale of Two Pizzas,https://www.imdb.com/title/tt0337728/?ref_=sr_t_421,2003,1h 22m,PG,5.4,176
422. Reeseville,https://www.imdb.com/title/tt0327594/?ref_=sr_t_422,2003,1h 39m,R,5.0,185
423. Qui a tué Bambi?,https://www.imdb.com/title/tt0326036/?ref_=sr_t_423,2003,2h 6m,,6.1,1.4K
424. Raja,https://www.imdb.com/title/tt0339558/?ref_=sr_t_424,2003,1h 52m,Not Rated,6.3,436
425. Gory Gory Hallelujah,https://www.imdb.com/title/tt0396041/?ref_=sr_t_425,2003,1h 36m,Not Rated,4.1,325
426. Spin,https://www.imdb.com/title/tt0362174/?ref_=sr_t_426,2003,1h 47m,PG-13,6.3,548
427. Rick,https://www.imdb.com/title/tt0363029/?ref_=sr_t_427,2003,1h 40m,R,5.9,926
428. Intoxicating,https://www.imdb.com/title/tt0326976/?ref_=sr_t_428,2003,1h 49m,Not Rated,4.6,399
429. Manfast,https://www.imdb.com/title/tt0282718/?ref_=sr_t_429,2003,1h 35m,R,3.5,276
430. Pauly Shore Is Dead,https://www.imdb.com/title/tt0284674/?ref_=sr_t_430,2003,1h 22m,R,4.4,5.1K
431. Nola,https://www.imdb.com/title/tt0317950/?ref_=sr_t_431,2003,1h 37m,R,5.4,517
"432. Good Morning, Night",https://www.imdb.com/title/tt0377569/?ref_=sr_t_432,2003,1h 46m,,7.1,4.1K
433. Finding Home,https://www.imdb.com/title/tt0228301/?ref_=sr_t_433,2003,2h 4m,PG-13,5.3,612
434. Virgin,https://www.imdb.com/title/tt0368411/?ref_=sr_t_434,2003,1h 54m,R,5.6,609
435. Milk and Honey,https://www.imdb.com/title/tt0347540/?ref_=sr_t_435,2003,1h 30m,,6.5,80
436. Imagining Argentina,https://www.imdb.com/title/tt0314197/?ref_=sr_t_436,2003,1h 47m,R,6.1,3.6K
437. Kaena: The Prophecy,https://www.imdb.com/title/tt0297753/?ref_=sr_t_437,2003,1h 32m,PG-13,6.0,4.3K
438. Games of Love and Chance,https://www.imdb.com/title/tt0338977/?ref_=sr_t_438,2003,2h 3m,,6.9,3.3K
439. 16 Years of Alcohol,https://www.imdb.com/title/tt0331338/?ref_=sr_t_439,2003,1h 42m,R,6.2,1.8K
440. Scorched,https://www.imdb.com/title/tt0286947/?ref_=sr_t_440,2003,1h 35m,PG-13,5.9,7.2K
441. Silent Waters,https://www.imdb.com/title/tt0357283/?ref_=sr_t_441,2003,1h 39m,Not Rated,7.5,1.3K
442. Wake,https://www.imdb.com/title/tt0338543/?ref_=sr_t_442,2003,1h 30m,Not Rated,6.3,391
443. Mendy,https://www.imdb.com/title/tt0382847/?ref_=sr_t_443,2003,1h 30m,Not Rated,5.8,135
444. Daybreak,https://www.imdb.com/title/tt0347457/?ref_=sr_t_444,2003,1h 48m,R,7.1,1.6K
445. Los Angeles Plays Itself,https://www.imdb.com/title/tt0379357/?ref_=sr_t_445,2003,2h 49m,Not Rated,7.8,3K
446. It's All About Love,https://www.imdb.com/title/tt0273689/?ref_=sr_t_446,2003,1h 46m,R,5.3,10K
447. Love Object,https://www.imdb.com/title/tt0328077/?ref_=sr_t_447,2003,1h 28m,R,6.3,3.8K
448. Emile,https://www.imdb.com/title/tt0338001/?ref_=sr_t_448,2003,1h 32m,R,6.3,828
449. Quattro Noza,https://www.imdb.com/title/tt0342916/?ref_=sr_t_449,2003,1h 36m,R,2.9,349
450. Hatsujô kateikyôshi: Sensei no aijiru,https://www.imdb.com/title/tt0458227/?ref_=sr_t_450,2003,1h 30m,,5.8,784
451. Particles of Truth,https://www.imdb.com/title/tt0320241/?ref_=sr_t_451,2003,1h 41m,R,6.5,592
452. Jersey Guy,https://www.imdb.com/title/tt0191211/?ref_=sr_t_452,2003,1h 30m,R,5.4,53
453. Melvin Goes to Dinner,https://www.imdb.com/title/tt0323633/?ref_=sr_t_453,2003,1h 23m,R,6.7,3.3K
454. The Green Butchers,https://www.imdb.com/title/tt0342492/?ref_=sr_t_454,2003,1h 40m,R,7.2,25K
455. Brothers in Arms,https://www.imdb.com/title/tt0372808/?ref_=sr_t_455,2003,1h 8m,Unrated,6.0,71
456. Dr. Benny,https://www.imdb.com/title/tt0236172/?ref_=sr_t_456,2003,1h 30m,,7.1,48
457. I Love Your Work,https://www.imdb.com/title/tt0322700/?ref_=sr_t_457,2003,1h 51m,R,5.1,2K
458. The Work and the Story,https://www.imdb.com/title/tt0339921/?ref_=sr_t_458,2003,1h 17m,Not Rated,5.3,112
459. Conspiracy of Silence,https://www.imdb.com/title/tt0308129/?ref_=sr_t_459,2003,1h 30m,Not Rated,6.6,434
460. Risk/Reward,https://www.imdb.com/title/tt0358079/?ref_=sr_t_460,2003,1h 28m,,7.3,38
461. Swing,https://www.imdb.com/title/tt0358722/?ref_=sr_t_461,2003,1h 38m,PG-13,5.7,219
462. Hell's Highway: The True Story of Highway Safety Films,https://www.imdb.com/title/tt0372321/?ref_=sr_t_462,2003,1h 31m,Not Rated,7.0,225
463. She's One of Us,https://www.imdb.com/title/tt0370531/?ref_=sr_t_463,2003,1h 38m,,6.4,241
464. Rockets Redglare!,https://www.imdb.com/title/tt0348866/?ref_=sr_t_464,2003,1h 29m,,7.4,86
465. Wash Dry and Spin Out,https://www.imdb.com/title/tt0302018/?ref_=sr_t_465,2003,1h 25m,Unrated,5.6,30
466. What Boys Like,https://www.imdb.com/title/tt0285156/?ref_=sr_t_466,2003,1h 25m,R,4.9,601
467. Independent Spirits: Faith Hubley/John Hubley,https://www.imdb.com/title/tt1994534/?ref_=sr_t_467,2003,1h 30m,Not Rated,,
468. The Letter: An American Town and the 'Somali Invasion',https://www.imdb.com/title/tt0383460/?ref_=sr_t_468,2003,1h 16m,,7.9,124
469. Böse Zellen,https://www.imdb.com/title/tt0372814/?ref_=sr_t_469,2003,2h,,6.1,569
470. The Ballad of Bering Strait,https://www.imdb.com/title/tt0319029/?ref_=sr_t_470,2003,1h 38m,TV-G,7.7,38
471. Der Wald vor lauter Bäumen,https://www.imdb.com/title/tt0386862/?ref_=sr_t_471,2003,1h 21m,Not Rated,7.2,1.9K
472. Exorcism,https://www.imdb.com/title/tt0340103/?ref_=sr_t_472,2003,1h 38m,PG-13,2.2,291
473. Uncut,https://www.imdb.com/title/tt0386095/?ref_=sr_t_473,2003,1h 18m,Unrated,4.7,181
474. Anatomy 2,https://www.imdb.com/title/tt0312358/?ref_=sr_t_474,2003,1h 41m,R,5.1,4K
"475. Jesus, Du weisst",https://www.imdb.com/title/tt0373941/?ref_=sr_t_475,2003,1h 27m,Not Rated,6.7,587
476. Tasuma,https://www.imdb.com/title/tt0423325/?ref_=sr_t_476,2003,1h 30m,,7.2,70
477. Dead End,https://www.imdb.com/title/tt0308152/?ref_=sr_t_477,2003,1h 25m,R,6.5,33K
478. The Sleeping Dictionary,https://www.imdb.com/title/tt0242888/?ref_=sr_t_478,2003,1h 49m,R,6.5,9.4K
479. Bad Eggs,https://www.imdb.com/title/tt0312409/?ref_=sr_t_479,2003,1h 38m,Not Rated,6.2,1.8K
480. A Good Lawyer's Wife,https://www.imdb.com/title/tt0372782/?ref_=sr_t_480,2003,1h 44m,Not Rated,6.1,2K
481. Fallo!,https://www.imdb.com/title/tt0372909/?ref_=sr_t_481,2003,2h,Not Rated,4.9,3.2K
482. 11:14,https://www.imdb.com/title/tt0331811/?ref_=sr_t_482,2003,1h 26m,R,7.1,51K
483. Alien Hunter,https://www.imdb.com/title/tt0327409/?ref_=sr_t_483,2003,1h 32m,R,5.1,5.1K
484. Song for a Raggy Boy,https://www.imdb.com/title/tt0339707/?ref_=sr_t_484,2003,1h 34m,TV-MA,7.5,4.9K
485. www.XXX.com,https://www.imdb.com/title/tt0371881/?ref_=sr_t_485,2003,1h 45m,,4.9,429
486. Olsenbanden Junior går under vann,https://www.imdb.com/title/tt0387463/?ref_=sr_t_486,2003,1h 35m,,5.1,772
487. Kopps,https://www.imdb.com/title/tt0339230/?ref_=sr_t_487,2003,1h 30m,,6.7,23K
488. A Lonely Cow Weeps at Dawn,https://www.imdb.com/title/tt1294659/?ref_=sr_t_488,2003,1h 1m,Not Rated,5.2,818
489. In Hell,https://www.imdb.com/title/tt0339135/?ref_=sr_t_489,2003,1h 38m,R,6.1,22K
490. Shortcut to Happiness,https://www.imdb.com/title/tt0263265/?ref_=sr_t_490,2003,1h 46m,PG-13,5.4,6.5K
491. One Missed Call,https://www.imdb.com/title/tt0366292/?ref_=sr_t_491,2003,1h 52m,R,6.2,20K
492. Sweet Sex and Love,https://www.imdb.com/title/tt0365484/?ref_=sr_t_492,2003,1h 25m,Not Rated,5.2,694
493. Anbe Sivam,https://www.imdb.com/title/tt0367495/?ref_=sr_t_493,2003,2h 40m,Not Rated,8.6,26K
494. Hope Springs,https://www.imdb.com/title/tt0314431/?ref_=sr_t_494,2003,1h 32m,PG-13,5.4,8K
495. Beyond Re-Animator,https://www.imdb.com/title/tt0222812/?ref_=sr_t_495,2003,1h 36m,R,5.7,13K
496. Stealing Candy,https://www.imdb.com/title/tt0324071/?ref_=sr_t_496,2003,1h 20m,R,4.4,858
497. The Mummy's Kiss,https://www.imdb.com/title/tt0347585/?ref_=sr_t_497,2003,1h 28m,R,3.4,677
498. Battle Royale II,https://www.imdb.com/title/tt0338763/?ref_=sr_t_498,2003,2h 35m,Not Rated,4.6,22K
499. Midsommer,https://www.imdb.com/title/tt0339385/?ref_=sr_t_499,2003,1h 34m,Not Rated,5.7,2.9K
500. Wolf Summer,https://www.imdb.com/title/tt0356154/?ref_=sr_t_500,2003,1h 27m,,5.9,1.3K
