Title,Movie Link,Year,Duration,MPA,Rating,Votes
1. Titanic,https://www.imdb.com/title/tt0120338/?ref_=sr_t_1,1997,3h 14m,PG-13,7.9,1.3M
2. Men in Black,https://www.imdb.com/title/tt0119654/?ref_=sr_t_2,1997,1h 38m,PG-13,7.3,630K
3. The Lost World: Jurassic Park,https://www.imdb.com/title/tt0119567/?ref_=sr_t_3,1997,2h 9m,PG-13,6.6,453K
4. Liar Liar,https://www.imdb.com/title/tt0119528/?ref_=sr_t_4,1997,1h 26m,PG-13,6.9,343K
5. Air Force One,https://www.imdb.com/title/tt0118571/?ref_=sr_t_5,1997,2h 4m,R,6.5,215K
6. As Good as It Gets,https://www.imdb.com/title/tt0119822/?ref_=sr_t_6,1997,2h 19m,PG-13,7.7,325K
7. Good Will Hunting,https://www.imdb.com/title/tt0119217/?ref_=sr_t_7,1997,2h 6m,R,8.3,1.1M
8. My Best Friend's Wedding,https://www.imdb.com/title/tt0119738/?ref_=sr_t_8,1997,1h 45m,PG-13,6.4,159K
9. Tomorrow Never Dies,https://www.imdb.com/title/tt0120347/?ref_=sr_t_9,1997,1h 59m,PG-13,6.5,208K
10. Face/Off,https://www.imdb.com/title/tt0119094/?ref_=sr_t_10,1997,2h 18m,R,7.3,410K
11. Batman & Robin,https://www.imdb.com/title/tt0118688/?ref_=sr_t_11,1997,2h 5m,PG-13,3.8,273K
12. George of the Jungle,https://www.imdb.com/title/tt0119190/?ref_=sr_t_12,1997,1h 32m,PG,5.5,86K
13. Scream 2,https://www.imdb.com/title/tt0120082/?ref_=sr_t_13,1997,2h,R,6.3,219K
14. Con Air,https://www.imdb.com/title/tt0118880/?ref_=sr_t_14,1997,1h 55m,R,6.9,327K
15. Contact,https://www.imdb.com/title/tt0118884/?ref_=sr_t_15,1997,2h 30m,PG,7.5,300K
16. Hercules,https://www.imdb.com/title/tt0119282/?ref_=sr_t_16,1997,1h 33m,G,7.3,263K
17. Flubber,https://www.imdb.com/title/tt0119137/?ref_=sr_t_17,1997,1h 33m,PG,5.3,96K
18. Conspiracy Theory,https://www.imdb.com/title/tt0118883/?ref_=sr_t_18,1997,2h 15m,R,6.7,109K
19. I Know What You Did Last Summer,https://www.imdb.com/title/tt0119345/?ref_=sr_t_19,1997,1h 41m,R,5.8,163K
20. Dante's Peak,https://www.imdb.com/title/tt0118928/?ref_=sr_t_20,1997,1h 48m,PG-13,6.0,102K
21. Anaconda,https://www.imdb.com/title/tt0118615/?ref_=sr_t_21,1997,1h 29m,PG-13,4.9,115K
22. L.A. Confidential,https://www.imdb.com/title/tt0119488/?ref_=sr_t_22,1997,2h 18m,R,8.2,634K
23. In & Out,https://www.imdb.com/title/tt0119360/?ref_=sr_t_23,1997,1h 30m,PG-13,6.4,45K
24. The Fifth Element,https://www.imdb.com/title/tt0119116/?ref_=sr_t_24,1997,2h 6m,PG-13,7.6,520K
25. Mousehunt,https://www.imdb.com/title/tt0119715/?ref_=sr_t_25,1997,1h 38m,PG,6.5,62K
26. The Saint,https://www.imdb.com/title/tt0120053/?ref_=sr_t_26,1997,1h 56m,PG-13,6.2,73K
27. The Devil's Advocate,https://www.imdb.com/title/tt0118971/?ref_=sr_t_27,1997,2h 24m,R,7.5,415K
28. Kiss the Girls,https://www.imdb.com/title/tt0119468/?ref_=sr_t_28,1997,1h 55m,R,6.6,93K
29. Jungle 2 Jungle,https://www.imdb.com/title/tt0119432/?ref_=sr_t_29,1997,1h 45m,PG,5.2,26K
30. Anastasia,https://www.imdb.com/title/tt0118617/?ref_=sr_t_30,1997,1h 34m,G,7.1,140K
31. Life Is Beautiful,https://www.imdb.com/title/tt0118799/?ref_=sr_t_31,1997,1h 56m,PG-13,8.6,765K
32. The Jackal,https://www.imdb.com/title/tt0119395/?ref_=sr_t_32,1997,2h 4m,R,6.4,127K
33. Spawn,https://www.imdb.com/title/tt0120177/?ref_=sr_t_33,1997,1h 36m,PG-13,5.2,74K
34. Starship Troopers,https://www.imdb.com/title/tt0120201/?ref_=sr_t_34,1997,2h 9m,R,7.3,330K
35. Austin Powers: International Man of Mystery,https://www.imdb.com/title/tt0118655/?ref_=sr_t_35,1997,1h 29m,PG-13,7.0,263K
36. Breakdown,https://www.imdb.com/title/tt0118771/?ref_=sr_t_36,1997,1h 33m,R,7.0,64K
37. Absolute Power,https://www.imdb.com/title/tt0118548/?ref_=sr_t_37,1997,2h 1m,R,6.7,62K
38. Volcano,https://www.imdb.com/title/tt0120461/?ref_=sr_t_38,1997,1h 44m,PG-13,5.5,84K
39. Speed 2: Cruise Control,https://www.imdb.com/title/tt0120179/?ref_=sr_t_39,1997,2h 1m,PG-13,4.0,88K
40. The Game,https://www.imdb.com/title/tt0119174/?ref_=sr_t_40,1997,2h 9m,R,7.7,445K
41. G.I. Jane,https://www.imdb.com/title/tt0119173/?ref_=sr_t_41,1997,2h 5m,R,6.0,89K
42. Alien Resurrection,https://www.imdb.com/title/tt0118583/?ref_=sr_t_42,1997,1h 49m,R,6.2,278K
43. The Full Monty,https://www.imdb.com/title/tt0119164/?ref_=sr_t_43,1997,1h 31m,R,7.2,116K
44. The Rainmaker,https://www.imdb.com/title/tt0119978/?ref_=sr_t_44,1997,2h 15m,PG-13,7.2,85K
45. Bean,https://www.imdb.com/title/tt0118689/?ref_=sr_t_45,1997,1h 29m,PG-13,6.5,113K
46. Cop Land,https://www.imdb.com/title/tt0118887/?ref_=sr_t_46,1997,1h 45m,R,7.0,110K
47. Nothing to Lose,https://www.imdb.com/title/tt0119807/?ref_=sr_t_47,1997,1h 38m,R,6.7,50K
48. Amistad,https://www.imdb.com/title/tt0118607/?ref_=sr_t_48,1997,2h 35m,R,7.3,84K
49. Soul Food,https://www.imdb.com/title/tt0120169/?ref_=sr_t_49,1997,1h 55m,R,7.0,9.3K
50. Wag the Dog,https://www.imdb.com/title/tt0120885/?ref_=sr_t_50,1997,1h 37m,R,7.1,90K
51. The Devil's Own,https://www.imdb.com/title/tt0118972/?ref_=sr_t_51,1997,1h 51m,R,6.2,73K
52. Donnie Brasco,https://www.imdb.com/title/tt0119008/?ref_=sr_t_52,1997,2h 7m,R,7.7,340K
53. The Peacemaker,https://www.imdb.com/title/tt0119874/?ref_=sr_t_53,1997,2h 4m,R,6.0,64K
54. Private Parts,https://www.imdb.com/title/tt0119951/?ref_=sr_t_54,1997,1h 49m,R,6.9,40K
55. Money Talks,https://www.imdb.com/title/tt0119695/?ref_=sr_t_55,1997,1h 37m,R,6.2,32K
56. Jackie Brown,https://www.imdb.com/title/tt0119396/?ref_=sr_t_56,1997,2h 34m,R,7.5,385K
57. Seven Years in Tibet,https://www.imdb.com/title/tt0120102/?ref_=sr_t_57,1997,2h 16m,PG-13,7.1,160K
58. Vegas Vacation,https://www.imdb.com/title/tt0120434/?ref_=sr_t_58,1997,1h 33m,PG,5.9,54K
59. Mortal Kombat: Annihilation,https://www.imdb.com/title/tt0119707/?ref_=sr_t_59,1997,1h 35m,PG-13,3.6,59K
60. Selena,https://www.imdb.com/title/tt0120094/?ref_=sr_t_60,1997,2h 7m,PG,6.9,32K
61. Addicted to Love,https://www.imdb.com/title/tt0118556/?ref_=sr_t_61,1997,1h 40m,R,6.1,26K
62. The Relic,https://www.imdb.com/title/tt0120004/?ref_=sr_t_62,1997,1h 50m,R,5.8,31K
63. Metro,https://www.imdb.com/title/tt0119664/?ref_=sr_t_63,1997,1h 57m,R,5.6,30K
64. For Richer or Poorer,https://www.imdb.com/title/tt0119142/?ref_=sr_t_64,1997,1h 55m,PG-13,5.8,12K
65. Beverly Hills Ninja,https://www.imdb.com/title/tt0118708/?ref_=sr_t_65,1997,1h 28m,PG-13,5.6,45K
66. Picture Perfect,https://www.imdb.com/title/tt0119896/?ref_=sr_t_66,1997,1h 41m,PG-13,5.5,22K
67. Home Alone 3,https://www.imdb.com/title/tt0119303/?ref_=sr_t_67,1997,1h 42m,PG,4.6,131K
68. Fools Rush In,https://www.imdb.com/title/tt0119141/?ref_=sr_t_68,1997,1h 49m,PG-13,6.1,40K
69. Spice World,https://www.imdb.com/title/tt0120185/?ref_=sr_t_69,1997,1h 33m,PG,3.7,38K
70. Romy and Michele's High School Reunion,https://www.imdb.com/title/tt0120032/?ref_=sr_t_70,1997,1h 32m,R,6.3,55K
71. Out to Sea,https://www.imdb.com/title/tt0119848/?ref_=sr_t_71,1997,1h 46m,PG-13,6.1,9.7K
72. Fathers' Day,https://www.imdb.com/title/tt0119109/?ref_=sr_t_72,1997,1h 38m,PG-13,5.3,17K
73. Grosse Pointe Blank,https://www.imdb.com/title/tt0119229/?ref_=sr_t_73,1997,1h 47m,R,7.3,102K
74. The Edge,https://www.imdb.com/title/tt0119051/?ref_=sr_t_74,1997,1h 57m,R,6.9,81K
75. Event Horizon,https://www.imdb.com/title/tt0119081/?ref_=sr_t_75,1997,1h 36m,R,6.6,203K
76. An American Werewolf in Paris,https://www.imdb.com/title/tt0118604/?ref_=sr_t_76,1997,1h 38m,R,5.1,28K
77. Boogie Nights,https://www.imdb.com/title/tt0118749/?ref_=sr_t_77,1997,2h 35m,R,7.9,288K
78. Murder at 1600,https://www.imdb.com/title/tt0119731/?ref_=sr_t_78,1997,1h 47m,R,6.1,33K
79. Mimic,https://www.imdb.com/title/tt0119675/?ref_=sr_t_79,1997,1h 45m,R,6.0,57K
80. Midnight in the Garden of Good and Evil,https://www.imdb.com/title/tt0119668/?ref_=sr_t_80,1997,2h 35m,R,6.6,42K
81. Good Burger,https://www.imdb.com/title/tt0119215/?ref_=sr_t_81,1997,1h 35m,PG,5.8,34K
82. Hoodlum,https://www.imdb.com/title/tt0119311/?ref_=sr_t_82,1997,2h 10m,R,6.3,13K
83. Air Bud,https://www.imdb.com/title/tt0118570/?ref_=sr_t_83,1997,1h 38m,PG,5.3,20K
84. The Borrowers,https://www.imdb.com/title/tt0118755/?ref_=sr_t_84,1997,1h 29m,PG,5.9,24K
85. Red Corner,https://www.imdb.com/title/tt0119994/?ref_=sr_t_85,1997,2h 2m,R,6.3,19K
86. Mr. Magoo,https://www.imdb.com/title/tt0119718/?ref_=sr_t_86,1997,1h 27m,PG,4.1,16K
87. Booty Call,https://www.imdb.com/title/tt0118750/?ref_=sr_t_87,1997,1h 19m,R,5.5,9.7K
88. The Apostle,https://www.imdb.com/title/tt0118632/?ref_=sr_t_88,1997,2h 14m,PG-13,7.2,15K
89. Gone Fishin',https://www.imdb.com/title/tt0119214/?ref_=sr_t_89,1997,1h 34m,PG,4.8,11K
90. That Darn Cat,https://www.imdb.com/title/tt0120317/?ref_=sr_t_90,1997,1h 29m,PG,4.7,5K
91. The Postman,https://www.imdb.com/title/tt0119925/?ref_=sr_t_91,1997,2h 57m,R,6.1,81K
92. That Old Feeling,https://www.imdb.com/title/tt0120318/?ref_=sr_t_92,1997,1h 45m,PG-13,6.1,4.1K
93. Fire Down Below,https://www.imdb.com/title/tt0119123/?ref_=sr_t_93,1997,1h 45m,R,5.1,19K
94. Wishmaster,https://www.imdb.com/title/tt0120524/?ref_=sr_t_94,1997,1h 30m,R,5.8,27K
95. RocketMan,https://www.imdb.com/title/tt0120029/?ref_=sr_t_95,1997,1h 35m,PG,5.9,11K
96. Eve's Bayou,https://www.imdb.com/title/tt0119080/?ref_=sr_t_96,1997,1h 48m,R,7.2,12K
97. The Sixth Man,https://www.imdb.com/title/tt0120142/?ref_=sr_t_97,1997,1h 47m,PG-13,5.7,6.5K
98. Excess Baggage,https://www.imdb.com/title/tt0119086/?ref_=sr_t_98,1997,1h 41m,PG-13,5.4,15K
99. FairyTale: A True Story,https://www.imdb.com/title/tt0119095/?ref_=sr_t_99,1997,1h 39m,PG,6.5,6.5K
100. How to Be a Player,https://www.imdb.com/title/tt0119326/?ref_=sr_t_100,1997,1h 33m,R,5.3,9.3K
101. The Man Who Knew Too Little,https://www.imdb.com/title/tt0120483/?ref_=sr_t_101,1997,1h 34m,PG,6.6,35K
102. The Wings of the Dove,https://www.imdb.com/title/tt0120520/?ref_=sr_t_102,1997,1h 42m,R,7.1,13K
103. Trial and Error,https://www.imdb.com/title/tt0120373/?ref_=sr_t_103,1997,1h 38m,PG-13,5.8,7.9K
104. Rosewood,https://www.imdb.com/title/tt0120036/?ref_=sr_t_104,1997,2h 20m,R,7.2,9.1K
105. Mr. Nice Guy,https://www.imdb.com/title/tt0117786/?ref_=sr_t_105,1997,1h 28m,PG-13,6.2,29K
106. Gattaca,https://www.imdb.com/title/tt0119177/?ref_=sr_t_106,1997,1h 46m,PG-13,7.7,332K
107. Love Jones,https://www.imdb.com/title/tt0119572/?ref_=sr_t_107,1997,1h 49m,R,7.3,5.8K
108. Chasing Amy,https://www.imdb.com/title/tt0118842/?ref_=sr_t_108,1997,1h 53m,R,7.2,146K
109. Turbulence,https://www.imdb.com/title/tt0120390/?ref_=sr_t_109,1997,1h 40m,R,5.0,13K
110. The Beautician and the Beast,https://www.imdb.com/title/tt0118691/?ref_=sr_t_110,1997,1h 45m,PG,5.5,10K
111. Double Team,https://www.imdb.com/title/tt0119013/?ref_=sr_t_111,1997,1h 33m,R,4.8,37K
112. Leave It to Beaver,https://www.imdb.com/title/tt0119509/?ref_=sr_t_112,1997,1h 24m,PG,5.2,4.6K
113. Deconstructing Harry,https://www.imdb.com/title/tt0118954/?ref_=sr_t_113,1997,1h 36m,R,7.3,49K
114. Mad City,https://www.imdb.com/title/tt0119592/?ref_=sr_t_114,1997,1h 55m,PG-13,6.3,21K
115. Buddy,https://www.imdb.com/title/tt0118787/?ref_=sr_t_115,1997,1h 24m,PG,4.8,2.9K
116. The Spanish Prisoner,https://www.imdb.com/title/tt0120176/?ref_=sr_t_116,1997,1h 50m,PG,7.2,26K
117. Fierce Creatures,https://www.imdb.com/title/tt0119115/?ref_=sr_t_117,1997,1h 33m,PG-13,6.4,26K
118. Mrs. Brown,https://www.imdb.com/title/tt0119280/?ref_=sr_t_118,1997,1h 41m,PG,7.2,16K
119. Ulee's Gold,https://www.imdb.com/title/tt0120402/?ref_=sr_t_119,1997,1h 53m,R,7.0,7.7K
120. Turbo: A Power Rangers Movie,https://www.imdb.com/title/tt0120389/?ref_=sr_t_120,1997,1h 39m,PG,3.7,10K
121. A Simple Wish,https://www.imdb.com/title/tt0120133/?ref_=sr_t_121,1997,1h 29m,PG,5.3,6K
122. The Ice Storm,https://www.imdb.com/title/tt0119349/?ref_=sr_t_122,1997,1h 52m,R,7.3,62K
123. A Thousand Acres,https://www.imdb.com/title/tt0120323/?ref_=sr_t_123,1997,1h 45m,R,6.1,5.9K
124. Sprung,https://www.imdb.com/title/tt0120190/?ref_=sr_t_124,1997,1h 45m,R,5.1,1.3K
125. Wild America,https://www.imdb.com/title/tt0120512/?ref_=sr_t_125,1997,1h 46m,PG,6.4,8.3K
126. She's So Lovely,https://www.imdb.com/title/tt0120112/?ref_=sr_t_126,1997,1h 40m,R,5.9,8.9K
127. B*A*P*S,https://www.imdb.com/title/tt0118663/?ref_=sr_t_127,1997,1h 31m,PG-13,4.8,6K
128. Zeus and Roxanne,https://www.imdb.com/title/tt0120550/?ref_=sr_t_128,1997,1h 38m,PG,5.3,3.3K
129. Star Kid,https://www.imdb.com/title/tt0120478/?ref_=sr_t_129,1997,1h 41m,PG,5.3,3.2K
130. U Turn,https://www.imdb.com/title/tt0120399/?ref_=sr_t_130,1997,2h 5m,R,6.7,56K
131. Warriors of Virtue,https://www.imdb.com/title/tt0120479/?ref_=sr_t_131,1997,1h 41m,PG,4.7,3.6K
132. Switchback,https://www.imdb.com/title/tt0119210/?ref_=sr_t_132,1997,1h 58m,R,6.4,16K
133. Most Wanted,https://www.imdb.com/title/tt0119709/?ref_=sr_t_133,1997,1h 39m,R,5.6,6.5K
134. Affliction,https://www.imdb.com/title/tt0118564/?ref_=sr_t_134,1997,1h 54m,R,6.9,20K
135. Kull the Conqueror,https://www.imdb.com/title/tt0119484/?ref_=sr_t_135,1997,1h 35m,PG-13,4.8,8.9K
136. The Boxer,https://www.imdb.com/title/tt0118760/?ref_=sr_t_136,1997,1h 53m,R,7.0,23K
137. Inventing the Abbotts,https://www.imdb.com/title/tt0119381/?ref_=sr_t_137,1997,1h 50m,R,6.4,14K
138. Gang Related,https://www.imdb.com/title/tt0118900/?ref_=sr_t_138,1997,1h 51m,R,6.4,10K
139. One Eight Seven,https://www.imdb.com/title/tt0118531/?ref_=sr_t_139,1997,1h 59m,R,6.6,26K
140. Kundun,https://www.imdb.com/title/tt0119485/?ref_=sr_t_140,1997,2h 14m,PG-13,7.0,31K
141. Gridlock'd,https://www.imdb.com/title/tt0119225/?ref_=sr_t_141,1997,1h 31m,R,6.9,17K
142. Dangerous Ground,https://www.imdb.com/title/tt0118927/?ref_=sr_t_142,1997,1h 35m,R,4.5,2.1K
143. Princess Mononoke,https://www.imdb.com/title/tt0119698/?ref_=sr_t_143,1997,2h 13m,PG-13,8.3,451K
144. Les Boys,https://www.imdb.com/title/tt0118764/?ref_=sr_t_144,1997,1h 47m,Not Rated,6.7,2.3K
145. McHale's Navy,https://www.imdb.com/title/tt0119640/?ref_=sr_t_145,1997,1h 48m,PG,4.5,7.2K
146. A Life Less Ordinary,https://www.imdb.com/title/tt0119535/?ref_=sr_t_146,1997,1h 43m,R,6.3,38K
147. Playing God,https://www.imdb.com/title/tt0119906/?ref_=sr_t_147,1997,1h 34m,R,5.6,8.1K
148. Meet Wally Sparks,https://www.imdb.com/title/tt0119644/?ref_=sr_t_148,1997,1h 45m,R,5.2,3.9K
149. Lost Highway,https://www.imdb.com/title/tt0116922/?ref_=sr_t_149,1997,2h 14m,R,7.6,157K
150. 8 Heads in a Duffel Bag,https://www.imdb.com/title/tt0118541/?ref_=sr_t_150,1997,1h 35m,R,5.4,11K
151. The Pest,https://www.imdb.com/title/tt0119887/?ref_=sr_t_151,1997,1h 24m,PG-13,4.8,9.4K
152. Cats Don't Dance,https://www.imdb.com/title/tt0118829/?ref_=sr_t_152,1997,1h 15m,G,6.9,8.8K
153. 'Til There Was You,https://www.imdb.com/title/tt0118523/?ref_=sr_t_153,1997,1h 53m,PG-13,4.8,3K
154. Free Willy 3: The Rescue,https://www.imdb.com/title/tt0119152/?ref_=sr_t_154,1997,1h 26m,PG,4.7,11K
155. The MatchMaker,https://www.imdb.com/title/tt0119632/?ref_=sr_t_155,1997,1h 37m,R,6.5,6K
156. A Smile Like Yours,https://www.imdb.com/title/tt0120151/?ref_=sr_t_156,1997,1h 38m,R,4.8,1.6K
157. Mrs Dalloway,https://www.imdb.com/title/tt0119723/?ref_=sr_t_157,1997,1h 37m,PG-13,6.5,4.3K
158. The Sweet Hereafter,https://www.imdb.com/title/tt0120255/?ref_=sr_t_158,1997,1h 52m,R,7.4,37K
159. Love! Valour! Compassion!,https://www.imdb.com/title/tt0119578/?ref_=sr_t_159,1997,1h 48m,R,7.0,3.7K
160. In the Company of Men,https://www.imdb.com/title/tt0119361/?ref_=sr_t_160,1997,1h 37m,R,7.1,14K
161. One Night Stand,https://www.imdb.com/title/tt0119832/?ref_=sr_t_161,1997,1h 42m,R,5.9,7.3K
162. Love and Death on Long Island,https://www.imdb.com/title/tt0119574/?ref_=sr_t_162,1997,1h 33m,PG-13,6.9,4.2K
163. Afterglow,https://www.imdb.com/title/tt0118566/?ref_=sr_t_163,1997,1h 59m,R,6.0,3.9K
164. Career Girls,https://www.imdb.com/title/tt0118818/?ref_=sr_t_164,1997,1h 23m,R,7.1,6.4K
165. Smilla's Sense of Snow,https://www.imdb.com/title/tt0120152/?ref_=sr_t_165,1997,2h 1m,R,6.3,15K
166. Shadow Conspiracy,https://www.imdb.com/title/tt0120107/?ref_=sr_t_166,1997,1h 43m,R,4.9,5.3K
167. Snowriders II,https://www.imdb.com/title/tt0126036/?ref_=sr_t_167,1997,1h 35m,Not Rated,6.9,48
168. Chinese Box,https://www.imdb.com/title/tt0118851/?ref_=sr_t_168,1997,1h 39m,R,6.2,3.7K
169. Ma vie en rose,https://www.imdb.com/title/tt0119590/?ref_=sr_t_169,1997,1h 28m,R,7.5,9.1K
170. Wilde,https://www.imdb.com/title/tt0120514/?ref_=sr_t_170,1997,1h 58m,R,6.9,18K
171. Two Girls and a Guy,https://www.imdb.com/title/tt0124179/?ref_=sr_t_171,1997,1h 24m,NC-17,5.5,8.8K
172. Paradise Road,https://www.imdb.com/title/tt0119859/?ref_=sr_t_172,1997,2h 2m,R,6.8,6.1K
173. The Butcher Boy,https://www.imdb.com/title/tt0118804/?ref_=sr_t_173,1997,1h 50m,R,7.1,12K
174. Masterminds,https://www.imdb.com/title/tt0119630/?ref_=sr_t_174,1997,1h 46m,PG-13,5.2,3.9K
"175. Kiss Me, Guido",https://www.imdb.com/title/tt0119465/?ref_=sr_t_175,1997,1h 26m,R,6.0,2.1K
176. Oscar and Lucinda,https://www.imdb.com/title/tt0119843/?ref_=sr_t_176,1997,2h 12m,R,6.5,7.3K
177. Washington Square,https://www.imdb.com/title/tt0120481/?ref_=sr_t_177,1997,1h 55m,PG,6.7,3.8K
178. Live Flesh,https://www.imdb.com/title/tt0118819/?ref_=sr_t_178,1997,1h 43m,R,7.3,34K
179. Suicide Kings,https://www.imdb.com/title/tt0120241/?ref_=sr_t_179,1997,1h 46m,R,6.9,30K
180. Steel,https://www.imdb.com/title/tt0120207/?ref_=sr_t_180,1997,1h 37m,PG-13,3.0,15K
181. Rhyme & Reason,https://www.imdb.com/title/tt0120014/?ref_=sr_t_181,1997,1h 30m,R,7.4,933
182. City of Industry,https://www.imdb.com/title/tt0118859/?ref_=sr_t_182,1997,1h 37m,R,6.1,6.7K
183. Nueba Yol 3: Bajo la nueva ley,https://www.imdb.com/title/tt0128376/?ref_=sr_t_183,1997,1h 42m,Not Rated,5.8,171
184. Henry Fool,https://www.imdb.com/title/tt0122529/?ref_=sr_t_184,1997,2h 17m,R,7.1,8K
185. Neon Genesis Evangelion: The End of Evangelion,https://www.imdb.com/title/tt0169858/?ref_=sr_t_185,1997,1h 27m,TV-MA,8.1,68K
186. Nightwatch,https://www.imdb.com/title/tt0119791/?ref_=sr_t_186,1997,1h 41m,R,6.2,22K
187. The Thief,https://www.imdb.com/title/tt0124207/?ref_=sr_t_187,1997,1h 36m,R,7.6,5.7K
188. Déjà Vu,https://www.imdb.com/title/tt0119033/?ref_=sr_t_188,1997,1h 57m,PG-13,6.7,970
189. The Tango Lesson,https://www.imdb.com/title/tt0120275/?ref_=sr_t_189,1997,1h 40m,PG,6.7,2.5K
190. Lolita,https://www.imdb.com/title/tt0119558/?ref_=sr_t_190,1997,2h 17m,R,6.8,69K
191. Children of Heaven,https://www.imdb.com/title/tt0118849/?ref_=sr_t_191,1997,1h 29m,PG,8.2,84K
192. Men with Guns,https://www.imdb.com/title/tt0119657/?ref_=sr_t_192,1997,2h 7m,R,7.6,2.9K
"193. Fast, Cheap & Out of Control",https://www.imdb.com/title/tt0119107/?ref_=sr_t_193,1997,1h 20m,PG,7.1,4K
194. The Castle,https://www.imdb.com/title/tt0118826/?ref_=sr_t_194,1997,1h 25m,R,7.6,18K
195. The Winter Guest,https://www.imdb.com/title/tt0120521/?ref_=sr_t_195,1997,1h 48m,R,6.8,3.8K
196. Anna Karenina,https://www.imdb.com/title/tt0118623/?ref_=sr_t_196,1997,1h 48m,PG-13,6.3,6.3K
197. Kiss or Kill,https://www.imdb.com/title/tt0119467/?ref_=sr_t_197,1997,1h 36m,R,6.3,1.5K
198. Firelight,https://www.imdb.com/title/tt0119125/?ref_=sr_t_198,1997,1h 43m,R,7.2,4.9K
199. The Big One,https://www.imdb.com/title/tt0124295/?ref_=sr_t_199,1997,1h 31m,PG-13,7.1,8.1K
200. Star Maps,https://www.imdb.com/title/tt0120197/?ref_=sr_t_200,1997,1h 26m,R,5.6,1.1K
201. The House of Yes,https://www.imdb.com/title/tt0119324/?ref_=sr_t_201,1997,1h 25m,R,6.5,9K
202. Character,https://www.imdb.com/title/tt0119448/?ref_=sr_t_202,1997,2h 2m,R,7.7,12K
203. Orgazmo,https://www.imdb.com/title/tt0124819/?ref_=sr_t_203,1997,1h 34m,NC-17,6.1,38K
204. Prefontaine,https://www.imdb.com/title/tt0119937/?ref_=sr_t_204,1997,1h 46m,PG-13,6.8,7.8K
205. Deceiver,https://www.imdb.com/title/tt0119527/?ref_=sr_t_205,1997,1h 46m,R,6.4,7.3K
206. Hands on a Hardbody: The Documentary,https://www.imdb.com/title/tt0116481/?ref_=sr_t_206,1997,1h 38m,PG,7.6,2.5K
207. Perfect Blue,https://www.imdb.com/title/tt0156887/?ref_=sr_t_207,1997,1h 21m,Not Rated,8.0,103K
208. Commandments,https://www.imdb.com/title/tt0115927/?ref_=sr_t_208,1997,1h 28m,R,5.5,1.8K
209. Dream with the Fishes,https://www.imdb.com/title/tt0119019/?ref_=sr_t_209,1997,1h 37m,R,6.9,1.9K
210. Clockwatchers,https://www.imdb.com/title/tt0118866/?ref_=sr_t_210,1997,1h 36m,PG-13,6.6,6.8K
211. Traveller,https://www.imdb.com/title/tt0120366/?ref_=sr_t_211,1997,1h 41m,R,6.1,2.4K
212. Wild Man Blues,https://www.imdb.com/title/tt0141986/?ref_=sr_t_212,1997,1h 45m,PG,6.9,2.3K
213. Boys Life 2,https://www.imdb.com/title/tt0118762/?ref_=sr_t_213,1997,1h 14m,,6.5,493
214. The Myth of Fingerprints,https://www.imdb.com/title/tt0119746/?ref_=sr_t_214,1997,1h 33m,R,6.0,2.7K
215. Pippi Longstocking,https://www.imdb.com/title/tt0119899/?ref_=sr_t_215,1997,1h 15m,G,5.3,1.7K
216. Cube,https://www.imdb.com/title/tt0123755/?ref_=sr_t_216,1997,1h 30m,R,7.1,253K
217. Fireworks,https://www.imdb.com/title/tt0119250/?ref_=sr_t_217,1997,1h 43m,,7.7,34K
218. Bent,https://www.imdb.com/title/tt0118698/?ref_=sr_t_218,1997,1h 45m,NC-17,7.1,9K
219. The Eel,https://www.imdb.com/title/tt0120408/?ref_=sr_t_219,1997,1h 57m,Not Rated,7.3,6.6K
220. My Son the Fanatic,https://www.imdb.com/title/tt0119743/?ref_=sr_t_220,1997,1h 27m,R,6.8,1.7K
221. Four Days in September,https://www.imdb.com/title/tt0119815/?ref_=sr_t_221,1997,1h 50m,R,7.4,5.7K
222. Swept from the Sea,https://www.imdb.com/title/tt0120257/?ref_=sr_t_222,1997,1h 55m,PG-13,6.7,3.7K
223. Lucie Aubrac,https://www.imdb.com/title/tt0119586/?ref_=sr_t_223,1997,1h 55m,R,6.6,1.5K
224. Touch,https://www.imdb.com/title/tt0120357/?ref_=sr_t_224,1997,1h 36m,R,5.6,3K
225. The End of Violence,https://www.imdb.com/title/tt0119062/?ref_=sr_t_225,1997,2h 2m,R,5.6,5.3K
226. Steam: The Turkish Bath,https://www.imdb.com/title/tt0119248/?ref_=sr_t_226,1997,1h 34m,,6.8,7.5K
227. Hurricane Streets,https://www.imdb.com/title/tt0119338/?ref_=sr_t_227,1997,1h 26m,R,6.4,1.3K
228. Shooting Fish,https://www.imdb.com/title/tt0120122/?ref_=sr_t_228,1997,1h 43m,PG,6.5,7.9K
229. Open Your Eyes,https://www.imdb.com/title/tt0125659/?ref_=sr_t_229,1997,1h 59m,R,7.7,75K
230. Artemisia,https://www.imdb.com/title/tt0123385/?ref_=sr_t_230,1997,1h 38m,R,6.7,2.3K
231. The Second Jungle Book: Mowgli & Baloo,https://www.imdb.com/title/tt0120087/?ref_=sr_t_231,1997,1h 28m,PG,4.5,1.2K
232. I Think I Do,https://www.imdb.com/title/tt0125209/?ref_=sr_t_232,1997,1h 30m,Not Rated,6.6,1.7K
233. Welcome to Sarajevo,https://www.imdb.com/title/tt0120490/?ref_=sr_t_233,1997,1h 43m,R,6.7,7.9K
234. The Assignment,https://www.imdb.com/title/tt0118647/?ref_=sr_t_234,1997,1h 55m,R,6.8,10K
235. The Education of Little Tree,https://www.imdb.com/title/tt0119052/?ref_=sr_t_235,1997,1h 52m,PG,7.1,1.9K
236. Winter Sleepers,https://www.imdb.com/title/tt0120522/?ref_=sr_t_236,1997,2h 2m,,7.1,4.8K
237. Happy Together,https://www.imdb.com/title/tt0118845/?ref_=sr_t_237,1997,1h 36m,Not Rated,7.7,35K
238. Telling Lies in America,https://www.imdb.com/title/tt0120303/?ref_=sr_t_238,1997,1h 41m,PG-13,6.2,2.5K
239. Trekkies,https://www.imdb.com/title/tt0120370/?ref_=sr_t_239,1997,1h 26m,PG,6.9,5.1K
240. Mr. Jealousy,https://www.imdb.com/title/tt0119717/?ref_=sr_t_240,1997,1h 43m,R,6.3,2.7K
241. Bliss,https://www.imdb.com/title/tt0118742/?ref_=sr_t_241,1997,1h 43m,R,6.0,3K
242. All Over Me,https://www.imdb.com/title/tt0118586/?ref_=sr_t_242,1997,1h 26m,R,6.4,3.5K
243. Marius and Jeannette,https://www.imdb.com/title/tt0119620/?ref_=sr_t_243,1997,1h 45m,,6.9,1.8K
244. Nil by Mouth,https://www.imdb.com/title/tt0119792/?ref_=sr_t_244,1997,2h 8m,R,7.3,10K
245. The Swindle,https://www.imdb.com/title/tt0120018/?ref_=sr_t_245,1997,1h 41m,Not Rated,6.5,3.1K
246. Passion in the Desert,https://www.imdb.com/title/tt0125980/?ref_=sr_t_246,1997,1h 31m,PG-13,6.3,939
247. The Harmonists,https://www.imdb.com/title/tt0128133/?ref_=sr_t_247,1997,1h 55m,R,7.2,3.7K
248. Still Breathing,https://www.imdb.com/title/tt0120211/?ref_=sr_t_248,1997,1h 49m,PG-13,6.4,3.5K
249. Insomnia,https://www.imdb.com/title/tt0119375/?ref_=sr_t_249,1997,1h 36m,Not Rated,7.2,16K
250. Critical Care,https://www.imdb.com/title/tt0118901/?ref_=sr_t_250,1997,1h 47m,R,5.9,2.3K
251. The Designated Mourner,https://www.imdb.com/title/tt0118964/?ref_=sr_t_251,1997,1h 34m,R,6.3,376
"252. Niagara, Niagara",https://www.imdb.com/title/tt0119780/?ref_=sr_t_252,1997,1h 33m,R,6.8,1.7K
253. I Married a Strange Person!,https://www.imdb.com/title/tt0119346/?ref_=sr_t_253,1997,1h 15m,R,6.9,2.2K
254. Latin Boys Go to Hell,https://www.imdb.com/title/tt0124777/?ref_=sr_t_254,1997,1h 11m,Unrated,5.1,327
255. Nowhere,https://www.imdb.com/title/tt0119809/?ref_=sr_t_255,1997,1h 22m,R,6.5,11K
256. Chairman of the Board,https://www.imdb.com/title/tt0118836/?ref_=sr_t_256,1997,1h 35m,PG-13,2.3,6.6K
257. Waco: The Rules of Engagement,https://www.imdb.com/title/tt0120472/?ref_=sr_t_257,1997,2h 45m,Not Rated,7.8,3.8K
258. Under the Skin,https://www.imdb.com/title/tt0124185/?ref_=sr_t_258,1997,1h 22m,,6.5,1.6K
259. 4 Little Girls,https://www.imdb.com/title/tt0118540/?ref_=sr_t_259,1997,1h 42m,TV-14,7.8,3.7K
260. Twin Town,https://www.imdb.com/title/tt0120394/?ref_=sr_t_260,1997,1h 39m,Unrated,6.7,6.5K
261. The Night Flier,https://www.imdb.com/title/tt0119784/?ref_=sr_t_261,1997,1h 37m,R,6.0,13K
262. For Roseanna,https://www.imdb.com/title/tt0120034/?ref_=sr_t_262,1997,1h 38m,PG-13,7.1,3.6K
263. Gummo,https://www.imdb.com/title/tt0119237/?ref_=sr_t_263,1997,1h 29m,R,6.6,40K
264. Going All the Way,https://www.imdb.com/title/tt0119209/?ref_=sr_t_264,1997,1h 43m,R,5.7,2.2K
"265. Truth or Consequences, N.M.",https://www.imdb.com/title/tt0120383/?ref_=sr_t_265,1997,1h 46m,R,6.3,5.3K
266. Lawn Dogs,https://www.imdb.com/title/tt0119506/?ref_=sr_t_266,1997,1h 41m,R,7.4,8.8K
"267. I Love You, Don't Touch Me!",https://www.imdb.com/title/tt0130019/?ref_=sr_t_267,1997,1h 26m,R,5.2,518
268. TwentyFourSeven,https://www.imdb.com/title/tt0120391/?ref_=sr_t_268,1997,1h 36m,R,7.0,2.8K
269. The Ride,https://www.imdb.com/title/tt0127247/?ref_=sr_t_269,1997,1h 41m,PG,6.5,566
270. The Real Blonde,https://www.imdb.com/title/tt0119987/?ref_=sr_t_270,1997,1h 45m,R,6.0,4.4K
271. Seventh Heaven,https://www.imdb.com/title/tt0124115/?ref_=sr_t_271,1997,1h 28m,,6.5,421
272. Genealogies of a Crime,https://www.imdb.com/title/tt0119242/?ref_=sr_t_272,1997,1h 43m,,6.4,964
273. Office Killer,https://www.imdb.com/title/tt0119819/?ref_=sr_t_273,1997,1h 22m,R,5.2,2.4K
274. Stiff Upper Lips,https://www.imdb.com/title/tt0120210/?ref_=sr_t_274,1997,1h 34m,R,6.1,1.2K
275. Plump Fiction,https://www.imdb.com/title/tt0117350/?ref_=sr_t_275,1997,1h 22m,R,2.7,4.1K
276. The Mirror,https://www.imdb.com/title/tt0117056/?ref_=sr_t_276,1997,1h 35m,,7.5,3.2K
277. The Long Way Home,https://www.imdb.com/title/tt0119561/?ref_=sr_t_277,1997,2h,Not Rated,7.5,1.3K
278. The Alarmist,https://www.imdb.com/title/tt0119534/?ref_=sr_t_278,1997,1h 32m,R,5.2,1K
279. Keys to Tulsa,https://www.imdb.com/title/tt0116762/?ref_=sr_t_279,1997,1h 53m,R,5.2,1.9K
280. Six Ways to Sunday,https://www.imdb.com/title/tt0127288/?ref_=sr_t_280,1997,1h 37m,R,6.2,1.7K
281. A Brother's Kiss,https://www.imdb.com/title/tt0118783/?ref_=sr_t_281,1997,1h 32m,R,6.0,424
282. The Only Thrill,https://www.imdb.com/title/tt0119837/?ref_=sr_t_282,1997,1h 43m,R,6.0,844
283. Julian Po,https://www.imdb.com/title/tt0119429/?ref_=sr_t_283,1997,1h 24m,PG-13,5.9,1.7K
"284. This World, Then the Fireworks",https://www.imdb.com/title/tt0117898/?ref_=sr_t_284,1997,1h 40m,R,5.3,1.4K
285. Fall,https://www.imdb.com/title/tt0119098/?ref_=sr_t_285,1997,1h 33m,Not Rated,5.8,2.2K
286. The Last Time I Committed Suicide,https://www.imdb.com/title/tt0119502/?ref_=sr_t_286,1997,1h 32m,R,5.4,2.5K
287. An Alan Smithee Film: Burn Hollywood Burn,https://www.imdb.com/title/tt0118577/?ref_=sr_t_287,1997,1h 26m,R,3.5,3.8K
288. Digging to China,https://www.imdb.com/title/tt0118980/?ref_=sr_t_288,1997,1h 38m,PG,6.7,3K
"289. First Love, Last Rites",https://www.imdb.com/title/tt0128214/?ref_=sr_t_289,1997,1h 34m,R,5.5,372
290. The Locusts,https://www.imdb.com/title/tt0119557/?ref_=sr_t_290,1997,2h 4m,R,6.1,2.2K
291. Koyla,https://www.imdb.com/title/tt0136352/?ref_=sr_t_291,1997,2h 46m,Not Rated,6.2,10K
292. Welcome to Woop Woop,https://www.imdb.com/title/tt0120491/?ref_=sr_t_292,1997,1h 46m,R,5.7,2.1K
293. Behind the Lines,https://www.imdb.com/title/tt0120001/?ref_=sr_t_293,1997,1h 36m,R,7.0,2.5K
294. Bad Manners,https://www.imdb.com/title/tt0118671/?ref_=sr_t_294,1997,1h 28m,R,6.4,461
295. Soul in the Hole,https://www.imdb.com/title/tt0122728/?ref_=sr_t_295,1997,1h 38m,,7.0,239
296. Level Five,https://www.imdb.com/title/tt0116866/?ref_=sr_t_296,1997,1h 46m,Not Rated,7.0,970
297. Metroland,https://www.imdb.com/title/tt0119665/?ref_=sr_t_297,1997,1h 41m,R,6.3,3.7K
298. Chicago Cab,https://www.imdb.com/title/tt0119278/?ref_=sr_t_298,1997,1h 36m,R,6.4,2.1K
299. Off the Menu: The Last Days of Chasen's,https://www.imdb.com/title/tt0158831/?ref_=sr_t_299,1997,1h 30m,,6.8,302
300. The Manson Family,https://www.imdb.com/title/tt0118840/?ref_=sr_t_300,1997,1h 35m,R,5.5,3.4K
301. Made in Hong Kong,https://www.imdb.com/title/tt0123328/?ref_=sr_t_301,1997,1h 49m,,7.5,3.2K
302. Dear Jesse,https://www.imdb.com/title/tt0150290/?ref_=sr_t_302,1997,1h 22m,,7.1,159
303. Esmeralda Comes by Night,https://www.imdb.com/title/tt0125061/?ref_=sr_t_303,1997,1h 43m,R,6.3,291
304. Full Tilt Boogie,https://www.imdb.com/title/tt0119165/?ref_=sr_t_304,1997,1h 37m,R,6.6,2.9K
305. Dry Cleaning,https://www.imdb.com/title/tt0119773/?ref_=sr_t_305,1997,1h 33m,Unrated,6.8,1.2K
306. The Break,https://www.imdb.com/title/tt0116379/?ref_=sr_t_306,1997,1h 36m,R,5.8,410
307. Hugo Pool,https://www.imdb.com/title/tt0119327/?ref_=sr_t_307,1997,1h 32m,R,5.0,2.1K
308. The Winners,https://www.imdb.com/title/tt0220861/?ref_=sr_t_308,1997,1h 25m,,8.5,13
309. Little Boy Blue,https://www.imdb.com/title/tt0119547/?ref_=sr_t_309,1997,1h 45m,R,6.2,2.3K
310. Breaking Up,https://www.imdb.com/title/tt0118772/?ref_=sr_t_310,1997,1h 30m,R,4.7,3.2K
311. Momentos robados,https://www.imdb.com/title/tt0125411/?ref_=sr_t_311,1997,1h 40m,PG,7.4,43
312. Eight Days a Week,https://www.imdb.com/title/tt0119054/?ref_=sr_t_312,1997,1h 32m,R,6.0,3.6K
313. Ill Gotten Gains,https://www.imdb.com/title/tt0119352/?ref_=sr_t_313,1997,1h 41m,R,5.2,98
314. Sparkler,https://www.imdb.com/title/tt0124137/?ref_=sr_t_314,1997,1h 36m,R,5.5,518
315. Knockin' on Heaven's Door,https://www.imdb.com/title/tt0119472/?ref_=sr_t_315,1997,1h 27m,Not Rated,7.8,35K
316. Leila,https://www.imdb.com/title/tt0116851/?ref_=sr_t_316,1997,1h 42m,Not Rated,7.5,4.2K
317. Cold Around the Heart,https://www.imdb.com/title/tt0118870/?ref_=sr_t_317,1997,1h 36m,R,5.2,1.1K
"318. Blood, Friends and Money",https://www.imdb.com/title/tt0272509/?ref_=sr_t_318,1997,1h 20m,R,6.4,37
319. Fever Pitch,https://www.imdb.com/title/tt0119114/?ref_=sr_t_319,1997,1h 42m,R,6.7,12K
320. Strawberry Fields,https://www.imdb.com/title/tt0108233/?ref_=sr_t_320,1997,1h 30m,,6.6,92
321. Beyond Barbed Wire,https://www.imdb.com/title/tt0118709/?ref_=sr_t_321,1997,1h 28m,,8.2,39
322. The Sticky Fingers of Time,https://www.imdb.com/title/tt0127302/?ref_=sr_t_322,1997,1h 21m,,6.1,498
323. Doing Time for Patsy Cline,https://www.imdb.com/title/tt0119002/?ref_=sr_t_323,1997,1h 35m,,6.2,351
324. Port Djema,https://www.imdb.com/title/tt0119920/?ref_=sr_t_324,1997,1h 35m,,6.1,101
325. Trojan War,https://www.imdb.com/title/tt0120376/?ref_=sr_t_325,1997,1h 25m,PG-13,5.6,6.8K
326. Funny Games,https://www.imdb.com/title/tt0119167/?ref_=sr_t_326,1997,1h 48m,Not Rated,7.5,88K
327. Cure,https://www.imdb.com/title/tt0123948/?ref_=sr_t_327,1997,1h 51m,Not Rated,7.5,28K
328. Poison Ivy: The New Seduction,https://www.imdb.com/title/tt0119908/?ref_=sr_t_328,1997,1h 35m,R,4.8,4.9K
329. Another 9½ Weeks,https://www.imdb.com/title/tt0119576/?ref_=sr_t_329,1997,1h 45m,R,3.0,4.8K
330. Taste of Cherry,https://www.imdb.com/title/tt0120265/?ref_=sr_t_330,1997,1h 35m,Not Rated,7.7,39K
331. Perdita Durango,https://www.imdb.com/title/tt0119879/?ref_=sr_t_331,1997,2h 9m,R,6.3,10K
332. Brother,https://www.imdb.com/title/tt0118767/?ref_=sr_t_332,1997,1h 39m,,7.8,26K
333. Campfire Tales,https://www.imdb.com/title/tt0115813/?ref_=sr_t_333,1997,1h 28m,R,5.8,5.3K
334. Snow White: A Tale of Terror,https://www.imdb.com/title/tt0119227/?ref_=sr_t_334,1997,1h 40m,R,6.1,12K
335. The Island on Bird Street,https://www.imdb.com/title/tt0119389/?ref_=sr_t_335,1997,1h 47m,PG-13,7.1,2K
336. Lethal Seduction,https://www.imdb.com/title/tt0110331/?ref_=sr_t_336,1997,1h 32m,R,4.2,196
337. Innocence,https://www.imdb.com/title/tt0128332/?ref_=sr_t_337,1997,1h 50m,,8.1,21K
338. Babes in Toyland,https://www.imdb.com/title/tt0168473/?ref_=sr_t_338,1997,1h 14m,G,4.8,651
339. Dobermann,https://www.imdb.com/title/tt0118996/?ref_=sr_t_339,1997,1h 43m,R,6.5,19K
340. Robinson Crusoe,https://www.imdb.com/title/tt0117496/?ref_=sr_t_340,1997,1h 45m,PG-13,6.0,13K
341. A Gun for Jennifer,https://www.imdb.com/title/tt0160339/?ref_=sr_t_341,1997,1h 31m,,5.8,595
342. The Lion King,https://www.imdb.com/title/tt14571278/?ref_=sr_t_342,1997,TV-G,,8.7,146
343. In Dark Places,https://www.imdb.com/title/tt0167207/?ref_=sr_t_343,1997,1h 36m,R,4.5,241
344. Three Men and a Leg,https://www.imdb.com/title/tt0135007/?ref_=sr_t_344,1997,1h 40m,,7.7,11K
345. The Blackout,https://www.imdb.com/title/tt0118734/?ref_=sr_t_345,1997,1h 38m,R,5.4,2.9K
346. Dil To Pagal Hai,https://www.imdb.com/title/tt0118983/?ref_=sr_t_346,1997,3h,Not Rated,7.0,25K
347. Black Hawk Down,https://www.imdb.com/title/tt4330758/?ref_=sr_t_347,1997,57m,Not Rated,7.9,34K
348. How They Make Adult Movies,https://www.imdb.com/title/tt0156615/?ref_=sr_t_348,1997,1h,,5.8,313
349. Nevada,https://www.imdb.com/title/tt0119774/?ref_=sr_t_349,1997,1h 48m,R,5.3,484
350. Erotic Boundaries,https://www.imdb.com/title/tt0132939/?ref_=sr_t_350,1997,1h 34m,R,4.8,188
351. The Journey: Absolution,https://www.imdb.com/title/tt0119423/?ref_=sr_t_351,1997,1h 34m,TV-14,2.5,786
352. Scorned 2,https://www.imdb.com/title/tt0117567/?ref_=sr_t_352,1997,1h 38m,R,3.9,564
353. Sue,https://www.imdb.com/title/tt0125522/?ref_=sr_t_353,1997,1h 31m,R,7.1,1.5K
354. Joyride,https://www.imdb.com/title/tt0119426/?ref_=sr_t_354,1997,1h 33m,R,5.0,1.9K
355. Drive,https://www.imdb.com/title/tt0116147/?ref_=sr_t_355,1997,1h 40m,R,6.6,7.2K
356. Neon Genesis Evangelion: Death & Rebirth,https://www.imdb.com/title/tt0169880/?ref_=sr_t_356,1997,1h 41m,Not Rated,7.2,16K
357. Ishq,https://www.imdb.com/title/tt0133024/?ref_=sr_t_357,1997,2h 41m,,6.8,12K
358. Sorceress II: The Temptress,https://www.imdb.com/title/tt0190024/?ref_=sr_t_358,1997,1h 22m,R,3.9,354
359. The Exotic House of Wax,https://www.imdb.com/title/tt0129910/?ref_=sr_t_359,1997,1h 25m,R,3.8,639
360. Kummeli Kultakuume,https://www.imdb.com/title/tt0133906/?ref_=sr_t_360,1997,1h 36m,,7.2,3.9K
361. Prince Valiant,https://www.imdb.com/title/tt0119947/?ref_=sr_t_361,1997,1h 31m,PG-13,5.1,2.5K
362. Mandragora,https://www.imdb.com/title/tt0119608/?ref_=sr_t_362,1997,2h 6m,Unrated,6.6,1.3K
363. Life is All You Get,https://www.imdb.com/title/tt0119510/?ref_=sr_t_363,1997,1h 55m,,7.2,2K
364. Nirvana,https://www.imdb.com/title/tt0119794/?ref_=sr_t_364,1997,1h 53m,R,6.1,7.2K
365. Truth or Dare,https://www.imdb.com/title/tt0120061/?ref_=sr_t_365,1997,1h 17m,,5.2,791
366. Cholera Street,https://www.imdb.com/title/tt0149601/?ref_=sr_t_366,1997,2h,,7.6,12K
367. The Brave,https://www.imdb.com/title/tt0118768/?ref_=sr_t_367,1997,2h 3m,,6.1,11K
368. Retroactive,https://www.imdb.com/title/tt0117468/?ref_=sr_t_368,1997,1h 31m,R,6.2,6.9K
369. The Life of Jesus,https://www.imdb.com/title/tt0120448/?ref_=sr_t_369,1997,1h 36m,Not Rated,7.0,3.6K
370. Gupt: The Hidden Truth,https://www.imdb.com/title/tt0119239/?ref_=sr_t_370,1997,2h 53m,,7.3,5.8K
371. The Last Embrace,https://www.imdb.com/title/tt0148335/?ref_=sr_t_371,1997,1h 24m,R,4.9,89
372. Marquise,https://www.imdb.com/title/tt0119623/?ref_=sr_t_372,1997,2h,,5.9,1.5K
373. Teach Me Tonight,https://www.imdb.com/title/tt0181850/?ref_=sr_t_373,1997,1h 32m,R,4.2,345
374. After Sex,https://www.imdb.com/title/tt0119923/?ref_=sr_t_374,1997,1h 37m,,5.7,676
375. Little Dieter Needs to Fly,https://www.imdb.com/title/tt0145046/?ref_=sr_t_375,1997,1h 20m,Not Rated,8.0,7K
376. Chachi 420,https://www.imdb.com/title/tt0233422/?ref_=sr_t_376,1997,2h 35m,,7.4,14K
377. The Blood Oranges,https://www.imdb.com/title/tt0118743/?ref_=sr_t_377,1997,1h 33m,R,4.6,491
378. Twilight of the Ice Nymphs,https://www.imdb.com/title/tt0120393/?ref_=sr_t_378,1997,1h 31m,,5.8,993
379. Yes Boss,https://www.imdb.com/title/tt0120540/?ref_=sr_t_379,1997,2h 43m,,6.7,15K
380. Csinibaba,https://www.imdb.com/title/tt0118906/?ref_=sr_t_380,1997,1h 40m,,7.4,2.4K
381. Preaching to the Perverted,https://www.imdb.com/title/tt0119935/?ref_=sr_t_381,1997,1h 40m,R,5.8,1.4K
382. Hideous!,https://www.imdb.com/title/tt0119288/?ref_=sr_t_382,1997,1h 22m,R,4.8,1.4K
383. Arunachalam,https://www.imdb.com/title/tt0139861/?ref_=sr_t_383,1997,2h 45m,,7.5,2.7K
384. Mean Guns,https://www.imdb.com/title/tt0119642/?ref_=sr_t_384,1997,1h 50m,R,5.4,5K
385. The Wrong Guy,https://www.imdb.com/title/tt0120536/?ref_=sr_t_385,1997,1h 32m,PG-13,6.7,4.1K
386. Face,https://www.imdb.com/title/tt0119092/?ref_=sr_t_386,1997,1h 45m,R,6.6,4.9K
387. The Necro Files,https://www.imdb.com/title/tt0203726/?ref_=sr_t_387,1997,1h 12m,Unrated,4.0,899
388. Stargames,https://www.imdb.com/title/tt0132662/?ref_=sr_t_388,1997,1h 30m,,1.6,583
389. Unmarried Couples: A Comedy That Will Break You Up,https://www.imdb.com/title/tt0119820/?ref_=sr_t_389,1997,1h 30m,,5.8,1.5K
390. Hit & Run,https://www.imdb.com/title/tt0119298/?ref_=sr_t_390,1997,1h 35m,R,4.0,701
391. Deadlock: A Passion for Murder,https://www.imdb.com/title/tt0116052/?ref_=sr_t_391,1997,1h 28m,R,4.3,140
392. Obsession,https://www.imdb.com/title/tt0118700/?ref_=sr_t_392,1997,1h 45m,PG,5.1,398
393. Agnus Dei,https://www.imdb.com/title/tt0130907/?ref_=sr_t_393,1997,1h 30m,,6.6,101
394. Virasat,https://www.imdb.com/title/tt0120456/?ref_=sr_t_394,1997,2h 45m,Not Rated,7.4,3K
395. Two Orphan Vampires,https://www.imdb.com/title/tt0112856/?ref_=sr_t_395,1997,1h 47m,Not Rated,5.1,971
396. Incognito,https://www.imdb.com/title/tt0119365/?ref_=sr_t_396,1997,1h 48m,R,6.4,4.2K
397. A Merry War,https://www.imdb.com/title/tt0119453/?ref_=sr_t_397,1997,1h 41m,PG-13,6.3,1.6K
398. The House,https://www.imdb.com/title/tt0118823/?ref_=sr_t_398,1997,2h,,7.0,651
399. The Crazy Stranger,https://www.imdb.com/title/tt0122082/?ref_=sr_t_399,1997,1h 42m,Unrated,7.6,8.5K
400. Kiss of Death,https://www.imdb.com/title/tt0403203/?ref_=sr_t_400,1997,1h 30m,,4.4,133
401. Svensson Svensson - Filmen,https://www.imdb.com/title/tt0120253/?ref_=sr_t_401,1997,1h 21m,,5.4,1.6K
402. Strays,https://www.imdb.com/title/tt0149171/?ref_=sr_t_402,1997,1h 45m,R,5.5,1.8K
403. Für immer und immer,https://www.imdb.com/title/tt0116383/?ref_=sr_t_403,1997,1h 28m,,6.1,57
404. Kiss & Tell,https://www.imdb.com/title/tt0123983/?ref_=sr_t_404,1997,1h 36m,R,4.3,291
405. Men Seeking Women,https://www.imdb.com/title/tt0219919/?ref_=sr_t_405,1997,1h 32m,Not Rated,3.9,810
406. Lilla Jönssonligan på styva linan,https://www.imdb.com/title/tt0119539/?ref_=sr_t_406,1997,1h 44m,,4.4,1.3K
407. Heaven's Burning,https://www.imdb.com/title/tt0119272/?ref_=sr_t_407,1997,1h 39m,R,5.7,2.3K
408. Broadway Brawler,https://www.imdb.com/title/tt25306508/?ref_=sr_t_408,1997,,,3.6,29
409. Highball,https://www.imdb.com/title/tt0119291/?ref_=sr_t_409,1997,1h 50m,R,5.6,974
410. Little Bird,https://www.imdb.com/title/tt0130174/?ref_=sr_t_410,1997,1h 40m,,6.5,351
411. Floating,https://www.imdb.com/title/tt0139216/?ref_=sr_t_411,1997,1h 30m,Not Rated,6.4,783
"412. Love, Math and Sex",https://www.imdb.com/title/tt0115797/?ref_=sr_t_412,1997,1h 40m,,6.0,290
413. The Truce,https://www.imdb.com/title/tt0117959/?ref_=sr_t_413,1997,2h 5m,R,6.5,1.9K
414. Glam,https://www.imdb.com/title/tt0119203/?ref_=sr_t_414,1997,1h 32m,NC-17,2.8,2.5K
415. Border,https://www.imdb.com/title/tt0118751/?ref_=sr_t_415,1997,2h 56m,Not Rated,7.9,18K
416. Naisenkaari,https://www.imdb.com/title/tt0119754/?ref_=sr_t_416,1997,52m,,6.7,95
417. Minsaara Kanavu,https://www.imdb.com/title/tt0274789/?ref_=sr_t_417,1997,2h 33m,Not Rated,6.7,1.4K
418. Bikini Summer III: South Beach Heat,https://www.imdb.com/title/tt0118720/?ref_=sr_t_418,1997,1h 27m,R,2.9,301
419. Pickpocket,https://www.imdb.com/title/tt0144020/?ref_=sr_t_419,1997,1h 50m,Unrated,7.4,3.5K
420. Kiler,https://www.imdb.com/title/tt0127626/?ref_=sr_t_420,1997,1h 44m,,7.5,8.2K
421. Sexual Roulette,https://www.imdb.com/title/tt0124116/?ref_=sr_t_421,1997,1h 27m,R,4.1,337
422. Illicit Dreams 2,https://www.imdb.com/title/tt0116611/?ref_=sr_t_422,1997,1h 25m,R,3.7,344
423. Redline,https://www.imdb.com/title/tt0124349/?ref_=sr_t_423,1997,1h 37m,R,4.7,1.5K
424. The Woodlanders,https://www.imdb.com/title/tt0120532/?ref_=sr_t_424,1997,1h 38m,PG,6.2,758
425. Galaxy Girls,https://www.imdb.com/title/tt0112318/?ref_=sr_t_425,1997,1h 25m,R,5.4,110
426. Pardes,https://www.imdb.com/title/tt0119861/?ref_=sr_t_426,1997,3h 11m,Not Rated,6.9,16K
427. Mr. & Mrs. Khiladi,https://www.imdb.com/title/tt0162480/?ref_=sr_t_427,1997,2h 13m,Not Rated,6.3,6.8K
428. They Call Me Joy,https://www.imdb.com/title/tt0124780/?ref_=sr_t_428,1997,1h 45m,,6.6,222
429. Stag,https://www.imdb.com/title/tt0120192/?ref_=sr_t_429,1997,1h 31m,R,5.6,1.1K
430. Strategic Command,https://www.imdb.com/title/tt0120224/?ref_=sr_t_430,1997,1h 30m,R,4.2,972
431. Raja Ki Ayegi Baraat,https://www.imdb.com/title/tt0269758/?ref_=sr_t_431,1997,2h 38m,Not Rated,3.7,616
432. The Voyeur,https://www.imdb.com/title/tt0114877/?ref_=sr_t_432,1997,1h 30m,R,6.7,74
433. Inferno,https://www.imdb.com/title/tt0119367/?ref_=sr_t_433,1997,1h 27m,R,4.1,667
434. Blackrock,https://www.imdb.com/title/tt0118735/?ref_=sr_t_434,1997,1h 43m,,6.0,1.2K
435. Daud: Fun on the Run,https://www.imdb.com/title/tt0118931/?ref_=sr_t_435,1997,3h,Not Rated,5.9,1.2K
436. The Wax Mask,https://www.imdb.com/title/tt0119588/?ref_=sr_t_436,1997,1h 38m,Unrated,5.8,2.6K
437. Some Birds Can't Fly,https://www.imdb.com/title/tt0133162/?ref_=sr_t_437,1997,1h 30m,,8.0,1.1K
438. Judwaa,https://www.imdb.com/title/tt0119428/?ref_=sr_t_438,1997,2h 18m,,6.2,7.2K
439. The Wiggles Movie,https://www.imdb.com/title/tt0128842/?ref_=sr_t_439,1997,1h 23m,G,6.3,554
440. Confessions of a Lap Dancer,https://www.imdb.com/title/tt0129839/?ref_=sr_t_440,1997,1h 36m,R,4.7,236
441. No Budget Story,https://www.imdb.com/title/tt0190583/?ref_=sr_t_441,1997,1h 27m,,6.7,654
442. Adam & Eva,https://www.imdb.com/title/tt0118554/?ref_=sr_t_442,1997,1h 40m,,6.1,3.4K
443. Rainy Dog,https://www.imdb.com/title/tt0142316/?ref_=sr_t_443,1997,1h 35m,Not Rated,7.0,3K
444. Bleeders,https://www.imdb.com/title/tt0119279/?ref_=sr_t_444,1997,1h 29m,R,4.3,3.1K
445. Suryavamsam,https://www.imdb.com/title/tt6551244/?ref_=sr_t_445,1997,2h 36m,,7.8,550
446. Dogtown,https://www.imdb.com/title/tt0119001/?ref_=sr_t_446,1997,1h 39m,Not Rated,5.6,495
447. On Guard,https://www.imdb.com/title/tt0118756/?ref_=sr_t_447,1997,2h 8m,TV-14,6.9,3.9K
448. Bakit kailangan ng ibon ang pakpak,https://www.imdb.com/title/tt0386309/?ref_=sr_t_448,1997,1h 27m,,9.3,9
449. Airbag,https://www.imdb.com/title/tt0115487/?ref_=sr_t_449,1997,2h 4m,,6.7,5.2K
450. Bloodmoon,https://www.imdb.com/title/tt0118745/?ref_=sr_t_450,1997,1h 42m,R,5.8,966
451. Cupid,https://www.imdb.com/title/tt0118908/?ref_=sr_t_451,1997,1h 35m,R,4.1,434
452. Doraemon: Nobita and the Spiral City,https://www.imdb.com/title/tt1147510/?ref_=sr_t_452,1997,1h 39m,,6.6,353
453. Topless Women Talk About Their Lives,https://www.imdb.com/title/tt0120354/?ref_=sr_t_453,1997,1h 27m,,6.7,402
454. The Small Town,https://www.imdb.com/title/tt0143334/?ref_=sr_t_454,1997,1h 25m,,7.0,6.8K
455. Flushed,https://www.imdb.com/title/tt0205940/?ref_=sr_t_455,1997,,,4.8,164
456. Green Fish,https://www.imdb.com/title/tt0126838/?ref_=sr_t_456,1997,1h 51m,,7.0,2.3K
457. The Gambler,https://www.imdb.com/title/tt0129111/?ref_=sr_t_457,1997,1h 37m,R,6.3,449
458. The Informant,https://www.imdb.com/title/tt0119368/?ref_=sr_t_458,1997,1h 45m,R,6.3,691
459. Young and Dangerous 1997,https://www.imdb.com/title/tt0128907/?ref_=sr_t_459,1997,1h 46m,,6.4,976
460. Lotrando a Zubejda,https://www.imdb.com/title/tt0119568/?ref_=sr_t_460,1997,1h 46m,,7.2,587
461. Macon County Jail,https://www.imdb.com/title/tt0118904/?ref_=sr_t_461,1997,1h 32m,R,4.4,309
462. Once Upon a Time in China and America,https://www.imdb.com/title/tt0120530/?ref_=sr_t_462,1997,1h 42m,Not Rated,6.3,4.4K
463. Vice Girls,https://www.imdb.com/title/tt0118076/?ref_=sr_t_463,1997,1h 23m,R,3.7,324
464. Ziddi,https://www.imdb.com/title/tt0120551/?ref_=sr_t_464,1997,2h 50m,Not Rated,5.9,1.9K
465. The Peacekeeper,https://www.imdb.com/title/tt0119872/?ref_=sr_t_465,1997,1h 38m,R,5.0,3K
466. Fruit Is Swelling,https://www.imdb.com/title/tt0167945/?ref_=sr_t_466,1997,1h 30m,,5.7,326
467. Below Utopia,https://www.imdb.com/title/tt0118696/?ref_=sr_t_467,1997,1h 28m,R,4.9,1.3K
468. The Price of Kissing,https://www.imdb.com/title/tt0119941/?ref_=sr_t_468,1997,1h 33m,PG-13,4.5,292
469. Nerukku Ner,https://www.imdb.com/title/tt0417011/?ref_=sr_t_469,1997,2h 58m,Not Rated,7.5,2.6K
470. Allyson Is Watching,https://www.imdb.com/title/tt0118594/?ref_=sr_t_470,1997,1h 30m,R,4.8,388
471. Tender Flesh,https://www.imdb.com/title/tt0157102/?ref_=sr_t_471,1997,1h 33m,Unrated,3.8,575
472. Suzaku,https://www.imdb.com/title/tt0119687/?ref_=sr_t_472,1997,1h 35m,,7.4,1.5K
473. Wounded,https://www.imdb.com/title/tt0120534/?ref_=sr_t_473,1997,1h 36m,R,5.5,768
474. Night Vision,https://www.imdb.com/title/tt0117177/?ref_=sr_t_474,1997,1h 37m,R,4.1,636
475. Question of Luck,https://www.imdb.com/title/tt0212075/?ref_=sr_t_475,1997,1h 32m,Not Rated,6.1,349
476. UFOs: 50 Years of Denial?,https://www.imdb.com/title/tt2229150/?ref_=sr_t_476,1997,48m,Not Rated,7.0,70
477. Bandyta,https://www.imdb.com/title/tt0129774/?ref_=sr_t_477,1997,1h 42m,,6.4,1.1K
478. Deadly Instincts,https://www.imdb.com/title/tt0162211/?ref_=sr_t_478,1997,1h 30m,R,3.2,1.4K
479. Dancehall Queen,https://www.imdb.com/title/tt0127497/?ref_=sr_t_479,1997,1h 38m,Not Rated,6.7,654
480. The Nurse,https://www.imdb.com/title/tt0117217/?ref_=sr_t_480,1997,1h 34m,R,4.7,705
481. Double Tap,https://www.imdb.com/title/tt0119012/?ref_=sr_t_481,1997,1h 31m,R,5.1,721
482. Pervirella,https://www.imdb.com/title/tt0130184/?ref_=sr_t_482,1997,1h 32m,Not Rated,4.2,298
483. The Shooter,https://www.imdb.com/title/tt0120121/?ref_=sr_t_483,1997,1h 31m,R,5.1,778
484. The Perfect Circle,https://www.imdb.com/title/tt0117555/?ref_=sr_t_484,1997,1h 50m,,8.1,2.5K
485. Lost Paradise,https://www.imdb.com/title/tt0120120/?ref_=sr_t_485,1997,1h 59m,,6.6,796
486. Top of the World,https://www.imdb.com/title/tt0120353/?ref_=sr_t_486,1997,1h 39m,R,4.6,985
487. Best Men,https://www.imdb.com/title/tt0118702/?ref_=sr_t_487,1997,1h 30m,R,5.5,3.1K
488. American Perfekt,https://www.imdb.com/title/tt0118603/?ref_=sr_t_488,1997,1h 40m,R,5.9,1.6K
489. First Encounter,https://www.imdb.com/title/tt0228303/?ref_=sr_t_489,1997,1h 31m,,3.4,63
490. Loha,https://www.imdb.com/title/tt0440590/?ref_=sr_t_490,1997,2h 40m,Not Rated,5.2,624
491. Aaram Thamburan,https://www.imdb.com/title/tt0355169/?ref_=sr_t_491,1997,2h 43m,,8.1,3.8K
492. James Dean: Race with Destiny,https://www.imdb.com/title/tt0126973/?ref_=sr_t_492,1997,1h 34m,PG-13,4.6,381
493. Blast,https://www.imdb.com/title/tt0115701/?ref_=sr_t_493,1997,1h 45m,R,4.3,1.8K
494. Once More,https://www.imdb.com/title/tt0364571/?ref_=sr_t_494,1997,2h 40m,Not Rated,6.8,1.5K
495. The Rage,https://www.imdb.com/title/tt0117433/?ref_=sr_t_495,1997,1h 33m,R,4.6,741
496. The Westing Game,https://www.imdb.com/title/tt0120495/?ref_=sr_t_496,1997,1h 35m,PG,5.3,603
497. Divine Lovers,https://www.imdb.com/title/tt0301203/?ref_=sr_t_497,1997,1h 17m,,4.2,125
498. The Chambermaid on the Titanic,https://www.imdb.com/title/tt0129923/?ref_=sr_t_498,1997,1h 41m,,6.6,1.5K
499. Hitler,https://www.imdb.com/title/tt0245944/?ref_=sr_t_499,1997,2h 32m,,6.4,405
500. Bájecná léta pod psa,https://www.imdb.com/title/tt0118675/?ref_=sr_t_500,1997,1h 49m,Not Rated,7.1,761
