Title,Movie Link,Year,Duration,MPA,Rating,Votes
1. Swiss Family Robinson,https://www.imdb.com/title/tt0054357/?ref_=sr_t_1,1960,2h 6m,Approved,7.1,19K
2. Psycho,https://www.imdb.com/title/tt0054215/?ref_=sr_t_2,1960,1h 49m,R,8.5,741K
3. The Apartment,https://www.imdb.com/title/tt0053604/?ref_=sr_t_3,1960,2h 5m,Approved,8.3,204K
4. Spartacus,https://www.imdb.com/title/tt0054331/?ref_=sr_t_4,1960,3h 17m,PG-13,7.9,146K
5. Breathless,https://www.imdb.com/title/tt0053472/?ref_=sr_t_5,1960,1h 30m,Not Rated,7.7,90K
6. Mughal-E-Azam,https://www.imdb.com/title/tt0054098/?ref_=sr_t_6,1960,3h 17m,Not Rated,8.1,9.1K
7. The Big Risk,https://www.imdb.com/title/tt0052698/?ref_=sr_t_7,1960,1h 43m,Not Rated,7.5,4.6K
8. Eyes Without a Face,https://www.imdb.com/title/tt0053459/?ref_=sr_t_8,1960,1h 30m,Approved,7.6,37K
9. The Bad Sleep Well,https://www.imdb.com/title/tt0054460/?ref_=sr_t_9,1960,2h 31m,Not Rated,8.0,15K
10. Peeping Tom,https://www.imdb.com/title/tt0054167/?ref_=sr_t_10,1960,1h 41m,Not Rated,7.6,41K
11. The Hole,https://www.imdb.com/title/tt0054407/?ref_=sr_t_11,1960,2h 11m,Not Rated,8.5,21K
12. The Passionate Thief,https://www.imdb.com/title/tt0054242/?ref_=sr_t_12,1960,1h 46m,,7.3,958
13. Shoot the Piano Player,https://www.imdb.com/title/tt0054389/?ref_=sr_t_13,1960,1h 32m,Not Rated,7.4,21K
14. The Pusher,https://www.imdb.com/title/tt0054219/?ref_=sr_t_14,1960,1h 21m,Not Rated,6.2,168
15. The Magnificent Seven,https://www.imdb.com/title/tt0054047/?ref_=sr_t_15,1960,2h 8m,Approved,7.7,105K
16. La Dolce Vita,https://www.imdb.com/title/tt0053779/?ref_=sr_t_16,1960,2h 54m,Not Rated,8.0,81K
17. The Time Machine,https://www.imdb.com/title/tt0054387/?ref_=sr_t_17,1960,1h 43m,G,7.5,46K
18. Ocean's Eleven,https://www.imdb.com/title/tt0054135/?ref_=sr_t_18,1960,2h 7m,Approved,6.5,26K
19. Purple Noon,https://www.imdb.com/title/tt0054189/?ref_=sr_t_19,1960,1h 58m,PG-13,7.7,22K
20. Exodus,https://www.imdb.com/title/tt0053804/?ref_=sr_t_20,1960,3h 28m,Approved,6.7,12K
21. Rocco and His Brothers,https://www.imdb.com/title/tt0054248/?ref_=sr_t_21,1960,2h 59m,Not Rated,8.2,23K
22. Pollyanna,https://www.imdb.com/title/tt0054195/?ref_=sr_t_22,1960,2h 14m,G,7.4,12K
23. The Alamo,https://www.imdb.com/title/tt0053580/?ref_=sr_t_23,1960,2h 42m,Approved,6.8,18K
24. L'Avventura,https://www.imdb.com/title/tt0053619/?ref_=sr_t_24,1960,2h 24m,Not Rated,7.7,34K
25. Black Sunday,https://www.imdb.com/title/tt0054067/?ref_=sr_t_25,1960,1h 27m,Approved,7.1,19K
26. The Little Shop of Horrors,https://www.imdb.com/title/tt0054033/?ref_=sr_t_26,1960,1h 13m,Not Rated,6.2,20K
27. Dinosaurus!,https://www.imdb.com/title/tt0053768/?ref_=sr_t_27,1960,1h 23m,Approved,4.9,1.9K
28. The Virgin Spring,https://www.imdb.com/title/tt0053976/?ref_=sr_t_28,1960,1h 29m,Not Rated,8.0,32K
29. Inherit the Wind,https://www.imdb.com/title/tt0053946/?ref_=sr_t_29,1960,2h 8m,Approved,8.1,34K
30. The Unforgiven,https://www.imdb.com/title/tt0054428/?ref_=sr_t_30,1960,2h 5m,Approved,6.6,10K
31. The Gallant Hours,https://www.imdb.com/title/tt0053849/?ref_=sr_t_31,1960,1h 55m,Approved,7.1,2K
32. Village of the Damned,https://www.imdb.com/title/tt0054443/?ref_=sr_t_32,1960,1h 17m,Approved,7.3,20K
33. Two Women,https://www.imdb.com/title/tt0054749/?ref_=sr_t_33,1960,1h 41m,Not Rated,7.7,13K
34. The Fugitive Kind,https://www.imdb.com/title/tt0052832/?ref_=sr_t_34,1960,1h 59m,Approved,7.1,7.4K
35. The Vampire and the Ballerina,https://www.imdb.com/title/tt0052555/?ref_=sr_t_35,1960,1h 25m,Not Rated,5.6,682
36. Elmer Gantry,https://www.imdb.com/title/tt0053793/?ref_=sr_t_36,1960,2h 26m,Approved,7.7,13K
37. BUtterfield 8,https://www.imdb.com/title/tt0053622/?ref_=sr_t_37,1960,1h 49m,Not Rated,6.3,7.6K
38. 13 Ghosts,https://www.imdb.com/title/tt0053559/?ref_=sr_t_38,1960,1h 25m,Approved,6.0,7.7K
39. The Brides of Dracula,https://www.imdb.com/title/tt0053677/?ref_=sr_t_39,1960,1h 25m,Approved,6.6,9.3K
40. Tall Story,https://www.imdb.com/title/tt0054367/?ref_=sr_t_40,1960,1h 31m,Approved,5.9,1.3K
41. Sink the Bismarck!,https://www.imdb.com/title/tt0054310/?ref_=sr_t_41,1960,1h 37m,Approved,7.2,8.6K
42. Where the Boys Are,https://www.imdb.com/title/tt0054469/?ref_=sr_t_42,1960,1h 39m,Approved,6.7,3.2K
43. The Story of Ruth,https://www.imdb.com/title/tt0054343/?ref_=sr_t_43,1960,2h 12m,Approved,6.7,1.5K
44. Playgirl After Dark,https://www.imdb.com/title/tt0053365/?ref_=sr_t_44,1960,1h 30m,,5.8,458
45. Cimarron,https://www.imdb.com/title/tt0053715/?ref_=sr_t_45,1960,2h 27m,Approved,6.4,3.5K
46. Pepe,https://www.imdb.com/title/tt0054172/?ref_=sr_t_46,1960,3h,Unrated,5.4,1.2K
47. Midnight Lace,https://www.imdb.com/title/tt0054084/?ref_=sr_t_47,1960,1h 43m,Approved,6.7,6.2K
48. Hideout in the Sun,https://www.imdb.com/title/tt0053908/?ref_=sr_t_48,1960,1h 10m,TV-MA,4.5,465
49. Let's Make Love,https://www.imdb.com/title/tt0054022/?ref_=sr_t_49,1960,1h 59m,Approved,6.4,8.2K
50. North to Alaska,https://www.imdb.com/title/tt0054127/?ref_=sr_t_50,1960,2h 2m,Approved,6.9,8.7K
51. House of Usher,https://www.imdb.com/title/tt0053925/?ref_=sr_t_51,1960,1h 19m,Approved,6.9,16K
52. Please Don't Eat the Daisies,https://www.imdb.com/title/tt0054188/?ref_=sr_t_52,1960,1h 52m,Approved,6.4,5.1K
53. The Truth,https://www.imdb.com/title/tt0054452/?ref_=sr_t_53,1960,2h 7m,Not Rated,7.6,4.8K
54. Sergeant Rutledge,https://www.imdb.com/title/tt0054292/?ref_=sr_t_54,1960,1h 51m,Approved,7.4,5.6K
55. Horrors of Spider Island,https://www.imdb.com/title/tt0054333/?ref_=sr_t_55,1960,1h 17m,Unrated,2.7,4.3K
56. The Lost World,https://www.imdb.com/title/tt0054038/?ref_=sr_t_56,1960,1h 37m,Approved,5.5,4.6K
57. The Housemaid,https://www.imdb.com/title/tt0150980/?ref_=sr_t_57,1960,1h 49m,Not Rated,7.2,6.1K
58. Let No Man Write My Epitaph,https://www.imdb.com/title/tt0054021/?ref_=sr_t_58,1960,1h 45m,Approved,7.0,659
59. G.I. Blues,https://www.imdb.com/title/tt0053848/?ref_=sr_t_59,1960,1h 44m,PG,6.2,4.6K
60. The City of the Dead,https://www.imdb.com/title/tt0053719/?ref_=sr_t_60,1960,1h 16m,PG-13,6.7,8.9K
61. The Concrete Jungle,https://www.imdb.com/title/tt0053740/?ref_=sr_t_61,1960,1h 26m,TV-14,6.8,1.8K
62. Saturday Night and Sunday Morning,https://www.imdb.com/title/tt0054269/?ref_=sr_t_62,1960,1h 29m,Approved,7.5,9.5K
63. Flaming Star,https://www.imdb.com/title/tt0053825/?ref_=sr_t_63,1960,1h 41m,Approved,6.5,4.2K
64. School for Scoundrels,https://www.imdb.com/title/tt0054279/?ref_=sr_t_64,1960,1h 34m,Approved,7.3,4K
65. Macario,https://www.imdb.com/title/tt0054042/?ref_=sr_t_65,1960,1h 31m,,8.3,4.6K
66. The Red Circle,https://www.imdb.com/title/tt0053228/?ref_=sr_t_66,1960,1h 32m,,6.2,746
67. The Millionairess,https://www.imdb.com/title/tt0054086/?ref_=sr_t_67,1960,1h 30m,Approved,5.4,2.1K
68. Tunes of Glory,https://www.imdb.com/title/tt0054412/?ref_=sr_t_68,1960,1h 46m,Not Rated,7.5,4.8K
69. The Entertainer,https://www.imdb.com/title/tt0053796/?ref_=sr_t_69,1960,1h 36m,Not Rated,7.1,3.9K
70. The Wackiest Ship in the Army,https://www.imdb.com/title/tt0054453/?ref_=sr_t_70,1960,1h 39m,Approved,6.3,2.6K
71. The Naked Island,https://www.imdb.com/title/tt0056049/?ref_=sr_t_71,1960,1h 36m,Not Rated,8.0,6.4K
72. Bells Are Ringing,https://www.imdb.com/title/tt0053645/?ref_=sr_t_72,1960,2h 6m,Approved,6.9,3.9K
73. All the Fine Young Cannibals,https://www.imdb.com/title/tt0053582/?ref_=sr_t_73,1960,1h 52m,,6.0,913
74. The Sundowners,https://www.imdb.com/title/tt0054353/?ref_=sr_t_74,1960,2h 13m,Approved,7.1,5K
75. Beyond the Time Barrier,https://www.imdb.com/title/tt0053651/?ref_=sr_t_75,1960,1h 14m,Not Rated,5.3,2.1K
76. Wild for Kicks,https://www.imdb.com/title/tt0055779/?ref_=sr_t_76,1960,1h 23m,Not Rated,6.0,1.3K
77. First Spaceship on Venus,https://www.imdb.com/title/tt0053250/?ref_=sr_t_77,1960,1h 19m,Unrated,4.6,3.3K
78. Tormented,https://www.imdb.com/title/tt0054393/?ref_=sr_t_78,1960,1h 15m,Approved,4.8,3.1K
79. The League of Gentlemen,https://www.imdb.com/title/tt0052997/?ref_=sr_t_79,1960,1h 56m,Unrated,7.2,5.5K
80. Sex Kittens Go to College,https://www.imdb.com/title/tt0054298/?ref_=sr_t_80,1960,1h 34m,Approved,3.8,670
81. Song Without End,https://www.imdb.com/title/tt0054324/?ref_=sr_t_81,1960,2h 21m,Not Rated,6.1,987
82. The Grass Is Greener,https://www.imdb.com/title/tt0053877/?ref_=sr_t_82,1960,1h 44m,Approved,6.5,6K
83. The World of Suzie Wong,https://www.imdb.com/title/tt0054483/?ref_=sr_t_83,1960,2h 6m,Approved,6.9,2.8K
84. Studs Lonigan,https://www.imdb.com/title/tt0054348/?ref_=sr_t_84,1960,1h 35m,,5.0,388
85. It Started in Naples,https://www.imdb.com/title/tt0053957/?ref_=sr_t_85,1960,1h 40m,Approved,6.3,3.3K
86. Never Take Candy from A Stranger,https://www.imdb.com/title/tt0054116/?ref_=sr_t_86,1960,1h 21m,Approved,7.4,2.1K
87. Comanche Station,https://www.imdb.com/title/tt0053729/?ref_=sr_t_87,1960,1h 13m,Approved,7.0,4.6K
88. The Two Faces of Dr. Jekyll,https://www.imdb.com/title/tt0054416/?ref_=sr_t_88,1960,1h 28m,Approved,6.3,3.5K
89. The Last Pedestrian,https://www.imdb.com/title/tt0054024/?ref_=sr_t_89,1960,1h 27m,,5.9,395
"90. The 1,000 Eyes of Dr. Mabuse",https://www.imdb.com/title/tt0054371/?ref_=sr_t_90,1960,1h 43m,,6.9,4K
91. Cinderfella,https://www.imdb.com/title/tt0053716/?ref_=sr_t_91,1960,1h 31m,Not Rated,5.9,3.9K
92. The Last Voyage,https://www.imdb.com/title/tt0054016/?ref_=sr_t_92,1960,1h 31m,Approved,6.7,2.6K
93. Wild River,https://www.imdb.com/title/tt0054476/?ref_=sr_t_93,1960,1h 50m,Approved,7.5,6.4K
94. High Time,https://www.imdb.com/title/tt0053912/?ref_=sr_t_94,1960,1h 43m,Approved,6.0,807
95. Circus of Horrors,https://www.imdb.com/title/tt0053717/?ref_=sr_t_95,1960,1h 28m,Approved,6.0,2.5K
96. Home from the Hill,https://www.imdb.com/title/tt0053917/?ref_=sr_t_96,1960,2h 30m,Approved,7.4,4K
97. Never on Sunday,https://www.imdb.com/title/tt0054198/?ref_=sr_t_97,1960,1h 37m,Not Rated,7.3,6.3K
98. Who Was That Lady?,https://www.imdb.com/title/tt0054473/?ref_=sr_t_98,1960,1h 55m,Approved,6.5,1.8K
99. Four Fast Guns,https://www.imdb.com/title/tt0052819/?ref_=sr_t_99,1960,1h 12m,Approved,6.1,279
100. The Leech Woman,https://www.imdb.com/title/tt0054020/?ref_=sr_t_100,1960,1h 17m,Approved,4.8,2.3K
101. Mill of the Stone Women,https://www.imdb.com/title/tt0054099/?ref_=sr_t_101,1960,1h 36m,Approved,6.5,2.2K
102. From the Terrace,https://www.imdb.com/title/tt0053841/?ref_=sr_t_102,1960,2h 29m,Approved,6.7,3.3K
103. The Bellboy,https://www.imdb.com/title/tt0053644/?ref_=sr_t_103,1960,1h 12m,Approved,6.5,4.9K
104. Strangers When We Meet,https://www.imdb.com/title/tt0054345/?ref_=sr_t_104,1960,1h 57m,Approved,7.1,2.8K
105. The 3 Worlds of Gulliver,https://www.imdb.com/title/tt0053882/?ref_=sr_t_105,1960,1h 39m,Approved,6.4,3.2K
106. Thunder in Carolina,https://www.imdb.com/title/tt0054385/?ref_=sr_t_106,1960,1h 32m,Not Rated,4.6,456
107. The Trials of Oscar Wilde,https://www.imdb.com/title/tt0054403/?ref_=sr_t_107,1960,2h 3m,PG,7.1,1.2K
108. The Adventures of Huckleberry Finn,https://www.imdb.com/title/tt0053571/?ref_=sr_t_108,1960,1h 47m,Approved,6.2,1.6K
109. Private Property,https://www.imdb.com/title/tt0054209/?ref_=sr_t_109,1960,1h 19m,Not Rated,6.7,1.3K
110. Toby Tyler or Ten Weeks with a Circus,https://www.imdb.com/title/tt0054390/?ref_=sr_t_110,1960,1h 36m,G,6.9,1.1K
111. Zazie in the Metro,https://www.imdb.com/title/tt0054494/?ref_=sr_t_111,1960,1h 33m,Not Rated,6.9,7K
112. Blood and Roses,https://www.imdb.com/title/tt0053802/?ref_=sr_t_112,1960,1h 14m,Not Rated,6.5,1.5K
113. When a Woman Ascends the Stairs,https://www.imdb.com/title/tt0054144/?ref_=sr_t_113,1960,1h 51m,Not Rated,8.0,5K
114. Kapo,https://www.imdb.com/title/tt0052961/?ref_=sr_t_114,1960,1h 56m,,7.6,2.7K
115. The Goddess,https://www.imdb.com/title/tt0053765/?ref_=sr_t_115,1960,1h 33m,Not Rated,7.7,2.9K
116. The White Horse Inn,https://www.imdb.com/title/tt0053941/?ref_=sr_t_116,1960,1h 43m,,6.0,497
117. Kidnapped,https://www.imdb.com/title/tt0053994/?ref_=sr_t_117,1960,1h 37m,PG,6.6,1.7K
"118. Murder, Inc.",https://www.imdb.com/title/tt0054102/?ref_=sr_t_118,1960,1h 43m,Approved,6.6,1.7K
119. The Flesh and the Fiends,https://www.imdb.com/title/tt0052811/?ref_=sr_t_119,1960,1h 34m,,6.9,2.5K
120. Cruel Story of Youth,https://www.imdb.com/title/tt0054286/?ref_=sr_t_120,1960,1h 36m,Not Rated,6.9,2.6K
121. Carry on Constable,https://www.imdb.com/title/tt0053699/?ref_=sr_t_121,1960,1h 26m,,6.2,2.9K
122. The Devil's Eye,https://www.imdb.com/title/tt0053772/?ref_=sr_t_122,1960,1h 27m,Not Rated,7.1,4.7K
123. Late Autumn,https://www.imdb.com/title/tt0053579/?ref_=sr_t_123,1960,2h 8m,Not Rated,7.9,6.3K
124. Sons and Lovers,https://www.imdb.com/title/tt0054326/?ref_=sr_t_124,1960,1h 43m,Approved,7.1,1.8K
125. I Passed for White,https://www.imdb.com/title/tt0053933/?ref_=sr_t_125,1960,1h 33m,Approved,6.2,348
126. The Fiend of Dope Island,https://www.imdb.com/title/tt0194879/?ref_=sr_t_126,1960,1h 16m,Not Rated,4.7,132
127. The Great Impostor,https://www.imdb.com/title/tt0053879/?ref_=sr_t_127,1960,1h 53m,Approved,6.9,1.7K
128. 12 to the Moon,https://www.imdb.com/title/tt0054415/?ref_=sr_t_128,1960,1h 14m,,3.3,1.5K
129. David and Goliath,https://www.imdb.com/title/tt0054788/?ref_=sr_t_129,1960,1h 35m,Approved,4.7,878
130. The House in Marsh Road,https://www.imdb.com/title/tt0053952/?ref_=sr_t_130,1960,1h 10m,,6.0,670
131. Devil's Partner,https://www.imdb.com/title/tt0051536/?ref_=sr_t_131,1960,1h 14m,Not Rated,5.2,615
132. The Rat Race,https://www.imdb.com/title/tt0054230/?ref_=sr_t_132,1960,1h 45m,Not Rated,6.6,1.5K
133. The Sinners of Hell,https://www.imdb.com/title/tt0154683/?ref_=sr_t_133,1960,1h 41m,Not Rated,6.8,4.7K
134. The Private Lives of Adam and Eve,https://www.imdb.com/title/tt0055328/?ref_=sr_t_134,1960,1h 26m,Approved,4.4,192
135. Esther and the King,https://www.imdb.com/title/tt0053800/?ref_=sr_t_135,1960,1h 49m,Approved,5.5,964
136. Last Woman on Earth,https://www.imdb.com/title/tt0054017/?ref_=sr_t_136,1960,1h 11m,Not Rated,4.7,2.2K
137. Hell to Eternity,https://www.imdb.com/title/tt0053901/?ref_=sr_t_137,1960,2h 11m,Approved,6.9,1.7K
138. Letter Never Sent,https://www.imdb.com/title/tt0053106/?ref_=sr_t_138,1960,1h 36m,Not Rated,7.8,4.4K
139. Belye nochi,https://www.imdb.com/title/tt0142113/?ref_=sr_t_139,1960,1h 35m,,6.7,143
140. Two Way Stretch,https://www.imdb.com/title/tt0054417/?ref_=sr_t_140,1960,1h 18m,TV-PG,6.8,2.8K
"141. The Minotaur, the Wild Beast of Crete",https://www.imdb.com/title/tt0055518/?ref_=sr_t_141,1960,1h 45m,Not Rated,4.9,410
142. Heller in Pink Tights,https://www.imdb.com/title/tt0053902/?ref_=sr_t_142,1960,1h 40m,Approved,5.9,1.6K
143. Barsaat Ki Raat,https://www.imdb.com/title/tt0053637/?ref_=sr_t_143,1960,2h 22m,,6.8,156
144. Sweet Deceptions,https://www.imdb.com/title/tt0053780/?ref_=sr_t_144,1960,1h 31m,,6.8,459
145. The Sinister Urge,https://www.imdb.com/title/tt0055452/?ref_=sr_t_145,1960,1h 11m,Not Rated,2.6,1.7K
146. The Facts of Life,https://www.imdb.com/title/tt0053810/?ref_=sr_t_146,1960,1h 43m,Approved,6.3,1.8K
147. The Cloud-Capped Star,https://www.imdb.com/title/tt0054073/?ref_=sr_t_147,1960,2h 6m,Not Rated,7.8,3.4K
148. Bell' Antonio,https://www.imdb.com/title/tt0053643/?ref_=sr_t_148,1960,1h 45m,Not Rated,7.3,2K
149. The Battle of Austerlitz,https://www.imdb.com/title/tt0053638/?ref_=sr_t_149,1960,2h 2m,,6.2,1K
150. Can-Can,https://www.imdb.com/title/tt0053690/?ref_=sr_t_150,1960,2h 11m,Approved,6.3,2.6K
151. The Good Soldier Schweik,https://www.imdb.com/title/tt0053674/?ref_=sr_t_151,1960,1h 38m,,6.8,677
152. The Young One,https://www.imdb.com/title/tt0053967/?ref_=sr_t_152,1960,1h 36m,,7.4,3.1K
153. Chaudhvin Ka Chand,https://www.imdb.com/title/tt0053706/?ref_=sr_t_153,1960,2h 49m,Not Rated,6.9,613
154. The Angry Silence,https://www.imdb.com/title/tt0053602/?ref_=sr_t_154,1960,1h 35m,TV-14,7.2,1.7K
155. A Breath of Scandal,https://www.imdb.com/title/tt0053675/?ref_=sr_t_155,1960,1h 37m,Not Rated,5.5,977
156. There Was a Crooked Man,https://www.imdb.com/title/tt0054379/?ref_=sr_t_156,1960,1h 47m,,6.6,344
157. The Nudist Story,https://www.imdb.com/title/tt0055993/?ref_=sr_t_157,1960,1h 30m,,5.4,231
158. The Warrior Empress,https://www.imdb.com/title/tt0054263/?ref_=sr_t_158,1960,1h 29m,Approved,4.9,153
159. Cash McCall,https://www.imdb.com/title/tt0052680/?ref_=sr_t_159,1960,1h 42m,Approved,6.3,1.7K
160. The Day They Robbed the Bank of England,https://www.imdb.com/title/tt0053752/?ref_=sr_t_160,1960,1h 25m,Approved,6.6,985
161. Testament of Orpheus,https://www.imdb.com/title/tt0054377/?ref_=sr_t_161,1960,1h 19m,Not Rated,7.2,3.9K
162. Visit to a Small Planet,https://www.imdb.com/title/tt0054446/?ref_=sr_t_162,1960,1h 25m,Not Rated,5.9,1.5K
163. The Amazing Transparent Man,https://www.imdb.com/title/tt0053593/?ref_=sr_t_163,1960,58m,Approved,4.2,2.8K
164. Holiday in Spain,https://www.imdb.com/title/tt0054271/?ref_=sr_t_164,1960,2h 5m,Not Rated,5.5,437
165. The Loves of Hercules,https://www.imdb.com/title/tt0053598/?ref_=sr_t_165,1960,1h 38m,Not Rated,3.2,1.3K
166. The Wild Ride,https://www.imdb.com/title/tt0054475/?ref_=sr_t_166,1960,1h 1m,PG-13,4.4,912
167. Date Bait,https://www.imdb.com/title/tt0053751/?ref_=sr_t_167,1960,1h 12m,TV-14,5.1,187
168. Never Let Go,https://www.imdb.com/title/tt0054115/?ref_=sr_t_168,1960,1h 30m,Not Rated,7.1,1.7K
169. Skeleton of Mrs. Morales,https://www.imdb.com/title/tt0052784/?ref_=sr_t_169,1960,1h 25m,,7.7,2.4K
170. The Crowded Sky,https://www.imdb.com/title/tt0053742/?ref_=sr_t_170,1960,1h 45m,Approved,5.7,1K
171. Sinful Youth,https://www.imdb.com/title/tt0198300/?ref_=sr_t_171,1960,1h 13m,,4.5,21
172. Adua e le compagne,https://www.imdb.com/title/tt0053570/?ref_=sr_t_172,1960,1h 46m,Not Rated,7.6,1.4K
173. Captain Blood,https://www.imdb.com/title/tt0053696/?ref_=sr_t_173,1960,2h,,6.3,1K
174. Seven Days... Seven Nights,https://www.imdb.com/title/tt0054091/?ref_=sr_t_174,1960,1h 31m,,6.9,1.3K
175. Life Is a Circus,https://www.imdb.com/title/tt0051863/?ref_=sr_t_175,1960,1h 24m,,7.8,201
176. Assignment: Outer Space,https://www.imdb.com/title/tt0054330/?ref_=sr_t_176,1960,1h 13m,Unrated,3.7,1.1K
177. The White Dove,https://www.imdb.com/title/tt0175743/?ref_=sr_t_177,1960,1h 16m,,7.5,797
178. Le dialogue des Carmélites,https://www.imdb.com/title/tt0052737/?ref_=sr_t_178,1960,1h 52m,,7.0,323
179. Not Tonight Henry,https://www.imdb.com/title/tt0055239/?ref_=sr_t_179,1960,1h 15m,,5.0,116
180. Les bonnes femmes,https://www.imdb.com/title/tt0053666/?ref_=sr_t_180,1960,1h 40m,Not Rated,7.2,3.3K
181. The Night Fighters,https://www.imdb.com/title/tt0054120/?ref_=sr_t_181,1960,1h 30m,Not Rated,6.0,385
182. The Rise and Fall of Legs Diamond,https://www.imdb.com/title/tt0054243/?ref_=sr_t_182,1960,1h 41m,Approved,6.7,1.4K
183. The Terrible People,https://www.imdb.com/title/tt0053630/?ref_=sr_t_183,1960,1h 32m,,6.3,628
184. Hell Bent for Leather,https://www.imdb.com/title/tt0053899/?ref_=sr_t_184,1960,1h 22m,Approved,6.6,1.3K
185. The Savage Innocents,https://www.imdb.com/title/tt0053244/?ref_=sr_t_185,1960,1h 50m,Not Rated,6.8,2.1K
186. Tarzan the Magnificent,https://www.imdb.com/title/tt0054368/?ref_=sr_t_186,1960,1h 22m,Approved,6.3,784
187. Jis Desh Men Ganga Behti Hai,https://www.imdb.com/title/tt0053965/?ref_=sr_t_187,1960,2h 47m,,7.1,517
188. Portrait in Black,https://www.imdb.com/title/tt0054197/?ref_=sr_t_188,1960,1h 52m,Approved,6.4,1.9K
189. The Hands of Orlac,https://www.imdb.com/title/tt0054963/?ref_=sr_t_189,1960,1h 35m,,5.6,520
190. The Playgirls and the Vampire,https://www.imdb.com/title/tt0056633/?ref_=sr_t_190,1960,1h 10m,Not Rated,5.1,648
191. The Battle of the Sexes,https://www.imdb.com/title/tt0052607/?ref_=sr_t_191,1960,1h 24m,,6.6,1.8K
192. The Dark at the Top of the Stairs,https://www.imdb.com/title/tt0053750/?ref_=sr_t_192,1960,2h 4m,Approved,7.1,865
193. Because They're Young,https://www.imdb.com/title/tt0053641/?ref_=sr_t_193,1960,1h 42m,,5.9,363
194. Hell Is a City,https://www.imdb.com/title/tt0053900/?ref_=sr_t_194,1960,1h 33m,,7.0,1.5K
195. When Darkness Falls,https://www.imdb.com/title/tt0054132/?ref_=sr_t_195,1960,1h 53m,,5.8,246
196. The Baroness from the Gas Station,https://www.imdb.com/title/tt0053636/?ref_=sr_t_196,1960,2h 2m,Not Rated,7.0,1.3K
197. The Hypnotic Eye,https://www.imdb.com/title/tt0053931/?ref_=sr_t_197,1960,1h 19m,Approved,5.8,974
198. Seven Thieves,https://www.imdb.com/title/tt0054295/?ref_=sr_t_198,1960,1h 42m,Approved,6.5,1.8K
199. The Angel Wore Red,https://www.imdb.com/title/tt0053601/?ref_=sr_t_199,1960,1h 39m,Approved,5.8,892
200. La caperucita roja,https://www.imdb.com/title/tt0053693/?ref_=sr_t_200,1960,1h 25m,Not Rated,5.7,138
201. Morgan the Pirate,https://www.imdb.com/title/tt0055192/?ref_=sr_t_201,1960,1h 33m,,5.6,429
202. The Mountain Road,https://www.imdb.com/title/tt0054095/?ref_=sr_t_202,1960,1h 42m,,6.2,1.1K
203. All the Young Men,https://www.imdb.com/title/tt0053583/?ref_=sr_t_203,1960,1h 27m,Approved,6.2,683
204. Alla vi barn i Bullerbyn,https://www.imdb.com/title/tt0053584/?ref_=sr_t_204,1960,1h 14m,,5.9,370
205. The Girl in Lovers Lane,https://www.imdb.com/title/tt0052849/?ref_=sr_t_205,1960,1h 18m,Approved,3.1,1.1K
206. The Pure Hell of St. Trinian's,https://www.imdb.com/title/tt0055342/?ref_=sr_t_206,1960,1h 34m,Not Rated,6.0,1K
207. Stop Me Before I Kill!,https://www.imdb.com/title/tt0054901/?ref_=sr_t_207,1960,1h 48m,Approved,6.0,1.1K
208. Man on a String,https://www.imdb.com/title/tt0054058/?ref_=sr_t_208,1960,1h 32m,Approved,6.2,515
209. A Dog of Flanders,https://www.imdb.com/title/tt0052745/?ref_=sr_t_209,1960,1h 36m,Approved,7.2,476
210. The Plunderers,https://www.imdb.com/title/tt0054190/?ref_=sr_t_210,1960,1h 34m,Approved,6.6,540
211. The Adventures of Buratino,https://www.imdb.com/title/tt0152066/?ref_=sr_t_211,1960,1h 8m,,7.2,926
212. I Bombed Pearl Harbor,https://www.imdb.com/title/tt0055502/?ref_=sr_t_212,1960,1h 58m,,6.3,239
213. The Shakedown,https://www.imdb.com/title/tt0053273/?ref_=sr_t_213,1960,1h 32m,,6.7,361
214. Man in the Moon,https://www.imdb.com/title/tt0055133/?ref_=sr_t_214,1960,1h 38m,,6.1,404
215. 5 Branded Women,https://www.imdb.com/title/tt0053561/?ref_=sr_t_215,1960,1h 41m,Approved,6.6,628
216. Conspiracy of Hearts,https://www.imdb.com/title/tt0053732/?ref_=sr_t_216,1960,1h 53m,Not Rated,7.1,574
217. Colossus and the Amazon Queen,https://www.imdb.com/title/tt0054237/?ref_=sr_t_217,1960,1h 24m,Unrated,3.7,527
218. Ice Palace,https://www.imdb.com/title/tt0053936/?ref_=sr_t_218,1960,2h 23m,Approved,6.1,419
219. Ma Barker's Killer Brood,https://www.imdb.com/title/tt0054041/?ref_=sr_t_219,1960,1h 29m,Not Rated,5.5,368
220. Dil Bhi Tera Hum Bhi Tere,https://www.imdb.com/title/tt0302479/?ref_=sr_t_220,1960,,,7.4,46
221. Innocent Sorcerers,https://www.imdb.com/title/tt0054119/?ref_=sr_t_221,1960,1h 23m,,7.3,1.6K
222. College Confidential,https://www.imdb.com/title/tt0053727/?ref_=sr_t_222,1960,1h 31m,Approved,4.8,230
223. The Bulldog Breed,https://www.imdb.com/title/tt0053683/?ref_=sr_t_223,1960,1h 37m,,6.1,929
224. Night and Fog in Japan,https://www.imdb.com/title/tt0054122/?ref_=sr_t_224,1960,1h 47m,,6.8,898
225. Seven Ways from Sundown,https://www.imdb.com/title/tt0054296/?ref_=sr_t_225,1960,1h 27m,Approved,6.8,1.3K
226. The Subterraneans,https://www.imdb.com/title/tt0054351/?ref_=sr_t_226,1960,1h 29m,,5.0,355
227. The Haunted Castle,https://www.imdb.com/title/tt0054337/?ref_=sr_t_227,1960,1h 37m,,6.2,598
228. Doctor in Love,https://www.imdb.com/title/tt0053775/?ref_=sr_t_228,1960,1h 33m,,5.7,459
229. Wake Me When It's Over,https://www.imdb.com/title/tt0054455/?ref_=sr_t_229,1960,2h 6m,Approved,6.3,416
230. The Ship of Monsters,https://www.imdb.com/title/tt0053102/?ref_=sr_t_230,1960,1h 21m,Not Rated,6.3,476
231. The Spider's Web,https://www.imdb.com/title/tt0339716/?ref_=sr_t_231,1960,1h 28m,,6.2,294
232. A Touch of Larceny,https://www.imdb.com/title/tt0053371/?ref_=sr_t_232,1960,1h 33m,Not Rated,6.6,676
233. Sun Lovers Holiday,https://www.imdb.com/title/tt0268505/?ref_=sr_t_233,1960,,,,
234. September Storm,https://www.imdb.com/title/tt0054290/?ref_=sr_t_234,1960,1h 39m,Approved,5.0,254
235. The Lady with the Dog,https://www.imdb.com/title/tt0053746/?ref_=sr_t_235,1960,1h 29m,,7.3,1.1K
236. The Pharaohs' Woman,https://www.imdb.com/title/tt0055296/?ref_=sr_t_236,1960,1h 46m,,6.2,68
237. Journey to the Lost City,https://www.imdb.com/title/tt0052949/?ref_=sr_t_237,1960,1h 34m,,6.4,318
238. Goliath and the Dragon,https://www.imdb.com/title/tt0054437/?ref_=sr_t_238,1960,1h 27m,Approved,5.3,635
239. Atom Age Vampire,https://www.imdb.com/title/tt0054285/?ref_=sr_t_239,1960,1h 27m,Unrated,3.9,1.8K
240. Sword of Sherwood Forest,https://www.imdb.com/title/tt0054358/?ref_=sr_t_240,1960,1h 20m,Approved,5.8,1.5K
241. Un amore a Roma,https://www.imdb.com/title/tt0053597/?ref_=sr_t_241,1960,1h 47m,,6.7,326
242. Inspector Palmu's Error,https://www.imdb.com/title/tt0054001/?ref_=sr_t_242,1960,1h 49m,,7.8,2.2K
243. Sunrise at Campobello,https://www.imdb.com/title/tt0054354/?ref_=sr_t_243,1960,2h 24m,Not Rated,6.8,1.5K
244. Bottoms Up,https://www.imdb.com/title/tt0053668/?ref_=sr_t_244,1960,1h 30m,,6.0,247
245. Black Tights,https://www.imdb.com/title/tt0053726/?ref_=sr_t_245,1960,2h 20m,Not Rated,5.9,270
246. The Cossacks,https://www.imdb.com/title/tt0052703/?ref_=sr_t_246,1960,1h 54m,,6.2,73
247. Oscar Wilde,https://www.imdb.com/title/tt0053149/?ref_=sr_t_247,1960,1h 36m,Not Rated,6.8,642
248. Kanoon,https://www.imdb.com/title/tt0053985/?ref_=sr_t_248,1960,2h 30m,,7.9,529
249. Sri Venkateswara Mahathyam,https://www.imdb.com/title/tt0256406/?ref_=sr_t_249,1960,3h 24m,,8.3,75
250. Key Witness,https://www.imdb.com/title/tt0053993/?ref_=sr_t_250,1960,1h 22m,Approved,6.1,377
251. The Loves of Salammbo,https://www.imdb.com/title/tt0056439/?ref_=sr_t_251,1960,1h 12m,,5.0,109
252. The Orphan,https://www.imdb.com/title/tt0193458/?ref_=sr_t_252,1960,1h 44m,,7.4,125
253. Beware of Children,https://www.imdb.com/title/tt0053648/?ref_=sr_t_253,1960,1h 26m,,5.7,244
254. Under Ten Flags,https://www.imdb.com/title/tt0054328/?ref_=sr_t_254,1960,1h 32m,Not Rated,6.5,566
255. Platinum High School,https://www.imdb.com/title/tt0054187/?ref_=sr_t_255,1960,1h 35m,,5.6,159
256. Jazz Boat,https://www.imdb.com/title/tt0053963/?ref_=sr_t_256,1960,1h 36m,Approved,5.7,152
257. Surprise Package,https://www.imdb.com/title/tt0054355/?ref_=sr_t_257,1960,1h 40m,Approved,5.7,347
258. Alakazam the Great,https://www.imdb.com/title/tt0054265/?ref_=sr_t_258,1960,1h 24m,Not Rated,5.9,533
259. Darbuján a Pandrhola,https://www.imdb.com/title/tt0052721/?ref_=sr_t_259,1960,1h 20m,,7.5,441
260. The Revolt of the Slaves,https://www.imdb.com/title/tt0055377/?ref_=sr_t_260,1960,1h 42m,Approved,5.4,326
261. Climb Up the Wall,https://www.imdb.com/title/tt1079979/?ref_=sr_t_261,1960,1h 5m,,4.0,70
262. L'assedio di Siracusa,https://www.imdb.com/title/tt0055762/?ref_=sr_t_262,1960,1h 37m,,5.2,172
263. Everybody Go Home!,https://www.imdb.com/title/tt0054413/?ref_=sr_t_263,1960,2h 2m,,7.7,1.5K
264. High School Caesar,https://www.imdb.com/title/tt0053911/?ref_=sr_t_264,1960,1h 15m,Not Rated,5.0,326
265. El cochecito,https://www.imdb.com/title/tt0053724/?ref_=sr_t_265,1960,1h 25m,PG,7.3,1.6K
266. The Giants of Thessaly,https://www.imdb.com/title/tt0053861/?ref_=sr_t_266,1960,1h 26m,,5.1,395
267. Das Zaubermännchen,https://www.imdb.com/title/tt0307693/?ref_=sr_t_267,1960,1h 13m,,6.4,149
268. Stowaway in the Sky,https://www.imdb.com/title/tt0056667/?ref_=sr_t_268,1960,1h 25m,Not Rated,6.6,248
269. Why Must I Die?,https://www.imdb.com/title/tt0054474/?ref_=sr_t_269,1960,1h 26m,,5.6,156
270. Crack in the Mirror,https://www.imdb.com/title/tt0053735/?ref_=sr_t_270,1960,1h 37m,,6.6,253
271. Pirates of the Coast,https://www.imdb.com/title/tt0054185/?ref_=sr_t_271,1960,1h 42m,,5.3,187
272. Kohinoor,https://www.imdb.com/title/tt0053999/?ref_=sr_t_272,1960,2h 31m,,6.6,197
273. Three Came to Kill,https://www.imdb.com/title/tt0053357/?ref_=sr_t_273,1960,1h 11m,Approved,5.6,166
274. The Enemy General,https://www.imdb.com/title/tt0053795/?ref_=sr_t_274,1960,1h 14m,Approved,5.5,187
275. It Takes a Thief,https://www.imdb.com/title/tt0053958/?ref_=sr_t_275,1960,1h 41m,Approved,6.1,404
"276. Once More, with Feeling!",https://www.imdb.com/title/tt0054141/?ref_=sr_t_276,1960,1h 32m,,6.0,571
277. I Aim at the Stars,https://www.imdb.com/title/tt0053440/?ref_=sr_t_277,1960,1h 47m,Approved,6.2,262
278. The Warped Ones,https://www.imdb.com/title/tt0057238/?ref_=sr_t_278,1960,1h 15m,Not Rated,6.9,1.1K
279. The Bramble Bush,https://www.imdb.com/title/tt0053673/?ref_=sr_t_279,1960,1h 33m,,5.6,290
280. Skywatch,https://www.imdb.com/title/tt0054029/?ref_=sr_t_280,1960,1h 30m,Not Rated,6.2,324
281. Walk Like a Dragon,https://www.imdb.com/title/tt0054457/?ref_=sr_t_281,1960,1h 35m,Approved,6.7,172
282. Bombai Ka Babu,https://www.imdb.com/title/tt0053629/?ref_=sr_t_282,1960,2h 34m,Not Rated,7.6,208
283. Terror of the Red Mask,https://www.imdb.com/title/tt0053345/?ref_=sr_t_283,1960,1h 28m,,5.6,85
284. Åsa-Nisse som polis,https://www.imdb.com/title/tt0054508/?ref_=sr_t_284,1960,1h 25m,,3.9,114
285. Desire in the Dust,https://www.imdb.com/title/tt0053762/?ref_=sr_t_285,1960,1h 42m,Approved,6.0,202
286. Kala Bazar,https://www.imdb.com/title/tt0053980/?ref_=sr_t_286,1960,2h 43m,,7.2,345
287. Ghunghat,https://www.imdb.com/title/tt0146794/?ref_=sr_t_287,1960,,,6.8,43
"288. Goodbye, See You Tomorrow",https://www.imdb.com/title/tt0053774/?ref_=sr_t_288,1960,1h 28m,,7.0,864
289. Knights of the Teutonic Order,https://www.imdb.com/title/tt0054004/?ref_=sr_t_289,1960,2h 46m,,6.9,2.3K
290. Virgin Sacrifice,https://www.imdb.com/title/tt0188273/?ref_=sr_t_290,1960,1h 7m,Approved,3.4,159
291. Silver Spoon Set,https://www.imdb.com/title/tt0053756/?ref_=sr_t_291,1960,1h 42m,,7.0,272
292. Carthage in Flames,https://www.imdb.com/title/tt0054729/?ref_=sr_t_292,1960,1h 33m,,5.0,316
293. The Barbarians,https://www.imdb.com/title/tt0053634/?ref_=sr_t_293,1960,1h 30m,,4.8,258
294. Mein Kampf,https://www.imdb.com/title/tt0052635/?ref_=sr_t_294,1960,1h 51m,Not Rated,7.6,396
295. Rumor of Love,https://www.imdb.com/title/tt0366623/?ref_=sr_t_295,1961,2h,,8.0,1.3K
296. Bad Luck,https://www.imdb.com/title/tt0054495/?ref_=sr_t_296,1960,1h 32m,,7.4,1.4K
297. The Walking Target,https://www.imdb.com/title/tt0054459/?ref_=sr_t_297,1960,1h 15m,Approved,6.0,368
298. Trouble in the Sky,https://www.imdb.com/title/tt0054762/?ref_=sr_t_298,1960,1h 32m,Approved,6.5,444
299. Make Mine Mink,https://www.imdb.com/title/tt0054049/?ref_=sr_t_299,1960,1h 40m,Not Rated,7.0,1.2K
300. This Rebel Breed,https://www.imdb.com/title/tt0054381/?ref_=sr_t_300,1960,1h 30m,,5.6,206
301. Guns of the Timberland,https://www.imdb.com/title/tt0053884/?ref_=sr_t_301,1960,1h 31m,Approved,5.5,596
302. Kalathur Kannamma,https://www.imdb.com/title/tt0156666/?ref_=sr_t_302,1960,2h 56m,,7.1,157
303. Prace,https://www.imdb.com/title/tt0054202/?ref_=sr_t_303,1962,1h 24m,,6.9,124
304. Un rayo de luz,https://www.imdb.com/title/tt0054233/?ref_=sr_t_304,1960,1h 50m,,5.3,236
305. Messalina,https://www.imdb.com/title/tt0055169/?ref_=sr_t_305,1960,1h 24m,,5.6,289
306. Brainwashed,https://www.imdb.com/title/tt0054272/?ref_=sr_t_306,1960,1h 42m,,6.9,667
307. Sujata,https://www.imdb.com/title/tt0053319/?ref_=sr_t_307,1960,2h 41m,,7.5,430
308. The Beginning and the End,https://www.imdb.com/title/tt0053652/?ref_=sr_t_308,1960,2h 10m,,8.0,727
309. Faust,https://www.imdb.com/title/tt0163624/?ref_=sr_t_309,1960,2h 8m,,7.4,706
310. Cage of Evil,https://www.imdb.com/title/tt0053689/?ref_=sr_t_310,1960,1h 10m,Approved,5.5,505
311. Strafbataillon 999,https://www.imdb.com/title/tt0053309/?ref_=sr_t_311,1960,1h 49m,,6.8,107
312. Donald Duck and his Companions,https://www.imdb.com/title/tt0372871/?ref_=sr_t_312,1960,1h 20m,,7.2,264
313. The Huns,https://www.imdb.com/title/tt0056400/?ref_=sr_t_313,1960,1h 42m,,4.6,73
314. Atomic War Bride,https://www.imdb.com/title/tt0054229/?ref_=sr_t_314,1960,1h 24m,,5.8,261
315. Vivo o muerto,https://www.imdb.com/title/tt0053426/?ref_=sr_t_315,1960,1h 26m,,7.0,11
"316. Love, the Italian Way",https://www.imdb.com/title/tt0053819/?ref_=sr_t_316,1960,1h 35m,,5.5,67
317. Primary,https://www.imdb.com/title/tt0054205/?ref_=sr_t_317,1960,1h,Not Rated,7.1,1.6K
318. Ski Troop Attack,https://www.imdb.com/title/tt0054315/?ref_=sr_t_318,1960,1h 3m,Not Rated,4.1,657
319. The Young Lady's Fool,https://www.imdb.com/title/tt0126986/?ref_=sr_t_319,1960,1h 7m,,6.9,649
320. Son of Samson,https://www.imdb.com/title/tt0054044/?ref_=sr_t_320,1960,1h 29m,Unrated,5.1,310
321. The Professionals,https://www.imdb.com/title/tt0262707/?ref_=sr_t_321,1960,1h 1m,,6.1,15
322. Shriman Satyawadi,https://www.imdb.com/title/tt0054302/?ref_=sr_t_322,1960,2h 26m,Not Rated,7.0,79
323. One Foot in Hell,https://www.imdb.com/title/tt0054142/?ref_=sr_t_323,1960,1h 30m,Approved,6.2,699
324. Howlers of the Dock,https://www.imdb.com/title/tt0053401/?ref_=sr_t_324,1960,1h 23m,,5.8,155
325. Il vigile,https://www.imdb.com/title/tt0054442/?ref_=sr_t_325,1960,1h 44m,,7.2,1.6K
326. The Tell-Tale Heart,https://www.imdb.com/title/tt0056565/?ref_=sr_t_326,1960,1h 18m,,5.8,639
327. Gymnasiepigen,https://www.imdb.com/title/tt0124698/?ref_=sr_t_327,1960,1h 20m,,4.9,16
328. Aysecik - Seytan cekici,https://www.imdb.com/title/tt0208708/?ref_=sr_t_328,1960,1h 23m,,5.2,78
329. Too Young to Love,https://www.imdb.com/title/tt0053366/?ref_=sr_t_329,1960,1h 28m,,5.9,138
330. Les vieux de la vieille,https://www.imdb.com/title/tt0054441/?ref_=sr_t_330,1960,1h 30m,,6.6,643
331. A French Mistress,https://www.imdb.com/title/tt0053839/?ref_=sr_t_331,1960,1h 38m,,5.8,217
332. Bernadette of Lourdes,https://www.imdb.com/title/tt0169604/?ref_=sr_t_332,1960,1h 30m,,6.9,62
333. Jaali Note,https://www.imdb.com/title/tt0130797/?ref_=sr_t_333,1960,2h 35m,,6.8,127
334. Chhalia,https://www.imdb.com/title/tt0053708/?ref_=sr_t_334,1960,1h 52m,,6.6,241
335. Walk Tall,https://www.imdb.com/title/tt0054458/?ref_=sr_t_335,1960,1h 1m,Approved,5.9,100
336. Circle of Deception,https://www.imdb.com/title/tt0054750/?ref_=sr_t_336,1960,1h 40m,Approved,6.7,343
337. Too Soon to Love,https://www.imdb.com/title/tt0054392/?ref_=sr_t_337,1960,1h 25m,Approved,5.1,209
338. Las furias,https://www.imdb.com/title/tt0144210/?ref_=sr_t_338,1960,1h 38m,,6.7,61
339. It Happened in '43,https://www.imdb.com/title/tt0054039/?ref_=sr_t_339,1960,1h 45m,,7.3,467
340. Yôtô monogatari: hana no Yoshiwara hyakunin-giri,https://www.imdb.com/title/tt0187119/?ref_=sr_t_340,1960,1h 49m,,7.6,327
341. Dil Apna Aur Preet Parai,https://www.imdb.com/title/tt0053767/?ref_=sr_t_341,1960,2h 35m,,6.6,165
342. Rockets in the Dunes,https://www.imdb.com/title/tt0169187/?ref_=sr_t_342,1960,1h 5m,,6.4,39
343. The Human Vapor,https://www.imdb.com/title/tt0053853/?ref_=sr_t_343,1960,1h 21m,Not Rated,6.3,536
344. Higher Principle,https://www.imdb.com/title/tt0054451/?ref_=sr_t_344,1960,1h 44m,,8.3,693
345. The Hand,https://www.imdb.com/title/tt0053890/?ref_=sr_t_345,1960,1h 1m,Not Rated,5.0,343
346. Sukkar hanem,https://www.imdb.com/title/tt0360046/?ref_=sr_t_346,1960,,,6.8,171
347. Gabi ng lagim,https://www.imdb.com/title/tt1139324/?ref_=sr_t_347,1960,,,6.0,42
348. Impaciencia del corazón,https://www.imdb.com/title/tt0154631/?ref_=sr_t_348,1960,1h 30m,,6.0,13
349. The Delinquents,https://www.imdb.com/title/tt0056034/?ref_=sr_t_349,1960,1h 20m,,6.6,383
350. Macumba Love,https://www.imdb.com/title/tt0054045/?ref_=sr_t_350,1960,1h 26m,Approved,5.3,121
351. A Story of David: The Hunted,https://www.imdb.com/title/tt0054342/?ref_=sr_t_351,1960,1h 39m,Not Rated,5.5,177
352. Maribel y la extraña familia,https://www.imdb.com/title/tt0054061/?ref_=sr_t_352,1960,1h 38m,,6.6,135
353. Hou die Blink Kant Bo,https://www.imdb.com/title/tt2034695/?ref_=sr_t_353,1960,1h 24m,,,
354. The Wizard of Baghdad,https://www.imdb.com/title/tt0054481/?ref_=sr_t_354,1960,1h 32m,Approved,5.0,175
355. The Prime Time,https://www.imdb.com/title/tt0054206/?ref_=sr_t_355,1960,1h 16m,Not Rated,5.3,166
356. Medved a strasidla,https://www.imdb.com/title/tt0053056/?ref_=sr_t_356,1960,51m,,6.4,63
357. Rocket Attack U.S.A.,https://www.imdb.com/title/tt0055380/?ref_=sr_t_357,1960,1h 8m,Not Rated,1.7,1.2K
358. La tijera de oro,https://www.imdb.com/title/tt0240110/?ref_=sr_t_358,1960,1h 20m,,7.0,44
359. Ten Who Dared,https://www.imdb.com/title/tt0054372/?ref_=sr_t_359,1960,1h 32m,Not Rated,5.5,315
360. The Miracle of the White Reindeer,https://www.imdb.com/title/tt0491057/?ref_=sr_t_360,1960,1h,,6.4,14
361. Melocotón en almíbar,https://www.imdb.com/title/tt0054075/?ref_=sr_t_361,1960,1h 22m,,6.4,10
362. Candide or The Optimism in the 20th Century,https://www.imdb.com/title/tt0054719/?ref_=sr_t_362,1960,1h 28m,,5.7,168
363. Take Aim at the Police Van,https://www.imdb.com/title/tt0054325/?ref_=sr_t_363,1960,1h 19m,Not Rated,6.6,1.4K
364. The 3rd Voice,https://www.imdb.com/title/tt0054380/?ref_=sr_t_364,1960,1h 19m,Approved,6.7,231
365. ...And Suddenly It's Murder!,https://www.imdb.com/title/tt0053739/?ref_=sr_t_365,1960,1h 46m,,7.0,405
366. Dead Lucky,https://www.imdb.com/title/tt0124344/?ref_=sr_t_366,1960,1h 4m,,5.7,58
367. Girl of the Night,https://www.imdb.com/title/tt0053865/?ref_=sr_t_367,1960,1h 33m,,6.9,141
368. Foxhole in Cairo,https://www.imdb.com/title/tt0054891/?ref_=sr_t_368,1960,1h 20m,,5.8,204
"369. My Dog, Buddy",https://www.imdb.com/title/tt0169062/?ref_=sr_t_369,1960,1h 16m,Approved,7.1,54
370. Luna Park,https://www.imdb.com/title/tt0186324/?ref_=sr_t_370,1960,,,,
371. Wild Youth,https://www.imdb.com/title/tt0053098/?ref_=sr_t_371,1960,1h 13m,Approved,5.1,149
372. Freckles,https://www.imdb.com/title/tt0053837/?ref_=sr_t_372,1960,1h 23m,,5.5,124
373. Faces in the Dark,https://www.imdb.com/title/tt0053809/?ref_=sr_t_373,1960,1h 24m,,6.6,383
374. Five Bold Women,https://www.imdb.com/title/tt0052807/?ref_=sr_t_374,1960,1h 22m,Approved,6.5,70
375. Letto a tre piazze,https://www.imdb.com/title/tt0054023/?ref_=sr_t_375,1960,1h 40m,,6.9,415
376. The Magic Weaver,https://www.imdb.com/title/tt0054065/?ref_=sr_t_376,1960,1h 27m,,7.1,547
377. Love and Larceny,https://www.imdb.com/title/tt0054068/?ref_=sr_t_377,1960,1h 43m,,7.1,887
378. Quinceañera,https://www.imdb.com/title/tt0236651/?ref_=sr_t_378,1960,1h 27m,,6.7,103
379. Pay or Die!,https://www.imdb.com/title/tt0054164/?ref_=sr_t_379,1960,1h 51m,Approved,6.9,685
380. L'eau à la bouche,https://www.imdb.com/title/tt0052769/?ref_=sr_t_380,1960,1h 25m,,6.1,285
381. Heat,https://www.imdb.com/title/tt0121969/?ref_=sr_t_381,1960,1h 38m,Not Rated,4.8,27
382. The Sleeping Beast Within,https://www.imdb.com/title/tt0053992/?ref_=sr_t_382,1960,1h 26m,Not Rated,6.7,231
383. Signori si nasce,https://www.imdb.com/title/tt0054309/?ref_=sr_t_383,1960,1h 35m,,7.1,743
384. Eroika,https://www.imdb.com/title/tt0196536/?ref_=sr_t_384,1960,1h 30m,,7.1,111
385. The Boy Who Stole a Million,https://www.imdb.com/title/tt0054696/?ref_=sr_t_385,1960,1h 24m,Approved,5.6,130
386. O Thymios tahei 400,https://www.imdb.com/title/tt0197030/?ref_=sr_t_386,1960,1h 13m,,5.0,60
387. La strada dei giganti,https://www.imdb.com/title/tt0054344/?ref_=sr_t_387,1960,1h 31m,,4.4,38
388. From a Roman Balcony,https://www.imdb.com/title/tt0053864/?ref_=sr_t_388,1960,1h 24m,,7.1,295
389. Beyond the Curtain,https://www.imdb.com/title/tt0053650/?ref_=sr_t_389,1960,1h 28m,,5.9,186
390. Everything Goes Wrong,https://www.imdb.com/title/tt0054350/?ref_=sr_t_390,1960,1h 11m,,6.8,623
391. Revenge of the Barbarians,https://www.imdb.com/title/tt0054436/?ref_=sr_t_391,1960,1h 44m,,5.8,67
392. Sexy sign suki suki suki,https://www.imdb.com/title/tt5250486/?ref_=sr_t_392,1960,2h 9m,,,
393. La casa del terror,https://www.imdb.com/title/tt0052679/?ref_=sr_t_393,1960,1h,,5.3,159
394. Career Girl,https://www.imdb.com/title/tt0052674/?ref_=sr_t_394,1960,1h 1m,,5.4,25
395. When Comedy Was King,https://www.imdb.com/title/tt0054468/?ref_=sr_t_395,1960,1h 21m,Approved,7.5,368
396. El-Fanoos el-Sihri,https://www.imdb.com/title/tt0359256/?ref_=sr_t_396,1960,,,6.6,253
397. Le signore,https://www.imdb.com/title/tt0165944/?ref_=sr_t_397,1960,1h 43m,,5.9,17
398. The Waves of the Danube,https://www.imdb.com/title/tt0053404/?ref_=sr_t_398,1960,1h 20m,,7.4,197
399. Erotika Paihnidia,https://www.imdb.com/title/tt0180678/?ref_=sr_t_399,1960,1h 27m,,5.6,67
400. Terrain vague,https://www.imdb.com/title/tt0054374/?ref_=sr_t_400,1960,1h 40m,,6.7,227
401. Pretty Boy Floyd,https://www.imdb.com/title/tt0054204/?ref_=sr_t_401,1960,1h 36m,Not Rated,5.6,177
402. The Queen of the Pirates,https://www.imdb.com/title/tt0054222/?ref_=sr_t_402,1960,1h 20m,,5.3,150
403. Mi último tango,https://www.imdb.com/title/tt0054080/?ref_=sr_t_403,1960,2h 2m,,5.9,145
404. Patang,https://www.imdb.com/title/tt0374114/?ref_=sr_t_404,1960,,,6.8,29
405. The Big Night,https://www.imdb.com/title/tt0053654/?ref_=sr_t_405,1960,1h 14m,,5.7,61
406. Lipstick,https://www.imdb.com/title/tt0054252/?ref_=sr_t_406,1960,1h 29m,,6.7,336
407. Intimidation,https://www.imdb.com/title/tt2017464/?ref_=sr_t_407,1960,1h 5m,,7.2,936
408. Nacht fiel über Gotenhafen,https://www.imdb.com/title/tt0053092/?ref_=sr_t_408,1960,1h 39m,,6.8,214
409. Chartroose Caboose,https://www.imdb.com/title/tt0053705/?ref_=sr_t_409,1960,1h 15m,,7.1,57
410. Passport to China,https://www.imdb.com/title/tt0055282/?ref_=sr_t_410,1960,1h 15m,Approved,5.2,273
411. Randevou stin Kerkyra,https://www.imdb.com/title/tt0207038/?ref_=sr_t_411,1960,1h 25m,,5.7,188
412. Daughter of Cleopatra,https://www.imdb.com/title/tt0054289/?ref_=sr_t_412,1960,1h 49m,,4.8,234
413. Fabrik der Offiziere,https://www.imdb.com/title/tt0053807/?ref_=sr_t_413,1960,1h 31m,,7.1,122
414. Escape by Night,https://www.imdb.com/title/tt0052781/?ref_=sr_t_414,1960,1h 22m,TV-PG,7.1,788
415. La patota,https://www.imdb.com/title/tt0054162/?ref_=sr_t_415,1960,1h 28m,,6.7,111
416. 13 Fighting Men,https://www.imdb.com/title/tt0053558/?ref_=sr_t_416,1960,1h 9m,Approved,5.0,115
417. Lal Quila,https://www.imdb.com/title/tt0156723/?ref_=sr_t_417,1960,2h 14m,,5.4,17
418. Trapped by Fear,https://www.imdb.com/title/tt0053769/?ref_=sr_t_418,1960,1h 41m,Not Rated,6.0,239
419. The Boy and the Pirates,https://www.imdb.com/title/tt0053672/?ref_=sr_t_419,1960,1h 22m,Not Rated,5.2,466
420. Kala Aadmi,https://www.imdb.com/title/tt0053982/?ref_=sr_t_420,1960,2h 20m,,6.0,8
421. And the Same to You,https://www.imdb.com/title/tt0166983/?ref_=sr_t_421,1960,1h 10m,Not Rated,5.4,217
422. Jungle Cat,https://www.imdb.com/title/tt0053977/?ref_=sr_t_422,1960,1h 9m,Approved,7.2,447
423. Girl Friend,https://www.imdb.com/title/tt0156571/?ref_=sr_t_423,1960,,,6.8,16
424. Ek Phool Char Kante,https://www.imdb.com/title/tt0053791/?ref_=sr_t_424,1960,2h 16m,Not Rated,6.8,60
425. Hum Hindustani,https://www.imdb.com/title/tt0053928/?ref_=sr_t_425,1960,,,7.1,81
426. I'll Give My Life,https://www.imdb.com/title/tt0055001/?ref_=sr_t_426,1960,1h 18m,Approved,5.8,109
427. The Avenger,https://www.imdb.com/title/tt0054257/?ref_=sr_t_427,1960,1h 39m,Approved,5.8,401
428. The Risk,https://www.imdb.com/title/tt0054244/?ref_=sr_t_428,1960,1h 21m,,6.1,356
429. Vento del Sud,https://www.imdb.com/title/tt0215328/?ref_=sr_t_429,1960,1h 38m,,7.2,123
430. Natchez Trace,https://www.imdb.com/title/tt0054112/?ref_=sr_t_430,1960,1h 20m,Approved,7.0,36
431. Love and the Frenchwoman,https://www.imdb.com/title/tt0053833/?ref_=sr_t_431,1960,2h 23m,,6.1,234
432. La sombra del Caudillo,https://www.imdb.com/title/tt0054321/?ref_=sr_t_432,1960,2h 9m,,7.9,251
433. Boulevard,https://www.imdb.com/title/tt0053671/?ref_=sr_t_433,1960,1h 35m,,6.6,187
434. A Woman's Testament,https://www.imdb.com/title/tt0054482/?ref_=sr_t_434,1960,1h 40m,,6.7,162
435. Deivapiravi,https://www.imdb.com/title/tt0233541/?ref_=sr_t_435,1960,3h 2m,,6.3,19
436. The Demon of Mount Oe,https://www.imdb.com/title/tt0199890/?ref_=sr_t_436,1960,1h 54m,,6.5,176
437. The Approach of Autumn,https://www.imdb.com/title/tt0053578/?ref_=sr_t_437,1960,1h 19m,,7.5,382
438. Mistress of the World,https://www.imdb.com/title/tt0053906/?ref_=sr_t_438,1960,1h 53m,Approved,5.0,186
439. Brennender Sand,https://www.imdb.com/title/tt0053676/?ref_=sr_t_439,1960,1h 38m,,5.3,49
440. Das Rätsel der grünen Spinne,https://www.imdb.com/title/tt0054258/?ref_=sr_t_440,1960,1h 28m,,5.2,75
441. Anuradha,https://www.imdb.com/title/tt0137362/?ref_=sr_t_441,1960,2h 21m,,6.9,249
442. Parakh,https://www.imdb.com/title/tt0055276/?ref_=sr_t_442,1960,2h 19m,,7.4,150
443. Serge,https://www.imdb.com/title/tt0054293/?ref_=sr_t_443,1960,1h 20m,,7.7,741
444. Köyde Bir Kiz Sevdim,https://www.imdb.com/title/tt0181641/?ref_=sr_t_444,1960,1h 20m,,6.6,38
445. I baccanali di Tiberio,https://www.imdb.com/title/tt0053623/?ref_=sr_t_445,1960,1h 33m,,4.7,42
446. The Ninth Circle,https://www.imdb.com/title/tt0053764/?ref_=sr_t_446,1960,1h 47m,,7.5,593
447. Let's Get Married,https://www.imdb.com/title/tt0195876/?ref_=sr_t_447,1960,1h 31m,,8.2,18
448. Yo no me caso compadre,https://www.imdb.com/title/tt0275803/?ref_=sr_t_448,1960,1h 30m,,6.5,18
449. Endstation Rote Laterne,https://www.imdb.com/title/tt0140023/?ref_=sr_t_449,1960,1h 29m,,6.1,31
450. La chatte sort ses griffes,https://www.imdb.com/title/tt0142159/?ref_=sr_t_450,1960,1h 42m,,5.8,75
451. Mukadderat,https://www.imdb.com/title/tt0369745/?ref_=sr_t_451,1960,,,,
452. Wilhelm Tell,https://www.imdb.com/title/tt0136617/?ref_=sr_t_452,1960,1h 40m,,6.4,90
453. Murder Backstage,https://www.imdb.com/title/tt0194841/?ref_=sr_t_453,1960,1h 23m,,7.0,281
454. Bushidô muzan,https://www.imdb.com/title/tt6671924/?ref_=sr_t_454,1960,1h 15m,,7.4,17
455. Dos maridos baratos,https://www.imdb.com/title/tt0276924/?ref_=sr_t_455,1960,1h 25m,,3.6,11
456. The Crowning Experience,https://www.imdb.com/title/tt0052715/?ref_=sr_t_456,1960,1h 42m,,7.0,31
457. Robin Hood and the Pirates,https://www.imdb.com/title/tt0054246/?ref_=sr_t_457,1960,1h 28m,,3.8,198
458. La cigüeña dijo sí,https://www.imdb.com/title/tt0182907/?ref_=sr_t_458,1960,1h 28m,,,
459. It Happened at Møllegården,https://www.imdb.com/title/tt0054314/?ref_=sr_t_459,1960,1h 48m,,5.9,202
460. The Enchanting Shadow,https://www.imdb.com/title/tt0059029/?ref_=sr_t_460,1960,1h 23m,,6.8,268
461. Malaga,https://www.imdb.com/title/tt0054053/?ref_=sr_t_461,1960,1h 37m,,6.6,135
462. Night of Passion,https://www.imdb.com/title/tt0054832/?ref_=sr_t_462,1960,1h 24m,,6.2,151
463. Cómicos y canciones,https://www.imdb.com/title/tt0276888/?ref_=sr_t_463,1960,1h 25m,,6.8,24
464. World by Night,https://www.imdb.com/title/tt0057022/?ref_=sr_t_464,1960,2h 5m,,6.4,42
465. Little Girls and High Finance,https://www.imdb.com/title/tt0187700/?ref_=sr_t_465,1960,1h 48m,,5.6,27
466. Das kunstseidene Mädchen,https://www.imdb.com/title/tt0054007/?ref_=sr_t_466,1960,1h 38m,,6.2,66
467. Marche ou crève,https://www.imdb.com/title/tt0140357/?ref_=sr_t_467,1960,1h 40m,,5.4,64
468. Operation Camel,https://www.imdb.com/title/tt0057516/?ref_=sr_t_468,1960,1h 40m,Not Rated,5.7,333
469. Some Like It... Cold,https://www.imdb.com/title/tt0052686/?ref_=sr_t_469,1960,1h 30m,,5.2,194
470. Sømand i knibe,https://www.imdb.com/title/tt0054364/?ref_=sr_t_470,1960,1h 44m,,5.5,219
"471. Totò, Fabrizi e i giovani d'oggi",https://www.imdb.com/title/tt0054396/?ref_=sr_t_471,1960,1h 36m,,6.8,496
472. The Siege of Sidney Street,https://www.imdb.com/title/tt0054306/?ref_=sr_t_472,1960,1h 33m,,6.0,174
473. La Llorona,https://www.imdb.com/title/tt0051874/?ref_=sr_t_473,1960,1h 15m,,5.8,157
474. Letayushchiy korabl,https://www.imdb.com/title/tt0791513/?ref_=sr_t_474,1960,1h,,6.5,35
475. Ladrón que roba a ladrón,https://www.imdb.com/title/tt0277088/?ref_=sr_t_475,1960,1h 30m,,5.9,18
476. Return of Mr. Superman,https://www.imdb.com/title/tt2100612/?ref_=sr_t_476,1960,,,4.0,59
477. Os Bandeirantes,https://www.imdb.com/title/tt0053631/?ref_=sr_t_477,1960,1h 49m,,7.1,48
478. Genitori in blue-jeans,https://www.imdb.com/title/tt0052842/?ref_=sr_t_478,1960,1h 40m,,5.6,78
"479. Daughters, Wives and a Mother",https://www.imdb.com/title/tt0054105/?ref_=sr_t_479,1960,2h 3m,,7.4,437
480. Twelve Hours to Kill,https://www.imdb.com/title/tt0053557/?ref_=sr_t_480,1960,1h 23m,Approved,5.7,177
481. Szatan z siódmej klasy,https://www.imdb.com/title/tt0054359/?ref_=sr_t_481,1960,1h 49m,,6.7,408
"482. Makkers, staakt uw wild geraas",https://www.imdb.com/title/tt0054051/?ref_=sr_t_482,1960,1h 37m,Not Rated,6.5,169
483. Singapore,https://www.imdb.com/title/tt0268639/?ref_=sr_t_483,1960,2h 15m,,6.4,96
484. The Last Gunfight,https://www.imdb.com/title/tt0053603/?ref_=sr_t_484,1960,1h 35m,,6.4,182
485. Bluebeard's Ten Honeymoons,https://www.imdb.com/title/tt0053660/?ref_=sr_t_485,1960,1h 32m,Approved,6.1,255
486. Satan's Sword,https://www.imdb.com/title/tt0409866/?ref_=sr_t_486,1960,1h 46m,,6.5,289
487. The Love Game,https://www.imdb.com/title/tt0053964/?ref_=sr_t_487,1960,1h 26m,,6.3,155
488. Kriminaltango,https://www.imdb.com/title/tt0054002/?ref_=sr_t_488,1960,1h 27m,,5.7,108
489. Myortvye dushi,https://www.imdb.com/title/tt0142678/?ref_=sr_t_489,1960,1h 44m,,7.7,93
490. Madalena,https://www.imdb.com/title/tt0055119/?ref_=sr_t_490,1960,1h 31m,,6.6,1.3K
491. Das Erbe von Björndal,https://www.imdb.com/title/tt0053798/?ref_=sr_t_491,1960,1h 36m,,5.8,142
492. The Horse with the Flying Tail,https://www.imdb.com/title/tt0054993/?ref_=sr_t_492,1960,48m,G,6.1,220
493. Setea,https://www.imdb.com/title/tt0054294/?ref_=sr_t_493,1960,2h 4m,,6.8,70
494. L'homme à femmes,https://www.imdb.com/title/tt0053918/?ref_=sr_t_494,1960,1h 35m,,5.7,67
495. Knight of 100 Faces,https://www.imdb.com/title/tt0053702/?ref_=sr_t_495,1960,1h 15m,,4.9,75
496. Battle of Blood Island,https://www.imdb.com/title/tt0168492/?ref_=sr_t_496,1960,1h 4m,TV-PG,4.8,301
"497. Neutrón, el enmascarado negro",https://www.imdb.com/title/tt0055226/?ref_=sr_t_497,1960,1h 12m,,5.4,68
498. Simitrio,https://www.imdb.com/title/tt0207103/?ref_=sr_t_498,1960,1h 30m,,7.8,98
499. Ghar Ki Laj,https://www.imdb.com/title/tt0388970/?ref_=sr_t_499,1960,,,3.7,8
500. Le bel âge,https://www.imdb.com/title/tt0052614/?ref_=sr_t_500,1960,1h 40m,,7.0,78
501. Maa Baap,https://www.imdb.com/title/tt0378280/?ref_=sr_t_501,1960,2h 10m,,7.1,25
502. Kshudhita Pashan,https://www.imdb.com/title/tt0054005/?ref_=sr_t_502,1960,1h 49m,Not Rated,7.2,142
503. Marriage of Convenience,https://www.imdb.com/title/tt7051854/?ref_=sr_t_503,1960,58m,,6.2,76
504. Raymie,https://www.imdb.com/title/tt0054232/?ref_=sr_t_504,1960,1h 12m,,7.0,68
505. Five Guns to Tombstone,https://www.imdb.com/title/tt0054878/?ref_=sr_t_505,1960,1h 11m,Approved,4.9,200
506. The Yellow Gloves,https://www.imdb.com/title/tt0180782/?ref_=sr_t_506,1960,1h 24m,,7.8,1.5K
507. L'impiegato,https://www.imdb.com/title/tt0052921/?ref_=sr_t_507,1960,1h 35m,,6.3,182
508. Superman,https://www.imdb.com/title/tt0230834/?ref_=sr_t_508,1960,,,4.6,35
509. Sigfrido,https://www.imdb.com/title/tt0050971/?ref_=sr_t_509,1960,1h 37m,,5.7,82
510. Bindya,https://www.imdb.com/title/tt0233345/?ref_=sr_t_510,1960,,,5.7,19
511. Oklahoma Territory,https://www.imdb.com/title/tt0054138/?ref_=sr_t_511,1960,1h 7m,Approved,5.8,227
512. Chivaraku Migiledi,https://www.imdb.com/title/tt0302410/?ref_=sr_t_512,1960,1h 51m,Not Rated,8.1,23
513. Prezil jsem svou smrt,https://www.imdb.com/title/tt0053934/?ref_=sr_t_513,1960,1h 33m,,7.0,66
514. Yo quiero vivir contigo,https://www.imdb.com/title/tt0195424/?ref_=sr_t_514,1960,1h 52m,,1.7,12
515. The Secret of the Telegian,https://www.imdb.com/title/tt0053758/?ref_=sr_t_515,1960,1h 25m,,6.1,293
516. Young Jesse James,https://www.imdb.com/title/tt0054489/?ref_=sr_t_516,1960,1h 13m,Approved,5.0,174
517. Raznotsvetnyye kameshki,https://www.imdb.com/title/tt4976364/?ref_=sr_t_517,1960,1h 7m,,,
518. Usne Kaha Tha,https://www.imdb.com/title/tt0054430/?ref_=sr_t_518,1960,2h 30m,,7.1,40
519. El asalto,https://www.imdb.com/title/tt0189369/?ref_=sr_t_519,1960,1h 30m,,7.4,28
520. Der letzte Zeuge,https://www.imdb.com/title/tt0054025/?ref_=sr_t_520,1960,1h 42m,,6.9,290
521. Career Girls on a Naked Holiday,https://www.imdb.com/title/tt29474045/?ref_=sr_t_521,1960,1h 5m,,,
522. Le huitième jour,https://www.imdb.com/title/tt0142383/?ref_=sr_t_522,1960,1h 18m,,6.6,83
523. Snowball,https://www.imdb.com/title/tt0054318/?ref_=sr_t_523,1960,1h 9m,,6.8,190
524. The Sun's Burial,https://www.imdb.com/title/tt0054366/?ref_=sr_t_524,1960,1h 27m,,6.9,1K
"525. Ah, Love Is Beautiful",https://www.imdb.com/title/tt0277453/?ref_=sr_t_525,1960,1h 30m,,6.7,18
526. Légy jó mindhalálig,https://www.imdb.com/title/tt0054040/?ref_=sr_t_526,1960,1h 35m,,7.2,277
527. The Army Game,https://www.imdb.com/title/tt0167460/?ref_=sr_t_527,1960,1h 27m,,5.0,209
528. Love in Simla,https://www.imdb.com/title/tt0318405/?ref_=sr_t_528,1960,,,6.9,125
529. Tsakitzis: Protector of the Poor,https://www.imdb.com/title/tt0232858/?ref_=sr_t_529,1960,1h 40m,,5.4,31
530. Sahasra Siracheda Apoorva Chinthamani,https://www.imdb.com/title/tt0279389/?ref_=sr_t_530,1960,2h 16m,Not Rated,8.0,18
531. To hamini,https://www.imdb.com/title/tt0257747/?ref_=sr_t_531,1960,1h 27m,,4.8,31
532. Snezhnaya skazka,https://www.imdb.com/title/tt0175185/?ref_=sr_t_532,1960,1h 8m,,6.8,79
533. Cada quién su vida,https://www.imdb.com/title/tt0228104/?ref_=sr_t_533,1960,1h 35m,,7.0,52
534. Mission of Danger,https://www.imdb.com/title/tt0147052/?ref_=sr_t_534,1960,1h 20m,,5.2,146
535. Das schwarze Schaf,https://www.imdb.com/title/tt0054281/?ref_=sr_t_535,1960,1h 30m,,6.8,685
536. Amor bajo cero,https://www.imdb.com/title/tt0053595/?ref_=sr_t_536,1960,1h 23m,,4.4,49
537. Crook and the Cross,https://www.imdb.com/title/tt0053855/?ref_=sr_t_537,1960,1h 37m,,6.7,139
538. In the Nick,https://www.imdb.com/title/tt0053943/?ref_=sr_t_538,1960,1h 45m,,5.4,31
539. World War III Breaks Out,https://www.imdb.com/title/tt0127496/?ref_=sr_t_539,1960,1h 17m,,6.8,58
540. Baishey Shravana,https://www.imdb.com/title/tt0053626/?ref_=sr_t_540,1960,1h 50m,Not Rated,7.3,124
541. Watch Your Stern,https://www.imdb.com/title/tt0054463/?ref_=sr_t_541,1960,1h 30m,,5.7,346
542. Chi si ferma è perduto,https://www.imdb.com/title/tt0053709/?ref_=sr_t_542,1960,1h 41m,,6.8,448
543. Third Sister Liu,https://www.imdb.com/title/tt0054034/?ref_=sr_t_543,1960,1h 57m,Not Rated,7.5,212
544. Night Train for Inverness,https://www.imdb.com/title/tt0054121/?ref_=sr_t_544,1960,1h 9m,,6.3,98
545. Todo el año es Navidad,https://www.imdb.com/title/tt0202000/?ref_=sr_t_545,1960,1h 20m,,5.2,16
546. Dos criados malcriados,https://www.imdb.com/title/tt0276922/?ref_=sr_t_546,1960,1h 36m,,5.1,28
547. The Joker,https://www.imdb.com/title/tt0053814/?ref_=sr_t_547,1960,1h 28m,,6.5,243
548. Get Outta Town,https://www.imdb.com/title/tt0179823/?ref_=sr_t_548,1960,1h 2m,Not Rated,6.1,152
549. Brother,https://www.imdb.com/title/tt0054151/?ref_=sr_t_549,1960,1h 38m,,6.9,490
550. Dicen que soy hombre malo,https://www.imdb.com/title/tt0276069/?ref_=sr_t_550,1960,1h 22m,,6.8,8
551. It Happened All Night,https://www.imdb.com/title/tt0053572/?ref_=sr_t_551,1960,1h 37m,,5.7,69
552. O sole mio,https://www.imdb.com/title/tt0054133/?ref_=sr_t_552,1960,1h 26m,,4.8,20
553. Un dollaro di fifa,https://www.imdb.com/title/tt0122461/?ref_=sr_t_553,1960,1h 30m,,4.8,38
554. The Meek One,https://www.imdb.com/title/tt0054003/?ref_=sr_t_554,1960,1h 12m,,7.2,192
555. Conquistador de la luna,https://www.imdb.com/title/tt0267385/?ref_=sr_t_555,1960,1h 20m,,6.5,62
556. 091 Policía al habla,https://www.imdb.com/title/tt0053556/?ref_=sr_t_556,1960,1h 36m,,6.0,129
"557. Last Day, First Day",https://www.imdb.com/title/tt0186953/?ref_=sr_t_557,1960,1h 24m,,7.4,166
558. El gran pillo,https://www.imdb.com/title/tt0276168/?ref_=sr_t_558,1960,1h 44m,,7.2,17
559. La contessa azzurra,https://www.imdb.com/title/tt0166548/?ref_=sr_t_559,1960,1h 45m,,5.7,36
560. Los económicamente débiles,https://www.imdb.com/title/tt0053789/?ref_=sr_t_560,1960,1h 32m,,5.6,55
561. Makrykostas and Kondogiorgis,https://www.imdb.com/title/tt0198698/?ref_=sr_t_561,1960,1h 23m,,7.6,1.1K
562. America as Seen by a Frenchman,https://www.imdb.com/title/tt0140808/?ref_=sr_t_562,1960,1h 30m,,7.0,178
563. Der Satan lockt mit Liebe,https://www.imdb.com/title/tt0140532/?ref_=sr_t_563,1960,1h 30m,,6.4,55
564. Piccadilly Third Stop,https://www.imdb.com/title/tt0054181/?ref_=sr_t_564,1960,1h 18m,,6.2,288
565. The Secret of the Purple Reef,https://www.imdb.com/title/tt0054283/?ref_=sr_t_565,1960,1h 21m,Approved,4.4,148
566. Babar,https://www.imdb.com/title/tt0215535/?ref_=sr_t_566,1960,2h 8m,,6.6,25
567. Blitz on Britain,https://www.imdb.com/title/tt0139894/?ref_=sr_t_567,1960,1h 11m,,6.9,171
568. Una bala es mi testigo,https://www.imdb.com/title/tt0244419/?ref_=sr_t_568,1960,1h 30m,,4.7,13
569. Ich zähle täglich meine Sorgen,https://www.imdb.com/title/tt0053937/?ref_=sr_t_569,1960,1h 32m,,5.7,89
570. Dos gallos en palenque,https://www.imdb.com/title/tt0052754/?ref_=sr_t_570,1960,1h 38m,,5.5,15
571. Women Are Like That,https://www.imdb.com/title/tt0139944/?ref_=sr_t_571,1960,1h 31m,Not Rated,5.4,117
572. Sarhad,https://www.imdb.com/title/tt0274791/?ref_=sr_t_572,1960,1h 58m,Not Rated,7.7,29
573. The Big Day,https://www.imdb.com/title/tt0053653/?ref_=sr_t_573,1960,55m,,7.1,176
574. Lampenfieber,https://www.imdb.com/title/tt0054014/?ref_=sr_t_574,1960,1h 35m,,8.2,39
575. Snow White and the 7 Bachelors,https://www.imdb.com/title/tt0181575/?ref_=sr_t_575,1960,1h 41m,,5.9,422
576. The River,https://www.imdb.com/title/tt0180045/?ref_=sr_t_576,1960,1h 50m,,6.8,141
577. Le pillole di Ercole,https://www.imdb.com/title/tt0054184/?ref_=sr_t_577,1960,1h 25m,,6.3,29
"578. Sábado a la noche, cine",https://www.imdb.com/title/tt0054362/?ref_=sr_t_578,1960,1h 43m,,6.7,43
579. The Hunchback of Rome,https://www.imdb.com/title/tt0053870/?ref_=sr_t_579,1960,1h 36m,,6.7,166
580. Morte di un amico,https://www.imdb.com/title/tt0188069/?ref_=sr_t_580,1960,1h 35m,,6.9,68
581. Le gigolo,https://www.imdb.com/title/tt0054925/?ref_=sr_t_581,1960,1h 35m,,4.6,42
582. Love and Fashion,https://www.imdb.com/title/tt0179945/?ref_=sr_t_582,1960,1h 45m,,7.3,378
583. Inn for Trouble,https://www.imdb.com/title/tt0053947/?ref_=sr_t_583,1960,1h 30m,,5.8,265
584. Laterna magika II,https://www.imdb.com/title/tt0170143/?ref_=sr_t_584,1960,,,6.5,54
585. Le bois des amants,https://www.imdb.com/title/tt0053663/?ref_=sr_t_585,1960,1h 35m,,5.6,50
586. El fantasma de la opereta,https://www.imdb.com/title/tt0053813/?ref_=sr_t_586,1960,1h 30m,,6.6,82
587. Nikt nie wola,https://www.imdb.com/title/tt0054123/?ref_=sr_t_587,1960,1h 26m,,6.5,279
588. Dos locos en escena,https://www.imdb.com/title/tt0276923/?ref_=sr_t_588,1960,1h 34m,,6.1,32
589. Naked Model,https://www.imdb.com/title/tt0291965/?ref_=sr_t_589,1960,1h 40m,,,
590. Lovers on a Tightrope,https://www.imdb.com/title/tt0156426/?ref_=sr_t_590,1960,1h 19m,Not Rated,6.4,63
591. Yangin var: Eski Istanbul kabadayilari,https://www.imdb.com/title/tt0262131/?ref_=sr_t_591,1960,1h 40m,,6.9,90
592. HD-Soldat Läppli,https://www.imdb.com/title/tt0255208/?ref_=sr_t_592,1960,1h 55m,,7.7,198
593. Poker de reinas,https://www.imdb.com/title/tt0237579/?ref_=sr_t_593,1960,1h 30m,,7.4,7
594. Madam White Snake,https://www.imdb.com/title/tt0391780/?ref_=sr_t_594,1960,1h 40m,,6.4,34
595. Nessaa wa deeb,https://www.imdb.com/title/tt0366819/?ref_=sr_t_595,1960,,,4.7,9
596. Déjà s'envole la fleur maigre,https://www.imdb.com/title/tt0053788/?ref_=sr_t_596,1960,1h 25m,,6.9,115
597. Third Side of the Coin,https://www.imdb.com/title/tt0054799/?ref_=sr_t_597,1960,1h,,7.0,246
598. El impostor,https://www.imdb.com/title/tt0049360/?ref_=sr_t_598,1960,1h 19m,,6.6,28
599. Forelsket i København,https://www.imdb.com/title/tt0053832/?ref_=sr_t_599,1960,1h 38m,,6.3,176
600. Susanne,https://www.imdb.com/title/tt0054356/?ref_=sr_t_600,1960,1h 27m,,4.6,33
