Title,Movie Link,Year,Duration,MPA,Rating,Votes
1. Butch Cassidy and the Sundance Kid,https://www.imdb.com/title/tt0064115/?ref_=sr_t_1,1969,1h 50m,PG,8.0,230K
2. The Love Bug,https://www.imdb.com/title/tt0064603/?ref_=sr_t_2,1969,1h 48m,G,6.5,18K
3. Midnight Cowboy,https://www.imdb.com/title/tt0064665/?ref_=sr_t_3,1969,1h 53m,R,7.8,124K
4. On Her Majesty's Secret Service,https://www.imdb.com/title/tt0064757/?ref_=sr_t_4,1969,2h 22m,PG,6.7,102K
5. Paint Your Wagon,https://www.imdb.com/title/tt0064782/?ref_=sr_t_5,1969,2h 44m,PG-13,6.6,15K
6. Satyricon,https://www.imdb.com/title/tt0064940/?ref_=sr_t_6,1969,2h 9m,R,6.8,18K
7. Army of Shadows,https://www.imdb.com/title/tt0064040/?ref_=sr_t_7,1969,2h 25m,Not Rated,8.1,27K
8. The Wild Bunch,https://www.imdb.com/title/tt0065214/?ref_=sr_t_8,1969,2h 15m,R,7.9,92K
"9. Hello, Dolly!",https://www.imdb.com/title/tt0064418/?ref_=sr_t_9,1969,2h 26m,G,7.0,17K
10. True Grit,https://www.imdb.com/title/tt0065126/?ref_=sr_t_10,1969,2h 8m,G,7.4,53K
11. The Swimming Pool,https://www.imdb.com/title/tt0064816/?ref_=sr_t_11,1969,2h 2m,16+,7.1,14K
12. Easy Rider,https://www.imdb.com/title/tt0064276/?ref_=sr_t_12,1969,1h 35m,R,7.2,119K
13. Z,https://www.imdb.com/title/tt0065234/?ref_=sr_t_13,1969,2h 7m,M/PG,8.1,32K
14. Mississippi Mermaid,https://www.imdb.com/title/tt0064990/?ref_=sr_t_14,1969,2h 3m,R,6.9,7.6K
"15. Float Like a Butterfly, Sting Like a Bee",https://www.imdb.com/title/tt0219935/?ref_=sr_t_15,1969,1h 34m,Not Rated,7.6,712
16. The Sorrow and the Pity,https://www.imdb.com/title/tt0066904/?ref_=sr_t_16,1969,4h 11m,PG,8.1,4.2K
17. Duet for Cannibals,https://www.imdb.com/title/tt0062916/?ref_=sr_t_17,1969,1h 45m,,6.5,287
18. Love Is Colder Than Death,https://www.imdb.com/title/tt0064588/?ref_=sr_t_18,1969,1h 28m,Not Rated,6.5,3.6K
19. Katzelmacher,https://www.imdb.com/title/tt0064536/?ref_=sr_t_19,1969,1h 28m,Not Rated,6.8,3.2K
20. The Italian Job,https://www.imdb.com/title/tt0064505/?ref_=sr_t_20,1969,1h 39m,G,7.2,52K
21. Battle of Britain,https://www.imdb.com/title/tt0064072/?ref_=sr_t_21,1969,2h 12m,G,6.9,25K
22. Support Your Local Sheriff!,https://www.imdb.com/title/tt0065051/?ref_=sr_t_22,1969,1h 32m,G,7.4,13K
23. My Night at Maud's,https://www.imdb.com/title/tt0064612/?ref_=sr_t_23,1969,1h 45m,GP,7.8,15K
"24. They Shoot Horses, Don't They?",https://www.imdb.com/title/tt0065088/?ref_=sr_t_24,1969,2h 9m,M,7.8,22K
25. The Christmas Tree,https://www.imdb.com/title/tt0064037/?ref_=sr_t_25,1969,1h 50m,G,6.3,810
26. The Prime of Miss Jean Brodie,https://www.imdb.com/title/tt0064840/?ref_=sr_t_26,1969,1h 56m,M/PG,7.6,11K
27. Age of Consent,https://www.imdb.com/title/tt0063991/?ref_=sr_t_27,1969,1h 38m,R,6.3,3.9K
28. The Color of Pomegranates,https://www.imdb.com/title/tt0063555/?ref_=sr_t_28,1969,1h 19m,Not Rated,7.6,15K
29. Women in Love,https://www.imdb.com/title/tt0066579/?ref_=sr_t_29,1969,2h 11m,R,7.1,8.9K
30. Pendulum,https://www.imdb.com/title/tt0064797/?ref_=sr_t_30,1969,1h 46m,R,6.2,849
31. Carry on Camping,https://www.imdb.com/title/tt0064133/?ref_=sr_t_31,1969,1h 28m,R,6.6,6.1K
32. Pippi Longstocking,https://www.imdb.com/title/tt0366905/?ref_=sr_t_32,1969,1h 39m,G,7.0,5.5K
33. Sweet Charity,https://www.imdb.com/title/tt0065054/?ref_=sr_t_33,1969,2h 29m,G,6.9,7.1K
34. Kes,https://www.imdb.com/title/tt0064541/?ref_=sr_t_34,1969,1h 51m,PG-13,7.9,24K
35. The Damned,https://www.imdb.com/title/tt0064118/?ref_=sr_t_35,1969,2h 37m,R,7.4,10K
36. Marquis de Sade's Justine,https://www.imdb.com/title/tt0062870/?ref_=sr_t_36,1969,1h 30m,R,5.1,2.2K
37. A Boy Named Charlie Brown,https://www.imdb.com/title/tt0064107/?ref_=sr_t_37,1969,1h 26m,G,7.3,5.8K
38. Freedom to Love,https://www.imdb.com/title/tt0167166/?ref_=sr_t_38,1969,1h 30m,,4.9,300
39. The 5-Man Army,https://www.imdb.com/title/tt0064300/?ref_=sr_t_39,1969,1h 50m,M/PG,6.5,1.9K
40. The Rain People,https://www.imdb.com/title/tt0064873/?ref_=sr_t_40,1969,1h 41m,R,6.8,4.3K
41. Cactus Flower,https://www.imdb.com/title/tt0064117/?ref_=sr_t_41,1969,1h 44m,M,7.2,12K
42. Top Sensation,https://www.imdb.com/title/tt0063707/?ref_=sr_t_42,1969,1h 26m,R,5.4,756
43. Paranoia,https://www.imdb.com/title/tt0063413/?ref_=sr_t_43,1969,1h 31m,X,6.0,1.8K
44. 99 Women,https://www.imdb.com/title/tt0063977/?ref_=sr_t_44,1969,1h 26m,Unrated,4.6,1.7K
45. Mackenna's Gold,https://www.imdb.com/title/tt0064615/?ref_=sr_t_45,1969,2h 8m,M,6.7,10K
46. The Doll of Satan,https://www.imdb.com/title/tt0156329/?ref_=sr_t_46,1969,1h 30m,,5.1,560
47. Topaz,https://www.imdb.com/title/tt0065112/?ref_=sr_t_47,1969,2h 23m,M/PG,6.2,20K
48. Olsenbanden - Operasjon Egon,https://www.imdb.com/title/tt0129273/?ref_=sr_t_48,1969,1h 22m,,7.0,1.9K
49. Medea,https://www.imdb.com/title/tt0066065/?ref_=sr_t_49,1969,1h 58m,Not Rated,6.9,5.7K
50. Bob & Carol & Ted & Alice,https://www.imdb.com/title/tt0064100/?ref_=sr_t_50,1969,1h 45m,R,6.7,7.6K
51. The Cremator,https://www.imdb.com/title/tt0063633/?ref_=sr_t_51,1969,1h 35m,Not Rated,8.0,11K
52. Burn!,https://www.imdb.com/title/tt0064866/?ref_=sr_t_52,1969,1h 52m,R,7.1,6K
53. Anne of the Thousand Days,https://www.imdb.com/title/tt0064030/?ref_=sr_t_53,1969,2h 25m,M/PG,7.4,8.4K
54. The Bridge at Remagen,https://www.imdb.com/title/tt0064110/?ref_=sr_t_54,1969,1h 55m,R,6.7,11K
55. The Undefeated,https://www.imdb.com/title/tt0065150/?ref_=sr_t_55,1969,1h 59m,G,6.6,7.8K
56. 100 Rifles,https://www.imdb.com/title/tt0063970/?ref_=sr_t_56,1969,1h 50m,PG,6.0,4K
57. The Curious Female,https://www.imdb.com/title/tt0123770/?ref_=sr_t_57,1969,1h 27m,R,4.2,439
58. The Assassination Bureau,https://www.imdb.com/title/tt0064045/?ref_=sr_t_58,1969,1h 50m,PG,6.4,3.5K
59. A Thousand & One Nights,https://www.imdb.com/title/tt0064961/?ref_=sr_t_59,1969,2h 8m,X,6.5,917
60. Downhill Racer,https://www.imdb.com/title/tt0064253/?ref_=sr_t_60,1969,1h 41m,M,6.3,5.5K
61. Last Summer,https://www.imdb.com/title/tt0064573/?ref_=sr_t_61,1969,1h 35m,R,6.9,2.3K
62. Marlowe,https://www.imdb.com/title/tt0064638/?ref_=sr_t_62,1969,1h 36m,PG,6.4,4.1K
63. ¡¡Se armó el belén!!,https://www.imdb.com/title/tt0065251/?ref_=sr_t_63,1969,1h 37m,,5.1,213
64. The Extraordinary Seaman,https://www.imdb.com/title/tt0064307/?ref_=sr_t_64,1969,1h 20m,G,3.5,869
65. Camille 2000,https://www.imdb.com/title/tt0064122/?ref_=sr_t_65,1969,1h 55m,R,5.7,864
66. The Magic Christian,https://www.imdb.com/title/tt0064622/?ref_=sr_t_66,1969,1h 32m,M/PG,5.8,3.9K
67. Sabata,https://www.imdb.com/title/tt0064916/?ref_=sr_t_67,1969,1h 51m,PG,6.7,5.9K
68. The Computer Wore Tennis Shoes,https://www.imdb.com/title/tt0065566/?ref_=sr_t_68,1969,1h 31m,G,6.0,6.1K
69. The Gay Deceivers,https://www.imdb.com/title/tt0064363/?ref_=sr_t_69,1969,1h 37m,R,5.9,937
70. Oh! What a Lovely War,https://www.imdb.com/title/tt0064754/?ref_=sr_t_70,1969,2h 24m,G,7.0,3.3K
71. Love Camp 7,https://www.imdb.com/title/tt0063242/?ref_=sr_t_71,1969,1h 36m,Not Rated,3.9,1.2K
"72. Goodbye, Mr. Chips",https://www.imdb.com/title/tt0064382/?ref_=sr_t_72,1969,2h 35m,G,6.8,4K
73. The Sicilian Clan,https://www.imdb.com/title/tt0064169/?ref_=sr_t_73,1969,2h 2m,GP,7.4,9.7K
74. Blue Movie,https://www.imdb.com/title/tt0062745/?ref_=sr_t_74,1969,1h 45m,Unrated,4.7,466
75. The Love Factor,https://www.imdb.com/title/tt0065243/?ref_=sr_t_75,1969,1h 26m,R,3.9,1K
76. The Secret of Santa Vittoria,https://www.imdb.com/title/tt0064952/?ref_=sr_t_76,1969,2h 19m,PG-13,7.3,4.3K
77. Guns of the Magnificent Seven,https://www.imdb.com/title/tt0064395/?ref_=sr_t_77,1969,1h 45m,G,5.8,3.4K
"78. Me, Natalie",https://www.imdb.com/title/tt0064651/?ref_=sr_t_78,1969,1h 51m,M/PG,6.4,1.2K
79. The Olsen Gang in a Fix,https://www.imdb.com/title/tt0064755/?ref_=sr_t_79,1969,1h 51m,Not Rated,6.4,2.1K
80. Winning,https://www.imdb.com/title/tt0065215/?ref_=sr_t_80,1969,2h 3m,PG,6.0,2.3K
81. Those Daring Young Men in Their Jaunty Jalopies,https://www.imdb.com/title/tt0064688/?ref_=sr_t_81,1969,2h 2m,G,6.1,2.6K
"82. Goodbye, Columbus",https://www.imdb.com/title/tt0064381/?ref_=sr_t_82,1969,1h 42m,PG,6.4,2.4K
83. The Valley of Gwangi,https://www.imdb.com/title/tt0065163/?ref_=sr_t_83,1969,1h 36m,G,6.2,5.1K
84. Some Girls Do,https://www.imdb.com/title/tt0065009/?ref_=sr_t_84,1969,1h 31m,G,5.5,862
85. The Bed Sitting Room,https://www.imdb.com/title/tt0064074/?ref_=sr_t_85,1969,1h 30m,PG-13,6.1,2.7K
86. Castle Keep,https://www.imdb.com/title/tt0064137/?ref_=sr_t_86,1969,1h 47m,R,6.1,3.6K
87. The Trouble with Girls,https://www.imdb.com/title/tt0065125/?ref_=sr_t_87,1969,1h 37m,G,5.2,1.8K
88. Les femmes,https://www.imdb.com/title/tt0064324/?ref_=sr_t_88,1969,1h 26m,,5.4,504
89. Attraction,https://www.imdb.com/title/tt0063340/?ref_=sr_t_89,1969,1h 17m,X,5.1,510
90. Alice's Restaurant,https://www.imdb.com/title/tt0064002/?ref_=sr_t_90,1969,1h 51m,R,6.3,4.8K
91. Funeral Parade of Roses,https://www.imdb.com/title/tt0064068/?ref_=sr_t_91,1969,1h 45m,Not Rated,7.7,7.7K
92. Medium Cool,https://www.imdb.com/title/tt0064652/?ref_=sr_t_92,1969,1h 51m,R,7.2,4.9K
93. Devil in the Flesh,https://www.imdb.com/title/tt0064626/?ref_=sr_t_93,1969,1h 23m,R,5.1,728
94. The House That Screamed,https://www.imdb.com/title/tt0064888/?ref_=sr_t_94,1969,1h 34m,GP,6.8,4.4K
95. The Illustrated Man,https://www.imdb.com/title/tt0064473/?ref_=sr_t_95,1969,1h 43m,M/PG,5.8,3.6K
96. Venus in Furs,https://www.imdb.com/title/tt0064789/?ref_=sr_t_96,1969,1h 26m,R,5.6,2.3K
97. Change of Habit,https://www.imdb.com/title/tt0065537/?ref_=sr_t_97,1969,1h 33m,G,6.0,2.8K
98. The Diamond Arm,https://www.imdb.com/title/tt0062759/?ref_=sr_t_98,1969,1h 34m,Not Rated,8.3,17K
99. The Mad Room,https://www.imdb.com/title/tt0064617/?ref_=sr_t_99,1969,1h 33m,M,5.7,694
100. 80 Steps to Jonah,https://www.imdb.com/title/tt0063976/?ref_=sr_t_100,1969,1h 47m,G,5.6,259
101. Marooned,https://www.imdb.com/title/tt0064639/?ref_=sr_t_101,1969,2h 14m,G,5.9,6.1K
102. Baby Love,https://www.imdb.com/title/tt0062693/?ref_=sr_t_102,1969,1h 33m,R,5.7,743
103. The Reivers,https://www.imdb.com/title/tt0064886/?ref_=sr_t_103,1969,1h 47m,PG-13,6.6,3.4K
104. That Cold Day in the Park,https://www.imdb.com/title/tt0065086/?ref_=sr_t_104,1969,1h 53m,R,7.0,2.4K
105. The Night of the Following Day,https://www.imdb.com/title/tt0064728/?ref_=sr_t_105,1969,1h 33m,R,6.0,2.6K
106. More,https://www.imdb.com/title/tt0064694/?ref_=sr_t_106,1969,1h 52m,,6.4,3.3K
107. The April Fools,https://www.imdb.com/title/tt0064036/?ref_=sr_t_107,1969,1h 35m,PG,6.1,1.6K
108. Horror House,https://www.imdb.com/title/tt0064443/?ref_=sr_t_108,1969,1h 32m,PG,4.7,1.3K
109. Take the Money and Run,https://www.imdb.com/title/tt0065063/?ref_=sr_t_109,1969,1h 25m,M/PG,7.2,32K
110. Moon Zero Two,https://www.imdb.com/title/tt0064691/?ref_=sr_t_110,1969,1h 40m,G,4.5,2K
111. Crossplot,https://www.imdb.com/title/tt0064193/?ref_=sr_t_111,1969,1h 36m,PG-13,5.4,944
112. Vendetta for the Saint,https://www.imdb.com/title/tt3141810/?ref_=sr_t_112,1969,1h 35m,Not Rated,6.2,429
113. Model Shop,https://www.imdb.com/title/tt0064679/?ref_=sr_t_113,1969,1h 37m,M,6.6,2.2K
114. School for Sex,https://www.imdb.com/title/tt0063564/?ref_=sr_t_114,1969,1h 8m,Not Rated,3.7,426
115. Putney Swope,https://www.imdb.com/title/tt0064855/?ref_=sr_t_115,1969,1h 24m,R,6.7,4.5K
116. Grimm's Fairy Tales for Adults,https://www.imdb.com/title/tt0064394/?ref_=sr_t_116,1969,1h 16m,R,4.7,223
117. Chastity,https://www.imdb.com/title/tt0064156/?ref_=sr_t_117,1969,1h 23m,PG,4.8,579
118. The Sterile Cuckoo,https://www.imdb.com/title/tt0065037/?ref_=sr_t_118,1969,1h 47m,PG,6.6,2.5K
119. Hibernatus,https://www.imdb.com/title/tt0064425/?ref_=sr_t_119,1969,1h 22m,Not Rated,6.6,6.9K
120. The Good Guys and the Bad Guys,https://www.imdb.com/title/tt0064379/?ref_=sr_t_120,1969,1h 30m,M,6.1,1.6K
121. The Witness,https://www.imdb.com/title/tt0065067/?ref_=sr_t_121,1969,1h 45m,,8.6,8K
122. Frankenstein Must Be Destroyed,https://www.imdb.com/title/tt0065738/?ref_=sr_t_122,1969,1h 41m,PG-13,6.7,5.4K
123. A Promise of Bed,https://www.imdb.com/title/tt0064848/?ref_=sr_t_123,1969,1h 25m,Not Rated,4.1,155
124. School for Unclaimed Girls,https://www.imdb.com/title/tt0064943/?ref_=sr_t_124,1969,1h 35m,R,4.9,257
125. Kiss Me Monster,https://www.imdb.com/title/tt0061432/?ref_=sr_t_125,1969,1h 15m,R,4.4,791
126. The Conspiracy of Torture,https://www.imdb.com/title/tt0064073/?ref_=sr_t_126,1969,1h 24m,R,6.6,1.1K
"127. If It's Tuesday, This Must Be Belgium",https://www.imdb.com/title/tt0064471/?ref_=sr_t_127,1969,1h 39m,G,6.2,2.5K
128. Frau Wirtin hat auch eine Nichte,https://www.imdb.com/title/tt0064344/?ref_=sr_t_128,1969,1h 38m,,4.7,102
129. Sam Whiskey,https://www.imdb.com/title/tt0064923/?ref_=sr_t_129,1969,1h 36m,PG-13,5.9,1.8K
130. The Arrangement,https://www.imdb.com/title/tt0064041/?ref_=sr_t_130,1969,2h 5m,R,6.3,3.4K
131. De Sade,https://www.imdb.com/title/tt0064212/?ref_=sr_t_131,1969,2h,R,4.3,812
132. The Secret Sex Lives of Romeo and Juliet,https://www.imdb.com/title/tt0127819/?ref_=sr_t_132,1969,1h 36m,NC-17,4.5,309
133. One on Top of the Other,https://www.imdb.com/title/tt0065148/?ref_=sr_t_133,1969,1h 48m,R,6.6,2.8K
134. Journey to the Far Side of the Sun,https://www.imdb.com/title/tt0064519/?ref_=sr_t_134,1969,1h 41m,G,6.3,4.2K
"135. Cherry, Harry & Raquel!",https://www.imdb.com/title/tt0064160/?ref_=sr_t_135,1969,1h 11m,R,5.3,1.3K
136. All Monsters Attack,https://www.imdb.com/title/tt0064373/?ref_=sr_t_136,1969,1h 10m,G,3.9,5.8K
137. The Passion of Anna,https://www.imdb.com/title/tt0064793/?ref_=sr_t_137,1969,1h 41m,R,7.6,11K
138. My Side of the Mountain,https://www.imdb.com/title/tt0064708/?ref_=sr_t_138,1969,1h 40m,G,6.6,1.2K
139. Carry on Again Doctor,https://www.imdb.com/title/tt0064132/?ref_=sr_t_139,1969,1h 29m,Not Rated,6.2,3.1K
140. The Curious Dr. Humpp,https://www.imdb.com/title/tt0062433/?ref_=sr_t_140,1969,1h 27m,X,4.8,728
141. The Girl from Rio,https://www.imdb.com/title/tt0062808/?ref_=sr_t_141,1969,1h 34m,R,4.2,1.3K
142. The Erotic Adventures of Robin Hood,https://www.imdb.com/title/tt0064892/?ref_=sr_t_142,1969,1h 23m,X,4.2,187
143. Charro!,https://www.imdb.com/title/tt0064155/?ref_=sr_t_143,1969,1h 38m,PG,5.6,2.5K
144. Boot Hill,https://www.imdb.com/title/tt0064175/?ref_=sr_t_144,1969,1h 27m,GP,5.5,3.9K
145. Can Heironymus Merkin Ever Forget Mercy Humppe and Find True Happiness?,https://www.imdb.com/title/tt0064123/?ref_=sr_t_145,1969,1h 47m,R,4.9,423
146. Blind Beast,https://www.imdb.com/title/tt0140384/?ref_=sr_t_146,1969,1h 26m,,7.0,4.1K
147. The Laughing Woman,https://www.imdb.com/title/tt0124621/?ref_=sr_t_147,1969,1h 30m,R,6.8,1.6K
148. Gamera vs. Guiron,https://www.imdb.com/title/tt0064360/?ref_=sr_t_148,1969,1h 20m,Unrated,4.3,3.1K
149. The Year of the Cannibals,https://www.imdb.com/title/tt0065518/?ref_=sr_t_149,1969,1h 28m,GP,6.3,537
150. The Red Tent,https://www.imdb.com/title/tt0067315/?ref_=sr_t_150,1969,2h 38m,G,6.9,2.5K
151. Play Dirty,https://www.imdb.com/title/tt0063443/?ref_=sr_t_151,1969,1h 58m,R,6.7,3.9K
152. Tell Them Willie Boy Is Here,https://www.imdb.com/title/tt0065079/?ref_=sr_t_152,1969,1h 38m,PG,6.3,3.4K
153. Mig og min lillebror og Bølle,https://www.imdb.com/title/tt0064666/?ref_=sr_t_153,1969,1h 26m,,5.2,235
154. The Milky Way,https://www.imdb.com/title/tt0066534/?ref_=sr_t_154,1969,1h 45m,M,7.3,8.3K
155. The Brothers Karamazov,https://www.imdb.com/title/tt0062757/?ref_=sr_t_155,1969,3h 52m,,7.6,998
156. The Scavengers,https://www.imdb.com/title/tt0067714/?ref_=sr_t_156,1969,1h 34m,R,4.8,255
157. The Oblong Box,https://www.imdb.com/title/tt0064747/?ref_=sr_t_157,1969,1h 36m,R,5.9,4.1K
158. Hannibal Brooks,https://www.imdb.com/title/tt0064403/?ref_=sr_t_158,1969,1h 41m,PG-13,6.6,1.8K
159. So Sweet... So Perverse,https://www.imdb.com/title/tt0064186/?ref_=sr_t_159,1969,1h 32m,,6.0,1.4K
160. Spring,https://www.imdb.com/title/tt0064542/?ref_=sr_t_160,1969,1h 27m,,8.0,1.6K
161. Captain Nemo and the Underwater City,https://www.imdb.com/title/tt0065522/?ref_=sr_t_161,1969,1h 45m,G,5.7,1.9K
162. The Ramrodder,https://www.imdb.com/title/tt0127207/?ref_=sr_t_162,1969,1h 32m,X,4.6,206
163. Obsessions,https://www.imdb.com/title/tt0064748/?ref_=sr_t_163,1969,1h 30m,,5.4,347
164. Mad Love,https://www.imdb.com/title/tt0062663/?ref_=sr_t_164,1969,4h 12m,,7.3,896
165. The Wonderful Land of Oz,https://www.imdb.com/title/tt0065223/?ref_=sr_t_165,1969,1h 12m,,2.1,417
166. Lions Love (... and Lies),https://www.imdb.com/title/tt0064591/?ref_=sr_t_166,1969,1h 52m,Not Rated,5.9,1.4K
167. Alfred the Great,https://www.imdb.com/title/tt0064000/?ref_=sr_t_167,1969,2h 2m,M/PG,6.2,1.1K
168. Let It All Hang Out,https://www.imdb.com/title/tt0064632/?ref_=sr_t_168,1969,1h 26m,R,4.4,154
169. The Gypsy Moths,https://www.imdb.com/title/tt0064397/?ref_=sr_t_169,1969,1h 47m,R,6.3,2.5K
170. The Wedding Party,https://www.imdb.com/title/tt0065198/?ref_=sr_t_170,1969,1h 32m,Not Rated,4.7,1.6K
"171. Hook, Line and Sinker",https://www.imdb.com/title/tt0064439/?ref_=sr_t_171,1969,1h 31m,G,5.4,964
172. Shark,https://www.imdb.com/title/tt0066365/?ref_=sr_t_172,1969,1h 32m,PG,4.6,1.3K
173. Ur kärlekens språk,https://www.imdb.com/title/tt0064563/?ref_=sr_t_173,1969,1h 42m,X,5.1,399
174. Mosquito Squadron,https://www.imdb.com/title/tt0064699/?ref_=sr_t_174,1969,1h 30m,G,5.7,1.7K
175. Death of a Gunfighter,https://www.imdb.com/title/tt0064217/?ref_=sr_t_175,1969,1h 34m,M,6.2,1.7K
176. Mother's Heart,https://www.imdb.com/title/tt0195621/?ref_=sr_t_176,1969,1h 32m,TV-MA,5.6,247
177. Le calde notti di Poppea,https://www.imdb.com/title/tt0064119/?ref_=sr_t_177,1969,1h 34m,,4.6,113
178. Puss in Boots,https://www.imdb.com/title/tt0064714/?ref_=sr_t_178,1969,1h 20m,TV-Y7-FV,7.2,1K
179. 12 + 1,https://www.imdb.com/title/tt0065361/?ref_=sr_t_179,1969,1h 34m,R,5.8,714
180. Linda and Abilene,https://www.imdb.com/title/tt0064590/?ref_=sr_t_180,1969,1h 31m,Unrated,4.0,349
181. Mondo Trasho,https://www.imdb.com/title/tt0064683/?ref_=sr_t_181,1969,1h 35m,Not Rated,5.9,1.6K
182. Latitude Zero,https://www.imdb.com/title/tt0064470/?ref_=sr_t_182,1969,1h 29m,G,5.9,1.1K
183. The Cow,https://www.imdb.com/title/tt0064356/?ref_=sr_t_183,1969,1h 44m,Not Rated,7.9,8.2K
184. Eva - Den utstötta,https://www.imdb.com/title/tt0064303/?ref_=sr_t_184,1969,1h 33m,R,4.5,133
185. The Brazen Women of Balzac,https://www.imdb.com/title/tt0064550/?ref_=sr_t_185,1969,1h 20m,X,4.6,143
186. The Madwoman of Chaillot,https://www.imdb.com/title/tt0064621/?ref_=sr_t_186,1969,2h 12m,G,5.9,1.2K
187. The Thousand Plane Raid,https://www.imdb.com/title/tt0065093/?ref_=sr_t_187,1969,1h 33m,G,5.6,574
188. Die nackte Bovary,https://www.imdb.com/title/tt0064713/?ref_=sr_t_188,1969,1h 31m,Not Rated,5.2,294
189. The Happy Ending,https://www.imdb.com/title/tt0064405/?ref_=sr_t_189,1969,1h 57m,R,6.3,1.3K
190. Love Circle,https://www.imdb.com/title/tt0064660/?ref_=sr_t_190,1969,2h 5m,R,6.2,323
191. Dracula (The Dirty Old Man),https://www.imdb.com/title/tt0064255/?ref_=sr_t_191,1969,1h 9m,Not Rated,3.5,412
192. The Learning Tree,https://www.imdb.com/title/tt0064579/?ref_=sr_t_192,1969,1h 47m,PG,7.2,1.7K
193. Carnal Circuit,https://www.imdb.com/title/tt0165285/?ref_=sr_t_193,1969,1h 39m,R,5.7,204
194. Justine,https://www.imdb.com/title/tt0064526/?ref_=sr_t_194,1969,1h 56m,R,5.4,560
195. Night of the Bloody Apes,https://www.imdb.com/title/tt0063090/?ref_=sr_t_195,1969,1h 23m,R,4.8,1.3K
196. Salesman,https://www.imdb.com/title/tt0064921/?ref_=sr_t_196,1969,1h 31m,G,7.6,5.9K
197. Giacomo Casanova: Childhood and Adolescence,https://www.imdb.com/title/tt0064485/?ref_=sr_t_197,1969,2h 3m,,7.1,473
198. John and Mary,https://www.imdb.com/title/tt0064513/?ref_=sr_t_198,1969,1h 32m,R,6.5,2.5K
199. The Virgin Soldiers,https://www.imdb.com/title/tt0065182/?ref_=sr_t_199,1969,1h 35m,R,6.1,489
200. Ring of Bright Water,https://www.imdb.com/title/tt0064893/?ref_=sr_t_200,1969,1h 47m,G,7.1,1.7K
201. Madame and Her Niece,https://www.imdb.com/title/tt0064618/?ref_=sr_t_201,1969,1h 27m,,4.9,108
202. The First Time,https://www.imdb.com/title/tt0064331/?ref_=sr_t_202,1969,1h 30m,PG-13,4.9,587
203. Satan's Sadists,https://www.imdb.com/title/tt0064939/?ref_=sr_t_203,1969,1h 26m,R,4.7,1.2K
204. Viva Max,https://www.imdb.com/title/tt0065184/?ref_=sr_t_204,1969,1h 33m,G,6.0,571
205. Pippi Goes on Board,https://www.imdb.com/title/tt0123111/?ref_=sr_t_205,1969,1h 23m,G,6.9,3.1K
206. Love and Anger,https://www.imdb.com/title/tt0064019/?ref_=sr_t_206,1969,1h 42m,,5.8,869
207. The Unfaithful Wife,https://www.imdb.com/title/tt0064323/?ref_=sr_t_207,1969,1h 38m,R,7.4,4.6K
208. Goto: Island of Love,https://www.imdb.com/title/tt0063026/?ref_=sr_t_208,1969,1h 33m,Not Rated,6.5,1K
209. The Comic,https://www.imdb.com/title/tt0064179/?ref_=sr_t_209,1969,1h 34m,M/PG,6.4,980
210. Should a Schoolgirl Tell?,https://www.imdb.com/title/tt0064516/?ref_=sr_t_210,1969,1h 7m,R,4.6,93
211. The Love God?,https://www.imdb.com/title/tt0064606/?ref_=sr_t_211,1969,1h 41m,PG-13,6.3,1.1K
"212. Tarzana, the Wild Woman",https://www.imdb.com/title/tt0065070/?ref_=sr_t_212,1969,1h 27m,R,4.7,168
213. A Time for Dying,https://www.imdb.com/title/tt0058660/?ref_=sr_t_213,1969,1h 12m,M,5.7,758
"214. Angel, Angel, Down We Go",https://www.imdb.com/title/tt0065602/?ref_=sr_t_214,1969,1h 33m,R,4.3,543
215. This Man Must Die,https://www.imdb.com/title/tt0064861/?ref_=sr_t_215,1969,1h 50m,GP,7.6,5K
216. Lock Up Your Daughters!,https://www.imdb.com/title/tt0064597/?ref_=sr_t_216,1969,1h 42m,R,4.9,217
217. Slogan,https://www.imdb.com/title/tt0065000/?ref_=sr_t_217,1969,1h 30m,GP,5.8,494
218. Young Billy Young,https://www.imdb.com/title/tt0065230/?ref_=sr_t_218,1969,1h 29m,G,5.7,1.6K
219. The Body Stealers,https://www.imdb.com/title/tt0065089/?ref_=sr_t_219,1969,1h 31m,PG,4.3,634
220. The Battle of Neretva,https://www.imdb.com/title/tt0064091/?ref_=sr_t_220,1969,1h 45m,G,7.0,4.2K
221. Psychout for Murder,https://www.imdb.com/title/tt0067631/?ref_=sr_t_221,1969,1h 28m,R,6.2,482
222. Sinful Davey,https://www.imdb.com/title/tt0064988/?ref_=sr_t_222,1969,1h 35m,R,5.7,598
223. Herzblatt oder Wie sag' ich's meiner Tochter?,https://www.imdb.com/title/tt0064421/?ref_=sr_t_223,1969,1h 19m,,5.5,79
224. Fraulein Doktor,https://www.imdb.com/title/tt0064350/?ref_=sr_t_224,1969,1h 44m,M,6.4,542
225. Some Like It Sexy,https://www.imdb.com/title/tt0065011/?ref_=sr_t_225,1969,1h 12m,,4.1,164
226. The Lady of Monza,https://www.imdb.com/title/tt0064682/?ref_=sr_t_226,1969,1h 45m,R,5.4,223
227. Django the Bastard,https://www.imdb.com/title/tt0064240/?ref_=sr_t_227,1969,1h 38m,PG,6.1,1.3K
"228. Run Wild, Run Free",https://www.imdb.com/title/tt0064909/?ref_=sr_t_228,1969,1h 40m,G,6.3,504
229. Number One,https://www.imdb.com/title/tt0064743/?ref_=sr_t_229,1969,1h 45m,PG-13,5.5,724
230. Colonel Wolodyjowski,https://www.imdb.com/title/tt0064785/?ref_=sr_t_230,1969,2h 40m,,7.2,1.8K
231. Cemetery Without Crosses,https://www.imdb.com/title/tt0063740/?ref_=sr_t_231,1969,1h 30m,Not Rated,6.7,2.5K
232. Detective Belli,https://www.imdb.com/title/tt0066030/?ref_=sr_t_232,1969,1h 43m,R,6.0,397
233. Hell's Belles,https://www.imdb.com/title/tt0063058/?ref_=sr_t_233,1969,1h 35m,PG-13,5.5,392
234. Eye of the Cat,https://www.imdb.com/title/tt0064310/?ref_=sr_t_234,1969,1h 42m,M,6.1,1.3K
235. Horrors of Malformed Men,https://www.imdb.com/title/tt0142257/?ref_=sr_t_235,1969,1h 39m,Not Rated,6.5,2K
236. Sixtynine 69,https://www.imdb.com/title/tt0064558/?ref_=sr_t_236,1969,1h 38m,,5.2,268
237. Hard Contract,https://www.imdb.com/title/tt0064406/?ref_=sr_t_237,1969,1h 46m,R,5.7,634
238. Swedish Wife Exchange Club,https://www.imdb.com/title/tt0166591/?ref_=sr_t_238,1969,1h 33m,R,3.6,35
239. Machine Gun McCain,https://www.imdb.com/title/tt0065895/?ref_=sr_t_239,1969,1h 36m,GP,6.1,1.7K
240. What Ever Happened to Aunt Alice?,https://www.imdb.com/title/tt0065206/?ref_=sr_t_240,1969,1h 41m,M/PG,6.8,2.9K
241. The Minx,https://www.imdb.com/title/tt0064670/?ref_=sr_t_241,1969,1h 24m,R,4.5,84
242. More Dead Than Alive,https://www.imdb.com/title/tt0064695/?ref_=sr_t_242,1969,1h 41m,R,6.1,1.1K
243. Hello Down There,https://www.imdb.com/title/tt0064417/?ref_=sr_t_243,1969,1h 28m,G,5.6,976
244. The Swap,https://www.imdb.com/title/tt0064924/?ref_=sr_t_244,1969,1h 29m,R,3.4,987
245. The Appointment,https://www.imdb.com/title/tt0064035/?ref_=sr_t_245,1969,1h 55m,R,5.3,931
246. Scacco alla regina,https://www.imdb.com/title/tt0166789/?ref_=sr_t_246,1969,1h 39m,,6.3,258
247. Naughty Roommates,https://www.imdb.com/title/tt0064587/?ref_=sr_t_247,1969,1h 28m,X,4.9,82
248. Hamlet,https://www.imdb.com/title/tt0064400/?ref_=sr_t_248,1969,1h 57m,G,7.0,894
249. Double Suicide,https://www.imdb.com/title/tt0064975/?ref_=sr_t_249,1969,1h 45m,Not Rated,7.6,2.7K
250. Seven Crystal Balls and the Prisoners of the Sun,https://www.imdb.com/title/tt0065106/?ref_=sr_t_250,1969,1h 17m,,6.6,2.3K
251. Kama Sutra,https://www.imdb.com/title/tt0064532/?ref_=sr_t_251,1969,1h 30m,R,4.3,136
252. The Big Bounce,https://www.imdb.com/title/tt0064087/?ref_=sr_t_252,1969,1h 42m,R,5.3,474
253. Fuego,https://www.imdb.com/title/tt0062993/?ref_=sr_t_253,1969,1h 21m,X,5.7,404
254. Stoney,https://www.imdb.com/title/tt0324120/?ref_=sr_t_254,1969,1h 28m,R,4.1,159
255. Satyricon,https://www.imdb.com/title/tt0166788/?ref_=sr_t_255,1969,2h,,6.2,268
256. The Witchmaker,https://www.imdb.com/title/tt0065217/?ref_=sr_t_256,1969,1h 39m,R,5.1,614
257. A Walk with Love and Death,https://www.imdb.com/title/tt0065195/?ref_=sr_t_257,1969,1h 30m,PG,6.4,845
258. Ittefaq,https://www.imdb.com/title/tt0064506/?ref_=sr_t_258,1969,1h 44m,,7.4,1.2K
259. Pigsty,https://www.imdb.com/title/tt0064828/?ref_=sr_t_259,1969,1h 39m,Not Rated,6.6,4.1K
260. Five the Hard Way,https://www.imdb.com/title/tt0061671/?ref_=sr_t_260,1969,1h 22m,M,1.8,2.1K
261. Dirkie,https://www.imdb.com/title/tt0151392/?ref_=sr_t_261,1969,1h 21m,G,7.0,494
262. Impasse,https://www.imdb.com/title/tt0065884/?ref_=sr_t_262,1969,1h 40m,R,5.1,467
263. Orgies of Edo,https://www.imdb.com/title/tt0143010/?ref_=sr_t_263,1969,1h 34m,Not Rated,6.1,604
264. The Steel Edge of Revenge,https://www.imdb.com/title/tt0064387/?ref_=sr_t_264,1969,2h 4m,PG,7.6,2.7K
265. ¡Viva la vida!,https://www.imdb.com/title/tt0179000/?ref_=sr_t_265,1969,1h 45m,,4.7,26
266. Dillinger Is Dead,https://www.imdb.com/title/tt0062893/?ref_=sr_t_266,1969,1h 35m,Not Rated,6.9,2.9K
267. Santo in the Treasure of Dracula,https://www.imdb.com/title/tt0208504/?ref_=sr_t_267,1969,1h 21m,,4.8,594
268. Love Feast,https://www.imdb.com/title/tt0064605/?ref_=sr_t_268,1969,1h 3m,X,2.9,230
269. Do Raaste,https://www.imdb.com/title/tt0064241/?ref_=sr_t_269,1969,2h 30m,,7.1,392
270. Inferno of Torture,https://www.imdb.com/title/tt0142920/?ref_=sr_t_270,1969,1h 35m,18+,5.7,682
271. Angel in My Pocket,https://www.imdb.com/title/tt0064026/?ref_=sr_t_271,1969,1h 45m,G,7.0,531
272. Nanak Naam Jahaz Hai,https://www.imdb.com/title/tt0142681/?ref_=sr_t_272,1969,2h 20m,,8.5,89
273. Sinner's Blood,https://www.imdb.com/title/tt0064989/?ref_=sr_t_273,1969,1h 21m,R,3.9,172
274. The Specialists,https://www.imdb.com/title/tt0065026/?ref_=sr_t_274,1969,1h 44m,,6.3,1.5K
275. The Wild Pussycat,https://www.imdb.com/title/tt0194541/?ref_=sr_t_275,1969,1h 28m,,5.7,143
276. Macabre,https://www.imdb.com/title/tt0062438/?ref_=sr_t_276,1969,1h 31m,,5.5,281
277. Goopy Gyne Bagha Byne,https://www.imdb.com/title/tt0063023/?ref_=sr_t_277,1969,2h 12m,,8.7,2.9K
278. The Stewardesses,https://www.imdb.com/title/tt0168192/?ref_=sr_t_278,1969,1h 33m,R,3.8,397
279. Tarkan,https://www.imdb.com/title/tt0274931/?ref_=sr_t_279,1969,1h 21m,,6.6,2K
280. Khamoshi,https://www.imdb.com/title/tt0142431/?ref_=sr_t_280,1969,2h 7m,Not Rated,7.7,666
281. Midas Run,https://www.imdb.com/title/tt0064664/?ref_=sr_t_281,1969,1h 46m,M,4.8,195
282. Una ragazza piuttosto complicata,https://www.imdb.com/title/tt0063486/?ref_=sr_t_282,1969,1h 40m,,5.7,235
283. Fangs of the Living Dead,https://www.imdb.com/title/tt0062957/?ref_=sr_t_283,1969,1h 28m,PG,4.4,1.2K
284. Zenabel,https://www.imdb.com/title/tt0065240/?ref_=sr_t_284,1969,1h 39m,R,4.8,212
285. The Ecstasies of Women,https://www.imdb.com/title/tt0064278/?ref_=sr_t_285,1969,1h 14m,Unrated,4.0,344
286. Larks on a String,https://www.imdb.com/title/tt0064994/?ref_=sr_t_286,1969,1h 34m,,7.3,2.3K
287. Alle Kätzchen naschen gern,https://www.imdb.com/title/tt0064005/?ref_=sr_t_287,1969,1h 24m,,4.8,169
288. Stiletto,https://www.imdb.com/title/tt0065038/?ref_=sr_t_288,1969,1h 38m,R,5.1,317
289. Polowanie na muchy,https://www.imdb.com/title/tt0064825/?ref_=sr_t_289,1969,1h 44m,,6.3,450
290. A veréb is madár,https://www.imdb.com/title/tt0063768/?ref_=sr_t_290,1969,1h 20m,,6.8,279
291. The Erotic Circus,https://www.imdb.com/title/tt0217442/?ref_=sr_t_291,1969,1h 9m,,3.9,72
292. The Best House in London,https://www.imdb.com/title/tt0064081/?ref_=sr_t_292,1969,1h 37m,X,4.4,401
293. The Great Bank Robbery,https://www.imdb.com/title/tt0064391/?ref_=sr_t_293,1969,1h 38m,M/PG,5.6,718
294. Tepepa,https://www.imdb.com/title/tt0063679/?ref_=sr_t_294,1969,1h 43m,R,6.6,1.3K
295. Boy,https://www.imdb.com/title/tt0063876/?ref_=sr_t_295,1969,1h 37m,,7.4,2K
296. The Girl Who Knew Too Much,https://www.imdb.com/title/tt0064370/?ref_=sr_t_296,1969,1h 35m,R,5.4,201
297. Tænk på et tal,https://www.imdb.com/title/tt0065137/?ref_=sr_t_297,1969,1h 42m,,6.4,233
298. The Hang Up,https://www.imdb.com/title/tt0065812/?ref_=sr_t_298,1969,1h 15m,,5.5,155
299. The Swingin' Pussycats,https://www.imdb.com/title/tt0064876/?ref_=sr_t_299,1969,1h 30m,X,5.2,77
300. Naked Violence,https://www.imdb.com/title/tt0195209/?ref_=sr_t_300,1969,1h 32m,,6.1,891
301. The Chairman,https://www.imdb.com/title/tt0064148/?ref_=sr_t_301,1969,1h 33m,M/PG,5.6,1.4K
302. All Neat in Black Stockings,https://www.imdb.com/title/tt0062649/?ref_=sr_t_302,1969,1h 36m,R,5.1,258
303. Stereo,https://www.imdb.com/title/tt0065036/?ref_=sr_t_303,1969,1h 5m,Not Rated,5.1,2.7K
304. Staircase,https://www.imdb.com/title/tt0065031/?ref_=sr_t_304,1969,1h 36m,R,5.3,982
305. Flareup,https://www.imdb.com/title/tt0064333/?ref_=sr_t_305,1969,1h 40m,PG-13,5.0,590
306. Pit Stop,https://www.imdb.com/title/tt0064819/?ref_=sr_t_306,1969,1h 31m,Not Rated,6.7,1.1K
307. The Square Root,https://www.imdb.com/title/tt6344712/?ref_=sr_t_307,1969,,,5.3,63
308. The Royal Hunt of the Sun,https://www.imdb.com/title/tt0064907/?ref_=sr_t_308,1969,1h 58m,G,6.0,831
309. Love Is a Funny Thing,https://www.imdb.com/title/tt0065146/?ref_=sr_t_309,1969,1h 50m,R,6.4,829
310. Rabbit in the Pit,https://www.imdb.com/title/tt0239479/?ref_=sr_t_310,1969,1h 30m,,5.8,135
311. A Gentle Woman,https://www.imdb.com/title/tt0065152/?ref_=sr_t_311,1969,1h 28m,,7.3,3.2K
312. A Very Curious Girl,https://www.imdb.com/title/tt0064327/?ref_=sr_t_312,1969,1h 47m,R,6.9,1.1K
313. Stine og drengene,https://www.imdb.com/title/tt0126080/?ref_=sr_t_313,1969,1h 35m,,6.3,48
"314. Gaily, Gaily",https://www.imdb.com/title/tt0064357/?ref_=sr_t_314,1969,1h 47m,R,5.3,437
315. Kangkarot,https://www.imdb.com/title/tt1188708/?ref_=sr_t_315,1969,1h 45m,,,
316. Prince,https://www.imdb.com/title/tt0064842/?ref_=sr_t_316,1969,,,6.8,233
317. Eros + Massacre,https://www.imdb.com/title/tt0064296/?ref_=sr_t_317,1969,3h 36m,Not Rated,7.4,2.4K
"318. Help Me, My Love",https://www.imdb.com/title/tt0064020/?ref_=sr_t_318,1969,2h 2m,,6.5,511
319. Popi,https://www.imdb.com/title/tt0064827/?ref_=sr_t_319,1969,1h 53m,G,6.6,1K
320. Cuando los hijos se van,https://www.imdb.com/title/tt0064194/?ref_=sr_t_320,1969,1h 35m,PG,6.6,76
321. The Nine Ages of Nakedness,https://www.imdb.com/title/tt0064734/?ref_=sr_t_321,1969,1h 30m,,4.4,86
322. Graf Porno und die liebesdurstigen Töchter,https://www.imdb.com/title/tt0167965/?ref_=sr_t_322,1969,1h 20m,,3.7,62
323. Hell's Angels '69,https://www.imdb.com/title/tt0064415/?ref_=sr_t_323,1969,1h 37m,M,5.3,534
324. The Babysitter,https://www.imdb.com/title/tt0064055/?ref_=sr_t_324,1969,1h 15m,R,5.7,566
325. Macunaima,https://www.imdb.com/title/tt0064616/?ref_=sr_t_325,1969,1h 35m,Not Rated,6.8,2.2K
326. The Castle of Fu Manchu,https://www.imdb.com/title/tt0064338/?ref_=sr_t_326,1969,1h 32m,PG,2.9,2.4K
327. Most,https://www.imdb.com/title/tt0074921/?ref_=sr_t_327,1969,1h 45m,,7.5,1.3K
328. The Last Relic,https://www.imdb.com/title/tt0065180/?ref_=sr_t_328,1969,1h 26m,,7.8,1.7K
329. Land Raiders,https://www.imdb.com/title/tt0065962/?ref_=sr_t_329,1969,1h 41m,M,5.3,485
330. Five Bloody Graves,https://www.imdb.com/title/tt0065723/?ref_=sr_t_330,1969,1h 28m,GP,3.4,635
331. Tarzan in the Golden Grotto,https://www.imdb.com/title/tt0065071/?ref_=sr_t_331,1969,1h 8m,Not Rated,4.5,130
332. Trilogy,https://www.imdb.com/title/tt0165996/?ref_=sr_t_332,1969,1h 50m,G,7.5,192
333. Heaven with a Gun,https://www.imdb.com/title/tt0064409/?ref_=sr_t_333,1969,1h 41m,Passed,6.3,1.1K
334. The Lost Man,https://www.imdb.com/title/tt0064602/?ref_=sr_t_334,1969,2h 2m,PG-13,6.0,228
335. Ek Phool Do Mali,https://www.imdb.com/title/tt0214665/?ref_=sr_t_335,1969,2h 30m,,6.9,283
336. Torture Dungeon,https://www.imdb.com/title/tt0066475/?ref_=sr_t_336,1969,1h 20m,R,4.0,379
337. Klassenkeile,https://www.imdb.com/title/tt0064547/?ref_=sr_t_337,1969,1h 28m,,3.7,94
338. Honeycomb,https://www.imdb.com/title/tt0064620/?ref_=sr_t_338,1969,1h 42m,PG,6.4,399
339. The Maltese Bippy,https://www.imdb.com/title/tt0064627/?ref_=sr_t_339,1969,1h 28m,G,4.4,387
340. Double Face,https://www.imdb.com/title/tt0063979/?ref_=sr_t_340,1969,1h 28m,Not Rated,5.8,1.1K
341. Battle of the Commandos,https://www.imdb.com/title/tt0064580/?ref_=sr_t_341,1969,1h 34m,Not Rated,5.1,328
342. The Brain,https://www.imdb.com/title/tt0064146/?ref_=sr_t_342,1969,1h 55m,G,6.8,4.5K
343. Hitokiri,https://www.imdb.com/title/tt0200710/?ref_=sr_t_343,1969,2h 20m,,7.4,1.3K
344. Che!,https://www.imdb.com/title/tt0064158/?ref_=sr_t_344,1969,1h 36m,PG,4.8,1.1K
345. Gheisar,https://www.imdb.com/title/tt0064368/?ref_=sr_t_345,1969,1h 40m,,7.6,3.9K
346. Talash,https://www.imdb.com/title/tt0065064/?ref_=sr_t_346,1969,2h 55m,,6.4,200
347. Blood of Dracula's Castle,https://www.imdb.com/title/tt0061412/?ref_=sr_t_347,1969,1h 24m,M,3.6,1.3K
348. Everything for Sale,https://www.imdb.com/title/tt0065226/?ref_=sr_t_348,1969,1h 45m,,6.8,893
349. What's Good for the Goose,https://www.imdb.com/title/tt0065205/?ref_=sr_t_349,1969,1h 45m,R,5.0,381
350. Nel labirinto del sesso (Psichidion),https://www.imdb.com/title/tt0178790/?ref_=sr_t_350,1969,1h 35m,X,4.4,118
351. Killer's Mission,https://www.imdb.com/title/tt0189089/?ref_=sr_t_351,1969,1h 30m,,6.8,202
352. The Book of Stone,https://www.imdb.com/title/tt0242601/?ref_=sr_t_352,1969,1h 39m,,7.2,1.3K
353. Alice in Acidland,https://www.imdb.com/title/tt0159948/?ref_=sr_t_353,1969,55m,Unrated,3.6,696
354. Adalen 31,https://www.imdb.com/title/tt0065261/?ref_=sr_t_354,1969,1h 55m,X,7.0,1.8K
355. Return of the One-Armed Swordsman,https://www.imdb.com/title/tt0064265/?ref_=sr_t_355,1969,1h 49m,R,7.2,1.5K
356. Two Undercover Angels,https://www.imdb.com/title/tt0061453/?ref_=sr_t_356,1969,1h 32m,R,4.9,709
357. Como perros y gatos,https://www.imdb.com/title/tt0180614/?ref_=sr_t_357,1969,1h 30m,,6.8,23
"358. Isabella, Duchess of the Devils",https://www.imdb.com/title/tt0123917/?ref_=sr_t_358,1969,1h 19m,,5.1,184
359. Valérie,https://www.imdb.com/title/tt0065166/?ref_=sr_t_359,1969,1h 37m,R,5.1,170
360. I oraia tou kourea,https://www.imdb.com/title/tt0199911/?ref_=sr_t_360,1969,1h 28m,,5.9,202
361. Antonio das Mortes,https://www.imdb.com/title/tt0064256/?ref_=sr_t_361,1969,1h 39m,,7.0,2.4K
"362. Go, Go Second Time Virgin",https://www.imdb.com/title/tt0065233/?ref_=sr_t_362,1969,1h 5m,,7.1,2.8K
363. The Mummy,https://www.imdb.com/title/tt0064703/?ref_=sr_t_363,1969,1h 42m,,7.7,2K
364. Im Himmel ist doch Jahrmarkt,https://www.imdb.com/title/tt0064474/?ref_=sr_t_364,1969,1h 21m,,5.7,16
365. Jeff,https://www.imdb.com/title/tt0064509/?ref_=sr_t_365,1969,1h 32m,M,5.8,387
366. Vedo nudo,https://www.imdb.com/title/tt0080084/?ref_=sr_t_366,1969,1h 57m,,6.2,557
367. Naked Angels,https://www.imdb.com/title/tt0064715/?ref_=sr_t_367,1969,1h 29m,R,4.3,205
368. Snegurochka,https://www.imdb.com/title/tt0195281/?ref_=sr_t_368,1969,1h 30m,,6.9,297
369. Don't Drink the Water,https://www.imdb.com/title/tt0064247/?ref_=sr_t_369,1969,1h 40m,G,5.5,998
370. Sundance Cassidy and Butch the Kid,https://www.imdb.com/title/tt0065185/?ref_=sr_t_370,1969,1h 43m,PG,5.3,464
371. Bloody Tale,https://www.imdb.com/title/tt0179927/?ref_=sr_t_371,1969,1h 28m,,6.9,212
372. Jackal of Nahueltoro,https://www.imdb.com/title/tt0064147/?ref_=sr_t_372,1969,1h 35m,,7.6,1.2K
373. Nightmare in Wax,https://www.imdb.com/title/tt0064729/?ref_=sr_t_373,1969,1h 36m,PG,3.9,907
374. A Touch of Love,https://www.imdb.com/title/tt0065085/?ref_=sr_t_374,1969,1h 47m,M/PG,6.3,531
375. Some Kind of a Nut,https://www.imdb.com/title/tt0065010/?ref_=sr_t_375,1969,1h 30m,M,4.3,352
376. Malkoçoglu Akincilar Geliyor,https://www.imdb.com/title/tt0392394/?ref_=sr_t_376,1969,1h 17m,,5.8,696
377. The Ultimate Degenerate,https://www.imdb.com/title/tt0065145/?ref_=sr_t_377,1969,1h 10m,,5.5,205
378. Three,https://www.imdb.com/title/tt0065094/?ref_=sr_t_378,1969,1h 44m,M/PG,5.7,375
379. The Unnaturals,https://www.imdb.com/title/tt0063565/?ref_=sr_t_379,1969,1h 23m,,5.9,345
380. El aviso inoportuno,https://www.imdb.com/title/tt0244414/?ref_=sr_t_380,1969,1h 20m,,7.5,76
381. Sisters in Leather,https://www.imdb.com/title/tt0064991/?ref_=sr_t_381,1969,1h 4m,X,4.4,137
"382. My Sister, My Love",https://www.imdb.com/title/tt0065022/?ref_=sr_t_382,1969,1h 40m,R,5.7,149
383. Isten hozta örnagy úr,https://www.imdb.com/title/tt0064498/?ref_=sr_t_383,1969,1h 35m,,8.0,2.5K
384. Five for Hell,https://www.imdb.com/title/tt0062807/?ref_=sr_t_384,1969,1h 35m,,5.0,692
385. Infrasexum,https://www.imdb.com/title/tt0170054/?ref_=sr_t_385,1969,1h 27m,R,3.9,115
386. The Scarlet Lady,https://www.imdb.com/title/tt0124545/?ref_=sr_t_386,1969,1h 30m,PG,5.9,201
387. A Boy... a Girl,https://www.imdb.com/title/tt0173689/?ref_=sr_t_387,1969,1h 9m,,5.9,27
388. 'Sambandh',https://www.imdb.com/title/tt0362111/?ref_=sr_t_388,1969,,,6.8,29
389. Futz,https://www.imdb.com/title/tt0064354/?ref_=sr_t_389,1969,1h 32m,Not Rated,4.6,110
390. Meiji · Taishô · Shôwa: Ryôki onna hanzai-shi,https://www.imdb.com/title/tt0142652/?ref_=sr_t_390,1969,1h 32m,,6.3,122
391. A Compadecida,https://www.imdb.com/title/tt0139945/?ref_=sr_t_391,1969,1h 32m,,6.7,62
392. Pyar Hi Pyar,https://www.imdb.com/title/tt0064857/?ref_=sr_t_392,1969,2h 15m,,7.1,95
393. The Indelicate Balance,https://www.imdb.com/title/tt0063133/?ref_=sr_t_393,1969,1h 28m,R,6.3,112
394. Le gai savoir,https://www.imdb.com/title/tt0062997/?ref_=sr_t_394,1969,1h 35m,,6.0,1.2K
395. Nell'anno del Signore,https://www.imdb.com/title/tt0064718/?ref_=sr_t_395,1969,2h 5m,,7.3,854
"396. Wake Up, Poor Periklis!",https://www.imdb.com/title/tt0232969/?ref_=sr_t_396,1969,1h 30m,,5.1,57
"397. I Am Sartana, Your Angel of Death",https://www.imdb.com/title/tt0065019/?ref_=sr_t_397,1969,1h 43m,Not Rated,6.5,1.2K
398. Himmel og helvete,https://www.imdb.com/title/tt0064433/?ref_=sr_t_398,1969,1h 34m,,4.7,227
399. Laughter in the Dark,https://www.imdb.com/title/tt0064576/?ref_=sr_t_399,1969,1h 44m,X,6.1,248
400. The Beauty,https://www.imdb.com/title/tt1272016/?ref_=sr_t_400,1969,1h 11m,,7.8,554
401. Yakuza Law,https://www.imdb.com/title/tt0142996/?ref_=sr_t_401,1969,1h 36m,Not Rated,6.1,434
402. Prague Nights,https://www.imdb.com/title/tt0064837/?ref_=sr_t_402,1969,1h 39m,,6.8,181
"403. Monique, My Love",https://www.imdb.com/title/tt1043859/?ref_=sr_t_403,1969,1h 5m,Not Rated,4.9,85
404. Aradhana,https://www.imdb.com/title/tt0065416/?ref_=sr_t_404,1969,2h 49m,Not Rated,7.6,2.1K
405. The Desperados,https://www.imdb.com/title/tt0064227/?ref_=sr_t_405,1969,1h 31m,M,4.8,616
406. Daddy's Gone A-Hunting,https://www.imdb.com/title/tt0064209/?ref_=sr_t_406,1969,1h 48m,PG,6.2,471
407. Hostile Witness,https://www.imdb.com/title/tt0063093/?ref_=sr_t_407,1969,1h 41m,GP,6.3,572
408. Secret World,https://www.imdb.com/title/tt0065263/?ref_=sr_t_408,1969,1h 34m,M,5.9,225
409. Mnasidika,https://www.imdb.com/title/tt0064677/?ref_=sr_t_409,1969,1h 10m,,4.2,122
"410. Blow Hot, Blow Cold",https://www.imdb.com/title/tt0063782/?ref_=sr_t_410,1969,1h 40m,R,6.8,116
411. The File of the Golden Goose,https://www.imdb.com/title/tt0064328/?ref_=sr_t_411,1969,1h 45m,PG-13,5.5,675
412. Sajan,https://www.imdb.com/title/tt0320394/?ref_=sr_t_412,1969,2h 27m,,7.2,91
413. The Sin of Adam and Eve,https://www.imdb.com/title/tt0195130/?ref_=sr_t_413,1969,1h 10m,R,4.2,136
"414. Indian Raid, Indian Made",https://www.imdb.com/title/tt0064483/?ref_=sr_t_414,1969,1h 15m,,5.3,47
415. The Blonde Connection,https://www.imdb.com/title/tt0064096/?ref_=sr_t_415,1969,1h 30m,Not Rated,4.7,257
416. Gunman of Ave Maria,https://www.imdb.com/title/tt0065104/?ref_=sr_t_416,1969,1h 20m,Unrated,6.3,927
417. Riot,https://www.imdb.com/title/tt0064895/?ref_=sr_t_417,1969,1h 36m,R,5.9,687
418. Professional 4 and the Sexy 24,https://www.imdb.com/title/tt5598390/?ref_=sr_t_418,1969,,,,
419. The Ice House,https://www.imdb.com/title/tt0064466/?ref_=sr_t_419,1969,1h 15m,R,4.7,159
420. Otley,https://www.imdb.com/title/tt0064775/?ref_=sr_t_420,1969,1h 32m,M,6.1,599
421. Henry's Night In,https://www.imdb.com/title/tt0064419/?ref_=sr_t_421,1969,1h 15m,,5.6,97
422. All the Loving Couples,https://www.imdb.com/title/tt0064003/?ref_=sr_t_422,1969,1h 25m,X,5.5,67
423. The Battle of El Alamein,https://www.imdb.com/title/tt0062714/?ref_=sr_t_423,1969,1h 36m,PG,5.4,716
424. Mahua,https://www.imdb.com/title/tt0242639/?ref_=sr_t_424,1969,2h 17m,Not Rated,5.7,21
425. The Pleasure Pit,https://www.imdb.com/title/tt0064159/?ref_=sr_t_425,1969,1h 32m,R,5.6,167
426. Night After Night After Night,https://www.imdb.com/title/tt0064724/?ref_=sr_t_426,1969,1h 28m,,5.1,198
427. La taglia è tua... l'uomo l'ammazzo io,https://www.imdb.com/title/tt0064853/?ref_=sr_t_427,1969,1h 48m,,5.6,317
428. The Devil by the Tail,https://www.imdb.com/title/tt0064232/?ref_=sr_t_428,1969,1h 30m,M/PG,6.7,1K
429. Twenty-Four Hours of Pleasure,https://www.imdb.com/title/tt0243735/?ref_=sr_t_429,1969,1h 35m,,7.0,56
430. Olga's Dance Hall Girls,https://www.imdb.com/title/tt0186419/?ref_=sr_t_430,1969,1h,,4.4,135
431. Saat Hindustani,https://www.imdb.com/title/tt0064915/?ref_=sr_t_431,1969,2h 24m,,6.4,242
"432. Run, Angel, Run!",https://www.imdb.com/title/tt0064911/?ref_=sr_t_432,1969,1h 35m,R,5.3,301
433. O anthropos tis karpazias,https://www.imdb.com/title/tt0202234/?ref_=sr_t_433,1969,1h 37m,,5.3,237
"434. Thou-Vou Bald Agent, Operation Havoc",https://www.imdb.com/title/tt0184950/?ref_=sr_t_434,1969,1h 34m,,7.9,1.2K
435. Out of It,https://www.imdb.com/title/tt0063401/?ref_=sr_t_435,1969,1h 35m,PG,6.0,192
436. Satyakam,https://www.imdb.com/title/tt0244776/?ref_=sr_t_436,1969,2h 55m,,8.3,854
437. Mission Impossible Versus the Mob,https://www.imdb.com/title/tt0063310/?ref_=sr_t_437,1969,1h 50m,,6.8,306
438. The Woman with the Knife,https://www.imdb.com/title/tt0064322/?ref_=sr_t_438,1969,1h 20m,,6.2,259
439. The Seed of Man,https://www.imdb.com/title/tt0064959/?ref_=sr_t_439,1969,1h 53m,,6.6,574
440. That Splendid November,https://www.imdb.com/title/tt0062722/?ref_=sr_t_440,1969,1h 32m,GP,6.1,445
441. Jeene Ki Raah,https://www.imdb.com/title/tt0148353/?ref_=sr_t_441,1969,2h 32m,Not Rated,6.5,115
"442. Hail, Hero!",https://www.imdb.com/title/tt0064399/?ref_=sr_t_442,1969,1h 40m,M,5.3,247
443. Riverboat Mama,https://www.imdb.com/title/tt0064899/?ref_=sr_t_443,1969,1h 15m,R,4.8,24
444. The Mummy and the Curse of the Jackals,https://www.imdb.com/title/tt0131492/?ref_=sr_t_444,1969,1h 26m,,3.1,143
445. Van de Velde: Das Leben zu zweit - Sexualität in der Ehe,https://www.imdb.com/title/tt0065169/?ref_=sr_t_445,1969,1h 33m,,4.1,20
446. Pirosmani,https://www.imdb.com/title/tt0064815/?ref_=sr_t_446,1969,1h 25m,,7.7,1.4K
447. Sjov i gaden,https://www.imdb.com/title/tt0064992/?ref_=sr_t_447,1969,1h 28m,,5.2,270
448. Eagles Over London,https://www.imdb.com/title/tt0064571/?ref_=sr_t_448,1969,1h 40m,PG,5.6,822
449. Primera comunión,https://www.imdb.com/title/tt0277253/?ref_=sr_t_449,1969,1h 27m,,7.1,44
450. Lesbo,https://www.imdb.com/title/tt0182277/?ref_=sr_t_450,1969,1h 30m,,5.8,32
451. Tumse Achha Kaun Hai,https://www.imdb.com/title/tt0158294/?ref_=sr_t_451,1969,1h 48m,Not Rated,6.5,103
452. Adelheid,https://www.imdb.com/title/tt0122371/?ref_=sr_t_452,1969,1h 39m,,7.3,982
453. Kingdom in the Clouds,https://www.imdb.com/title/tt0063699/?ref_=sr_t_453,1969,1h 27m,G,6.6,202
454. Graf Porno und seine Mädchen,https://www.imdb.com/title/tt0270391/?ref_=sr_t_454,1969,1h 26m,,5.5,55
455. Wapas,https://www.imdb.com/title/tt0157168/?ref_=sr_t_455,1969,,,7.2,19
456. Flying Phantom Ship,https://www.imdb.com/title/tt0065021/?ref_=sr_t_456,1969,1h 1m,,6.7,818
457. Death on High Mountain,https://www.imdb.com/title/tt0064698/?ref_=sr_t_457,1969,1h 38m,,5.3,106
458. Battle of the Japan Sea,https://www.imdb.com/title/tt0064733/?ref_=sr_t_458,1969,2h 8m,G,6.4,292
459. The Monitors,https://www.imdb.com/title/tt0064684/?ref_=sr_t_459,1969,1h 32m,PG,4.6,338
460. The Girl from Pussycat,https://www.imdb.com/title/tt0137708/?ref_=sr_t_460,1969,1h 10m,R,3.3,180
461. Three Into Two Won't Go,https://www.imdb.com/title/tt0065097/?ref_=sr_t_461,1969,1h 32m,R,5.9,275
462. Kampf um Rom II - Der Verrat,https://www.imdb.com/title/tt0064534/?ref_=sr_t_462,1969,1h 34m,,5.9,261
463. Pigen fra Egborg,https://www.imdb.com/title/tt0122213/?ref_=sr_t_463,1969,1h 41m,,6.1,288
464. La battaglia dell'ultimo panzer,https://www.imdb.com/title/tt0140840/?ref_=sr_t_464,1969,1h 31m,,3.7,307
465. The Southern Star,https://www.imdb.com/title/tt0065025/?ref_=sr_t_465,1969,1h 44m,M/PG,5.4,636
466. The Man with the Glass Eye,https://www.imdb.com/title/tt0063270/?ref_=sr_t_466,1969,1h 27m,PG,5.7,491
467. Sophie's Place,https://www.imdb.com/title/tt0064192/?ref_=sr_t_467,1969,1h 46m,M/PG,5.9,305
468. How to Commit Marriage,https://www.imdb.com/title/tt0064449/?ref_=sr_t_468,1969,1h 35m,M,5.3,586
"469. Hurra, die Schule brennt - Die Lümmel von der ersten Bank IV. Teil",https://www.imdb.com/title/tt0064458/?ref_=sr_t_469,1969,1h 37m,,5.1,654
470. The Ravine,https://www.imdb.com/title/tt0064877/?ref_=sr_t_470,1969,1h 37m,,6.5,113
471. Where's Jack?,https://www.imdb.com/title/tt0065209/?ref_=sr_t_471,1969,2h,G,6.5,202
472. Scream Baby Scream,https://www.imdb.com/title/tt0064950/?ref_=sr_t_472,1969,1h 23m,R,3.7,315
473. The Big Dig,https://www.imdb.com/title/tt0065076/?ref_=sr_t_473,1969,1h 35m,,7.7,709
474. No Room to Die,https://www.imdb.com/title/tt0064611/?ref_=sr_t_474,1969,1h 37m,Not Rated,5.8,656
475. A Woman on Fire!,https://www.imdb.com/title/tt0065496/?ref_=sr_t_475,1969,1h 32m,R,5.8,133
476. Hunting Scenes from Bavaria,https://www.imdb.com/title/tt0064507/?ref_=sr_t_476,1969,1h 28m,,7.3,789
477. A Time of Roses,https://www.imdb.com/title/tt0138764/?ref_=sr_t_477,1969,1h 48m,,6.0,332
478. The Structure of Crystal,https://www.imdb.com/title/tt0065043/?ref_=sr_t_478,1969,1h 14m,Not Rated,7.2,1.8K
479. L'amica,https://www.imdb.com/title/tt0064014/?ref_=sr_t_479,1969,1h 43m,,6.2,84
480. Slaves,https://www.imdb.com/title/tt0064997/?ref_=sr_t_480,1969,1h 50m,Not Rated,4.9,219
481. Smith!,https://www.imdb.com/title/tt0065003/?ref_=sr_t_481,1969,1h 52m,G,5.7,299
482. Abi foq al-Shagara,https://www.imdb.com/title/tt0251881/?ref_=sr_t_482,1969,2h 22m,,5.8,374
483. Les étrangers,https://www.imdb.com/title/tt0064351/?ref_=sr_t_483,1969,1h 26m,,6.3,135
484. Weisse Wölfe,https://www.imdb.com/title/tt0063798/?ref_=sr_t_484,1969,1h 41m,,5.8,299
485. Japan Organized Crime Boss,https://www.imdb.com/title/tt0064730/?ref_=sr_t_485,1969,1h 37m,,6.9,282
486. Diary of a Telephone Operator,https://www.imdb.com/title/tt0064145/?ref_=sr_t_486,1969,2h,PG,5.3,205
487. My Uncle Benjamin,https://www.imdb.com/title/tt0122617/?ref_=sr_t_487,1969,1h 30m,,6.7,832
488. Matou a Família e Foi ao Cinema,https://www.imdb.com/title/tt0158766/?ref_=sr_t_488,1969,1h 18m,,6.9,579
489. Changes,https://www.imdb.com/title/tt0064152/?ref_=sr_t_489,1969,1h 33m,M,5.8,121
490. Unknown Woman,https://www.imdb.com/title/tt0173184/?ref_=sr_t_490,1969,1h 36m,,5.9,116
491. The Divorcee,https://www.imdb.com/title/tt0124410/?ref_=sr_t_491,1969,1h 30m,R,5.0,67
492. The Cycle Savages,https://www.imdb.com/title/tt0065604/?ref_=sr_t_492,1969,1h 22m,R,4.7,472
"493. Vergogna, schifosi!...",https://www.imdb.com/title/tt0065175/?ref_=sr_t_493,1969,1h 35m,,5.6,59
494. The Price of Power,https://www.imdb.com/title/tt0066105/?ref_=sr_t_494,1969,1h 30m,,6.3,961
495. A Taste of Hot Lead,https://www.imdb.com/title/tt0174260/?ref_=sr_t_495,1969,1h 11m,X,4.8,39
496. In Search of Gregory,https://www.imdb.com/title/tt0063130/?ref_=sr_t_496,1969,1h 30m,M/PG,5.3,293
497. Rascal,https://www.imdb.com/title/tt0064875/?ref_=sr_t_497,1969,1h 25m,G,6.4,546
"498. Birds, Orphans and Fools",https://www.imdb.com/title/tt0065193/?ref_=sr_t_498,1969,1h 18m,,7.1,1K
499. Invasion,https://www.imdb.com/title/tt0064490/?ref_=sr_t_499,1969,2h 3m,,7.2,1K
500. Kys til højre og venstre,https://www.imdb.com/title/tt0126987/?ref_=sr_t_500,1969,1h 25m,,2.6,20
