Title,Movie Link,Year,Duration,MPA,Rating,Votes
1. Top Gun: Maverick,https://www.imdb.com/title/tt1745960/?ref_=sr_t_1,2022,2h 10m,PG-13,8.2,750K
2. Avatar: The Way of Water,https://www.imdb.com/title/tt1630029/?ref_=sr_t_2,2022,3h 12m,PG-13,7.5,521K
3. Black Panther: Wakanda Forever,https://www.imdb.com/title/tt9114286/?ref_=sr_t_3,2022,2h 41m,PG-13,6.7,322K
4. Doctor Strange in the Multiverse of Madness,https://www.imdb.com/title/tt9419884/?ref_=sr_t_4,2022,2h 6m,PG-13,6.9,503K
5. Jurassic World Dominion,https://www.imdb.com/title/tt8041270/?ref_=sr_t_5,2022,2h 27m,PG-13,5.6,217K
6. Minions: The Rise of Gru,https://www.imdb.com/title/tt5113044/?ref_=sr_t_6,2022,1h 27m,PG,6.5,95K
7. The Batman,https://www.imdb.com/title/tt1877830/?ref_=sr_t_7,2022,2h 56m,PG-13,7.8,850K
8. Thor: Love and Thunder,https://www.imdb.com/title/tt10648342/?ref_=sr_t_8,2022,1h 58m,PG-13,6.2,422K
9. Sonic the Hedgehog 2,https://www.imdb.com/title/tt12412888/?ref_=sr_t_9,2022,2h 2m,PG,6.5,98K
10. Puss in Boots: The Last Wish,https://www.imdb.com/title/tt3915174/?ref_=sr_t_10,2022,1h 42m,PG,7.8,194K
11. Black Adam,https://www.imdb.com/title/tt6443346/?ref_=sr_t_11,2022,2h 5m,PG-13,6.2,286K
12. Elvis,https://www.imdb.com/title/tt3704428/?ref_=sr_t_12,2022,2h 39m,PG-13,7.3,246K
13. Uncharted,https://www.imdb.com/title/tt1464335/?ref_=sr_t_13,2022,1h 56m,PG-13,6.3,274K
14. Nope,https://www.imdb.com/title/tt10954984/?ref_=sr_t_14,2022,2h 10m,R,6.8,291K
15. Lightyear,https://www.imdb.com/title/tt10298810/?ref_=sr_t_15,2022,1h 45m,PG,6.1,129K
16. Smile,https://www.imdb.com/title/tt15474916/?ref_=sr_t_16,2022,1h 55m,R,6.5,204K
17. The Lost City,https://www.imdb.com/title/tt13320622/?ref_=sr_t_17,2022,1h 52m,PG-13,6.1,167K
18. Bullet Train,https://www.imdb.com/title/tt12593682/?ref_=sr_t_18,2022,2h 7m,R,7.3,474K
19. The Bad Guys,https://www.imdb.com/title/tt8115900/?ref_=sr_t_19,2022,1h 40m,PG,6.8,65K
20. Fantastic Beasts: The Secrets of Dumbledore,https://www.imdb.com/title/tt4123432/?ref_=sr_t_20,2022,2h 22m,PG-13,6.2,180K
21. M3GAN,https://www.imdb.com/title/tt8760708/?ref_=sr_t_21,2022,1h 42m,PG-13,6.3,157K
22. DC League of Super-Pets,https://www.imdb.com/title/tt8912936/?ref_=sr_t_22,2022,1h 45m,PG,7.1,78K
23. Where the Crawdads Sing,https://www.imdb.com/title/tt9411972/?ref_=sr_t_23,2022,2h 5m,PG-13,7.2,141K
24. Scream,https://www.imdb.com/title/tt11245972/?ref_=sr_t_24,2022,1h 54m,R,6.3,169K
25. Everything Everywhere All at Once,https://www.imdb.com/title/tt6710474/?ref_=sr_t_25,2022,2h 19m,R,7.8,564K
26. Morbius,https://www.imdb.com/title/tt5108870/?ref_=sr_t_26,2022,1h 44m,PG-13,5.1,161K
27. Ticket to Paradise,https://www.imdb.com/title/tt14109724/?ref_=sr_t_27,2022,1h 44m,PG-13,6.1,75K
28. The Woman King,https://www.imdb.com/title/tt8093700/?ref_=sr_t_28,2022,2h 15m,PG-13,6.9,78K
29. A Man Called Otto,https://www.imdb.com/title/tt7405458/?ref_=sr_t_29,2022,2h 6m,PG-13,7.5,184K
30. Halloween Ends,https://www.imdb.com/title/tt10665342/?ref_=sr_t_30,2022,1h 51m,R,5.0,77K
31. Dog,https://www.imdb.com/title/tt11252248/?ref_=sr_t_31,2022,1h 41m,PG-13,6.5,49K
32. Jackass Forever,https://www.imdb.com/title/tt11466222/?ref_=sr_t_32,2022,1h 36m,R,6.8,53K
33. Violent Night,https://www.imdb.com/title/tt12003946/?ref_=sr_t_33,2022,1h 52m,R,6.7,112K
34. Talk to Me,https://www.imdb.com/title/tt10638522/?ref_=sr_t_34,2022,1h 35m,R,7.1,173K
"35. Lyle, Lyle, Crocodile",https://www.imdb.com/title/tt14668630/?ref_=sr_t_35,2022,1h 46m,PG,6.1,16K
36. Death on the Nile,https://www.imdb.com/title/tt7657566/?ref_=sr_t_36,2022,2h 7m,PG-13,6.3,197K
37. Don't Worry Darling,https://www.imdb.com/title/tt10731256/?ref_=sr_t_37,2022,2h 3m,R,6.3,159K
38. Downton Abbey: A New Era,https://www.imdb.com/title/tt11703710/?ref_=sr_t_38,2022,2h 4m,PG,7.4,34K
39. Barbarian,https://www.imdb.com/title/tt15791034/?ref_=sr_t_39,2022,1h 42m,R,7.0,212K
40. The Menu,https://www.imdb.com/title/tt9764362/?ref_=sr_t_40,2022,1h 47m,R,7.2,430K
41. Dragon Ball Super: Super Hero,https://www.imdb.com/title/tt14614892/?ref_=sr_t_41,2022,1h 40m,PG-13,7.1,16K
42. Strange World,https://www.imdb.com/title/tt10298840/?ref_=sr_t_42,2022,1h 42m,PG,5.7,48K
43. The Northman,https://www.imdb.com/title/tt11138512/?ref_=sr_t_43,2022,2h 17m,R,7.0,269K
44. The Bob's Burgers Movie,https://www.imdb.com/title/tt7466442/?ref_=sr_t_44,2022,1h 42m,PG-13,7.0,23K
45. Beast,https://www.imdb.com/title/tt13223398/?ref_=sr_t_45,2022,1h 33m,R,5.6,45K
46. The Invitation,https://www.imdb.com/title/tt12873562/?ref_=sr_t_46,2022,1h 45m,PG-13,5.3,37K
47. Whitney Houston: I Wanna Dance with Somebody,https://www.imdb.com/title/tt12193804/?ref_=sr_t_47,2022,2h 24m,PG-13,6.6,25K
48. Ambulance,https://www.imdb.com/title/tt4998632/?ref_=sr_t_48,2022,2h 16m,R,6.1,106K
49. Marry Me,https://www.imdb.com/title/tt10223460/?ref_=sr_t_49,2022,1h 52m,PG-13,6.1,46K
50. Father Stu,https://www.imdb.com/title/tt14439896/?ref_=sr_t_50,2022,2h 4m,PG-13,6.5,33K
51. Devotion,https://www.imdb.com/title/tt7693316/?ref_=sr_t_51,2022,2h 19m,PG-13,6.6,30K
52. The Unbearable Weight of Massive Talent,https://www.imdb.com/title/tt11291274/?ref_=sr_t_52,2022,1h 47m,R,7.0,164K
53. Prey for the Devil,https://www.imdb.com/title/tt9271672/?ref_=sr_t_53,2022,1h 33m,PG-13,5.3,19K
54. Moonfall,https://www.imdb.com/title/tt5834426/?ref_=sr_t_54,2022,2h 10m,PG-13,5.1,105K
55. Paws of Fury: The Legend of Hank,https://www.imdb.com/title/tt4428398/?ref_=sr_t_55,2022,1h 38m,PG,5.8,7K
56. The Blackening,https://www.imdb.com/title/tt11703244/?ref_=sr_t_56,2022,1h 37m,R,6.0,21K
57. The Whale,https://www.imdb.com/title/tt13833688/?ref_=sr_t_57,2022,1h 57m,R,7.6,234K
58. The Fabelmans,https://www.imdb.com/title/tt14208870/?ref_=sr_t_58,2022,2h 31m,PG-13,7.5,124K
59. Babylon,https://www.imdb.com/title/tt10640346/?ref_=sr_t_59,2022,3h 9m,R,7.1,186K
60. RRR,https://www.imdb.com/title/tt8178634/?ref_=sr_t_60,2022,3h 7m,TV-MA,7.8,175K
61. Amsterdam,https://www.imdb.com/title/tt10304142/?ref_=sr_t_61,2022,2h 14m,R,6.1,98K
62. The 355,https://www.imdb.com/title/tt8356942/?ref_=sr_t_62,2022,2h 2m,PG-13,5.6,40K
63. Glass Onion,https://www.imdb.com/title/tt11564570/?ref_=sr_t_63,2022,2h 19m,PG-13,7.1,465K
64. Easter Sunday,https://www.imdb.com/title/tt11952606/?ref_=sr_t_64,2022,1h 36m,PG-13,5.3,2.8K
65. One Piece Film: Red,https://www.imdb.com/title/tt16183464/?ref_=sr_t_65,2022,1h 55m,PG-13,6.8,24K
66. X,https://www.imdb.com/title/tt13560574/?ref_=sr_t_66,2022,1h 45m,R,6.5,200K
67. Bros,https://www.imdb.com/title/tt9731598/?ref_=sr_t_67,2022,1h 55m,R,6.4,37K
68. Bodies Bodies Bodies,https://www.imdb.com/title/tt8110652/?ref_=sr_t_68,2022,1h 34m,R,6.2,81K
69. Terrifier 2,https://www.imdb.com/title/tt10403420/?ref_=sr_t_69,2022,2h 18m,Not Rated,6.1,69K
70. Suzume,https://www.imdb.com/title/tt16428256/?ref_=sr_t_70,2022,2h 2m,PG,7.6,49K
71. The Banshees of Inisherin,https://www.imdb.com/title/tt11813216/?ref_=sr_t_71,2022,1h 54m,R,7.7,271K
72. Mrs. Harris Goes to Paris,https://www.imdb.com/title/tt5151570/?ref_=sr_t_72,2022,1h 55m,PG,7.1,33K
73. Firestarter,https://www.imdb.com/title/tt1798632/?ref_=sr_t_73,2022,1h 34m,R,4.6,24K
74. Blacklight,https://www.imdb.com/title/tt14060094/?ref_=sr_t_74,2022,1h 44m,PG-13,4.8,26K
75. See How They Run,https://www.imdb.com/title/tt13640696/?ref_=sr_t_75,2022,1h 38m,PG-13,6.5,68K
76. Pearl,https://www.imdb.com/title/tt18925334/?ref_=sr_t_76,2022,1h 43m,R,7.0,130K
77. Redeeming Love,https://www.imdb.com/title/tt11365186/?ref_=sr_t_77,2022,2h 14m,PG-13,6.7,17K
78. Till,https://www.imdb.com/title/tt4960748/?ref_=sr_t_78,2022,2h 10m,PG-13,7.2,16K
79. Three Thousand Years of Longing,https://www.imdb.com/title/tt9198364/?ref_=sr_t_79,2022,1h 48m,R,6.7,67K
80. Brahmastra Part One: Shiva,https://www.imdb.com/title/tt6277462/?ref_=sr_t_80,2022,2h 47m,Not Rated,5.6,113K
81. Bones and All,https://www.imdb.com/title/tt10168670/?ref_=sr_t_81,2022,2h 11m,R,6.8,64K
82. Men,https://www.imdb.com/title/tt13841850/?ref_=sr_t_82,2022,1h 40m,R,6.0,72K
83. Memory,https://www.imdb.com/title/tt11827628/?ref_=sr_t_83,2022,1h 54m,R,5.7,38K
84. Sisu,https://www.imdb.com/title/tt14846026/?ref_=sr_t_84,2022,1h 31m,R,6.9,88K
85. Fall,https://www.imdb.com/title/tt15325794/?ref_=sr_t_85,2022,1h 47m,PG-13,6.4,117K
86. BTS Permission to Dance on Stage - Seoul: Live Viewing,https://www.imdb.com/title/tt18687124/?ref_=sr_t_86,2022,3h 15m,TV-14,7.9,18K
87. Tár,https://www.imdb.com/title/tt14444726/?ref_=sr_t_87,2022,2h 38m,R,7.4,100K
88. She Said,https://www.imdb.com/title/tt11198810/?ref_=sr_t_88,2022,2h 9m,R,7.3,44K
89. I Heard the Bells,https://www.imdb.com/title/tt21084334/?ref_=sr_t_89,2022,1h 50m,PG,6.7,953
90. Women Talking,https://www.imdb.com/title/tt13669038/?ref_=sr_t_90,2022,1h 44m,PG-13,6.9,45K
91. Orphan: First Kill,https://www.imdb.com/title/tt11851548/?ref_=sr_t_91,2022,1h 39m,R,5.9,50K
92. Lifemark,https://www.imdb.com/title/tt20864704/?ref_=sr_t_92,2022,1h 45m,PG-13,6.1,1.4K
93. The Legend of Maula Jatt,https://www.imdb.com/title/tt4139928/?ref_=sr_t_93,2022,2h 33m,,8.6,11K
94. Clerks III,https://www.imdb.com/title/tt11128440/?ref_=sr_t_94,2022,1h 40m,R,6.2,20K
95. Triangle of Sadness,https://www.imdb.com/title/tt7322224/?ref_=sr_t_95,2022,2h 27m,R,7.3,195K
96. Marlowe,https://www.imdb.com/title/tt6722802/?ref_=sr_t_96,2022,1h 49m,R,5.4,13K
97. Vengeance,https://www.imdb.com/title/tt11976532/?ref_=sr_t_97,2022,1h 47m,R,6.8,39K
98. The Amazing Maurice,https://www.imdb.com/title/tt10473036/?ref_=sr_t_98,2022,1h 33m,PG,6.2,6K
99. Ponniyin Selvan: Part I,https://www.imdb.com/title/tt10701074/?ref_=sr_t_99,2022,2h 47m,,7.6,37K
100. Moonage Daydream,https://www.imdb.com/title/tt9883832/?ref_=sr_t_100,2022,2h 15m,PG-13,7.6,15K
101. Family Camp,https://www.imdb.com/title/tt11535358/?ref_=sr_t_101,2022,1h 51m,PG,4.8,2.9K
102. Chevalier,https://www.imdb.com/title/tt12758486/?ref_=sr_t_102,2022,1h 48m,PG-13,6.5,7.5K
103. Laal Singh Chaddha,https://www.imdb.com/title/tt10028196/?ref_=sr_t_103,2022,2h 39m,PG-13,5.6,179K
104. The Outfit,https://www.imdb.com/title/tt14114802/?ref_=sr_t_104,2022,1h 45m,R,7.2,78K
105. Living,https://www.imdb.com/title/tt9051908/?ref_=sr_t_105,2022,1h 42m,PG-13,7.2,36K
106. 1992,https://www.imdb.com/title/tt4959750/?ref_=sr_t_106,2022,1h 37m,R,5.7,2.4K
107. K.G.F: Chapter 2,https://www.imdb.com/title/tt10698680/?ref_=sr_t_107,2022,2h 46m,Not Rated,8.2,156K
108. Breaking,https://www.imdb.com/title/tt12311620/?ref_=sr_t_108,2022,1h 43m,PG-13,6.3,9.1K
109. Honk for Jesus. Save Your Soul.,https://www.imdb.com/title/tt12655436/?ref_=sr_t_109,2022,1h 46m,R,5.3,4.3K
110. Mack & Rita,https://www.imdb.com/title/tt14330236/?ref_=sr_t_110,2022,1h 34m,PG-13,4.8,2.3K
111. Studio 666,https://www.imdb.com/title/tt15374070/?ref_=sr_t_111,2022,1h 46m,R,5.6,15K
112. Crimes of the Future,https://www.imdb.com/title/tt14549466/?ref_=sr_t_112,2022,1h 47m,R,5.8,43K
113. Gigi & Nate,https://www.imdb.com/title/tt10341196/?ref_=sr_t_113,2022,1h 54m,PG-13,6.7,2.1K
114. Decision to Leave,https://www.imdb.com/title/tt12477480/?ref_=sr_t_114,2022,2h 19m,,7.3,60K
115. Emily the Criminal,https://www.imdb.com/title/tt15255876/?ref_=sr_t_115,2022,1h 37m,R,6.7,62K
116. Moving On,https://www.imdb.com/title/tt15488088/?ref_=sr_t_116,2022,1h 25m,R,6.0,3.7K
117. Umma,https://www.imdb.com/title/tt13235822/?ref_=sr_t_117,2022,1h 23m,PG-13,4.7,11K
118. Skinamarink,https://www.imdb.com/title/tt21307994/?ref_=sr_t_118,2022,1h 40m,Not Rated,4.7,18K
119. Jeepers Creepers: Reborn,https://www.imdb.com/title/tt14121726/?ref_=sr_t_119,2022,1h 28m,R,2.6,16K
120. Watcher,https://www.imdb.com/title/tt12004038/?ref_=sr_t_120,2022,1h 36m,R,6.3,52K
121. Out of Darkness,https://www.imdb.com/title/tt7527682/?ref_=sr_t_121,2022,1h 28m,R,5.5,6.7K
122. Mr. Malcolm's List,https://www.imdb.com/title/tt12545566/?ref_=sr_t_122,2022,1h 57m,PG,6.0,5.9K
123. Armageddon Time,https://www.imdb.com/title/tt10343028/?ref_=sr_t_123,2022,1h 54m,R,6.5,17K
124. Radhe Shyam,https://www.imdb.com/title/tt8960382/?ref_=sr_t_124,2022,2h 18m,,5.2,32K
125. Somewhere in Queens,https://www.imdb.com/title/tt14097180/?ref_=sr_t_125,2022,1h 46m,R,6.8,5.6K
126. Vikram,https://www.imdb.com/title/tt9179430/?ref_=sr_t_126,2022,2h 55m,Not Rated,8.3,79K
127. The King's Daughter,https://www.imdb.com/title/tt2328678/?ref_=sr_t_127,2022,1h 38m,PG,5.2,6.6K
128. Lost in the Stars,https://www.imdb.com/title/tt17507018/?ref_=sr_t_128,2022,2h 1m,,6.5,2.8K
129. Aftersun,https://www.imdb.com/title/tt19770238/?ref_=sr_t_129,2022,1h 42m,R,7.6,108K
130. Infinite Storm,https://www.imdb.com/title/tt14060232/?ref_=sr_t_130,2022,1h 37m,R,5.3,11K
131. Vikram Vedha,https://www.imdb.com/title/tt13131350/?ref_=sr_t_131,2022,2h 40m,,7.1,25K
132. That Time I Got Reincarnated as a Slime the Movie: Scarlet Bond,https://www.imdb.com/title/tt15467380/?ref_=sr_t_132,2022,1h 54m,PG-13,6.9,2.3K
133. Running the Bases,https://www.imdb.com/title/tt8110900/?ref_=sr_t_133,2022,2h 7m,PG,6.0,666
134. The Quiet Girl,https://www.imdb.com/title/tt15109082/?ref_=sr_t_134,2022,1h 35m,PG-13,7.7,25K
135. The Kashmir Files,https://www.imdb.com/title/tt10811166/?ref_=sr_t_135,2022,2h 50m,Not Rated,8.5,576K
136. 2000 Mules,https://www.imdb.com/title/tt18924506/?ref_=sr_t_136,2022,1h 29m,,5.1,11K
137. Turning Red,https://www.imdb.com/title/tt8097030/?ref_=sr_t_137,2022,1h 40m,PG,7.0,161K
138. Spoiler Alert,https://www.imdb.com/title/tt7775720/?ref_=sr_t_138,2022,1h 52m,PG-13,7.3,8.1K
139. Medieval,https://www.imdb.com/title/tt8883486/?ref_=sr_t_139,2022,2h 5m,R,5.9,13K
140. The First Slam Dunk,https://www.imdb.com/title/tt15242330/?ref_=sr_t_140,2022,2h 4m,PG-13,8.1,10K
141. F3: Fun and Frustration,https://www.imdb.com/title/tt13645322/?ref_=sr_t_141,2022,2h 28m,,4.7,2.5K
142. The Lost King,https://www.imdb.com/title/tt13421498/?ref_=sr_t_142,2022,1h 48m,PG-13,6.7,9.2K
143. Empire of Light,https://www.imdb.com/title/tt14402146/?ref_=sr_t_143,2022,1h 55m,R,6.7,26K
144. Fire of Love,https://www.imdb.com/title/tt16227014/?ref_=sr_t_144,2022,1h 38m,PG,7.6,15K
145. Close,https://www.imdb.com/title/tt9660502/?ref_=sr_t_145,2022,1h 44m,PG-13,7.8,41K
146. Emily,https://www.imdb.com/title/tt12374656/?ref_=sr_t_146,2022,2h 10m,R,6.8,9K
147. After Ever Happy,https://www.imdb.com/title/tt13070038/?ref_=sr_t_147,2022,1h 35m,R,4.7,13K
148. EO,https://www.imdb.com/title/tt19652910/?ref_=sr_t_148,2022,1h 28m,Not Rated,6.7,16K
149. Broker,https://www.imdb.com/title/tt13056052/?ref_=sr_t_149,2022,2h 9m,R,7.1,18K
150. The Contractor,https://www.imdb.com/title/tt10323676/?ref_=sr_t_150,2022,1h 43m,R,5.8,31K
151. Jug Jugg Jeeyo,https://www.imdb.com/title/tt13449624/?ref_=sr_t_151,2022,2h 28m,,6.1,39K
152. Coldplay Music of The Spheres Live Broadcast from Buenos Aires,https://www.imdb.com/title/tt23016388/?ref_=sr_t_152,2022,2h 30m,,8.4,93
153. The Beatles: Get Back - The Rooftop Concert,https://www.imdb.com/title/tt16899584/?ref_=sr_t_153,2022,1h 5m,PG-13,8.9,1.7K
154. Hansan: Rising Dragon,https://www.imdb.com/title/tt21109538/?ref_=sr_t_154,2022,2h 10m,,6.6,2.2K
155. Johnny Cash: The Redemption of an American Icon,https://www.imdb.com/title/tt23112636/?ref_=sr_t_155,2022,1h 55m,,7.3,233
156. The Tiger Rising,https://www.imdb.com/title/tt1596557/?ref_=sr_t_156,2022,1h 42m,PG,4.8,1.1K
157. Acharya,https://www.imdb.com/title/tt11563070/?ref_=sr_t_157,2022,2h 32m,Not Rated,3.8,5.2K
158. The Roundup,https://www.imdb.com/title/tt15838850/?ref_=sr_t_158,2022,1h 46m,,7.0,13K
159. Return to Seoul,https://www.imdb.com/title/tt19719836/?ref_=sr_t_159,2022,1h 59m,R,7.0,9.5K
160. The Devil Conspiracy,https://www.imdb.com/title/tt9663168/?ref_=sr_t_160,2022,1h 51m,R,4.6,4.1K
161. Showing Up,https://www.imdb.com/title/tt13923216/?ref_=sr_t_161,2022,1h 47m,R,6.3,6.3K
162. How to Blow Up a Pipeline,https://www.imdb.com/title/tt21440780/?ref_=sr_t_162,2022,1h 44m,R,6.9,11K
163. Corsage,https://www.imdb.com/title/tt11992694/?ref_=sr_t_163,2022,1h 54m,,6.5,11K
164. It Ain't Over,https://www.imdb.com/title/tt13840536/?ref_=sr_t_164,2022,1h 39m,PG,8.2,1.5K
165. Master Gardener,https://www.imdb.com/title/tt15342244/?ref_=sr_t_165,2022,1h 51m,R,6.1,12K
166. Saint Michael Meet the Angel,https://www.imdb.com/title/tt21810812/?ref_=sr_t_166,2022,1h 30m,,6.8,32
167. Inspector Sun,https://www.imdb.com/title/tt6661616/?ref_=sr_t_167,2022,1h 28m,PG,5.2,525
168. Back to the Drive-in,https://www.imdb.com/title/tt19916882/?ref_=sr_t_168,2022,1h 45m,,7.1,138
169. Hundreds of Beavers,https://www.imdb.com/title/tt12818328/?ref_=sr_t_169,2022,1h 48m,,7.7,8.7K
170. Ante Sundharaniki,https://www.imdb.com/title/tt13528564/?ref_=sr_t_170,2022,2h 53m,,7.6,8.9K
171. The Mean One,https://www.imdb.com/title/tt20853816/?ref_=sr_t_171,2022,1h 33m,Not Rated,3.9,2.2K
172. Shin Ultraman,https://www.imdb.com/title/tt10737918/?ref_=sr_t_172,2022,1h 52m,,6.4,4.2K
173. 2022 Oscar Nominated Short Films: Animation,https://www.imdb.com/title/tt18270360/?ref_=sr_t_173,2022,1h 36m,R,6.1,69
174. 2022 Oscar Nominated Short Films: Live Action,https://www.imdb.com/title/tt18270328/?ref_=sr_t_174,2022,2h,R,6.8,60
175. 2022 Oscar Nominated Short Films: Documentary,https://www.imdb.com/title/tt18270458/?ref_=sr_t_175,2022,2h 37m,,7.7,14
176. HIT: The 2nd Case,https://www.imdb.com/title/tt14279982/?ref_=sr_t_176,2022,2h 30m,,7.1,7.4K
177. Gangubai Kathiawadi,https://www.imdb.com/title/tt10083340/?ref_=sr_t_177,2022,2h 32m,TV-MA,7.8,63K
178. Cuando sea joven,https://www.imdb.com/title/tt12076762/?ref_=sr_t_178,2022,2h,PG,7.1,398
179. Of an Age,https://www.imdb.com/title/tt14967472/?ref_=sr_t_179,2022,1h 40m,R,7.1,4.6K
"180. Confess, Fletch",https://www.imdb.com/title/tt12718300/?ref_=sr_t_180,2022,1h 38m,R,6.4,25K
181. Sanctuary,https://www.imdb.com/title/tt15364972/?ref_=sr_t_181,2022,1h 36m,R,6.2,10K
182. Call Jane,https://www.imdb.com/title/tt7461272/?ref_=sr_t_182,2022,2h 1m,R,6.5,6.7K
183. The Quintessential Quintuplets Movie,https://www.imdb.com/title/tt15721650/?ref_=sr_t_183,2022,2h 16m,Not Rated,7.3,2.4K
184. All the Beauty and the Bloodshed,https://www.imdb.com/title/tt21374850/?ref_=sr_t_184,2022,1h 53m,Unrated,7.5,8.5K
185. God's Country,https://www.imdb.com/title/tt11818818/?ref_=sr_t_185,2022,1h 42m,R,5.6,4.4K
186. Deep in the Heart: A Texas Wildlife Story,https://www.imdb.com/title/tt18967390/?ref_=sr_t_186,2022,1h 41m,PG,7.6,245
187. The Railway Children Return,https://www.imdb.com/title/tt14592998/?ref_=sr_t_187,2022,1h 39m,PG,5.5,1.6K
188. The Son,https://www.imdb.com/title/tt14458442/?ref_=sr_t_188,2022,2h 3m,PG-13,6.5,18K
189. A Father's Heart,https://www.imdb.com/title/tt15832390/?ref_=sr_t_189,2022,1h 31m,,8.4,47
190. Brian and Charles,https://www.imdb.com/title/tt13270424/?ref_=sr_t_190,2022,1h 30m,PG,6.7,9.5K
191. Amerikatsi,https://www.imdb.com/title/tt13616368/?ref_=sr_t_191,2022,2h 1m,,7.4,3.1K
192. Aristotle and Dante Discover the Secrets of the Universe,https://www.imdb.com/title/tt9428746/?ref_=sr_t_192,2022,1h 38m,PG-13,7.1,2.8K
193. Facing Nolan,https://www.imdb.com/title/tt17511190/?ref_=sr_t_193,2022,1h 42m,TV-14,7.9,1.9K
194. Superspreader,https://www.imdb.com/title/tt20412464/?ref_=sr_t_194,2022,1h 15m,PG-13,5.0,131
195. Tyson's Run,https://www.imdb.com/title/tt3580748/?ref_=sr_t_195,2022,1h 43m,PG,6.1,1.8K
196. The Inspection,https://www.imdb.com/title/tt13495458/?ref_=sr_t_196,2022,1h 35m,R,6.7,5.5K
197. Mending the Line,https://www.imdb.com/title/tt9201772/?ref_=sr_t_197,2022,2h 2m,R,6.7,1.7K
198. Alice,https://www.imdb.com/title/tt11040762/?ref_=sr_t_198,2022,1h 40m,R,5.6,3.5K
199. Hawa,https://www.imdb.com/title/tt10928202/?ref_=sr_t_199,2022,2h 11m,,7.6,6.8K
200. Epic Tails,https://www.imdb.com/title/tt22360682/?ref_=sr_t_200,2022,1h 35m,PG,5.8,971
201. Mother Teresa & Me,https://www.imdb.com/title/tt11228826/?ref_=sr_t_201,2022,2h 25m,,5.7,114
202. Turn Every Page: The Adventures of Robert Caro and Robert Gottlieb,https://www.imdb.com/title/tt14071694/?ref_=sr_t_202,2022,1h 52m,PG,8.2,555
203. Driving Madeleine,https://www.imdb.com/title/tt14586118/?ref_=sr_t_203,2022,1h 31m,,7.1,3K
204. Fourth of July,https://www.imdb.com/title/tt20851874/?ref_=sr_t_204,2022,1h 30m,Not Rated,6.7,2.3K
205. Holy Spider,https://www.imdb.com/title/tt18550140/?ref_=sr_t_205,2022,1h 58m,,7.3,28K
206. Meet Me in the Bathroom,https://www.imdb.com/title/tt16378298/?ref_=sr_t_206,2022,1h 45m,,6.7,1.7K
207. Joyland,https://www.imdb.com/title/tt19719976/?ref_=sr_t_207,2022,2h 6m,,7.6,7K
208. The Eight Mountains,https://www.imdb.com/title/tt14641542/?ref_=sr_t_208,2022,2h 27m,Not Rated,7.7,17K
209. Dreamin' Wild,https://www.imdb.com/title/tt10245106/?ref_=sr_t_209,2022,1h 51m,PG,6.4,1.4K
210. A Love Song,https://www.imdb.com/title/tt12691830/?ref_=sr_t_210,2022,1h 21m,PG,6.7,2.4K
211. Gone in the Night,https://www.imdb.com/title/tt15426294/?ref_=sr_t_211,2022,1h 30m,R,4.9,6.8K
212. You Won't Be Alone,https://www.imdb.com/title/tt8296030/?ref_=sr_t_212,2022,1h 48m,R,6.4,12K
213. Paul's Promise,https://www.imdb.com/title/tt13483160/?ref_=sr_t_213,2022,1h 34m,PG,6.7,120
214. Christmas Bloody Christmas,https://www.imdb.com/title/tt22042742/?ref_=sr_t_214,2022,1h 26m,Not Rated,5.1,6.3K
215. On the Come Up,https://www.imdb.com/title/tt9783730/?ref_=sr_t_215,2022,1h 56m,PG-13,5.7,792
216. CatVideoFest 2022,https://www.imdb.com/title/tt21086838/?ref_=sr_t_216,2022,1h 15m,,,
217. One Fine Morning,https://www.imdb.com/title/tt13482828/?ref_=sr_t_217,2022,1h 52m,R,7.0,7.8K
218. Saint Omer,https://www.imdb.com/title/tt15376894/?ref_=sr_t_218,2022,2h 2m,PG-13,6.8,5.7K
219. The Sparring Partner,https://www.imdb.com/title/tt21867590/?ref_=sr_t_219,2022,2h 18m,TV-MA,7.2,1.5K
220. The Silent Twins,https://www.imdb.com/title/tt11052678/?ref_=sr_t_220,2022,1h 53m,R,5.7,2.5K
221. Both Sides of the Blade,https://www.imdb.com/title/tt13535920/?ref_=sr_t_221,2022,1h 56m,Unrated,6.1,3.8K
222. When You Finish Saving the World,https://www.imdb.com/title/tt12121582/?ref_=sr_t_222,2022,1h 28m,R,5.6,5.1K
223. Enys Men,https://www.imdb.com/title/tt11698800/?ref_=sr_t_223,2022,1h 36m,,5.6,3.9K
224. Lignes de fuite,https://www.imdb.com/title/tt15284906/?ref_=sr_t_224,2022,1h 35m,,6.5,224
225. Too Cool to Kill,https://www.imdb.com/title/tt16254308/?ref_=sr_t_225,2022,1h 49m,,6.1,811
226. Dual,https://www.imdb.com/title/tt9005184/?ref_=sr_t_226,2022,1h 34m,R,5.8,14K
227. Hatching,https://www.imdb.com/title/tt12519030/?ref_=sr_t_227,2022,1h 31m,,6.2,17K
228. Jazz Fest: A New Orleans Story,https://www.imdb.com/title/tt16418964/?ref_=sr_t_228,2022,1h 35m,PG-13,7.1,259
229. Alienoid,https://www.imdb.com/title/tt20168564/?ref_=sr_t_229,2022,2h 22m,Not Rated,6.3,6.5K
230. No Bears,https://www.imdb.com/title/tt20205236/?ref_=sr_t_230,2022,1h 46m,,7.2,4.3K
231. Chile '76,https://www.imdb.com/title/tt19758012/?ref_=sr_t_231,2022,1h 35m,,6.7,2K
232. Guitar Lessons,https://www.imdb.com/title/tt15288700/?ref_=sr_t_232,2022,1h 40m,,7.2,136
233. Resurrection,https://www.imdb.com/title/tt11540726/?ref_=sr_t_233,2022,1h 43m,R,5.9,13K
234. Monica,https://www.imdb.com/title/tt6337816/?ref_=sr_t_234,2022,1h 46m,R,6.3,1.6K
235. 32 Sounds,https://www.imdb.com/title/tt16294920/?ref_=sr_t_235,2022,1h 35m,,7.5,268
236. The Last Rider,https://www.imdb.com/title/tt19760418/?ref_=sr_t_236,2022,1h 38m,PG-13,7.5,364
237. Across the River and Into the Trees,https://www.imdb.com/title/tt5652768/?ref_=sr_t_237,2022,1h 46m,,6.7,437
238. The Witch: Part 2 - The Other One,https://www.imdb.com/title/tt13721828/?ref_=sr_t_238,2022,2h 17m,,6.3,7.5K
239. The Magic Flute,https://www.imdb.com/title/tt8206398/?ref_=sr_t_239,2022,1h 55m,,5.6,1.6K
240. iMordecai,https://www.imdb.com/title/tt13528122/?ref_=sr_t_240,2022,1h 42m,,5.7,194
241. Path of the Panther,https://www.imdb.com/title/tt24855976/?ref_=sr_t_241,2022,1h 29m,PG,7.5,199
242. Lonely Castle in the Mirror,https://www.imdb.com/title/tt22868842/?ref_=sr_t_242,2022,1h 56m,Not Rated,6.9,1.3K
243. Yashoda,https://www.imdb.com/title/tt15710136/?ref_=sr_t_243,2022,2h 15m,,6.5,12K
244. The Killer,https://www.imdb.com/title/tt19713090/?ref_=sr_t_244,2022,1h 35m,,6.6,5K
245. Gabby Giffords Won't Back Down,https://www.imdb.com/title/tt17490116/?ref_=sr_t_245,2022,1h 38m,PG-13,7.4,259
246. Gamestop: Rise of the Players,https://www.imdb.com/title/tt17200376/?ref_=sr_t_246,2022,1h 34m,R,6.1,636
"247. The Tunnel to Summer, the Exit of Goodbyes",https://www.imdb.com/title/tt17382524/?ref_=sr_t_247,2022,1h 25m,TV-14,7.0,3.7K
248. The Storied Life of A.J. Fikry,https://www.imdb.com/title/tt10643926/?ref_=sr_t_248,2022,1h 45m,PG-13,6.6,2.7K
249. The Outwaters,https://www.imdb.com/title/tt13259610/?ref_=sr_t_249,2022,1h 50m,Not Rated,3.9,4.8K
250. Water Gate Bridge,https://www.imdb.com/title/tt16194408/?ref_=sr_t_250,2022,2h 33m,,5.6,1.5K
251. MindReader,https://www.imdb.com/title/tt15539936/?ref_=sr_t_251,2022,1h 24m,,7.6,53
252. Butter,https://www.imdb.com/title/tt6267600/?ref_=sr_t_252,2022,1h 51m,PG-13,5.9,881
253. Cat Daddies,https://www.imdb.com/title/tt10968602/?ref_=sr_t_253,2022,1h 29m,,7.2,353
254. Squaring the Circle: The Story of Hipgnosis,https://www.imdb.com/title/tt10850264/?ref_=sr_t_254,2022,1h 41m,,7.7,1.9K
255. Boblo Boats: A Detroit Ferry Tale,https://www.imdb.com/title/tt5574806/?ref_=sr_t_255,2022,1h 19m,,7.1,59
256. Blue Jean,https://www.imdb.com/title/tt8649344/?ref_=sr_t_256,2022,1h 37m,,7.0,5.5K
257. Sick of Myself,https://www.imdb.com/title/tt18816518/?ref_=sr_t_257,2022,1h 37m,,7.1,19K
258. L'immensità,https://www.imdb.com/title/tt13051724/?ref_=sr_t_258,2022,1h 39m,Not Rated,6.4,3.3K
259. My Old School,https://www.imdb.com/title/tt8595016/?ref_=sr_t_259,2022,1h 44m,,7.1,1.8K
260. Bunker,https://www.imdb.com/title/tt8010064/?ref_=sr_t_260,2022,1h 48m,R,4.0,2.8K
261. Carmen,https://www.imdb.com/title/tt6875952/?ref_=sr_t_261,2022,1h 56m,R,5.7,1.3K
262. The Lost Weekend: A Love Story,https://www.imdb.com/title/tt19812518/?ref_=sr_t_262,2022,1h 37m,,7.6,347
263. I Love My Dad,https://www.imdb.com/title/tt14935966/?ref_=sr_t_263,2022,1h 36m,R,6.3,3.5K
264. All That Breathes,https://www.imdb.com/title/tt16377862/?ref_=sr_t_264,2022,1h 37m,Not Rated,7.0,5.1K
"265. Alice, Darling",https://www.imdb.com/title/tt11687104/?ref_=sr_t_265,2022,1h 29m,R,5.6,12K
266. Gold,https://www.imdb.com/title/tt6020800/?ref_=sr_t_266,2022,1h 37m,R,5.4,13K
267. Abandoned,https://www.imdb.com/title/tt2980152/?ref_=sr_t_267,2022,1h 42m,PG-13,3.8,3.9K
268. The Return of Tanya Tucker: Featuring Brandi Carlile,https://www.imdb.com/title/tt17640752/?ref_=sr_t_268,2022,1h 48m,R,7.3,286
"269. My Sailor, My Love",https://www.imdb.com/title/tt5851696/?ref_=sr_t_269,2022,1h 43m,,7.1,1.4K
270. Lakota Nation vs. United States,https://www.imdb.com/title/tt15468586/?ref_=sr_t_270,2022,2h,PG-13,7.9,351
271. Linoleum,https://www.imdb.com/title/tt13483866/?ref_=sr_t_271,2022,1h 41m,TV-PG,6.5,3.8K
272. The Origin of Evil,https://www.imdb.com/title/tt13729232/?ref_=sr_t_272,2022,2h 3m,R,6.6,2K
273. Other People's Children,https://www.imdb.com/title/tt15403712/?ref_=sr_t_273,2022,1h 43m,,6.8,2.8K
274. The Eternal Daughter,https://www.imdb.com/title/tt13874422/?ref_=sr_t_274,2022,1h 36m,PG-13,5.9,6.8K
275. Unfavorable Odds,https://www.imdb.com/title/tt20627718/?ref_=sr_t_275,2022,1h 20m,PG-13,3.2,55
276. Only Fools Rush In,https://www.imdb.com/title/tt14509614/?ref_=sr_t_276,2022,2h 8m,,5.6,423
277. Daliland,https://www.imdb.com/title/tt8399658/?ref_=sr_t_277,2022,1h 37m,,5.9,2.6K
278. Scarlet,https://www.imdb.com/title/tt14212090/?ref_=sr_t_278,2022,1h 40m,,6.6,1.1K
279. The Unknown Country,https://www.imdb.com/title/tt12783826/?ref_=sr_t_279,2022,1h 25m,,6.3,850
280. The Territory,https://www.imdb.com/title/tt16378164/?ref_=sr_t_280,2022,1h 25m,PG,7.5,1.4K
281. Maika,https://www.imdb.com/title/tt16378354/?ref_=sr_t_281,2022,1h 45m,PG,5.6,120
282. Tad the Lost Explorer and the Emerald Tablet,https://www.imdb.com/title/tt14941698/?ref_=sr_t_282,2022,1h 30m,PG,6.0,2.2K
283. Immediate Family,https://www.imdb.com/title/tt10709114/?ref_=sr_t_283,2022,1h 42m,,8.0,327
284. The Night of the 12th,https://www.imdb.com/title/tt16953666/?ref_=sr_t_284,2022,1h 55m,,7.0,11K
285. Smoking Causes Coughing,https://www.imdb.com/title/tt15471560/?ref_=sr_t_285,2022,1h 17m,Not Rated,6.5,5.5K
286. The Forger,https://www.imdb.com/title/tt15403362/?ref_=sr_t_286,2022,1h 56m,,6.2,1.4K
287. Godland,https://www.imdb.com/title/tt19623228/?ref_=sr_t_287,2022,2h 23m,Unrated,7.1,8.1K
288. Lynch/Oz,https://www.imdb.com/title/tt15399286/?ref_=sr_t_288,2022,1h 48m,,6.9,1.4K
289. Decibel,https://www.imdb.com/title/tt17494686/?ref_=sr_t_289,2022,1h 50m,,6.1,1.9K
290. Biosphere,https://www.imdb.com/title/tt15301000/?ref_=sr_t_290,2022,1h 46m,,5.5,2.7K
291. Deer Camp '86,https://www.imdb.com/title/tt22184520/?ref_=sr_t_291,2022,1h 25m,R,5.5,913
292. Tori and Lokita,https://www.imdb.com/title/tt18317064/?ref_=sr_t_292,2022,1h 28m,Not Rated,7.1,3.3K
293. Róise & Frank,https://www.imdb.com/title/tt10366418/?ref_=sr_t_293,2022,1h 30m,,6.6,466
294. Summering,https://www.imdb.com/title/tt15208276/?ref_=sr_t_294,2022,1h 25m,PG-13,4.4,502
"295. Desperate Souls, Dark City and the Legend of Midnight Cowboy",https://www.imdb.com/title/tt21372066/?ref_=sr_t_295,2022,1h 41m,,7.0,306
296. The End of Sex,https://www.imdb.com/title/tt18081000/?ref_=sr_t_296,2022,1h 27m,R,5.1,714
297. Moon Garden,https://www.imdb.com/title/tt18561446/?ref_=sr_t_297,2022,1h 37m,,6.0,1.3K
298. Revoir Paris,https://www.imdb.com/title/tt15329224/?ref_=sr_t_298,2022,1h 45m,,6.9,3.4K
299. Utama,https://www.imdb.com/title/tt10984580/?ref_=sr_t_299,2022,1h 27m,,7.1,2.2K
300. Know Your Place,https://www.imdb.com/title/tt15275946/?ref_=sr_t_300,2022,1h 58m,,8.3,73
"301. Blind Willow, Sleeping Woman",https://www.imdb.com/title/tt9320184/?ref_=sr_t_301,2022,1h 48m,,7.1,1K
302. Piggy,https://www.imdb.com/title/tt10399608/?ref_=sr_t_302,2022,1h 39m,Not Rated,6.2,15K
303. Once Within a Time,https://www.imdb.com/title/tt28352066/?ref_=sr_t_303,2022,52m,,5.8,198
304. Free Chol Soo Lee,https://www.imdb.com/title/tt16376512/?ref_=sr_t_304,2022,1h 23m,PG-13,7.2,464
305. Fireheart,https://www.imdb.com/title/tt8354218/?ref_=sr_t_305,2022,1h 32m,TV-PG,6.2,3.5K
306. Vesper,https://www.imdb.com/title/tt20225374/?ref_=sr_t_306,2022,1h 54m,Not Rated,6.0,24K
307. Framing Agnes,https://www.imdb.com/title/tt11513696/?ref_=sr_t_307,2022,1h 15m,,6.8,233
308. Nuclear Now,https://www.imdb.com/title/tt21376908/?ref_=sr_t_308,2022,1h 45m,,7.3,1K
309. Black Ice,https://www.imdb.com/title/tt15144270/?ref_=sr_t_309,2022,1h 36m,R,6.3,363
310. Give Me Five,https://www.imdb.com/title/tt17052380/?ref_=sr_t_310,2022,1h 52m,,5.2,147
311. The Five Devils,https://www.imdb.com/title/tt13391708/?ref_=sr_t_311,2022,1h 43m,Unrated,6.7,5.4K
312. R.M.N.,https://www.imdb.com/title/tt18550182/?ref_=sr_t_312,2022,2h 5m,Unrated,7.2,5.8K
313. Loving Highsmith,https://www.imdb.com/title/tt15239466/?ref_=sr_t_313,2022,1h 23m,,6.9,577
314. The Beasts,https://www.imdb.com/title/tt15006566/?ref_=sr_t_314,2022,2h 17m,,7.5,22K
315. School of Magical Animals 2,https://www.imdb.com/title/tt13818742/?ref_=sr_t_315,2022,1h 43m,PG,5.9,572
316. God's Creatures,https://www.imdb.com/title/tt10375396/?ref_=sr_t_316,2022,1h 40m,R,6.0,3.7K
317. Take Me to the River: New Orleans,https://www.imdb.com/title/tt18966752/?ref_=sr_t_317,2022,1h 50m,,8.9,25
318. Loudmouth,https://www.imdb.com/title/tt19785338/?ref_=sr_t_318,2022,2h 3m,,5.0,252
319. Alcarràs,https://www.imdb.com/title/tt11930126/?ref_=sr_t_319,2022,2h,,7.0,8.5K
"320. Riotsville, U.S.A.",https://www.imdb.com/title/tt11398388/?ref_=sr_t_320,2022,1h 31m,,6.7,412
321. Remembering Heaven,https://www.imdb.com/title/tt19766370/?ref_=sr_t_321,2022,1h 25m,,6.8,33
322. Teddy's Christmas,https://www.imdb.com/title/tt21054736/?ref_=sr_t_322,2022,1h 16m,G,6.1,593
323. The Stolen Valley,https://www.imdb.com/title/tt13414318/?ref_=sr_t_323,2022,1h 45m,PG-13,4.7,259
324. Mister Organ,https://www.imdb.com/title/tt21996838/?ref_=sr_t_324,2022,1h 36m,TV-MA,6.6,1.4K
325. Hilma,https://www.imdb.com/title/tt14620236/?ref_=sr_t_325,2022,2h,,6.0,1.1K
326. Only in Theaters,https://www.imdb.com/title/tt11743152/?ref_=sr_t_326,2022,1h 34m,,7.3,86
327. The Innocent,https://www.imdb.com/title/tt19841734/?ref_=sr_t_327,2022,1h 39m,,6.7,4.3K
328. A Compassionate Spy,https://www.imdb.com/title/tt21376858/?ref_=sr_t_328,2022,1h 41m,,6.6,407
329. The Civil Dead,https://www.imdb.com/title/tt16402818/?ref_=sr_t_329,2022,1h 44m,,6.2,677
330. The Sound of Violet,https://www.imdb.com/title/tt2634732/?ref_=sr_t_330,2022,1h 47m,PG-13,5.3,223
331. The Cow Who Sang a Song Into the Future,https://www.imdb.com/title/tt10360808/?ref_=sr_t_331,2022,1h 38m,,5.9,414
332. Nikamma,https://www.imdb.com/title/tt10687220/?ref_=sr_t_332,2022,2h 32m,PG-13,2.8,1.8K
333. Bobi Wine: The People's President,https://www.imdb.com/title/tt21376900/?ref_=sr_t_333,2022,1h 53m,PG-13,7.1,1.8K
334. La Syndicaliste,https://www.imdb.com/title/tt16987062/?ref_=sr_t_334,2022,2h 1m,,6.6,1.8K
335. Leonor Will Never Die,https://www.imdb.com/title/tt16377714/?ref_=sr_t_335,2022,1h 41m,,6.6,823
336. June Zero,https://www.imdb.com/title/tt18834372/?ref_=sr_t_336,2022,1h 45m,,6.6,267
337. The African Desperate,https://www.imdb.com/title/tt17048276/?ref_=sr_t_337,2022,1h 37m,,5.6,583
338. Brainwashed: Sex-Camera-Power,https://www.imdb.com/title/tt10410506/?ref_=sr_t_338,2022,1h 47m,,6.2,1.1K
339. The Melt Goes on Forever: The Art & Times of David Hammons,https://www.imdb.com/title/tt12510868/?ref_=sr_t_339,2022,1h 41m,,8.0,31
340. Amanda,https://www.imdb.com/title/tt18469872/?ref_=sr_t_340,2022,1h 33m,,6.5,1.4K
341. Please Baby Please,https://www.imdb.com/title/tt11423420/?ref_=sr_t_341,2022,1h 35m,Not Rated,5.7,1.2K
342. Paap Punyo,https://www.imdb.com/title/tt20421722/?ref_=sr_t_342,2022,2h 5m,,7.0,447
343. Hunt,https://www.imdb.com/title/tt6931658/?ref_=sr_t_343,2022,2h 11m,Not Rated,6.7,6.2K
344. Mysterious Circumstance: The Death of Meriwether Lewis,https://www.imdb.com/title/tt13216846/?ref_=sr_t_344,2022,1h 55m,,4.6,324
345. Pasang: In the Shadow of Everest,https://www.imdb.com/title/tt17677650/?ref_=sr_t_345,2022,1h 12m,,8.2,30
346. Wolf Pack,https://www.imdb.com/title/tt11771642/?ref_=sr_t_346,2022,1h 45m,,4.7,168
347. Stay with Us,https://www.imdb.com/title/tt21956982/?ref_=sr_t_347,2022,1h 30m,,5.9,466
348. Relative,https://www.imdb.com/title/tt11963006/?ref_=sr_t_348,2022,1h 37m,,7.1,165
349. In Viaggio: The Travels of Pope Francis,https://www.imdb.com/title/tt21374930/?ref_=sr_t_349,2022,1h 20m,,6.4,91
350. Return to Dust,https://www.imdb.com/title/tt17097088/?ref_=sr_t_350,2022,2h 11m,,7.6,2.7K
351. Dreaming Walls: Inside the Chelsea Hotel,https://www.imdb.com/title/tt14679114/?ref_=sr_t_351,2022,1h 17m,,6.1,438
352. The Divine Protector: Master Salt Begins,https://www.imdb.com/title/tt22746706/?ref_=sr_t_352,2022,2h,PG-13,4.0,23
353. Piaffe,https://www.imdb.com/title/tt21226876/?ref_=sr_t_353,2022,1h 26m,,5.6,511
354. Good Mourning,https://www.imdb.com/title/tt15331186/?ref_=sr_t_354,2022,1h 33m,R,3.1,2.7K
355. Unwelcome,https://www.imdb.com/title/tt12447796/?ref_=sr_t_355,2022,1h 44m,R,5.3,6.7K
356. Bad Axe,https://www.imdb.com/title/tt12915238/?ref_=sr_t_356,2022,1h 40m,,7.5,541
357. Project Wolf Hunting,https://www.imdb.com/title/tt15575470/?ref_=sr_t_357,2022,2h 2m,,6.0,8K
358. Unplugging,https://www.imdb.com/title/tt10314040/?ref_=sr_t_358,2022,1h 34m,R,4.4,1.1K
359. The Worst Ones,https://www.imdb.com/title/tt19719862/?ref_=sr_t_359,2022,1h 39m,,6.8,1.3K
360. Sirens,https://www.imdb.com/title/tt10014534/?ref_=sr_t_360,2022,1h 19m,,6.7,302
361. Flux Gourmet,https://www.imdb.com/title/tt15010292/?ref_=sr_t_361,2022,1h 51m,Not Rated,5.8,3.3K
362. 2nd Chance,https://www.imdb.com/title/tt16282914/?ref_=sr_t_362,2022,1h 29m,,6.8,475
363. Two Tickets to Greece,https://www.imdb.com/title/tt18671246/?ref_=sr_t_363,2022,1h 50m,,6.1,1.2K
364. A Couple,https://www.imdb.com/title/tt21374862/?ref_=sr_t_364,2022,1h 3m,,5.5,191
365. Rodeo,https://www.imdb.com/title/tt19719940/?ref_=sr_t_365,2022,1h 45m,,6.1,933
366. The Cherry Bushido,https://www.imdb.com/title/tt18363692/?ref_=sr_t_366,2022,2h 5m,PG-13,,
367. Ernest and Celestine: A Trip to Gibberitia,https://www.imdb.com/title/tt22352776/?ref_=sr_t_367,2022,1h 20m,Not Rated,7.0,853
368. Golden Years,https://www.imdb.com/title/tt17965620/?ref_=sr_t_368,2022,1h 32m,,6.5,175
369. Baby Ruby,https://www.imdb.com/title/tt21448540/?ref_=sr_t_369,2022,1h 33m,,4.7,3.5K
"370. Before, Now & Then",https://www.imdb.com/title/tt15215918/?ref_=sr_t_370,2022,1h 43m,,6.6,708
371. Rite of the Shaman,https://www.imdb.com/title/tt14016830/?ref_=sr_t_371,2022,1h 9m,,4.2,1.7K
372. To the End,https://www.imdb.com/title/tt16378064/?ref_=sr_t_372,2022,1h 34m,R,3.4,1.7K
373. Final Cut,https://www.imdb.com/title/tt14317880/?ref_=sr_t_373,2022,1h 52m,,6.4,5K
374. Subject,https://www.imdb.com/title/tt19759096/?ref_=sr_t_374,2022,1h 37m,,7.1,238
375. The Super 8 Years,https://www.imdb.com/title/tt19758084/?ref_=sr_t_375,2022,1h 3m,,6.8,388
376. Four Samosas,https://www.imdb.com/title/tt15327014/?ref_=sr_t_376,2022,1h 20m,PG-13,5.5,292
377. Lost Angel: The Genius of Judee Sill,https://www.imdb.com/title/tt4406238/?ref_=sr_t_377,2022,1h 31m,,7.7,102
378. ¡Viva Maestro!,https://www.imdb.com/title/tt14153448/?ref_=sr_t_378,2022,1h 39m,,7.3,142
379. The Elephant 6 Recording Co.,https://www.imdb.com/title/tt13259956/?ref_=sr_t_379,2022,1h 33m,,7.5,144
380. Jane,https://www.imdb.com/title/tt15040500/?ref_=sr_t_380,2022,1h 23m,R,4.9,868
381. Four Quartets,https://www.imdb.com/title/tt20112502/?ref_=sr_t_381,2022,1h 22m,,6.8,78
382. Falcon Lake,https://www.imdb.com/title/tt11448830/?ref_=sr_t_382,2022,1h 40m,,7.1,3.3K
383. My Imaginary Country,https://www.imdb.com/title/tt19797494/?ref_=sr_t_383,2022,1h 23m,,7.1,574
384. The Grab,https://www.imdb.com/title/tt21820452/?ref_=sr_t_384,2022,1h 42m,,7.2,531
385. Laleh Drive,https://www.imdb.com/title/tt3516462/?ref_=sr_t_385,2022,2h,Not Rated,5.2,98
386. Karaoke,https://www.imdb.com/title/tt14300518/?ref_=sr_t_386,2022,1h 40m,,7.4,1.1K
387. Pretty Problems,https://www.imdb.com/title/tt15566896/?ref_=sr_t_387,2022,1h 43m,,5.6,1.6K
388. Last Flight Home,https://www.imdb.com/title/tt16377430/?ref_=sr_t_388,2022,1h 46m,,7.1,385
389. Loren & Rose,https://www.imdb.com/title/tt10358566/?ref_=sr_t_389,2022,1h 23m,,7.7,49
390. Rebel,https://www.imdb.com/title/tt11946138/?ref_=sr_t_390,2022,2h 15m,,7.4,2.5K
391. Skin Deep,https://www.imdb.com/title/tt21364764/?ref_=sr_t_391,2022,1h 43m,Unrated,6.2,311
392. Isle of Hope,https://www.imdb.com/title/tt23320016/?ref_=sr_t_392,2022,1h 36m,,7.6,36
393. God's Time,https://www.imdb.com/title/tt13528840/?ref_=sr_t_393,2022,1h 23m,,5.0,185
394. Shaan,https://www.imdb.com/title/tt20252438/?ref_=sr_t_394,2022,2h 30m,,6.1,505
395. There There,https://www.imdb.com/title/tt19796976/?ref_=sr_t_395,2022,1h 33m,,5.2,146
396. About Fate,https://www.imdb.com/title/tt14456350/?ref_=sr_t_396,2022,1h 43m,R,6.4,13K
397. Give Me Pity!,https://www.imdb.com/title/tt14725622/?ref_=sr_t_397,2022,1h 20m,Unrated,5.8,181
398. Burial,https://www.imdb.com/title/tt13063384/?ref_=sr_t_398,2022,1h 35m,,5.0,2.1K
399. Lucy and Whitney,https://www.imdb.com/title/tt15676172/?ref_=sr_t_399,2022,,,,
400. Vandits,https://www.imdb.com/title/tt6678124/?ref_=sr_t_400,2022,1h 29m,,5.2,206
401. At the Gates,https://www.imdb.com/title/tt17372926/?ref_=sr_t_401,2022,1h 37m,R,6.8,87
402. Let the Little Light Shine,https://www.imdb.com/title/tt20195016/?ref_=sr_t_402,2022,1h 26m,,7.4,34
403. Gods of Mexico,https://www.imdb.com/title/tt18225554/?ref_=sr_t_403,2022,1h 37m,,7.1,173
404. White Balls on Walls,https://www.imdb.com/title/tt23133154/?ref_=sr_t_404,2022,1h 30m,,7.0,75
405. Tantura,https://www.imdb.com/title/tt16378034/?ref_=sr_t_405,2022,1h 34m,,8.5,2.1K
406. Petrol,https://www.imdb.com/title/tt20765376/?ref_=sr_t_406,2022,1h 35m,,6.0,95
407. Love Life,https://www.imdb.com/title/tt18235306/?ref_=sr_t_407,2022,2h 3m,,6.9,1.8K
408. Lowndes County and the Road to Black Power,https://www.imdb.com/title/tt19796996/?ref_=sr_t_408,2022,1h 30m,,7.9,165
409. Signs of Love,https://www.imdb.com/title/tt12070418/?ref_=sr_t_409,2022,1h 38m,Not Rated,5.6,312
"410. Hello, Bookstore",https://www.imdb.com/title/tt19242256/?ref_=sr_t_410,2022,1h 26m,,7.2,237
411. What Comes Around,https://www.imdb.com/title/tt21389338/?ref_=sr_t_411,2022,1h 25m,,5.3,1.9K
412. Therapy Dogs,https://www.imdb.com/title/tt16426096/?ref_=sr_t_412,2022,1h 23m,,6.9,131
413. Fiddler's Journey to the Big Screen,https://www.imdb.com/title/tt13660266/?ref_=sr_t_413,2022,1h 28m,,7.7,174
414. Remember This,https://www.imdb.com/title/tt13614418/?ref_=sr_t_414,2022,1h 35m,,9.1,79
415. Tommy Guns,https://www.imdb.com/title/tt21226804/?ref_=sr_t_415,2022,2h,Unrated,6.3,288
416. Next Exit,https://www.imdb.com/title/tt19595494/?ref_=sr_t_416,2022,1h 46m,,5.6,2K
417. Rimini,https://www.imdb.com/title/tt8956284/?ref_=sr_t_417,2022,1h 54m,,6.9,2.4K
418. Reflections of a Broken Memory,https://www.imdb.com/title/tt14187988/?ref_=sr_t_418,2022,1h 53m,,7.7,23
419. Jethica,https://www.imdb.com/title/tt14847302/?ref_=sr_t_419,2022,1h 12m,,5.3,582
420. Carp-e Diem,https://www.imdb.com/title/tt14596040/?ref_=sr_t_420,2022,1h 40m,,6.6,75
421. Bar Fight!,https://www.imdb.com/title/tt15250656/?ref_=sr_t_421,2022,1h 24m,,4.8,651
422. The Modern Way,https://www.imdb.com/title/tt12048238/?ref_=sr_t_422,2022,1h 28m,,5.0,138
423. The Hit,https://www.imdb.com/title/tt12372438/?ref_=sr_t_423,2022,1h 43m,,5.2,129
424. This Much We Know,https://www.imdb.com/title/tt22694966/?ref_=sr_t_424,2022,1h 45m,,6.0,19
425. Kill Devil Hills,https://www.imdb.com/title/tt6876592/?ref_=sr_t_425,2022,,,4.0,25
426. B'Twixt Now and Sunrise,https://www.imdb.com/title/tt22246056/?ref_=sr_t_426,2022,1h 28m,,5.2,484
427. Rubikon,https://www.imdb.com/title/tt13829262/?ref_=sr_t_427,2022,1h 50m,Not Rated,5.0,4.7K
428. Imagining the Indian,https://www.imdb.com/title/tt12405432/?ref_=sr_t_428,2022,1h 35m,,2.9,66
429. The Almond and the Seahorse,https://www.imdb.com/title/tt7326608/?ref_=sr_t_429,2022,1h 36m,Unrated,5.4,540
430. Venus,https://www.imdb.com/title/tt15676664/?ref_=sr_t_430,2022,1h 40m,R,5.5,4.6K
431. Sniper. The White Raven,https://www.imdb.com/title/tt19465630/?ref_=sr_t_431,2022,1h 51m,R,6.4,7K
432. Locked-in Society,https://www.imdb.com/title/tt17517876/?ref_=sr_t_432,2022,1h 41m,R,6.2,1.7K
433. Spirited,https://www.imdb.com/title/tt10999120/?ref_=sr_t_433,2022,2h 7m,PG-13,6.6,55K
434. A Christmas Story Christmas,https://www.imdb.com/title/tt17220704/?ref_=sr_t_434,2022,1h 38m,PG,6.7,20K
435. Matilda: The Musical,https://www.imdb.com/title/tt3447590/?ref_=sr_t_435,2022,1h 57m,PG,7.0,30K
436. Falling for Christmas,https://www.imdb.com/title/tt14715170/?ref_=sr_t_436,2022,1h 33m,TV-PG,5.3,32K
437. The Gray Man,https://www.imdb.com/title/tt1649418/?ref_=sr_t_437,2022,2h 2m,PG-13,6.5,252K
438. Prey,https://www.imdb.com/title/tt11866324/?ref_=sr_t_438,2022,1h 40m,R,7.1,242K
439. All Quiet on the Western Front,https://www.imdb.com/title/tt1016150/?ref_=sr_t_439,2022,2h 28m,R,7.8,264K
440. Scrooge: A Christmas Carol,https://www.imdb.com/title/tt20917338/?ref_=sr_t_440,2022,1h 36m,TV-Y7,6.2,8.4K
441. Purple Hearts,https://www.imdb.com/title/tt4614584/?ref_=sr_t_441,2022,2h 2m,TV-14,6.7,60K
442. Speak No Evil,https://www.imdb.com/title/tt14253846/?ref_=sr_t_442,2022,1h 37m,Not Rated,6.6,55K
443. Deep Water,https://www.imdb.com/title/tt2180339/?ref_=sr_t_443,2022,1h 55m,R,5.5,62K
444. The Noel Diary,https://www.imdb.com/title/tt13007592/?ref_=sr_t_444,2022,1h 39m,TV-14,6.2,21K
445. This Is Christmas,https://www.imdb.com/title/tt22302170/?ref_=sr_t_445,2022,1h 51m,,7.0,3.7K
446. Blonde,https://www.imdb.com/title/tt1655389/?ref_=sr_t_446,2022,2h 47m,NC-17,5.5,74K
447. Fresh,https://www.imdb.com/title/tt13403046/?ref_=sr_t_447,2022,1h 54m,R,6.7,82K
"448. Good Luck to You, Leo Grande",https://www.imdb.com/title/tt13352968/?ref_=sr_t_448,2022,1h 37m,R,7.2,40K
449. Incantation,https://www.imdb.com/title/tt18968540/?ref_=sr_t_449,2022,1h 50m,TV-MA,6.2,24K
450. A Christmas Karen,https://www.imdb.com/title/tt14219486/?ref_=sr_t_450,2022,1h 38m,,5.1,1.2K
451. Lady Chatterley's Lover,https://www.imdb.com/title/tt14369780/?ref_=sr_t_451,2022,2h 6m,R,6.6,25K
452. The Next 365 Days,https://www.imdb.com/title/tt21106646/?ref_=sr_t_452,2022,1h 52m,TV-MA,2.9,11K
453. The Pale Blue Eye,https://www.imdb.com/title/tt14138650/?ref_=sr_t_453,2022,2h 8m,R,6.6,130K
454. 365 Days: This Day,https://www.imdb.com/title/tt12996154/?ref_=sr_t_454,2022,1h 51m,TV-MA,2.7,26K
455. Through My Window,https://www.imdb.com/title/tt14463484/?ref_=sr_t_455,2022,1h 56m,TV-MA,5.5,21K
456. Your Christmas or Mine?,https://www.imdb.com/title/tt21994906/?ref_=sr_t_456,2022,1h 35m,,6.4,11K
457. I Believe in Santa,https://www.imdb.com/title/tt23722792/?ref_=sr_t_457,2022,1h 29m,PG,4.5,4.6K
458. Jerry and Marge Go Large,https://www.imdb.com/title/tt8323668/?ref_=sr_t_458,2022,1h 36m,PG-13,6.9,29K
459. The Coffee Table,https://www.imdb.com/title/tt21874760/?ref_=sr_t_459,2022,1h 31m,16+,6.7,7.7K
460. Something from Tiffany's,https://www.imdb.com/title/tt16233952/?ref_=sr_t_460,2022,1h 27m,PG,6.2,12K
461. The Adam Project,https://www.imdb.com/title/tt2463208/?ref_=sr_t_461,2022,1h 46m,PG-13,6.7,242K
462. The School for Good and Evil,https://www.imdb.com/title/tt2935622/?ref_=sr_t_462,2022,2h 27m,PG-13,5.9,39K
463. Hellraiser,https://www.imdb.com/title/tt0887261/?ref_=sr_t_463,2022,2h 1m,R,5.9,51K
464. Weird: The Al Yankovic Story,https://www.imdb.com/title/tt17076046/?ref_=sr_t_464,2022,1h 48m,TV-14,6.9,44K
465. Wifelike,https://www.imdb.com/title/tt15978956/?ref_=sr_t_465,2022,1h 45m,R,4.9,5.6K
466. Battlefield: Fall of the World,https://www.imdb.com/title/tt27727400/?ref_=sr_t_466,2022,1h 41m,,3.9,284
467. Christmas with the Campbells,https://www.imdb.com/title/tt17542540/?ref_=sr_t_467,2022,1h 28m,Not Rated,5.4,2.3K
468. The Good Nurse,https://www.imdb.com/title/tt4273800/?ref_=sr_t_468,2022,2h 1m,R,6.8,84K
469. Am I OK?,https://www.imdb.com/title/tt11225626/?ref_=sr_t_469,2022,1h 26m,R,6.1,9.6K
470. Hustle,https://www.imdb.com/title/tt8009428/?ref_=sr_t_470,2022,1h 57m,R,7.3,151K
471. Pinocchio,https://www.imdb.com/title/tt4593060/?ref_=sr_t_471,2022,1h 45m,PG,5.1,44K
472. Guillermo del Toro's Pinocchio,https://www.imdb.com/title/tt1488589/?ref_=sr_t_472,2022,1h 57m,PG,7.6,118K
473. Christmas with You,https://www.imdb.com/title/tt15824322/?ref_=sr_t_473,2022,1h 29m,TV-PG,5.6,8.2K
474. Sex Appeal,https://www.imdb.com/title/tt11203022/?ref_=sr_t_474,2022,1h 30m,TV-MA,5.3,3.5K
475. The Greatest Beer Run Ever,https://www.imdb.com/title/tt10268488/?ref_=sr_t_475,2022,2h 6m,R,6.8,31K
476. Thirteen Lives,https://www.imdb.com/title/tt12262116/?ref_=sr_t_476,2022,2h 27m,PG-13,7.8,72K
477. Christmas in Paradise,https://www.imdb.com/title/tt22309256/?ref_=sr_t_477,2022,1h 29m,PG,3.6,637
478. Grand Jeté,https://www.imdb.com/title/tt13887082/?ref_=sr_t_478,2022,1h 45m,Unrated,4.8,1.1K
479. Adult Swim Yule Log,https://www.imdb.com/title/tt24248198/?ref_=sr_t_479,2022,1h 31m,16+,6.3,1.6K
480. Persuasion,https://www.imdb.com/title/tt13456318/?ref_=sr_t_480,2022,1h 48m,PG,5.8,37K
481. The Kiss,https://www.imdb.com/title/tt15822942/?ref_=sr_t_481,2022,1h 56m,,6.5,720
482. The Estate,https://www.imdb.com/title/tt16302202/?ref_=sr_t_482,2022,1h 36m,R,5.3,5.9K
483. Moment of Contact,https://www.imdb.com/title/tt21451264/?ref_=sr_t_483,2022,1h 48m,Not Rated,7.1,2.4K
484. Enola Holmes 2,https://www.imdb.com/title/tt14641788/?ref_=sr_t_484,2022,2h 9m,PG-13,6.8,107K
485. Bhool Bhulaiyaa 2,https://www.imdb.com/title/tt6455162/?ref_=sr_t_485,2022,2h 23m,,5.7,35K
486. Disenchanted,https://www.imdb.com/title/tt1596342/?ref_=sr_t_486,2022,1h 59m,PG,5.6,28K
487. 99 Moons,https://www.imdb.com/title/tt13149356/?ref_=sr_t_487,2022,1h 50m,Unrated,4.8,2.7K
488. Luckiest Girl Alive,https://www.imdb.com/title/tt4595186/?ref_=sr_t_488,2022,1h 53m,R,6.4,58K
489. The Weekend Away,https://www.imdb.com/title/tt14817272/?ref_=sr_t_489,2022,1h 29m,TV-14,5.7,32K
490. Prancer: A Christmas Tale,https://www.imdb.com/title/tt14668196/?ref_=sr_t_490,2022,1h 42m,PG,6.1,633
491. The Princess,https://www.imdb.com/title/tt13406136/?ref_=sr_t_491,2022,1h 34m,R,5.7,16K
492. Entergalactic,https://www.imdb.com/title/tt10687116/?ref_=sr_t_492,2022,1h 33m,TV-MA,7.3,17K
493. Spiderhead,https://www.imdb.com/title/tt9783600/?ref_=sr_t_493,2022,1h 46m,R,5.5,68K
494. Spin Me Round,https://www.imdb.com/title/tt14596320/?ref_=sr_t_494,2022,1h 44m,Unrated,5.2,6.2K
495. No Exit,https://www.imdb.com/title/tt7550014/?ref_=sr_t_495,2022,1h 35m,R,6.1,35K
496. Day Shift,https://www.imdb.com/title/tt13314558/?ref_=sr_t_496,2022,1h 53m,R,6.1,94K
497. On the Line,https://www.imdb.com/title/tt14824590/?ref_=sr_t_497,2022,1h 44m,R,5.4,16K
498. Hotel Transylvania 4: Transformania,https://www.imdb.com/title/tt9848626/?ref_=sr_t_498,2022,1h 27m,PG,6.0,42K
499. Between Us,https://www.imdb.com/title/tt14402084/?ref_=sr_t_499,2022,1h 40m,,5.0,331
500. Samaritan,https://www.imdb.com/title/tt5500218/?ref_=sr_t_500,2022,1h 42m,PG-13,5.7,58K
501. The Nan Movie,https://www.imdb.com/title/tt10398318/?ref_=sr_t_501,2022,1h 35m,,4.8,1.7K
502. Dangerous,https://www.imdb.com/title/tt12856788/?ref_=sr_t_502,2022,1h 39m,,5.4,1.7K
503. They/Them,https://www.imdb.com/title/tt14502344/?ref_=sr_t_503,2022,1h 44m,TV-MA,4.0,13K
504. The Wonder,https://www.imdb.com/title/tt9288822/?ref_=sr_t_504,2022,1h 48m,R,6.6,46K
505. Last Seen Alive,https://www.imdb.com/title/tt10242388/?ref_=sr_t_505,2022,1h 35m,R,5.7,32K
506. God's Crooked Lines,https://www.imdb.com/title/tt13229894/?ref_=sr_t_506,2022,2h 34m,TV-MA,7.1,25K
507. Luck,https://www.imdb.com/title/tt7214954/?ref_=sr_t_507,2022,1h 45m,G,6.4,32K
508. Borders of Love,https://www.imdb.com/title/tt16578828/?ref_=sr_t_508,2022,1h 35m,,5.5,879
509. Troll,https://www.imdb.com/title/tt11116912/?ref_=sr_t_509,2022,1h 41m,TV-14,5.8,51K
510. Out of the Blue,https://www.imdb.com/title/tt15333788/?ref_=sr_t_510,2022,1h 44m,R,4.3,1.7K
511. What Remains,https://www.imdb.com/title/tt15825188/?ref_=sr_t_511,2022,2h 6m,,5.1,346
512. I Came By,https://www.imdb.com/title/tt15083184/?ref_=sr_t_512,2022,1h 50m,TV-MA,6.2,35K
513. Christmas on Mistletoe Farm,https://www.imdb.com/title/tt20561114/?ref_=sr_t_513,2022,1h 42m,,4.5,2.1K
514. Texas Chainsaw Massacre,https://www.imdb.com/title/tt11755740/?ref_=sr_t_514,2022,1h 21m,R,4.7,65K
515. Chip 'n Dale: Rescue Rangers,https://www.imdb.com/title/tt3513500/?ref_=sr_t_515,2022,1h 37m,PG,6.9,48K
516. Wildflower,https://www.imdb.com/title/tt12024308/?ref_=sr_t_516,2022,1h 45m,R,6.8,4.5K
517. Look Both Ways,https://www.imdb.com/title/tt14298328/?ref_=sr_t_517,2022,1h 50m,TV-14,6.3,25K
518. Looking for Her,https://www.imdb.com/title/tt19853810/?ref_=sr_t_518,2022,1h 44m,Not Rated,6.6,1.2K
519. Significant Other,https://www.imdb.com/title/tt15353964/?ref_=sr_t_519,2022,1h 24m,R,5.7,16K
520. Sita Ramam,https://www.imdb.com/title/tt20850406/?ref_=sr_t_520,2022,2h 43m,,8.5,74K
521. The Sea Beast,https://www.imdb.com/title/tt9288046/?ref_=sr_t_521,2022,1h 55m,PG,7.0,61K
522. A Christmas Mystery,https://www.imdb.com/title/tt22207152/?ref_=sr_t_522,2022,1h 27m,PG,6.0,1.2K
523. Emancipation,https://www.imdb.com/title/tt12530246/?ref_=sr_t_523,2022,2h 12m,R,6.3,29K
524. White Noise,https://www.imdb.com/title/tt6160448/?ref_=sr_t_524,2022,2h 16m,R,5.7,46K
525. Do Revenge,https://www.imdb.com/title/tt13327038/?ref_=sr_t_525,2022,1h 58m,TV-MA,6.3,53K
526. Bandit,https://www.imdb.com/title/tt9853500/?ref_=sr_t_526,2022,2h 6m,R,6.4,15K
527. Senior Year,https://www.imdb.com/title/tt5315212/?ref_=sr_t_527,2022,1h 51m,R,5.5,45K
528. The Night Before Christmas,https://www.imdb.com/title/tt21974146/?ref_=sr_t_528,2022,1h 27m,TV-G,6.4,271
529. Causeway,https://www.imdb.com/title/tt10192406/?ref_=sr_t_529,2022,1h 34m,R,6.6,24K
530. Butcher's Crossing,https://www.imdb.com/title/tt1462759/?ref_=sr_t_530,2022,1h 45m,R,5.6,5.8K
531. The Man from Toronto,https://www.imdb.com/title/tt11671006/?ref_=sr_t_531,2022,1h 50m,PG-13,5.8,62K
532. Stay the Night,https://www.imdb.com/title/tt16464084/?ref_=sr_t_532,2022,1h 29m,,6.6,993
533. The Year I Started Masturbating,https://www.imdb.com/title/tt15411160/?ref_=sr_t_533,2022,1h 38m,,5.3,3.7K
534. The Stranger,https://www.imdb.com/title/tt11897478/?ref_=sr_t_534,2022,1h 57m,TV-MA,6.6,28K
535. Pig Killer,https://www.imdb.com/title/tt18548186/?ref_=sr_t_535,2022,2h 2m,,3.8,385
536. Narvik: Hitler's First Defeat,https://www.imdb.com/title/tt9737876/?ref_=sr_t_536,2022,1h 48m,TV-14,6.6,19K
537. Lamborghini: The Man Behind the Legend,https://www.imdb.com/title/tt5533370/?ref_=sr_t_537,2022,1h 37m,R,5.5,15K
538. Home Team,https://www.imdb.com/title/tt14592064/?ref_=sr_t_538,2022,1h 35m,PG,6.0,23K
539. The Key Game,https://www.imdb.com/title/tt14935038/?ref_=sr_t_539,2022,1h 47m,,4.9,1.2K
540. What's Love Got to Do with It?,https://www.imdb.com/title/tt13430858/?ref_=sr_t_540,2022,1h 48m,PG-13,6.3,11K
541. Against the Ice,https://www.imdb.com/title/tt13873302/?ref_=sr_t_541,2022,1h 42m,TV-MA,6.5,29K
542. Rogue Agent,https://www.imdb.com/title/tt9731386/?ref_=sr_t_542,2022,1h 55m,,6.5,14K
543. Survive,https://www.imdb.com/title/tt17080412/?ref_=sr_t_543,2022,1h 48m,16+,4.7,1.7K
544. My Policeman,https://www.imdb.com/title/tt13139228/?ref_=sr_t_544,2022,1h 53m,R,6.5,24K
545. Cha Cha Real Smooth,https://www.imdb.com/title/tt14376344/?ref_=sr_t_545,2022,1h 47m,R,7.3,28K
546. Good Boy,https://www.imdb.com/title/tt19705884/?ref_=sr_t_546,2022,1h 16m,R,5.7,3.9K
547. Rescued by Ruby,https://www.imdb.com/title/tt11278476/?ref_=sr_t_547,2022,1h 30m,TV-G,7.2,12K
548. Loving Adults,https://www.imdb.com/title/tt14592948/?ref_=sr_t_548,2022,1h 44m,TV-MA,6.5,14K
549. Not Okay,https://www.imdb.com/title/tt14814040/?ref_=sr_t_549,2022,1h 40m,R,6.1,20K
550. Slumberland,https://www.imdb.com/title/tt13320662/?ref_=sr_t_550,2022,1h 57m,PG,6.7,34K
551. Lou,https://www.imdb.com/title/tt5315210/?ref_=sr_t_551,2022,1h 47m,R,6.1,35K
552. Poker Face,https://www.imdb.com/title/tt14714980/?ref_=sr_t_552,2022,1h 34m,Not Rated,5.2,14K
553. Corrective Measures,https://www.imdb.com/title/tt15391770/?ref_=sr_t_553,2022,1h 46m,TV-MA,4.3,5.2K
554. What Is a Woman?,https://www.imdb.com/title/tt20256528/?ref_=sr_t_554,2022,1h 35m,,8.1,46K
555. Mindcage,https://www.imdb.com/title/tt14147224/?ref_=sr_t_555,2022,1h 36m,R,4.6,8K
556. All the Old Knives,https://www.imdb.com/title/tt3706352/?ref_=sr_t_556,2022,1h 41m,R,6.1,30K
557. Hocus Pocus 2,https://www.imdb.com/title/tt11909878/?ref_=sr_t_557,2022,1h 43m,PG,6.0,56K
558. Scorpio Nights 3,https://www.imdb.com/title/tt21293676/?ref_=sr_t_558,2022,1h 52m,,5.5,931
559. The Offering,https://www.imdb.com/title/tt13103732/?ref_=sr_t_559,2022,1h 33m,R,5.3,7.9K
560. No Limit,https://www.imdb.com/title/tt14995258/?ref_=sr_t_560,2022,1h 58m,TV-MA,5.8,4.1K
561. Black Site,https://www.imdb.com/title/tt13918550/?ref_=sr_t_561,2022,1h 33m,R,4.4,4.2K
562. I Want You Back,https://www.imdb.com/title/tt6462958/?ref_=sr_t_562,2022,1h 56m,R,6.5,25K
563. The Artifice Girl,https://www.imdb.com/title/tt20859464/?ref_=sr_t_563,2022,1h 33m,,6.6,11K
564. The Valet,https://www.imdb.com/title/tt4081630/?ref_=sr_t_564,2022,2h 4m,PG-13,6.7,17K
565. Family Affairs,https://www.imdb.com/title/tt14005338/?ref_=sr_t_565,2022,1h 27m,,6.1,1.9K
566. Goodnight Mommy,https://www.imdb.com/title/tt9000184/?ref_=sr_t_566,2022,1h 32m,R,5.7,17K
567. The Day You Found Me,https://www.imdb.com/title/tt15213572/?ref_=sr_t_567,2022,,,6.8,50
568. Honor Society,https://www.imdb.com/title/tt16491324/?ref_=sr_t_568,2022,1h 38m,TV-MA,6.5,11K
569. Vendetta,https://www.imdb.com/title/tt14849038/?ref_=sr_t_569,2022,1h 36m,R,3.7,2.8K
570. Heatwave,https://www.imdb.com/title/tt17291716/?ref_=sr_t_570,2022,1h 40m,R,5.0,2.5K
571. Father of the Bride,https://www.imdb.com/title/tt13249596/?ref_=sr_t_571,2022,1h 57m,PG-13,5.9,14K
572. Interceptor,https://www.imdb.com/title/tt14174940/?ref_=sr_t_572,2022,1h 39m,TV-MA,4.7,28K
573. Me Time,https://www.imdb.com/title/tt14309446/?ref_=sr_t_573,2022,1h 41m,R,5.1,42K
574. Shattered,https://www.imdb.com/title/tt14923008/?ref_=sr_t_574,2022,1h 32m,R,5.0,6.4K
575. Frank and Penelope,https://www.imdb.com/title/tt4459134/?ref_=sr_t_575,2022,1h 52m,R,5.3,1K
576. Kimi,https://www.imdb.com/title/tt14128670/?ref_=sr_t_576,2022,1h 29m,R,6.3,40K
577. The Baker,https://www.imdb.com/title/tt3917710/?ref_=sr_t_577,2022,1h 44m,R,5.9,3.2K
578. Selina's Gold,https://www.imdb.com/title/tt23118976/?ref_=sr_t_578,2022,1h 53m,18+,5.7,1.8K
579. Mr. Harrigan's Phone,https://www.imdb.com/title/tt12908110/?ref_=sr_t_579,2022,1h 44m,PG-13,6.0,41K
580. American Dreamer,https://www.imdb.com/title/tt13884444/?ref_=sr_t_580,2022,1h 38m,R,6.0,2K
581. The Apology,https://www.imdb.com/title/tt22494914/?ref_=sr_t_581,2022,1h 32m,,5.2,2.8K
582. Corner Office,https://www.imdb.com/title/tt13849558/?ref_=sr_t_582,2022,1h 41m,PG-13,6.1,5.8K
583. Drishyam 2,https://www.imdb.com/title/tt15501640/?ref_=sr_t_583,2022,2h 20m,,8.2,48K
584. Stars at Noon,https://www.imdb.com/title/tt10354106/?ref_=sr_t_584,2022,2h 15m,R,5.5,4.2K
585. The Ice Age Adventures of Buck Wild,https://www.imdb.com/title/tt13634480/?ref_=sr_t_585,2022,1h 22m,PG,4.3,18K
586. Soft & Quiet,https://www.imdb.com/title/tt14557188/?ref_=sr_t_586,2022,1h 32m,R,6.2,12K
587. In from the Side,https://www.imdb.com/title/tt7947604/?ref_=sr_t_587,2022,2h 14m,Unrated,6.7,7.9K
588. Shotgun Wedding,https://www.imdb.com/title/tt9686790/?ref_=sr_t_588,2022,1h 41m,R,5.5,40K
589. Swallowed,https://www.imdb.com/title/tt14960854/?ref_=sr_t_589,2022,1h 36m,R,5.3,3.2K
590. A Lucky Man,https://www.imdb.com/title/tt20415188/?ref_=sr_t_590,2022,1h 32m,,7.2,988
591. A Jazzman's Blues,https://www.imdb.com/title/tt14307536/?ref_=sr_t_591,2022,2h 7m,R,6.8,4.6K
592. My Sole Desire,https://www.imdb.com/title/tt23741080/?ref_=sr_t_592,2022,1h 59m,,6.2,966
593. Expensive Candy,https://www.imdb.com/title/tt21968374/?ref_=sr_t_593,2022,1h 44m,,6.0,698
594. Crush,https://www.imdb.com/title/tt15096128/?ref_=sr_t_594,2022,1h 33m,TV-MA,6.3,11K
595. The Robber Hotzenplotz,https://www.imdb.com/title/tt13937908/?ref_=sr_t_595,2022,1h 46m,,6.1,464
596. The Bubble,https://www.imdb.com/title/tt13610562/?ref_=sr_t_596,2022,2h 6m,R,4.7,29K
597. Dead for a Dollar,https://www.imdb.com/title/tt14895206/?ref_=sr_t_597,2022,1h 47m,R,5.4,7K
598. Pamasahe,https://www.imdb.com/title/tt23862640/?ref_=sr_t_598,2022,1h 44m,,5.3,1.4K
599. Raymond & Ray,https://www.imdb.com/title/tt15334032/?ref_=sr_t_599,2022,1h 45m,R,6.2,8.9K
600. Jingle Bells,https://www.imdb.com/title/tt21876846/?ref_=sr_t_600,2022,1h 38m,,5.5,259
