Title,Movie Link,Year,Duration,MPA,Rating,Votes
1. Grease,https://www.imdb.com/title/tt0077631/?ref_=sr_t_1,1978,1h 50m,PG,7.2,309K
2. National Lampoon's Animal House,https://www.imdb.com/title/tt0077975/?ref_=sr_t_2,1978,1h 49m,R,7.4,132K
3. Superman,https://www.imdb.com/title/tt0078346/?ref_=sr_t_3,1978,2h 23m,PG,7.4,193K
4. Every Which Way But Loose,https://www.imdb.com/title/tt0077523/?ref_=sr_t_4,1978,1h 54m,PG,6.3,31K
5. Jaws 2,https://www.imdb.com/title/tt0077766/?ref_=sr_t_5,1978,1h 56m,PG,5.8,87K
6. Heaven Can Wait,https://www.imdb.com/title/tt0077663/?ref_=sr_t_6,1978,1h 41m,PG,6.9,24K
7. Hooper,https://www.imdb.com/title/tt0077696/?ref_=sr_t_7,1978,1h 39m,PG,6.4,8.2K
8. Revenge of the Pink Panther,https://www.imdb.com/title/tt0078163/?ref_=sr_t_8,1978,1h 39m,PG,6.6,24K
9. The Deer Hunter,https://www.imdb.com/title/tt0077416/?ref_=sr_t_9,1978,3h 3m,R,8.1,371K
10. Halloween,https://www.imdb.com/title/tt0077651/?ref_=sr_t_10,1978,1h 31m,R,7.7,319K
11. Foul Play,https://www.imdb.com/title/tt0077578/?ref_=sr_t_11,1978,1h 56m,PG,6.8,18K
12. The End,https://www.imdb.com/title/tt0077504/?ref_=sr_t_12,1978,1h 40m,R,6.1,4.5K
13. Up in Smoke,https://www.imdb.com/title/tt0078446/?ref_=sr_t_13,1978,1h 26m,R,6.9,42K
14. Midnight Express,https://www.imdb.com/title/tt0077928/?ref_=sr_t_14,1978,2h 1m,R,7.5,90K
15. Coming Home,https://www.imdb.com/title/tt0077362/?ref_=sr_t_15,1978,2h 7m,R,7.3,15K
16. The Lord of the Rings,https://www.imdb.com/title/tt0077869/?ref_=sr_t_16,1978,2h 12m,PG,6.2,37K
17. House Calls,https://www.imdb.com/title/tt0077699/?ref_=sr_t_17,1978,1h 38m,PG,6.6,2.1K
18. Damien: Omen II,https://www.imdb.com/title/tt0077394/?ref_=sr_t_18,1978,1h 47m,R,6.2,38K
19. Invasion of the Body Snatchers,https://www.imdb.com/title/tt0077745/?ref_=sr_t_19,1978,1h 55m,PG,7.4,75K
20. Convoy,https://www.imdb.com/title/tt0077369/?ref_=sr_t_20,1978,1h 50m,PG,6.3,20K
21. The Wiz,https://www.imdb.com/title/tt0078504/?ref_=sr_t_21,1978,2h 14m,G,5.6,18K
22. La Cage aux Folles,https://www.imdb.com/title/tt0077288/?ref_=sr_t_22,1978,1h 37m,R,7.2,12K
23. F.I.S.T.,https://www.imdb.com/title/tt0077531/?ref_=sr_t_23,1978,2h 25m,PG,6.4,9K
24. Sgt. Pepper's Lonely Hearts Club Band,https://www.imdb.com/title/tt0078239/?ref_=sr_t_24,1978,1h 53m,PG,4.2,7.1K
25. Eyes of Laura Mars,https://www.imdb.com/title/tt0077530/?ref_=sr_t_25,1978,1h 44m,R,6.2,13K
"26. Same Time, Next Year",https://www.imdb.com/title/tt0078199/?ref_=sr_t_26,1978,1h 59m,PG,7.2,6.9K
27. The One and Only,https://www.imdb.com/title/tt0078034/?ref_=sr_t_27,1978,1h 37m,PG,5.8,961
28. Return from Witch Mountain,https://www.imdb.com/title/tt0078158/?ref_=sr_t_28,1978,1h 35m,G,5.7,5.8K
29. Corvette Summer,https://www.imdb.com/title/tt0077372/?ref_=sr_t_29,1978,1h 45m,PG,5.7,4K
30. The Greek Tycoon,https://www.imdb.com/title/tt0077636/?ref_=sr_t_30,1978,1h 47m,R,5.4,2.2K
31. Death on the Nile,https://www.imdb.com/title/tt0077413/?ref_=sr_t_31,1978,2h 20m,PG,7.3,41K
32. The Buddy Holly Story,https://www.imdb.com/title/tt0077280/?ref_=sr_t_32,1978,1h 54m,PG,7.2,10K
33. The Big Fix,https://www.imdb.com/title/tt0077233/?ref_=sr_t_33,1978,1h 48m,PG,6.4,2.5K
34. The Great Train Robbery,https://www.imdb.com/title/tt0079240/?ref_=sr_t_34,1978,1h 50m,PG,6.9,20K
35. The Other Side of the Mountain: Part II,https://www.imdb.com/title/tt0078044/?ref_=sr_t_35,1978,1h 40m,PG,6.2,413
36. The Legacy,https://www.imdb.com/title/tt0079450/?ref_=sr_t_36,1978,1h 42m,R,5.7,3.6K
37. Moment by Moment,https://www.imdb.com/title/tt0077942/?ref_=sr_t_37,1978,1h 42m,R,3.2,1.4K
38. Interiors,https://www.imdb.com/title/tt0077742/?ref_=sr_t_38,1978,1h 32m,PG,7.3,21K
39. Straight Time,https://www.imdb.com/title/tt0078326/?ref_=sr_t_39,1978,1h 54m,R,7.4,11K
40. Comes a Horseman,https://www.imdb.com/title/tt0077360/?ref_=sr_t_40,1978,1h 58m,PG,6.3,3.7K
41. American Hot Wax,https://www.imdb.com/title/tt0077158/?ref_=sr_t_41,1978,1h 31m,PG,6.9,1.4K
42. The Brink's Job,https://www.imdb.com/title/tt0077275/?ref_=sr_t_42,1978,1h 44m,PG,6.5,3.6K
43. Goin' South,https://www.imdb.com/title/tt0077621/?ref_=sr_t_43,1978,1h 48m,PG,6.2,8.3K
44. King of the Gypsies,https://www.imdb.com/title/tt0077807/?ref_=sr_t_44,1978,1h 52m,R,6.2,1.5K
45. Force 10 from Navarone,https://www.imdb.com/title/tt0077572/?ref_=sr_t_45,1978,1h 58m,PG,6.4,20K
46. Paradise Alley,https://www.imdb.com/title/tt0078056/?ref_=sr_t_46,1978,1h 47m,PG,5.7,6.4K
47. The Bad News Bears Go to Japan,https://www.imdb.com/title/tt0077199/?ref_=sr_t_47,1978,1h 31m,PG,3.7,3.3K
48. International Velvet,https://www.imdb.com/title/tt0077743/?ref_=sr_t_48,1978,2h 7m,PG,5.8,1.7K
49. Blue Collar,https://www.imdb.com/title/tt0077248/?ref_=sr_t_49,1978,1h 54m,R,7.5,11K
50. Pretty Baby,https://www.imdb.com/title/tt0078111/?ref_=sr_t_50,1978,1h 50m,R,6.5,13K
51. Gray Lady Down,https://www.imdb.com/title/tt0077629/?ref_=sr_t_51,1978,1h 51m,PG,6.2,3.7K
52. Brass Target,https://www.imdb.com/title/tt0077272/?ref_=sr_t_52,1978,1h 51m,PG,5.9,1.5K
53. Caravans,https://www.imdb.com/title/tt0077296/?ref_=sr_t_53,1978,2h 7m,PG,5.9,1.2K
54. Days of Heaven,https://www.imdb.com/title/tt0077405/?ref_=sr_t_54,1978,1h 34m,PG,7.7,65K
55. Our Winning Season,https://www.imdb.com/title/tt0078047/?ref_=sr_t_55,1978,1h 32m,PG,5.5,252
56. I Wanna Hold Your Hand,https://www.imdb.com/title/tt0077714/?ref_=sr_t_56,1978,1h 44m,PG,6.8,5.8K
57. Skateboard,https://www.imdb.com/title/tt0076721/?ref_=sr_t_57,1978,1h 37m,PG,5.5,373
58. Five Days from Home,https://www.imdb.com/title/tt0077557/?ref_=sr_t_58,1978,1h 48m,PG,6.1,165
59. Uncle Joe Shannon,https://www.imdb.com/title/tt0078442/?ref_=sr_t_59,1978,1h 48m,PG,6.1,143
60. Killer of Sheep,https://www.imdb.com/title/tt0076263/?ref_=sr_t_60,1978,1h 20m,,7.2,7.7K
61. The Last Waltz,https://www.imdb.com/title/tt0077838/?ref_=sr_t_61,1978,1h 57m,PG,8.1,21K
62. Boarding School,https://www.imdb.com/title/tt0076306/?ref_=sr_t_62,1978,1h 38m,R,4.7,610
63. Nunzio,https://www.imdb.com/title/tt0078011/?ref_=sr_t_63,1978,1h 25m,R,6.9,188
64. Nest of Vipers,https://www.imdb.com/title/tt0076628/?ref_=sr_t_64,1978,1h 45m,R,6.3,334
65. Stunt Rock,https://www.imdb.com/title/tt0078335/?ref_=sr_t_65,1978,1h 31m,PG,5.5,651
66. Northern Lights,https://www.imdb.com/title/tt0078008/?ref_=sr_t_66,1978,1h 35m,,7.1,230
67. Despair,https://www.imdb.com/title/tt0077421/?ref_=sr_t_67,1978,1h 59m,,6.9,2.8K
68. Bloodbrothers,https://www.imdb.com/title/tt0078878/?ref_=sr_t_68,1978,1h 56m,R,5.8,1K
69. The Green Room,https://www.imdb.com/title/tt0077315/?ref_=sr_t_69,1978,1h 34m,PG,6.9,3.4K
70. The Silent Partner,https://www.imdb.com/title/tt0078269/?ref_=sr_t_70,1978,1h 46m,R,7.4,8.3K
71. I Spit on Your Grave,https://www.imdb.com/title/tt0077713/?ref_=sr_t_71,1978,1h 41m,R,5.6,32K
72. Watership Down,https://www.imdb.com/title/tt0078480/?ref_=sr_t_72,1978,1h 32m,PG,7.6,41K
73. Dawn of the Dead,https://www.imdb.com/title/tt0077402/?ref_=sr_t_73,1978,2h 7m,Unrated,7.8,132K
74. Faces of Death,https://www.imdb.com/title/tt0077533/?ref_=sr_t_74,1978,1h 45m,Not Rated,4.2,8.4K
75. Little Lips,https://www.imdb.com/title/tt0077682/?ref_=sr_t_75,1978,1h 17m,,5.3,1K
76. The Driver,https://www.imdb.com/title/tt0077474/?ref_=sr_t_76,1978,1h 31m,R,7.1,20K
77. The Boys from Brazil,https://www.imdb.com/title/tt0077269/?ref_=sr_t_77,1978,2h 5m,R,7.0,32K
78. Piranha,https://www.imdb.com/title/tt0078087/?ref_=sr_t_78,1978,1h 34m,R,5.9,26K
79. The Big Sleep,https://www.imdb.com/title/tt0077234/?ref_=sr_t_79,1978,1h 39m,R,5.8,5.7K
80. Starcrash,https://www.imdb.com/title/tt0079946/?ref_=sr_t_80,1978,1h 32m,PG,4.0,8.3K
81. The Playbirds,https://www.imdb.com/title/tt0078092/?ref_=sr_t_81,1978,1h 34m,R,4.3,609
82. Coma,https://www.imdb.com/title/tt0077355/?ref_=sr_t_82,1978,1h 53m,PG,6.9,22K
83. The Wild Geese,https://www.imdb.com/title/tt0078492/?ref_=sr_t_83,1978,2h 14m,R,6.8,15K
84. Magic,https://www.imdb.com/title/tt0077889/?ref_=sr_t_84,1978,1h 47m,R,6.8,14K
85. Behind Convent Walls,https://www.imdb.com/title/tt0076200/?ref_=sr_t_85,1978,1h 35m,,4.8,1.5K
86. Autumn Sonata,https://www.imdb.com/title/tt0077711/?ref_=sr_t_86,1978,1h 39m,PG,8.1,39K
87. Drunken Master,https://www.imdb.com/title/tt0080179/?ref_=sr_t_87,1978,1h 51m,PG-13,7.4,45K
88. The Inglorious Bastards,https://www.imdb.com/title/tt0076584/?ref_=sr_t_88,1978,1h 39m,R,6.5,11K
89. Go Tell the Spartans,https://www.imdb.com/title/tt0077617/?ref_=sr_t_89,1978,1h 54m,R,6.6,3.2K
90. Slave of the Cannibal God,https://www.imdb.com/title/tt0077945/?ref_=sr_t_90,1978,1h 39m,,5.2,4.9K
91. Game of Death,https://www.imdb.com/title/tt0077594/?ref_=sr_t_91,1978,1h 40m,R,5.9,23K
92. The Sister of Ursula,https://www.imdb.com/title/tt0078300/?ref_=sr_t_92,1978,1h 36m,Not Rated,5.1,1.5K
93. The Schoolteacher Goes to Boys' High,https://www.imdb.com/title/tt0077737/?ref_=sr_t_93,1978,1h 32m,,4.4,474
94. California Suite,https://www.imdb.com/title/tt0077289/?ref_=sr_t_94,1978,1h 43m,PG,6.2,8.6K
95. Laserblast,https://www.imdb.com/title/tt0077834/?ref_=sr_t_95,1978,1h 25m,PG,2.9,6.9K
96. The Toolbox Murders,https://www.imdb.com/title/tt0078405/?ref_=sr_t_96,1978,1h 33m,R,5.2,5.2K
97. The School Teacher in the House,https://www.imdb.com/title/tt0077738/?ref_=sr_t_97,1978,1h 30m,,5.0,507
98. Ice Castles,https://www.imdb.com/title/tt0077716/?ref_=sr_t_98,1978,1h 48m,PG,6.6,4.2K
99. Battlestar Galactica,https://www.imdb.com/title/tt0077215/?ref_=sr_t_99,1978,2h 28m,PG,6.8,11K
100. The Tree of Wooden Clogs,https://www.imdb.com/title/tt0077138/?ref_=sr_t_100,1978,3h 6m,Not Rated,7.8,7.7K
101. The Fury,https://www.imdb.com/title/tt0077588/?ref_=sr_t_101,1978,1h 58m,R,6.3,18K
102. Stay as You Are,https://www.imdb.com/title/tt0077373/?ref_=sr_t_102,1978,1h 35m,R,6.2,1.8K
103. Attack of the Killer Tomatoes!,https://www.imdb.com/title/tt0080391/?ref_=sr_t_103,1978,1h 23m,PG,4.6,15K
104. An Unmarried Woman,https://www.imdb.com/title/tt0078444/?ref_=sr_t_104,1978,2h 4m,R,7.2,6.3K
105. Ringing Bell,https://www.imdb.com/title/tt0306646/?ref_=sr_t_105,1978,47m,,7.1,1K
106. Warlords of the Deep,https://www.imdb.com/title/tt0078474/?ref_=sr_t_106,1978,1h 36m,PG,5.5,2.9K
107. Fairy Tales,https://www.imdb.com/title/tt0077534/?ref_=sr_t_107,1978,1h 16m,R,5.0,890
108. The 36th Chamber of Shaolin,https://www.imdb.com/title/tt0078243/?ref_=sr_t_108,1978,1h 56m,R,7.6,19K
109. You Are Not Alone,https://www.imdb.com/title/tt0080662/?ref_=sr_t_109,1978,1h 30m,Unrated,7.1,4.3K
110. The Cheap Detective,https://www.imdb.com/title/tt0077321/?ref_=sr_t_110,1978,1h 32m,PG,6.4,6K
111. Carry on Emmannuelle,https://www.imdb.com/title/tt0077300/?ref_=sr_t_111,1978,1h 28m,R,3.2,2.2K
112. Big Wednesday,https://www.imdb.com/title/tt0077235/?ref_=sr_t_112,1978,2h,PG,7.1,7.6K
113. Adventures of a Plumber's Mate,https://www.imdb.com/title/tt0077125/?ref_=sr_t_113,1978,1h 28m,,4.2,748
114. The Thirty Nine Steps,https://www.imdb.com/title/tt0078389/?ref_=sr_t_114,1978,1h 42m,PG,6.6,2.9K
115. Odds and Evens,https://www.imdb.com/title/tt0078058/?ref_=sr_t_115,1978,1h 49m,PG,7.1,10K
116. Get Out Your Handkerchiefs,https://www.imdb.com/title/tt0078122/?ref_=sr_t_116,1978,1h 48m,R,7.0,4.4K
117. Strawberry Time,https://www.imdb.com/title/tt0077813/?ref_=sr_t_117,1978,1h 38m,,6.3,161
118. The Swarm,https://www.imdb.com/title/tt0078350/?ref_=sr_t_118,1978,1h 56m,PG,4.5,8.9K
119. Renaldo and Clara,https://www.imdb.com/title/tt0078151/?ref_=sr_t_119,1978,3h 55m,R,6.6,618
120. The Stud,https://www.imdb.com/title/tt0078333/?ref_=sr_t_120,1978,1h 30m,R,4.3,1.2K
121. Rape of Love,https://www.imdb.com/title/tt0074141/?ref_=sr_t_121,1978,1h 55m,,6.6,288
122. Felicity,https://www.imdb.com/title/tt0079144/?ref_=sr_t_122,1978,1h 30m,R,5.2,1.5K
123. Harper Valley P.T.A.,https://www.imdb.com/title/tt0077660/?ref_=sr_t_123,1978,1h 33m,PG,5.8,1.3K
124. Lemon Popsicle,https://www.imdb.com/title/tt0079118/?ref_=sr_t_124,1978,1h 35m,R,6.4,3.8K
125. A Man for Sale,https://www.imdb.com/title/tt0075806/?ref_=sr_t_125,1978,1h 34m,R,4.5,360
126. The Shout,https://www.imdb.com/title/tt0078259/?ref_=sr_t_126,1978,1h 26m,R,6.6,5.6K
127. Long Weekend,https://www.imdb.com/title/tt0079482/?ref_=sr_t_127,1978,1h 37m,Not Rated,6.5,6.4K
128. The Bermuda Triangle,https://www.imdb.com/title/tt0078417/?ref_=sr_t_128,1978,1h 52m,G,4.0,1.8K
129. The Soldier with Great Maneuvers,https://www.imdb.com/title/tt0078290/?ref_=sr_t_129,1978,1h 36m,,4.8,365
130. The Cat from Outer Space,https://www.imdb.com/title/tt0077305/?ref_=sr_t_130,1978,1h 44m,G,6.0,6.3K
131. The Coming of Sin,https://www.imdb.com/title/tt0076888/?ref_=sr_t_131,1978,1h 33m,Not Rated,5.2,675
132. The Manitou,https://www.imdb.com/title/tt0077904/?ref_=sr_t_132,1978,1h 44m,PG,5.4,3.5K
133. Thank God It's Friday,https://www.imdb.com/title/tt0078382/?ref_=sr_t_133,1978,1h 29m,PG,5.5,3.2K
134. A Hitch in Time,https://www.imdb.com/title/tt0167989/?ref_=sr_t_134,1978,57m,,5.7,152
135. Fedora,https://www.imdb.com/title/tt0077539/?ref_=sr_t_135,1978,1h 54m,PG,6.8,5.4K
136. Who'll Stop the Rain,https://www.imdb.com/title/tt0078490/?ref_=sr_t_136,1978,2h 6m,R,6.7,3.4K
137. Carnal Campus,https://www.imdb.com/title/tt0078210/?ref_=sr_t_137,1978,1h 23m,,4.1,210
138. Cat in the Cage,https://www.imdb.com/title/tt0077306/?ref_=sr_t_138,1978,1h 38m,,3.7,220
139. The Betsy,https://www.imdb.com/title/tt0077228/?ref_=sr_t_139,1978,2h 5m,R,5.2,1.7K
140. Snake in the Eagle's Shadow,https://www.imdb.com/title/tt0078252/?ref_=sr_t_140,1978,1h 30m,PG,7.3,13K
141. Wicked Women,https://www.imdb.com/title/tt0220470/?ref_=sr_t_141,1978,1h 16m,,4.6,413
142. Beauty and the Beast,https://www.imdb.com/title/tt0078054/?ref_=sr_t_142,1978,1h 31m,,7.5,2K
143. Just a Gigolo,https://www.imdb.com/title/tt0079867/?ref_=sr_t_143,1978,2h 27m,R,5.4,1.2K
144. Slægten,https://www.imdb.com/title/tt0078280/?ref_=sr_t_144,1978,1h 58m,,5.9,151
145. Deathsport,https://www.imdb.com/title/tt0077414/?ref_=sr_t_145,1978,1h 22m,R,4.1,2.6K
146. Blue Movie,https://www.imdb.com/title/tt0077252/?ref_=sr_t_146,1978,1h 21m,,4.6,388
147. Satan's Blood,https://www.imdb.com/title/tt0075999/?ref_=sr_t_147,1978,1h 22m,Unrated,6.0,1.3K
148. The Medusa Touch,https://www.imdb.com/title/tt0077921/?ref_=sr_t_148,1978,1h 49m,PG,6.9,7.9K
149. The Alien Factor,https://www.imdb.com/title/tt0075656/?ref_=sr_t_149,1978,1h 20m,G,3.9,1.4K
150. A Wedding,https://www.imdb.com/title/tt0078481/?ref_=sr_t_150,1978,2h 5m,PG,7.0,3.8K
151. Jubilee,https://www.imdb.com/title/tt0076240/?ref_=sr_t_151,1978,1h 46m,Not Rated,6.0,3.8K
152. Mardi Gras Massacre,https://www.imdb.com/title/tt0077912/?ref_=sr_t_152,1978,1h 37m,Not Rated,3.9,1.1K
153. Patrick,https://www.imdb.com/title/tt0078067/?ref_=sr_t_153,1978,1h 36m,PG,6.2,4.2K
154. The Boys in Company C,https://www.imdb.com/title/tt0077270/?ref_=sr_t_154,1978,2h 5m,R,6.9,3.6K
155. The Mafu Cage,https://www.imdb.com/title/tt0077888/?ref_=sr_t_155,1978,1h 42m,R,5.9,773
156. Escape from Women's Prison,https://www.imdb.com/title/tt0077520/?ref_=sr_t_156,1978,1h 31m,R,5.0,387
157. Five Deadly Venoms,https://www.imdb.com/title/tt0077559/?ref_=sr_t_157,1978,1h 41m,R,7.0,8.2K
158. The Cat and the Canary,https://www.imdb.com/title/tt0077304/?ref_=sr_t_158,1978,1h 38m,PG,5.6,1.8K
159. The Meetings of Anna,https://www.imdb.com/title/tt0078152/?ref_=sr_t_159,1978,2h 8m,,7.3,2.3K
160. Girlfriends,https://www.imdb.com/title/tt0077613/?ref_=sr_t_160,1978,1h 28m,PG,7.2,3.3K
161. French Fried Vacation,https://www.imdb.com/title/tt0077276/?ref_=sr_t_161,1978,1h 45m,,6.7,8K
"162. China 9, Liberty 37",https://www.imdb.com/title/tt0077327/?ref_=sr_t_162,1978,1h 42m,R,6.1,1.5K
163. The Evil,https://www.imdb.com/title/tt0077524/?ref_=sr_t_163,1978,1h 29m,R,5.6,3.3K
"164. Helga, la louve de Stilberg",https://www.imdb.com/title/tt0215837/?ref_=sr_t_164,1978,1h 37m,,3.6,477
165. Who Is Killing the Great Chefs of Europe?,https://www.imdb.com/title/tt0078488/?ref_=sr_t_165,1978,1h 52m,PG,6.4,2.8K
166. The Dawn Rapists,https://www.imdb.com/title/tt0078466/?ref_=sr_t_166,1978,1h 32m,18+,4.5,344
167. The Adventures of Picasso,https://www.imdb.com/title/tt0078084/?ref_=sr_t_167,1978,1h 28m,,7.3,4K
168. Avalanche,https://www.imdb.com/title/tt0077189/?ref_=sr_t_168,1978,1h 31m,PG,3.7,2.5K
169. Absolution,https://www.imdb.com/title/tt0081975/?ref_=sr_t_169,1978,1h 35m,R,6.5,2K
170. FM,https://www.imdb.com/title/tt0077532/?ref_=sr_t_170,1978,1h 44m,PG,6.3,1.3K
171. Oliver's Story,https://www.imdb.com/title/tt0078024/?ref_=sr_t_171,1978,1h 31m,PG,4.7,1.1K
172. Empire of Passion,https://www.imdb.com/title/tt0077132/?ref_=sr_t_172,1978,1h 45m,R,7.0,5.2K
173. The Water Babies,https://www.imdb.com/title/tt0078477/?ref_=sr_t_173,1978,1h 34m,G,6.0,1.5K
174. Good Guys Wear Black,https://www.imdb.com/title/tt0079227/?ref_=sr_t_174,1978,1h 35m,PG,5.1,3.9K
175. Nathalie: Escape from Hell,https://www.imdb.com/title/tt0216023/?ref_=sr_t_175,1978,1h 43m,,4.4,366
176. Lo chiamavano Bulldozer,https://www.imdb.com/title/tt0077864/?ref_=sr_t_176,1978,1h 55m,,6.7,6.2K
177. Teen Lust,https://www.imdb.com/title/tt0078100/?ref_=sr_t_177,1978,1h 29m,R,4.0,292
178. Jak se budí princezny,https://www.imdb.com/title/tt0076223/?ref_=sr_t_178,1978,1h 23m,,7.0,712
179. Malibu Beach,https://www.imdb.com/title/tt0077895/?ref_=sr_t_179,1978,1h 36m,R,4.5,737
180. Circle of Iron,https://www.imdb.com/title/tt0078975/?ref_=sr_t_180,1978,1h 42m,R,5.7,2.7K
181. Emanuelle and the White Slave Trade,https://www.imdb.com/title/tt0076878/?ref_=sr_t_181,1978,1h 28m,,4.4,904
182. Triangle of Venus,https://www.imdb.com/title/tt0077739/?ref_=sr_t_182,1978,1h 26m,R,4.4,289
183. Trishul,https://www.imdb.com/title/tt0078418/?ref_=sr_t_183,1978,2h 47m,,7.6,2.6K
184. High-Ballin',https://www.imdb.com/title/tt0077679/?ref_=sr_t_184,1978,1h 37m,PG,5.5,852
185. Movie Movie,https://www.imdb.com/title/tt0077952/?ref_=sr_t_185,1978,1h 45m,PG,6.4,1.3K
186. Women in Cellblock 9,https://www.imdb.com/title/tt0123847/?ref_=sr_t_186,1978,1h 15m,Not Rated,4.3,1.1K
187. The House of the Dead,https://www.imdb.com/title/tt0072626/?ref_=sr_t_187,1978,1h 19m,PG,4.8,1.2K
188. Cock Crows at Eleven,https://www.imdb.com/title/tt0077726/?ref_=sr_t_188,1978,1h 49m,,5.8,659
189. To Be Twenty,https://www.imdb.com/title/tt0077191/?ref_=sr_t_189,1978,1h 34m,Unrated,5.8,1.3K
190. The Comeback,https://www.imdb.com/title/tt0077357/?ref_=sr_t_190,1978,1h 40m,R,5.8,1.4K
191. The Chant of Jimmie Blacksmith,https://www.imdb.com/title/tt0077318/?ref_=sr_t_191,1978,1h 48m,,7.3,2.6K
192. The Norseman,https://www.imdb.com/title/tt0078007/?ref_=sr_t_192,1978,1h 30m,PG,3.6,947
193. Seven Freckles,https://www.imdb.com/title/tt0078264/?ref_=sr_t_193,1978,1h 19m,,6.3,504
194. Remember My Name,https://www.imdb.com/title/tt0078150/?ref_=sr_t_194,1978,1h 34m,R,6.3,1.8K
195. Rosie Dixon - Night Nurse,https://www.imdb.com/title/tt0078180/?ref_=sr_t_195,1978,1h 30m,,3.9,223
196. Somebody Killed Her Husband,https://www.imdb.com/title/tt0078294/?ref_=sr_t_196,1978,1h 37m,PG,4.9,583
197. Fingers,https://www.imdb.com/title/tt0077549/?ref_=sr_t_197,1978,1h 30m,R,6.7,3K
198. Almost Summer,https://www.imdb.com/title/tt0077152/?ref_=sr_t_198,1978,1h 28m,PG,5.8,366
199. Terror,https://www.imdb.com/title/tt0141897/?ref_=sr_t_199,1978,1h 24m,R,5.3,1.7K
200. The Hound of the Baskervilles,https://www.imdb.com/title/tt0076161/?ref_=sr_t_200,1978,1h 18m,Not Rated,4.5,1.4K
201. Let's Get Laid,https://www.imdb.com/title/tt0076310/?ref_=sr_t_201,1978,1h 30m,R,4.1,180
202. Spawn of the Slithis,https://www.imdb.com/title/tt0078277/?ref_=sr_t_202,1978,1h 26m,PG,4.1,1.4K
203. In Praise of Older Women,https://www.imdb.com/title/tt0077728/?ref_=sr_t_203,1978,1h 50m,R,5.6,748
204. Spiritual Kung Fu,https://www.imdb.com/title/tt0078128/?ref_=sr_t_204,1978,1h 39m,PG,5.8,2.6K
"205. Feyzo, the Polite One",https://www.imdb.com/title/tt0252597/?ref_=sr_t_205,1978,1h 23m,,8.7,18K
206. Bye Bye Monkey,https://www.imdb.com/title/tt0075848/?ref_=sr_t_206,1978,1h 53m,,6.3,1.4K
207. It Lives Again,https://www.imdb.com/title/tt0077756/?ref_=sr_t_207,1978,1h 31m,R,5.2,2.8K
208. Killer's Delight,https://www.imdb.com/title/tt0077932/?ref_=sr_t_208,1978,1h 25m,R,5.4,689
209. Alice in Spanish Wonderland,https://www.imdb.com/title/tt0077145/?ref_=sr_t_209,1978,1h 26m,,6.3,58
210. Muqaddar Ka Sikandar,https://www.imdb.com/title/tt0079590/?ref_=sr_t_210,1978,3h 9m,,7.4,3.2K
211. An Enemy of the People,https://www.imdb.com/title/tt0075993/?ref_=sr_t_211,1978,1h 43m,G,6.9,1.6K
212. El Arracadas,https://www.imdb.com/title/tt0205750/?ref_=sr_t_212,1978,1h 50m,Not Rated,6.0,141
213. Rabbit Test,https://www.imdb.com/title/tt0078133/?ref_=sr_t_213,1978,1h 24m,PG,3.1,877
214. A Night Full of Rain,https://www.imdb.com/title/tt0077548/?ref_=sr_t_214,1978,1h 44m,R,6.0,362
215. A Simple Story,https://www.imdb.com/title/tt0075975/?ref_=sr_t_215,1978,1h 50m,,6.8,1.4K
216. Acting Out,https://www.imdb.com/title/tt0302232/?ref_=sr_t_216,1978,1h 23m,X,4.9,105
217. Satyam Shivam Sundaram: Love Sublime,https://www.imdb.com/title/tt0078204/?ref_=sr_t_217,1978,2h 52m,,7.0,1.2K
"218. I'm Shy, But I'll Heal",https://www.imdb.com/title/tt0077768/?ref_=sr_t_218,1978,1h 28m,PG,6.4,1.7K
219. The Highschool Girl Repeating Class,https://www.imdb.com/title/tt0077851/?ref_=sr_t_219,1978,1h 30m,,4.7,518
220. The ABC of Love and Sex: Australia Style,https://www.imdb.com/title/tt0077116/?ref_=sr_t_220,1978,1h 25m,,5.1,194
221. El patrullero 777,https://www.imdb.com/title/tt0076532/?ref_=sr_t_221,1978,2h,,6.4,641
222. The Grapes of Death,https://www.imdb.com/title/tt0078077/?ref_=sr_t_222,1978,1h 25m,R,6.1,2.8K
223. Voglia di donna,https://www.imdb.com/title/tt0153584/?ref_=sr_t_223,1978,1h 33m,,4.9,107
224. Setkání v cervenci,https://www.imdb.com/title/tt0076690/?ref_=sr_t_224,1978,1h 27m,,6.7,159
225. Violette,https://www.imdb.com/title/tt0078467/?ref_=sr_t_225,1978,2h 4m,Not Rated,7.1,2.6K
226. Knock-Out Cop,https://www.imdb.com/title/tt0076544/?ref_=sr_t_226,1978,1h 54m,,6.2,3.9K
227. Cheerleaders Beach Party,https://www.imdb.com/title/tt0212860/?ref_=sr_t_227,1978,1h 25m,R,3.2,359
228. Nighthawks,https://www.imdb.com/title/tt0077993/?ref_=sr_t_228,1978,1h 53m,Not Rated,6.2,761
229. The Pocket Lover,https://www.imdb.com/title/tt0077155/?ref_=sr_t_229,1978,1h 35m,,5.6,209
230. The Bees,https://www.imdb.com/title/tt0075620/?ref_=sr_t_230,1978,1h 23m,PG,4.0,1.5K
231. Don,https://www.imdb.com/title/tt0077451/?ref_=sr_t_231,1978,2h 46m,Not Rated,7.7,13K
232. Coming Attractions,https://www.imdb.com/title/tt0076582/?ref_=sr_t_232,1978,1h 24m,R,4.6,632
233. Trauma,https://www.imdb.com/title/tt0076885/?ref_=sr_t_233,1978,1h 27m,Not Rated,5.4,551
234. Youngblood,https://www.imdb.com/title/tt0181907/?ref_=sr_t_234,1978,1h 30m,R,5.8,374
235. Sweeney 2,https://www.imdb.com/title/tt0078351/?ref_=sr_t_235,1978,1h 49m,,6.6,1K
236. The Fifth Floor,https://www.imdb.com/title/tt0080732/?ref_=sr_t_236,1978,1h 30m,R,5.0,638
237. Hot Lead and Cold Feet,https://www.imdb.com/title/tt0077698/?ref_=sr_t_237,1978,1h 30m,G,6.1,1.5K
238. The Last Romantic Lover,https://www.imdb.com/title/tt0077689/?ref_=sr_t_238,1978,1h 44m,R,5.6,158
239. Matilda,https://www.imdb.com/title/tt0077917/?ref_=sr_t_239,1978,1h 45m,G,3.6,521
240. A Different Story,https://www.imdb.com/title/tt0077435/?ref_=sr_t_240,1978,1h 48m,R,5.6,495
241. Love-Hotel in Tirol,https://www.imdb.com/title/tt0077874/?ref_=sr_t_241,1978,1h 31m,,4.1,61
242. Shoot the Sun Down,https://www.imdb.com/title/tt0083070/?ref_=sr_t_242,1978,1h 40m,PG,4.6,264
243. The Magic of Lassie,https://www.imdb.com/title/tt0077890/?ref_=sr_t_243,1978,1h 40m,G,5.5,691
244. Summer Night Fever,https://www.imdb.com/title/tt0078340/?ref_=sr_t_244,1978,1h 43m,R,4.5,267
245. Ang lalaki... ang alamat... ang baril,https://www.imdb.com/title/tt0495366/?ref_=sr_t_245,1978,2h,,7.2,16
246. Gates of Heaven,https://www.imdb.com/title/tt0077598/?ref_=sr_t_246,1978,1h 25m,Not Rated,7.3,6.4K
247. French Quarter,https://www.imdb.com/title/tt0076055/?ref_=sr_t_247,1978,1h 41m,R,4.5,279
248. What's Up Superdoc!,https://www.imdb.com/title/tt0078484/?ref_=sr_t_248,1978,1h 29m,,3.8,152
249. The Sorcerer's Apprentice,https://www.imdb.com/title/tt0075811/?ref_=sr_t_249,1978,1h 13m,,7.5,1.2K
250. Crippled Avengers,https://www.imdb.com/title/tt0077292/?ref_=sr_t_250,1978,1h 44m,R,7.3,3.1K
251. The Alpha Incident,https://www.imdb.com/title/tt0075662/?ref_=sr_t_251,1978,1h 35m,PG,3.9,1.1K
252. The Seniors,https://www.imdb.com/title/tt0078228/?ref_=sr_t_252,1978,1h 27m,R,4.3,470
253. Blood Relatives,https://www.imdb.com/title/tt0076313/?ref_=sr_t_253,1978,1h 40m,R,6.2,1.2K
254. The Last House on the Beach,https://www.imdb.com/title/tt0078235/?ref_=sr_t_254,1978,1h 26m,Not Rated,5.6,890
255. The Pyjama Girl Case,https://www.imdb.com/title/tt0075834/?ref_=sr_t_255,1978,1h 42m,Not Rated,6.0,1.5K
256. Vampire Hookers,https://www.imdb.com/title/tt0080080/?ref_=sr_t_256,1978,1h 28m,R,3.9,1.1K
257. Yasei no shômei,https://www.imdb.com/title/tt0326436/?ref_=sr_t_257,1978,2h 23m,,6.1,211
258. Sweater Girls,https://www.imdb.com/title/tt0081583/?ref_=sr_t_258,1978,1h 24m,R,4.1,198
259. Carnival Nights,https://www.imdb.com/title/tt0257971/?ref_=sr_t_259,1978,1h 45m,,7.1,88
260. Madanolsavam,https://www.imdb.com/title/tt0266737/?ref_=sr_t_260,1978,2h 29m,Not Rated,7.3,70
261. Pilgrim's Progress,https://www.imdb.com/title/tt0359836/?ref_=sr_t_261,1978,1h 12m,Not Rated,5.3,351
262. A Dama do Lotação,https://www.imdb.com/title/tt0077393/?ref_=sr_t_262,1978,1h 30m,R,6.0,945
263. Das Wirtshaus der sündigen Töchter,https://www.imdb.com/title/tt0078499/?ref_=sr_t_263,1978,1h 26m,,3.5,65
264. Stingray,https://www.imdb.com/title/tt0078323/?ref_=sr_t_264,1978,1h 40m,PG,5.6,356
265. Tomorrow Never Comes,https://www.imdb.com/title/tt0076832/?ref_=sr_t_265,1978,1h 49m,PG,5.0,644
266. On the Yard,https://www.imdb.com/title/tt0079665/?ref_=sr_t_266,1978,1h 42m,R,6.0,333
267. Bosko Buha,https://www.imdb.com/title/tt0078897/?ref_=sr_t_267,1978,2h 4m,,7.1,792
268. Main Tulsi Tere Aangan Ki,https://www.imdb.com/title/tt0151466/?ref_=sr_t_268,1978,2h 31m,,6.6,174
269. Blood Feud,https://www.imdb.com/title/tt0078256/?ref_=sr_t_269,1978,1h 52m,R,6.4,740
270. La zizanie,https://www.imdb.com/title/tt0078528/?ref_=sr_t_270,1978,1h 37m,,6.4,4.3K
271. Legacy of Blood,https://www.imdb.com/title/tt0077844/?ref_=sr_t_271,1978,1h 17m,Not Rated,3.7,436
272. Message from Space,https://www.imdb.com/title/tt0078435/?ref_=sr_t_272,1978,1h 45m,PG,4.9,1.8K
273. Heroes of the East,https://www.imdb.com/title/tt0080172/?ref_=sr_t_273,1978,1h 45m,R,7.5,2.8K
274. Blindfolded Eyes,https://www.imdb.com/title/tt0078021/?ref_=sr_t_274,1978,1h 50m,,6.4,351
275. Hotel Fear,https://www.imdb.com/title/tt0076884/?ref_=sr_t_275,1978,1h 32m,,6.2,997
276. Kondura (The Sage from the Sea),https://www.imdb.com/title/tt0077818/?ref_=sr_t_276,1978,2h 17m,,7.4,67
277. Zero to Sixty,https://www.imdb.com/title/tt0078522/?ref_=sr_t_277,1978,1h 41m,PG,5.0,258
278. Killer's Moon,https://www.imdb.com/title/tt0077801/?ref_=sr_t_278,1978,1h 33m,Not Rated,4.8,813
279. Triangle of Lust,https://www.imdb.com/title/tt0075935/?ref_=sr_t_279,1978,1h 31m,,4.6,154
280. A Distant Thunder,https://www.imdb.com/title/tt0075945/?ref_=sr_t_280,1978,1h 16m,TV-PG,5.1,478
281. The Fall of Ako Castle,https://www.imdb.com/title/tt0077135/?ref_=sr_t_281,1978,2h 39m,,7.2,643
282. Shalimar,https://www.imdb.com/title/tt0078241/?ref_=sr_t_282,1978,2h 17m,PG-13,6.3,645
283. Papaya: Love Goddess of the Cannibals,https://www.imdb.com/title/tt0078055/?ref_=sr_t_283,1978,1h 28m,Not Rated,4.4,784
284. Very Close Encounters of the Fourth Kind,https://www.imdb.com/title/tt0078460/?ref_=sr_t_284,1978,1h 22m,,5.2,136
285. Orchestra Rehearsal,https://www.imdb.com/title/tt0079759/?ref_=sr_t_285,1978,1h 12m,R,7.1,5.3K
286. American Boy: A Profile of Steven Prince,https://www.imdb.com/title/tt0077157/?ref_=sr_t_286,1978,55m,Not Rated,7.3,2K
287. Half a Loaf of Kung Fu,https://www.imdb.com/title/tt0080623/?ref_=sr_t_287,1978,1h 37m,Not Rated,5.6,2.2K
288. Coach,https://www.imdb.com/title/tt0077351/?ref_=sr_t_288,1978,1h 40m,PG,4.7,675
289. Confessions of a Congressman,https://www.imdb.com/title/tt0077438/?ref_=sr_t_289,1978,1h 50m,Unrated,6.7,803
290. The Bloodstained Shadow,https://www.imdb.com/title/tt0078288/?ref_=sr_t_290,1978,1h 49m,Not Rated,6.3,2.1K
291. Rape and Death of a Housewife,https://www.imdb.com/title/tt0287482/?ref_=sr_t_291,1978,1h 36m,,6.3,84
292. Emanuelle e Lolita,https://www.imdb.com/title/tt0101807/?ref_=sr_t_292,1978,1h 23m,,4.7,92
293. The Herd,https://www.imdb.com/title/tt0078355/?ref_=sr_t_293,1978,1h 57m,Not Rated,8.1,5.5K
294. Happy Days,https://www.imdb.com/title/tt0765833/?ref_=sr_t_294,1978,1h 35m,,8.7,12K
295. They Went That-A-Way & That-A-Way,https://www.imdb.com/title/tt0078384/?ref_=sr_t_295,1978,1h 35m,PG,5.0,405
296. The War of the Robots,https://www.imdb.com/title/tt0077640/?ref_=sr_t_296,1978,1h 39m,Not Rated,2.7,907
297. Invincible Shaolin,https://www.imdb.com/title/tt0077973/?ref_=sr_t_297,1978,1h 38m,R,6.9,1.3K
298. Snake and Crane Arts of Shaolin,https://www.imdb.com/title/tt0078251/?ref_=sr_t_298,1978,1h 36m,Not Rated,6.4,3K
299. Occupation in 26 Pictures,https://www.imdb.com/title/tt0079659/?ref_=sr_t_299,1978,1h 56m,,7.4,1.1K
300. Anugraham,https://www.imdb.com/title/tt0077172/?ref_=sr_t_300,1978,2h 16m,Not Rated,7.8,22
301. Crazy Nights,https://www.imdb.com/title/tt6714706/?ref_=sr_t_301,1978,1h 40m,,4.1,147
302. The Redeemer: Son of Satan!,https://www.imdb.com/title/tt0130216/?ref_=sr_t_302,1978,1h 24m,R,5.1,1.2K
303. Fearless,https://www.imdb.com/title/tt0076554/?ref_=sr_t_303,1978,1h 33m,R,5.6,444
304. Pastorale 1943,https://www.imdb.com/title/tt0078066/?ref_=sr_t_304,1978,2h 5m,,6.8,502
305. The Witness,https://www.imdb.com/title/tt0078377/?ref_=sr_t_305,1978,1h 30m,,6.4,428
306. The Further Adventures of the Wilderness Family,https://www.imdb.com/title/tt0077587/?ref_=sr_t_306,1978,1h 45m,G,6.3,805
307. Jokes My Folks Never Told Me,https://www.imdb.com/title/tt0134751/?ref_=sr_t_307,1978,1h 22m,R,4.8,174
308. Stuffed Butterflies,https://www.imdb.com/title/tt0123997/?ref_=sr_t_308,1978,1h 46m,,5.8,117
309. Savana - Sesso e diamanti,https://www.imdb.com/title/tt1534502/?ref_=sr_t_309,1978,1h 31m,,4.6,65
310. How to Lose a Wife and Find a Lover,https://www.imdb.com/title/tt0077356/?ref_=sr_t_310,1978,1h 44m,,5.0,271
311. Las que empiezan a los quince años,https://www.imdb.com/title/tt0077833/?ref_=sr_t_311,1978,1h 44m,,5.3,71
"312. I Miss You, Hugs and Kisses",https://www.imdb.com/title/tt0077712/?ref_=sr_t_312,1978,1h 28m,Not Rated,4.0,308
313. Operation Orient,https://www.imdb.com/title/tt0262508/?ref_=sr_t_313,1978,1h 28m,,4.6,76
314. Liebesgrüße aus der Lederhose 4: Die versaute Hochzeitsnacht,https://www.imdb.com/title/tt0151336/?ref_=sr_t_314,1978,1h 35m,,4.6,86
315. Enter the Fat Dragon,https://www.imdb.com/title/tt0077538/?ref_=sr_t_315,1978,1h 40m,R,6.6,1K
316. Desiderium,https://www.imdb.com/title/tt0078299/?ref_=sr_t_316,1978,1h 51m,,8.2,2.2K
317. The Biggest Battle,https://www.imdb.com/title/tt0076102/?ref_=sr_t_317,1978,1h 30m,PG,4.7,614
318. The Olsen Gang Goes to War,https://www.imdb.com/title/tt0078026/?ref_=sr_t_318,1978,1h 47m,Not Rated,7.0,1.9K
319. Rockers,https://www.imdb.com/title/tt0079815/?ref_=sr_t_319,1978,1h 40m,,7.5,2.3K
320. Ankhiyon Ke Jharokhon Se,https://www.imdb.com/title/tt0165625/?ref_=sr_t_320,1978,2h 15m,Not Rated,7.6,463
321. First Love,https://www.imdb.com/title/tt0129320/?ref_=sr_t_321,1978,1h 55m,R,6.6,573
322. Madman,https://www.imdb.com/title/tt0077886/?ref_=sr_t_322,1978,1h 35m,,5.3,163
"323. Attention, les enfants regardent",https://www.imdb.com/title/tt0077184/?ref_=sr_t_323,1978,1h 43m,,6.5,526
324. Emanuelle - A Woman from a Hot Country,https://www.imdb.com/title/tt0077958/?ref_=sr_t_324,1978,1h 27m,,4.0,179
325. The Tattoo Connection,https://www.imdb.com/title/tt0190060/?ref_=sr_t_325,1978,1h 30m,R,5.2,497
326. O Bem Dotado - O Homem de Itu,https://www.imdb.com/title/tt0078845/?ref_=sr_t_326,1978,1h 44m,,5.4,180
327. The Demon,https://www.imdb.com/title/tt0202434/?ref_=sr_t_327,1978,1h 50m,,7.4,1.1K
328. Corleone,https://www.imdb.com/title/tt0075879/?ref_=sr_t_328,1978,2h,R,5.9,274
329. In a Year with 13 Moons,https://www.imdb.com/title/tt0077729/?ref_=sr_t_329,1978,2h 4m,Not Rated,7.4,4.9K
330. Melody in Love,https://www.imdb.com/title/tt0077922/?ref_=sr_t_330,1978,1h 30m,,4.6,189
"331. Liebesgrüße aus der Lederhose, 5. Teil: Die Bruchpiloten vom Königssee",https://www.imdb.com/title/tt0190527/?ref_=sr_t_331,1978,1h 43m,,4.4,84
332. The Avenging Eagle,https://www.imdb.com/title/tt0077868/?ref_=sr_t_332,1978,1h 30m,R,7.3,1.1K
333. De Cocula es el mariachi,https://www.imdb.com/title/tt0075914/?ref_=sr_t_333,1978,1h 25m,,7.9,9
334. Popcorn und Himbeereis,https://www.imdb.com/title/tt0078102/?ref_=sr_t_334,1978,1h 34m,R,4.4,258
335. Yagyu Clan Conspiracy,https://www.imdb.com/title/tt0078513/?ref_=sr_t_335,1978,2h 10m,,7.1,1.7K
336. Blackout,https://www.imdb.com/title/tt0077241/?ref_=sr_t_336,1978,1h 32m,R,4.8,512
337. The Mine,https://www.imdb.com/title/tt0183459/?ref_=sr_t_337,1978,1h 30m,,7.5,1.7K
338. Death Dimension,https://www.imdb.com/title/tt0077408/?ref_=sr_t_338,1978,1h 28m,R,4.1,880
339. Cycle Vixens,https://www.imdb.com/title/tt0079018/?ref_=sr_t_339,1978,1h 22m,R,4.6,203
340. Adela Has Not Had Supper Yet,https://www.imdb.com/title/tt0075633/?ref_=sr_t_340,1978,1h 42m,,7.4,2.1K
341. Sunset Cove,https://www.imdb.com/title/tt0078342/?ref_=sr_t_341,1978,1h 27m,R,3.8,280
342. Give Us Tomorrow,https://www.imdb.com/title/tt0245920/?ref_=sr_t_342,1978,1h 34m,Not Rated,5.6,173
343. Cugine mie,https://www.imdb.com/title/tt0075897/?ref_=sr_t_343,1978,1h 28m,,5.2,69
344. The Priest,https://www.imdb.com/title/tt0078192/?ref_=sr_t_344,1978,1h 49m,TV-MA,6.4,288
345. Jennifer,https://www.imdb.com/title/tt0077769/?ref_=sr_t_345,1978,1h 30m,PG,5.5,783
346. The Six Thousand Dollar Nigger,https://www.imdb.com/title/tt0081572/?ref_=sr_t_346,1978,1h 20m,R,4.3,264
347. Blue Christmas,https://www.imdb.com/title/tt0077281/?ref_=sr_t_347,1978,2h 13m,,6.2,149
"348. Die Sister, Die!",https://www.imdb.com/title/tt0068485/?ref_=sr_t_348,1978,1h 22m,PG,4.8,445
349. The Shooting Party,https://www.imdb.com/title/tt0172812/?ref_=sr_t_349,1978,1h 45m,,7.3,1.2K
350. The Children of Sanchez,https://www.imdb.com/title/tt0077326/?ref_=sr_t_350,1978,2h 6m,R,6.1,716
351. Bilbao,https://www.imdb.com/title/tt0077236/?ref_=sr_t_351,1978,1h 29m,,6.3,675
352. The Last Savage,https://www.imdb.com/title/tt0077121/?ref_=sr_t_352,1978,1h 31m,,5.3,110
353. La banda del carro rojo,https://www.imdb.com/title/tt0315254/?ref_=sr_t_353,1978,1h 30m,,8.0,76
354. Woman Chasing the Butterfly of Death,https://www.imdb.com/title/tt0163816/?ref_=sr_t_354,1978,1h 50m,,6.3,287
355. The Astral Factor,https://www.imdb.com/title/tt0087479/?ref_=sr_t_355,1978,1h 25m,PG,3.7,892
356. If Ever I See You Again,https://www.imdb.com/title/tt0077720/?ref_=sr_t_356,1978,1h 45m,PG,4.0,204
357. Die munteren Sexspiele der Nachbarn,https://www.imdb.com/title/tt0077961/?ref_=sr_t_357,1978,1h 15m,,4.8,64
358. Olsenbanden og Data-Harry sprenger verdensbanken,https://www.imdb.com/title/tt0132381/?ref_=sr_t_358,1978,1h 41m,,6.5,1K
359. Karunamayudu,https://www.imdb.com/title/tt0156690/?ref_=sr_t_359,1978,2h 40m,,7.9,53
360. The Man Who Strikes Gold,https://www.imdb.com/title/tt0252618/?ref_=sr_t_360,1978,1h 22m,,7.0,3.2K
361. Fighting Mad,https://www.imdb.com/title/tt0076024/?ref_=sr_t_361,1978,1h 36m,R,5.3,717
362. La escopeta nacional,https://www.imdb.com/title/tt0076001/?ref_=sr_t_362,1978,1h 35m,,7.3,2.3K
363. Mig og Charly,https://www.imdb.com/title/tt0124002/?ref_=sr_t_363,1978,1h 38m,,6.4,476
364. Red Rings of Fear,https://www.imdb.com/title/tt0077505/?ref_=sr_t_364,1978,1h 25m,Not Rated,5.6,857
365. Hurra - Die Schwedinnen sind da,https://www.imdb.com/title/tt0077706/?ref_=sr_t_365,1978,1h 24m,,4.5,145
366. Picardía Mexicana,https://www.imdb.com/title/tt0229650/?ref_=sr_t_366,1978,1h 55m,,7.1,77
367. Mag Wheels,https://www.imdb.com/title/tt0076781/?ref_=sr_t_367,1978,1h 21m,R,4.3,301
368. Deseo carnal,https://www.imdb.com/title/tt0075934/?ref_=sr_t_368,1978,1h 27m,,4.1,60
369. Sammy's Super T-Shirt,https://www.imdb.com/title/tt0078200/?ref_=sr_t_369,1978,58m,,6.4,277
370. The Place Without Limits,https://www.imdb.com/title/tt0076336/?ref_=sr_t_370,1978,1h 50m,Not Rated,7.5,1.7K
371. Gaman,https://www.imdb.com/title/tt0150683/?ref_=sr_t_371,1978,1h 59m,Not Rated,7.5,244
372. La ocasión,https://www.imdb.com/title/tt0078014/?ref_=sr_t_372,1978,1h 25m,,4.8,65
373. Scared Straight!,https://www.imdb.com/title/tt0078205/?ref_=sr_t_373,1978,1h 36m,TV-PG,7.7,872
374. Mysteries,https://www.imdb.com/title/tt0077965/?ref_=sr_t_374,1978,1h 33m,,5.3,320
375. Little Girl in Blue Velvet,https://www.imdb.com/title/tt0078079/?ref_=sr_t_375,1978,1h 48m,,5.7,101
376. Eyes Behind the Stars,https://www.imdb.com/title/tt0078015/?ref_=sr_t_376,1978,1h 32m,Not Rated,3.9,505
377. The Scenic Route,https://www.imdb.com/title/tt0140536/?ref_=sr_t_377,1978,1h 16m,Not Rated,6.8,274
378. Barracuda,https://www.imdb.com/title/tt0077210/?ref_=sr_t_378,1978,1h 38m,PG,4.1,1.3K
"379. Mirror, Mirror",https://www.imdb.com/title/tt0124783/?ref_=sr_t_379,1978,1h 41m,,6.5,95
380. Folle... folle... fólleme Tim!,https://www.imdb.com/title/tt0167941/?ref_=sr_t_380,1978,1h 30m,,4.2,163
381. The Most Dangerous Game,https://www.imdb.com/title/tt0194182/?ref_=sr_t_381,1978,1h 29m,Not Rated,6.4,287
382. Tobi,https://www.imdb.com/title/tt0078404/?ref_=sr_t_382,1978,1h 30m,,5.7,287
383. Perceval le Gallois,https://www.imdb.com/title/tt0078073/?ref_=sr_t_383,1978,2h 20m,Not Rated,6.9,1.6K
384. Enter the Game of Death,https://www.imdb.com/title/tt0062936/?ref_=sr_t_384,1978,1h 30m,Not Rated,5.4,572
385. Darwaza,https://www.imdb.com/title/tt0252358/?ref_=sr_t_385,1978,1h 57m,,5.5,129
386. Money Movers,https://www.imdb.com/title/tt0077944/?ref_=sr_t_386,1978,1h 32m,R,6.5,1K
387. L'orgia,https://www.imdb.com/title/tt0076505/?ref_=sr_t_387,1978,1h 41m,,5.5,106
388. Ben Boga,https://www.imdb.com/title/tt2188679/?ref_=sr_t_388,1978,,,,
389. Starhops,https://www.imdb.com/title/tt0078318/?ref_=sr_t_389,1978,1h 22m,R,4.3,212
390. Ecce bombo,https://www.imdb.com/title/tt0077482/?ref_=sr_t_390,1978,1h 43m,Not Rated,7.0,2.6K
391. Kasme Vaade,https://www.imdb.com/title/tt0077792/?ref_=sr_t_391,1978,2h 27m,,6.4,489
392. Sultan,https://www.imdb.com/title/tt0264051/?ref_=sr_t_392,1978,1h 28m,,7.5,4K
393. The Escape,https://www.imdb.com/title/tt0077295/?ref_=sr_t_393,1978,1h 40m,PG,6.4,1.5K
394. Hot Snake,https://www.imdb.com/title/tt0283129/?ref_=sr_t_394,1978,1h 31m,Not Rated,6.1,163
395. Primitif,https://www.imdb.com/title/tt0078113/?ref_=sr_t_395,1978,1h 30m,Not Rated,3.7,832
396. Lucky Luke: Ballad of the Daltons,https://www.imdb.com/title/tt0077204/?ref_=sr_t_396,1978,1h 22m,Not Rated,6.9,2.3K
397. Exit 7,https://www.imdb.com/title/tt0077527/?ref_=sr_t_397,1978,1h 35m,,5.0,54
398. Mr. No Legs,https://www.imdb.com/title/tt0082775/?ref_=sr_t_398,1978,1h 30m,R,5.0,610
399. Das Lustschloß im Spessart,https://www.imdb.com/title/tt0076338/?ref_=sr_t_399,1978,1h 24m,,3.8,63
400. Sigappu Rojakkal,https://www.imdb.com/title/tt0156079/?ref_=sr_t_400,1978,2h 9m,Not Rated,7.8,3.6K
401. Men Can't Be Raped,https://www.imdb.com/title/tt0077968/?ref_=sr_t_401,1978,1h 39m,,6.1,486
402. 80 huszár,https://www.imdb.com/title/tt0077115/?ref_=sr_t_402,1978,2h 4m,,7.2,374
403. Emanuelle and the Porno Nights of the World,https://www.imdb.com/title/tt0077494/?ref_=sr_t_403,1978,1h 25m,,4.0,252
404. Where Are You Going on Holiday?,https://www.imdb.com/title/tt0077465/?ref_=sr_t_404,1978,2h 7m,,6.3,614
405. Warriors Two,https://www.imdb.com/title/tt0078517/?ref_=sr_t_405,1978,1h 36m,R,7.2,1.6K
406. L'hôtel de la plage,https://www.imdb.com/title/tt0077710/?ref_=sr_t_406,1978,1h 50m,R,6.0,381
407. Vil du se min smukke navle?,https://www.imdb.com/title/tt0078464/?ref_=sr_t_407,1978,1h 43m,,6.2,434
"408. Viol, la grande peur",https://www.imdb.com/title/tt0178970/?ref_=sr_t_408,1978,1h 33m,,4.4,116
409. Power Play,https://www.imdb.com/title/tt0078105/?ref_=sr_t_409,1978,1h 42m,Not Rated,5.9,450
410. The One Man Jury,https://www.imdb.com/title/tt0078032/?ref_=sr_t_410,1978,1h 38m,R,5.5,267
411. The Sea Gypsies,https://www.imdb.com/title/tt0078215/?ref_=sr_t_411,1978,1h 42m,G,6.3,405
412. 1922,https://www.imdb.com/title/tt0079643/?ref_=sr_t_412,1978,2h 15m,,6.5,395
"413. The Prophet, the Gold and the Transylvanians",https://www.imdb.com/title/tt0078119/?ref_=sr_t_413,1978,1h 38m,,7.5,612
414. The Irishman,https://www.imdb.com/title/tt0077749/?ref_=sr_t_414,1978,1h 48m,Not Rated,6.4,138
415. Here Come the Tigers,https://www.imdb.com/title/tt0077668/?ref_=sr_t_415,1978,1h 27m,PG,3.8,266
416. Attacked!,https://www.imdb.com/title/tt0285853/?ref_=sr_t_416,1978,1h 12m,,5.7,97
417. Dirty World,https://www.imdb.com/title/tt0076557/?ref_=sr_t_417,1978,1h 38m,,5.1,106
418. Blue Nude,https://www.imdb.com/title/tt0075772/?ref_=sr_t_418,1978,1h 32m,,6.1,117
419. Toplo,https://www.imdb.com/title/tt0189154/?ref_=sr_t_419,1978,1h 37m,,8.4,1.2K
420. Angel Guts: High School Coed,https://www.imdb.com/title/tt0223577/?ref_=sr_t_420,1978,1h 19m,,5.1,225
421. O Prisioneiro do Sexo,https://www.imdb.com/title/tt0189950/?ref_=sr_t_421,1978,1h 32m,,5.3,74
422. Ölüm Çemberi,https://www.imdb.com/title/tt1808464/?ref_=sr_t_422,1978,,,3.9,15
423. The Secret Life of Plants,https://www.imdb.com/title/tt0078217/?ref_=sr_t_423,1978,1h 37m,G,7.2,207
"424. Oh, les petites starlettes!",https://www.imdb.com/title/tt0234369/?ref_=sr_t_424,1978,1h 20m,,6.2,12
425. Heaven Sword and Dragon Sabre,https://www.imdb.com/title/tt0077664/?ref_=sr_t_425,1978,1h 41m,,5.8,142
426. Cyclone,https://www.imdb.com/title/tt0075901/?ref_=sr_t_426,1978,1h 40m,PG-13,4.8,909
427. Towing,https://www.imdb.com/title/tt0199101/?ref_=sr_t_427,1978,1h 25m,PG,4.8,121
428. Silver Saddle,https://www.imdb.com/title/tt0078224/?ref_=sr_t_428,1978,1h 38m,Not Rated,6.1,880
429. Shaolin Mantis,https://www.imdb.com/title/tt0078360/?ref_=sr_t_429,1978,1h 36m,R,6.7,774
430. Casey's Shadow,https://www.imdb.com/title/tt0077303/?ref_=sr_t_430,1978,1h 57m,PG,6.1,713
431. College Girl,https://www.imdb.com/title/tt0247257/?ref_=sr_t_431,1978,,,5.6,22
432. The Love Jewel,https://www.imdb.com/title/tt0255839/?ref_=sr_t_432,1978,1h 25m,,4.3,117
433. Quiet Is the Night,https://www.imdb.com/title/tt0080150/?ref_=sr_t_433,1978,2h 8m,,7.3,305
434. Provincia violenta,https://www.imdb.com/title/tt0195192/?ref_=sr_t_434,1978,1h 16m,,4.4,157
435. Maro Charithra,https://www.imdb.com/title/tt0154849/?ref_=sr_t_435,1978,2h 49m,,7.8,332
436. Hi-Riders,https://www.imdb.com/title/tt0076140/?ref_=sr_t_436,1978,1h 30m,R,4.9,237
437. Vartioitu kylä 1944,https://www.imdb.com/title/tt0141949/?ref_=sr_t_437,1978,1h 40m,,5.4,88
438. Tit for Tat,https://www.imdb.com/title/tt0180011/?ref_=sr_t_438,1978,1h 37m,,6.9,368
439. Los amantes frios,https://www.imdb.com/title/tt0315171/?ref_=sr_t_439,1978,1h 54m,,7.8,62
"440. Monique, mein heißer Schoß",https://www.imdb.com/title/tt0151615/?ref_=sr_t_440,1978,1h 15m,,3.5,51
441. Dillagi,https://www.imdb.com/title/tt0157540/?ref_=sr_t_441,1978,,,7.1,267
442. Yasam Kavgasi,https://www.imdb.com/title/tt0280213/?ref_=sr_t_442,1978,1h 16m,,6.2,83
443. Skin of Roses,https://www.imdb.com/title/tt0287394/?ref_=sr_t_443,1978,1h 12m,,4.4,150
444. Pati Patni Aur Woh,https://www.imdb.com/title/tt0158845/?ref_=sr_t_444,1978,2h 21m,,7.0,559
445. Amori miei,https://www.imdb.com/title/tt0078770/?ref_=sr_t_445,1978,1h 40m,,6.1,204
446. Khatta Meetha,https://www.imdb.com/title/tt0077797/?ref_=sr_t_446,1978,2h 8m,Not Rated,7.5,1K
447. Speed Fever,https://www.imdb.com/title/tt0077575/?ref_=sr_t_447,1978,1h 38m,,6.7,107
448. Graduate First,https://www.imdb.com/title/tt0079701/?ref_=sr_t_448,1978,1h 26m,TV-14,6.9,1K
449. Dynamo,https://www.imdb.com/title/tt0078912/?ref_=sr_t_449,1978,1h 21m,R,5.1,144
450. Thappu Thalangal,https://www.imdb.com/title/tt0155257/?ref_=sr_t_450,1978,2h 11m,,8.0,140
451. Des Pardes,https://www.imdb.com/title/tt0154390/?ref_=sr_t_451,1978,,,7.2,186
452. Man Number 100,https://www.imdb.com/title/tt0253970/?ref_=sr_t_452,1978,1h 19m,,7.7,6.2K
453. Tatak ng Tundo,https://www.imdb.com/title/tt0401816/?ref_=sr_t_453,1978,2h,,7.2,17
454. Born Again,https://www.imdb.com/title/tt0077261/?ref_=sr_t_454,1978,1h 50m,PG,5.1,177
455. Mullum Malarum,https://www.imdb.com/title/tt0235609/?ref_=sr_t_455,1978,2h 23m,Not Rated,8.3,1K
456. Jaganmohini,https://www.imdb.com/title/tt0077760/?ref_=sr_t_456,1978,2h 43m,Not Rated,6.6,46
457. Along the Night,https://www.imdb.com/title/tt0077398/?ref_=sr_t_457,1978,2h 3m,,6.5,822
458. Slipping Into Darkness,https://www.imdb.com/title/tt0129851/?ref_=sr_t_458,1978,1h 26m,R,5.2,149
459. Knife in the Head,https://www.imdb.com/title/tt0077924/?ref_=sr_t_459,1978,1h 53m,,7.0,736
460. Las eróticas vacaciones de Stela,https://www.imdb.com/title/tt0077513/?ref_=sr_t_460,1978,1h 20m,,4.5,61
461. Jûsan-nin renzoku bôkôma,https://www.imdb.com/title/tt0291286/?ref_=sr_t_461,1978,1h,,6.3,489
462. Escape to Athena: Cast and Crew Interviews,https://www.imdb.com/title/tt6950112/?ref_=sr_t_462,1978,1h 17m,,7.5,14
463. L'hypothèse du tableau volé,https://www.imdb.com/title/tt0077707/?ref_=sr_t_463,1978,1h 6m,,7.4,1.2K
464. Azaad,https://www.imdb.com/title/tt0157337/?ref_=sr_t_464,1978,2h 34m,Not Rated,7.3,118
465. Trocadero Lemon Blue,https://www.imdb.com/title/tt0078419/?ref_=sr_t_465,1978,1h 30m,,6.0,138
466. Battle of the Stars,https://www.imdb.com/title/tt0075881/?ref_=sr_t_466,1978,1h 35m,PG-13,2.8,356
467. Stony Island,https://www.imdb.com/title/tt0078324/?ref_=sr_t_467,1978,1h 35m,PG,6.7,151
468. Germany in Autumn,https://www.imdb.com/title/tt0077427/?ref_=sr_t_468,1978,2h 3m,,6.8,1.4K
469. Oi tembelides tis eforis koiladas,https://www.imdb.com/title/tt0128725/?ref_=sr_t_469,1978,1h 58m,,7.2,894
470. Madame X: An Absolute Ruler,https://www.imdb.com/title/tt0076349/?ref_=sr_t_470,1978,2h 17m,,5.3,172
471. Cuentos inmorales,https://www.imdb.com/title/tt0077386/?ref_=sr_t_471,1978,1h 55m,,7.0,79
472. Leopard in the Snow,https://www.imdb.com/title/tt0077847/?ref_=sr_t_472,1978,1h 34m,PG,5.9,150
473. Soul of the Sword,https://www.imdb.com/title/tt0076692/?ref_=sr_t_473,1978,1h 29m,,6.4,318
474. Yalniz Kalp,https://www.imdb.com/title/tt3998036/?ref_=sr_t_474,1978,1h,,3.5,17
475. Blue Fin,https://www.imdb.com/title/tt0077249/?ref_=sr_t_475,1978,1h 28m,PG,5.9,279
476. Just like Home,https://www.imdb.com/title/tt0078027/?ref_=sr_t_476,1978,1h 48m,,6.9,93
477. Nero veneziano,https://www.imdb.com/title/tt0122629/?ref_=sr_t_477,1978,1h 35m,,5.7,502
478. Das Einhorn,https://www.imdb.com/title/tt0077488/?ref_=sr_t_478,1978,1h 51m,,6.5,43
479. The Lucifer Complex,https://www.imdb.com/title/tt0077877/?ref_=sr_t_479,1978,1h 31m,Not Rated,2.4,405
480. Divinas palabras,https://www.imdb.com/title/tt0075947/?ref_=sr_t_480,1978,1h 40m,,7.3,51
481. Operasjon Cobra,https://www.imdb.com/title/tt0078036/?ref_=sr_t_481,1978,,,6.0,90
482. The Hitter,https://www.imdb.com/title/tt0179219/?ref_=sr_t_482,1978,1h 30m,R,5.5,137
483. Vishwanath,https://www.imdb.com/title/tt0215338/?ref_=sr_t_483,1978,2h 8m,,6.1,191
484. Porca società,https://www.imdb.com/title/tt0122671/?ref_=sr_t_484,1978,1h 30m,,6.1,28
485. Tire Pas Sur Mon Collant,https://www.imdb.com/title/tt0230883/?ref_=sr_t_485,1978,1h 36m,,3.5,106
486. Fists of Bruce Lee,https://www.imdb.com/title/tt0077556/?ref_=sr_t_486,1978,1h 33m,R,3.8,252
487. Ghar,https://www.imdb.com/title/tt0077609/?ref_=sr_t_487,1978,2h 1m,Not Rated,7.2,260
488. Farewell to Space Battleship Yamato: Warriors of Love,https://www.imdb.com/title/tt0316540/?ref_=sr_t_488,1978,2h 31m,,7.2,286
489. The Song of Roland,https://www.imdb.com/title/tt0077317/?ref_=sr_t_489,1978,1h 50m,,5.5,178
490. Suggestionata,https://www.imdb.com/title/tt0147566/?ref_=sr_t_490,1978,1h 24m,,4.5,34
491. Cinématon,https://www.imdb.com/title/tt0242365/?ref_=sr_t_491,1984,3h 30m,TV-PG,6.2,128
492. Molière,https://www.imdb.com/title/tt0077941/?ref_=sr_t_492,1978,4h 20m,,7.6,906
493. Tarjeta verde,https://www.imdb.com/title/tt0324166/?ref_=sr_t_493,1978,1h 25m,,,
494. Texas Detour,https://www.imdb.com/title/tt0078379/?ref_=sr_t_494,1978,1h 32m,R,5.1,175
495. Avalude Ravukal,https://www.imdb.com/title/tt0186840/?ref_=sr_t_495,1978,2h 24m,Not Rated,6.5,88
496. The Chaos Class Is Fretting Over,https://www.imdb.com/title/tt0289968/?ref_=sr_t_496,1978,1h 28m,,7.2,9.3K
497. Vahsi ve Tatli,https://www.imdb.com/title/tt3910672/?ref_=sr_t_497,1978,,,5.6,12
498. The Late Great Planet Earth,https://www.imdb.com/title/tt0079445/?ref_=sr_t_498,1978,1h 31m,PG,3.7,378
499. Io sono mia,https://www.imdb.com/title/tt0077748/?ref_=sr_t_499,1978,1h 35m,,6.7,93
500. Chez Nous,https://www.imdb.com/title/tt0077323/?ref_=sr_t_500,1978,1h 39m,,5.7,82
