Title,Movie Link,Year,Duration,MPA,Rating,Votes
1. The Lion King,https://www.imdb.com/title/tt0110357/?ref_=sr_t_1,1994,1h 28m,G,8.5,1.2M
2. Forrest Gump,https://www.imdb.com/title/tt0109830/?ref_=sr_t_2,1994,2h 22m,PG-13,8.8,2.3M
3. True Lies,https://www.imdb.com/title/tt0111503/?ref_=sr_t_3,1994,2h 21m,R,7.3,288K
4. The Santa Clause,https://www.imdb.com/title/tt0111070/?ref_=sr_t_4,1994,1h 37m,PG,6.6,140K
5. The Flintstones,https://www.imdb.com/title/tt0109813/?ref_=sr_t_5,1994,1h 31m,PG,5.0,88K
6. Dumb and Dumber,https://www.imdb.com/title/tt0109686/?ref_=sr_t_6,1994,1h 47m,PG-13,7.3,423K
7. Clear and Present Danger,https://www.imdb.com/title/tt0109444/?ref_=sr_t_7,1994,2h 21m,PG-13,6.9,111K
8. Speed,https://www.imdb.com/title/tt0111257/?ref_=sr_t_8,1994,1h 56m,R,7.3,403K
9. The Mask,https://www.imdb.com/title/tt0110475/?ref_=sr_t_9,1994,1h 41m,PG-13,7.0,437K
10. Pulp Fiction,https://www.imdb.com/title/tt0110912/?ref_=sr_t_10,1994,2h 34m,R,8.9,2.3M
11. Interview with the Vampire,https://www.imdb.com/title/tt0110148/?ref_=sr_t_11,1994,2h 3m,R,7.5,358K
12. Maverick,https://www.imdb.com/title/tt0110478/?ref_=sr_t_12,1994,2h 7m,PG,7.0,122K
13. The Client,https://www.imdb.com/title/tt0109446/?ref_=sr_t_13,1994,1h 59m,PG-13,6.7,76K
14. Disclosure,https://www.imdb.com/title/tt0109635/?ref_=sr_t_14,1994,2h 8m,R,6.2,56K
15. Star Trek: Generations,https://www.imdb.com/title/tt0111280/?ref_=sr_t_15,1994,1h 58m,PG,6.6,88K
16. Ace Ventura: Pet Detective,https://www.imdb.com/title/tt0109040/?ref_=sr_t_16,1994,1h 26m,PG-13,6.9,335K
17. Stargate,https://www.imdb.com/title/tt0111282/?ref_=sr_t_17,1994,1h 56m,PG-13,7.0,210K
18. Legends of the Fall,https://www.imdb.com/title/tt0110322/?ref_=sr_t_18,1994,2h 13m,R,7.5,189K
19. Wolf,https://www.imdb.com/title/tt0111742/?ref_=sr_t_19,1994,2h 5m,R,6.3,62K
20. The Specialist,https://www.imdb.com/title/tt0111255/?ref_=sr_t_20,1994,1h 50m,R,5.6,71K
21. Four Weddings and a Funeral,https://www.imdb.com/title/tt0109831/?ref_=sr_t_21,1994,1h 57m,R,7.1,171K
22. The Little Rascals,https://www.imdb.com/title/tt0110366/?ref_=sr_t_22,1994,1h 22m,PG,6.3,58K
23. Naked Gun 33 1/3: The Final Insult,https://www.imdb.com/title/tt0110622/?ref_=sr_t_23,1994,1h 23m,PG-13,6.5,114K
24. The Crow,https://www.imdb.com/title/tt0109506/?ref_=sr_t_24,1994,1h 42m,R,7.5,218K
25. Natural Born Killers,https://www.imdb.com/title/tt0110632/?ref_=sr_t_25,1994,1h 59m,R,7.2,257K
26. Angels in the Outfield,https://www.imdb.com/title/tt0109127/?ref_=sr_t_26,1994,1h 42m,PG,6.2,36K
27. Little Women,https://www.imdb.com/title/tt0110367/?ref_=sr_t_27,1994,1h 55m,PG,7.3,65K
28. When a Man Loves a Woman,https://www.imdb.com/title/tt0111693/?ref_=sr_t_28,1994,2h 6m,R,6.6,24K
29. The River Wild,https://www.imdb.com/title/tt0110997/?ref_=sr_t_29,1994,1h 51m,PG-13,6.5,52K
30. D2: The Mighty Ducks,https://www.imdb.com/title/tt0109520/?ref_=sr_t_30,1994,1h 46m,PG,6.1,44K
31. Timecop,https://www.imdb.com/title/tt0111438/?ref_=sr_t_31,1994,1h 39m,R,5.9,66K
32. City Slickers II: The Legend of Curly's Gold,https://www.imdb.com/title/tt0109439/?ref_=sr_t_32,1994,1h 56m,PG-13,5.6,21K
33. The Jungle Book,https://www.imdb.com/title/tt0110213/?ref_=sr_t_33,1994,1h 51m,PG,6.1,19K
34. Beverly Hills Cop III,https://www.imdb.com/title/tt0109254/?ref_=sr_t_34,1994,1h 44m,R,5.5,97K
35. Nobody's Fool,https://www.imdb.com/title/tt0110684/?ref_=sr_t_35,1994,1h 50m,R,7.3,23K
36. The Paper,https://www.imdb.com/title/tt0110771/?ref_=sr_t_36,1994,1h 52m,R,6.7,16K
37. On Deadly Ground,https://www.imdb.com/title/tt0110725/?ref_=sr_t_37,1994,1h 41m,R,4.6,26K
38. Richie Rich,https://www.imdb.com/title/tt0110989/?ref_=sr_t_38,1994,1h 35m,PG,5.4,75K
39. It Could Happen to You,https://www.imdb.com/title/tt0110167/?ref_=sr_t_39,1994,1h 41m,PG,6.4,46K
40. Junior,https://www.imdb.com/title/tt0110216/?ref_=sr_t_40,1994,1h 49m,PG-13,4.7,74K
41. Nell,https://www.imdb.com/title/tt0110638/?ref_=sr_t_41,1994,1h 52m,PG-13,6.5,31K
42. Street Fighter,https://www.imdb.com/title/tt0111301/?ref_=sr_t_42,1994,1h 42m,PG-13,4.1,77K
43. The Shadow,https://www.imdb.com/title/tt0111143/?ref_=sr_t_43,1994,1h 48m,PG-13,6.1,28K
44. I Love Trouble,https://www.imdb.com/title/tt0110093/?ref_=sr_t_44,1994,2h 3m,PG,5.4,13K
45. Major League II,https://www.imdb.com/title/tt0110442/?ref_=sr_t_45,1994,1h 45m,PG,5.6,29K
46. Blank Check,https://www.imdb.com/title/tt0109287/?ref_=sr_t_46,1994,1h 33m,PG,5.3,23K
47. Blown Away,https://www.imdb.com/title/tt0109303/?ref_=sr_t_47,1994,2h 1m,R,6.2,35K
48. A Low Down Dirty Shame,https://www.imdb.com/title/tt0110399/?ref_=sr_t_48,1994,1h 40m,R,5.9,8K
49. In the Army Now,https://www.imdb.com/title/tt0110123/?ref_=sr_t_49,1994,1h 31m,PG,5.0,15K
50. The Shawshank Redemption,https://www.imdb.com/title/tt0111161/?ref_=sr_t_50,1994,2h 22m,R,9.3,3M
51. Drop Zone,https://www.imdb.com/title/tt0109676/?ref_=sr_t_51,1994,1h 41m,R,5.6,22K
52. Guarding Tess,https://www.imdb.com/title/tt0109951/?ref_=sr_t_52,1994,1h 36m,PG-13,6.2,20K
53. I.Q.,https://www.imdb.com/title/tt0110099/?ref_=sr_t_53,1994,1h 40m,PG,6.2,27K
54. My Father the Hero,https://www.imdb.com/title/tt0110612/?ref_=sr_t_54,1994,1h 30m,PG,5.5,12K
55. Wyatt Earp,https://www.imdb.com/title/tt0111756/?ref_=sr_t_55,1994,3h 11m,PG-13,6.7,56K
56. Quiz Show,https://www.imdb.com/title/tt0110932/?ref_=sr_t_56,1994,2h 13m,PG-13,7.5,75K
57. Renaissance Man,https://www.imdb.com/title/tt0110971/?ref_=sr_t_57,1994,2h 8m,PG-13,6.2,19K
58. Blue Chips,https://www.imdb.com/title/tt0109305/?ref_=sr_t_58,1994,1h 48m,PG-13,6.3,16K
59. Don Juan DeMarco,https://www.imdb.com/title/tt0112883/?ref_=sr_t_59,1994,1h 37m,PG-13,6.7,54K
60. Frankenstein,https://www.imdb.com/title/tt0109836/?ref_=sr_t_60,1994,2h 3m,R,6.3,60K
61. The Postman,https://www.imdb.com/title/tt0110877/?ref_=sr_t_61,1994,1h 48m,PG,7.8,40K
62. Intersection,https://www.imdb.com/title/tt0110146/?ref_=sr_t_62,1994,1h 38m,R,5.4,9.3K
63. The Air Up There,https://www.imdb.com/title/tt0109067/?ref_=sr_t_63,1994,1h 47m,PG,5.6,9.6K
64. Iron Will,https://www.imdb.com/title/tt0110157/?ref_=sr_t_64,1994,1h 48m,PG,6.6,9.6K
65. Reality Bites,https://www.imdb.com/title/tt0110950/?ref_=sr_t_65,1994,1h 39m,PG-13,6.6,55K
66. Jason's Lyric,https://www.imdb.com/title/tt0110186/?ref_=sr_t_66,1994,1h 59m,R,6.6,4.8K
67. Speechless,https://www.imdb.com/title/tt0111256/?ref_=sr_t_67,1994,1h 39m,PG-13,5.8,5.5K
68. The Cowboy Way,https://www.imdb.com/title/tt0109493/?ref_=sr_t_68,1994,1h 42m,PG-13,5.9,9.3K
"69. Corrina, Corrina",https://www.imdb.com/title/tt0109484/?ref_=sr_t_69,1994,1h 55m,PG,6.6,14K
70. Only You,https://www.imdb.com/title/tt0110737/?ref_=sr_t_70,1994,1h 49m,PG,6.5,27K
71. With Honors,https://www.imdb.com/title/tt0111732/?ref_=sr_t_71,1994,1h 41m,PG-13,6.7,16K
72. Color of Night,https://www.imdb.com/title/tt0109456/?ref_=sr_t_72,1994,2h 1m,R,5.2,26K
73. 8 Seconds,https://www.imdb.com/title/tt0109021/?ref_=sr_t_73,1994,1h 45m,PG-13,6.6,5.9K
74. Léon: The Professional,https://www.imdb.com/title/tt0110413/?ref_=sr_t_74,1994,1h 50m,R,8.5,1.3M
75. Little Giants,https://www.imdb.com/title/tt0110364/?ref_=sr_t_75,1994,1h 47m,PG,6.4,32K
76. House Party 3,https://www.imdb.com/title/tt0110064/?ref_=sr_t_76,1994,1h 40m,R,4.7,5.7K
77. Getting Even with Dad,https://www.imdb.com/title/tt0109891/?ref_=sr_t_77,1994,1h 49m,PG,4.9,8.9K
78. Love Affair,https://www.imdb.com/title/tt0110391/?ref_=sr_t_78,1994,1h 48m,PG-13,6.0,5.2K
79. Milk Money,https://www.imdb.com/title/tt0110516/?ref_=sr_t_79,1994,1h 50m,PG-13,5.6,13K
80. New Nightmare,https://www.imdb.com/title/tt0111686/?ref_=sr_t_80,1994,1h 52m,R,6.4,66K
81. My Girl 2,https://www.imdb.com/title/tt0110613/?ref_=sr_t_81,1994,1h 39m,PG,5.3,21K
82. Miracle on 34th Street,https://www.imdb.com/title/tt0110527/?ref_=sr_t_82,1994,1h 54m,PG,6.6,47K
83. The War,https://www.imdb.com/title/tt0111667/?ref_=sr_t_83,1994,2h 6m,PG-13,6.8,14K
84. Baby's Day Out,https://www.imdb.com/title/tt0109190/?ref_=sr_t_84,1994,1h 39m,PG,6.2,57K
85. Lightning Jack,https://www.imdb.com/title/tt0110353/?ref_=sr_t_85,1994,1h 38m,PG-13,5.5,7.4K
86. Andre,https://www.imdb.com/title/tt0109120/?ref_=sr_t_86,1994,1h 34m,PG,5.7,7.4K
87. Terminal Velocity,https://www.imdb.com/title/tt0111400/?ref_=sr_t_87,1994,1h 42m,PG-13,5.5,15K
88. Monkey Trouble,https://www.imdb.com/title/tt0110557/?ref_=sr_t_88,1994,1h 36m,PG,5.3,7.4K
89. Above the Rim,https://www.imdb.com/title/tt0109035/?ref_=sr_t_89,1994,1h 36m,R,6.6,17K
90. The Getaway,https://www.imdb.com/title/tt0109890/?ref_=sr_t_90,1994,1h 55m,R,5.8,20K
91. No Escape,https://www.imdb.com/title/tt0110678/?ref_=sr_t_91,1994,1h 58m,R,6.1,23K
92. Bad Girls,https://www.imdb.com/title/tt0109198/?ref_=sr_t_92,1994,1h 39m,R,5.2,14K
93. The Madness of King George,https://www.imdb.com/title/tt0110428/?ref_=sr_t_93,1994,1h 50m,PG-13,7.2,19K
94. Muriel's Wedding,https://www.imdb.com/title/tt0110598/?ref_=sr_t_94,1994,1h 46m,R,7.2,43K
95. Threesome,https://www.imdb.com/title/tt0111418/?ref_=sr_t_95,1994,1h 33m,R,6.3,14K
96. The Pagemaster,https://www.imdb.com/title/tt0110763/?ref_=sr_t_96,1994,1h 20m,G,6.1,26K
97. Crooklyn,https://www.imdb.com/title/tt0109504/?ref_=sr_t_97,1994,1h 55m,PG-13,7.0,12K
98. Bullets Over Broadway,https://www.imdb.com/title/tt0109348/?ref_=sr_t_98,1994,1h 38m,R,7.4,43K
99. Greedy,https://www.imdb.com/title/tt0109936/?ref_=sr_t_99,1994,1h 53m,PG-13,6.3,16K
100. Highlander: The Final Dimension,https://www.imdb.com/title/tt0110027/?ref_=sr_t_100,1994,1h 39m,PG-13,4.5,22K
101. Little Big League,https://www.imdb.com/title/tt0110363/?ref_=sr_t_101,1994,1h 59m,PG,6.2,12K
102. 3 Ninjas Kick Back,https://www.imdb.com/title/tt0109015/?ref_=sr_t_102,1994,1h 33m,PG,4.6,10K
103. Drunken Master II,https://www.imdb.com/title/tt0111512/?ref_=sr_t_103,1994,1h 42m,R,7.5,50K
104. The Ref,https://www.imdb.com/title/tt0110955/?ref_=sr_t_104,1994,1h 37m,R,6.9,27K
105. Cops and Robbersons,https://www.imdb.com/title/tt0109480/?ref_=sr_t_105,1994,1h 33m,PG,5.2,7.6K
106. Thumbelina,https://www.imdb.com/title/tt0111419/?ref_=sr_t_106,1994,1h 26m,G,6.2,19K
107. Ready to Wear,https://www.imdb.com/title/tt0110907/?ref_=sr_t_107,1994,2h 13m,R,5.2,16K
"108. The Adventures of Priscilla, Queen of the Desert",https://www.imdb.com/title/tt0109045/?ref_=sr_t_108,1994,1h 44m,R,7.5,57K
109. Camp Nowhere,https://www.imdb.com/title/tt0109369/?ref_=sr_t_109,1994,1h 36m,PG,6.1,11K
110. I'll Do Anything,https://www.imdb.com/title/tt0110097/?ref_=sr_t_110,1994,1h 55m,PG-13,5.5,2.9K
111. Martin Lawrence: You So Crazy,https://www.imdb.com/title/tt0111804/?ref_=sr_t_111,1994,1h 24m,Unrated,6.6,1.1K
112. Lassie,https://www.imdb.com/title/tt0110305/?ref_=sr_t_112,1994,1h 34m,PG,5.8,6.8K
113. Immortal Beloved,https://www.imdb.com/title/tt0110116/?ref_=sr_t_113,1994,2h 1m,R,7.4,27K
114. The Swan Princess,https://www.imdb.com/title/tt0111333/?ref_=sr_t_114,1994,1h 30m,G,6.4,28K
115. Angie,https://www.imdb.com/title/tt0109129/?ref_=sr_t_115,1994,1h 47m,R,5.5,2.4K
116. In the Mouth of Madness,https://www.imdb.com/title/tt0113409/?ref_=sr_t_116,1994,1h 35m,R,7.1,83K
117. The Next Karate Kid,https://www.imdb.com/title/tt0110657/?ref_=sr_t_117,1994,1h 47m,PG,4.6,35K
118. The Inkwell,https://www.imdb.com/title/tt0110137/?ref_=sr_t_118,1994,1h 50m,R,6.3,1.6K
119. White Fang 2: Myth of the White Wolf,https://www.imdb.com/title/tt0111701/?ref_=sr_t_119,1994,1h 46m,PG,5.4,2.6K
120. The Puppet Masters,https://www.imdb.com/title/tt0111003/?ref_=sr_t_120,1994,1h 49m,R,5.9,10K
121. Fresh,https://www.imdb.com/title/tt0109842/?ref_=sr_t_121,1994,1h 54m,R,7.5,15K
122. Blankman,https://www.imdb.com/title/tt0109288/?ref_=sr_t_122,1994,1h 32m,PG-13,5.1,11K
123. The Chase,https://www.imdb.com/title/tt0109402/?ref_=sr_t_123,1994,1h 34m,PG-13,5.9,23K
124. Hoop Dreams,https://www.imdb.com/title/tt0110057/?ref_=sr_t_124,1994,2h 50m,PG-13,8.3,29K
125. Serial Mom,https://www.imdb.com/title/tt0111127/?ref_=sr_t_125,1994,1h 35m,R,6.8,36K
126. Sirens,https://www.imdb.com/title/tt0111201/?ref_=sr_t_126,1994,1h 38m,R,5.9,12K
127. Surviving the Game,https://www.imdb.com/title/tt0111323/?ref_=sr_t_127,1994,1h 36m,R,6.2,14K
128. Clifford,https://www.imdb.com/title/tt0109447/?ref_=sr_t_128,1994,1h 30m,PG,5.5,8.9K
129. Clean Slate,https://www.imdb.com/title/tt0109443/?ref_=sr_t_129,1994,1h 47m,PG-13,5.7,4.3K
130. Eat Drink Man Woman,https://www.imdb.com/title/tt0111797/?ref_=sr_t_130,1994,2h 4m,Not Rated,7.8,24K
131. Barcelona,https://www.imdb.com/title/tt0109219/?ref_=sr_t_131,1994,1h 41m,PG-13,7.0,6.8K
132. North,https://www.imdb.com/title/tt0110687/?ref_=sr_t_132,1994,1h 27m,PG,4.5,15K
133. Trial by Jury,https://www.imdb.com/title/tt0111488/?ref_=sr_t_133,1994,1h 47m,R,5.4,2.1K
134. Exit to Eden,https://www.imdb.com/title/tt0109758/?ref_=sr_t_134,1994,1h 53m,R,4.3,7.5K
135. Mixed Nuts,https://www.imdb.com/title/tt0110538/?ref_=sr_t_135,1994,1h 37m,PG-13,5.4,14K
136. The Road to Wellville,https://www.imdb.com/title/tt0111001/?ref_=sr_t_136,1994,1h 58m,R,5.9,14K
137. Widows' Peak,https://www.imdb.com/title/tt0111712/?ref_=sr_t_137,1994,1h 41m,PG,6.6,2K
138. The Secret of Roan Inish,https://www.imdb.com/title/tt0111112/?ref_=sr_t_138,1994,1h 43m,PG,7.4,10K
139. Trapped in Paradise,https://www.imdb.com/title/tt0111477/?ref_=sr_t_139,1994,1h 51m,PG-13,5.9,17K
140. Ed Wood,https://www.imdb.com/title/tt0109707/?ref_=sr_t_140,1994,2h 7m,R,7.8,187K
141. The Last Seduction,https://www.imdb.com/title/tt0110308/?ref_=sr_t_141,1994,1h 50m,R,7.0,27K
142. Airheads,https://www.imdb.com/title/tt0109068/?ref_=sr_t_142,1994,1h 32m,PG-13,6.2,58K
143. Black Beauty,https://www.imdb.com/title/tt0109279/?ref_=sr_t_143,1994,1h 28m,G,6.6,11K
144. Wagons East,https://www.imdb.com/title/tt0111653/?ref_=sr_t_144,1994,1h 47m,PG-13,4.8,6.5K
145. Brainscan,https://www.imdb.com/title/tt0109327/?ref_=sr_t_145,1994,1h 36m,R,6.0,13K
146. PCU,https://www.imdb.com/title/tt0110759/?ref_=sr_t_146,1994,1h 19m,PG-13,6.5,15K
147. Exotica,https://www.imdb.com/title/tt0109759/?ref_=sr_t_147,1994,1h 43m,R,7.0,22K
148. Priest,https://www.imdb.com/title/tt0110889/?ref_=sr_t_148,1994,1h 38m,R,7.1,11K
149. Gordy,https://www.imdb.com/title/tt0113199/?ref_=sr_t_149,1994,1h 30m,G,3.8,2.1K
150. Jimmy Hollywood,https://www.imdb.com/title/tt0110197/?ref_=sr_t_150,1994,1h 52m,R,5.3,3.7K
151. Cabin Boy,https://www.imdb.com/title/tt0109361/?ref_=sr_t_151,1994,1h 20m,PG-13,5.3,9.4K
152. Three Colors: Red,https://www.imdb.com/title/tt0111495/?ref_=sr_t_152,1994,1h 39m,R,8.1,112K
153. A Simple Twist of Fate,https://www.imdb.com/title/tt0111194/?ref_=sr_t_153,1994,1h 46m,PG-13,6.3,6.2K
154. Blue Sky,https://www.imdb.com/title/tt0109306/?ref_=sr_t_154,1994,1h 41m,PG-13,6.4,8.4K
155. Squanto: A Warrior's Tale,https://www.imdb.com/title/tt0111271/?ref_=sr_t_155,1994,1h 42m,PG,6.1,1.5K
156. The Glass Shield,https://www.imdb.com/title/tt0109906/?ref_=sr_t_156,1994,1h 49m,PG-13,6.1,3.6K
157. Silent Fall,https://www.imdb.com/title/tt0111187/?ref_=sr_t_157,1994,1h 41m,R,5.9,5K
158. Clerks,https://www.imdb.com/title/tt0109445/?ref_=sr_t_158,1994,1h 32m,R,7.7,235K
159. The Favor,https://www.imdb.com/title/tt0109783/?ref_=sr_t_159,1994,1h 37m,R,5.2,3.2K
160. Death and the Maiden,https://www.imdb.com/title/tt0109579/?ref_=sr_t_160,1994,1h 43m,R,7.2,28K
161. Princess Caraboo,https://www.imdb.com/title/tt0110892/?ref_=sr_t_161,1994,1h 37m,PG,6.0,3.1K
162. Heavenly Creatures,https://www.imdb.com/title/tt0110005/?ref_=sr_t_162,1994,1h 39m,R,7.3,69K
163. Crumb,https://www.imdb.com/title/tt0109508/?ref_=sr_t_163,1994,1h 59m,R,8.0,22K
164. China Moon,https://www.imdb.com/title/tt0109417/?ref_=sr_t_164,1994,1h 39m,R,6.3,8.1K
165. The Hudsucker Proxy,https://www.imdb.com/title/tt0110074/?ref_=sr_t_165,1994,1h 51m,PG,7.2,87K
166. The Scout,https://www.imdb.com/title/tt0111094/?ref_=sr_t_166,1994,1h 41m,PG-13,5.4,7.1K
167. Go Fish,https://www.imdb.com/title/tt0109913/?ref_=sr_t_167,1994,1h 23m,R,5.7,2.4K
168. Backbeat,https://www.imdb.com/title/tt0106339/?ref_=sr_t_168,1994,1h 40m,R,6.6,6.7K
169. Double Dragon,https://www.imdb.com/title/tt0106761/?ref_=sr_t_169,1994,1h 36m,PG-13,3.9,14K
170. To Live,https://www.imdb.com/title/tt0110081/?ref_=sr_t_170,1994,2h 13m,Not Rated,8.3,21K
171. A Good Man in Africa,https://www.imdb.com/title/tt0109920/?ref_=sr_t_171,1994,1h 34m,R,5.0,2.8K
172. Burnt by the Sun,https://www.imdb.com/title/tt0111579/?ref_=sr_t_172,1994,2h 15m,R,7.8,17K
173. Leprechaun 2,https://www.imdb.com/title/tt0110329/?ref_=sr_t_173,1994,1h 25m,R,4.6,12K
174. The Endless Summer 2,https://www.imdb.com/title/tt0109729/?ref_=sr_t_174,1994,1h 49m,PG,7.6,2.3K
175. Mrs. Parker and the Vicious Circle,https://www.imdb.com/title/tt0110588/?ref_=sr_t_175,1994,2h 5m,R,6.4,5K
176. Shallow Grave,https://www.imdb.com/title/tt0111149/?ref_=sr_t_176,1994,1h 29m,R,7.2,68K
177. Vertical Reality,https://www.imdb.com/title/tt0111614/?ref_=sr_t_177,1994,1h 32m,,8.4,21
178. I Like It Like That,https://www.imdb.com/title/tt0110091/?ref_=sr_t_178,1994,1h 44m,R,6.7,1.9K
179. Vanya on 42nd Street,https://www.imdb.com/title/tt0111590/?ref_=sr_t_179,1994,1h 59m,PG,7.3,5.3K
180. Death Wish: The Face of Death,https://www.imdb.com/title/tt0109578/?ref_=sr_t_180,1994,1h 35m,R,4.9,9.2K
181. Safe Passage,https://www.imdb.com/title/tt0111054/?ref_=sr_t_181,1994,1h 38m,PG-13,6.3,1.4K
182. Once Were Warriors,https://www.imdb.com/title/tt0110729/?ref_=sr_t_182,1994,1h 42m,R,7.9,38K
183. Chasers,https://www.imdb.com/title/tt0109403/?ref_=sr_t_183,1994,1h 42m,R,5.2,7.4K
184. Farinelli,https://www.imdb.com/title/tt0109771/?ref_=sr_t_184,1994,1h 51m,R,6.8,7.5K
185. Being Human,https://www.imdb.com/title/tt0106379/?ref_=sr_t_185,1994,2h 2m,PG-13,5.3,4.3K
186. Spanking the Monkey,https://www.imdb.com/title/tt0111252/?ref_=sr_t_186,1994,1h 40m,Unrated,6.3,6.8K
187. Radioland Murders,https://www.imdb.com/title/tt0110939/?ref_=sr_t_187,1994,1h 48m,PG,6.1,4K
188. Queen Margot,https://www.imdb.com/title/tt0110963/?ref_=sr_t_188,1994,2h 41m,R,7.4,19K
189. Picture Bride,https://www.imdb.com/title/tt0114129/?ref_=sr_t_189,1994,1h 34m,PG-13,6.6,1.2K
"190. Car 54, Where Are You?",https://www.imdb.com/title/tt0109376/?ref_=sr_t_190,1994,1h 29m,PG-13,2.6,4.6K
191. Three Colors: White,https://www.imdb.com/title/tt0111507/?ref_=sr_t_191,1994,1h 32m,R,7.6,82K
192. A Million to Juan,https://www.imdb.com/title/tt0110518/?ref_=sr_t_192,1994,1h 37m,PG,5.7,948
193. Little Odessa,https://www.imdb.com/title/tt0110365/?ref_=sr_t_193,1994,1h 38m,R,6.7,9.4K
194. Cobb,https://www.imdb.com/title/tt0109450/?ref_=sr_t_194,1994,2h 8m,R,6.4,8.3K
195. A Man of No Importance,https://www.imdb.com/title/tt0110455/?ref_=sr_t_195,1994,1h 39m,R,6.7,1.2K
196. Wild Reeds,https://www.imdb.com/title/tt0111019/?ref_=sr_t_196,1994,1h 50m,Not Rated,7.3,6.9K
197. The Sum of Us,https://www.imdb.com/title/tt0111309/?ref_=sr_t_197,1994,1h 40m,R,7.3,6K
198. Before the Rain,https://www.imdb.com/title/tt0110882/?ref_=sr_t_198,1994,1h 53m,Not Rated,7.8,16K
199. Double Happiness,https://www.imdb.com/title/tt0109655/?ref_=sr_t_199,1994,1h 27m,PG-13,7.1,1.3K
200. Amateur,https://www.imdb.com/title/tt0109093/?ref_=sr_t_200,1994,1h 45m,R,6.8,7.2K
201. Drop Squad,https://www.imdb.com/title/tt0109675/?ref_=sr_t_201,1994,1h 26m,R,4.9,675
"202. Little Indian, Big City",https://www.imdb.com/title/tt0111543/?ref_=sr_t_202,1994,1h 30m,PG,5.7,4.8K
203. Holy Matrimony,https://www.imdb.com/title/tt0110044/?ref_=sr_t_203,1994,1h 33m,PG-13,5.1,1.7K
204. The Monster,https://www.imdb.com/title/tt0110570/?ref_=sr_t_204,1994,1h 52m,R,7.3,12K
205. Chungking Express,https://www.imdb.com/title/tt0109424/?ref_=sr_t_205,1994,1h 42m,PG-13,8.0,101K
206. Bar Girls,https://www.imdb.com/title/tt0109217/?ref_=sr_t_206,1994,1h 33m,R,5.0,604
207. Tom & Viv,https://www.imdb.com/title/tt0111454/?ref_=sr_t_207,1994,1h 55m,PG-13,6.2,1.9K
208. A Great Day in Harlem,https://www.imdb.com/title/tt0109934/?ref_=sr_t_208,1994,1h,Not Rated,7.4,503
209. Federal Hill,https://www.imdb.com/title/tt0109785/?ref_=sr_t_209,1994,1h 37m,R,6.3,502
210. The Browning Version,https://www.imdb.com/title/tt0109340/?ref_=sr_t_210,1994,1h 37m,R,7.2,3.7K
211. Maybe... Maybe Not,https://www.imdb.com/title/tt0109255/?ref_=sr_t_211,1994,1h 33m,R,6.5,6.5K
212. Colonel Chabert,https://www.imdb.com/title/tt0109454/?ref_=sr_t_212,1994,1h 50m,,6.9,2.1K
213. Nadja,https://www.imdb.com/title/tt0110620/?ref_=sr_t_213,1994,1h 33m,R,6.0,3.6K
214. Bandit Queen,https://www.imdb.com/title/tt0109206/?ref_=sr_t_214,1994,1h 59m,Not Rated,7.5,5.5K
215. Swimming with Sharks,https://www.imdb.com/title/tt0114594/?ref_=sr_t_215,1994,1h 33m,R,7.0,25K
216. Pom Poko,https://www.imdb.com/title/tt0110008/?ref_=sr_t_216,1994,1h 59m,PG,7.3,36K
217. Nostradamus,https://www.imdb.com/title/tt0110689/?ref_=sr_t_217,1994,1h 59m,R,5.8,3.2K
218. Trading Mom,https://www.imdb.com/title/tt0111470/?ref_=sr_t_218,1994,1h 22m,PG,5.4,2.3K
219. Rapa Nui,https://www.imdb.com/title/tt0110944/?ref_=sr_t_219,1994,1h 47m,R,6.4,5.5K
220. Bulletproof Heart,https://www.imdb.com/title/tt0110259/?ref_=sr_t_220,1994,1h 35m,R,5.9,792
221. That's Entertainment! III,https://www.imdb.com/title/tt0111408/?ref_=sr_t_221,1994,1h 53m,G,7.5,1.8K
222. Cemetery Man,https://www.imdb.com/title/tt0109592/?ref_=sr_t_222,1994,1h 43m,R,7.0,25K
223. The New Age,https://www.imdb.com/title/tt0110649/?ref_=sr_t_223,1994,1h 52m,R,5.7,1.3K
224. Sister My Sister,https://www.imdb.com/title/tt0111205/?ref_=sr_t_224,1994,1h 26m,R,6.5,3.8K
225. Sleep with Me,https://www.imdb.com/title/tt0111218/?ref_=sr_t_225,1994,1h 26m,R,5.7,2.9K
226. A Pure Formality,https://www.imdb.com/title/tt0110917/?ref_=sr_t_226,1994,1h 48m,PG-13,7.5,13K
227. Texas Chainsaw Massacre: The Next Generation,https://www.imdb.com/title/tt0110978/?ref_=sr_t_227,1994,1h 27m,R,3.4,27K
228. Ashes of Time,https://www.imdb.com/title/tt0109688/?ref_=sr_t_228,1994,1h 40m,R,7.0,17K
229. Sailor Moon S: The Movie - Hearts in Ice,https://www.imdb.com/title/tt0109277/?ref_=sr_t_229,1994,1h,TV-14,7.6,2.3K
230. Ladybird Ladybird,https://www.imdb.com/title/tt0110296/?ref_=sr_t_230,1994,1h 41m,R,7.4,3.9K
231. Paperback Romance,https://www.imdb.com/title/tt0110405/?ref_=sr_t_231,1994,1h 28m,R,6.1,419
232. Police Academy: Mission to Moscow,https://www.imdb.com/title/tt0110857/?ref_=sr_t_232,1994,1h 23m,PG,3.5,37K
233. Oleanna,https://www.imdb.com/title/tt0110722/?ref_=sr_t_233,1994,1h 29m,Not Rated,6.5,3.7K
234. There Goes My Baby,https://www.imdb.com/title/tt0108320/?ref_=sr_t_234,1994,1h 39m,R,6.3,1.2K
235. In Custody,https://www.imdb.com/title/tt0107199/?ref_=sr_t_235,1994,2h 6m,PG,7.1,406
236. Martha & Ethel,https://www.imdb.com/title/tt0110473/?ref_=sr_t_236,1994,1h 18m,G,7.2,68
237. Imaginary Crimes,https://www.imdb.com/title/tt0110115/?ref_=sr_t_237,1994,1h 47m,PG,6.4,1.7K
238. Second Best,https://www.imdb.com/title/tt0111102/?ref_=sr_t_238,1994,1h 45m,PG-13,6.8,2K
"239. The Beans of Egypt, Maine",https://www.imdb.com/title/tt0109226/?ref_=sr_t_239,1994,1h 39m,R,5.4,414
240. A Troll in Central Park,https://www.imdb.com/title/tt0108395/?ref_=sr_t_240,1994,1h 16m,G,5.3,7.5K
241. The Search for One-eye Jimmy,https://www.imdb.com/title/tt0117577/?ref_=sr_t_241,1994,1h 24m,R,6.0,1.9K
242. Freedom on My Mind,https://www.imdb.com/title/tt0109839/?ref_=sr_t_242,1994,1h 45m,,8.0,325
243. My Summer Story,https://www.imdb.com/title/tt0110168/?ref_=sr_t_243,1994,1h 25m,PG,5.6,1.9K
244. Dance Me Outside,https://www.imdb.com/title/tt0109529/?ref_=sr_t_244,1994,1h 24m,R,7.1,1.4K
245. S.F.W.,https://www.imdb.com/title/tt0111048/?ref_=sr_t_245,1994,1h 36m,R,5.7,5.5K
246. Maya Lin: A Strong Clear Vision,https://www.imdb.com/title/tt0110480/?ref_=sr_t_246,1994,1h 45m,,7.3,546
247. It's Pat: The Movie,https://www.imdb.com/title/tt0110169/?ref_=sr_t_247,1994,1h 17m,PG-13,2.8,11K
248. Frank & Jesse,https://www.imdb.com/title/tt0109835/?ref_=sr_t_248,1994,1h 45m,R,5.8,1.7K
249. Moving the Mountain,https://www.imdb.com/title/tt0110583/?ref_=sr_t_249,1994,1h 23m,,7.3,151
250. Loaded,https://www.imdb.com/title/tt0110374/?ref_=sr_t_250,1994,1h 36m,R,4.5,585
251. Brother Minister: The Assassination of Malcolm X,https://www.imdb.com/title/tt0109339/?ref_=sr_t_251,1994,1h 55m,Not Rated,7.5,105
252. Hell,https://www.imdb.com/title/tt0109731/?ref_=sr_t_252,1994,1h 42m,Not Rated,7.0,6.7K
253. Tsahal,https://www.imdb.com/title/tt0111510/?ref_=sr_t_253,1994,5h 16m,,6.8,118
254. Love and a .45,https://www.imdb.com/title/tt0110395/?ref_=sr_t_254,1994,1h 41m,R,6.0,5K
255. Cold Water,https://www.imdb.com/title/tt0109702/?ref_=sr_t_255,1994,1h 35m,Not Rated,7.0,2.3K
256. Heaven's a Drag,https://www.imdb.com/title/tt0111440/?ref_=sr_t_256,1994,1h 41m,Not Rated,5.6,481
257. Midnight Dancers,https://www.imdb.com/title/tt0111180/?ref_=sr_t_257,1994,1h 40m,Not Rated,5.5,314
258. Floundering,https://www.imdb.com/title/tt0109816/?ref_=sr_t_258,1994,1h 36m,R,5.8,1.4K
259. Of Love and Shadows,https://www.imdb.com/title/tt0110712/?ref_=sr_t_259,1994,1h 43m,R,4.9,2.5K
260. Somebody to Love,https://www.imdb.com/title/tt0111237/?ref_=sr_t_260,1994,1h 42m,R,5.5,817
261. Whore 2,https://www.imdb.com/title/tt0106923/?ref_=sr_t_261,1994,1h 25m,R,4.9,302
262. War of the Buttons,https://www.imdb.com/title/tt0111666/?ref_=sr_t_262,1994,1h 34m,PG,7.3,4.7K
263. Pontiac Moon,https://www.imdb.com/title/tt0110867/?ref_=sr_t_263,1994,1h 48m,PG-13,5.6,838
264. River of Grass,https://www.imdb.com/title/tt0110998/?ref_=sr_t_264,1994,1h 16m,Not Rated,6.5,2.5K
"265. Fast Trip, Long Drop",https://www.imdb.com/title/tt0109774/?ref_=sr_t_265,1994,54m,,6.9,38
266. Black Is... Black Ain't,https://www.imdb.com/title/tt0109285/?ref_=sr_t_266,1994,1h 27m,Not Rated,7.7,448
267. Alma's Rainbow,https://www.imdb.com/title/tt0109085/?ref_=sr_t_267,1994,1h 29m,,6.5,240
268. A Business Affair,https://www.imdb.com/title/tt0109352/?ref_=sr_t_268,1994,1h 38m,R,5.5,507
269. Shopping,https://www.imdb.com/title/tt0111173/?ref_=sr_t_269,1994,1h 27m,R,5.4,3.1K
270. Joan the Maid 1: The Battles,https://www.imdb.com/title/tt0107259/?ref_=sr_t_270,1994,2h 40m,PG,7.2,881
271. The Rook,https://www.imdb.com/title/tt0111013/?ref_=sr_t_271,1994,1h 25m,,4.9,38
272. The Voyeur,https://www.imdb.com/title/tt0111573/?ref_=sr_t_272,1994,1h 38m,Not Rated,5.5,4.1K
273. Save Me,https://www.imdb.com/title/tt0108045/?ref_=sr_t_273,1994,1h 33m,R,4.1,1.7K
274. The House of Pleasure,https://www.imdb.com/title/tt0107149/?ref_=sr_t_274,1994,1h 21m,,4.4,241
275. The NeverEnding Story III,https://www.imdb.com/title/tt0110647/?ref_=sr_t_275,1994,1h 35m,G,3.2,13K
276. Nightwatch,https://www.imdb.com/title/tt0110631/?ref_=sr_t_276,1994,1h 47m,R,7.2,19K
277. Satantango,https://www.imdb.com/title/tt0111341/?ref_=sr_t_277,1994,7h 19m,Not Rated,8.2,13K
278. Tammy and the T-Rex,https://www.imdb.com/title/tt0111361/?ref_=sr_t_278,1994,1h 22m,PG-13,5.3,6K
279. Dinosaur Island,https://www.imdb.com/title/tt0109627/?ref_=sr_t_279,1994,1h 25m,R,3.9,1.9K
280. The Fantastic Four,https://www.imdb.com/title/tt0109770/?ref_=sr_t_280,1994,1h 30m,PG,3.8,7.8K
281. The Lion King,https://www.imdb.com/title/tt33054514/?ref_=sr_t_281,1994,1h 29m,K-A,9.0,34
282. Street Fighter II: The Animated Movie,https://www.imdb.com/title/tt0114563/?ref_=sr_t_282,1994,1h 42m,PG-13,7.2,10K
283. Troublemakers,https://www.imdb.com/title/tt0109321/?ref_=sr_t_283,1994,1h 47m,PG,6.0,4.7K
284. Kyosei Waisetsu Shimai,https://www.imdb.com/title/tt2894330/?ref_=sr_t_284,1994,1h,,6.9,127
285. The Dallas Connection,https://www.imdb.com/title/tt0112782/?ref_=sr_t_285,1994,1h 34m,R,4.3,1.3K
286. Guyver: Dark Hero,https://www.imdb.com/title/tt0109965/?ref_=sr_t_286,1994,2h 7m,R,5.8,3.9K
287. Private Lessons: Another Story,https://www.imdb.com/title/tt0110896/?ref_=sr_t_287,1994,1h 26m,R,4.3,363
288. Night of the Demons 2,https://www.imdb.com/title/tt0110667/?ref_=sr_t_288,1994,1h 36m,R,5.9,6.8K
289. Royal Deceit,https://www.imdb.com/title/tt0110891/?ref_=sr_t_289,1994,1h 47m,R,5.4,2.5K
290. Woman of Desire,https://www.imdb.com/title/tt0108588/?ref_=sr_t_290,1994,1h 37m,R,4.1,772
291. Sicario,https://www.imdb.com/title/tt0111181/?ref_=sr_t_291,1994,1h 47m,R,6.2,502
292. Through the Olive Trees,https://www.imdb.com/title/tt0111845/?ref_=sr_t_292,1994,1h 43m,G,7.7,11K
293. The Stöned Age,https://www.imdb.com/title/tt0111293/?ref_=sr_t_293,1994,1h 30m,R,6.2,5.5K
294. Felidae,https://www.imdb.com/title/tt0109791/?ref_=sr_t_294,1994,1h 22m,TV-MA,7.0,5.2K
295. Fist of Legend,https://www.imdb.com/title/tt0110200/?ref_=sr_t_295,1994,1h 43m,R,7.5,26K
296. Uncovered,https://www.imdb.com/title/tt0111549/?ref_=sr_t_296,1994,1h 43m,R,5.7,2.8K
297. Men of War,https://www.imdb.com/title/tt0110490/?ref_=sr_t_297,1994,1h 42m,R,5.6,4.8K
298. Criminal Passion,https://www.imdb.com/title/tt0109503/?ref_=sr_t_298,1994,1h 36m,R,4.7,528
299. Raw Justice,https://www.imdb.com/title/tt0110948/?ref_=sr_t_299,1994,1h 32m,R,4.2,1.5K
300. Death Machine,https://www.imdb.com/title/tt0109575/?ref_=sr_t_300,1994,2h,R,5.6,5.1K
301. Midnight Tease,https://www.imdb.com/title/tt0110512/?ref_=sr_t_301,1994,1h 23m,,3.8,335
302. Lurking Fear,https://www.imdb.com/title/tt0110410/?ref_=sr_t_302,1994,1h 16m,R,4.5,1.9K
303. Twin Sitters,https://www.imdb.com/title/tt0122768/?ref_=sr_t_303,1994,1h 33m,PG-13,6.0,4.4K
304. From Beijing with Love,https://www.imdb.com/title/tt0109962/?ref_=sr_t_304,1994,1h 24m,Not Rated,7.1,8.1K
305. Lady in Waiting,https://www.imdb.com/title/tt0110295/?ref_=sr_t_305,1994,1h 24m,Unrated,4.2,423
306. Kickboxer 4: The Aggressor,https://www.imdb.com/title/tt0110255/?ref_=sr_t_306,1994,1h 30m,R,4.0,3.9K
307. Chinese Kamasutra,https://www.imdb.com/title/tt0106558/?ref_=sr_t_307,1994,1h 25m,,4.1,410
308. The Silence of the Hams,https://www.imdb.com/title/tt0111190/?ref_=sr_t_308,1994,1h 21m,R,4.6,6.1K
309. Illicit Dreams,https://www.imdb.com/title/tt0110108/?ref_=sr_t_309,1994,1h 33m,R,3.8,630
310. Pet Shop,https://www.imdb.com/title/tt0110818/?ref_=sr_t_310,1994,1h 27m,PG,4.3,546
311. The Smile,https://www.imdb.com/title/tt0111247/?ref_=sr_t_311,1994,1h 25m,,5.6,724
312. The Pamela Principle 2,https://www.imdb.com/title/tt0111113/?ref_=sr_t_312,1994,1h 37m,R,4.2,263
313. Return to Two Moon Junction,https://www.imdb.com/title/tt0110979/?ref_=sr_t_313,1995,1h 36m,R,3.9,730
314. Improper Conduct,https://www.imdb.com/title/tt0110118/?ref_=sr_t_314,1994,1h 33m,R,4.2,256
315. Andaz Apna Apna,https://www.imdb.com/title/tt0109117/?ref_=sr_t_315,1994,2h 40m,Not Rated,8.0,56K
316. Secret Games 3,https://www.imdb.com/title/tt0111104/?ref_=sr_t_316,1994,1h 27m,R,4.7,624
317. Vive L'Amour,https://www.imdb.com/title/tt0109066/?ref_=sr_t_317,1994,1h 58m,,7.3,5.1K
318. Kabhi Haan Kabhi Naa,https://www.imdb.com/title/tt0110222/?ref_=sr_t_318,1994,2h 38m,,7.6,20K
319. Oblivion,https://www.imdb.com/title/tt0110706/?ref_=sr_t_319,1994,1h 34m,PG-13,4.8,1.7K
320. Mosquito,https://www.imdb.com/title/tt0113858/?ref_=sr_t_320,1994,1h 32m,R,4.9,3K
321. The Other Man,https://www.imdb.com/title/tt0111138/?ref_=sr_t_321,1994,1h 36m,R,3.9,396
322. Hum Aapke Hain Koun..!,https://www.imdb.com/title/tt0110076/?ref_=sr_t_322,1994,3h 26m,TV-14,7.5,23K
323. Phantasm III: Lord of the Dead,https://www.imdb.com/title/tt0110823/?ref_=sr_t_323,1994,1h 31m,R,6.0,11K
324. Anjaam,https://www.imdb.com/title/tt0109134/?ref_=sr_t_324,1994,2h 50m,Not Rated,6.6,7.4K
325. Mammo,https://www.imdb.com/title/tt0110449/?ref_=sr_t_325,1994,2h 10m,Not Rated,7.8,552
326. Ernest Goes to School,https://www.imdb.com/title/tt0109739/?ref_=sr_t_326,1994,1h 29m,PG,4.6,3.1K
327. Godzilla vs. SpaceGodzilla,https://www.imdb.com/title/tt0109916/?ref_=sr_t_327,1994,1h 46m,Not Rated,5.8,5.9K
328. Object of Obsession,https://www.imdb.com/title/tt0114024/?ref_=sr_t_328,1994,1h 31m,R,4.4,253
329. Mesmer,https://www.imdb.com/title/tt0110496/?ref_=sr_t_329,1994,1h 47m,Not Rated,5.8,1.2K
330. The Watermill Princess,https://www.imdb.com/title/tt0110893/?ref_=sr_t_330,1994,1h 39m,,6.0,686
331. The Tit and the Moon,https://www.imdb.com/title/tt0111403/?ref_=sr_t_331,1994,1h 30m,R,6.3,3.5K
332. The Crew,https://www.imdb.com/title/tt0109498/?ref_=sr_t_332,1994,1h 35m,R,4.0,698
333. In the Heat of the Sun,https://www.imdb.com/title/tt0111786/?ref_=sr_t_333,1994,2h 14m,,8.1,5.8K
334. Ski School 2,https://www.imdb.com/title/tt0114465/?ref_=sr_t_334,1994,1h 32m,R,4.0,1.5K
335. Krummerne 3 - fars gode idé,https://www.imdb.com/title/tt0110284/?ref_=sr_t_335,1994,1h 30m,Not Rated,4.7,614
336. Angel 4: Undercover,https://www.imdb.com/title/tt0103690/?ref_=sr_t_336,1994,1h 34m,R,3.9,406
337. La vie sexuelle des Belges 1950-1978,https://www.imdb.com/title/tt0111622/?ref_=sr_t_337,1994,1h 25m,,5.7,668
338. 71 Fragments of a Chronology of Chance,https://www.imdb.com/title/tt0109020/?ref_=sr_t_338,1994,1h 40m,Not Rated,7.2,9.1K
339. Cyber Tracker,https://www.imdb.com/title/tt0109515/?ref_=sr_t_339,1994,1h 31m,R,3.7,1.6K
340. It's a Wonderful Life,https://www.imdb.com/title/tt0109524/?ref_=sr_t_340,1994,1h 34m,,6.3,305
341. 1942: A Love Story,https://www.imdb.com/title/tt0109010/?ref_=sr_t_341,1994,2h 37m,Not Rated,7.2,3.8K
342. Time Chasers,https://www.imdb.com/title/tt0145529/?ref_=sr_t_342,1994,1h 29m,PG-13,2.4,3.6K
343. Hail Caesar,https://www.imdb.com/title/tt0109969/?ref_=sr_t_343,1994,1h 40m,PG,3.2,1.4K
344. Class of 1999 II: The Substitute,https://www.imdb.com/title/tt0109442/?ref_=sr_t_344,1994,1h 27m,R,4.4,1.9K
345. Yrrol - En kolossalt genomtänkt film,https://www.imdb.com/title/tt0111807/?ref_=sr_t_345,1994,1h 28m,,6.8,4.4K
346. Captives,https://www.imdb.com/title/tt0109374/?ref_=sr_t_346,1994,1h 40m,R,6.2,2.6K
347. Lisbon Story,https://www.imdb.com/title/tt0110361/?ref_=sr_t_347,1994,1h 40m,PG,7.1,5.6K
348. Backstreet Justice,https://www.imdb.com/title/tt0109196/?ref_=sr_t_348,1994,1h 31m,R,4.5,387
349. When the Bough Breaks,https://www.imdb.com/title/tt0108555/?ref_=sr_t_349,1994,1h 45m,R,5.9,2.1K
350. Teresa's Tattoo,https://www.imdb.com/title/tt0111397/?ref_=sr_t_350,1994,1h 28m,R,4.5,554
351. Crackerjack,https://www.imdb.com/title/tt0109494/?ref_=sr_t_351,1994,1h 36m,R,4.6,917
352. Fear City: A Family-Style Comedy,https://www.imdb.com/title/tt0109440/?ref_=sr_t_352,1994,1h 40m,,7.5,11K
353. Hellbound,https://www.imdb.com/title/tt0107101/?ref_=sr_t_353,1994,1h 35m,R,4.8,4K
354. Dangerous Touch,https://www.imdb.com/title/tt0109534/?ref_=sr_t_354,1994,1h 41m,R,4.3,760
355. Dragon Ball Z: Broly - Second Coming,https://www.imdb.com/title/tt0142239/?ref_=sr_t_355,1994,48m,TV-PG,6.5,6.5K
356. Laadla,https://www.imdb.com/title/tt0187227/?ref_=sr_t_356,1994,2h 49m,,5.9,1.5K
357. Fatal Fury: The Motion Picture,https://www.imdb.com/title/tt0109872/?ref_=sr_t_357,1994,1h 40m,TV-PG,6.5,1.3K
358. Maries Lied,https://www.imdb.com/title/tt0110470/?ref_=sr_t_358,1994,1h 30m,,6.5,100
359. Mohra,https://www.imdb.com/title/tt0110546/?ref_=sr_t_359,1994,2h 57m,,7.0,8.9K
360. A Chinese Torture Chamber Story,https://www.imdb.com/title/tt0113757/?ref_=sr_t_360,1994,1h 33m,Unrated,5.9,1.6K
361. Genesis: The Creation and the Flood,https://www.imdb.com/title/tt0109884/?ref_=sr_t_361,1994,1h 31m,Not Rated,5.5,791
362. What Happened Was...,https://www.imdb.com/title/tt0111689/?ref_=sr_t_362,1994,1h 31m,R,7.2,2.4K
363. Faust,https://www.imdb.com/title/tt0109781/?ref_=sr_t_363,1994,1h 37m,,7.4,4.4K
364. Sensation,https://www.imdb.com/title/tt0111122/?ref_=sr_t_364,1994,1h 42m,R,5.1,803
365. The Story of Christmas,https://www.imdb.com/title/tt0249991/?ref_=sr_t_365,1994,47m,G,6.8,56
366. The Paperboy,https://www.imdb.com/title/tt0110770/?ref_=sr_t_366,1994,1h 34m,R,5.1,1.5K
367. Hail the Judge,https://www.imdb.com/title/tt0110201/?ref_=sr_t_367,1994,1h 46m,,7.5,4.9K
368. Saajan Ka Ghar,https://www.imdb.com/title/tt0173156/?ref_=sr_t_368,1994,2h 33m,,4.3,189
369. Love on Delivery,https://www.imdb.com/title/tt0110852/?ref_=sr_t_369,1994,1h 40m,TV-MA,6.9,3.9K
370. Shrunken Heads,https://www.imdb.com/title/tt0111175/?ref_=sr_t_370,1994,1h 26m,R,5.1,1.7K
371. Il labirinto dei sensi,https://www.imdb.com/title/tt0113590/?ref_=sr_t_371,1994,1h 26m,R,4.9,118
372. Daughter of Darkness 2,https://www.imdb.com/title/tt0110513/?ref_=sr_t_372,1994,1h 37m,,5.5,498
373. Vidheyan,https://www.imdb.com/title/tt0108490/?ref_=sr_t_373,1994,1h 52m,,8.2,1.6K
374. Vijaypath,https://www.imdb.com/title/tt0111625/?ref_=sr_t_374,1994,2h 43m,Not Rated,5.1,861
375. Movie Days,https://www.imdb.com/title/tt0109273/?ref_=sr_t_375,1994,1h 22m,,6.5,361
376. Night Fire,https://www.imdb.com/title/tt0110669/?ref_=sr_t_376,1994,1h 37m,R,4.1,566
377. Giorgino,https://www.imdb.com/title/tt0109900/?ref_=sr_t_377,1994,2h 57m,,7.3,1.1K
378. In the Heat of Passion II: Unfaithful,https://www.imdb.com/title/tt0109234/?ref_=sr_t_378,1994,1h 28m,R,4.6,291
379. Numbered Days,https://www.imdb.com/title/tt0109699/?ref_=sr_t_379,1994,1h 33m,,6.5,2.4K
380. Suhaag,https://www.imdb.com/title/tt0111308/?ref_=sr_t_380,1994,2h 25m,Not Rated,5.8,2.1K
381. Con gli occhi chiusi,https://www.imdb.com/title/tt0109466/?ref_=sr_t_381,1994,1h 53m,,5.6,168
382. Future Shock,https://www.imdb.com/title/tt0106983/?ref_=sr_t_382,1994,1h 38m,PG-13,4.2,559
383. Inner Sanctum II,https://www.imdb.com/title/tt0110138/?ref_=sr_t_383,1994,1h 22m,R,3.6,316
384. Aatish: Feel the Fire,https://www.imdb.com/title/tt0267246/?ref_=sr_t_384,1994,2h 35m,,5.9,927
385. Deep Down,https://www.imdb.com/title/tt0109588/?ref_=sr_t_385,1994,1h 25m,R,4.4,213
386. Wing Chun,https://www.imdb.com/title/tt0111800/?ref_=sr_t_386,1994,1h 36m,TV-14,6.9,3.6K
387. Machete II,https://www.imdb.com/title/tt0140345/?ref_=sr_t_387,1994,1h 47m,,7.2,27
388. Me and the Mob,https://www.imdb.com/title/tt0105815/?ref_=sr_t_388,1994,1h 27m,R,3.9,657
389. Yaar Gaddar,https://www.imdb.com/title/tt0111780/?ref_=sr_t_389,1994,2h 35m,,3.7,223
390. Jai Maa Vaishno Devi,https://www.imdb.com/title/tt3658908/?ref_=sr_t_390,1994,3h 15m,,8.1,133
391. Turkish Passion,https://www.imdb.com/title/tt0110785/?ref_=sr_t_391,1994,1h 52m,,5.3,1.2K
392. Hong Kong 97,https://www.imdb.com/title/tt0110052/?ref_=sr_t_392,1994,1h 31m,R,4.5,1.2K
393. Red Sun Rising,https://www.imdb.com/title/tt0107937/?ref_=sr_t_393,1994,1h 39m,R,5.3,725
394. Funny Man,https://www.imdb.com/title/tt0109858/?ref_=sr_t_394,1994,1h 33m,R,4.4,1.5K
395. Naaraaz,https://www.imdb.com/title/tt0113933/?ref_=sr_t_395,1994,2h 8m,Not Rated,4.7,192
396. Dragon Ball Z: Bio-Broly,https://www.imdb.com/title/tt0142234/?ref_=sr_t_396,1994,47m,TV-PG,5.8,6.1K
397. The Soft Kill,https://www.imdb.com/title/tt0111228/?ref_=sr_t_397,1994,1h 34m,R,4.6,309
398. Kenikmatan Tabu,https://www.imdb.com/title/tt1074976/?ref_=sr_t_398,1994,1h 35m,,6.1,29
399. Fleshtone,https://www.imdb.com/title/tt0109810/?ref_=sr_t_399,1994,1h 31m,R,4.6,350
400. Girls Unbutton,https://www.imdb.com/title/tt0109345/?ref_=sr_t_400,1994,1h 29m,,4.9,256
401. Nina Takes a Lover,https://www.imdb.com/title/tt0110671/?ref_=sr_t_401,1994,1h 38m,R,5.4,753
402. Dragonworld,https://www.imdb.com/title/tt0109661/?ref_=sr_t_402,1994,1h 26m,PG,5.4,703
403. Body Shot,https://www.imdb.com/title/tt0106451/?ref_=sr_t_403,1994,1h 38m,R,4.6,433
404. Desert Winds,https://www.imdb.com/title/tt0112849/?ref_=sr_t_404,1994,1h 37m,,5.5,178
405. The Road Killers,https://www.imdb.com/title/tt0110999/?ref_=sr_t_405,1994,1h 29m,R,5.1,1.8K
406. Heaven Sent,https://www.imdb.com/title/tt0145814/?ref_=sr_t_406,1994,1h 31m,PG,5.4,288
407. House of Angels: The Second Summer,https://www.imdb.com/title/tt0111862/?ref_=sr_t_407,1994,2h 17m,,5.4,2.4K
408. Back in Action,https://www.imdb.com/title/tt0109195/?ref_=sr_t_408,1994,1h 33m,R,5.4,847
409. Lost in Africa,https://www.imdb.com/title/tt0110386/?ref_=sr_t_409,1994,1h 40m,,5.2,271
410. Tina and the Professor,https://www.imdb.com/title/tt0128759/?ref_=sr_t_410,1994,1h 33m,Unrated,6.8,94
411. The Patriots,https://www.imdb.com/title/tt0110796/?ref_=sr_t_411,1994,2h 18m,TV-MA,7.3,1.6K
412. Purush,https://www.imdb.com/title/tt1065313/?ref_=sr_t_412,1994,,,6.5,31
413. Yvonne's Perfume,https://www.imdb.com/title/tt0110776/?ref_=sr_t_413,1994,1h 29m,,6.4,1.2K
414. The Return of the God of Gamblers,https://www.imdb.com/title/tt0109683/?ref_=sr_t_414,1994,2h 6m,,6.7,3K
415. Hard Vice,https://www.imdb.com/title/tt0109987/?ref_=sr_t_415,1994,1h 26m,R,3.8,329
416. Angel of Destruction,https://www.imdb.com/title/tt0109125/?ref_=sr_t_416,1994,1h 26m,R,5.2,454
417. Skins,https://www.imdb.com/title/tt0111212/?ref_=sr_t_417,1994,1h 26m,R,3.3,211
418. A Confucian Confusion,https://www.imdb.com/title/tt0109685/?ref_=sr_t_418,1994,2h 5m,,7.5,1.7K
419. Droh Kaal,https://www.imdb.com/title/tt0178392/?ref_=sr_t_419,1994,2h 42m,,7.9,486
420. Dark Future,https://www.imdb.com/title/tt0109545/?ref_=sr_t_420,1994,1h 28m,,2.5,316
421. Indecent Behavior II,https://www.imdb.com/title/tt0110134/?ref_=sr_t_421,1994,1h 29m,R,4.0,511
422. Kaadhalan,https://www.imdb.com/title/tt0097416/?ref_=sr_t_422,1994,2h 48m,Not Rated,7.1,2.2K
423. Drunken Master III,https://www.imdb.com/title/tt0109678/?ref_=sr_t_423,1994,1h 31m,,5.1,490
424. Love Is a Gun,https://www.imdb.com/title/tt0110392/?ref_=sr_t_424,1994,1h 45m,R,4.9,596
425. The Wizard of the Emerald City,https://www.imdb.com/title/tt0111641/?ref_=sr_t_425,1994,1h 3m,,5.0,84
426. Silk Degrees,https://www.imdb.com/title/tt0111191/?ref_=sr_t_426,1994,1h 21m,R,3.9,195
427. The New Legend of Shaolin,https://www.imdb.com/title/tt0110054/?ref_=sr_t_427,1994,1h 35m,R,6.3,6.2K
428. Red to Kill,https://www.imdb.com/title/tt0111037/?ref_=sr_t_428,1994,1h 31m,Not Rated,6.1,902
"429. Take Care of Your Scarf, Tatiana",https://www.imdb.com/title/tt0110832/?ref_=sr_t_429,1994,1h 2m,Not Rated,7.1,3.9K
430. Yeh Dillagi,https://www.imdb.com/title/tt0111793/?ref_=sr_t_430,1994,2h 35m,Not Rated,5.9,4.8K
431. Mr. Azaad,https://www.imdb.com/title/tt0110584/?ref_=sr_t_431,1994,2h 3m,Not Rated,3.9,137
432. Das Versprechen,https://www.imdb.com/title/tt0111613/?ref_=sr_t_432,1994,1h 55m,R,6.7,914
433. Zorn,https://www.imdb.com/title/tt0111848/?ref_=sr_t_433,1994,2h 6m,,5.7,340
434. Arende,https://www.imdb.com/title/tt2156657/?ref_=sr_t_434,1994,1h 41m,,7.9,22
435. Ice,https://www.imdb.com/title/tt0107182/?ref_=sr_t_435,1994,1h 31m,R,3.9,476
436. The Bodyguard from Beijing,https://www.imdb.com/title/tt0111835/?ref_=sr_t_436,1994,1h 32m,R,6.4,5.8K
437. Boy Meets Girl,https://www.imdb.com/title/tt0109324/?ref_=sr_t_437,1994,1h 33m,,4.8,763
438. Wallace & Gromit: The Aardman Collection,https://www.imdb.com/title/tt33088125/?ref_=sr_t_438,1994,,,9.3,11
"439. Class of Nuke 'Em High Part 3: The Good, the Bad and the Subhumanoid",https://www.imdb.com/title/tt0112685/?ref_=sr_t_439,1994,1h 42m,R,4.1,1.4K
440. A Dangerous Place,https://www.imdb.com/title/tt0107696/?ref_=sr_t_440,1994,1h 37m,R,5.3,561
441. Concealed Weapon,https://www.imdb.com/title/tt0106313/?ref_=sr_t_441,1994,1h 20m,R,3.7,206
442. Mario and the Magician,https://www.imdb.com/title/tt0110472/?ref_=sr_t_442,1994,2h 7m,,5.4,197
443. F.T.W.,https://www.imdb.com/title/tt0109765/?ref_=sr_t_443,1994,1h 40m,R,5.3,864
444. New York Nights,https://www.imdb.com/title/tt0110655/?ref_=sr_t_444,1994,1h 29m,R,3.2,135
445. Fun,https://www.imdb.com/title/tt0109855/?ref_=sr_t_445,1994,1h 45m,Unrated,6.8,1.3K
446. Zero Tolerance,https://www.imdb.com/title/tt0111825/?ref_=sr_t_446,1994,1h 28m,R,5.3,697
447. Angel Dust,https://www.imdb.com/title/tt0109733/?ref_=sr_t_447,1994,1h 56m,,6.7,1.4K
448. Dead On,https://www.imdb.com/title/tt0106681/?ref_=sr_t_448,1994,1h 27m,R,4.8,418
449. Criminal,https://www.imdb.com/title/tt0112738/?ref_=sr_t_449,1994,2h 3m,Not Rated,5.7,590
450. The Night and the Moment,https://www.imdb.com/title/tt0110665/?ref_=sr_t_450,1994,1h 30m,R,5.3,350
451. The Silences of the Palace,https://www.imdb.com/title/tt0111055/?ref_=sr_t_451,1994,1h 56m,,7.4,1.1K
452. Briganti: Amore e libertà,https://www.imdb.com/title/tt0160075/?ref_=sr_t_452,1994,1h 35m,,5.6,140
453. Jonathan degli orsi,https://www.imdb.com/title/tt0110207/?ref_=sr_t_453,1994,1h 28m,,6.2,445
454. Magalir Mattum,https://www.imdb.com/title/tt0264820/?ref_=sr_t_454,1994,2h 12m,,7.4,639
455. In the Middle of Nowhere,https://www.imdb.com/title/tt0110659/?ref_=sr_t_455,1994,1h 40m,,7.5,1.2K
456. Across the Moon,https://www.imdb.com/title/tt0109042/?ref_=sr_t_456,1994,1h 28m,R,4.8,336
457. Dark Tide,https://www.imdb.com/title/tt0106665/?ref_=sr_t_457,1994,1h 34m,R,4.6,451
458. S.P.Q.R. 2000 e 1/2 anni fa,https://www.imdb.com/title/tt0111049/?ref_=sr_t_458,1994,1h 35m,,3.7,1.7K
459. Doraemon: Nobita's Three Visionary Swordsmen,https://www.imdb.com/title/tt1147524/?ref_=sr_t_459,1994,1h 38m,,7.3,935
460. Sukrutham,https://www.imdb.com/title/tt0246959/?ref_=sr_t_460,1994,2h 28m,Not Rated,7.7,235
461. The Liars' Club,https://www.imdb.com/title/tt0107401/?ref_=sr_t_461,1994,1h 35m,R,5.6,508
462. Block C,https://www.imdb.com/title/tt0109357/?ref_=sr_t_462,1994,1h 32m,,6.1,3.6K
463. Lipstiek Dipstiek,https://www.imdb.com/title/tt0405107/?ref_=sr_t_463,1994,1h 36m,,6.6,131
464. Lamerica,https://www.imdb.com/title/tt0110299/?ref_=sr_t_464,1994,1h 56m,,7.4,2.4K
465. Krantiveer,https://www.imdb.com/title/tt0110280/?ref_=sr_t_465,1994,2h 27m,Not Rated,7.4,2.5K
466. A.P.E.X.,https://www.imdb.com/title/tt0109144/?ref_=sr_t_466,1994,1h 38m,R,4.4,1.2K
467. Asterix in America,https://www.imdb.com/title/tt0109162/?ref_=sr_t_467,1994,1h 25m,Not Rated,5.9,8.6K
468. Revenge of the Musketeers,https://www.imdb.com/title/tt0109798/?ref_=sr_t_468,1994,2h 5m,R,5.8,3.6K
469. Getting Any?,https://www.imdb.com/title/tt0110524/?ref_=sr_t_469,1994,1h 48m,,6.1,3.3K
470. Nastya,https://www.imdb.com/title/tt0107658/?ref_=sr_t_470,1994,1h 29m,,6.9,607
471. Caged Heat II: Stripped of Freedom,https://www.imdb.com/title/tt0109364/?ref_=sr_t_471,1994,1h 12m,R,3.7,457
472. Beanstalk,https://www.imdb.com/title/tt0109227/?ref_=sr_t_472,1994,1h 18m,PG,4.8,430
473. Getting In,https://www.imdb.com/title/tt0109893/?ref_=sr_t_473,1994,1h 34m,R,5.2,597
474. See How They Fall,https://www.imdb.com/title/tt0110958/?ref_=sr_t_474,1994,1h 30m,,6.5,1.4K
475. The High Crusade,https://www.imdb.com/title/tt0110024/?ref_=sr_t_475,1994,1h 40m,,5.2,663
476. Vukovar Poste Restante,https://www.imdb.com/title/tt0111646/?ref_=sr_t_476,1994,1h 36m,Unrated,7.1,896
477. Anth,https://www.imdb.com/title/tt0135140/?ref_=sr_t_477,1994,2h 16m,Not Rated,5.0,194
478. Mirror Mirror 2: Raven Dance,https://www.imdb.com/title/tt0110530/?ref_=sr_t_478,1994,1h 31m,Not Rated,3.7,587
479. The Young Man,https://www.imdb.com/title/tt0239505/?ref_=sr_t_479,1994,1h 56m,,6.2,59
480. Tryst,https://www.imdb.com/title/tt0111506/?ref_=sr_t_480,1994,1h 41m,R,4.2,263
481. Windrunner,https://www.imdb.com/title/tt0114948/?ref_=sr_t_481,1994,1h 38m,PG,6.2,267
482. Shatter Dead,https://www.imdb.com/title/tt0111159/?ref_=sr_t_482,1994,1h 24m,Unrated,4.2,775
483. A New Love in Tokyo,https://www.imdb.com/title/tt0109059/?ref_=sr_t_483,1994,1h 55m,,6.3,592
484. A doua cadere a Constantinopolului,https://www.imdb.com/title/tt0127271/?ref_=sr_t_484,1994,1h 27m,,4.5,229
485. Temptation,https://www.imdb.com/title/tt0111391/?ref_=sr_t_485,1994,1h 31m,R,4.6,289
486. The Crazysitter,https://www.imdb.com/title/tt0111525/?ref_=sr_t_486,1994,1h 32m,PG-13,4.9,391
"487. Married People, Single Sex",https://www.imdb.com/title/tt0107522/?ref_=sr_t_487,1994,1h 30m,R,3.7,246
488. Bad Blood,https://www.imdb.com/title/tt0108495/?ref_=sr_t_488,1994,1h 30m,R,4.6,600
489. L.A. Wars,https://www.imdb.com/title/tt0185408/?ref_=sr_t_489,1994,1h 32m,R,5.6,411
490. Mod Fuck Explosion,https://www.imdb.com/title/tt0107587/?ref_=sr_t_490,1994,1h 7m,Unrated,6.3,556
491. The Cecilia Masagca Story: Antipolo Massacre (Jesus Save Us!),https://www.imdb.com/title/tt0402094/?ref_=sr_t_491,1994,1h 50m,,7.4,31
492. Mutant Species,https://www.imdb.com/title/tt0113881/?ref_=sr_t_492,1994,1h 40m,R,3.5,443
493. Vildbassen,https://www.imdb.com/title/tt0111626/?ref_=sr_t_493,1994,1h 25m,,5.1,314
494. The Teddy Bear,https://www.imdb.com/title/tt0110744/?ref_=sr_t_494,1994,1h 45m,,5.1,358
495. The Gods Must Be Funny in China,https://www.imdb.com/title/tt0109788/?ref_=sr_t_495,1994,1h 25m,,3.8,462
496. Lust,https://www.imdb.com/title/tt0110411/?ref_=sr_t_496,1994,1h 40m,,2.3,131
497. Rakhwale,https://www.imdb.com/title/tt2579176/?ref_=sr_t_497,1994,2h 15m,,3.4,30
498. Venus in Furs,https://www.imdb.com/title/tt0111602/?ref_=sr_t_498,1994,1h 10m,Unrated,5.1,506
499. Voll normaaal,https://www.imdb.com/title/tt0111640/?ref_=sr_t_499,1994,1h 31m,,5.4,3.7K
500. Mahakaal,https://www.imdb.com/title/tt0260155/?ref_=sr_t_500,1994,2h 12m,Not Rated,4.8,455
