Title,Movie Link,Year,Duration,MPA,Rating,Votes
1. Rain Man,https://www.imdb.com/title/tt0095953/?ref_=sr_t_1,1988,2h 13m,R,8.0,557K
2. Who Framed Roger Rabbit,https://www.imdb.com/title/tt0096438/?ref_=sr_t_2,1988,1h 44m,PG,7.7,223K
3. Coming to America,https://www.imdb.com/title/tt0094898/?ref_=sr_t_3,1988,1h 57m,R,7.1,230K
4. Big,https://www.imdb.com/title/tt0094737/?ref_=sr_t_4,1988,1h 44m,PG,7.3,247K
5. Twins,https://www.imdb.com/title/tt0096320/?ref_=sr_t_5,1988,1h 47m,PG,6.2,141K
6. Crocodile Dundee II,https://www.imdb.com/title/tt0092493/?ref_=sr_t_6,1988,1h 51m,PG,5.7,62K
7. Die Hard,https://www.imdb.com/title/tt0095016/?ref_=sr_t_7,1988,2h 12m,R,8.2,977K
8. The Naked Gun: From the Files of Police Squad!,https://www.imdb.com/title/tt0095705/?ref_=sr_t_8,1988,1h 25m,PG-13,7.6,191K
9. Cocktail,https://www.imdb.com/title/tt0094889/?ref_=sr_t_9,1988,1h 44m,R,5.9,94K
10. Beetlejuice,https://www.imdb.com/title/tt0094721/?ref_=sr_t_10,1988,1h 32m,PG,7.5,396K
11. Oliver & Company,https://www.imdb.com/title/tt0095776/?ref_=sr_t_11,1988,1h 14m,G,6.6,54K
12. Working Girl,https://www.imdb.com/title/tt0096463/?ref_=sr_t_12,1988,1h 53m,R,6.8,64K
13. A Fish Called Wanda,https://www.imdb.com/title/tt0095159/?ref_=sr_t_13,1988,1h 48m,R,7.5,157K
14. Scrooged,https://www.imdb.com/title/tt0096061/?ref_=sr_t_14,1988,1h 41m,PG-13,6.9,122K
15. Willow,https://www.imdb.com/title/tt0096446/?ref_=sr_t_15,1988,2h 6m,PG,7.2,132K
16. Beaches,https://www.imdb.com/title/tt0094715/?ref_=sr_t_16,1988,2h 3m,PG-13,7.0,30K
17. Rambo III,https://www.imdb.com/title/tt0095956/?ref_=sr_t_17,1988,1h 42m,R,5.8,143K
18. Bull Durham,https://www.imdb.com/title/tt0094812/?ref_=sr_t_18,1988,1h 48m,R,7.0,61K
19. A Nightmare on Elm Street 4: The Dream Master,https://www.imdb.com/title/tt0095742/?ref_=sr_t_19,1988,1h 33m,R,5.6,64K
20. The Land Before Time,https://www.imdb.com/title/tt0095489/?ref_=sr_t_20,1988,1h 9m,G,7.4,102K
21. Colors,https://www.imdb.com/title/tt0094894/?ref_=sr_t_21,1988,2h,R,6.7,31K
22. Young Guns,https://www.imdb.com/title/tt0096487/?ref_=sr_t_22,1988,1h 47m,R,6.8,70K
23. Biloxi Blues,https://www.imdb.com/title/tt0094746/?ref_=sr_t_23,1988,1h 46m,PG-13,6.7,17K
24. Dirty Rotten Scoundrels,https://www.imdb.com/title/tt0095031/?ref_=sr_t_24,1988,1h 50m,PG,7.4,81K
25. The Great Outdoors,https://www.imdb.com/title/tt0095253/?ref_=sr_t_25,1988,1h 31m,PG,6.6,53K
26. Tequila Sunrise,https://www.imdb.com/title/tt0096244/?ref_=sr_t_26,1988,1h 55m,R,6.0,35K
27. Big Business,https://www.imdb.com/title/tt0094739/?ref_=sr_t_27,1988,1h 37m,PG,6.4,16K
28. Midnight Run,https://www.imdb.com/title/tt0095631/?ref_=sr_t_28,1988,2h 6m,R,7.5,98K
29. The Dead Pool,https://www.imdb.com/title/tt0094963/?ref_=sr_t_29,1988,1h 31m,R,6.3,50K
30. Red Heat,https://www.imdb.com/title/tt0095963/?ref_=sr_t_30,1988,1h 44m,R,6.1,78K
31. Dangerous Liaisons,https://www.imdb.com/title/tt0094947/?ref_=sr_t_31,1988,1h 59m,R,7.5,77K
32. Mississippi Burning,https://www.imdb.com/title/tt0095647/?ref_=sr_t_32,1988,2h 8m,R,7.8,115K
33. Child's Play,https://www.imdb.com/title/tt0094862/?ref_=sr_t_33,1988,1h 27m,R,6.7,123K
34. The Accidental Tourist,https://www.imdb.com/title/tt0094606/?ref_=sr_t_34,1988,2h 1m,PG,6.7,18K
35. The Accused,https://www.imdb.com/title/tt0094608/?ref_=sr_t_35,1988,1h 51m,R,7.1,41K
36. The Bear,https://www.imdb.com/title/tt0095800/?ref_=sr_t_36,1988,1h 36m,PG,7.7,19K
37. Shoot to Kill,https://www.imdb.com/title/tt0096098/?ref_=sr_t_37,1988,1h 50m,R,6.8,15K
38. Ernest Saves Christmas,https://www.imdb.com/title/tt0095107/?ref_=sr_t_38,1988,1h 31m,PG,5.7,14K
39. Betrayed,https://www.imdb.com/title/tt0094731/?ref_=sr_t_39,1988,2h 7m,R,6.3,7.3K
40. Funny Farm,https://www.imdb.com/title/tt0095188/?ref_=sr_t_40,1988,1h 41m,PG,6.2,26K
41. Alien Nation,https://www.imdb.com/title/tt0094631/?ref_=sr_t_41,1988,1h 31m,R,6.3,17K
42. Gorillas in the Mist,https://www.imdb.com/title/tt0095243/?ref_=sr_t_42,1988,2h 9m,PG-13,7.0,30K
43. License to Drive,https://www.imdb.com/title/tt0095519/?ref_=sr_t_43,1988,1h 28m,PG-13,6.3,23K
44. Short Circuit 2,https://www.imdb.com/title/tt0096101/?ref_=sr_t_44,1988,1h 50m,PG,5.7,27K
45. Married to the Mob,https://www.imdb.com/title/tt0095593/?ref_=sr_t_45,1988,1h 44m,R,6.2,20K
46. Punchline,https://www.imdb.com/title/tt0095927/?ref_=sr_t_46,1988,2h 8m,R,5.9,9.4K
47. The Presidio,https://www.imdb.com/title/tt0095897/?ref_=sr_t_47,1988,1h 37m,R,6.0,20K
48. Action Jackson,https://www.imdb.com/title/tt0094612/?ref_=sr_t_48,1988,1h 36m,R,5.6,13K
49. Tucker: The Man and His Dream,https://www.imdb.com/title/tt0096316/?ref_=sr_t_49,1988,1h 50m,PG,6.9,23K
50. The Serpent and the Rainbow,https://www.imdb.com/title/tt0096071/?ref_=sr_t_50,1988,1h 38m,R,6.4,28K
51. Police Academy 5: Assignment: Miami Beach,https://www.imdb.com/title/tt0095882/?ref_=sr_t_51,1988,1h 30m,PG,4.6,39K
52. Friday the 13th: The New Blood,https://www.imdb.com/title/tt0095179/?ref_=sr_t_52,1988,1h 28m,R,5.2,44K
53. Cocoon: The Return,https://www.imdb.com/title/tt0094890/?ref_=sr_t_53,1988,1h 56m,PG,5.4,18K
54. The Seventh Sign,https://www.imdb.com/title/tt0096073/?ref_=sr_t_54,1988,1h 37m,R,5.8,16K
55. Above the Law,https://www.imdb.com/title/tt0094602/?ref_=sr_t_55,1988,1h 39m,R,6.0,36K
56. Halloween 4: The Return of Michael Myers,https://www.imdb.com/title/tt0095271/?ref_=sr_t_56,1988,1h 28m,R,5.8,61K
57. Frantic,https://www.imdb.com/title/tt0095174/?ref_=sr_t_57,1988,2h,R,6.8,59K
58. Johnny Be Good,https://www.imdb.com/title/tt0095409/?ref_=sr_t_58,1988,1h 31m,R,4.6,7.6K
59. For Keeps?,https://www.imdb.com/title/tt0095169/?ref_=sr_t_59,1988,1h 30m,PG-13,5.9,5.3K
60. Crossing Delancey,https://www.imdb.com/title/tt0094921/?ref_=sr_t_60,1988,1h 37m,PG,6.9,5.2K
"61. Bright Lights, Big City",https://www.imdb.com/title/tt0094799/?ref_=sr_t_61,1988,1h 47m,R,5.7,9.2K
62. She's Having a Baby,https://www.imdb.com/title/tt0096094/?ref_=sr_t_62,1988,1h 46m,PG-13,6.0,14K
63. Masquerade,https://www.imdb.com/title/tt0095599/?ref_=sr_t_63,1988,1h 31m,R,6.1,4.7K
64. Big Top Pee-wee,https://www.imdb.com/title/tt0094744/?ref_=sr_t_64,1988,1h 26m,PG,5.1,10K
65. Arthur 2: On the Rocks,https://www.imdb.com/title/tt0094678/?ref_=sr_t_65,1988,1h 53m,PG,4.7,6.9K
66. School Daze,https://www.imdb.com/title/tt0096054/?ref_=sr_t_66,1988,2h 1m,R,6.1,8.3K
67. Poltergeist III,https://www.imdb.com/title/tt0095889/?ref_=sr_t_67,1988,1h 38m,PG-13,4.7,21K
68. Stand and Deliver,https://www.imdb.com/title/tt0094027/?ref_=sr_t_68,1988,1h 43m,PG,7.3,23K
69. My Stepmother Is an Alien,https://www.imdb.com/title/tt0095687/?ref_=sr_t_69,1988,1h 45m,PG-13,5.4,28K
70. The Milagro Beanfield War,https://www.imdb.com/title/tt0095638/?ref_=sr_t_70,1988,1h 57m,R,6.8,7K
71. Return to Snowy River,https://www.imdb.com/title/tt0095993/?ref_=sr_t_71,1988,1h 39m,PG,6.6,2.9K
72. Vice Versa,https://www.imdb.com/title/tt0096380/?ref_=sr_t_72,1988,1h 38m,PG,5.9,11K
73. They Live,https://www.imdb.com/title/tt0096256/?ref_=sr_t_73,1988,1h 34m,R,7.2,152K
74. I'm Gonna Git You Sucka,https://www.imdb.com/title/tt0095348/?ref_=sr_t_74,1988,1h 28m,R,6.6,15K
75. Mystic Pizza,https://www.imdb.com/title/tt0095690/?ref_=sr_t_75,1988,1h 44m,R,6.3,34K
76. D.O.A.,https://www.imdb.com/title/tt0094933/?ref_=sr_t_76,1988,1h 36m,R,6.1,11K
77. Everybody's All-American,https://www.imdb.com/title/tt0095119/?ref_=sr_t_77,1988,2h 7m,R,6.2,3.5K
78. Cinema Paradiso,https://www.imdb.com/title/tt0095765/?ref_=sr_t_78,1988,2h 54m,PG,8.5,295K
79. Casual Sex?,https://www.imdb.com/title/tt0094846/?ref_=sr_t_79,1988,1h 37m,R,5.1,4.4K
80. Hellbound: Hellraiser II,https://www.imdb.com/title/tt0095294/?ref_=sr_t_80,1988,1h 37m,R,6.4,58K
81. Bloodsport,https://www.imdb.com/title/tt0092675/?ref_=sr_t_81,1988,1h 32m,R,6.8,97K
82. Caddyshack II,https://www.imdb.com/title/tt0094824/?ref_=sr_t_82,1988,1h 38m,PG,3.8,17K
83. Young Einstein,https://www.imdb.com/title/tt0096486/?ref_=sr_t_83,1988,1h 31m,PG,5.2,9.4K
84. Moon Over Parador,https://www.imdb.com/title/tt0095654/?ref_=sr_t_84,1988,1h 43m,PG-13,6.0,6.9K
85. The Couch Trip,https://www.imdb.com/title/tt0094910/?ref_=sr_t_85,1988,1h 37m,R,5.8,5.7K
86. Moving,https://www.imdb.com/title/tt0095662/?ref_=sr_t_86,1988,1h 29m,R,6.1,6.5K
87. Iron Eagle II,https://www.imdb.com/title/tt0095382/?ref_=sr_t_87,1988,1h 45m,PG,3.9,5.6K
88. Shakedown,https://www.imdb.com/title/tt0096087/?ref_=sr_t_88,1988,1h 37m,R,6.0,4.1K
89. The Unbearable Lightness of Being,https://www.imdb.com/title/tt0096332/?ref_=sr_t_89,1988,2h 51m,R,7.2,39K
90. Criminal Law,https://www.imdb.com/title/tt0097125/?ref_=sr_t_90,1988,1h 57m,R,5.7,4.8K
91. Bad Dreams,https://www.imdb.com/title/tt0094701/?ref_=sr_t_91,1988,1h 24m,R,5.6,4.5K
92. Return of the Living Dead II,https://www.imdb.com/title/tt0095990/?ref_=sr_t_92,1988,1h 29m,R,5.7,22K
93. Switching Channels,https://www.imdb.com/title/tt0096203/?ref_=sr_t_93,1988,1h 45m,PG,5.9,4.3K
94. Salsa,https://www.imdb.com/title/tt0096030/?ref_=sr_t_94,1988,1h 37m,PG,4.8,1.3K
95. Clean and Sober,https://www.imdb.com/title/tt0094884/?ref_=sr_t_95,1988,2h 4m,R,6.7,7.5K
96. U2: Rattle and Hum,https://www.imdb.com/title/tt0096328/?ref_=sr_t_96,1988,1h 39m,PG-13,7.6,6.3K
97. High Spirits,https://www.imdb.com/title/tt0095304/?ref_=sr_t_97,1988,1h 39m,PG-13,5.8,11K
98. Without a Clue,https://www.imdb.com/title/tt0096454/?ref_=sr_t_98,1988,1h 47m,PG,6.9,11K
99. The Last Temptation of Christ,https://www.imdb.com/title/tt0095497/?ref_=sr_t_99,1988,2h 44m,R,7.5,65K
100. Satisfaction,https://www.imdb.com/title/tt0096037/?ref_=sr_t_100,1988,1h 32m,PG-13,4.9,3.9K
101. The Blob,https://www.imdb.com/title/tt0094761/?ref_=sr_t_101,1988,1h 35m,R,6.7,46K
102. The Adventures of Baron Munchausen,https://www.imdb.com/title/tt0096764/?ref_=sr_t_102,1988,2h 6m,PG,7.1,58K
103. Dead Ringers,https://www.imdb.com/title/tt0094964/?ref_=sr_t_103,1988,1h 56m,R,7.2,55K
104. A New Life,https://www.imdb.com/title/tt0095726/?ref_=sr_t_104,1988,1h 44m,PG-13,5.7,648
105. Stealing Home,https://www.imdb.com/title/tt0096171/?ref_=sr_t_105,1988,1h 38m,PG-13,6.6,5.1K
106. Phantasm II,https://www.imdb.com/title/tt0095863/?ref_=sr_t_106,1988,1h 37m,R,6.4,17K
107. Women on the Verge of a Nervous Breakdown,https://www.imdb.com/title/tt0095675/?ref_=sr_t_107,1988,1h 28m,R,7.5,48K
108. Off Limits,https://www.imdb.com/title/tt0095774/?ref_=sr_t_108,1988,1h 42m,R,6.2,3.6K
109. Shag,https://www.imdb.com/title/tt0098300/?ref_=sr_t_109,1988,1h 38m,PG,6.4,5K
110. A Cry in the Dark,https://www.imdb.com/title/tt0094924/?ref_=sr_t_110,1988,2h,PG-13,6.9,12K
111. Hairspray,https://www.imdb.com/title/tt0095270/?ref_=sr_t_111,1988,1h 32m,PG,7.0,24K
112. Fresh Horses,https://www.imdb.com/title/tt0095178/?ref_=sr_t_112,1988,1h 45m,PG-13,5.0,2.3K
113. Hot to Trot,https://www.imdb.com/title/tt0095326/?ref_=sr_t_113,1988,1h 23m,PG,4.5,3.7K
114. Mac and Me,https://www.imdb.com/title/tt0095560/?ref_=sr_t_114,1988,1h 39m,PG,3.4,15K
115. The Unholy,https://www.imdb.com/title/tt0096340/?ref_=sr_t_115,1988,1h 42m,R,5.0,2.1K
116. A Night in the Life of Jimmy Reardon,https://www.imdb.com/title/tt0095736/?ref_=sr_t_116,1988,1h 30m,R,5.5,3.2K
117. Braddock: Missing in Action III,https://www.imdb.com/title/tt0094792/?ref_=sr_t_117,1988,1h 43m,R,4.9,7.5K
118. 1969,https://www.imdb.com/title/tt0094594/?ref_=sr_t_118,1988,1h 35m,R,5.7,4.1K
119. The Rescue,https://www.imdb.com/title/tt0095981/?ref_=sr_t_119,1988,1h 37m,PG,5.5,1.4K
120. Eight Men Out,https://www.imdb.com/title/tt0095082/?ref_=sr_t_120,1988,1h 59m,PG,7.2,23K
121. Elvira: Mistress of the Dark,https://www.imdb.com/title/tt0095088/?ref_=sr_t_121,1988,1h 36m,PG-13,6.6,22K
122. Heartbreak Hotel,https://www.imdb.com/title/tt0095288/?ref_=sr_t_122,1988,1h 37m,PG-13,5.7,1.6K
123. Monkey Shines,https://www.imdb.com/title/tt0095652/?ref_=sr_t_123,1988,1h 53m,R,6.2,13K
124. Hero and the Terror,https://www.imdb.com/title/tt0095296/?ref_=sr_t_124,1988,1h 36m,R,5.2,4.6K
125. Clara's Heart,https://www.imdb.com/title/tt0094882/?ref_=sr_t_125,1988,1h 48m,PG-13,6.1,2.6K
126. Torch Song Trilogy,https://www.imdb.com/title/tt0096289/?ref_=sr_t_126,1988,2h,R,7.8,8.1K
127. The Good Mother,https://www.imdb.com/title/tt0095238/?ref_=sr_t_127,1988,1h 43m,R,5.7,1.8K
128. Sunset,https://www.imdb.com/title/tt0096193/?ref_=sr_t_128,1988,1h 42m,R,5.7,4.7K
129. Pumpkinhead,https://www.imdb.com/title/tt0095925/?ref_=sr_t_129,1988,1h 26m,R,6.2,29K
130. Red Scorpion,https://www.imdb.com/title/tt0098180/?ref_=sr_t_130,1988,1h 45m,R,5.2,10K
131. Bat*21,https://www.imdb.com/title/tt0094712/?ref_=sr_t_131,1988,1h 45m,R,6.5,9.8K
132. Memories of Me,https://www.imdb.com/title/tt0095613/?ref_=sr_t_132,1988,1h 45m,PG-13,5.7,1.3K
133. Earth Girls Are Easy,https://www.imdb.com/title/tt0097257/?ref_=sr_t_133,1988,1h 40m,PG,5.5,26K
134. Feds,https://www.imdb.com/title/tt0095145/?ref_=sr_t_134,1988,1h 22m,PG-13,5.5,3.6K
135. Critters 2: The Main Course,https://www.imdb.com/title/tt0094919/?ref_=sr_t_135,1988,1h 26m,PG-13,5.6,17K
136. Sweet Hearts Dance,https://www.imdb.com/title/tt0096200/?ref_=sr_t_136,1988,1h 41m,R,5.7,1K
137. Imagine: John Lennon,https://www.imdb.com/title/tt0095360/?ref_=sr_t_137,1988,1h 40m,R,7.8,5.3K
138. Dead Heat,https://www.imdb.com/title/tt0094961/?ref_=sr_t_138,1988,1h 24m,R,6.1,9.6K
139. Tougher Than Leather,https://www.imdb.com/title/tt0096291/?ref_=sr_t_139,1988,1h 27m,R,4.8,388
140. The Big Blue,https://www.imdb.com/title/tt0095250/?ref_=sr_t_140,1988,2h 48m,PG,7.5,56K
141. The New Adventures of Pippi Longstocking,https://www.imdb.com/title/tt0093744/?ref_=sr_t_141,1988,1h 40m,G,5.9,4.7K
142. Madame Sousatzka,https://www.imdb.com/title/tt0095564/?ref_=sr_t_142,1988,2h 2m,PG-13,6.6,1.7K
143. Things Change,https://www.imdb.com/title/tt0096259/?ref_=sr_t_143,1988,1h 40m,PG,7.0,4.2K
144. Talk Radio,https://www.imdb.com/title/tt0096219/?ref_=sr_t_144,1988,1h 50m,R,7.2,15K
145. Camille Claudel,https://www.imdb.com/title/tt0094828/?ref_=sr_t_145,1988,2h 55m,R,7.3,7.6K
146. Night of the Demons,https://www.imdb.com/title/tt0093624/?ref_=sr_t_146,1988,1h 30m,R,6.1,20K
147. Dominick and Eugene,https://www.imdb.com/title/tt0095050/?ref_=sr_t_147,1988,1h 51m,PG-13,7.0,3.3K
148. Messenger of Death,https://www.imdb.com/title/tt0095626/?ref_=sr_t_148,1988,1h 31m,R,5.4,3.5K
149. Fright Night Part 2,https://www.imdb.com/title/tt0097390/?ref_=sr_t_149,1988,1h 44m,R,5.9,15K
150. 976-EVIL,https://www.imdb.com/title/tt0094597/?ref_=sr_t_150,1988,1h 32m,R,5.1,6.3K
151. Running on Empty,https://www.imdb.com/title/tt0096018/?ref_=sr_t_151,1988,1h 56m,PG-13,7.6,18K
152. 18 Again!,https://www.imdb.com/title/tt0094593/?ref_=sr_t_152,1988,1h 33m,PG,5.8,5.2K
153. Kansas,https://www.imdb.com/title/tt0095428/?ref_=sr_t_153,1988,1h 50m,R,5.5,1.4K
154. Chocolat,https://www.imdb.com/title/tt0094868/?ref_=sr_t_154,1988,1h 45m,PG-13,7.3,4.7K
155. A World Apart,https://www.imdb.com/title/tt0096464/?ref_=sr_t_155,1988,1h 53m,Approved,7.0,1.9K
156. My Neighbor Totoro,https://www.imdb.com/title/tt0096283/?ref_=sr_t_156,1988,1h 26m,G,8.1,398K
157. Bird,https://www.imdb.com/title/tt0094747/?ref_=sr_t_157,1988,2h 41m,R,7.1,14K
158. Salaam Bombay!,https://www.imdb.com/title/tt0096028/?ref_=sr_t_158,1988,1h 53m,Not Rated,7.9,10K
159. The Moderns,https://www.imdb.com/title/tt0095649/?ref_=sr_t_159,1988,2h 6m,R,6.6,2.1K
160. Cop,https://www.imdb.com/title/tt0092783/?ref_=sr_t_160,1988,1h 50m,R,6.4,6.6K
161. Permanent Record,https://www.imdb.com/title/tt0095853/?ref_=sr_t_161,1988,1h 31m,PG-13,6.4,2.4K
162. Vibes,https://www.imdb.com/title/tt0096378/?ref_=sr_t_162,1988,1h 39m,PG,5.7,5.4K
163. The Kiss,https://www.imdb.com/title/tt0095454/?ref_=sr_t_163,1988,1h 41m,R,5.4,2K
164. Stormy Monday,https://www.imdb.com/title/tt0096180/?ref_=sr_t_164,1988,1h 33m,R,6.2,4.6K
165. Little Nikita,https://www.imdb.com/title/tt0095532/?ref_=sr_t_165,1988,1h 38m,PG,5.9,6.2K
166. Lady in White,https://www.imdb.com/title/tt0095484/?ref_=sr_t_166,1988,1h 53m,PG-13,6.6,8.5K
167. Another Woman,https://www.imdb.com/title/tt0094663/?ref_=sr_t_167,1988,1h 21m,PG,7.2,15K
168. A Handful of Dust,https://www.imdb.com/title/tt0095274/?ref_=sr_t_168,1988,1h 58m,PG,6.6,2.4K
169. Two Moon Junction,https://www.imdb.com/title/tt0096324/?ref_=sr_t_169,1988,1h 44m,R,5.0,6.7K
170. Pascali's Island,https://www.imdb.com/title/tt0095827/?ref_=sr_t_170,1988,1h 44m,PG-13,6.7,1.6K
171. Platoon Leader,https://www.imdb.com/title/tt0095877/?ref_=sr_t_171,1988,1h 37m,R,5.3,2.3K
172. The Navigator: A Medieval Odyssey,https://www.imdb.com/title/tt0095709/?ref_=sr_t_172,1988,1h 32m,PG,6.6,4.1K
173. Midnight Crossing,https://www.imdb.com/title/tt0095629/?ref_=sr_t_173,1988,1h 44m,R,4.7,676
174. Apartment Zero,https://www.imdb.com/title/tt0094667/?ref_=sr_t_174,1988,2h 4m,R,6.8,4.3K
175. Little Vera,https://www.imdb.com/title/tt0095574/?ref_=sr_t_175,1988,1h 50m,Unrated,6.9,2.2K
176. Patty Hearst,https://www.imdb.com/title/tt0095836/?ref_=sr_t_176,1988,1h 48m,R,6.3,2.6K
177. Mr. North,https://www.imdb.com/title/tt0095665/?ref_=sr_t_177,1988,1h 33m,PG,5.9,1.7K
178. A Time of Destiny,https://www.imdb.com/title/tt0096271/?ref_=sr_t_178,1988,1h 58m,PG-13,5.1,449
179. The Thin Blue Line,https://www.imdb.com/title/tt0096257/?ref_=sr_t_179,1988,1h 41m,Not Rated,7.9,27K
180. High Hopes,https://www.imdb.com/title/tt0095302/?ref_=sr_t_180,1988,1h 48m,PG,7.4,6K
181. The Lair of the White Worm,https://www.imdb.com/title/tt0095488/?ref_=sr_t_181,1988,1h 33m,R,6.0,16K
182. The Wrong Guys,https://www.imdb.com/title/tt0096466/?ref_=sr_t_182,1988,1h 26m,PG,5.1,1K
183. Miracle Mile,https://www.imdb.com/title/tt0097889/?ref_=sr_t_183,1988,1h 27m,R,7.0,13K
184. Heathers,https://www.imdb.com/title/tt0097493/?ref_=sr_t_184,1988,1h 43m,R,7.1,121K
185. The Music Teacher,https://www.imdb.com/title/tt0095606/?ref_=sr_t_185,1988,1h 35m,PG,7.3,1.1K
186. The Little Thief,https://www.imdb.com/title/tt0098087/?ref_=sr_t_186,1988,1h 49m,R,6.8,2.4K
187. Appointment with Death,https://www.imdb.com/title/tt0094669/?ref_=sr_t_187,1988,1h 42m,PG,6.1,6.7K
188. Watchers,https://www.imdb.com/title/tt0096425/?ref_=sr_t_188,1988,1h 31m,R,5.4,4.9K
189. Waxwork,https://www.imdb.com/title/tt0096426/?ref_=sr_t_189,1988,1h 35m,R,6.1,15K
190. The Boost,https://www.imdb.com/title/tt0094783/?ref_=sr_t_190,1988,1h 35m,R,6.0,2.5K
191. The Girl in a Swing,https://www.imdb.com/title/tt0097435/?ref_=sr_t_191,1988,1h 59m,R,5.3,863
192. Vampire's Kiss,https://www.imdb.com/title/tt0098577/?ref_=sr_t_192,1988,1h 43m,R,6.1,23K
193. And God Created Woman,https://www.imdb.com/title/tt0092559/?ref_=sr_t_193,1988,1h 38m,R,4.4,2.2K
194. The Reader,https://www.imdb.com/title/tt0095511/?ref_=sr_t_194,1988,1h 38m,R,7.0,1.8K
195. Split Decisions,https://www.imdb.com/title/tt0096161/?ref_=sr_t_195,1988,1h 35m,R,5.2,1.2K
"196. Distant Voices, Still Lives",https://www.imdb.com/title/tt0095037/?ref_=sr_t_196,1988,1h 24m,PG-13,7.4,5.4K
197. Maniac Cop,https://www.imdb.com/title/tt0095583/?ref_=sr_t_197,1988,1h 25m,R,6.0,21K
198. Spellbinder,https://www.imdb.com/title/tt0096152/?ref_=sr_t_198,1988,1h 39m,R,5.8,3K
199. War Party,https://www.imdb.com/title/tt0098619/?ref_=sr_t_199,1988,1h 37m,R,6.3,743
200. Da,https://www.imdb.com/title/tt0094934/?ref_=sr_t_200,1988,1h 42m,PG,6.5,530
201. Spike of Bensonhurst,https://www.imdb.com/title/tt0096156/?ref_=sr_t_201,1988,1h 40m,R,6.0,479
202. Powaqqatsi,https://www.imdb.com/title/tt0095895/?ref_=sr_t_202,1988,1h 39m,G,7.2,9.1K
203. Pound Puppies and the Legend of Big Paw,https://www.imdb.com/title/tt0095894/?ref_=sr_t_203,1988,1h 16m,G,4.8,705
204. Akira,https://www.imdb.com/title/tt0094625/?ref_=sr_t_204,1988,2h 4m,R,8.0,212K
205. Buster,https://www.imdb.com/title/tt0094819/?ref_=sr_t_205,1988,1h 42m,R,5.9,4.5K
"206. Thelonious Monk: Straight, No Chaser",https://www.imdb.com/title/tt0098465/?ref_=sr_t_206,1988,1h 30m,PG-13,7.5,1.3K
207. Grave of the Fireflies,https://www.imdb.com/title/tt0095327/?ref_=sr_t_207,1988,1h 28m,Not Rated,8.5,335K
208. The House on Carroll Street,https://www.imdb.com/title/tt0095333/?ref_=sr_t_208,1988,1h 41m,PG,6.1,2.9K
209. Full Moon in Blue Water,https://www.imdb.com/title/tt0095186/?ref_=sr_t_209,1988,1h 35m,R,5.6,902
210. Track 29,https://www.imdb.com/title/tt0096294/?ref_=sr_t_210,1988,1h 30m,R,5.8,2.6K
211. Drowning by Numbers,https://www.imdb.com/title/tt0092929/?ref_=sr_t_211,1988,1h 58m,R,7.1,11K
212. Tiger Warsaw,https://www.imdb.com/title/tt0096267/?ref_=sr_t_212,1988,1h 33m,R,4.7,1.1K
213. Aloha Summer,https://www.imdb.com/title/tt0094637/?ref_=sr_t_213,1988,1h 38m,PG,5.7,306
214. Some Girls,https://www.imdb.com/title/tt0098356/?ref_=sr_t_214,1988,1h 34m,R,5.7,4K
215. Space Mutiny,https://www.imdb.com/title/tt0096149/?ref_=sr_t_215,1988,1h 31m,Not Rated,2.1,7.5K
216. The Decline of Western Civilization Part II: The Metal Years,https://www.imdb.com/title/tt0094980/?ref_=sr_t_216,1988,1h 33m,R,7.2,4.5K
217. The Deceivers,https://www.imdb.com/title/tt0094979/?ref_=sr_t_217,1988,1h 42m,PG-13,5.9,1.3K
218. It Takes Two,https://www.imdb.com/title/tt0095384/?ref_=sr_t_218,1988,1h 21m,PG-13,5.4,958
219. Tapeheads,https://www.imdb.com/title/tt0096223/?ref_=sr_t_219,1988,1h 33m,R,5.7,4.4K
220. Crusoe,https://www.imdb.com/title/tt0094923/?ref_=sr_t_220,1988,1h 31m,PG-13,6.1,1.2K
221. The Chocolate War,https://www.imdb.com/title/tt0094869/?ref_=sr_t_221,1988,1h 44m,R,6.6,2.5K
222. Plain Clothes,https://www.imdb.com/title/tt0095875/?ref_=sr_t_222,1988,1h 38m,PG,6.2,1.1K
223. Powwow Highway,https://www.imdb.com/title/tt0098112/?ref_=sr_t_223,1988,1h 31m,R,7.2,2K
224. Illegally Yours,https://www.imdb.com/title/tt0095357/?ref_=sr_t_224,1988,1h 42m,PG,4.3,1.3K
225. Call Me,https://www.imdb.com/title/tt0094827/?ref_=sr_t_225,1988,1h 36m,R,5.3,1.1K
226. Paperhouse,https://www.imdb.com/title/tt0098061/?ref_=sr_t_226,1988,1h 32m,PG-13,6.6,6.4K
227. Judgment in Berlin,https://www.imdb.com/title/tt0095415/?ref_=sr_t_227,1988,1h 36m,PG,5.8,914
228. Mondo New York,https://www.imdb.com/title/tt0093558/?ref_=sr_t_228,1988,1h 23m,Unrated,5.9,282
229. For Queen & Country,https://www.imdb.com/title/tt0097373/?ref_=sr_t_229,1988,1h 45m,R,5.6,2.7K
230. Miles from Home,https://www.imdb.com/title/tt0095640/?ref_=sr_t_230,1988,1h 48m,R,5.7,1.6K
231. Rocket Gibraltar,https://www.imdb.com/title/tt0096003/?ref_=sr_t_231,1988,1h 39m,PG,6.5,2.3K
232. Seven Hours to Judgment,https://www.imdb.com/title/tt0096072/?ref_=sr_t_232,1988,1h 30m,R,4.7,331
233. The Blue Iguana,https://www.imdb.com/title/tt0094768/?ref_=sr_t_233,1988,1h 30m,R,5.2,622
234. The Beast of War,https://www.imdb.com/title/tt0094716/?ref_=sr_t_234,1988,1h 51m,R,7.3,11K
235. Taffin,https://www.imdb.com/title/tt0096211/?ref_=sr_t_235,1988,1h 36m,R,5.6,2.2K
236. Distant Thunder,https://www.imdb.com/title/tt0095036/?ref_=sr_t_236,1988,1h 54m,R,5.7,863
237. Under the Boardwalk,https://www.imdb.com/title/tt0098557/?ref_=sr_t_237,1988,1h 43m,R,5.4,478
238. Hanna's War,https://www.imdb.com/title/tt0095275/?ref_=sr_t_238,1988,2h 28m,PG-13,6.1,500
239. The in Crowd,https://www.imdb.com/title/tt0095362/?ref_=sr_t_239,1988,1h 35m,PG,6.3,1K
240. Consuming Passions,https://www.imdb.com/title/tt0094907/?ref_=sr_t_240,1988,1h 38m,R,5.5,592
241. The Telephone,https://www.imdb.com/title/tt0096241/?ref_=sr_t_241,1988,1h 36m,R,4.0,1.2K
242. Amsterdamned,https://www.imdb.com/title/tt0094651/?ref_=sr_t_242,1988,1h 54m,R,6.6,9.9K
243. Hanussen,https://www.imdb.com/title/tt0095276/?ref_=sr_t_243,1988,2h 20m,R,7.2,2K
244. Me and Him,https://www.imdb.com/title/tt0093240/?ref_=sr_t_244,1988,1h 33m,R,4.3,628
245. Ghost Town,https://www.imdb.com/title/tt0095215/?ref_=sr_t_245,1988,1h 25m,R,5.3,1.9K
246. Manifesto,https://www.imdb.com/title/tt0097826/?ref_=sr_t_246,1988,1h 36m,R,6.1,445
247. Cohen and Tate,https://www.imdb.com/title/tt0097074/?ref_=sr_t_247,1988,1h 26m,R,6.3,2.8K
248. Pulse,https://www.imdb.com/title/tt0095924/?ref_=sr_t_248,1988,1h 31m,PG-13,5.5,3K
249. Tokyo Pop,https://www.imdb.com/title/tt0096281/?ref_=sr_t_249,1988,1h 39m,R,6.8,481
250. Checking Out,https://www.imdb.com/title/tt0097052/?ref_=sr_t_250,1988,1h 36m,R,4.8,510
251. Doin' Time on Planet Earth,https://www.imdb.com/title/tt0095047/?ref_=sr_t_251,1988,1h 25m,PG,4.7,1.7K
252. Let's Get Lost,https://www.imdb.com/title/tt0095515/?ref_=sr_t_252,1988,2h,Not Rated,7.7,2.4K
253. Directed by Andrei Tarkovsky,https://www.imdb.com/title/tt0095967/?ref_=sr_t_253,1988,1h 42m,Not Rated,7.7,893
254. We Think the World of You,https://www.imdb.com/title/tt0096427/?ref_=sr_t_254,1988,1h 30m,PG,5.9,499
255. Puss in Boots,https://www.imdb.com/title/tt0177606/?ref_=sr_t_255,1988,1h 36m,G,6.1,819
256. Just Ask for Diamond,https://www.imdb.com/title/tt0095419/?ref_=sr_t_256,1988,1h 23m,PG,6.2,314
257. Haunted Summer,https://www.imdb.com/title/tt0095280/?ref_=sr_t_257,1988,1h 46m,R,5.8,605
258. As Tears Go By,https://www.imdb.com/title/tt0096461/?ref_=sr_t_258,1988,1h 42m,Not Rated,7.0,13K
259. Mapantsula,https://www.imdb.com/title/tt0095587/?ref_=sr_t_259,1988,1h 40m,Not Rated,6.8,231
260. Missing Link,https://www.imdb.com/title/tt0095646/?ref_=sr_t_260,1988,1h 31m,PG,6.0,447
261. The Prince of Pennsylvania,https://www.imdb.com/title/tt0095903/?ref_=sr_t_261,1988,1h 27m,R,5.6,1.5K
262. After School,https://www.imdb.com/title/tt0096770/?ref_=sr_t_262,1988,1h 29m,R,3.5,235
263. Cheap Shots,https://www.imdb.com/title/tt0103947/?ref_=sr_t_263,1988,1h 32m,PG-13,7.3,36
264. State Park,https://www.imdb.com/title/tt0100684/?ref_=sr_t_264,1988,1h 31m,R,4.6,577
265. On the Silver Globe,https://www.imdb.com/title/tt0093593/?ref_=sr_t_265,1988,2h 46m,Unrated,7.2,5K
266. The Vanishing,https://www.imdb.com/title/tt0096163/?ref_=sr_t_266,1988,1h 47m,Not Rated,7.7,48K
267. Nekromantik,https://www.imdb.com/title/tt0093608/?ref_=sr_t_267,1988,1h 11m,Not Rated,4.8,11K
268. Man Behind the Sun,https://www.imdb.com/title/tt0093170/?ref_=sr_t_268,1988,1h 45m,Not Rated,6.1,7.6K
269. Vampire in Venice,https://www.imdb.com/title/tt0091651/?ref_=sr_t_269,1988,1h 37m,TV-MA,5.1,1.7K
270. Killer Klowns from Outer Space,https://www.imdb.com/title/tt0095444/?ref_=sr_t_270,1988,1h 28m,PG-13,6.2,49K
271. Hell Comes to Frogtown,https://www.imdb.com/title/tt0093171/?ref_=sr_t_271,1988,1h 26m,R,5.5,7.7K
272. Moonwalker,https://www.imdb.com/title/tt0095655/?ref_=sr_t_272,1988,1h 33m,PG,6.1,19K
273. Phoenix the Warrior,https://www.imdb.com/title/tt0093731/?ref_=sr_t_273,1988,1h 29m,Not Rated,3.7,1.2K
274. Alice,https://www.imdb.com/title/tt0095715/?ref_=sr_t_274,1988,1h 26m,Not Rated,7.4,14K
275. Sorority Babes in the Slimeball Bowl-O-Rama,https://www.imdb.com/title/tt0096142/?ref_=sr_t_275,1988,1h 20m,R,4.9,5.2K
276. Sleepaway Camp II: Unhappy Campers,https://www.imdb.com/title/tt0096118/?ref_=sr_t_276,1988,1h 20m,R,5.5,14K
277. Slugs,https://www.imdb.com/title/tt0093995/?ref_=sr_t_277,1988,1h 29m,R,5.3,6.1K
278. Not of This Earth,https://www.imdb.com/title/tt0095756/?ref_=sr_t_278,1988,1h 21m,R,4.9,2.8K
279. Top Model,https://www.imdb.com/title/tt0094167/?ref_=sr_t_279,1988,1h 25m,R,4.5,695
280. Nightmare Sisters,https://www.imdb.com/title/tt0093628/?ref_=sr_t_280,1988,1h 23m,Unrated,5.0,2K
281. The Night Before,https://www.imdb.com/title/tt0095730/?ref_=sr_t_281,1988,1h 30m,PG-13,6.1,3.9K
282. Time of the Gypsies,https://www.imdb.com/title/tt0097223/?ref_=sr_t_282,1988,2h 22m,R,8.1,33K
283. A Short Film About Love,https://www.imdb.com/title/tt0095467/?ref_=sr_t_283,1988,1h 27m,Not Rated,8.1,27K
284. Death Spa,https://www.imdb.com/title/tt0099384/?ref_=sr_t_284,1988,1h 28m,R,5.2,3.9K
285. Moontrap,https://www.imdb.com/title/tt0097911/?ref_=sr_t_285,1988,1h 32m,R,4.8,3.9K
286. 36 fillette,https://www.imdb.com/title/tt0094596/?ref_=sr_t_286,1988,1h 28m,,6.0,1.5K
287. Brain Damage,https://www.imdb.com/title/tt0094793/?ref_=sr_t_287,1988,1h 24m,R,6.5,14K
288. Strul,https://www.imdb.com/title/tt0096184/?ref_=sr_t_288,1988,1h 41m,,5.9,2.9K
289. Landscape in the Mist,https://www.imdb.com/title/tt0096288/?ref_=sr_t_289,1988,2h 7m,TV-MA,7.9,10K
290. Spellcaster,https://www.imdb.com/title/tt0096153/?ref_=sr_t_290,1988,1h 23m,R,4.8,1.2K
291. Hobgoblins,https://www.imdb.com/title/tt0089280/?ref_=sr_t_291,1988,1h 28m,Not Rated,2.2,13K
292. The Brain,https://www.imdb.com/title/tt0094794/?ref_=sr_t_292,1988,1h 34m,R,5.2,3.8K
293. Black Eagle,https://www.imdb.com/title/tt0094750/?ref_=sr_t_293,1988,1h 33m,R,3.9,8.5K
294. Party Line,https://www.imdb.com/title/tt0095825/?ref_=sr_t_294,1988,1h 31m,R,4.7,749
295. Cheerleader Camp,https://www.imdb.com/title/tt0092744/?ref_=sr_t_295,1988,1h 29m,R,4.7,4.1K
296. The Siege of Firebase Gloria,https://www.imdb.com/title/tt0098328/?ref_=sr_t_296,1988,1h 37m,R,6.8,3.5K
297. Pin,https://www.imdb.com/title/tt0095871/?ref_=sr_t_297,1988,1h 43m,R,6.5,5.6K
298. Police Story 2,https://www.imdb.com/title/tt0095403/?ref_=sr_t_298,1988,1h 41m,PG-13,7.1,23K
299. Alien from L.A.,https://www.imdb.com/title/tt0092532/?ref_=sr_t_299,1988,1h 27m,PG,3.2,4.5K
300. A Short Film About Killing,https://www.imdb.com/title/tt0095468/?ref_=sr_t_300,1988,1h 24m,Not Rated,8.0,23K
301. Purple People Eater,https://www.imdb.com/title/tt0095930/?ref_=sr_t_301,1988,1h 30m,PG,4.6,1.2K
302. Perfect Victims,https://www.imdb.com/title/tt0095851/?ref_=sr_t_302,1988,1h 30m,R,4.3,182
303. Snack Bar Budapest,https://www.imdb.com/title/tt0096125/?ref_=sr_t_303,1988,1h 38m,,4.1,869
304. Emmanuelle 6,https://www.imdb.com/title/tt0095094/?ref_=sr_t_304,1988,1h 30m,R,3.2,985
305. Picasso Trigger,https://www.imdb.com/title/tt0095867/?ref_=sr_t_305,1988,1h 39m,R,4.5,1.8K
306. SOS,https://www.imdb.com/title/tt0096022/?ref_=sr_t_306,1988,1h 44m,,6.2,5.6K
307. Hollywood Chainsaw Hookers,https://www.imdb.com/title/tt0095312/?ref_=sr_t_307,1988,1h 15m,R,5.3,4.2K
308. Dragons Forever,https://www.imdb.com/title/tt0093015/?ref_=sr_t_308,1988,1h 42m,TV-14,7.1,9.7K
309. The Student,https://www.imdb.com/title/tt0096523/?ref_=sr_t_309,1988,1h 44m,Not Rated,5.8,2.4K
310. Out of the Dark,https://www.imdb.com/title/tt0095803/?ref_=sr_t_310,1988,1h 29m,R,5.4,1.6K
311. Story of Women,https://www.imdb.com/title/tt0096336/?ref_=sr_t_311,1988,1h 48m,TV-14,7.5,6K
312. Return of the Killer Tomatoes!,https://www.imdb.com/title/tt0095989/?ref_=sr_t_312,1988,1h 38m,PG,5.3,7.8K
313. Gor II,https://www.imdb.com/title/tt0098048/?ref_=sr_t_313,1988,1h 29m,PG-13,2.4,2.1K
314. Salome's Last Dance,https://www.imdb.com/title/tt0096029/?ref_=sr_t_314,1988,1h 29m,R,6.4,2K
315. Evil Dead Trap,https://www.imdb.com/title/tt0167147/?ref_=sr_t_315,1988,1h 42m,Unrated,6.2,4.1K
316. Grandmother's House,https://www.imdb.com/title/tt0097455/?ref_=sr_t_316,1988,1h 30m,R,5.1,2.4K
317. The Spider Labyrinth,https://www.imdb.com/title/tt0095728/?ref_=sr_t_317,1988,1h 27m,Unrated,6.3,1.1K
318. Primal Rage,https://www.imdb.com/title/tt0102709/?ref_=sr_t_318,1988,1h 31m,R,5.4,1.7K
319. The Dark Side of the Sun,https://www.imdb.com/title/tt0118930/?ref_=sr_t_319,1988,1h 41m,R,5.3,3.8K
320. Life Is a Long Quiet River,https://www.imdb.com/title/tt0096386/?ref_=sr_t_320,1988,1h 30m,Not Rated,6.8,4.8K
321. Tommy Tricker and the Stamp Traveller,https://www.imdb.com/title/tt0096282/?ref_=sr_t_321,1988,1h 45m,G,6.8,1.2K
322. Rabid Grannies,https://www.imdb.com/title/tt0098157/?ref_=sr_t_322,1988,1h 29m,R,4.9,2.3K
323. Paradiso infernale,https://www.imdb.com/title/tt0161849/?ref_=sr_t_323,1988,1h 30m,Not Rated,4.0,1K
324. Rat Man,https://www.imdb.com/title/tt0095942/?ref_=sr_t_324,1988,1h 22m,Not Rated,4.4,1.1K
325. Deathstalker and the Warriors from Hell,https://www.imdb.com/title/tt0097174/?ref_=sr_t_325,1988,1h 26m,R,2.8,2.4K
326. Faceless,https://www.imdb.com/title/tt0095125/?ref_=sr_t_326,1988,1h 38m,,5.8,1.9K
327. Ghosthouse,https://www.imdb.com/title/tt0093090/?ref_=sr_t_327,1988,1h 35m,Not Rated,4.8,3.1K
328. Robo Vampire,https://www.imdb.com/title/tt0121694/?ref_=sr_t_328,1988,1h 30m,Not Rated,3.4,1.6K
329. Heart of Midnight,https://www.imdb.com/title/tt0095286/?ref_=sr_t_329,1988,1h 33m,R,5.4,1.8K
330. Dirty Love,https://www.imdb.com/title/tt0097208/?ref_=sr_t_330,1988,1h 35m,R,4.4,223
331. Red Sorghum,https://www.imdb.com/title/tt0093206/?ref_=sr_t_331,1988,1h 31m,Not Rated,7.3,10K
332. Commuters,https://www.imdb.com/title/tt0324463/?ref_=sr_t_332,1988,1h 21m,,6.6,63
333. Homeboy,https://www.imdb.com/title/tt0095316/?ref_=sr_t_333,1988,1h 56m,R,5.8,2.9K
334. Zombie 3,https://www.imdb.com/title/tt0096511/?ref_=sr_t_334,1988,1h 24m,R,4.9,5.7K
335. Angel III: The Final Chapter,https://www.imdb.com/title/tt0094656/?ref_=sr_t_335,1988,1h 39m,R,4.9,968
336. The Unnamable,https://www.imdb.com/title/tt0096344/?ref_=sr_t_336,1988,1h 27m,R,4.8,3.3K
337. Dogra Magra,https://www.imdb.com/title/tt0223154/?ref_=sr_t_337,1988,1h 49m,,6.6,681
338. Ariel,https://www.imdb.com/title/tt0094675/?ref_=sr_t_338,1988,1h 12m,Not Rated,7.4,8.9K
339. Killing American Style,https://www.imdb.com/title/tt0293324/?ref_=sr_t_339,1988,1h 41m,TV-MA,4.1,765
340. The Rejuvenator,https://www.imdb.com/title/tt0095971/?ref_=sr_t_340,1988,1h 30m,R,5.4,766
341. Black Roses,https://www.imdb.com/title/tt0094752/?ref_=sr_t_341,1988,1h 30m,R,5.2,2.8K
342. Sweetwater,https://www.imdb.com/title/tt0096202/?ref_=sr_t_342,1988,1h 55m,,5.2,205
343. Edge of the Axe,https://www.imdb.com/title/tt0094627/?ref_=sr_t_343,1988,1h 31m,Not Rated,5.3,3.2K
344. Stars and Bars,https://www.imdb.com/title/tt0096166/?ref_=sr_t_344,1988,1h 34m,R,4.8,1.1K
345. A Summer Story,https://www.imdb.com/title/tt0096189/?ref_=sr_t_345,1988,1h 35m,PG-13,7.2,1.3K
346. Last Rites,https://www.imdb.com/title/tt0095496/?ref_=sr_t_346,1988,1h 43m,R,5.1,1.4K
347. Scarecrows,https://www.imdb.com/title/tt0096046/?ref_=sr_t_347,1988,1h 23m,R,5.3,5.9K
348. Jack's Back,https://www.imdb.com/title/tt0095389/?ref_=sr_t_348,1988,1h 37m,R,5.8,4.4K
349. Deep Space,https://www.imdb.com/title/tt0092863/?ref_=sr_t_349,1988,1h 30m,R,4.5,1.2K
350. Necromancer,https://www.imdb.com/title/tt0095716/?ref_=sr_t_350,1988,1h 28m,R,4.5,1.1K
351. Roselyne and the Lions,https://www.imdb.com/title/tt0098226/?ref_=sr_t_351,1988,2h 19m,Not Rated,6.1,542
352. Ashik Kerib,https://www.imdb.com/title/tt0094681/?ref_=sr_t_352,1988,1h 13m,,7.2,2.3K
353. The Sisterhood,https://www.imdb.com/title/tt0096114/?ref_=sr_t_353,1988,1h 15m,R,3.7,800
354. Damnation,https://www.imdb.com/title/tt0095475/?ref_=sr_t_354,1988,2h,,7.6,7K
355. Twice Dead,https://www.imdb.com/title/tt0096319/?ref_=sr_t_355,1988,1h 27m,R,5.3,1K
356. Grotesque,https://www.imdb.com/title/tt0095256/?ref_=sr_t_356,1988,1h 29m,R,4.4,1.4K
357. Dream Demon,https://www.imdb.com/title/tt0095063/?ref_=sr_t_357,1988,1h 29m,R,5.6,1.6K
358. Witchcraft,https://www.imdb.com/title/tt0245567/?ref_=sr_t_358,1988,1h 35m,R,3.4,890
359. Felix the Cat: The Movie,https://www.imdb.com/title/tt0259308/?ref_=sr_t_359,1988,1h 22m,G,4.6,1.6K
360. Ghosts... of the Civil Dead,https://www.imdb.com/title/tt0095217/?ref_=sr_t_360,1988,1h 33m,,6.8,2K
361. Deadbeat at Dawn,https://www.imdb.com/title/tt0099377/?ref_=sr_t_361,1988,1h 20m,Not Rated,6.5,2.8K
362. Purgatory,https://www.imdb.com/title/tt0095929/?ref_=sr_t_362,1988,1h 29m,R,3.9,395
363. Trapped Alive,https://www.imdb.com/title/tt0143952/?ref_=sr_t_363,1988,1h 32m,Not Rated,4.6,666
364. Blades,https://www.imdb.com/title/tt0096936/?ref_=sr_t_364,1988,1h 41m,R,5.1,1.3K
365. The 13th Floor,https://www.imdb.com/title/tt0094591/?ref_=sr_t_365,1988,1h 32m,R,4.4,672
366. Hellbent,https://www.imdb.com/title/tt0140137/?ref_=sr_t_366,1988,1h 28m,,4.7,279
367. Blue Movies,https://www.imdb.com/title/tt0094769/?ref_=sr_t_367,1988,1h 32m,R,4.2,212
368. Crime Zone,https://www.imdb.com/title/tt0094918/?ref_=sr_t_368,1988,1h 36m,R,4.5,813
369. Slime City,https://www.imdb.com/title/tt0234748/?ref_=sr_t_369,1988,1h 21m,Not Rated,5.2,1.4K
370. The Wizard of Speed and Time,https://www.imdb.com/title/tt0081766/?ref_=sr_t_370,1988,1h 35m,PG,7.0,2.2K
371. Jane B. for Agnes V.,https://www.imdb.com/title/tt0093295/?ref_=sr_t_371,1988,1h 39m,Not Rated,7.2,1.6K
372. Side Roads,https://www.imdb.com/title/tt0251997/?ref_=sr_t_372,1988,2h 24m,R,4.0,87
373. Shame,https://www.imdb.com/title/tt0093952/?ref_=sr_t_373,1988,1h 34m,R,6.9,778
374. Robowar,https://www.imdb.com/title/tt0096000/?ref_=sr_t_374,1988,1h 32m,TV-14,4.4,1.5K
375. You Can't Hurry Love,https://www.imdb.com/title/tt0096483/?ref_=sr_t_375,1988,1h 32m,R,4.7,606
376. Tabu,https://www.imdb.com/title/tt0096210/?ref_=sr_t_376,1988,1h 45m,,6.1,133
377. Mobile Suit Gundam: Char's Counterattack,https://www.imdb.com/title/tt0095262/?ref_=sr_t_377,1988,2h 4m,,7.3,2.2K
378. Zombie 5: Killing Birds,https://www.imdb.com/title/tt0156706/?ref_=sr_t_378,1988,1h 32m,Not Rated,3.6,2K
379. The Invisible Kid,https://www.imdb.com/title/tt0095381/?ref_=sr_t_379,1988,1h 35m,PG,4.8,662
380. Bloodstone,https://www.imdb.com/title/tt0094765/?ref_=sr_t_380,1988,1h 31m,PG-13,4.6,1.9K
381. The Visitors,https://www.imdb.com/title/tt0094730/?ref_=sr_t_381,1988,1h 49m,R,5.7,2.6K
382. Tropical Snow,https://www.imdb.com/title/tt0098521/?ref_=sr_t_382,1988,1h 27m,R,5.4,306
383. Pulse Pounders,https://www.imdb.com/title/tt0293905/?ref_=sr_t_383,1988,1h 17m,,6.3,297
384. Pero sigo siendo el rey,https://www.imdb.com/title/tt0223913/?ref_=sr_t_384,1988,1h 47m,TV-PG,6.0,28
385. Howl of the Devil,https://www.imdb.com/title/tt0092596/?ref_=sr_t_385,1988,1h 37m,Not Rated,5.4,409
386. King Size,https://www.imdb.com/title/tt0095452/?ref_=sr_t_386,1988,1h 45m,,7.3,3.5K
387. Doraemon: Nobita's Version of Saiyuki,https://www.imdb.com/title/tt1147525/?ref_=sr_t_387,1988,1h 30m,,6.9,514
388. Khoon Bhari Maang,https://www.imdb.com/title/tt0151206/?ref_=sr_t_388,1988,2h 52m,,6.6,1.3K
389. Tiger Cage,https://www.imdb.com/title/tt0096236/?ref_=sr_t_389,1988,1h 32m,TV-MA,6.8,1.3K
390. Iguana,https://www.imdb.com/title/tt0095354/?ref_=sr_t_390,1988,1h 28m,Not Rated,6.1,569
391. Prime Evil,https://www.imdb.com/title/tt0095900/?ref_=sr_t_391,1988,1h 27m,R,4.0,987
392. Compagni di scuola,https://www.imdb.com/title/tt0094901/?ref_=sr_t_392,1988,1h 55m,,7.2,2.9K
393. Dangerous Curves,https://www.imdb.com/title/tt0094946/?ref_=sr_t_393,1988,1h 33m,PG,3.8,580
394. Top Line,https://www.imdb.com/title/tt0096287/?ref_=sr_t_394,1988,1h 34m,,4.7,508
395. Dracula's Widow,https://www.imdb.com/title/tt0097230/?ref_=sr_t_395,1988,1h 26m,R,4.1,740
396. Lucky Stiff,https://www.imdb.com/title/tt0095556/?ref_=sr_t_396,1988,1h 22m,PG,4.7,493
397. The Little Devil,https://www.imdb.com/title/tt0095869/?ref_=sr_t_397,1988,1h 41m,,6.9,4.2K
398. Memorial Valley Massacre,https://www.imdb.com/title/tt0095611/?ref_=sr_t_398,1988,1h 33m,R,4.1,1.4K
399. Troma's War,https://www.imdb.com/title/tt0096310/?ref_=sr_t_399,1988,1h 31m,R,5.5,2.5K
400. Journey to the Center of the Earth,https://www.imdb.com/title/tt0097630/?ref_=sr_t_400,1988,1h 40m,PG,2.6,1.5K
401. Assault of the Killer Bimbos,https://www.imdb.com/title/tt0092587/?ref_=sr_t_401,1988,1h 25m,R,4.7,684
402. Los gatos de las azoteas,https://www.imdb.com/title/tt0377963/?ref_=sr_t_402,1988,1h 35m,,5.6,72
403. The Legend of the Holy Drinker,https://www.imdb.com/title/tt0095513/?ref_=sr_t_403,1988,2h 8m,Not Rated,7.1,2.3K
404. Stealing Heaven,https://www.imdb.com/title/tt0096170/?ref_=sr_t_404,1988,1h 48m,R,6.5,838
405. Kadinin Adi Yok,https://www.imdb.com/title/tt0756308/?ref_=sr_t_405,1988,1h 32m,,6.4,513
406. Twister's Revenge!,https://www.imdb.com/title/tt0133246/?ref_=sr_t_406,1988,1h 30m,Not Rated,2.8,476
407. Emerald City,https://www.imdb.com/title/tt0101808/?ref_=sr_t_407,1988,1h 32m,,5.3,701
408. Rowing with the Wind,https://www.imdb.com/title/tt0093840/?ref_=sr_t_408,1988,1h 45m,R,5.8,1.2K
409. Macho Dancer,https://www.imdb.com/title/tt0095562/?ref_=sr_t_409,1988,2h 16m,TV-MA,6.7,468
410. Transformations,https://www.imdb.com/title/tt0094632/?ref_=sr_t_410,1988,1h 24m,R,3.9,569
411. Destroyer,https://www.imdb.com/title/tt0095005/?ref_=sr_t_411,1988,1h 38m,R,4.8,1.1K
412. Burning Secret,https://www.imdb.com/title/tt0094816/?ref_=sr_t_412,1988,1h 46m,PG,6.5,530
413. Biwi Ho To Aisi,https://www.imdb.com/title/tt0168516/?ref_=sr_t_413,1988,2h 29m,,5.6,1K
414. Screwball Hotel,https://www.imdb.com/title/tt0096060/?ref_=sr_t_414,1988,1h 41m,R,3.6,362
415. Domino,https://www.imdb.com/title/tt0097224/?ref_=sr_t_415,1988,1h 37m,R,3.4,440
416. Blood Delirium,https://www.imdb.com/title/tt0094762/?ref_=sr_t_416,1988,1h 34m,,5.1,448
417. Kogel-mogel,https://www.imdb.com/title/tt0097676/?ref_=sr_t_417,1988,1h 45m,,6.7,2.1K
418. Beach Balls,https://www.imdb.com/title/tt0094714/?ref_=sr_t_418,1988,1h 17m,R,4.4,350
419. Too Beautiful to Die,https://www.imdb.com/title/tt0096144/?ref_=sr_t_419,1988,1h 40m,,5.3,714
420. Lemon Sky,https://www.imdb.com/title/tt0093403/?ref_=sr_t_420,1988,1h 46m,PG-13,6.3,351
421. Senior Week,https://www.imdb.com/title/tt0124869/?ref_=sr_t_421,1988,1h 38m,R,3.3,299
422. Top Squad,https://www.imdb.com/title/tt0094694/?ref_=sr_t_422,1988,1h 36m,,6.0,858
423. Reflections of Light,https://www.imdb.com/title/tt0143835/?ref_=sr_t_423,1988,1h 29m,Not Rated,4.2,164
424. Hide and Go Shriek,https://www.imdb.com/title/tt0095299/?ref_=sr_t_424,1988,1h 30m,R,5.2,2.1K
425. Paganini Horror,https://www.imdb.com/title/tt0095812/?ref_=sr_t_425,1988,1h 22m,,4.3,1.4K
426. Deadly Dreams,https://www.imdb.com/title/tt0094969/?ref_=sr_t_426,1988,1h 19m,R,4.8,540
427. Future Hunters,https://www.imdb.com/title/tt0097404/?ref_=sr_t_427,1988,1h 36m,R,4.3,539
428. The Girl Next Door,https://www.imdb.com/title/tt0235578/?ref_=sr_t_428,1988,1h 35m,,6.0,248
429. Daffy Duck's Quackbusters,https://www.imdb.com/title/tt0094939/?ref_=sr_t_429,1988,1h 12m,G,7.1,2.8K
430. Frankenstein General Hospital,https://www.imdb.com/title/tt0095173/?ref_=sr_t_430,1988,1h 30m,R,3.7,429
431. Intrépidos Punks,https://www.imdb.com/title/tt0236328/?ref_=sr_t_431,1988,1h 31m,,5.6,322
432. Tadpole and the Whale,https://www.imdb.com/title/tt0093117/?ref_=sr_t_432,1988,1h 31m,TV-G,6.2,451
433. Itinerary of a Spoiled Child,https://www.imdb.com/title/tt0095386/?ref_=sr_t_433,1988,2h 5m,,6.9,2.9K
434. Nightmare at Noon,https://www.imdb.com/title/tt0100261/?ref_=sr_t_434,1988,1h 36m,R,5.0,2.3K
435. Apprentice to Murder,https://www.imdb.com/title/tt0094671/?ref_=sr_t_435,1988,1h 37m,PG-13,5.0,812
436. Dayavan,https://www.imdb.com/title/tt0094958/?ref_=sr_t_436,1988,2h 53m,Not Rated,6.4,669
437. Ödipussi,https://www.imdb.com/title/tt0094407/?ref_=sr_t_437,1988,1h 28m,,7.4,4.4K
438. The Further Adventures of Tennessee Buck,https://www.imdb.com/title/tt0095189/?ref_=sr_t_438,1988,1h 28m,R,4.5,777
439. Hollow Gate,https://www.imdb.com/title/tt0150931/?ref_=sr_t_439,1988,1h 16m,Not Rated,3.3,462
440. Sathyaa,https://www.imdb.com/title/tt0320421/?ref_=sr_t_440,1988,2h 27m,,7.9,1.1K
441. Time of Violence,https://www.imdb.com/title/tt0096403/?ref_=sr_t_441,1988,4h 48m,R,9.0,2.5K
442. Hatya,https://www.imdb.com/title/tt0363666/?ref_=sr_t_442,1988,2h 31m,,6.9,514
443. The Possessed,https://www.imdb.com/title/tt0093765/?ref_=sr_t_443,1988,1h 56m,,6.2,688
444. Demonwarp,https://www.imdb.com/title/tt0094998/?ref_=sr_t_444,1988,1h 31m,R,4.7,791
445. The Dressmaker,https://www.imdb.com/title/tt0095066/?ref_=sr_t_445,1988,1h 32m,,6.2,285
446. The Witches' Sabbath,https://www.imdb.com/title/tt0096396/?ref_=sr_t_446,1988,1h 34m,,5.3,418
447. The American Scream,https://www.imdb.com/title/tt0094645/?ref_=sr_t_447,1988,1h 25m,,4.8,367
448. The Tunnel,https://www.imdb.com/title/tt0094201/?ref_=sr_t_448,1988,1h 47m,R,5.3,331
449. Yesterday,https://www.imdb.com/title/tt0170783/?ref_=sr_t_449,1988,1h 24m,,8.9,3.6K
450. Errore fatale,https://www.imdb.com/title/tt0099555/?ref_=sr_t_450,1988,1h 24m,R,4.5,102
451. Kung-Fu Master!,https://www.imdb.com/title/tt0093371/?ref_=sr_t_451,1988,1h 20m,R,6.9,2.3K
452. Glitch!,https://www.imdb.com/title/tt0095222/?ref_=sr_t_452,1988,1h 28m,R,3.6,1.5K
453. A Time to Remember,https://www.imdb.com/title/tt0088274/?ref_=sr_t_453,1988,1h 17m,G,4.5,160
454. Remote Control,https://www.imdb.com/title/tt0093843/?ref_=sr_t_454,1988,1h 28m,R,5.5,1.2K
455. Tiger on Beat,https://www.imdb.com/title/tt0095491/?ref_=sr_t_455,1988,1h 33m,TV-MA,6.9,2.1K
456. Summer Temptations,https://www.imdb.com/title/tt0095920/?ref_=sr_t_456,1988,1h 23m,R,4.7,228
457. The Infernal Rapist,https://www.imdb.com/title/tt0368410/?ref_=sr_t_457,1988,1h 23m,Not Rated,5.1,352
458. The Discarnates,https://www.imdb.com/title/tt0125217/?ref_=sr_t_458,1988,1h 48m,,7.1,559
459. Veerana,https://www.imdb.com/title/tt0260494/?ref_=sr_t_459,1988,2h 15m,Unrated,6.6,1.1K
460. Qayamat Se Qayamat Tak,https://www.imdb.com/title/tt0095936/?ref_=sr_t_460,1988,2h 42m,,7.4,11K
461. The Shadowed Mind,https://www.imdb.com/title/tt0096082/?ref_=sr_t_461,1988,1h 34m,NC-17,4.5,217
462. Bernadette,https://www.imdb.com/title/tt0092639/?ref_=sr_t_462,1988,1h 59m,PG,6.7,268
463. Straight for the Heart,https://www.imdb.com/title/tt0096516/?ref_=sr_t_463,1988,1h 32m,,6.8,262
464. Door,https://www.imdb.com/title/tt0223150/?ref_=sr_t_464,1988,1h 35m,,6.4,547
465. Dangerous Game,https://www.imdb.com/title/tt0101656/?ref_=sr_t_465,1988,1h 38m,R,5.1,444
466. Days of Eclipse,https://www.imdb.com/title/tt0095040/?ref_=sr_t_466,1988,2h 19m,,7.0,1.1K
467. Angel Guts 5: Red Vertigo,https://www.imdb.com/title/tt0224236/?ref_=sr_t_467,1988,1h 14m,,5.4,283
468. Hawks,https://www.imdb.com/title/tt0097487/?ref_=sr_t_468,1988,1h 47m,R,6.7,1.3K
469. Graverobbers,https://www.imdb.com/title/tt0099373/?ref_=sr_t_469,1988,1h 33m,Not Rated,4.7,427
470. A Few Days with Me,https://www.imdb.com/title/tt0095943/?ref_=sr_t_470,1988,2h 11m,PG-13,7.0,1.3K
471. Michael Jackson: Smooth Criminal (II),https://www.imdb.com/title/tt9106768/?ref_=sr_t_471,1988,48m,TV-PG,8.5,727
472. Blood Relations,https://www.imdb.com/title/tt0092672/?ref_=sr_t_472,1988,1h 30m,R,4.9,427
473. Pelli Chesi Choodu,https://www.imdb.com/title/tt0271710/?ref_=sr_t_473,1988,,,6.1,22
474. Traxx,https://www.imdb.com/title/tt0096302/?ref_=sr_t_474,1988,1h 24m,R,5.3,471
475. Ashi Hi Banwa Banwi,https://www.imdb.com/title/tt0267277/?ref_=sr_t_475,1988,2h 17m,,9.0,2.1K
476. The Sparrow's Fluttering,https://www.imdb.com/title/tt0095150/?ref_=sr_t_476,1988,1h 35m,,5.5,189
477. The Cellar,https://www.imdb.com/title/tt0099235/?ref_=sr_t_477,1988,1h 25m,PG-13,4.6,1K
478. The Jeweller's Shop,https://www.imdb.com/title/tt0094787/?ref_=sr_t_478,1988,1h 35m,,5.7,348
479. The Cat,https://www.imdb.com/title/tt0093336/?ref_=sr_t_479,1988,1h 58m,,7.1,1K
480. Fair Game,https://www.imdb.com/title/tt0095126/?ref_=sr_t_480,1988,1h 21m,R,4.9,632
481. Hamara Khandaan,https://www.imdb.com/title/tt0359374/?ref_=sr_t_481,1988,,,5.7,55
482. Flesh-Eating Mothers,https://www.imdb.com/title/tt0097364/?ref_=sr_t_482,1988,1h 29m,R,4.3,1.3K
483. Aadhya Paapam,https://www.imdb.com/title/tt0352132/?ref_=sr_t_483,1988,1h 27m,,6.8,10
484. Waaris,https://www.imdb.com/title/tt0367214/?ref_=sr_t_484,1988,2h 30m,Not Rated,6.8,194
485. Nightfall,https://www.imdb.com/title/tt0095738/?ref_=sr_t_485,1988,1h 23m,PG-13,2.7,792
486. Emma's Shadow,https://www.imdb.com/title/tt0096116/?ref_=sr_t_486,1988,1h 33m,Not Rated,6.8,348
487. Another Chance,https://www.imdb.com/title/tt0096824/?ref_=sr_t_487,1988,1h 39m,R,4.5,247
488. The Dawning,https://www.imdb.com/title/tt0094955/?ref_=sr_t_488,1988,1h 37m,PG,6.0,427
489. Never on Tuesday,https://www.imdb.com/title/tt0095722/?ref_=sr_t_489,1988,1h 30m,R,4.5,2.3K
490. Bye Bye Baby,https://www.imdb.com/title/tt0094820/?ref_=sr_t_490,1988,1h 25m,R,3.5,315
491. FleshEater,https://www.imdb.com/title/tt0109809/?ref_=sr_t_491,1988,1h 28m,R,4.9,2.1K
492. The Abomination,https://www.imdb.com/title/tt0090582/?ref_=sr_t_492,1988,1h 29m,,4.4,770
493. Bad Blood,https://www.imdb.com/title/tt0096876/?ref_=sr_t_493,1988,1h 44m,R,4.6,199
494. Shadows in the Storm,https://www.imdb.com/title/tt0096084/?ref_=sr_t_494,1988,1h 25m,R,3.9,264
495. Freeway,https://www.imdb.com/title/tt0095177/?ref_=sr_t_495,1988,1h 31m,R,5.1,588
496. The South,https://www.imdb.com/title/tt0094076/?ref_=sr_t_496,1988,2h 7m,R,7.3,1.1K
497. El cabaretero y sus golfas,https://www.imdb.com/title/tt0256664/?ref_=sr_t_497,1988,1h 25m,,4.9,12
498. BraveStarr: The Legend,https://www.imdb.com/title/tt0353261/?ref_=sr_t_498,1988,1h 31m,PG,6.8,1.3K
499. Fighting Madam 2,https://www.imdb.com/title/tt0098474/?ref_=sr_t_499,1988,1h 30m,,6.3,337
500. Saturday the 14th Strikes Back,https://www.imdb.com/title/tt0096039/?ref_=sr_t_500,1988,1h 18m,PG,3.1,737
