Title,Movie Link,Year,Duration,MPA,Rating,Votes
1. Ghostbusters,https://www.imdb.com/title/tt0087332/?ref_=sr_t_1,1984,1h 45m,PG,7.8,465K
2. Beverly Hills Cop,https://www.imdb.com/title/tt0086960/?ref_=sr_t_2,1984,1h 45m,R,7.4,221K
3. Indiana Jones and the Temple of Doom,https://www.imdb.com/title/tt0087469/?ref_=sr_t_3,1984,1h 58m,PG,7.5,546K
4. Gremlins,https://www.imdb.com/title/tt0087363/?ref_=sr_t_4,1984,1h 46m,PG,7.3,258K
5. The Karate Kid,https://www.imdb.com/title/tt0087538/?ref_=sr_t_5,1984,2h 6m,PG,7.3,254K
6. Police Academy,https://www.imdb.com/title/tt0087928/?ref_=sr_t_6,1984,1h 36m,R,6.7,142K
7. Footloose,https://www.imdb.com/title/tt0087277/?ref_=sr_t_7,1984,1h 47m,PG,6.6,96K
8. Romancing the Stone,https://www.imdb.com/title/tt0088011/?ref_=sr_t_8,1984,1h 46m,PG,6.9,106K
9. Star Trek III: The Search for Spock,https://www.imdb.com/title/tt0088170/?ref_=sr_t_9,1984,1h 45m,PG,6.6,88K
10. Purple Rain,https://www.imdb.com/title/tt0087957/?ref_=sr_t_10,1984,1h 51m,R,6.5,25K
11. Splash,https://www.imdb.com/title/tt0088161/?ref_=sr_t_11,1984,1h 51m,PG,6.3,85K
12. Amadeus,https://www.imdb.com/title/tt0086879/?ref_=sr_t_12,1984,2h 40m,PG,8.4,442K
13. Tightrope,https://www.imdb.com/title/tt0088272/?ref_=sr_t_13,1984,1h 54m,R,6.3,20K
14. The Natural,https://www.imdb.com/title/tt0087781/?ref_=sr_t_14,1984,2h 18m,PG,7.4,54K
"15. Greystoke: The Legend of Tarzan, Lord of the Apes",https://www.imdb.com/title/tt0087365/?ref_=sr_t_15,1984,2h 23m,PG,6.4,22K
16. Revenge of the Nerds,https://www.imdb.com/title/tt0088000/?ref_=sr_t_16,1984,1h 30m,R,6.6,60K
17. 2010: The Year We Make Contact,https://www.imdb.com/title/tt0086837/?ref_=sr_t_17,1984,1h 56m,PG,6.7,59K
18. Breakin',https://www.imdb.com/title/tt0086998/?ref_=sr_t_18,1984,1h 27m,PG,5.9,7.5K
19. Bachelor Party,https://www.imdb.com/title/tt0086927/?ref_=sr_t_19,1984,1h 45m,R,6.3,43K
20. Red Dawn,https://www.imdb.com/title/tt0087985/?ref_=sr_t_20,1984,1h 54m,PG-13,6.3,65K
21. The Terminator,https://www.imdb.com/title/tt0088247/?ref_=sr_t_21,1984,1h 47m,R,8.1,951K
22. City Heat,https://www.imdb.com/title/tt0087062/?ref_=sr_t_22,1984,1h 37m,PG,5.5,11K
23. All of Me,https://www.imdb.com/title/tt0086873/?ref_=sr_t_23,1984,1h 33m,PG,6.7,20K
24. Places in the Heart,https://www.imdb.com/title/tt0087921/?ref_=sr_t_24,1984,1h 51m,PG,7.4,14K
25. The Killing Fields,https://www.imdb.com/title/tt0087553/?ref_=sr_t_25,1984,2h 21m,R,7.8,61K
26. Friday the 13th: The Final Chapter,https://www.imdb.com/title/tt0087298/?ref_=sr_t_26,1984,1h 31m,R,6.0,62K
27. Conan the Destroyer,https://www.imdb.com/title/tt0087078/?ref_=sr_t_27,1984,1h 43m,PG,5.9,87K
28. Dune,https://www.imdb.com/title/tt0087182/?ref_=sr_t_28,1984,2h 17m,PG-13,6.3,185K
29. Starman,https://www.imdb.com/title/tt0088172/?ref_=sr_t_29,1984,1h 55m,PG,7.0,54K
30. The Last Starfighter,https://www.imdb.com/title/tt0087597/?ref_=sr_t_30,1984,1h 40m,PG,6.7,47K
31. Cannonball Run II,https://www.imdb.com/title/tt0087032/?ref_=sr_t_31,1984,1h 48m,PG,5.1,18K
32. Teachers,https://www.imdb.com/title/tt0088242/?ref_=sr_t_32,1984,1h 47m,R,6.1,4.8K
33. A Passage to India,https://www.imdb.com/title/tt0087892/?ref_=sr_t_33,1984,2h 44m,PG,7.3,22K
34. Protocol,https://www.imdb.com/title/tt0087951/?ref_=sr_t_34,1984,1h 36m,PG,5.5,5.4K
35. Micki + Maude,https://www.imdb.com/title/tt0087718/?ref_=sr_t_35,1984,1h 58m,PG-13,6.0,3.4K
36. The Cotton Club,https://www.imdb.com/title/tt0087089/?ref_=sr_t_36,1984,2h 9m,R,6.5,20K
37. A Nightmare on Elm Street,https://www.imdb.com/title/tt0087800/?ref_=sr_t_37,1984,1h 31m,R,7.4,274K
38. The Muppets Take Manhattan,https://www.imdb.com/title/tt0087755/?ref_=sr_t_38,1984,1h 34m,G,6.8,23K
39. The Woman in Red,https://www.imdb.com/title/tt0088414/?ref_=sr_t_39,1984,1h 27m,PG-13,5.9,18K
40. Moscow on the Hudson,https://www.imdb.com/title/tt0087747/?ref_=sr_t_40,1984,1h 55m,R,6.5,14K
41. The Flamingo Kid,https://www.imdb.com/title/tt0087265/?ref_=sr_t_41,1984,1h 40m,PG-13,6.2,6.2K
42. Sixteen Candles,https://www.imdb.com/title/tt0088128/?ref_=sr_t_42,1984,1h 33m,PG,7.0,130K
43. Missing in Action,https://www.imdb.com/title/tt0087727/?ref_=sr_t_43,1984,1h 41m,R,5.4,17K
44. A Soldier's Story,https://www.imdb.com/title/tt0088146/?ref_=sr_t_44,1984,1h 41m,PG,7.2,12K
45. Against All Odds,https://www.imdb.com/title/tt0086859/?ref_=sr_t_45,1984,2h 8m,R,5.9,14K
"46. Oh, God! You Devil",https://www.imdb.com/title/tt0087835/?ref_=sr_t_46,1984,1h 37m,PG,5.4,2.9K
47. Rhinestone,https://www.imdb.com/title/tt0088001/?ref_=sr_t_47,1984,1h 51m,PG,4.0,8.2K
48. Weekend Pass,https://www.imdb.com/title/tt0088385/?ref_=sr_t_48,1984,1h 28m,R,3.7,534
49. Top Secret!,https://www.imdb.com/title/tt0088286/?ref_=sr_t_49,1984,1h 30m,PG,7.2,75K
50. The NeverEnding Story,https://www.imdb.com/title/tt0088323/?ref_=sr_t_50,1984,1h 42m,PG,7.3,162K
51. Unfaithfully Yours,https://www.imdb.com/title/tt0088326/?ref_=sr_t_51,1984,1h 36m,PG,6.0,3.2K
52. Best Defense,https://www.imdb.com/title/tt0086955/?ref_=sr_t_52,1984,1h 34m,R,3.8,6.5K
53. Blame It on Rio,https://www.imdb.com/title/tt0086973/?ref_=sr_t_53,1984,1h 40m,R,5.8,12K
54. Lassiter,https://www.imdb.com/title/tt0087589/?ref_=sr_t_54,1984,1h 40m,R,5.8,2.8K
55. Johnny Dangerously,https://www.imdb.com/title/tt0087507/?ref_=sr_t_55,1984,1h 30m,PG-13,6.5,17K
56. Firestarter,https://www.imdb.com/title/tt0087262/?ref_=sr_t_56,1984,1h 54m,R,6.1,38K
57. Beat Street,https://www.imdb.com/title/tt0086946/?ref_=sr_t_57,1984,1h 45m,PG,6.5,4.5K
58. Breakin' 2: Electric Boogaloo,https://www.imdb.com/title/tt0086999/?ref_=sr_t_58,1984,1h 34m,PG,5.2,5K
59. Children of the Corn,https://www.imdb.com/title/tt0087050/?ref_=sr_t_59,1984,1h 32m,R,5.6,59K
60. Night of the Comet,https://www.imdb.com/title/tt0087799/?ref_=sr_t_60,1984,1h 35m,PG-13,6.3,25K
61. Supergirl,https://www.imdb.com/title/tt0088206/?ref_=sr_t_61,1984,2h 4m,PG,4.4,25K
62. The Ice Pirates,https://www.imdb.com/title/tt0087451/?ref_=sr_t_62,1984,1h 34m,PG,5.6,12K
63. The Evil That Men Do,https://www.imdb.com/title/tt0087222/?ref_=sr_t_63,1984,1h 30m,R,5.9,4.9K
64. Irreconcilable Differences,https://www.imdb.com/title/tt0087482/?ref_=sr_t_64,1984,1h 53m,PG,5.8,3.5K
65. Dreamscape,https://www.imdb.com/title/tt0087175/?ref_=sr_t_65,1984,1h 39m,R,6.3,19K
66. Up the Creek,https://www.imdb.com/title/tt0088333/?ref_=sr_t_66,1984,1h 36m,R,5.5,4.1K
67. The River,https://www.imdb.com/title/tt0088007/?ref_=sr_t_67,1984,2h 4m,PG-13,6.3,8.1K
68. Tank,https://www.imdb.com/title/tt0088224/?ref_=sr_t_68,1984,1h 53m,PG,5.8,4.8K
69. Falling in Love,https://www.imdb.com/title/tt0087233/?ref_=sr_t_69,1984,1h 46m,PG-13,6.5,16K
70. Hard to Hold,https://www.imdb.com/title/tt0087384/?ref_=sr_t_70,1984,1h 33m,PG,4.9,820
71. The Wild Life,https://www.imdb.com/title/tt0088402/?ref_=sr_t_71,1984,1h 36m,R,6.0,3.3K
72. Broadway Danny Rose,https://www.imdb.com/title/tt0087003/?ref_=sr_t_72,1984,1h 24m,PG,7.4,27K
73. Where the Boys Are,https://www.imdb.com/title/tt0088395/?ref_=sr_t_73,1984,1h 34m,R,4.2,1.5K
74. Thief of Hearts,https://www.imdb.com/title/tt0088256/?ref_=sr_t_74,1984,1h 40m,R,5.8,2K
75. Stop Making Sense,https://www.imdb.com/title/tt0088178/?ref_=sr_t_75,1984,1h 28m,PG,8.7,22K
76. Terror in the Aisles,https://www.imdb.com/title/tt0088249/?ref_=sr_t_76,1984,1h 24m,R,6.3,2.4K
77. Country,https://www.imdb.com/title/tt0087091/?ref_=sr_t_77,1984,1h 45m,PG,6.6,2.3K
78. Bolero,https://www.imdb.com/title/tt0086987/?ref_=sr_t_78,1984,1h 45m,R,3.0,6.2K
79. Body Double,https://www.imdb.com/title/tt0086984/?ref_=sr_t_79,1984,1h 54m,R,6.8,41K
80. Oxford Blues,https://www.imdb.com/title/tt0087866/?ref_=sr_t_80,1984,1h 37m,PG-13,5.3,3.6K
81. The Bounty,https://www.imdb.com/title/tt0086993/?ref_=sr_t_81,1984,2h 12m,PG,7.0,32K
82. 1984,https://www.imdb.com/title/tt0087803/?ref_=sr_t_82,1984,1h 53m,R,7.0,82K
83. Reckless,https://www.imdb.com/title/tt0087983/?ref_=sr_t_83,1984,1h 30m,R,6.2,2.4K
84. The Philadelphia Experiment,https://www.imdb.com/title/tt0087910/?ref_=sr_t_84,1984,1h 42m,PG,6.1,17K
85. Streets of Fire,https://www.imdb.com/title/tt0088194/?ref_=sr_t_85,1984,1h 33m,PG,6.7,26K
86. Just the Way You Are,https://www.imdb.com/title/tt0087525/?ref_=sr_t_86,1984,1h 34m,PG,5.9,1.1K
87. The Little Drummer Girl,https://www.imdb.com/title/tt0087629/?ref_=sr_t_87,1984,2h 10m,R,6.1,2.5K
88. Ninja III: The Domination,https://www.imdb.com/title/tt0087805/?ref_=sr_t_88,1984,1h 32m,R,5.4,5.4K
89. Iceman,https://www.imdb.com/title/tt0087452/?ref_=sr_t_89,1984,1h 40m,PG,6.1,6.3K
90. Hardbodies,https://www.imdb.com/title/tt0087385/?ref_=sr_t_90,1984,1h 28m,R,4.9,4.3K
91. Alphabet City,https://www.imdb.com/title/tt0086877/?ref_=sr_t_91,1984,1h 25m,R,5.2,1.2K
92. The Pope of Greenwich Village,https://www.imdb.com/title/tt0087932/?ref_=sr_t_92,1984,2h 1m,R,6.6,10K
93. Runaway,https://www.imdb.com/title/tt0088024/?ref_=sr_t_93,1984,1h 40m,PG-13,5.9,15K
94. Swing Shift,https://www.imdb.com/title/tt0088213/?ref_=sr_t_94,1984,1h 40m,PG,5.9,5.5K
95. The Razor's Edge,https://www.imdb.com/title/tt0087980/?ref_=sr_t_95,1984,2h 8m,PG-13,6.4,6.1K
96. The Adventures of Buckaroo Banzai Across the 8th Dimension,https://www.imdb.com/title/tt0086856/?ref_=sr_t_96,1984,1h 43m,PG,6.2,31K
97. Firstborn,https://www.imdb.com/title/tt0087263/?ref_=sr_t_97,1984,1h 43m,PG-13,6.2,3.3K
98. Racing with the Moon,https://www.imdb.com/title/tt0087968/?ref_=sr_t_98,1984,1h 48m,PG,6.6,5.4K
99. Sheena,https://www.imdb.com/title/tt0088103/?ref_=sr_t_99,1984,1h 57m,PG,4.9,5.7K
100. The Lonely Guy,https://www.imdb.com/title/tt0087635/?ref_=sr_t_100,1984,1h 30m,R,6.2,7.9K
101. Meatballs Part II,https://www.imdb.com/title/tt0087700/?ref_=sr_t_101,1984,1h 27m,PG,3.8,2.9K
102. Once Upon a Time in America,https://www.imdb.com/title/tt0087843/?ref_=sr_t_102,1984,3h 49m,R,8.3,389K
103. The Hotel New Hampshire,https://www.imdb.com/title/tt0087428/?ref_=sr_t_103,1984,1h 49m,R,5.9,9.4K
104. American Dreamer,https://www.imdb.com/title/tt0086886/?ref_=sr_t_104,1984,1h 45m,PG,6.5,1.8K
105. No Small Affair,https://www.imdb.com/title/tt0087810/?ref_=sr_t_105,1984,1h 42m,R,5.5,2.6K
106. Harry & Son,https://www.imdb.com/title/tt0087386/?ref_=sr_t_106,1984,2h,PG,5.8,2.5K
"107. Grandview, U.S.A.",https://www.imdb.com/title/tt0087359/?ref_=sr_t_107,1984,1h 37m,R,5.5,2.4K
108. This Is Spinal Tap,https://www.imdb.com/title/tt0088258/?ref_=sr_t_108,1984,1h 22m,R,7.9,150K
109. C.H.U.D.,https://www.imdb.com/title/tt0087015/?ref_=sr_t_109,1984,1h 28m,R,5.6,14K
110. Making the Grade,https://www.imdb.com/title/tt0087666/?ref_=sr_t_110,1984,1h 45m,R,5.6,1.7K
111. Joy of Sex,https://www.imdb.com/title/tt0087513/?ref_=sr_t_111,1984,1h 33m,R,3.8,1.1K
112. The Company of Wolves,https://www.imdb.com/title/tt0087075/?ref_=sr_t_112,1984,1h 35m,R,6.6,19K
113. Mrs. Soffel,https://www.imdb.com/title/tt0087751/?ref_=sr_t_113,1984,1h 50m,PG-13,6.1,3.7K
114. Until September,https://www.imdb.com/title/tt0088330/?ref_=sr_t_114,1984,1h 35m,R,5.6,851
115. Flashpoint,https://www.imdb.com/title/tt0087268/?ref_=sr_t_115,1984,1h 33m,R,6.4,3.3K
116. Blood Simple,https://www.imdb.com/title/tt0086979/?ref_=sr_t_116,1984,1h 39m,R,7.5,108K
117. Cheech & Chong's: The Corsican Brothers,https://www.imdb.com/title/tt0087042/?ref_=sr_t_117,1984,1h 22m,PG,4.6,4.5K
118. Exterminator 2,https://www.imdb.com/title/tt0087229/?ref_=sr_t_118,1984,1h 29m,R,4.6,2.9K
119. The Brother from Another Planet,https://www.imdb.com/title/tt0087004/?ref_=sr_t_119,1984,1h 48m,R,6.7,6.7K
120. Crimes of Passion,https://www.imdb.com/title/tt0087100/?ref_=sr_t_120,1984,1h 47m,R,6.4,8.9K
121. The Warrior and the Sorceress,https://www.imdb.com/title/tt0088379/?ref_=sr_t_121,1984,1h 21m,R,4.2,2.7K
122. Impulse,https://www.imdb.com/title/tt0087464/?ref_=sr_t_122,1984,1h 31m,R,5.9,1.8K
123. Hot Moves,https://www.imdb.com/title/tt0089304/?ref_=sr_t_123,1984,1h 25m,R,4.8,866
124. The Bear,https://www.imdb.com/title/tt0086945/?ref_=sr_t_124,1984,1h 50m,PG,6.0,329
125. Under the Volcano,https://www.imdb.com/title/tt0088322/?ref_=sr_t_125,1984,1h 52m,R,6.8,6.4K
126. A Private Function,https://www.imdb.com/title/tt0089838/?ref_=sr_t_126,1984,1h 32m,R,6.5,3.4K
"127. Silent Night, Deadly Night",https://www.imdb.com/title/tt0088117/?ref_=sr_t_127,1984,1h 19m,R,5.8,20K
128. Choose Me,https://www.imdb.com/title/tt0087054/?ref_=sr_t_128,1984,1h 46m,R,6.7,3.2K
129. Stranger Than Paradise,https://www.imdb.com/title/tt0088184/?ref_=sr_t_129,1984,1h 29m,R,7.4,42K
"130. Paris, Texas",https://www.imdb.com/title/tt0087884/?ref_=sr_t_130,1984,2h 25m,R,8.1,128K
131. A Sunday in the Country,https://www.imdb.com/title/tt0088318/?ref_=sr_t_131,1984,1h 30m,G,7.4,3.2K
132. Electric Dreams,https://www.imdb.com/title/tt0087197/?ref_=sr_t_132,1984,1h 35m,PG,6.4,10K
133. Purple Hearts,https://www.imdb.com/title/tt0087956/?ref_=sr_t_133,1984,1h 56m,R,5.7,1.1K
134. Mass Appeal,https://www.imdb.com/title/tt0087688/?ref_=sr_t_134,1984,1h 39m,PG,6.7,1.2K
135. Heavenly Bodies,https://www.imdb.com/title/tt0087399/?ref_=sr_t_135,1984,1h 30m,R,5.3,955
136. The Buddy System,https://www.imdb.com/title/tt0087006/?ref_=sr_t_136,1984,1h 50m,PG,5.8,1.5K
137. Body Rock,https://www.imdb.com/title/tt0086985/?ref_=sr_t_137,1984,1h 33m,PG-13,3.7,588
138. Misunderstood,https://www.imdb.com/title/tt0087730/?ref_=sr_t_138,1984,1h 31m,PG,5.9,592
139. Garbo Talks,https://www.imdb.com/title/tt0087313/?ref_=sr_t_139,1984,1h 43m,PG-13,6.4,1.9K
140. Finders Keepers,https://www.imdb.com/title/tt0087260/?ref_=sr_t_140,1984,1h 36m,R,5.3,1.1K
141. Birdy,https://www.imdb.com/title/tt0086969/?ref_=sr_t_141,1984,2h,R,7.2,26K
142. Give My Regards to Broad Street,https://www.imdb.com/title/tt0087337/?ref_=sr_t_142,1984,1h 48m,PG,5.2,1.8K
143. The Perils of Gwendoline in the Land of the Yik Yak,https://www.imdb.com/title/tt0087903/?ref_=sr_t_143,1984,1h 27m,R,5.2,3.5K
144. The River Rat,https://www.imdb.com/title/tt0088006/?ref_=sr_t_144,1984,1h 33m,PG,6.3,1.1K
145. Mike's Murder,https://www.imdb.com/title/tt0087722/?ref_=sr_t_145,1984,1h 49m,R,5.8,1.1K
146. Comfort and Joy,https://www.imdb.com/title/tt0087072/?ref_=sr_t_146,1984,1h 46m,PG,6.6,2.4K
147. The Bostonians,https://www.imdb.com/title/tt0086992/?ref_=sr_t_147,1984,2h 2m,Not Rated,6.2,2.6K
148. The Power,https://www.imdb.com/title/tt0081366/?ref_=sr_t_148,1984,1h 24m,R,4.5,772
149. The Hit,https://www.imdb.com/title/tt0087414/?ref_=sr_t_149,1984,1h 38m,R,7.0,10K
150. Songwriter,https://www.imdb.com/title/tt0088153/?ref_=sr_t_150,1984,1h 34m,R,6.2,944
151. Marlene,https://www.imdb.com/title/tt0085905/?ref_=sr_t_151,1984,1h 34m,Unrated,7.6,859
152. Over the Brooklyn Bridge,https://www.imdb.com/title/tt0087864/?ref_=sr_t_152,1984,1h 48m,R,5.6,1.7K
153. Lust in the Dust,https://www.imdb.com/title/tt0089523/?ref_=sr_t_153,1984,1h 24m,R,5.9,3.9K
154. Code Name: Wild Geese,https://www.imdb.com/title/tt0087068/?ref_=sr_t_154,1984,1h 41m,R,5.1,1.1K
155. Scandalous,https://www.imdb.com/title/tt0088046/?ref_=sr_t_155,1984,1h 32m,PG,4.4,275
156. Nausicaä of the Valley of the Wind,https://www.imdb.com/title/tt0087544/?ref_=sr_t_156,1984,1h 57m,,8.0,188K
157. Windy City,https://www.imdb.com/title/tt0088405/?ref_=sr_t_157,1984,1h 43m,R,5.9,328
158. The Stone Boy,https://www.imdb.com/title/tt0088176/?ref_=sr_t_158,1984,1h 31m,PG,6.5,859
159. Radioactive Dreams,https://www.imdb.com/title/tt0091818/?ref_=sr_t_159,1984,1h 38m,R,5.5,2K
160. Champions,https://www.imdb.com/title/tt0085320/?ref_=sr_t_160,1984,1h 46m,PG,6.5,784
161. The Bay Boy,https://www.imdb.com/title/tt0086942/?ref_=sr_t_161,1984,1h 47m,R,6.3,766
162. Razorback,https://www.imdb.com/title/tt0087981/?ref_=sr_t_162,1984,1h 35m,R,6.0,8.2K
163. Heartbreakers,https://www.imdb.com/title/tt0087397/?ref_=sr_t_163,1984,1h 38m,R,6.1,676
164. Crackers,https://www.imdb.com/title/tt0087096/?ref_=sr_t_164,1984,1h 31m,PG,5.2,1.6K
165. Repo Man,https://www.imdb.com/title/tt0087995/?ref_=sr_t_165,1984,1h 32m,R,6.8,43K
166. Petit Con,https://www.imdb.com/title/tt0086070/?ref_=sr_t_166,1984,1h 30m,R,6.0,136
167. Jocks,https://www.imdb.com/title/tt0223571/?ref_=sr_t_167,1984,1h 39m,R,5.4,61
168. Almost You,https://www.imdb.com/title/tt0086876/?ref_=sr_t_168,1984,1h 36m,R,5.0,271
169. Living Los Sures,https://www.imdb.com/title/tt5468886/?ref_=sr_t_169,1984,57m,Not Rated,7.5,151
170. Tibet: A Buddhist Trilogy,https://www.imdb.com/title/tt0813391/?ref_=sr_t_170,1984,2h 14m,Not Rated,7.6,56
171. The Runner,https://www.imdb.com/title/tt0088992/?ref_=sr_t_171,1984,1h 34m,Not Rated,7.6,2.5K
172. Before Stonewall,https://www.imdb.com/title/tt0088782/?ref_=sr_t_172,1984,1h 27m,Unrated,7.5,1.2K
173. Tosca's Kiss,https://www.imdb.com/title/tt0086928/?ref_=sr_t_173,1984,1h 27m,Not Rated,7.9,214
174. Full Moon in Paris,https://www.imdb.com/title/tt0087821/?ref_=sr_t_174,1984,1h 41m,R,7.3,5.6K
175. The Times of Harvey Milk,https://www.imdb.com/title/tt0088275/?ref_=sr_t_175,1984,1h 30m,Not Rated,8.2,6.7K
176. Boy Meets Girl,https://www.imdb.com/title/tt0086994/?ref_=sr_t_176,1984,1h 40m,Not Rated,6.9,4.1K
177. Streetwise,https://www.imdb.com/title/tt0088196/?ref_=sr_t_177,1984,1h 31m,,8.2,3.2K
178. Winter Flight,https://www.imdb.com/title/tt0088407/?ref_=sr_t_178,1984,1h 29m,,7.3,93
179. Ronia: The Robber's Daughter,https://www.imdb.com/title/tt0088015/?ref_=sr_t_179,1984,2h 6m,Not Rated,7.3,13K
180. Don't Open Till Christmas,https://www.imdb.com/title/tt0089038/?ref_=sr_t_180,1984,1h 26m,R,4.7,3.3K
181. Trancers,https://www.imdb.com/title/tt0090192/?ref_=sr_t_181,1984,1h 16m,PG-13,6.0,8.1K
182. The Toxic Avenger,https://www.imdb.com/title/tt0090190/?ref_=sr_t_182,1984,1h 22m,R,6.2,33K
183. She,https://www.imdb.com/title/tt0090009/?ref_=sr_t_183,1984,1h 46m,Not Rated,4.8,2.1K
184. Another Country,https://www.imdb.com/title/tt0086904/?ref_=sr_t_184,1984,1h 30m,PG,7.0,7.3K
185. Cloak & Dagger,https://www.imdb.com/title/tt0087065/?ref_=sr_t_185,1984,1h 41m,PG,6.6,8.7K
186. The Dog Who Stopped the War,https://www.imdb.com/title/tt0087373/?ref_=sr_t_186,1984,1h 31m,G,7.5,2.2K
"187. Promiscuity, the Street Kids of Katia",https://www.imdb.com/title/tt0279346/?ref_=sr_t_187,1984,1h 30m,,3.6,241
188. Savage Streets,https://www.imdb.com/title/tt0088044/?ref_=sr_t_188,1984,1h 33m,R,6.2,5.9K
189. They're Playing with Fire,https://www.imdb.com/title/tt0088255/?ref_=sr_t_189,1984,1h 36m,R,5.1,1.4K
190. Year of the Jellyfish,https://www.imdb.com/title/tt0086902/?ref_=sr_t_190,1984,1h 50m,Not Rated,5.6,1.5K
191. Wheels on Meals,https://www.imdb.com/title/tt0087578/?ref_=sr_t_191,1984,1h 40m,TV-14,7.0,16K
192. Herzklopfen,https://www.imdb.com/title/tt0087405/?ref_=sr_t_192,1984,1h 33m,,6.3,43
193. Ghoulies,https://www.imdb.com/title/tt0089200/?ref_=sr_t_193,1984,1h 21m,PG-13,4.2,11K
194. Maria's Lovers,https://www.imdb.com/title/tt0087682/?ref_=sr_t_194,1984,1h 49m,R,6.5,3K
195. Double Trouble,https://www.imdb.com/title/tt0087481/?ref_=sr_t_195,1984,1h 39m,TV-PG,7.1,12K
196. Twist and Shout,https://www.imdb.com/title/tt0088299/?ref_=sr_t_196,1984,1h 39m,R,7.3,2K
197. Jays in the Head,https://www.imdb.com/title/tt0236753/?ref_=sr_t_197,1984,1h 11m,,6.8,75
198. Fear City,https://www.imdb.com/title/tt0087247/?ref_=sr_t_198,1984,1h 35m,R,5.7,4.6K
199. The Return of Godzilla,https://www.imdb.com/title/tt9015178/?ref_=sr_t_199,1984,1h 43m,,6.8,2.9K
200. The Lost Empire,https://www.imdb.com/title/tt0089503/?ref_=sr_t_200,1984,1h 23m,R,4.7,1.8K
201. Old Enough,https://www.imdb.com/title/tt0087837/?ref_=sr_t_201,1984,1h 32m,PG,6.4,963
202. What Have I Done to Deserve This?,https://www.imdb.com/title/tt0088461/?ref_=sr_t_202,1984,1h 41m,Not Rated,7.1,11K
203. The Mutilator,https://www.imdb.com/title/tt0124014/?ref_=sr_t_203,1984,1h 26m,TV-MA,5.2,6.6K
204. Sword of the Valiant,https://www.imdb.com/title/tt0084750/?ref_=sr_t_204,1984,1h 42m,PG,4.4,2.6K
205. The Dungeonmaster,https://www.imdb.com/title/tt0089060/?ref_=sr_t_205,1984,1h 13m,PG-13,4.6,3.1K
206. Voyage of the Rock Aliens,https://www.imdb.com/title/tt0096402/?ref_=sr_t_206,1984,1h 37m,PG,5.2,1.7K
207. The Funeral,https://www.imdb.com/title/tt0089746/?ref_=sr_t_207,1984,2h 4m,Not Rated,7.2,2K
208. Bianca,https://www.imdb.com/title/tt0085240/?ref_=sr_t_208,1984,1h 37m,R,7.3,3.8K
209. Hell Behind the Bars,https://www.imdb.com/title/tt0438321/?ref_=sr_t_209,1984,1h 22m,,3.8,417
210. Out of Control,https://www.imdb.com/title/tt0089756/?ref_=sr_t_210,1984,1h 18m,R,4.3,554
211. In the Middle of the Night,https://www.imdb.com/title/tt0087720/?ref_=sr_t_211,1984,2h 11m,,6.8,3.1K
212. The Annunciation,https://www.imdb.com/title/tt0123381/?ref_=sr_t_212,1984,1h 40m,,6.3,622
213. Murder-Rock: Dancing Death,https://www.imdb.com/title/tt0087759/?ref_=sr_t_213,1984,1h 33m,R,5.5,2.3K
214. Sole Survivor,https://www.imdb.com/title/tt0181012/?ref_=sr_t_214,1984,1h 25m,R,6.0,2.7K
215. Silent Madness,https://www.imdb.com/title/tt0088116/?ref_=sr_t_215,1984,1h 33m,R,5.1,1.7K
216. Lola's Secret,https://www.imdb.com/title/tt0089790/?ref_=sr_t_216,1984,1h 28m,,4.7,252
217. Jönssonligan får guldfeber,https://www.imdb.com/title/tt0087527/?ref_=sr_t_217,1984,1h 41m,,6.3,4.4K
218. The Initiation,https://www.imdb.com/title/tt0087472/?ref_=sr_t_218,1984,1h 37m,R,5.6,4.7K
219. Bloodbath at the House of Death,https://www.imdb.com/title/tt0086981/?ref_=sr_t_219,1984,1h 32m,,5.0,3K
220. Cut and Run,https://www.imdb.com/title/tt0089338/?ref_=sr_t_220,1984,1h 30m,R,5.7,2.8K
221. J'ai rencontré le Père Noël,https://www.imdb.com/title/tt0182221/?ref_=sr_t_221,1984,1h 19m,G,3.1,313
222. Balkan Spy,https://www.imdb.com/title/tt0086935/?ref_=sr_t_222,1984,1h 35m,,8.8,13K
223. Love Scenes,https://www.imdb.com/title/tt0087643/?ref_=sr_t_223,1984,1h 30m,R,4.6,297
224. Strangler vs. Strangler,https://www.imdb.com/title/tt0087123/?ref_=sr_t_224,1984,1h 36m,,8.0,4.6K
225. Love Streams,https://www.imdb.com/title/tt0087644/?ref_=sr_t_225,1984,2h 21m,PG-13,7.6,7K
226. What Waits Below,https://www.imdb.com/title/tt0088392/?ref_=sr_t_226,1984,1h 28m,PG,4.7,736
227. The Element of Crime,https://www.imdb.com/title/tt0087280/?ref_=sr_t_227,1984,1h 44m,Not Rated,6.7,12K
228. Ordeal by Innocence,https://www.imdb.com/title/tt0087852/?ref_=sr_t_228,1984,1h 30m,PG-13,5.1,1.2K
229. Lady Libertine,https://www.imdb.com/title/tt0087287/?ref_=sr_t_229,1984,1h 23m,R,4.6,480
230. Mutant,https://www.imdb.com/title/tt0087796/?ref_=sr_t_230,1984,1h 39m,R,5.1,3K
231. The Public Woman,https://www.imdb.com/title/tt0087250/?ref_=sr_t_231,1984,1h 53m,,6.4,1.9K
232. Fatal Games,https://www.imdb.com/title/tt0087243/?ref_=sr_t_232,1984,1h 28m,,4.7,1.6K
233. The Man from Majorca,https://www.imdb.com/title/tt0087677/?ref_=sr_t_233,1984,1h 46m,,6.9,2.7K
234. Devil Fish,https://www.imdb.com/title/tt0088100/?ref_=sr_t_234,1984,1h 34m,Not Rated,2.8,3.8K
235. Blind Date,https://www.imdb.com/title/tt0086978/?ref_=sr_t_235,1984,1h 43m,R,4.9,2.3K
236. Purana mandir,https://www.imdb.com/title/tt0253514/?ref_=sr_t_236,1984,2h 24m,Unrated,6.3,722
237. The Hills Have Eyes Part II,https://www.imdb.com/title/tt0089274/?ref_=sr_t_237,1984,1h 26m,R,3.8,7.7K
238. Swann in Love,https://www.imdb.com/title/tt0088315/?ref_=sr_t_238,1984,1h 50m,R,6.5,2.3K
239. The Story of O 2,https://www.imdb.com/title/tt0087412/?ref_=sr_t_239,1984,1h 48m,Unrated,3.6,474
240. Alley Cat,https://www.imdb.com/title/tt0083541/?ref_=sr_t_240,1984,1h 22m,R,5.3,1.1K
241. Scream for Help,https://www.imdb.com/title/tt0088066/?ref_=sr_t_241,1984,1h 29m,R,5.8,1.4K
242. Emmanuelle IV,https://www.imdb.com/title/tt0085486/?ref_=sr_t_242,1984,1h 32m,R,3.4,1.8K
243. Rats: Night of Terror,https://www.imdb.com/title/tt0086176/?ref_=sr_t_243,1984,1h 37m,Unrated,4.7,3.3K
244. Král Drozdia brada,https://www.imdb.com/title/tt0087580/?ref_=sr_t_244,1984,1h 30m,,6.9,353
245. Farewell to the Ark,https://www.imdb.com/title/tt0088041/?ref_=sr_t_245,1984,2h 7m,,7.3,651
246. Christina,https://www.imdb.com/title/tt0087055/?ref_=sr_t_246,1984,1h 31m,Unrated,4.2,435
247. The Dark Side of Love,https://www.imdb.com/title/tt0089163/?ref_=sr_t_247,1984,1h 31m,,4.8,510
248. Bedroom Eyes,https://www.imdb.com/title/tt0086947/?ref_=sr_t_248,1984,1h 30m,R,4.8,456
249. White Fire,https://www.imdb.com/title/tt0088359/?ref_=sr_t_249,1984,1h 41m,R,4.7,1.1K
250. Cal,https://www.imdb.com/title/tt0087019/?ref_=sr_t_250,1984,1h 42m,R,6.6,1.7K
251. Ciske the Rat,https://www.imdb.com/title/tt0087060/?ref_=sr_t_251,1984,2h 30m,TV-14,7.0,3.1K
252. Sexmission,https://www.imdb.com/title/tt0088083/?ref_=sr_t_252,1984,2h 2m,,7.5,15K
253. Roadhouse 66,https://www.imdb.com/title/tt0088008/?ref_=sr_t_253,1984,1h 30m,R,5.4,1.1K
254. The Naked Face,https://www.imdb.com/title/tt0087777/?ref_=sr_t_254,1984,1h 45m,R,5.5,1.6K
255. Heroes Shed No Tears,https://www.imdb.com/title/tt0092264/?ref_=sr_t_255,1984,1h 22m,,6.3,1.5K
256. Combat Shock,https://www.imdb.com/title/tt0090866/?ref_=sr_t_256,1984,1h 31m,R,6.2,3.4K
257. Kidco,https://www.imdb.com/title/tt0087550/?ref_=sr_t_257,1984,1h 45m,PG,6.2,778
258. Party,https://www.imdb.com/title/tt0248289/?ref_=sr_t_258,1984,1h 50m,Not Rated,7.4,658
259. Monaco Forever,https://www.imdb.com/title/tt0087739/?ref_=sr_t_259,1984,48m,,3.7,871
260. The Sexual Story of O,https://www.imdb.com/title/tt0087413/?ref_=sr_t_260,1984,1h 30m,,4.2,363
261. Ellie,https://www.imdb.com/title/tt0087198/?ref_=sr_t_261,1984,1h 28m,R,4.0,359
262. Nothing Lasts Forever,https://www.imdb.com/title/tt0087817/?ref_=sr_t_262,1984,1h 22m,PG,6.2,985
263. The Holy Innocents,https://www.imdb.com/title/tt0088040/?ref_=sr_t_263,1984,1h 47m,PG,8.1,4.9K
264. Special Effects,https://www.imdb.com/title/tt0088157/?ref_=sr_t_264,1984,1h 46m,R,5.4,1.3K
265. Hard Rock Zombies,https://www.imdb.com/title/tt0089254/?ref_=sr_t_265,1984,1h 38m,R,4.5,1.9K
266. Too Scared to Scream,https://www.imdb.com/title/tt0090186/?ref_=sr_t_266,1984,1h 40m,R,5.1,882
267. I guerrieri dell'anno 2072,https://www.imdb.com/title/tt0085627/?ref_=sr_t_267,1984,1h 30m,Not Rated,4.8,1.8K
268. Kaos,https://www.imdb.com/title/tt0087537/?ref_=sr_t_268,1984,3h 7m,R,7.8,3.3K
269. Hollywood Hot Tubs,https://www.imdb.com/title/tt0087418/?ref_=sr_t_269,1984,1h 43m,R,3.9,528
270. Nothing Left to Do but Cry,https://www.imdb.com/title/tt0087814/?ref_=sr_t_270,1984,1h 53m,,7.6,7.4K
271. Nun in Rope Hell,https://www.imdb.com/title/tt0391904/?ref_=sr_t_271,1984,1h 9m,,4.7,241
272. Darlings!,https://www.imdb.com/title/tt0088050/?ref_=sr_t_272,1984,1h 41m,,6.4,2.4K
273. Splatter University,https://www.imdb.com/title/tt0125510/?ref_=sr_t_273,1984,1h 18m,R,4.0,2K
274. The Elusive Summer of '68,https://www.imdb.com/title/tt0088338/?ref_=sr_t_274,1984,1h 31m,,8.5,6.3K
275. Repentance,https://www.imdb.com/title/tt0093754/?ref_=sr_t_275,1984,2h 33m,PG,8.1,5.1K
276. The Panther Squad,https://www.imdb.com/title/tt0127069/?ref_=sr_t_276,1984,1h 17m,R,3.2,484
277. The Party Animal,https://www.imdb.com/title/tt0087889/?ref_=sr_t_277,1984,1h 18m,R,4.9,947
"278. Slunce, seno, jahody",https://www.imdb.com/title/tt0195274/?ref_=sr_t_278,1984,1h 23m,,7.0,1.6K
279. Perfect Strangers,https://www.imdb.com/title/tt0087901/?ref_=sr_t_279,1984,1h 31m,R,5.4,615
280. Dreams Come True,https://www.imdb.com/title/tt0083853/?ref_=sr_t_280,1984,1h 35m,R,5.4,372
281. Secret Honor,https://www.imdb.com/title/tt0088074/?ref_=sr_t_281,1984,1h 30m,Not Rated,7.2,3.5K
282. Night Patrol,https://www.imdb.com/title/tt0087795/?ref_=sr_t_282,1984,1h 25m,R,4.7,1.7K
283. Gimme an 'F',https://www.imdb.com/title/tt0087333/?ref_=sr_t_283,1984,1h 41m,R,4.0,586
284. Bad Manners,https://www.imdb.com/title/tt0087366/?ref_=sr_t_284,1984,1h 25m,R,5.6,501
285. Final Justice,https://www.imdb.com/title/tt0087258/?ref_=sr_t_285,1984,1h 30m,R,2.3,3.6K
286. Naked Island (Butil-ulan),https://www.imdb.com/title/tt0757282/?ref_=sr_t_286,1984,2h,,7.7,17
287. Night Has a Thousand Desires,https://www.imdb.com/title/tt0087723/?ref_=sr_t_287,1984,1h 32m,Not Rated,5.1,408
288. Isabel on the Stairs,https://www.imdb.com/title/tt0087486/?ref_=sr_t_288,1984,1h 9m,,7.0,27
289. Where the Green Ants Dream,https://www.imdb.com/title/tt0088412/?ref_=sr_t_289,1984,1h 40m,R,6.9,2.7K
290. The Eight Diagram Pole Fighter,https://www.imdb.com/title/tt0086606/?ref_=sr_t_290,1984,1h 38m,Not Rated,7.4,3.7K
291. My Dear Kuttichaathan,https://www.imdb.com/title/tt0280968/?ref_=sr_t_291,1984,1h 36m,,7.8,551
292. Malombra,https://www.imdb.com/title/tt0128324/?ref_=sr_t_292,1984,1h 31m,,3.8,186
293. Raaj Tilak,https://www.imdb.com/title/tt0087975/?ref_=sr_t_293,1984,,,5.5,178
294. Sharaabi,https://www.imdb.com/title/tt0088099/?ref_=sr_t_294,1984,3h,,7.3,3.2K
295. The World of Don Camillo,https://www.imdb.com/title/tt0085454/?ref_=sr_t_295,1984,2h 6m,,5.6,2.3K
296. College Dormitory,https://www.imdb.com/title/tt0087168/?ref_=sr_t_296,1984,1h 30m,,4.1,138
297. Working Girls,https://www.imdb.com/title/tt0302045/?ref_=sr_t_297,1984,1h 58m,,6.1,169
298. Mermaid Legend,https://www.imdb.com/title/tt0174918/?ref_=sr_t_298,1984,1h 50m,,6.9,466
299. Voyage to Cythera,https://www.imdb.com/title/tt0088241/?ref_=sr_t_299,1984,2h,,7.7,3.2K
300. Happy Easter,https://www.imdb.com/title/tt0087514/?ref_=sr_t_300,1984,1h 38m,,6.2,3K
301. A Breed Apart,https://www.imdb.com/title/tt0087001/?ref_=sr_t_301,1984,1h 40m,R,5.6,2K
302. Abnormal Family,https://www.imdb.com/title/tt0085671/?ref_=sr_t_302,1984,1h 3m,,5.4,504
303. Delta Space Mission,https://www.imdb.com/title/tt2457504/?ref_=sr_t_303,1984,1h 8m,,6.4,338
304. El siniestro doctor Orloff,https://www.imdb.com/title/tt0088122/?ref_=sr_t_304,1984,1h 27m,,4.9,159
305. The Enchanted,https://www.imdb.com/title/tt1323573/?ref_=sr_t_305,1984,1h 29m,PG,5.9,177
306. The Three Veterans,https://www.imdb.com/title/tt0086477/?ref_=sr_t_306,1984,1h 36m,,7.8,1.3K
307. Tales of the Third Dimension,https://www.imdb.com/title/tt0141880/?ref_=sr_t_307,1984,1h 25m,,5.1,220
308. When the Raven Flies,https://www.imdb.com/title/tt0087432/?ref_=sr_t_308,1984,1h 49m,R,6.7,2.6K
309. Zombie Island Massacre,https://www.imdb.com/title/tt0088454/?ref_=sr_t_309,1984,1h 35m,R,3.3,1.1K
310. Anubhava,https://www.imdb.com/title/tt0309290/?ref_=sr_t_310,1984,2h 15m,,7.8,89
311. Dog Day,https://www.imdb.com/title/tt0085289/?ref_=sr_t_311,1984,1h 41m,,5.8,1.3K
312. Private Passions,https://www.imdb.com/title/tt0331322/?ref_=sr_t_312,1984,1h 26m,,4.3,107
313. Delta Pi,https://www.imdb.com/title/tt0089012/?ref_=sr_t_313,1984,1h 27m,R,4.4,214
314. Violated,https://www.imdb.com/title/tt0088356/?ref_=sr_t_314,1984,1h 28m,R,4.9,149
315. A Summer at Grandpa's,https://www.imdb.com/title/tt0087164/?ref_=sr_t_315,1984,1h 33m,,7.6,1.8K
316. Beautiful Wrestlers: Down for the Count,https://www.imdb.com/title/tt0285457/?ref_=sr_t_316,1984,1h 12m,,5.4,117
317. The Pirate,https://www.imdb.com/title/tt0087918/?ref_=sr_t_317,1984,1h 28m,,5.0,450
318. The Ambassador,https://www.imdb.com/title/tt0086884/?ref_=sr_t_318,1984,1h 37m,R,5.3,971
319. Vigil,https://www.imdb.com/title/tt0088355/?ref_=sr_t_319,1984,1h 30m,Not Rated,6.8,914
320. Vacanze in America,https://www.imdb.com/title/tt0090247/?ref_=sr_t_320,1984,1h 29m,,5.6,879
321. The Wild Beasts,https://www.imdb.com/title/tt0090322/?ref_=sr_t_321,1984,1h 32m,Unrated,5.5,1.2K
322. Decoder,https://www.imdb.com/title/tt0087129/?ref_=sr_t_322,1984,1h 27m,Not Rated,6.3,1.1K
323. The Future Is Woman,https://www.imdb.com/title/tt0087310/?ref_=sr_t_323,1984,1h 39m,,5.7,480
324. Rope Torture,https://www.imdb.com/title/tt0287398/?ref_=sr_t_324,1984,1h 11m,,5.4,86
"325. Lucie, postrach ulice",https://www.imdb.com/title/tt0087651/?ref_=sr_t_325,1984,1h 14m,,6.9,291
326. Hell Riders,https://www.imdb.com/title/tt0087402/?ref_=sr_t_326,1984,1h 30m,,3.8,361
327. Toy Soldiers,https://www.imdb.com/title/tt0088292/?ref_=sr_t_327,1984,1h 25m,R,4.8,698
328. Carmen,https://www.imdb.com/title/tt0087034/?ref_=sr_t_328,1984,2h 32m,PG,7.4,1.8K
329. Grace Quigley,https://www.imdb.com/title/tt0087354/?ref_=sr_t_329,1984,1h 27m,PG,5.7,955
330. Macross: Do You Remember Love?,https://www.imdb.com/title/tt0087660/?ref_=sr_t_330,1984,1h 54m,Not Rated,7.7,3.5K
331. My New Partner,https://www.imdb.com/title/tt0088002/?ref_=sr_t_331,1984,1h 47m,R,7.2,5.3K
332. Uuno Turhapuro armeijan leivissä,https://www.imdb.com/title/tt0088336/?ref_=sr_t_332,1984,1h 42m,,6.7,2.5K
333. Widziadlo,https://www.imdb.com/title/tt0088399/?ref_=sr_t_333,1984,1h 30m,,5.7,226
334. A Sip of Love,https://www.imdb.com/title/tt0200490/?ref_=sr_t_334,1984,1h 33m,,6.9,760
335. Rocktober Blood,https://www.imdb.com/title/tt0176097/?ref_=sr_t_335,1984,1h 33m,R,4.6,1K
336. Blastfighter,https://www.imdb.com/title/tt0088818/?ref_=sr_t_336,1984,1h 30m,Unrated,5.7,1.5K
337. City Limits,https://www.imdb.com/title/tt0088925/?ref_=sr_t_337,1984,1h 26m,PG-13,2.5,1.6K
338. Heart of the Stag,https://www.imdb.com/title/tt0087396/?ref_=sr_t_338,1984,1h 31m,R,5.8,136
339. Maybe It's Love,https://www.imdb.com/title/tt0087698/?ref_=sr_t_339,1984,1h 30m,,5.5,73
340. Swingin' Betty,https://www.imdb.com/title/tt0146479/?ref_=sr_t_340,1984,1h 14m,,5.9,273
341. The Surrogate,https://www.imdb.com/title/tt0088210/?ref_=sr_t_341,1984,1h 40m,R,4.6,316
342. The Game,https://www.imdb.com/title/tt0235406/?ref_=sr_t_342,1984,1h 24m,Not Rated,3.4,594
343. Annas Mutter,https://www.imdb.com/title/tt0085171/?ref_=sr_t_343,1984,1h 33m,,5.8,53
344. Abwärts,https://www.imdb.com/title/tt0086846/?ref_=sr_t_344,1984,1h 30m,PG,6.8,1.5K
345. Monster Dog,https://www.imdb.com/title/tt0087616/?ref_=sr_t_345,1984,1h 24m,R,4.4,1.7K
346. Mashaal,https://www.imdb.com/title/tt0085912/?ref_=sr_t_346,1984,2h 42m,Not Rated,7.2,972
347. A Cruel Romance,https://www.imdb.com/title/tt0090368/?ref_=sr_t_347,1984,2h 22m,,7.9,4.1K
348. Fort Saganne,https://www.imdb.com/title/tt0087284/?ref_=sr_t_348,1984,3h,,6.3,1.1K
349. The Chick's Ability,https://www.imdb.com/title/tt0261395/?ref_=sr_t_349,1984,1h 29m,Unrated,5.2,176
350. The Beniker Gang,https://www.imdb.com/title/tt0088787/?ref_=sr_t_350,1984,1h 27m,G,6.4,446
351. Disconnected,https://www.imdb.com/title/tt0085442/?ref_=sr_t_351,1984,1h 22m,Unrated,4.5,645
352. Blood Theatre,https://www.imdb.com/title/tt0091561/?ref_=sr_t_352,1984,1h 15m,R,3.0,1.1K
353. Samson & Sally,https://www.imdb.com/title/tt0091889/?ref_=sr_t_353,1984,59m,Not Rated,7.0,874
354. L'allenatore nel pallone,https://www.imdb.com/title/tt0086874/?ref_=sr_t_354,1984,1h 38m,,6.9,2.8K
355. Shadows Run Black,https://www.imdb.com/title/tt0091932/?ref_=sr_t_355,1984,1h 28m,,3.1,555
356. The Big Tease: Here Comes Another One,https://www.imdb.com/title/tt1020890/?ref_=sr_t_356,1984,1h 24m,Not Rated,4.9,40
357. The Rosebud Beach Hotel,https://www.imdb.com/title/tt0088019/?ref_=sr_t_357,1984,1h 23m,R,4.3,342
358. Hanna D. - La ragazza del Vondel Park,https://www.imdb.com/title/tt0089251/?ref_=sr_t_358,1984,1h 24m,,4.8,305
359. Jeene Nahi Doonga,https://www.imdb.com/title/tt0231816/?ref_=sr_t_359,1984,2h 13m,Not Rated,6.0,85
360. La mujer del juez,https://www.imdb.com/title/tt0085973/?ref_=sr_t_360,1984,1h 30m,,5.1,101
361. Sista leken,https://www.imdb.com/title/tt0088127/?ref_=sr_t_361,1984,1h 37m,,5.7,26
362. Hermelinda linda,https://www.imdb.com/title/tt0226749/?ref_=sr_t_362,1984,1h 32m,,6.3,59
363. Barbarous Street,https://www.imdb.com/title/tt0086212/?ref_=sr_t_363,1984,1h 47m,,5.4,581
364. Second Time Lucky,https://www.imdb.com/title/tt0088072/?ref_=sr_t_364,1984,1h 41m,,5.1,334
365. Ghost Warrior,https://www.imdb.com/title/tt0091110/?ref_=sr_t_365,1984,1h 21m,R,5.2,899
366. Japanese Woman,https://www.imdb.com/title/tt0226011/?ref_=sr_t_366,1984,53m,,,
367. The Nativity,https://www.imdb.com/title/tt9359688/?ref_=sr_t_367,1984,1h 32m,,,
368. Tuareg: The Desert Warrior,https://www.imdb.com/title/tt0086484/?ref_=sr_t_368,1984,1h 37m,PG-13,5.5,561
369. The Fantasies of Miss Jones,https://www.imdb.com/title/tt0087944/?ref_=sr_t_369,1984,1h 20m,R,4.7,201
370. La 7ème cible,https://www.imdb.com/title/tt0086282/?ref_=sr_t_370,1984,1h 48m,,6.3,763
371. Golok Setan,https://www.imdb.com/title/tt0087142/?ref_=sr_t_371,1984,1h 41m,,5.6,570
372. Drunken Tai Chi,https://www.imdb.com/title/tt0088423/?ref_=sr_t_372,1984,1h 31m,Not Rated,6.3,840
373. Bagets,https://www.imdb.com/title/tt0325042/?ref_=sr_t_373,1984,1h 30m,,7.2,91
374. Lily in Love,https://www.imdb.com/title/tt0089365/?ref_=sr_t_374,1984,1h 30m,PG-13,5.7,312
375. Mister Blot's Academy,https://www.imdb.com/title/tt0086863/?ref_=sr_t_375,1984,2h 46m,,6.8,1.4K
376. Cindy - Cinderella '80,https://www.imdb.com/title/tt0085316/?ref_=sr_t_376,1984,2h 53m,,6.5,609
377. Pengkhianatan G30S/PKI,https://www.imdb.com/title/tt0335349/?ref_=sr_t_377,1984,3h 40m,,6.3,590
378. Urusei Yatsura 2: Beautiful Dreamer,https://www.imdb.com/title/tt0088334/?ref_=sr_t_378,1984,1h 30m,Unrated,7.4,2.3K
379. Yellow Hair and the Fortress of Gold,https://www.imdb.com/title/tt0088427/?ref_=sr_t_379,1984,1h 42m,R,4.2,450
380. Aaj Ki Awaz,https://www.imdb.com/title/tt0158451/?ref_=sr_t_380,1984,2h 17m,,5.5,129
381. The Noah's Ark Principle,https://www.imdb.com/title/tt0086911/?ref_=sr_t_381,1984,1h 40m,,4.9,1.1K
382. Death Warmed Up,https://www.imdb.com/title/tt0089002/?ref_=sr_t_382,1984,1h 22m,R,4.6,1.4K
383. Killpoint,https://www.imdb.com/title/tt0087556/?ref_=sr_t_383,1984,1h 20m,R,4.4,462
384. Uyarangalil,https://www.imdb.com/title/tt0292314/?ref_=sr_t_384,1984,2h 22m,,7.2,209
385. Lensman,https://www.imdb.com/title/tt0088028/?ref_=sr_t_385,1984,1h 47m,PG-13,6.4,768
386. Carnage,https://www.imdb.com/title/tt0185976/?ref_=sr_t_386,1984,1h 31m,Not Rated,3.6,637
387. Forbidden,https://www.imdb.com/title/tt0089161/?ref_=sr_t_387,1984,1h 54m,PG-13,6.5,257
388. Oddballs,https://www.imdb.com/title/tt0087830/?ref_=sr_t_388,1984,1h 31m,PG,4.2,378
389. Caligula's Slaves,https://www.imdb.com/title/tt0087023/?ref_=sr_t_389,1984,1h 24m,,3.1,232
390. Rolf,https://www.imdb.com/title/tt0200049/?ref_=sr_t_390,1984,1h 30m,TV-MA,4.9,145
391. The Ark of the Sun God,https://www.imdb.com/title/tt0086339/?ref_=sr_t_391,1984,1h 38m,TV-PG,5.0,486
392. Our History,https://www.imdb.com/title/tt0087818/?ref_=sr_t_392,1984,1h 50m,,6.3,1.3K
393. Piernas cruzadas,https://www.imdb.com/title/tt0086106/?ref_=sr_t_393,1984,1h 18m,,4.3,26
394. Buster's World,https://www.imdb.com/title/tt0087013/?ref_=sr_t_394,1984,1h 31m,,7.1,1.6K
395. Matar o morir,https://www.imdb.com/title/tt0325804/?ref_=sr_t_395,1984,1h 40m,PG,7.4,56
396. Razza violenta,https://www.imdb.com/title/tt0086548/?ref_=sr_t_396,1984,1h 31m,R,4.3,230
397. Chattanooga Choo Choo,https://www.imdb.com/title/tt0087041/?ref_=sr_t_397,1984,1h 42m,PG,5.0,400
398. Vénus,https://www.imdb.com/title/tt0086533/?ref_=sr_t_398,1984,1h 22m,R,5.6,89
399. The Crazy Family,https://www.imdb.com/title/tt0087377/?ref_=sr_t_399,1984,1h 46m,,7.1,1.1K
400. Dream one,https://www.imdb.com/title/tt0087784/?ref_=sr_t_400,1984,1h 37m,,4.4,287
401. Badi,https://www.imdb.com/title/tt0334917/?ref_=sr_t_401,1984,1h 17m,,3.1,427
402. 'Men Olsenbanden var ikke død!',https://www.imdb.com/title/tt0087710/?ref_=sr_t_402,1984,1h 29m,,6.1,872
403. The Lion of Flanders,https://www.imdb.com/title/tt0085829/?ref_=sr_t_403,1984,1h 30m,,5.5,863
404. The Devil's Gift,https://www.imdb.com/title/tt0218937/?ref_=sr_t_404,1984,1h 30m,,3.2,637
405. Conan the Future Boy: The Big Giant Robot's Resurrection,https://www.imdb.com/title/tt0462699/?ref_=sr_t_405,1984,49m,,8.3,801
406. Ake and His World,https://www.imdb.com/title/tt0088466/?ref_=sr_t_406,1984,1h 39m,,6.6,389
407. Twenty Years Later,https://www.imdb.com/title/tt0134402/?ref_=sr_t_407,1984,1h 59m,,8.3,1.8K
408. Zameen Aasmaan,https://www.imdb.com/title/tt0088442/?ref_=sr_t_408,1984,2h 13m,Not Rated,5.3,60
409. Death Wish Club,https://www.imdb.com/title/tt0085416/?ref_=sr_t_409,1984,1h 30m,R,5.6,268
410. Schulmädchen '84,https://www.imdb.com/title/tt0088060/?ref_=sr_t_410,1984,1h 21m,,4.8,57
411. The Arctic Is Calling,https://www.imdb.com/title/tt0087196/?ref_=sr_t_411,1984,1h 18m,,6.1,62
412. En Büyük Saban,https://www.imdb.com/title/tt0252414/?ref_=sr_t_412,1984,1h 33m,,6.7,3.2K
413. Pedro Navaja,https://www.imdb.com/title/tt0258016/?ref_=sr_t_413,1984,1h 35m,,6.7,212
414. The Jar,https://www.imdb.com/title/tt0130040/?ref_=sr_t_414,1984,1h 25m,,2.9,428
415. Story of White Coat: Indecent Acts,https://www.imdb.com/title/tt0228362/?ref_=sr_t_415,1984,55m,Not Rated,5.0,248
416. The Dark Glow of the Mountains,https://www.imdb.com/title/tt0087317/?ref_=sr_t_416,1984,45m,,7.4,1.1K
417. Flight Attendant: Scandal,https://www.imdb.com/title/tt0288235/?ref_=sr_t_417,1984,1h 7m,,4.7,38
418. Saaransh,https://www.imdb.com/title/tt0088031/?ref_=sr_t_418,1984,2h 17m,Not Rated,8.1,2.1K
419. Sohni Mahiwal,https://www.imdb.com/title/tt0152509/?ref_=sr_t_419,1984,2h 22m,,6.1,405
420. Macho que ladra no muerde,https://www.imdb.com/title/tt0352546/?ref_=sr_t_420,1984,1h 33m,,5.3,49
421. The Honest One,https://www.imdb.com/title/tt0263776/?ref_=sr_t_421,1984,1h 33m,,8.1,7.6K
422. Par où t'es rentré? On t'a pas vu sortir,https://www.imdb.com/title/tt0087877/?ref_=sr_t_422,1984,1h 30m,,3.0,163
423. Chained Justice,https://www.imdb.com/title/tt0085460/?ref_=sr_t_423,1984,1h 56m,,7.7,96
424. Yahan Wahan,https://www.imdb.com/title/tt0374343/?ref_=sr_t_424,1984,,,6.3,23
425. Alev Alev,https://www.imdb.com/title/tt0287906/?ref_=sr_t_425,1984,1h 54m,,5.7,358
426. Detenute violente,https://www.imdb.com/title/tt0085662/?ref_=sr_t_426,1984,1h 30m,Not Rated,3.3,249
427. Loafing and Camouflage,https://www.imdb.com/title/tt0123976/?ref_=sr_t_427,1984,1h 39m,,7.7,3.7K
428. Shanghai Blues,https://www.imdb.com/title/tt0088097/?ref_=sr_t_428,1984,1h 43m,,7.1,539
429. The Next One,https://www.imdb.com/title/tt0087788/?ref_=sr_t_429,1984,1h 45m,,4.8,1.2K
430. Frankenstein 90,https://www.imdb.com/title/tt0087289/?ref_=sr_t_430,1984,1h 40m,,4.5,418
431. Cudo nevidjeno,https://www.imdb.com/title/tt0173750/?ref_=sr_t_431,1984,1h 32m,,7.8,1K
432. The Sidewalks of Bangkok,https://www.imdb.com/title/tt0088300/?ref_=sr_t_432,1984,1h 25m,Not Rated,3.7,341
433. The Making of Fanny and Alexander,https://www.imdb.com/title/tt0090955/?ref_=sr_t_433,1984,1h 50m,Not Rated,7.5,1.1K
434. The Happy Ghost,https://www.imdb.com/title/tt0087528/?ref_=sr_t_434,1984,1h 36m,,6.2,441
435. Sudden Love,https://www.imdb.com/title/tt0141881/?ref_=sr_t_435,1984,1h 40m,,6.4,136
436. Camila,https://www.imdb.com/title/tt0087027/?ref_=sr_t_436,1984,1h 45m,R,6.9,1.5K
437. Secret Places,https://www.imdb.com/title/tt0088075/?ref_=sr_t_437,1984,1h 38m,PG,6.9,122
438. Bulaklak sa City Jail,https://www.imdb.com/title/tt0125025/?ref_=sr_t_438,1984,1h 50m,TV-MA,7.1,424
439. Tere Mere Beech Mein,https://www.imdb.com/title/tt0232783/?ref_=sr_t_439,1984,2h 34m,,6.5,35
440. Henry IV,https://www.imdb.com/title/tt0087208/?ref_=sr_t_440,1984,1h 25m,PG-13,6.4,414
441. Evil Judgment,https://www.imdb.com/title/tt0087221/?ref_=sr_t_441,1984,1h 33m,R,5.2,240
442. Jungle Warriors,https://www.imdb.com/title/tt0087523/?ref_=sr_t_442,1984,1h 33m,R,4.5,477
443. Running Hot,https://www.imdb.com/title/tt0088025/?ref_=sr_t_443,1984,1h 35m,R,5.7,246
444. Young Lust,https://www.imdb.com/title/tt0083353/?ref_=sr_t_444,1984,1h 30m,R,5.5,34
445. Kids from Shaolin,https://www.imdb.com/title/tt0086301/?ref_=sr_t_445,1984,1h 39m,TV-14,6.2,1.8K
446. Bucharest Identity Card,https://www.imdb.com/title/tt0121126/?ref_=sr_t_446,1984,1h 28m,,7.8,781
447. Merry Christmas,https://www.imdb.com/title/tt0088106/?ref_=sr_t_447,1984,1h 36m,,6.6,181
448. Duniya,https://www.imdb.com/title/tt0301231/?ref_=sr_t_448,1984,2h 49m,Not Rated,6.4,316
449. Lorca and the Outlaws,https://www.imdb.com/title/tt0090068/?ref_=sr_t_449,1984,1h 24m,PG,3.3,388
450. The Secret of an Old Attic,https://www.imdb.com/title/tt0182479/?ref_=sr_t_450,1984,1h 41m,,6.8,335
451. Bicycles Are for the Summer,https://www.imdb.com/title/tt0085241/?ref_=sr_t_451,1984,1h 43m,,7.3,918
452. The Insatiable Widow,https://www.imdb.com/title/tt0122117/?ref_=sr_t_452,1984,1h 26m,R,5.4,79
453. Deadly Impact,https://www.imdb.com/title/tt0087461/?ref_=sr_t_453,1984,1h 20m,Not Rated,4.3,219
454. Devil Fetus 2: The Rape After,https://www.imdb.com/title/tt0091825/?ref_=sr_t_454,1984,1h 28m,,5.5,160
455. Holly - The Movie,https://www.imdb.com/title/tt0089753/?ref_=sr_t_455,1984,1h 25m,,6.4,4.7K
456. Utsav,https://www.imdb.com/title/tt0088335/?ref_=sr_t_456,1984,2h 25m,,6.9,437
457. Yellow Earth,https://www.imdb.com/title/tt0087433/?ref_=sr_t_457,1984,1h 29m,TV-PG,7.1,2.6K
458. Shackin' Up,https://www.imdb.com/title/tt0087786/?ref_=sr_t_458,1984,1h 43m,R,4.6,199
459. The Vultures,https://www.imdb.com/title/tt0087742/?ref_=sr_t_459,1984,1h 46m,,6.1,2.4K
460. Tutti dentro,https://www.imdb.com/title/tt0088307/?ref_=sr_t_460,1984,1h 48m,,5.7,330
461. Tutku,https://www.imdb.com/title/tt0427971/?ref_=sr_t_461,1984,1h 23m,,5.1,187
462. Holi,https://www.imdb.com/title/tt0087417/?ref_=sr_t_462,1984,2h,,7.1,618
463. The Ninja Mission,https://www.imdb.com/title/tt0087806/?ref_=sr_t_463,1984,1h 33m,R,4.1,772
464. Akelarre,https://www.imdb.com/title/tt0086864/?ref_=sr_t_464,1984,1h 42m,,6.0,182
465. Dangerous Moves,https://www.imdb.com/title/tt0087144/?ref_=sr_t_465,1984,1h 40m,,6.6,1.6K
466. Kamiondzije opet voze,https://www.imdb.com/title/tt0179918/?ref_=sr_t_466,1984,1h 28m,,8.0,1.3K
467. Blood Boy Beasts ... Ready for Anything,https://www.imdb.com/title/tt0907896/?ref_=sr_t_467,1984,1h 22m,,4.0,44
468. El pico 2,https://www.imdb.com/title/tt0087913/?ref_=sr_t_468,1984,2h,,6.4,654
469. USA girl: Sex counselor,https://www.imdb.com/title/tt10126402/?ref_=sr_t_469,1984,1h 3m,,,
470. Virgin People,https://www.imdb.com/title/tt0292337/?ref_=sr_t_470,1984,2h,TV-MA,6.5,514
471. Torchlight,https://www.imdb.com/title/tt0088287/?ref_=sr_t_471,1984,1h 30m,R,3.9,157
472. Il ragazzo di campagna,https://www.imdb.com/title/tt0087971/?ref_=sr_t_472,1984,1h 32m,,6.8,2.5K
473. Tu Solo,https://www.imdb.com/title/tt0088311/?ref_=sr_t_473,1984,1h 35m,,6.8,56
474. Haunters of the Deep,https://www.imdb.com/title/tt0087389/?ref_=sr_t_474,1984,1h 1m,,6.1,139
475. Gallavants,https://www.imdb.com/title/tt0272101/?ref_=sr_t_475,1984,1h 40m,G,6.7,160
476. Super porno: Shiroi hada no ugomeki,https://www.imdb.com/title/tt10109506/?ref_=sr_t_476,1984,1h 4m,,,
477. Nallavanukku Nallavan,https://www.imdb.com/title/tt0320134/?ref_=sr_t_477,1984,2h 55m,Not Rated,7.0,296
478. Elite Devassa,https://www.imdb.com/title/tt0438833/?ref_=sr_t_478,1984,1h 30m,,5.0,58
479. An Amorous Woman of Tang Dynasty,https://www.imdb.com/title/tt0121787/?ref_=sr_t_479,1984,1h 42m,,6.6,278
480. Un amour interdit,https://www.imdb.com/title/tt0088182/?ref_=sr_t_480,1984,1h 35m,,5.0,77
481. Long Arm of the Law,https://www.imdb.com/title/tt0088107/?ref_=sr_t_481,1984,1h 45m,,7.1,1.1K
482. Lovelines,https://www.imdb.com/title/tt0087648/?ref_=sr_t_482,1984,1h 33m,R,5.1,333
483. Antonio Gaudí,https://www.imdb.com/title/tt0086907/?ref_=sr_t_483,1984,1h 12m,Not Rated,7.2,1.8K
484. Koichiro Uno's Wet and Swinging,https://www.imdb.com/title/tt0143776/?ref_=sr_t_484,1984,55m,,5.4,31
485. The Census Taker,https://www.imdb.com/title/tt0162907/?ref_=sr_t_485,1984,1h 35m,Not Rated,5.5,221
486. Snow White,https://www.imdb.com/title/tt0121387/?ref_=sr_t_486,1984,1h 30m,,7.7,930
487. Sleepwalker,https://www.imdb.com/title/tt1003059/?ref_=sr_t_487,1984,51m,,5.8,428
488. Memed My Hawk,https://www.imdb.com/title/tt0087706/?ref_=sr_t_488,1984,1h 50m,PG-13,6.6,210
489. Love on the Ground,https://www.imdb.com/title/tt0086889/?ref_=sr_t_489,1984,2h 5m,,6.8,675
490. Sigaw ng katarungan,https://www.imdb.com/title/tt0409291/?ref_=sr_t_490,1984,,,7.7,16
491. Maa,https://www.imdb.com/title/tt0214896/?ref_=sr_t_491,1984,2h 7m,Not Rated,8.8,13
492. Fahriye Abla,https://www.imdb.com/title/tt0289942/?ref_=sr_t_492,1984,1h 28m,,6.9,756
493. One Night Stand,https://www.imdb.com/title/tt0087844/?ref_=sr_t_493,1984,1h 34m,Not Rated,6.2,267
494. I poli pote den koimatai,https://www.imdb.com/title/tt0288743/?ref_=sr_t_494,1984,1h 35m,,7.0,141
495. Marynia,https://www.imdb.com/title/tt0085910/?ref_=sr_t_495,1984,1h 40m,,6.6,21
"496. Shake, Rattle & Roll",https://www.imdb.com/title/tt0156066/?ref_=sr_t_496,1984,2h 4m,,6.5,490
497. The Red Fury,https://www.imdb.com/title/tt0087986/?ref_=sr_t_497,1984,1h 45m,PG,6.3,190
498. An itan to violi pouli...,https://www.imdb.com/title/tt0235181/?ref_=sr_t_498,1984,1h 18m,,6.2,284
499. Paar,https://www.imdb.com/title/tt0087868/?ref_=sr_t_499,1984,2h 21m,Not Rated,7.7,581
500. Marche à l'ombre,https://www.imdb.com/title/tt0087681/?ref_=sr_t_500,1984,1h 30m,Not Rated,6.6,1.7K
