Title,Movie Link,Year,Duration,MPA,Rating,Votes
1. Harry Potter and the Deathly Hallows: Part 2,https://www.imdb.com/title/tt1201607/?ref_=sr_t_1,2011,2h 10m,PG-13,8.1,980K
2. Transformers: Dark of the Moon,https://www.imdb.com/title/tt1399103/?ref_=sr_t_2,2011,2h 34m,PG-13,6.2,440K
3. The Twilight Saga: Breaking Dawn - Part 1,https://www.imdb.com/title/tt1324999/?ref_=sr_t_3,2011,1h 57m,PG-13,4.9,260K
4. The Hangover Part II,https://www.imdb.com/title/tt1411697/?ref_=sr_t_4,2011,1h 42m,R,6.5,549K
5. Pirates of the Caribbean: On Stranger Tides,https://www.imdb.com/title/tt1298650/?ref_=sr_t_5,2011,2h 16m,PG-13,6.6,578K
6. Fast Five,https://www.imdb.com/title/tt1596343/?ref_=sr_t_6,2011,2h 10m,PG-13,7.3,416K
7. Mission: Impossible - Ghost Protocol,https://www.imdb.com/title/tt1229238/?ref_=sr_t_7,2011,2h 12m,PG-13,7.4,538K
8. Cars 2,https://www.imdb.com/title/tt1216475/?ref_=sr_t_8,2011,1h 46m,G,6.2,230K
9. Sherlock Holmes: A Game of Shadows,https://www.imdb.com/title/tt1515091/?ref_=sr_t_9,2011,2h 9m,PG-13,7.4,489K
10. Thor,https://www.imdb.com/title/tt0800369/?ref_=sr_t_10,2011,1h 55m,PG-13,7.0,921K
11. Rise of the Planet of the Apes,https://www.imdb.com/title/tt1318514/?ref_=sr_t_11,2011,1h 45m,PG-13,7.6,588K
12. Captain America: The First Avenger,https://www.imdb.com/title/tt0458339/?ref_=sr_t_12,2011,2h 4m,PG-13,6.9,918K
13. The Help,https://www.imdb.com/title/tt1454029/?ref_=sr_t_13,2011,2h 26m,PG-13,8.1,506K
14. Bridesmaids,https://www.imdb.com/title/tt1478338/?ref_=sr_t_14,2011,2h 5m,R,6.8,315K
15. Kung Fu Panda 2,https://www.imdb.com/title/tt1302011/?ref_=sr_t_15,2011,1h 30m,PG,7.3,333K
16. Puss in Boots,https://www.imdb.com/title/tt0448694/?ref_=sr_t_16,2011,1h 30m,PG,6.6,198K
17. X-Men: First Class,https://www.imdb.com/title/tt1270798/?ref_=sr_t_17,2011,2h 11m,PG-13,7.7,740K
18. Rio,https://www.imdb.com/title/tt1436562/?ref_=sr_t_18,2011,1h 36m,G,6.9,257K
19. The Smurfs,https://www.imdb.com/title/tt0472181/?ref_=sr_t_19,2011,1h 43m,PG,5.4,99K
20. Alvin and the Chipmunks: Chipwrecked,https://www.imdb.com/title/tt1615918/?ref_=sr_t_20,2011,1h 27m,G,4.4,41K
21. Super 8,https://www.imdb.com/title/tt1650062/?ref_=sr_t_21,2011,1h 52m,PG-13,7.0,372K
22. Rango,https://www.imdb.com/title/tt1192628/?ref_=sr_t_22,2011,1h 47m,PG,7.3,301K
23. Horrible Bosses,https://www.imdb.com/title/tt1499658/?ref_=sr_t_23,2011,1h 38m,R,6.9,476K
24. Green Lantern,https://www.imdb.com/title/tt1133985/?ref_=sr_t_24,2011,1h 54m,PG-13,5.5,301K
25. Hop,https://www.imdb.com/title/tt1411704/?ref_=sr_t_25,2011,1h 35m,PG,5.4,38K
26. Paranormal Activity 3,https://www.imdb.com/title/tt1778304/?ref_=sr_t_26,2011,1h 23m,R,5.8,101K
27. Just Go with It,https://www.imdb.com/title/tt1564367/?ref_=sr_t_27,2011,1h 57m,PG-13,6.4,274K
28. The Girl with the Dragon Tattoo,https://www.imdb.com/title/tt1568346/?ref_=sr_t_28,2011,2h 38m,R,7.8,507K
29. Bad Teacher,https://www.imdb.com/title/tt1284575/?ref_=sr_t_29,2011,1h 32m,R,5.7,216K
30. Cowboys & Aliens,https://www.imdb.com/title/tt0409847/?ref_=sr_t_30,2011,1h 59m,PG-13,6.0,236K
31. Gnomeo & Juliet,https://www.imdb.com/title/tt0377981/?ref_=sr_t_31,2011,1h 24m,G,5.9,61K
32. The Green Hornet,https://www.imdb.com/title/tt0990407/?ref_=sr_t_32,2011,1h 59m,PG-13,5.8,166K
33. The Muppets,https://www.imdb.com/title/tt1204342/?ref_=sr_t_33,2011,1h 43m,PG,7.1,98K
34. Real Steel,https://www.imdb.com/title/tt0433035/?ref_=sr_t_34,2011,2h 7m,PG-13,7.1,366K
"35. Crazy, Stupid, Love.",https://www.imdb.com/title/tt1570728/?ref_=sr_t_35,2011,1h 58m,PG-13,7.4,582K
36. Battle Los Angeles,https://www.imdb.com/title/tt1217613/?ref_=sr_t_36,2011,1h 56m,PG-13,5.7,187K
37. Immortals,https://www.imdb.com/title/tt1253864/?ref_=sr_t_37,2011,1h 50m,R,6.0,179K
38. The Descendants,https://www.imdb.com/title/tt1033575/?ref_=sr_t_38,2011,1h 55m,R,7.3,255K
39. Zookeeper,https://www.imdb.com/title/tt1222817/?ref_=sr_t_39,2011,1h 42m,PG,5.2,67K
40. War Horse,https://www.imdb.com/title/tt1568911/?ref_=sr_t_40,2011,2h 26m,PG-13,7.2,168K
41. Limitless,https://www.imdb.com/title/tt1219289/?ref_=sr_t_41,2011,1h 45m,PG-13,7.4,623K
42. Tower Heist,https://www.imdb.com/title/tt0471042/?ref_=sr_t_42,2011,1h 44m,PG-13,6.2,153K
43. The Adventures of Tintin,https://www.imdb.com/title/tt0983193/?ref_=sr_t_43,2011,1h 47m,PG,7.3,247K
44. Contagion,https://www.imdb.com/title/tt1598778/?ref_=sr_t_44,2011,1h 46m,PG-13,6.8,321K
45. We Bought a Zoo,https://www.imdb.com/title/tt1389137/?ref_=sr_t_45,2011,2h 4m,PG,7.0,155K
46. Moneyball,https://www.imdb.com/title/tt1210166/?ref_=sr_t_46,2011,2h 13m,PG-13,7.6,479K
47. Jack and Jill,https://www.imdb.com/title/tt0810913/?ref_=sr_t_47,2011,1h 31m,PG,3.3,92K
48. Hugo,https://www.imdb.com/title/tt0970179/?ref_=sr_t_48,2011,2h 6m,PG,7.5,341K
49. Justin Bieber: Never Say Never,https://www.imdb.com/title/tt1702443/?ref_=sr_t_49,2011,1h 45m,G,1.7,77K
50. Dolphin Tale,https://www.imdb.com/title/tt1564349/?ref_=sr_t_50,2011,1h 53m,PG,6.8,26K
51. No Strings Attached,https://www.imdb.com/title/tt1411238/?ref_=sr_t_51,2011,1h 48m,R,6.2,248K
52. Mr. Popper's Penguins,https://www.imdb.com/title/tt1396218/?ref_=sr_t_52,2011,1h 34m,PG,6.0,108K
53. Happy Feet Two,https://www.imdb.com/title/tt1402488/?ref_=sr_t_53,2011,1h 40m,PG,5.8,49K
54. Unknown,https://www.imdb.com/title/tt1401152/?ref_=sr_t_54,2011,1h 53m,PG-13,6.8,272K
55. The Adjustment Bureau,https://www.imdb.com/title/tt1385826/?ref_=sr_t_55,2011,1h 46m,PG-13,7.0,275K
56. Water for Elephants,https://www.imdb.com/title/tt1067583/?ref_=sr_t_56,2011,2h,PG-13,6.9,122K
57. The Lincoln Lawyer,https://www.imdb.com/title/tt1189340/?ref_=sr_t_57,2011,1h 58m,R,7.3,260K
58. Midnight in Paris,https://www.imdb.com/title/tt1605783/?ref_=sr_t_58,2011,1h 34m,PG-13,7.6,458K
59. Friends with Benefits,https://www.imdb.com/title/tt1632708/?ref_=sr_t_59,2011,1h 49m,R,6.5,404K
60. I Am Number Four,https://www.imdb.com/title/tt1464540/?ref_=sr_t_60,2011,1h 51m,PG-13,6.1,249K
61. Source Code,https://www.imdb.com/title/tt0945513/?ref_=sr_t_61,2011,1h 33m,PG-13,7.5,562K
62. New Year's Eve,https://www.imdb.com/title/tt1598822/?ref_=sr_t_62,2011,1h 58m,PG-13,5.6,91K
63. Madea's Big Happy Family,https://www.imdb.com/title/tt1787759/?ref_=sr_t_63,2011,1h 46m,PG-13,4.8,8.8K
64. Diary of a Wimpy Kid: Rodrick Rules,https://www.imdb.com/title/tt1650043/?ref_=sr_t_64,2011,1h 39m,PG,6.6,38K
65. Footloose,https://www.imdb.com/title/tt1068242/?ref_=sr_t_65,2011,1h 53m,PG-13,5.8,54K
66. Ghost Rider: Spirit of Vengeance,https://www.imdb.com/title/tt1071875/?ref_=sr_t_66,2011,1h 36m,PG-13,4.3,129K
67. The Grey,https://www.imdb.com/title/tt1601913/?ref_=sr_t_67,2011,1h 57m,R,6.7,267K
68. The Dilemma,https://www.imdb.com/title/tt1578275/?ref_=sr_t_68,2011,1h 51m,PG-13,5.3,57K
69. Arthur Christmas,https://www.imdb.com/title/tt1430607/?ref_=sr_t_69,2011,1h 37m,PG,7.1,70K
70. The Best Exotic Marigold Hotel,https://www.imdb.com/title/tt1412386/?ref_=sr_t_70,2011,2h 4m,PG-13,7.2,101K
71. Hall Pass,https://www.imdb.com/title/tt0480687/?ref_=sr_t_71,2011,1h 45m,R,5.9,133K
72. The Artist,https://www.imdb.com/title/tt1655442/?ref_=sr_t_72,2011,1h 40m,PG-13,7.8,251K
73. Soul Surfer,https://www.imdb.com/title/tt1596346/?ref_=sr_t_73,2011,1h 52m,PG,7.0,54K
74. Final Destination 5,https://www.imdb.com/title/tt1622979/?ref_=sr_t_74,2011,1h 32m,R,5.9,129K
75. The Cabin in the Woods,https://www.imdb.com/title/tt1259521/?ref_=sr_t_75,2011,1h 35m,R,7.0,466K
76. The Ides of March,https://www.imdb.com/title/tt1124035/?ref_=sr_t_76,2011,1h 41m,R,7.1,234K
77. Hanna,https://www.imdb.com/title/tt0993842/?ref_=sr_t_77,2011,1h 51m,PG-13,6.7,209K
78. Something Borrowed,https://www.imdb.com/title/tt0491152/?ref_=sr_t_78,2011,1h 52m,PG-13,5.8,66K
79. Spy Kids 4: All the Time in the World,https://www.imdb.com/title/tt1517489/?ref_=sr_t_79,2011,1h 29m,PG,3.6,29K
80. Scream 4,https://www.imdb.com/title/tt1262416/?ref_=sr_t_80,2011,1h 51m,R,6.2,178K
"81. Big Mommas: Like Father, Like Son",https://www.imdb.com/title/tt1464174/?ref_=sr_t_81,2011,1h 47m,PG-13,4.5,30K
82. Red Riding Hood,https://www.imdb.com/title/tt1486185/?ref_=sr_t_82,2011,1h 40m,PG-13,5.4,117K
83. In Time,https://www.imdb.com/title/tt1637688/?ref_=sr_t_83,2011,1h 49m,PG-13,6.7,460K
84. Paul,https://www.imdb.com/title/tt1092026/?ref_=sr_t_84,2011,1h 44m,R,6.9,271K
85. J. Edgar,https://www.imdb.com/title/tt1616195/?ref_=sr_t_85,2011,2h 17m,R,6.5,135K
86. The Roommate,https://www.imdb.com/title/tt1265990/?ref_=sr_t_86,2011,1h 31m,PG-13,4.8,42K
87. Jumping the Broom,https://www.imdb.com/title/tt1640484/?ref_=sr_t_87,2011,1h 52m,PG-13,5.7,12K
88. The Change-Up,https://www.imdb.com/title/tt1488555/?ref_=sr_t_88,2011,1h 52m,R,6.3,200K
89. 30 Minutes or Less,https://www.imdb.com/title/tt1622547/?ref_=sr_t_89,2011,1h 23m,R,6.0,108K
90. Colombiana,https://www.imdb.com/title/tt1657507/?ref_=sr_t_90,2011,1h 48m,PG-13,6.4,110K
91. Sucker Punch,https://www.imdb.com/title/tt0978764/?ref_=sr_t_91,2011,1h 50m,PG-13,6.1,256K
92. Larry Crowne,https://www.imdb.com/title/tt1583420/?ref_=sr_t_92,2011,1h 38m,PG-13,6.1,72K
93. Drive,https://www.imdb.com/title/tt0780504/?ref_=sr_t_93,2011,1h 40m,R,7.8,725K
94. A Very Harold & Kumar Christmas,https://www.imdb.com/title/tt1268799/?ref_=sr_t_94,2011,1h 30m,R,6.2,74K
95. Courageous,https://www.imdb.com/title/tt1630036/?ref_=sr_t_95,2011,2h 9m,PG-13,6.9,22K
96. 50/50,https://www.imdb.com/title/tt1306980/?ref_=sr_t_96,2011,1h 40m,R,7.6,346K
97. The Rite,https://www.imdb.com/title/tt1161864/?ref_=sr_t_97,2011,1h 54m,PG-13,6.0,104K
98. Arthur,https://www.imdb.com/title/tt1334512/?ref_=sr_t_98,2011,1h 50m,PG-13,5.7,53K
99. Extremely Loud & Incredibly Close,https://www.imdb.com/title/tt0477302/?ref_=sr_t_99,2011,2h 9m,PG-13,6.9,106K
100. The Sitter,https://www.imdb.com/title/tt1366344/?ref_=sr_t_100,2011,1h 21m,R,5.6,73K
101. The Iron Lady,https://www.imdb.com/title/tt1007029/?ref_=sr_t_101,2011,1h 45m,PG-13,6.4,115K
102. Priest,https://www.imdb.com/title/tt0822847/?ref_=sr_t_102,2011,1h 27m,PG-13,5.7,126K
103. The Mechanic,https://www.imdb.com/title/tt0472399/?ref_=sr_t_103,2011,1h 33m,R,6.5,176K
104. Chimpanzee,https://www.imdb.com/title/tt1222815/?ref_=sr_t_104,2011,1h 18m,G,7.1,6.4K
105. Abduction,https://www.imdb.com/title/tt1600195/?ref_=sr_t_105,2011,1h 46m,PG-13,5.1,84K
106. Beastly,https://www.imdb.com/title/tt1152398/?ref_=sr_t_106,2011,1h 26m,PG-13,5.5,81K
107. Winnie the Pooh,https://www.imdb.com/title/tt1449283/?ref_=sr_t_107,2011,1h 3m,G,7.1,29K
108. Killer Elite,https://www.imdb.com/title/tt1448755/?ref_=sr_t_108,2011,1h 56m,R,6.4,137K
109. Season of the Witch,https://www.imdb.com/title/tt0479997/?ref_=sr_t_109,2011,1h 35m,PG-13,5.4,100K
110. Our Idiot Brother,https://www.imdb.com/title/tt1637706/?ref_=sr_t_110,2011,1h 30m,R,6.4,91K
111. Tinker Tailor Soldier Spy,https://www.imdb.com/title/tt1340800/?ref_=sr_t_111,2011,2h 7m,R,7.0,217K
112. Sanctum,https://www.imdb.com/title/tt0881320/?ref_=sr_t_112,2011,1h 48m,R,5.9,58K
113. Monte Carlo,https://www.imdb.com/title/tt1067774/?ref_=sr_t_113,2011,1h 49m,PG,5.8,50K
114. Your Highness,https://www.imdb.com/title/tt1240982/?ref_=sr_t_114,2011,1h 42m,R,5.5,106K
115. The Darkest Hour,https://www.imdb.com/title/tt1093357/?ref_=sr_t_115,2011,1h 29m,PG-13,4.9,65K
116. Mars Needs Moms,https://www.imdb.com/title/tt1305591/?ref_=sr_t_116,2011,1h 28m,PG,5.4,24K
117. Dream House,https://www.imdb.com/title/tt1462041/?ref_=sr_t_117,2011,1h 32m,PG-13,6.0,70K
118. Conan the Barbarian,https://www.imdb.com/title/tt0816462/?ref_=sr_t_118,2011,1h 53m,R,5.2,104K
119. The Three Musketeers,https://www.imdb.com/title/tt1509767/?ref_=sr_t_119,2011,1h 50m,PG-13,5.7,113K
120. The Eagle,https://www.imdb.com/title/tt1034389/?ref_=sr_t_120,2011,1h 54m,PG-13,6.2,75K
121. Haywire,https://www.imdb.com/title/tt1506999/?ref_=sr_t_121,2011,1h 33m,R,5.8,91K
122. Shark Night,https://www.imdb.com/title/tt1633356/?ref_=sr_t_122,2011,1h 30m,PG-13,4.1,28K
123. You're Next,https://www.imdb.com/title/tt1853739/?ref_=sr_t_123,2011,1h 35m,R,6.6,114K
124. Fright Night,https://www.imdb.com/title/tt1438176/?ref_=sr_t_124,2011,1h 46m,R,6.4,116K
125. Apollo 18,https://www.imdb.com/title/tt1772240/?ref_=sr_t_125,2011,1h 26m,PG-13,5.2,59K
126. The Thing,https://www.imdb.com/title/tt0905372/?ref_=sr_t_126,2011,1h 43m,R,6.2,149K
127. Young Adult,https://www.imdb.com/title/tt1625346/?ref_=sr_t_127,2011,1h 34m,R,6.3,89K
128. Judy Moody and the Not Bummer Summer,https://www.imdb.com/title/tt1547230/?ref_=sr_t_128,2011,1h 31m,PG,4.4,3.5K
129. My Week with Marilyn,https://www.imdb.com/title/tt1655420/?ref_=sr_t_129,2011,1h 39m,R,6.9,90K
130. What's Your Number?,https://www.imdb.com/title/tt0770703/?ref_=sr_t_130,2011,1h 46m,R,6.0,89K
131. One Day,https://www.imdb.com/title/tt1563738/?ref_=sr_t_131,2011,1h 47m,PG-13,7.0,173K
132. Warrior,https://www.imdb.com/title/tt1291584/?ref_=sr_t_132,2011,2h 20m,PG-13,8.1,509K
133. The Tree of Life,https://www.imdb.com/title/tt0478304/?ref_=sr_t_133,2011,2h 19m,PG-13,6.8,187K
134. The Rum Diary,https://www.imdb.com/title/tt0376136/?ref_=sr_t_134,2011,1h 59m,R,6.1,109K
135. Silent House,https://www.imdb.com/title/tt1767382/?ref_=sr_t_135,2011,1h 26m,R,5.2,25K
136. Glee: The 3D Concert Movie,https://www.imdb.com/title/tt1922612/?ref_=sr_t_136,2011,1h 24m,PG,5.6,6.1K
137. Jane Eyre,https://www.imdb.com/title/tt1229822/?ref_=sr_t_137,2011,2h,PG-13,7.3,95K
138. Drive Angry,https://www.imdb.com/title/tt1502404/?ref_=sr_t_138,2011,1h 44m,R,5.4,105K
139. Straw Dogs,https://www.imdb.com/title/tt0999913/?ref_=sr_t_139,2011,1h 50m,R,5.8,37K
140. The Intouchables,https://www.imdb.com/title/tt1675434/?ref_=sr_t_140,2011,1h 52m,R,8.5,960K
141. Win Win,https://www.imdb.com/title/tt1606392/?ref_=sr_t_141,2011,1h 46m,R,7.1,56K
142. Hoodwinked Too! Hood vs. Evil,https://www.imdb.com/title/tt0844993/?ref_=sr_t_142,2011,1h 26m,PG,4.7,14K
143. Prom,https://www.imdb.com/title/tt1604171/?ref_=sr_t_143,2011,1h 44m,PG,5.4,16K
144. I Don't Know How She Does It,https://www.imdb.com/title/tt1742650/?ref_=sr_t_144,2011,1h 29m,PG-13,5.0,21K
145. Bernie,https://www.imdb.com/title/tt1704573/?ref_=sr_t_145,2011,1h 44m,PG-13,6.8,65K
146. Salmon Fishing in the Yemen,https://www.imdb.com/title/tt1441952/?ref_=sr_t_146,2011,1h 47m,PG-13,6.8,68K
147. Johnny English Reborn,https://www.imdb.com/title/tt1634122/?ref_=sr_t_147,2011,1h 41m,PG,6.3,144K
148. Kevin Hart: Laugh at My Pain,https://www.imdb.com/title/tt1999192/?ref_=sr_t_148,2011,1h 29m,R,7.3,6.6K
149. Friends with Kids,https://www.imdb.com/title/tt1720616/?ref_=sr_t_149,2011,1h 47m,R,6.1,43K
150. The Big Year,https://www.imdb.com/title/tt1053810/?ref_=sr_t_150,2011,1h 40m,PG,6.2,49K
151. A Separation,https://www.imdb.com/title/tt1832382/?ref_=sr_t_151,2011,2h 3m,PG-13,8.3,266K
152. Take Me Home Tonight,https://www.imdb.com/title/tt0810922/?ref_=sr_t_152,2011,1h 37m,R,6.3,56K
153. Cedar Rapids,https://www.imdb.com/title/tt1477837/?ref_=sr_t_153,2011,1h 27m,R,6.3,40K
154. A Dangerous Method,https://www.imdb.com/title/tt1571222/?ref_=sr_t_154,2011,1h 39m,R,6.4,110K
155. The Guard,https://www.imdb.com/title/tt1540133/?ref_=sr_t_155,2011,1h 36m,R,7.3,98K
156. October Baby,https://www.imdb.com/title/tt1720182/?ref_=sr_t_156,2011,1h 47m,PG-13,6.6,7.9K
157. Margin Call,https://www.imdb.com/title/tt1615147/?ref_=sr_t_157,2011,1h 47m,R,7.1,150K
158. Atlas Shrugged: Part I,https://www.imdb.com/title/tt0480239/?ref_=sr_t_158,2011,1h 37m,PG-13,5.6,14K
159. Anonymous,https://www.imdb.com/title/tt1521197/?ref_=sr_t_159,2011,2h 10m,PG-13,6.8,43K
160. Seven Days in Utopia,https://www.imdb.com/title/tt1699147/?ref_=sr_t_160,2011,1h 40m,G,6.1,4.3K
"161. Jeff, Who Lives at Home",https://www.imdb.com/title/tt1588334/?ref_=sr_t_161,2011,1h 23m,R,6.4,66K
162. Goon,https://www.imdb.com/title/tt1456635/?ref_=sr_t_162,2011,1h 32m,R,6.8,92K
163. Bully,https://www.imdb.com/title/tt1682181/?ref_=sr_t_163,2011,1h 38m,PG-13,7.3,11K
164. The Raid: Redemption,https://www.imdb.com/title/tt1899353/?ref_=sr_t_164,2011,1h 41m,R,7.6,221K
165. Buck,https://www.imdb.com/title/tt1753549/?ref_=sr_t_165,2011,1h 28m,PG,7.6,3.5K
166. Shame,https://www.imdb.com/title/tt1723811/?ref_=sr_t_166,2011,1h 41m,NC-17,7.2,210K
167. Don 2,https://www.imdb.com/title/tt1285241/?ref_=sr_t_167,2011,2h 28m,Not Rated,7.1,59K
168. Pina,https://www.imdb.com/title/tt1440266/?ref_=sr_t_168,2011,1h 43m,PG,7.6,16K
169. Like Crazy,https://www.imdb.com/title/tt1758692/?ref_=sr_t_169,2011,1h 26m,PG-13,6.6,64K
170. The Skin I Live In,https://www.imdb.com/title/tt1189073/?ref_=sr_t_170,2011,2h,R,7.6,171K
171. Zindagi Na Milegi Dobara,https://www.imdb.com/title/tt1562872/?ref_=sr_t_171,2011,2h 35m,Not Rated,8.2,89K
172. From Prada to Nada,https://www.imdb.com/title/tt0893412/?ref_=sr_t_172,2011,1h 47m,PG-13,5.5,16K
173. Melancholia,https://www.imdb.com/title/tt1527186/?ref_=sr_t_173,2011,2h 15m,R,7.1,200K
174. Albert Nobbs,https://www.imdb.com/title/tt1602098/?ref_=sr_t_174,2011,1h 53m,R,6.7,26K
175. Martha Marcy May Marlene,https://www.imdb.com/title/tt1441326/?ref_=sr_t_175,2011,1h 42m,R,6.8,57K
176. Samsara,https://www.imdb.com/title/tt0770802/?ref_=sr_t_176,2011,1h 42m,PG-13,8.4,39K
177. Jiro Dreams of Sushi,https://www.imdb.com/title/tt1772925/?ref_=sr_t_177,2011,1h 21m,PG,7.8,39K
178. Carnage,https://www.imdb.com/title/tt1692486/?ref_=sr_t_178,2011,1h 20m,R,7.1,135K
179. Bucky Larson: Born to Be a Star,https://www.imdb.com/title/tt1411664/?ref_=sr_t_179,2011,1h 37m,R,3.3,13K
180. Ra.One,https://www.imdb.com/title/tt1562871/?ref_=sr_t_180,2011,2h 36m,Not Rated,4.9,48K
181. Monsieur Lazhar,https://www.imdb.com/title/tt2011971/?ref_=sr_t_181,2011,1h 35m,PG-13,7.5,21K
182. Footnote,https://www.imdb.com/title/tt1445520/?ref_=sr_t_182,2011,1h 47m,PG,7.1,6.4K
183. Killer Joe,https://www.imdb.com/title/tt1726669/?ref_=sr_t_183,2011,1h 42m,NC-17,6.7,85K
184. Bodyguard,https://www.imdb.com/title/tt1729637/?ref_=sr_t_184,2011,2h 10m,,4.7,29K
185. Hysteria,https://www.imdb.com/title/tt1435513/?ref_=sr_t_185,2011,1h 40m,R,6.7,34K
186. A Better Life,https://www.imdb.com/title/tt1554091/?ref_=sr_t_186,2011,1h 38m,PG-13,7.2,17K
187. We Need to Talk About Kevin,https://www.imdb.com/title/tt1242460/?ref_=sr_t_187,2011,1h 52m,R,7.5,172K
188. Take Shelter,https://www.imdb.com/title/tt1675192/?ref_=sr_t_188,2011,2h,R,7.3,111K
189. Your Sister's Sister,https://www.imdb.com/title/tt1742336/?ref_=sr_t_189,2011,1h 30m,R,6.7,29K
190. Delhi Belly,https://www.imdb.com/title/tt1934231/?ref_=sr_t_190,2011,1h 43m,Not Rated,7.6,33K
191. The Kid with a Bike,https://www.imdb.com/title/tt1827512/?ref_=sr_t_191,2011,1h 27m,PG-13,7.4,29K
192. The Art of Getting By,https://www.imdb.com/title/tt1645080/?ref_=sr_t_192,2011,1h 23m,PG-13,6.5,61K
193. Private Pérez,https://www.imdb.com/title/tt0461336/?ref_=sr_t_193,2011,1h 45m,PG-13,5.9,2K
194. The Devil's Double,https://www.imdb.com/title/tt1270262/?ref_=sr_t_194,2011,1h 49m,R,7.0,64K
195. Snow Flower and the Secret Fan,https://www.imdb.com/title/tt1541995/?ref_=sr_t_195,2011,2h,PG-13,6.1,4.1K
196. Another Earth,https://www.imdb.com/title/tt1549572/?ref_=sr_t_196,2011,1h 32m,PG-13,6.9,102K
197. Take This Waltz,https://www.imdb.com/title/tt1592281/?ref_=sr_t_197,2011,1h 56m,R,6.5,31K
"198. Beats, Rhymes & Life: The Travels of A Tribe Called Quest",https://www.imdb.com/title/tt1613023/?ref_=sr_t_198,2011,1h 37m,R,7.6,4.1K
199. Headhunters,https://www.imdb.com/title/tt1614989/?ref_=sr_t_199,2011,1h 40m,R,7.5,109K
200. Kill the Irishman,https://www.imdb.com/title/tt1416801/?ref_=sr_t_200,2011,1h 46m,R,7.0,52K
201. The Deep Blue Sea,https://www.imdb.com/title/tt1700844/?ref_=sr_t_201,2011,1h 38m,R,6.2,17K
202. Red State,https://www.imdb.com/title/tt0873886/?ref_=sr_t_202,2011,1h 28m,R,6.1,69K
203. Desi Boyz,https://www.imdb.com/title/tt1985981/?ref_=sr_t_203,2011,2h 2m,Not Rated,5.7,15K
204. There Be Dragons,https://www.imdb.com/title/tt1316616/?ref_=sr_t_204,2011,2h 2m,PG-13,5.7,5.2K
205. Page One,https://www.imdb.com/title/tt1787777/?ref_=sr_t_205,2011,1h 32m,R,6.9,3.5K
206. In Darkness,https://www.imdb.com/title/tt1417075/?ref_=sr_t_206,2011,2h 25m,R,7.3,11K
207. Attack the Block,https://www.imdb.com/title/tt1478964/?ref_=sr_t_207,2011,1h 28m,R,6.7,113K
208. Diana Vreeland: The Eye Has to Travel,https://www.imdb.com/title/tt2053352/?ref_=sr_t_208,2011,1h 26m,PG-13,7.5,1.7K
209. First Position,https://www.imdb.com/title/tt2008513/?ref_=sr_t_209,2011,1h 35m,Not Rated,7.5,3.5K
210. Damsels in Distress,https://www.imdb.com/title/tt1667307/?ref_=sr_t_210,2011,1h 39m,PG-13,5.8,10K
211. From Up on Poppy Hill,https://www.imdb.com/title/tt1798188/?ref_=sr_t_211,2011,1h 31m,PG,7.4,55K
212. Yamla Pagla Deewana,https://www.imdb.com/title/tt1773109/?ref_=sr_t_212,2011,2h 43m,Not Rated,5.7,4.7K
213. Rockstar,https://www.imdb.com/title/tt1839596/?ref_=sr_t_213,2011,2h 39m,Not Rated,7.8,52K
214. Rampart,https://www.imdb.com/title/tt1640548/?ref_=sr_t_214,2011,1h 48m,R,5.8,26K
215. The Beaver,https://www.imdb.com/title/tt1321860/?ref_=sr_t_215,2011,1h 31m,PG-13,6.6,51K
216. Ready,https://www.imdb.com/title/tt1708532/?ref_=sr_t_216,2011,2h 25m,Not Rated,4.9,20K
217. Sholem Aleichem: Laughing in the Darkness,https://www.imdb.com/title/tt1976608/?ref_=sr_t_217,2011,1h 33m,Unrated,7.2,189
218. Higher Ground,https://www.imdb.com/title/tt1562568/?ref_=sr_t_218,2011,1h 49m,R,6.2,3.3K
219. Thin Ice,https://www.imdb.com/title/tt1512240/?ref_=sr_t_219,2011,1h 33m,R,6.2,5.5K
220. Meerkats 3D,https://www.imdb.com/title/tt2713406/?ref_=sr_t_220,2011,1h 23m,,7.1,21
221. Pariah,https://www.imdb.com/title/tt1233334/?ref_=sr_t_221,2011,1h 26m,R,7.2,7.7K
222. Coriolanus,https://www.imdb.com/title/tt1372686/?ref_=sr_t_222,2011,2h 3m,R,6.1,34K
223. Forks Over Knives,https://www.imdb.com/title/tt1567233/?ref_=sr_t_223,2011,1h 30m,PG,7.7,13K
224. Mausam,https://www.imdb.com/title/tt1627924/?ref_=sr_t_224,2011,2h 41m,Not Rated,4.8,5.7K
225. Hobo with a Shotgun,https://www.imdb.com/title/tt1640459/?ref_=sr_t_225,2011,1h 26m,Not Rated,6.1,49K
226. Terri,https://www.imdb.com/title/tt1687281/?ref_=sr_t_226,2011,1h 45m,R,6.5,10K
227. Aarakshan,https://www.imdb.com/title/tt1848771/?ref_=sr_t_227,2011,2h 44m,,6.2,6K
228. The Greatest Movie Ever Sold,https://www.imdb.com/title/tt1743720/?ref_=sr_t_228,2011,1h 30m,PG-13,6.6,15K
229. The Last Lions,https://www.imdb.com/title/tt1692928/?ref_=sr_t_229,2011,1h 28m,PG,8.2,4.4K
230. Le Havre,https://www.imdb.com/title/tt1508675/?ref_=sr_t_230,2011,1h 33m,Not Rated,7.2,24K
"231. Peace, Love & Misunderstanding",https://www.imdb.com/title/tt1649780/?ref_=sr_t_231,2011,1h 36m,R,5.9,8.9K
232. W.E.,https://www.imdb.com/title/tt1536048/?ref_=sr_t_232,2011,1h 59m,R,6.2,14K
233. The Future,https://www.imdb.com/title/tt1235170/?ref_=sr_t_233,2011,1h 31m,R,6.1,9.3K
234. Dum Maaro Dum,https://www.imdb.com/title/tt1618430/?ref_=sr_t_234,2011,2h 8m,R,6.2,4.2K
235. Undefeated,https://www.imdb.com/title/tt1860355/?ref_=sr_t_235,2011,1h 53m,PG-13,7.7,7.4K
236. The Greatest Miracle,https://www.imdb.com/title/tt1931569/?ref_=sr_t_236,2011,1h 10m,PG,4.6,426
237. We Have a Pope,https://www.imdb.com/title/tt1456472/?ref_=sr_t_237,2011,1h 42m,Not Rated,6.7,15K
238. Double Dhamaal,https://www.imdb.com/title/tt1728239/?ref_=sr_t_238,2011,2h 18m,,4.0,4.9K
239. Machine Gun Preacher,https://www.imdb.com/title/tt1586752/?ref_=sr_t_239,2011,2h 9m,R,6.7,70K
240. Where Do We Go Now?,https://www.imdb.com/title/tt1772424/?ref_=sr_t_240,2011,1h 50m,PG-13,7.4,14K
241. Starbuck,https://www.imdb.com/title/tt1756750/?ref_=sr_t_241,2011,1h 49m,R,7.2,17K
242. Creature,https://www.imdb.com/title/tt1686018/?ref_=sr_t_242,2011,1h 33m,R,3.6,3.1K
243. Delicacy,https://www.imdb.com/title/tt1828995/?ref_=sr_t_243,2011,1h 48m,PG-13,6.6,14K
244. Mere Brother Ki Dulhan,https://www.imdb.com/title/tt1740710/?ref_=sr_t_244,2011,2h 19m,Not Rated,5.9,10K
245. Weekend,https://www.imdb.com/title/tt1714210/?ref_=sr_t_245,2011,1h 37m,Not Rated,7.6,33K
246. The Flat,https://www.imdb.com/title/tt2071620/?ref_=sr_t_246,2011,1h 37m,Not Rated,7.0,1.5K
247. Pearl Jam Twenty,https://www.imdb.com/title/tt1417592/?ref_=sr_t_247,2011,1h 59m,Not Rated,8.2,8.3K
248. Thank You,https://www.imdb.com/title/tt1720254/?ref_=sr_t_248,2011,2h 5m,Not Rated,4.8,6.5K
249. Circumstance,https://www.imdb.com/title/tt1684628/?ref_=sr_t_249,2011,1h 47m,R,5.9,8.1K
250. No One Killed Jessica,https://www.imdb.com/title/tt1734110/?ref_=sr_t_250,2011,2h 16m,,7.2,13K
251. National Theatre Live: Frankenstein,https://www.imdb.com/title/tt1795369/?ref_=sr_t_251,2011,2h 10m,,8.5,4.4K
252. Seeking Justice,https://www.imdb.com/title/tt1214962/?ref_=sr_t_252,2011,1h 45m,R,6.1,49K
253. Project Nim,https://www.imdb.com/title/tt1814836/?ref_=sr_t_253,2011,1h 33m,PG-13,7.4,8.7K
254. Sound of My Voice,https://www.imdb.com/title/tt1748207/?ref_=sr_t_254,2011,1h 25m,R,6.6,23K
255. The Well-Digger's Daughter,https://www.imdb.com/title/tt1473063/?ref_=sr_t_255,2011,1h 47m,Not Rated,7.0,4.3K
256. The Oranges,https://www.imdb.com/title/tt1313139/?ref_=sr_t_256,2011,1h 30m,R,5.8,14K
257. The Lady,https://www.imdb.com/title/tt1802197/?ref_=sr_t_257,2011,2h 12m,R,7.0,11K
258. Singham,https://www.imdb.com/title/tt1948150/?ref_=sr_t_258,2011,2h 23m,TV-14,6.8,20K
259. The Salt of Life,https://www.imdb.com/title/tt1813327/?ref_=sr_t_259,2011,1h 30m,Not Rated,6.3,1.9K
260. The Mill and the Cross,https://www.imdb.com/title/tt1324055/?ref_=sr_t_260,2011,1h 32m,Not Rated,6.9,4.5K
261. The Flowers of War,https://www.imdb.com/title/tt1410063/?ref_=sr_t_261,2011,2h 26m,R,7.5,57K
262. I Am Eleven,https://www.imdb.com/title/tt1832370/?ref_=sr_t_262,2011,1h 38m,,6.3,279
263. Being Elmo: A Puppeteer's Journey,https://www.imdb.com/title/tt1787660/?ref_=sr_t_263,2011,1h 20m,PG,7.6,7.3K
264. In the Land of Blood and Honey,https://www.imdb.com/title/tt1714209/?ref_=sr_t_264,2011,2h 7m,R,4.7,35K
265. You Will Be My Son,https://www.imdb.com/title/tt1754795/?ref_=sr_t_265,2011,1h 42m,R,6.9,1.2K
266. The Interrupters,https://www.imdb.com/title/tt1319744/?ref_=sr_t_266,2011,2h 5m,Unrated,7.5,3.6K
267. Rascals,https://www.imdb.com/title/tt1830786/?ref_=sr_t_267,2011,2h 8m,,3.0,3.2K
268. The Black Power Mixtape 1967-1975,https://www.imdb.com/title/tt1592527/?ref_=sr_t_268,2011,1h 40m,Not Rated,7.6,2.5K
269. 7 Khoon Maaf,https://www.imdb.com/title/tt1629376/?ref_=sr_t_269,2011,2h 17m,,6.3,6.7K
270. Conan O'Brien Can't Stop,https://www.imdb.com/title/tt1864288/?ref_=sr_t_270,2011,1h 29m,R,7.0,6.9K
271. Munger Road,https://www.imdb.com/title/tt1720172/?ref_=sr_t_271,2011,1h 26m,PG-13,4.4,1.8K
272. The Music Never Stopped,https://www.imdb.com/title/tt1613062/?ref_=sr_t_272,2011,1h 45m,PG,7.5,8.8K
273. Chicken with Plums,https://www.imdb.com/title/tt1663321/?ref_=sr_t_273,2011,1h 33m,PG-13,7.0,10K
274. Life in a Day,https://www.imdb.com/title/tt1687247/?ref_=sr_t_274,2011,1h 35m,PG-13,7.6,16K
275. War of the Arrows,https://www.imdb.com/title/tt2025526/?ref_=sr_t_275,2011,2h 2m,R,7.1,13K
276. Gerhard Richter Painting,https://www.imdb.com/title/tt1982113/?ref_=sr_t_276,2011,1h 37m,Unrated,7.2,796
277. Trishna,https://www.imdb.com/title/tt1836987/?ref_=sr_t_277,2011,1h 57m,R,6.0,3.3K
278. Elena,https://www.imdb.com/title/tt1925421/?ref_=sr_t_278,2011,1h 49m,Not Rated,7.3,15K
279. Into the Abyss,https://www.imdb.com/title/tt1972663/?ref_=sr_t_279,2011,1h 47m,PG-13,7.3,18K
280. Neil Young Journeys,https://www.imdb.com/title/tt2043931/?ref_=sr_t_280,2011,1h 27m,PG,6.5,839
281. The Afflicted,https://www.imdb.com/title/tt1566637/?ref_=sr_t_281,2011,1h 25m,Not Rated,4.5,1.5K
282. Polisse,https://www.imdb.com/title/tt1661420/?ref_=sr_t_282,2011,2h 7m,Not Rated,7.3,16K
283. Somewhere Between,https://www.imdb.com/title/tt1581845/?ref_=sr_t_283,2011,1h 28m,Not Rated,7.8,449
284. The Awakening,https://www.imdb.com/title/tt1687901/?ref_=sr_t_284,2011,1h 42m,R,6.5,70K
285. Touchback,https://www.imdb.com/title/tt1628055/?ref_=sr_t_285,2011,1h 58m,PG-13,6.5,4.6K
286. 10 Years,https://www.imdb.com/title/tt1715873/?ref_=sr_t_286,2011,1h 40m,PG-13,6.1,28K
"287. Filth to Ashes, Flesh to Dust",https://www.imdb.com/title/tt1499302/?ref_=sr_t_287,2011,1h 30m,Not Rated,2.5,342
288. Blackthorn,https://www.imdb.com/title/tt1629705/?ref_=sr_t_288,2011,1h 42m,R,6.5,11K
289. A Good Old Fashioned Orgy,https://www.imdb.com/title/tt1231586/?ref_=sr_t_289,2011,1h 35m,R,6.1,24K
290. A Simple Life,https://www.imdb.com/title/tt2008006/?ref_=sr_t_290,2011,1h 58m,Not Rated,7.5,6.4K
291. Bol,https://www.imdb.com/title/tt1891757/?ref_=sr_t_291,2011,2h 31m,Not Rated,8.2,9.3K
292. Jig,https://www.imdb.com/title/tt1748062/?ref_=sr_t_292,2011,1h 39m,PG,6.6,367
"293. The Man Nobody Knew: In Search of My Father, CIA Spymaster William Colby",https://www.imdb.com/title/tt1931549/?ref_=sr_t_293,2011,1h 44m,Not Rated,6.8,597
294. Go for It!,https://www.imdb.com/title/tt1307926/?ref_=sr_t_294,2011,1h 45m,PG-13,3.7,1.3K
295. Fullmetal Alchemist: The Sacred Star of Milos,https://www.imdb.com/title/tt1776196/?ref_=sr_t_295,2011,1h 50m,TV-PG,6.9,5.6K
296. The Hunter,https://www.imdb.com/title/tt1703148/?ref_=sr_t_296,2011,1h 40m,R,6.7,42K
297. Flying Swords of Dragon Gate,https://www.imdb.com/title/tt1686784/?ref_=sr_t_297,2011,2h 2m,R,5.9,8.7K
298. Bellflower,https://www.imdb.com/title/tt1242599/?ref_=sr_t_298,2011,1h 46m,R,6.3,8.2K
299. Dark Horse,https://www.imdb.com/title/tt1690455/?ref_=sr_t_299,2011,1h 26m,Not Rated,5.9,6.5K
300. Restless,https://www.imdb.com/title/tt1498569/?ref_=sr_t_300,2011,1h 31m,PG-13,6.7,19K
301. Pastorela,https://www.imdb.com/title/tt2011183/?ref_=sr_t_301,2011,1h 28m,R,6.3,1K
302. Crazy Horse,https://www.imdb.com/title/tt2043814/?ref_=sr_t_302,2011,2h 14m,Not Rated,6.5,891
303. Elles,https://www.imdb.com/title/tt1549589/?ref_=sr_t_303,2011,1h 39m,NC-17,5.6,7.7K
304. Magic Trip: Ken Kesey's Search for a Kool Place,https://www.imdb.com/title/tt1235790/?ref_=sr_t_304,2011,1h 47m,R,6.8,1.7K
305. Unforgivable,https://www.imdb.com/title/tt1583737/?ref_=sr_t_305,2011,1h 51m,R,5.8,833
306. 3-D Sex and Zen: Extreme Ecstasy,https://www.imdb.com/title/tt1365048/?ref_=sr_t_306,2011,2h 9m,Not Rated,4.2,3K
307. Eames: The Architect & The Painter,https://www.imdb.com/title/tt1972646/?ref_=sr_t_307,2011,1h 25m,Not Rated,7.1,1.2K
308. Once Upon a Time in Anatolia,https://www.imdb.com/title/tt1827487/?ref_=sr_t_308,2011,2h 37m,Not Rated,7.8,52K
309. Bullhead,https://www.imdb.com/title/tt1821593/?ref_=sr_t_309,2011,2h 9m,R,7.3,25K
310. Beginning of the Great Revival,https://www.imdb.com/title/tt1699513/?ref_=sr_t_310,2011,2h 4m,Not Rated,3.1,6.4K
311. Revenge of the Electric Car,https://www.imdb.com/title/tt1413496/?ref_=sr_t_311,2011,1h 30m,PG-13,7.1,1.9K
312. Simon och ekarna,https://www.imdb.com/title/tt1375669/?ref_=sr_t_312,2011,2h 2m,Not Rated,6.5,3.1K
313. Gun Hill Road,https://www.imdb.com/title/tt1525838/?ref_=sr_t_313,2011,1h 26m,R,6.5,1.3K
314. I Wish,https://www.imdb.com/title/tt1650453/?ref_=sr_t_314,2011,2h 8m,PG,7.4,8.1K
315. This Must Be the Place,https://www.imdb.com/title/tt1440345/?ref_=sr_t_315,2011,1h 58m,R,6.7,38K
316. The Human Centipede 2 (Full Sequence),https://www.imdb.com/title/tt1530509/?ref_=sr_t_316,2011,1h 31m,Not Rated,3.8,45K
317. Game,https://www.imdb.com/title/tt1772872/?ref_=sr_t_317,2011,2h 15m,Not Rated,5.2,2.6K
318. The Double,https://www.imdb.com/title/tt1646980/?ref_=sr_t_318,2011,1h 38m,PG-13,5.9,32K
319. Beloved,https://www.imdb.com/title/tt1815799/?ref_=sr_t_319,2011,2h 13m,Not Rated,6.1,2.6K
320. Warriors of the Rainbow: Seediq Bale I,https://www.imdb.com/title/tt2007993/?ref_=sr_t_320,2011,2h 24m,Not Rated,7.5,7.4K
321. Red Lips,https://www.imdb.com/title/tt1206483/?ref_=sr_t_321,2011,1h 33m,R,5.2,408
322. 1911,https://www.imdb.com/title/tt1772230/?ref_=sr_t_322,2011,1h 39m,R,5.7,6.6K
323. Kumaré,https://www.imdb.com/title/tt1865425/?ref_=sr_t_323,2011,1h 24m,Not Rated,7.5,5.3K
324. Tomboy,https://www.imdb.com/title/tt1847731/?ref_=sr_t_324,2011,1h 22m,Not Rated,7.4,23K
325. The Loneliest Planet,https://www.imdb.com/title/tt1695405/?ref_=sr_t_325,2011,1h 53m,Not Rated,5.6,4.4K
326. The Forgiveness of Blood,https://www.imdb.com/title/tt1787127/?ref_=sr_t_326,2011,1h 49m,Not Rated,6.8,2.1K
"327. Turn Me On, Dammit!",https://www.imdb.com/title/tt1650407/?ref_=sr_t_327,2011,1h 16m,Not Rated,6.3,9.8K
328. What Women Want,https://www.imdb.com/title/tt1667150/?ref_=sr_t_328,2011,1h 56m,Not Rated,5.5,1.4K
329. Sigur Rós: Inni,https://www.imdb.com/title/tt2011232/?ref_=sr_t_329,2011,1h 14m,,7.8,722
330. The Last Mountain,https://www.imdb.com/title/tt1787816/?ref_=sr_t_330,2011,1h 35m,PG,7.8,312
331. God Bless America,https://www.imdb.com/title/tt1912398/?ref_=sr_t_331,2011,1h 45m,R,7.1,73K
332. The Undefeated,https://www.imdb.com/title/tt1961604/?ref_=sr_t_332,2011,1h 58m,PG-13,1.9,2K
333. The Woman in the Fifth,https://www.imdb.com/title/tt1605777/?ref_=sr_t_333,2011,1h 24m,R,5.3,7.2K
334. 35 and Ticking,https://www.imdb.com/title/tt1652287/?ref_=sr_t_334,2011,1h 44m,R,5.5,1.8K
"335. Wild Horse, Wild Ride",https://www.imdb.com/title/tt2113113/?ref_=sr_t_335,2011,1h 46m,PG,7.4,265
336. The Perfect Family,https://www.imdb.com/title/tt1650058/?ref_=sr_t_336,2011,1h 24m,PG-13,5.6,1.6K
337. 5 Broken Cameras,https://www.imdb.com/title/tt2125423/?ref_=sr_t_337,2011,1h 34m,Not Rated,7.9,6.8K
338. Butter,https://www.imdb.com/title/tt1349451/?ref_=sr_t_338,2011,1h 30m,R,6.2,23K
339. In the Family,https://www.imdb.com/title/tt1845804/?ref_=sr_t_339,2011,2h 49m,Not Rated,7.1,1K
"340. Oslo, August 31st",https://www.imdb.com/title/tt1736633/?ref_=sr_t_340,2011,1h 35m,Not Rated,7.6,31K
341. Wuthering Heights,https://www.imdb.com/title/tt1181614/?ref_=sr_t_341,2011,2h 9m,Not Rated,6.0,11K
342. 360,https://www.imdb.com/title/tt1680045/?ref_=sr_t_342,2011,1h 50m,R,6.1,18K
343. Goodbye First Love,https://www.imdb.com/title/tt1618447/?ref_=sr_t_343,2011,1h 50m,Not Rated,6.7,5.8K
344. Chalo Dilli,https://www.imdb.com/title/tt1884268/?ref_=sr_t_344,2011,2h 35m,Not Rated,6.8,3.6K
345. My Reincarnation,https://www.imdb.com/title/tt1740799/?ref_=sr_t_345,2011,1h 30m,Not Rated,6.2,264
346. The Road,https://www.imdb.com/title/tt2063008/?ref_=sr_t_346,2011,1h 50m,R,5.6,1.8K
347. Evil Bong 3: The Wrath of Bong,https://www.imdb.com/title/tt1791500/?ref_=sr_t_347,2011,1h 27m,R,3.7,794
348. Crazy Wisdom: The Life & Times of Chogyam Trungpa Rinpoche,https://www.imdb.com/title/tt1172047/?ref_=sr_t_348,2011,1h 26m,Not Rated,7.1,215
349. Wretches & Jabberers,https://www.imdb.com/title/tt1658501/?ref_=sr_t_349,2011,1h 30m,TV-G,8.1,103
350. The Eye of the Storm,https://www.imdb.com/title/tt1600207/?ref_=sr_t_350,2011,1h 54m,Not Rated,6.0,1.7K
351. The Whale,https://www.imdb.com/title/tt1708537/?ref_=sr_t_351,2011,1h 25m,G,8.1,761
352. Inkubus,https://www.imdb.com/title/tt1650537/?ref_=sr_t_352,2011,1h 20m,R,3.8,1.3K
353. Winnie Mandela,https://www.imdb.com/title/tt1551641/?ref_=sr_t_353,2011,1h 44m,R,6.1,1K
354. Fort McCoy,https://www.imdb.com/title/tt1282046/?ref_=sr_t_354,2011,1h 40m,R,5.9,439
355. The Innkeepers,https://www.imdb.com/title/tt1594562/?ref_=sr_t_355,2011,1h 41m,R,5.5,38K
356. This Is Not a Film,https://www.imdb.com/title/tt1667905/?ref_=sr_t_356,2011,1h 15m,Not Rated,7.4,5.7K
357. The Island President,https://www.imdb.com/title/tt1990352/?ref_=sr_t_357,2011,1h 41m,PG,7.2,1.3K
358. Hara-Kiri: Death of a Samurai,https://www.imdb.com/title/tt1728196/?ref_=sr_t_358,2011,2h 8m,Not Rated,7.3,9.5K
359. The Conquest,https://www.imdb.com/title/tt1711484/?ref_=sr_t_359,2011,1h 45m,Not Rated,6.3,1.7K
360. On the Ice,https://www.imdb.com/title/tt1663660/?ref_=sr_t_360,2011,1h 36m,R,6.3,1.1K
361. Detachment,https://www.imdb.com/title/tt1683526/?ref_=sr_t_361,2011,1h 38m,Not Rated,7.7,103K
362. A Letter to Momo,https://www.imdb.com/title/tt1853614/?ref_=sr_t_362,2011,2h,Not Rated,7.2,8.3K
363. My Way,https://www.imdb.com/title/tt1606384/?ref_=sr_t_363,2011,2h 17m,R,7.6,13K
364. Intruders,https://www.imdb.com/title/tt1634121/?ref_=sr_t_364,2011,1h 40m,R,5.4,22K
365. The Warring States,https://www.imdb.com/title/tt1885448/?ref_=sr_t_365,2011,2h 5m,Not Rated,4.5,579
366. Puncture,https://www.imdb.com/title/tt1582248/?ref_=sr_t_366,2011,1h 40m,R,6.8,25K
367. A Beautiful Life,https://www.imdb.com/title/tt1934335/?ref_=sr_t_367,2011,2h 2m,Not Rated,6.6,1.2K
368. Shaolin,https://www.imdb.com/title/tt1533749/?ref_=sr_t_368,2011,2h 11m,R,6.8,20K
369. Battle of the Brides,https://www.imdb.com/title/tt1831609/?ref_=sr_t_369,2011,1h 40m,PG-13,6.0,255
370. The Details,https://www.imdb.com/title/tt1433207/?ref_=sr_t_370,2011,1h 41m,R,6.1,10K
371. If a Tree Falls: A Story of the Earth Liberation Front,https://www.imdb.com/title/tt1787725/?ref_=sr_t_371,2011,1h 25m,Unrated,7.1,3.3K
372. Limelight,https://www.imdb.com/title/tt1418702/?ref_=sr_t_372,2011,1h 43m,Not Rated,6.6,542
373. Crime After Crime,https://www.imdb.com/title/tt1746153/?ref_=sr_t_373,2011,1h 35m,Not Rated,7.6,558
374. Declaration of War,https://www.imdb.com/title/tt1931470/?ref_=sr_t_374,2011,1h 40m,Not Rated,7.0,5.4K
375. Murder 2,https://www.imdb.com/title/tt1918965/?ref_=sr_t_375,2011,2h 7m,Not Rated,6.3,8K
376. Faust,https://www.imdb.com/title/tt1437357/?ref_=sr_t_376,2011,2h 20m,Not Rated,6.5,5.8K
377. Farmageddon,https://www.imdb.com/title/tt1609113/?ref_=sr_t_377,2011,1h 26m,Unrated,7.0,589
378. The Turin Horse,https://www.imdb.com/title/tt1316540/?ref_=sr_t_378,2011,2h 35m,Not Rated,7.7,20K
379. Finding Joe,https://www.imdb.com/title/tt2015370/?ref_=sr_t_379,2011,1h 20m,Not Rated,7.0,511
380. Natural Selection,https://www.imdb.com/title/tt1621426/?ref_=sr_t_380,2011,1h 30m,R,6.4,1.5K
381. Surviving Progress,https://www.imdb.com/title/tt1462014/?ref_=sr_t_381,2011,1h 26m,Not Rated,7.4,1.9K
382. Free Men,https://www.imdb.com/title/tt1699185/?ref_=sr_t_382,2011,1h 39m,Unrated,6.6,1.5K
383. The Other F Word,https://www.imdb.com/title/tt1790867/?ref_=sr_t_383,2011,1h 38m,Not Rated,7.2,2.1K
384. The Extraordinary Voyage,https://www.imdb.com/title/tt2134092/?ref_=sr_t_384,2011,1h 20m,Not Rated,7.4,502
385. Love U... Mr. Kalakaar!,https://www.imdb.com/title/tt1695793/?ref_=sr_t_385,2011,2h 32m,Not Rated,5.5,486
386. War of the Buttons,https://www.imdb.com/title/tt1837587/?ref_=sr_t_386,2011,1h 49m,PG-13,6.2,2.4K
387. Sing Your Song,https://www.imdb.com/title/tt1787797/?ref_=sr_t_387,2011,1h 44m,Not Rated,7.5,515
"388. Connected: An Autoblogography About Love, Death & Technology",https://www.imdb.com/title/tt1727491/?ref_=sr_t_388,2011,1h 22m,PG,5.7,355
389. Margaret,https://www.imdb.com/title/tt0466893/?ref_=sr_t_389,2011,2h 30m,R,6.5,19K
390. Ballplayer: Pelotero,https://www.imdb.com/title/tt1885335/?ref_=sr_t_390,2011,1h 17m,Not Rated,7.3,510
391. Texas Killing Fields,https://www.imdb.com/title/tt1389127/?ref_=sr_t_391,2011,1h 45m,R,5.7,23K
392. Return to the Hiding Place,https://www.imdb.com/title/tt1691153/?ref_=sr_t_392,2013,1h 42m,PG-13,5.0,806
393. CornerStore,https://www.imdb.com/title/tt1670389/?ref_=sr_t_393,2011,1h 34m,PG-13,7.2,75
394. The Pruitt-Igoe Myth,https://www.imdb.com/title/tt1788461/?ref_=sr_t_394,2011,1h 19m,Not Rated,7.5,941
395. Union Square,https://www.imdb.com/title/tt1783798/?ref_=sr_t_395,2011,1h 20m,Not Rated,5.2,604
396. Granito,https://www.imdb.com/title/tt1490678/?ref_=sr_t_396,2011,1h 43m,Not Rated,7.2,109
397. All Together,https://www.imdb.com/title/tt1674057/?ref_=sr_t_397,2011,1h 36m,Not Rated,6.7,3.1K
398. Nobody Else But You,https://www.imdb.com/title/tt1736636/?ref_=sr_t_398,2011,1h 42m,Not Rated,6.6,3K
399. Last Call at the Oasis,https://www.imdb.com/title/tt2043900/?ref_=sr_t_399,2011,1h 45m,PG-13,7.4,478
400. Language of a Broken Heart,https://www.imdb.com/title/tt1609488/?ref_=sr_t_400,2011,1h 40m,R,5.8,334
401. Hell and Back Again,https://www.imdb.com/title/tt1748043/?ref_=sr_t_401,2011,1h 28m,Not Rated,6.4,2.4K
402. The FP,https://www.imdb.com/title/tt1296373/?ref_=sr_t_402,2011,1h 22m,R,5.4,1.9K
403. Addiction Incorporated,https://www.imdb.com/title/tt1735495/?ref_=sr_t_403,2011,1h 40m,PG,7.1,133
404. Khodorkovsky,https://www.imdb.com/title/tt1733525/?ref_=sr_t_404,2011,1h 51m,Not Rated,7.0,983
405. A Secret Promise,https://www.imdb.com/title/tt1001534/?ref_=sr_t_405,2011,1h 28m,PG-13,5.3,1.2K
406. Where Soldiers Come From,https://www.imdb.com/title/tt1856109/?ref_=sr_t_406,2011,1h 32m,Not Rated,7.0,237
407. Paul Williams: Still Alive,https://www.imdb.com/title/tt1956594/?ref_=sr_t_407,2011,1h 27m,PG-13,6.9,991
408. The Fairy,https://www.imdb.com/title/tt1922645/?ref_=sr_t_408,2011,1h 33m,Not Rated,6.2,2.6K
409. Sleeping Beauty,https://www.imdb.com/title/tt1588398/?ref_=sr_t_409,2011,1h 41m,TV-14,5.3,35K
410. My Kingdom,https://www.imdb.com/title/tt1790669/?ref_=sr_t_410,2011,1h 48m,Not Rated,5.2,488
411. The Inbetweeners,https://www.imdb.com/title/tt1716772/?ref_=sr_t_411,2011,1h 37m,R,6.7,88K
412. Bangkok Revenge,https://www.imdb.com/title/tt1784600/?ref_=sr_t_412,2011,1h 22m,Not Rated,4.9,781
413. Paul Goodman Changed My Life,https://www.imdb.com/title/tt1748158/?ref_=sr_t_413,2011,1h 29m,Not Rated,6.6,150
414. Kinyarwanda,https://www.imdb.com/title/tt1572154/?ref_=sr_t_414,2011,1h 40m,Not Rated,6.8,511
415. When Harry Tries to Marry,https://www.imdb.com/title/tt1535110/?ref_=sr_t_415,2011,1h 33m,PG-13,4.6,692
416. Love in Space,https://www.imdb.com/title/tt1856038/?ref_=sr_t_416,2011,1h 40m,PG,5.6,379
417. Comic-Con Episode IV: A Fan's Hope,https://www.imdb.com/title/tt1605782/?ref_=sr_t_417,2011,1h 28m,PG-13,7.0,2.9K
418. Hit So Hard,https://www.imdb.com/title/tt1796503/?ref_=sr_t_418,2011,1h 43m,Not Rated,6.8,742
419. Bert Stern: Original Madman,https://www.imdb.com/title/tt1223411/?ref_=sr_t_419,2011,1h 29m,Not Rated,6.6,295
420. Making the Boys,https://www.imdb.com/title/tt1413493/?ref_=sr_t_420,2011,1h 30m,Not Rated,7.3,718
421. American Teacher,https://www.imdb.com/title/tt1848826/?ref_=sr_t_421,2011,1h 21m,TV-G,6.8,253
422. 11-11-11,https://www.imdb.com/title/tt1712159/?ref_=sr_t_422,2011,1h 30m,PG-13,3.9,13K
423. Musical Chairs,https://www.imdb.com/title/tt1874633/?ref_=sr_t_423,2011,1h 42m,PG-13,5.9,352
424. Whores' Glory,https://www.imdb.com/title/tt1327628/?ref_=sr_t_424,2011,1h 59m,Not Rated,7.2,5.3K
425. Life Happens,https://www.imdb.com/title/tt1726589/?ref_=sr_t_425,2011,1h 40m,R,5.6,8.2K
426. Meet the Fokkens,https://www.imdb.com/title/tt2062989/?ref_=sr_t_426,2011,1h 20m,Not Rated,6.6,696
427. The Son of No One,https://www.imdb.com/title/tt1535612/?ref_=sr_t_427,2011,1h 30m,R,5.1,18K
428. Hide Away,https://www.imdb.com/title/tt1536374/?ref_=sr_t_428,2011,1h 28m,PG-13,5.7,1.1K
429. Muran,https://www.imdb.com/title/tt2053397/?ref_=sr_t_429,2011,1h 43m,,6.3,306
430. Cat Run,https://www.imdb.com/title/tt1446147/?ref_=sr_t_430,2011,1h 46m,R,5.5,5.8K
431. You've Been Trumped,https://www.imdb.com/title/tt1943873/?ref_=sr_t_431,2011,1h 19m,Not Rated,7.5,2.3K
432. Kill List,https://www.imdb.com/title/tt1788391/?ref_=sr_t_432,2011,1h 35m,Not Rated,6.4,47K
433. Hitler's Children,https://www.imdb.com/title/tt2359085/?ref_=sr_t_433,2011,59m,Not Rated,7.4,1.3K
434. Salvation Boulevard,https://www.imdb.com/title/tt1251743/?ref_=sr_t_434,2011,1h 36m,R,5.3,4.9K
435. North Sea Texas,https://www.imdb.com/title/tt1625150/?ref_=sr_t_435,2011,1h 38m,Not Rated,7.1,10K
436. The Ambassador,https://www.imdb.com/title/tt2048877/?ref_=sr_t_436,2011,1h 37m,Not Rated,7.2,4.3K
437. The Last Ride,https://www.imdb.com/title/tt1605803/?ref_=sr_t_437,2011,1h 42m,PG-13,5.8,887
438. Here,https://www.imdb.com/title/tt1127886/?ref_=sr_t_438,2011,2h 6m,Not Rated,5.8,980
"439. Pink Ribbons, Inc.",https://www.imdb.com/title/tt2035599/?ref_=sr_t_439,2011,1h 37m,Not Rated,7.3,732
440. The Worst Movie Ever!,https://www.imdb.com/title/tt1801113/?ref_=sr_t_440,2011,1h 16m,,3.7,207
441. Trespass,https://www.imdb.com/title/tt1674784/?ref_=sr_t_441,2011,1h 31m,R,5.3,46K
442. Shut Up Little Man,https://www.imdb.com/title/tt1766085/?ref_=sr_t_442,2011,1h 30m,Unrated,6.6,1.3K
443. The Rabbi's Cat,https://www.imdb.com/title/tt1355638/?ref_=sr_t_443,2011,1h 40m,Not Rated,7.1,3.8K
444. Keyhole,https://www.imdb.com/title/tt1674775/?ref_=sr_t_444,2011,1h 34m,R,5.5,1.6K
445. Tyrannosaur,https://www.imdb.com/title/tt1204340/?ref_=sr_t_445,2011,1h 32m,Not Rated,7.5,34K
446. Losing Control,https://www.imdb.com/title/tt1511425/?ref_=sr_t_446,2011,1h 31m,R,4.2,567
447. Answers to Nothing,https://www.imdb.com/title/tt1523939/?ref_=sr_t_447,2011,2h 4m,R,5.0,1.1K
448. My Worst Nightmare,https://www.imdb.com/title/tt1718835/?ref_=sr_t_448,2011,1h 43m,Not Rated,6.0,3.2K
449. Better Than Something: Jay Reatard,https://www.imdb.com/title/tt1800669/?ref_=sr_t_449,2011,1h 29m,Not Rated,7.6,160
450. Sedona,https://www.imdb.com/title/tt1516577/?ref_=sr_t_450,2011,1h 30m,Not Rated,5.7,235
451. Violeta Went to Heaven,https://www.imdb.com/title/tt2014392/?ref_=sr_t_451,2011,1h 50m,Not Rated,7.1,2.5K
452. Always Kabhi Kabhi,https://www.imdb.com/title/tt1937092/?ref_=sr_t_452,2011,2h 6m,Not Rated,4.2,1.4K
453. Bonsái,https://www.imdb.com/title/tt1913002/?ref_=sr_t_453,2011,1h 35m,Not Rated,6.2,889
454. Resurrect Dead: The Mystery of the Toynbee Tiles,https://www.imdb.com/title/tt1787791/?ref_=sr_t_454,2011,1h 26m,Not Rated,7.2,2.3K
455. Girl Model,https://www.imdb.com/title/tt1806911/?ref_=sr_t_455,2011,1h 18m,Not Rated,6.5,2.3K
456. The Painting,https://www.imdb.com/title/tt1891769/?ref_=sr_t_456,2011,1h 20m,TV-PG,7.3,4.6K
457. The Day,https://www.imdb.com/title/tt1756799/?ref_=sr_t_457,2011,1h 27m,R,5.2,14K
458. Coming Up Roses,https://www.imdb.com/title/tt1610473/?ref_=sr_t_458,2011,1h 33m,Not Rated,5.6,154
459. The Highest Pass,https://www.imdb.com/title/tt1809370/?ref_=sr_t_459,2011,1h 30m,Not Rated,6.9,114
460. Hunky Dory,https://www.imdb.com/title/tt1727300/?ref_=sr_t_460,2011,1h 50m,Not Rated,6.2,1.4K
461. Jesus Henry Christ,https://www.imdb.com/title/tt1393742/?ref_=sr_t_461,2011,1h 32m,PG-13,6.4,6.3K
462. How to Grow a Band,https://www.imdb.com/title/tt1540933/?ref_=sr_t_462,2011,1h 29m,Not Rated,6.9,87
463. Terraferma,https://www.imdb.com/title/tt1641410/?ref_=sr_t_463,2011,1h 28m,R,6.7,3.2K
464. The Look,https://www.imdb.com/title/tt1922751/?ref_=sr_t_464,2011,1h 39m,Not Rated,6.8,334
465. House of Tolerance,https://www.imdb.com/title/tt1660379/?ref_=sr_t_465,2011,2h 2m,Not Rated,6.7,8.2K
466. The Color Wheel,https://www.imdb.com/title/tt1734548/?ref_=sr_t_466,2011,1h 23m,Not Rated,6.6,2.1K
467. The Sorcerer and the White Snake,https://www.imdb.com/title/tt1857913/?ref_=sr_t_467,2011,1h 42m,PG-13,5.8,9.1K
468. Wish Me Away,https://www.imdb.com/title/tt1746264/?ref_=sr_t_468,2011,2h,Not Rated,7.5,392
469. Let My People Go!,https://www.imdb.com/title/tt1841713/?ref_=sr_t_469,2011,1h 36m,Not Rated,5.9,718
470. Lovely Molly,https://www.imdb.com/title/tt1707392/?ref_=sr_t_470,2011,1h 39m,R,5.3,10K
471. Oka!,https://www.imdb.com/title/tt1479320/?ref_=sr_t_471,2011,1h 45m,Not Rated,5.6,199
472. Juan of the Dead,https://www.imdb.com/title/tt1838571/?ref_=sr_t_472,2011,1h 32m,Not Rated,6.4,11K
473. Battle for Brooklyn,https://www.imdb.com/title/tt1861281/?ref_=sr_t_473,2011,1h 33m,,7.1,136
474. 4:44 Last Day on Earth,https://www.imdb.com/title/tt1707391/?ref_=sr_t_474,2011,1h 22m,R,4.6,5.9K
475. Little Birds,https://www.imdb.com/title/tt1623745/?ref_=sr_t_475,2011,1h 34m,R,6.1,5.3K
476. 5 Days of War,https://www.imdb.com/title/tt1486193/?ref_=sr_t_476,2011,1h 53m,R,5.5,14K
477. Violet & Daisy,https://www.imdb.com/title/tt1634136/?ref_=sr_t_477,2011,1h 28m,R,6.0,13K
478. Eva,https://www.imdb.com/title/tt1298554/?ref_=sr_t_478,2011,1h 34m,PG-13,6.6,11K
479. Return,https://www.imdb.com/title/tt1677082/?ref_=sr_t_479,2011,1h 37m,Not Rated,6.1,1.1K
480. Alps,https://www.imdb.com/title/tt1859446/?ref_=sr_t_480,2011,1h 33m,Not Rated,6.3,15K
481. Take Me Home,https://www.imdb.com/title/tt1261954/?ref_=sr_t_481,2011,1h 37m,PG-13,6.8,8.2K
482. Michael,https://www.imdb.com/title/tt1906426/?ref_=sr_t_482,2011,1h 36m,Not Rated,6.9,5.2K
483. A Little Bit of Heaven,https://www.imdb.com/title/tt1440161/?ref_=sr_t_483,2011,1h 46m,PG-13,6.2,30K
484. 17 Girls,https://www.imdb.com/title/tt1860152/?ref_=sr_t_484,2011,1h 26m,Not Rated,6.0,3.4K
485. Unraveled,https://www.imdb.com/title/tt1595061/?ref_=sr_t_485,2011,1h 24m,Not Rated,6.4,405
486. Saheb Biwi Aur Gangster,https://www.imdb.com/title/tt2073070/?ref_=sr_t_486,2011,1h 58m,,7.1,4.5K
487. 6 Month Rule,https://www.imdb.com/title/tt0865561/?ref_=sr_t_487,2011,1h 40m,R,4.8,742
488. The Prey,https://www.imdb.com/title/tt1726861/?ref_=sr_t_488,2011,1h 45m,R,6.6,6K
489. Planet of Snail,https://www.imdb.com/title/tt2057455/?ref_=sr_t_489,2011,1h 28m,Not Rated,7.2,382
490. The Day He Arrives,https://www.imdb.com/title/tt1922561/?ref_=sr_t_490,2011,1h 19m,Not Rated,7.0,2.8K
491. Dorfman in Love,https://www.imdb.com/title/tt1665418/?ref_=sr_t_491,2011,1h 32m,PG-13,6.0,1.7K
492. The Law in These Parts,https://www.imdb.com/title/tt2069916/?ref_=sr_t_492,2011,1h 40m,Not Rated,7.4,407
493. The Monk,https://www.imdb.com/title/tt1605769/?ref_=sr_t_493,2011,1h 41m,R,5.8,4.2K
494. The Trouble with Bliss,https://www.imdb.com/title/tt1483756/?ref_=sr_t_494,2011,1h 37m,PG-13,5.3,2.9K
495. America the Beautiful 2: The Thin Commandments,https://www.imdb.com/title/tt2084773/?ref_=sr_t_495,2011,1h 40m,Not Rated,6.7,77
496. Rebirth,https://www.imdb.com/title/tt1380279/?ref_=sr_t_496,2011,1h 45m,PG,7.3,202
497. Deep Gold,https://www.imdb.com/title/tt0929742/?ref_=sr_t_497,2011,1h 26m,PG-13,3.2,369
498. Rid of Me,https://www.imdb.com/title/tt1376233/?ref_=sr_t_498,2011,1h 30m,Not Rated,6.6,1K
499. Policeman,https://www.imdb.com/title/tt1978447/?ref_=sr_t_499,2011,1h 45m,Unrated,6.3,1.1K
500. Dragon,https://www.imdb.com/title/tt1718199/?ref_=sr_t_500,2011,1h 38m,R,7.0,16K
