Title,Movie Link,Year,Duration,MPA,Rating,Votes
1. How the Grinch Stole Christmas,https://www.imdb.com/title/tt0170016/?ref_=sr_t_1,2000,1h 44m,PG,6.4,308K
2. Cast Away,https://www.imdb.com/title/tt0162222/?ref_=sr_t_2,2000,2h 23m,PG-13,7.8,656K
3. Mission: Impossible II,https://www.imdb.com/title/tt0120755/?ref_=sr_t_3,2000,2h 3m,PG-13,6.1,386K
4. Gladiator,https://www.imdb.com/title/tt0172495/?ref_=sr_t_4,2000,2h 35m,R,8.5,1.7M
5. What Women Want,https://www.imdb.com/title/tt0207201/?ref_=sr_t_5,2000,2h 7m,PG-13,6.5,228K
6. The Perfect Storm,https://www.imdb.com/title/tt0177971/?ref_=sr_t_6,2000,2h 10m,PG-13,6.5,182K
7. Meet the Parents,https://www.imdb.com/title/tt0212338/?ref_=sr_t_7,2000,1h 48m,PG-13,7.0,364K
8. X-Men,https://www.imdb.com/title/tt0120903/?ref_=sr_t_8,2000,1h 44m,PG-13,7.3,666K
9. Scary Movie,https://www.imdb.com/title/tt0175142/?ref_=sr_t_9,2000,1h 28m,R,6.3,298K
10. What Lies Beneath,https://www.imdb.com/title/tt0161081/?ref_=sr_t_10,2000,2h 10m,PG-13,6.6,139K
11. Dinosaur,https://www.imdb.com/title/tt0130623/?ref_=sr_t_11,2000,1h 22m,PG,6.4,69K
"12. Crouching Tiger, Hidden Dragon",https://www.imdb.com/title/tt0190332/?ref_=sr_t_12,2000,2h,PG-13,7.9,286K
13. Erin Brockovich,https://www.imdb.com/title/tt0195685/?ref_=sr_t_13,2000,2h 11m,R,7.5,229K
14. Charlie's Angels,https://www.imdb.com/title/tt0160127/?ref_=sr_t_14,2000,1h 38m,PG-13,5.6,200K
15. Traffic,https://www.imdb.com/title/tt0181865/?ref_=sr_t_15,2000,2h 27m,R,7.6,223K
16. Nutty Professor II: The Klumps,https://www.imdb.com/title/tt0144528/?ref_=sr_t_16,2000,1h 46m,PG-13,4.5,54K
17. Big Momma's House,https://www.imdb.com/title/tt0208003/?ref_=sr_t_17,2000,1h 39m,PG-13,5.2,92K
18. Remember the Titans,https://www.imdb.com/title/tt0210945/?ref_=sr_t_18,2000,1h 53m,PG,7.8,238K
19. The Patriot,https://www.imdb.com/title/tt0187393/?ref_=sr_t_19,2000,2h 45m,R,7.2,301K
20. Chicken Run,https://www.imdb.com/title/tt0120630/?ref_=sr_t_20,2000,1h 24m,G,7.1,217K
21. Miss Congeniality,https://www.imdb.com/title/tt0212346/?ref_=sr_t_21,2000,1h 49m,PG-13,6.3,237K
22. Gone in 60 Seconds,https://www.imdb.com/title/tt0187078/?ref_=sr_t_22,2000,1h 58m,PG-13,6.5,300K
23. Unbreakable,https://www.imdb.com/title/tt0217869/?ref_=sr_t_23,2000,1h 46m,PG-13,7.3,452K
"24. Me, Myself & Irene",https://www.imdb.com/title/tt0183505/?ref_=sr_t_24,2000,1h 56m,R,6.6,256K
25. Space Cowboys,https://www.imdb.com/title/tt0186566/?ref_=sr_t_25,2000,2h 10m,PG-13,6.5,88K
26. The Emperor's New Groove,https://www.imdb.com/title/tt0120917/?ref_=sr_t_26,2000,1h 18m,G,7.4,233K
27. Scream 3,https://www.imdb.com/title/tt0134084/?ref_=sr_t_27,2000,1h 56m,R,5.7,171K
28. U-571,https://www.imdb.com/title/tt0141926/?ref_=sr_t_28,2000,1h 56m,PG-13,6.6,89K
29. Rugrats in Paris,https://www.imdb.com/title/tt0213203/?ref_=sr_t_29,2000,1h 18m,G,6.2,14K
30. The Family Man,https://www.imdb.com/title/tt0218967/?ref_=sr_t_30,2000,2h 5m,PG-13,6.8,125K
31. Hollow Man,https://www.imdb.com/title/tt0164052/?ref_=sr_t_31,2000,1h 52m,R,5.9,141K
32. Chocolat,https://www.imdb.com/title/tt0241303/?ref_=sr_t_32,2000,2h 1m,PG-13,7.2,205K
33. Shaft,https://www.imdb.com/title/tt0162650/?ref_=sr_t_33,2000,1h 39m,R,6.0,82K
34. The Kid,https://www.imdb.com/title/tt0219854/?ref_=sr_t_34,2000,1h 44m,PG,6.1,45K
35. Vertical Limit,https://www.imdb.com/title/tt0190865/?ref_=sr_t_35,2000,2h 4m,PG-13,6.0,66K
36. Road Trip,https://www.imdb.com/title/tt0215129/?ref_=sr_t_36,2000,1h 33m,R,6.5,182K
37. Bring It On,https://www.imdb.com/title/tt0204946/?ref_=sr_t_37,2000,1h 38m,PG-13,6.1,109K
38. 102 Dalmatians,https://www.imdb.com/title/tt0211181/?ref_=sr_t_38,2000,1h 40m,G,4.8,40K
39. Rules of Engagement,https://www.imdb.com/title/tt0160797/?ref_=sr_t_39,2000,2h 8m,R,6.4,51K
40. The Cell,https://www.imdb.com/title/tt0209958/?ref_=sr_t_40,2000,1h 47m,R,6.4,111K
41. Mission to Mars,https://www.imdb.com/title/tt0183523/?ref_=sr_t_41,2000,1h 54m,PG,5.7,77K
42. Coyote Ugly,https://www.imdb.com/title/tt0200550/?ref_=sr_t_42,2000,1h 40m,PG-13,5.7,123K
43. Snow Day,https://www.imdb.com/title/tt0184907/?ref_=sr_t_43,2000,1h 29m,PG,5.2,14K
44. Next Friday,https://www.imdb.com/title/tt0195945/?ref_=sr_t_44,2000,1h 38m,R,6.1,45K
45. The Whole Nine Yards,https://www.imdb.com/title/tt0190138/?ref_=sr_t_45,2000,1h 38m,R,6.7,131K
46. Shanghai Noon,https://www.imdb.com/title/tt0184894/?ref_=sr_t_46,2000,1h 50m,PG-13,6.6,138K
47. Romeo Must Die,https://www.imdb.com/title/tt0165929/?ref_=sr_t_47,2000,1h 55m,R,6.1,75K
48. Final Destination,https://www.imdb.com/title/tt0195714/?ref_=sr_t_48,2000,1h 38m,R,6.7,291K
49. Finding Forrester,https://www.imdb.com/title/tt0181536/?ref_=sr_t_49,2000,2h 16m,PG-13,7.3,91K
50. The Road to El Dorado,https://www.imdb.com/title/tt0138749/?ref_=sr_t_50,2000,1h 29m,PG,6.9,112K
51. Men of Honor,https://www.imdb.com/title/tt0203019/?ref_=sr_t_51,2000,2h 9m,R,7.2,127K
"52. Dude, Where's My Car?",https://www.imdb.com/title/tt0242423/?ref_=sr_t_52,2000,1h 23m,PG-13,5.5,148K
53. The Tigger Movie,https://www.imdb.com/title/tt0220099/?ref_=sr_t_53,2000,1h 17m,G,6.3,21K
"54. O Brother, Where Art Thou?",https://www.imdb.com/title/tt0190590/?ref_=sr_t_54,2000,1h 47m,PG-13,7.7,338K
55. Frequency,https://www.imdb.com/title/tt0186151/?ref_=sr_t_55,2000,1h 58m,PG-13,7.4,118K
56. The Replacements,https://www.imdb.com/title/tt0191397/?ref_=sr_t_56,2000,1h 58m,PG-13,6.6,71K
57. The Beach,https://www.imdb.com/title/tt0163978/?ref_=sr_t_57,2000,1h 59m,R,6.6,259K
58. Little Nicky,https://www.imdb.com/title/tt0185431/?ref_=sr_t_58,2000,1h 30m,PG-13,5.3,115K
59. Pitch Black,https://www.imdb.com/title/tt0134847/?ref_=sr_t_59,2000,1h 49m,R,7.0,257K
60. The Original Kings of Comedy,https://www.imdb.com/title/tt0236388/?ref_=sr_t_60,2000,1h 55m,R,6.8,6.2K
61. Bedazzled,https://www.imdb.com/title/tt0230030/?ref_=sr_t_61,2000,1h 33m,PG-13,6.1,114K
62. Autumn in New York,https://www.imdb.com/title/tt0174480/?ref_=sr_t_62,2000,1h 43m,PG-13,5.6,29K
63. 28 Days,https://www.imdb.com/title/tt0191754/?ref_=sr_t_63,2000,1h 43m,PG-13,6.1,56K
64. Keeping the Faith,https://www.imdb.com/title/tt0171433/?ref_=sr_t_64,2000,2h 8m,PG-13,6.4,54K
65. Bounce,https://www.imdb.com/title/tt0186894/?ref_=sr_t_65,2000,1h 46m,PG-13,5.8,22K
66. Hanging Up,https://www.imdb.com/title/tt0162983/?ref_=sr_t_66,2000,1h 34m,PG-13,4.9,13K
67. The Flintstones in Viva Rock Vegas,https://www.imdb.com/title/tt0158622/?ref_=sr_t_67,2000,1h 30m,PG,3.7,26K
68. The Skulls,https://www.imdb.com/title/tt0192614/?ref_=sr_t_68,2000,1h 46m,PG-13,5.6,34K
69. The 6th Day,https://www.imdb.com/title/tt0216216/?ref_=sr_t_69,2000,2h 3m,PG-13,5.9,130K
70. Thirteen Days,https://www.imdb.com/title/tt0146309/?ref_=sr_t_70,2000,2h 25m,PG-13,7.3,64K
71. My Dog Skip,https://www.imdb.com/title/tt0156812/?ref_=sr_t_71,2000,1h 35m,PG,7.0,22K
72. Where the Heart Is,https://www.imdb.com/title/tt0198021/?ref_=sr_t_72,2000,2h,PG-13,6.7,37K
73. Pay It Forward,https://www.imdb.com/title/tt0223897/?ref_=sr_t_73,2000,2h 3m,PG-13,7.2,126K
74. Dracula 2000,https://www.imdb.com/title/tt0219653/?ref_=sr_t_74,2000,1h 39m,R,4.9,37K
75. Return to Me,https://www.imdb.com/title/tt0122459/?ref_=sr_t_75,2000,1h 55m,PG,7.0,23K
76. Proof of Life,https://www.imdb.com/title/tt0228750/?ref_=sr_t_76,2000,2h 15m,R,6.3,60K
77. Almost Famous,https://www.imdb.com/title/tt0181875/?ref_=sr_t_77,2000,2h 2m,R,7.9,300K
78. The Legend of Bagger Vance,https://www.imdb.com/title/tt0146984/?ref_=sr_t_78,2000,2h 6m,PG-13,6.7,60K
79. Snatch,https://www.imdb.com/title/tt0208092/?ref_=sr_t_79,2000,1h 42m,R,8.2,933K
80. The Art of War,https://www.imdb.com/title/tt0160009/?ref_=sr_t_80,2000,1h 57m,R,5.7,31K
81. Bless the Child,https://www.imdb.com/title/tt0163983/?ref_=sr_t_81,2000,1h 47m,R,5.1,16K
82. The Watcher,https://www.imdb.com/title/tt0204626/?ref_=sr_t_82,2000,1h 37m,R,5.3,29K
83. Love & Basketball,https://www.imdb.com/title/tt0199725/?ref_=sr_t_83,2000,2h 4m,PG-13,7.2,25K
84. High Fidelity,https://www.imdb.com/title/tt0146882/?ref_=sr_t_84,2000,1h 53m,R,7.4,193K
85. Book of Shadows: Blair Witch 2,https://www.imdb.com/title/tt0229260/?ref_=sr_t_85,2000,1h 30m,R,4.0,41K
86. The Adventures of Rocky & Bullwinkle,https://www.imdb.com/title/tt0131704/?ref_=sr_t_86,2000,1h 32m,PG,4.3,21K
87. Memento,https://www.imdb.com/title/tt0209144/?ref_=sr_t_87,2000,1h 53m,R,8.4,1.4M
88. Nurse Betty,https://www.imdb.com/title/tt0171580/?ref_=sr_t_88,2000,1h 50m,R,6.3,37K
89. Reindeer Games,https://www.imdb.com/title/tt0184858/?ref_=sr_t_89,2000,1h 44m,R,5.8,43K
90. Titan A.E.,https://www.imdb.com/title/tt0120913/?ref_=sr_t_90,2000,1h 34m,PG,6.6,65K
91. Billy Elliot,https://www.imdb.com/title/tt0249462/?ref_=sr_t_91,2000,1h 50m,R,7.7,147K
92. Boys and Girls,https://www.imdb.com/title/tt0204175/?ref_=sr_t_92,2000,1h 34m,PG-13,5.4,18K
93. Battlefield Earth,https://www.imdb.com/title/tt0185183/?ref_=sr_t_93,2000,1h 57m,PG-13,2.5,84K
94. Urban Legends: Final Cut,https://www.imdb.com/title/tt0192731/?ref_=sr_t_94,2000,1h 37m,R,4.4,19K
95. Down to You,https://www.imdb.com/title/tt0186975/?ref_=sr_t_95,2000,1h 31m,PG-13,5.0,16K
96. Wonder Boys,https://www.imdb.com/title/tt0185014/?ref_=sr_t_96,2000,1h 47m,R,7.2,67K
97. Best in Show,https://www.imdb.com/title/tt0218839/?ref_=sr_t_97,2000,1h 30m,PG-13,7.5,68K
98. Michael Jordan to the Max,https://www.imdb.com/title/tt0245280/?ref_=sr_t_98,2000,46m,Not Rated,7.4,2.4K
99. The Contender,https://www.imdb.com/title/tt0208874/?ref_=sr_t_99,2000,2h 6m,R,6.9,25K
100. Red Planet,https://www.imdb.com/title/tt0199753/?ref_=sr_t_100,2000,1h 46m,PG-13,5.7,61K
101. Small Time Crooks,https://www.imdb.com/title/tt0196216/?ref_=sr_t_101,2000,1h 34m,PG,6.7,41K
102. Center Stage,https://www.imdb.com/title/tt0210616/?ref_=sr_t_102,2000,1h 55m,PG-13,6.7,23K
103. Pokémon 3 the Movie: Spell of the Unown,https://www.imdb.com/title/tt0235679/?ref_=sr_t_103,2000,1h 33m,G,5.8,16K
104. Boiler Room,https://www.imdb.com/title/tt0181984/?ref_=sr_t_104,2000,2h,R,7.0,57K
105. Lost Souls,https://www.imdb.com/title/tt0160484/?ref_=sr_t_105,2000,1h 37m,R,4.8,12K
106. Thomas and the Magic Railroad,https://www.imdb.com/title/tt0205461/?ref_=sr_t_106,2000,1h 25m,G,4.2,4.9K
107. Loser,https://www.imdb.com/title/tt0217630/?ref_=sr_t_107,2000,1h 38m,PG-13,5.3,31K
108. All the Pretty Horses,https://www.imdb.com/title/tt0149624/?ref_=sr_t_108,2000,1h 56m,PG-13,5.8,16K
109. Drowning Mona,https://www.imdb.com/title/tt0186045/?ref_=sr_t_109,2000,1h 36m,PG-13,5.7,16K
110. Dungeons & Dragons,https://www.imdb.com/title/tt0190374/?ref_=sr_t_110,2000,1h 47m,PG-13,3.7,37K
111. Bait,https://www.imdb.com/title/tt0211938/?ref_=sr_t_111,2000,1h 59m,R,5.7,13K
112. American Psycho,https://www.imdb.com/title/tt0144084/?ref_=sr_t_112,2000,1h 42m,R,7.6,758K
113. The Next Best Thing,https://www.imdb.com/title/tt0156841/?ref_=sr_t_113,2000,1h 48m,PG-13,4.7,12K
114. Get Carter,https://www.imdb.com/title/tt0208988/?ref_=sr_t_114,2000,1h 42m,R,5.2,38K
115. Supernova,https://www.imdb.com/title/tt0134983/?ref_=sr_t_115,2000,1h 30m,PG-13,4.8,20K
116. The Ladies Man,https://www.imdb.com/title/tt0213790/?ref_=sr_t_116,2000,1h 24m,R,5.2,14K
117. The Little Vampire,https://www.imdb.com/title/tt0192255/?ref_=sr_t_117,2000,1h 35m,PG,5.8,12K
118. Dr. T & the Women,https://www.imdb.com/title/tt0205271/?ref_=sr_t_118,2000,2h 2m,R,4.7,20K
119. The Crew,https://www.imdb.com/title/tt0198386/?ref_=sr_t_119,2000,1h 28m,PG-13,5.6,6.8K
120. Highlander: Endgame,https://www.imdb.com/title/tt0144964/?ref_=sr_t_120,2000,1h 27m,R,4.6,22K
121. Ready to Rumble,https://www.imdb.com/title/tt0217756/?ref_=sr_t_121,2000,1h 47m,PG-13,5.4,16K
122. Saving Grace,https://www.imdb.com/title/tt0195234/?ref_=sr_t_122,2000,1h 33m,R,6.9,20K
123. The Gift,https://www.imdb.com/title/tt0219699/?ref_=sr_t_123,2000,1h 51m,R,6.7,77K
124. Here on Earth,https://www.imdb.com/title/tt0195778/?ref_=sr_t_124,2000,1h 36m,PG-13,5.2,9.1K
125. Lucky Numbers,https://www.imdb.com/title/tt0219952/?ref_=sr_t_125,2000,1h 45m,R,5.1,11K
126. 3 Strikes,https://www.imdb.com/title/tt0199290/?ref_=sr_t_126,2000,1h 22m,R,4.7,3.8K
127. Digimon: The Movie,https://www.imdb.com/title/tt0259974/?ref_=sr_t_127,2000,1h 22m,PG,6.0,8.1K
128. You Can Count on Me,https://www.imdb.com/title/tt0203230/?ref_=sr_t_128,2000,1h 51m,R,7.5,32K
129. Whatever It Takes,https://www.imdb.com/title/tt0202402/?ref_=sr_t_129,2000,1h 34m,PG-13,5.5,12K
130. Pollock,https://www.imdb.com/title/tt0183659/?ref_=sr_t_130,2000,2h 2m,R,7.0,30K
131. Shadow of the Vampire,https://www.imdb.com/title/tt0189998/?ref_=sr_t_131,2000,1h 32m,R,6.9,45K
132. Quills,https://www.imdb.com/title/tt0180073/?ref_=sr_t_132,2000,2h 4m,R,7.2,58K
133. Screwed,https://www.imdb.com/title/tt0156323/?ref_=sr_t_133,2000,1h 21m,PG-13,5.7,9.7K
134. Sexy Beast,https://www.imdb.com/title/tt0203119/?ref_=sr_t_134,2000,1h 29m,R,7.3,72K
135. State and Main,https://www.imdb.com/title/tt0120202/?ref_=sr_t_135,2000,1h 45m,R,6.7,23K
136. I Dreamed of Africa,https://www.imdb.com/title/tt0167203/?ref_=sr_t_136,2000,1h 54m,PG-13,5.5,5K
137. What Planet Are You From?,https://www.imdb.com/title/tt0181151/?ref_=sr_t_137,2000,1h 45m,R,5.6,9.9K
138. The Way of the Gun,https://www.imdb.com/title/tt0202677/?ref_=sr_t_138,2000,1h 59m,R,6.6,36K
139. Where the Money Is,https://www.imdb.com/title/tt0149367/?ref_=sr_t_139,2000,1h 29m,PG-13,6.3,6.6K
140. Amores Perros,https://www.imdb.com/title/tt0245712/?ref_=sr_t_140,2000,2h 34m,R,8.0,258K
141. Bread and Tulips,https://www.imdb.com/title/tt0237539/?ref_=sr_t_141,2000,1h 54m,PG-13,7.3,11K
142. The in Crowd,https://www.imdb.com/title/tt0163676/?ref_=sr_t_142,2000,1h 45m,PG-13,4.7,4.9K
143. Gossip,https://www.imdb.com/title/tt0176783/?ref_=sr_t_143,2000,1h 30m,R,5.9,18K
144. Woman on Top,https://www.imdb.com/title/tt0206420/?ref_=sr_t_144,2000,1h 32m,R,5.3,11K
145. Duets,https://www.imdb.com/title/tt0134630/?ref_=sr_t_145,2000,1h 52m,R,6.1,10K
146. Italian for Beginners,https://www.imdb.com/title/tt0243862/?ref_=sr_t_146,2000,1h 52m,R,7.0,14K
147. The Tao of Steve,https://www.imdb.com/title/tt0234853/?ref_=sr_t_147,2000,1h 27m,R,6.7,7.9K
148. Before Night Falls,https://www.imdb.com/title/tt0247196/?ref_=sr_t_148,2000,2h 13m,R,7.1,27K
149. Left Behind: The Movie,https://www.imdb.com/title/tt0190524/?ref_=sr_t_149,2000,1h 36m,PG-13,4.3,11K
150. Dancer in the Dark,https://www.imdb.com/title/tt0168629/?ref_=sr_t_150,2000,2h 20m,R,7.9,119K
151. Whipped,https://www.imdb.com/title/tt0174336/?ref_=sr_t_151,2000,1h 22m,R,4.4,4.5K
152. With a Friend Like Harry...,https://www.imdb.com/title/tt0216800/?ref_=sr_t_152,2000,1h 57m,R,7.1,12K
153. Requiem for a Dream,https://www.imdb.com/title/tt0180093/?ref_=sr_t_153,2000,1h 42m,NC-17,8.3,925K
154. Malena,https://www.imdb.com/title/tt0213847/?ref_=sr_t_154,2000,1h 48m,R,7.4,116K
155. Price of Glory,https://www.imdb.com/title/tt0188160/?ref_=sr_t_155,2000,1h 58m,PG-13,6.1,927
156. Widow of St. Pierre,https://www.imdb.com/title/tt0191636/?ref_=sr_t_156,2000,1h 52m,R,7.1,5.8K
157. Beautiful,https://www.imdb.com/title/tt0210567/?ref_=sr_t_157,2000,1h 52m,PG-13,5.6,4.4K
158. Songcatcher,https://www.imdb.com/title/tt0210299/?ref_=sr_t_158,2000,1h 49m,PG-13,7.3,3.7K
159. The Golden Bowl,https://www.imdb.com/title/tt0200669/?ref_=sr_t_159,2000,2h 10m,R,5.9,4.7K
160. The House of Mirth,https://www.imdb.com/title/tt0200720/?ref_=sr_t_160,2000,2h 15m,PG,7.0,8.2K
161. Isn't She Great,https://www.imdb.com/title/tt0141399/?ref_=sr_t_161,2000,1h 35m,R,5.3,2.6K
162. Up at the Villa,https://www.imdb.com/title/tt0153464/?ref_=sr_t_162,2000,1h 55m,PG-13,6.0,2.9K
163. In the Mood for Love,https://www.imdb.com/title/tt0118694/?ref_=sr_t_163,2000,1h 38m,PG,8.1,173K
164. God's Army,https://www.imdb.com/title/tt0238247/?ref_=sr_t_164,2000,1h 48m,PG,6.2,1.2K
165. The Dish,https://www.imdb.com/title/tt0205873/?ref_=sr_t_165,2000,1h 41m,PG-13,7.2,17K
166. The Endurance,https://www.imdb.com/title/tt0264578/?ref_=sr_t_166,2000,1h 37m,G,7.8,2.3K
167. Bamboozled,https://www.imdb.com/title/tt0215545/?ref_=sr_t_167,2000,2h 15m,R,6.7,13K
168. Innocence,https://www.imdb.com/title/tt0251141/?ref_=sr_t_168,2000,1h 34m,R,7.1,2K
169. Harrison's Flowers,https://www.imdb.com/title/tt0216799/?ref_=sr_t_169,2000,2h 1m,R,7.0,6.9K
170. Bossa Nova,https://www.imdb.com/title/tt0180837/?ref_=sr_t_170,2000,1h 35m,R,6.3,1.9K
171. The Broken Hearts Club: A Romantic Comedy,https://www.imdb.com/title/tt0222850/?ref_=sr_t_171,2000,1h 34m,R,6.9,8.3K
172. The Debut,https://www.imdb.com/title/tt0163745/?ref_=sr_t_172,2000,1h 28m,R,6.4,701
173. Gun Shy,https://www.imdb.com/title/tt0171356/?ref_=sr_t_173,2000,1h 41m,R,5.6,8K
174. Hamlet,https://www.imdb.com/title/tt0171359/?ref_=sr_t_174,2000,1h 52m,R,5.9,10K
175. Girlfight,https://www.imdb.com/title/tt0210075/?ref_=sr_t_175,2000,1h 50m,R,6.7,12K
176. Under the Sand,https://www.imdb.com/title/tt0240913/?ref_=sr_t_176,2000,1h 32m,Unrated,7.0,12K
177. Greenfingers,https://www.imdb.com/title/tt0203540/?ref_=sr_t_177,2000,1h 31m,R,6.8,6.7K
178. Divided We Fall,https://www.imdb.com/title/tt0234288/?ref_=sr_t_178,2000,1h 57m,PG-13,7.6,5.5K
179. Cecil B. Demented,https://www.imdb.com/title/tt0173716/?ref_=sr_t_179,2000,1h 27m,R,6.3,17K
180. MVP: Most Valuable Primate,https://www.imdb.com/title/tt0196106/?ref_=sr_t_180,2000,1h 33m,PG,4.2,2.8K
181. Turn It Up,https://www.imdb.com/title/tt0216772/?ref_=sr_t_181,2000,1h 26m,R,4.2,1.4K
182. Nine Queens,https://www.imdb.com/title/tt0247586/?ref_=sr_t_182,2000,1h 54m,R,7.9,58K
183. Backstage,https://www.imdb.com/title/tt0259207/?ref_=sr_t_183,2000,1h 26m,R,5.8,347
184. Trois,https://www.imdb.com/title/tt0217107/?ref_=sr_t_184,2000,1h 33m,R,3.9,776
185. Yi Yi,https://www.imdb.com/title/tt0244316/?ref_=sr_t_185,2000,2h 53m,Not Rated,8.1,30K
186. Groove,https://www.imdb.com/title/tt0212974/?ref_=sr_t_186,2000,1h 26m,R,6.6,4.6K
187. Sordid Lives,https://www.imdb.com/title/tt0204640/?ref_=sr_t_187,2000,1h 51m,R,6.7,3.7K
188. Mohabbatein,https://www.imdb.com/title/tt0213890/?ref_=sr_t_188,2000,3h 36m,Not Rated,7.0,35K
189. Timecode,https://www.imdb.com/title/tt0220100/?ref_=sr_t_189,2000,1h 37m,R,6.0,7.2K
190. Chuck & Buck,https://www.imdb.com/title/tt0200530/?ref_=sr_t_190,2000,1h 36m,R,6.6,6K
191. The Luzhin Defence,https://www.imdb.com/title/tt0211492/?ref_=sr_t_191,2000,1h 49m,PG-13,6.8,4.9K
192. What's Cooking?,https://www.imdb.com/title/tt0197096/?ref_=sr_t_192,2000,1h 49m,PG-13,6.8,3K
193. Together,https://www.imdb.com/title/tt0203166/?ref_=sr_t_193,2000,1h 46m,R,7.4,25K
194. Urbania,https://www.imdb.com/title/tt0182508/?ref_=sr_t_194,2000,1h 43m,R,6.8,3.2K
195. The Eyes of Tammy Faye,https://www.imdb.com/title/tt0233687/?ref_=sr_t_195,2000,1h 19m,PG-13,7.2,2.2K
196. Liam,https://www.imdb.com/title/tt0255321/?ref_=sr_t_196,2000,1h 30m,R,6.9,2.7K
197. Two Family House,https://www.imdb.com/title/tt0202641/?ref_=sr_t_197,2000,1h 48m,R,7.2,1.8K
198. The Taste of Others,https://www.imdb.com/title/tt0216787/?ref_=sr_t_198,2000,1h 52m,R,7.2,11K
199. The Yards,https://www.imdb.com/title/tt0138946/?ref_=sr_t_199,2000,1h 55m,R,6.4,24K
200. The Princess and the Warrior,https://www.imdb.com/title/tt0203632/?ref_=sr_t_200,2000,2h 15m,R,7.4,15K
201. Panic,https://www.imdb.com/title/tt0194218/?ref_=sr_t_201,2000,1h 28m,R,6.6,9.3K
202. Passion of Mind,https://www.imdb.com/title/tt0160644/?ref_=sr_t_202,2000,1h 45m,PG-13,5.5,3.7K
203. The Man Who Cried,https://www.imdb.com/title/tt0206917/?ref_=sr_t_203,2000,1h 40m,R,6.1,17K
204. Faithless,https://www.imdb.com/title/tt0157122/?ref_=sr_t_204,2000,2h 22m,R,7.4,3.8K
205. Happy Accidents,https://www.imdb.com/title/tt0208196/?ref_=sr_t_205,2000,1h 50m,R,7.1,10K
206. The Claim,https://www.imdb.com/title/tt0218378/?ref_=sr_t_206,2000,2h,R,6.3,6.7K
207. Dinner Rush,https://www.imdb.com/title/tt0229340/?ref_=sr_t_207,2000,1h 39m,R,7.2,6.3K
208. Taxi 2,https://www.imdb.com/title/tt0183869/?ref_=sr_t_208,2000,1h 28m,Not Rated,6.5,60K
209. The Filth and the Fury,https://www.imdb.com/title/tt0236216/?ref_=sr_t_209,2000,1h 48m,R,7.6,6.3K
210. Fiza,https://www.imdb.com/title/tt0248012/?ref_=sr_t_210,2000,2h 50m,Not Rated,6.0,4.6K
211. The Crimson Rivers,https://www.imdb.com/title/tt0228786/?ref_=sr_t_211,2000,1h 46m,R,6.9,67K
212. Refugee,https://www.imdb.com/title/tt0250690/?ref_=sr_t_212,2000,3h 27m,,5.2,2.2K
213. Phir Bhi Dil Hai Hindustani,https://www.imdb.com/title/tt0222270/?ref_=sr_t_213,2000,2h 40m,Not Rated,6.1,8.9K
214. A Time for Drunken Horses,https://www.imdb.com/title/tt0259072/?ref_=sr_t_214,2000,1h 20m,Not Rated,7.7,9.2K
215. A Fish Tale,https://www.imdb.com/title/tt0168856/?ref_=sr_t_215,2000,1h 20m,Not Rated,6.0,7.6K
216. Love & Sex,https://www.imdb.com/title/tt0234137/?ref_=sr_t_216,2000,1h 22m,R,6.1,5.8K
217. Bread and Roses,https://www.imdb.com/title/tt0212826/?ref_=sr_t_217,2000,1h 50m,R,7.0,6.2K
218. Our Lady of the Assassins,https://www.imdb.com/title/tt0250809/?ref_=sr_t_218,2000,1h 41m,R,6.8,4.4K
219. Big Eden,https://www.imdb.com/title/tt0212815/?ref_=sr_t_219,2000,1h 58m,PG-13,7.3,5.1K
220. Joe Gould's Secret,https://www.imdb.com/title/tt0172632/?ref_=sr_t_220,2000,1h 44m,R,6.6,1.7K
221. Tully,https://www.imdb.com/title/tt0212604/?ref_=sr_t_221,2000,1h 42m,R,7.3,2K
222. Brother,https://www.imdb.com/title/tt0222851/?ref_=sr_t_222,2000,1h 54m,,7.1,25K
223. Lockdown,https://www.imdb.com/title/tt0196708/?ref_=sr_t_223,2000,1h 45m,R,6.2,2.8K
224. Nightcap,https://www.imdb.com/title/tt0232083/?ref_=sr_t_224,2000,1h 41m,Not Rated,6.7,6.1K
225. The Circle,https://www.imdb.com/title/tt0255094/?ref_=sr_t_225,2000,1h 30m,Not Rated,7.4,6.8K
226. Josh,https://www.imdb.com/title/tt0151150/?ref_=sr_t_226,2000,2h 42m,Not Rated,6.1,11K
227. Baise-moi,https://www.imdb.com/title/tt0249380/?ref_=sr_t_227,2000,1h 17m,Not Rated,4.4,19K
228. Har Dil Jo Pyar Karega...,https://www.imdb.com/title/tt0250415/?ref_=sr_t_228,2000,2h 53m,,5.1,5K
229. Hamara Dil Aapke Paas Hai,https://www.imdb.com/title/tt0255212/?ref_=sr_t_229,2000,2h 45m,,5.5,2.1K
230. Bittersweet Motel,https://www.imdb.com/title/tt0168515/?ref_=sr_t_230,2000,1h 22m,,7.6,804
231. Riders,https://www.imdb.com/title/tt0215850/?ref_=sr_t_231,2000,2h 10m,,7.0,539
232. Keep the River on Your Right: A Modern Cannibal Tale,https://www.imdb.com/title/tt0206187/?ref_=sr_t_232,2000,1h 33m,R,6.8,855
233. Nico and Dani,https://www.imdb.com/title/tt0250478/?ref_=sr_t_233,2000,1h 31m,Unrated,6.7,6.4K
234. Tera Jadoo Chal Gayaa,https://www.imdb.com/title/tt0250774/?ref_=sr_t_234,2000,2h 23m,Not Rated,3.1,639
235. The Adventures of Felix,https://www.imdb.com/title/tt0228242/?ref_=sr_t_235,2000,1h 35m,Unrated,6.9,1.9K
236. Grateful Dawg,https://www.imdb.com/title/tt0265212/?ref_=sr_t_236,2000,1h 21m,PG-13,7.2,354
237. Lumumba,https://www.imdb.com/title/tt0246765/?ref_=sr_t_237,2000,1h 55m,Not Rated,7.2,2.1K
238. Come Undone,https://www.imdb.com/title/tt0242795/?ref_=sr_t_238,2000,1h 40m,R,6.7,5.5K
239. Me You Them,https://www.imdb.com/title/tt0244504/?ref_=sr_t_239,2000,1h 44m,PG-13,7.0,1.9K
240. Pukar,https://www.imdb.com/title/tt0218533/?ref_=sr_t_240,2000,2h 56m,,6.7,2.7K
241. Dark Days,https://www.imdb.com/title/tt0235327/?ref_=sr_t_241,2000,1h 22m,Not Rated,7.7,7.3K
242. Love's Labour's Lost,https://www.imdb.com/title/tt0182295/?ref_=sr_t_242,2000,1h 33m,PG,5.9,5K
243. Trixie,https://www.imdb.com/title/tt0162711/?ref_=sr_t_243,2000,1h 56m,R,4.9,1.7K
244. Hey Ram,https://www.imdb.com/title/tt0222012/?ref_=sr_t_244,2000,3h 6m,Not Rated,8.0,14K
245. Waking the Dead,https://www.imdb.com/title/tt0127349/?ref_=sr_t_245,2000,1h 45m,R,6.4,7.8K
246. Psycho Beach Party,https://www.imdb.com/title/tt0206226/?ref_=sr_t_246,2000,1h 35m,Unrated,6.0,6.8K
247. Under Suspicion,https://www.imdb.com/title/tt0164212/?ref_=sr_t_247,2000,1h 50m,R,6.4,28K
248. Maelstrom,https://www.imdb.com/title/tt0220627/?ref_=sr_t_248,2000,1h 27m,R,6.7,7.6K
249. Happenstance,https://www.imdb.com/title/tt0243135/?ref_=sr_t_249,2000,1h 30m,R,6.7,4K
250. George Washington,https://www.imdb.com/title/tt0262432/?ref_=sr_t_250,2000,1h 29m,Not Rated,7.2,8.8K
251. Happy Times,https://www.imdb.com/title/tt0303243/?ref_=sr_t_251,2000,1h 42m,PG,7.3,4.2K
252. The Independent,https://www.imdb.com/title/tt0160403/?ref_=sr_t_252,2000,1h 21m,R,5.9,1.4K
253. Chopper,https://www.imdb.com/title/tt0221073/?ref_=sr_t_253,2000,1h 34m,R,7.1,43K
254. Swimming,https://www.imdb.com/title/tt0202711/?ref_=sr_t_254,2000,1h 38m,R,6.3,956
255. Downtown 81,https://www.imdb.com/title/tt0208993/?ref_=sr_t_255,2000,1h 12m,Unrated,6.9,1.7K
256. Les Destinées,https://www.imdb.com/title/tt0216689/?ref_=sr_t_256,2000,3h,,6.8,1.4K
257. The Ballad of Ramblin' Jack,https://www.imdb.com/title/tt0236008/?ref_=sr_t_257,2000,1h 52m,PG-13,7.8,334
258. Murderous Maids,https://www.imdb.com/title/tt0216578/?ref_=sr_t_258,2000,1h 34m,,6.8,1.3K
259. Mela,https://www.imdb.com/title/tt0232079/?ref_=sr_t_259,2000,2h 52m,,3.7,5.1K
260. Boys Life 3,https://www.imdb.com/title/tt0265101/?ref_=sr_t_260,2000,1h 19m,,6.2,351
261. Bulandi,https://www.imdb.com/title/tt0230055/?ref_=sr_t_261,2000,2h 55m,Not Rated,5.2,813
262. Chal Mere Bhai,https://www.imdb.com/title/tt0245825/?ref_=sr_t_262,2000,2h 16m,,4.7,3.7K
263. Raju Chacha,https://www.imdb.com/title/tt0271748/?ref_=sr_t_263,2000,2h 43m,,5.1,2.3K
264. Diamond Men,https://www.imdb.com/title/tt0200427/?ref_=sr_t_264,2000,1h 40m,R,6.9,1.8K
265. One Week,https://www.imdb.com/title/tt0258854/?ref_=sr_t_265,2000,1h 37m,R,6.4,279
266. Calle 54,https://www.imdb.com/title/tt0260775/?ref_=sr_t_266,2000,1h 45m,G,7.4,840
267. Burnt Money,https://www.imdb.com/title/tt0227277/?ref_=sr_t_267,2000,2h 5m,R,7.0,7K
268. Mercy Streets,https://www.imdb.com/title/tt0243415/?ref_=sr_t_268,2000,1h 46m,PG-13,5.2,610
269. Knockout,https://www.imdb.com/title/tt0143344/?ref_=sr_t_269,2000,1h 39m,PG-13,4.1,226
270. American Women,https://www.imdb.com/title/tt0218112/?ref_=sr_t_270,2000,1h 30m,PG-13,6.2,1.5K
271. Hybrid,https://www.imdb.com/title/tt0267563/?ref_=sr_t_271,2000,1h 32m,Not Rated,7.5,151
272. Punks,https://www.imdb.com/title/tt0160710/?ref_=sr_t_272,2000,1h 31m,R,7.0,302
273. About Adam,https://www.imdb.com/title/tt0199314/?ref_=sr_t_273,2000,1h 37m,R,5.8,6.8K
274. Km. 0,https://www.imdb.com/title/tt0251777/?ref_=sr_t_274,2000,1h 48m,R,7.0,1.8K
275. The Gleaners & I,https://www.imdb.com/title/tt0247380/?ref_=sr_t_275,2000,1h 22m,Not Rated,7.7,9.2K
276. Vampire Hunter D: Bloodlust,https://www.imdb.com/title/tt0216651/?ref_=sr_t_276,2000,1h 43m,R,7.6,37K
277. The Day I Became a Woman,https://www.imdb.com/title/tt0260332/?ref_=sr_t_277,2000,1h 14m,,7.3,2K
278. Company Man,https://www.imdb.com/title/tt0177650/?ref_=sr_t_278,2000,1h 26m,PG-13,5.2,2.2K
279. Tigerland,https://www.imdb.com/title/tt0170691/?ref_=sr_t_279,2000,1h 41m,R,6.9,44K
280. Time of Favor,https://www.imdb.com/title/tt0268696/?ref_=sr_t_280,2000,1h 42m,Not Rated,6.7,577
281. When Brendan Met Trudy,https://www.imdb.com/title/tt0220157/?ref_=sr_t_281,2000,1h 35m,,6.5,1.3K
282. A Shot at Glory,https://www.imdb.com/title/tt0193854/?ref_=sr_t_282,2000,1h 54m,R,6.2,2.5K
283. O Fantasma,https://www.imdb.com/title/tt0239381/?ref_=sr_t_283,2000,1h 27m,Unrated,5.7,4.1K
284. 101 Reykjavík,https://www.imdb.com/title/tt0237993/?ref_=sr_t_284,2000,1h 28m,Not Rated,6.8,10K
285. The Komediant,https://www.imdb.com/title/tt0213569/?ref_=sr_t_285,2000,1h 20m,,8.2,91
286. Sound and Fury,https://www.imdb.com/title/tt0240912/?ref_=sr_t_286,2000,1h 20m,Not Rated,7.8,1.1K
287. Kippur,https://www.imdb.com/title/tt0218379/?ref_=sr_t_287,2000,1h 57m,Not Rated,6.3,1.9K
288. The Vertical Ray of the Sun,https://www.imdb.com/title/tt0224578/?ref_=sr_t_288,2000,1h 52m,PG-13,7.2,4.1K
289. The Weight of Water,https://www.imdb.com/title/tt0210382/?ref_=sr_t_289,2000,1h 54m,R,5.8,10K
290. The Girl,https://www.imdb.com/title/tt0249538/?ref_=sr_t_290,2000,1h 24m,Unrated,4.7,489
291. Khauff,https://www.imdb.com/title/tt0220596/?ref_=sr_t_291,2000,2h 4m,,4.5,435
292. Sade,https://www.imdb.com/title/tt0217019/?ref_=sr_t_292,2000,1h 40m,,6.1,1.9K
293. Fighter,https://www.imdb.com/title/tt0263338/?ref_=sr_t_293,2000,1h 31m,Not Rated,7.4,258
294. Paragraph 175,https://www.imdb.com/title/tt0236576/?ref_=sr_t_294,2000,1h 21m,Not Rated,7.7,2.2K
295. Code Unknown,https://www.imdb.com/title/tt0216625/?ref_=sr_t_295,2000,1h 58m,Not Rated,7.1,16K
296. Escaflowne: The Movie,https://www.imdb.com/title/tt0270933/?ref_=sr_t_296,2000,1h 38m,PG-13,6.6,3.9K
297. Borstal Boy,https://www.imdb.com/title/tt0221838/?ref_=sr_t_297,2000,1h 31m,Not Rated,6.8,2.6K
298. Kahin Pyaar Na Ho Jaaye,https://www.imdb.com/title/tt0268401/?ref_=sr_t_298,2000,2h 39m,Not Rated,4.4,2.6K
299. Live Nude Girls Unite!,https://www.imdb.com/title/tt0264802/?ref_=sr_t_299,2000,1h 15m,Not Rated,6.3,524
300. Everybody's Famous!,https://www.imdb.com/title/tt0209037/?ref_=sr_t_300,2000,1h 37m,R,6.9,3.4K
301. Songs from the Second Floor,https://www.imdb.com/title/tt0120263/?ref_=sr_t_301,2000,1h 38m,Not Rated,7.5,21K
302. Blue Moon,https://www.imdb.com/title/tt0225196/?ref_=sr_t_302,2000,1h 29m,PG-13,5.5,325
303. Steal This Movie,https://www.imdb.com/title/tt0161216/?ref_=sr_t_303,2000,1h 47m,R,6.3,2.4K
304. Hum To Mohabbat Karega,https://www.imdb.com/title/tt0249588/?ref_=sr_t_304,2000,2h 33m,,3.0,482
305. Tears of the Black Tiger,https://www.imdb.com/title/tt0269217/?ref_=sr_t_305,2000,1h 50m,Unrated,6.9,2.9K
306. An Everlasting Piece,https://www.imdb.com/title/tt0218182/?ref_=sr_t_306,2000,1h 43m,R,6.2,1.8K
307. Boricua's Bond,https://www.imdb.com/title/tt0217287/?ref_=sr_t_307,2000,1h 45m,R,3.6,312
308. Todo el poder,https://www.imdb.com/title/tt0208181/?ref_=sr_t_308,2000,1h 45m,R,6.6,1.2K
309. Werckmeister Harmonies,https://www.imdb.com/title/tt0249241/?ref_=sr_t_309,2000,2h 25m,Not Rated,8.0,17K
310. Les filles ne savent pas nager,https://www.imdb.com/title/tt0239507/?ref_=sr_t_310,2000,1h 42m,Unrated,5.9,633
311. Dancing at the Blue Iguana,https://www.imdb.com/title/tt0217355/?ref_=sr_t_311,2000,2h 3m,R,5.7,4.2K
312. La ville est tranquille,https://www.imdb.com/title/tt0234988/?ref_=sr_t_312,2000,2h 13m,,7.2,1.3K
313. Mad About Mambo,https://www.imdb.com/title/tt0156757/?ref_=sr_t_313,2000,1h 32m,PG-13,5.9,2.2K
314. Aberdeen,https://www.imdb.com/title/tt0168446/?ref_=sr_t_314,2000,1h 46m,TV-MA,7.1,3.5K
315. The Million Dollar Hotel,https://www.imdb.com/title/tt0120753/?ref_=sr_t_315,2000,2h 2m,R,5.7,23K
316. The Young Unknowns,https://www.imdb.com/title/tt0186719/?ref_=sr_t_316,2000,1h 27m,R,4.1,220
317. Promenons-nous dans les bois,https://www.imdb.com/title/tt0236638/?ref_=sr_t_317,2000,1h 30m,R,4.1,2.9K
318. Beautiful Creatures,https://www.imdb.com/title/tt0221889/?ref_=sr_t_318,2000,1h 26m,R,5.8,4K
319. Once in the Life,https://www.imdb.com/title/tt0177068/?ref_=sr_t_319,2000,1h 47m,R,5.2,818
320. Jungle,https://www.imdb.com/title/tt0251756/?ref_=sr_t_320,2000,2h 26m,,6.1,1.3K
321. Vatel,https://www.imdb.com/title/tt0190861/?ref_=sr_t_321,2000,1h 43m,PG-13,6.6,8.4K
322. Long Night's Journey Into Day,https://www.imdb.com/title/tt0236447/?ref_=sr_t_322,2000,1h 34m,Not Rated,7.5,481
323. How to Kill Your Neighbor's Dog,https://www.imdb.com/title/tt0207524/?ref_=sr_t_323,2000,1h 47m,R,6.8,3.7K
324. The Fantasticks,https://www.imdb.com/title/tt0113026/?ref_=sr_t_324,2000,1h 26m,PG,5.7,1.5K
325. Eureka,https://www.imdb.com/title/tt0243889/?ref_=sr_t_325,2000,3h 37m,,7.7,4.5K
326. La confusion des genres,https://www.imdb.com/title/tt0230098/?ref_=sr_t_326,2000,1h 34m,,6.3,1.1K
327. The Amati Girls,https://www.imdb.com/title/tt0213446/?ref_=sr_t_327,2000,1h 31m,PG,4.9,494
328. Waydowntown,https://www.imdb.com/title/tt0219405/?ref_=sr_t_328,2000,1h 27m,R,6.7,1.9K
329. Ivans xtc.,https://www.imdb.com/title/tt0238321/?ref_=sr_t_329,2000,1h 33m,Not Rated,6.5,1.5K
330. Dhadkan,https://www.imdb.com/title/tt0255111/?ref_=sr_t_330,2000,2h 41m,,6.5,8.3K
331. Karobaar: The Business of Love,https://www.imdb.com/title/tt0116748/?ref_=sr_t_331,2000,3h,,3.7,310
332. Thomas est amoureux,https://www.imdb.com/title/tt0262826/?ref_=sr_t_332,2000,1h 37m,Unrated,7.0,2.1K
333. Animal Factory,https://www.imdb.com/title/tt0204137/?ref_=sr_t_333,2000,1h 34m,R,6.6,15K
334. Hadh Kar Di Aapne,https://www.imdb.com/title/tt0244528/?ref_=sr_t_334,2000,2h 14m,,5.3,2.2K
335. Shikari,https://www.imdb.com/title/tt0120117/?ref_=sr_t_335,2000,2h 40m,Not Rated,4.6,547
336. Committed,https://www.imdb.com/title/tt0144142/?ref_=sr_t_336,2000,1h 38m,R,5.1,4.1K
337. A Rumor of Angels,https://www.imdb.com/title/tt0201899/?ref_=sr_t_337,2000,1h 46m,PG-13,6.8,1.7K
338. Shadow Hours,https://www.imdb.com/title/tt0226430/?ref_=sr_t_338,2000,1h 35m,R,5.7,951
339. Last Resort,https://www.imdb.com/title/tt0258761/?ref_=sr_t_339,2000,1h 13m,TV-14,7.2,2.2K
340. Benjamin Smoke,https://www.imdb.com/title/tt0233315/?ref_=sr_t_340,2000,1h 12m,,7.3,236
341. Kurukshetra,https://www.imdb.com/title/tt0255309/?ref_=sr_t_341,2000,2h 9m,Not Rated,6.1,1.2K
342. Cowboys and Angels,https://www.imdb.com/title/tt0215679/?ref_=sr_t_342,2000,1h 37m,PG,6.1,517
343. Signs & Wonders,https://www.imdb.com/title/tt0230783/?ref_=sr_t_343,2000,1h 45m,,5.8,717
344. The Turandot Project,https://www.imdb.com/title/tt0262076/?ref_=sr_t_344,2000,1h 27m,Not Rated,7.4,139
345. Boesman and Lena,https://www.imdb.com/title/tt0197311/?ref_=sr_t_345,2000,1h 30m,Not Rated,5.7,298
346. Bootmen,https://www.imdb.com/title/tt0210584/?ref_=sr_t_346,2000,1h 35m,R,6.2,2.5K
347. Gangster No. 1,https://www.imdb.com/title/tt0210065/?ref_=sr_t_347,2000,1h 43m,R,6.7,15K
348. Sinbad: Beyond the Veil of Mists,https://www.imdb.com/title/tt0144608/?ref_=sr_t_348,2000,1h 25m,G,4.4,727
"349. South of Heaven, West of Hell",https://www.imdb.com/title/tt0179473/?ref_=sr_t_349,2000,2h 11m,R,4.3,1.7K
350. King of the Jungle,https://www.imdb.com/title/tt0177888/?ref_=sr_t_350,2000,1h 27m,R,5.8,606
351. Khiladi 420,https://www.imdb.com/title/tt0255305/?ref_=sr_t_351,2000,2h 37m,Not Rated,5.2,2.2K
352. Maze,https://www.imdb.com/title/tt0246072/?ref_=sr_t_352,2000,1h 37m,R,6.3,947
353. Bang Rajan,https://www.imdb.com/title/tt0284880/?ref_=sr_t_353,2000,1h 11m,R,6.6,2.1K
354. Blackboards,https://www.imdb.com/title/tt0246266/?ref_=sr_t_354,2000,1h 28m,,6.8,3K
355. Esther Kahn,https://www.imdb.com/title/tt0183056/?ref_=sr_t_355,2000,2h 37m,Not Rated,6.7,1.2K
356. Cuba feliz,https://www.imdb.com/title/tt0244476/?ref_=sr_t_356,2000,1h 36m,,6.6,252
357. The Isle,https://www.imdb.com/title/tt0255589/?ref_=sr_t_357,2000,1h 30m,Not Rated,6.9,15K
358. Maybe Baby,https://www.imdb.com/title/tt0206926/?ref_=sr_t_358,2000,1h 44m,R,5.6,6.2K
359. The Simian Line,https://www.imdb.com/title/tt0186549/?ref_=sr_t_359,2000,1h 46m,R,5.3,429
360. Better Than Sex,https://www.imdb.com/title/tt0236019/?ref_=sr_t_360,2000,1h 35m,R,6.3,2.3K
361. Devils on the Doorstep,https://www.imdb.com/title/tt0245929/?ref_=sr_t_361,2000,2h 19m,,8.2,8.9K
362. Scarlet Diva,https://www.imdb.com/title/tt0218581/?ref_=sr_t_362,2000,1h 30m,R,5.0,2.8K
363. The King Is Alive,https://www.imdb.com/title/tt0208911/?ref_=sr_t_363,2000,1h 50m,R,6.3,2K
364. Fast Food Fast Women,https://www.imdb.com/title/tt0206742/?ref_=sr_t_364,2000,1h 35m,R,6.4,2.2K
365. Eban and Charley,https://www.imdb.com/title/tt0253063/?ref_=sr_t_365,2000,1h 26m,,5.6,799
366. A Smaller World,https://www.imdb.com/title/tt0246239/?ref_=sr_t_366,2000,,,,
367. Vulgar,https://www.imdb.com/title/tt0120467/?ref_=sr_t_367,2000,1h 27m,R,5.2,4.3K
368. Born Romantic,https://www.imdb.com/title/tt0236034/?ref_=sr_t_368,2000,1h 36m,R,6.4,1.7K
369. Nora,https://www.imdb.com/title/tt0158033/?ref_=sr_t_369,2000,1h 46m,R,5.9,1.9K
370. Circus,https://www.imdb.com/title/tt0191037/?ref_=sr_t_370,2000,1h 35m,R,5.5,2.4K
371. Looking for an Echo,https://www.imdb.com/title/tt0148421/?ref_=sr_t_371,2000,1h 37m,R,6.5,365
372. The Specials,https://www.imdb.com/title/tt0181836/?ref_=sr_t_372,2000,1h 22m,R,5.7,2.6K
373. Freestyle: The Art of Rhyme,https://www.imdb.com/title/tt0262424/?ref_=sr_t_373,2000,1h,Not Rated,7.4,631
374. Yellow Asphalt,https://www.imdb.com/title/tt0289074/?ref_=sr_t_374,2000,1h 27m,,6.8,159
375. New York in the 50's,https://www.imdb.com/title/tt0277185/?ref_=sr_t_375,2000,1h 12m,Not Rated,6.1,120
376. Camera Obscura,https://www.imdb.com/title/tt0204933/?ref_=sr_t_376,2000,1h 39m,,4.4,170
377. Stardom,https://www.imdb.com/title/tt0192949/?ref_=sr_t_377,2000,1h 40m,R,5.6,1.8K
378. Time and Tide,https://www.imdb.com/title/tt0251433/?ref_=sr_t_378,2000,1h 53m,R,6.7,5.2K
379. A Matter of Taste,https://www.imdb.com/title/tt0217119/?ref_=sr_t_379,2000,1h 30m,Not Rated,6.9,1.7K
380. Anatomy,https://www.imdb.com/title/tt0187696/?ref_=sr_t_380,2000,1h 43m,R,6.0,14K
381. Bounce: Behind the Velvet Rope,https://www.imdb.com/title/tt0238066/?ref_=sr_t_381,2000,1h 11m,,6.4,188
382. Prince of Central Park,https://www.imdb.com/title/tt0170452/?ref_=sr_t_382,2000,1h 49m,PG-13,5.1,674
383. A Piece of Eden,https://www.imdb.com/title/tt0181945/?ref_=sr_t_383,2000,1h 46m,,5.6,161
384. Scottsboro: An American Tragedy,https://www.imdb.com/title/tt0240885/?ref_=sr_t_384,2000,1h 24m,,7.5,366
"385. La Commune (Paris, 1871)",https://www.imdb.com/title/tt0257497/?ref_=sr_t_385,2000,5h 45m,,8.0,1.4K
386. Lakeboat,https://www.imdb.com/title/tt0210149/?ref_=sr_t_386,2000,1h 38m,R,6.0,766
387. Pandaemonium,https://www.imdb.com/title/tt0210217/?ref_=sr_t_387,2000,2h 4m,PG-13,6.4,895
388. Secret Society,https://www.imdb.com/title/tt0217788/?ref_=sr_t_388,2000,1h 38m,PG,5.3,189
389. Chaos,https://www.imdb.com/title/tt0295362/?ref_=sr_t_389,2000,1h 30m,,6.6,1.6K
390. Bawandar,https://www.imdb.com/title/tt0280465/?ref_=sr_t_390,2000,2h 5m,,7.0,334
391. Big Animal,https://www.imdb.com/title/tt0246593/?ref_=sr_t_391,2000,1h 13m,Unrated,7.1,1.1K
392. Blossoms of Fire,https://www.imdb.com/title/tt0259219/?ref_=sr_t_392,2000,1h 15m,,6.9,40
393. Tattoo Bar,https://www.imdb.com/title/tt0219338/?ref_=sr_t_393,2000,1h 30m,,5.0,53
394. Everything Put Together,https://www.imdb.com/title/tt0228277/?ref_=sr_t_394,2000,1h 29m,R,6.1,837
395. Lush,https://www.imdb.com/title/tt0197646/?ref_=sr_t_395,2000,1h 33m,R,4.8,299
396. Rat,https://www.imdb.com/title/tt0234570/?ref_=sr_t_396,2000,1h 29m,PG,5.9,1K
397. Ginger Snaps,https://www.imdb.com/title/tt0210070/?ref_=sr_t_397,2000,1h 48m,Not Rated,6.8,55K
398. Enemies of Laughter,https://www.imdb.com/title/tt0193135/?ref_=sr_t_398,2000,1h 30m,Not Rated,5.4,209
"399. Love, Honor and Obey",https://www.imdb.com/title/tt0199727/?ref_=sr_t_399,2000,1h 43m,R,6.4,5.8K
400. Cheeky,https://www.imdb.com/title/tt0200192/?ref_=sr_t_400,2000,1h 31m,Not Rated,5.4,6.7K
401. 100 Girls,https://www.imdb.com/title/tt0214388/?ref_=sr_t_401,2000,1h 34m,R,5.8,24K
402. Battle Royale,https://www.imdb.com/title/tt0266308/?ref_=sr_t_402,2000,1h 54m,Not Rated,7.5,198K
403. A Dog's Will,https://www.imdb.com/title/tt0271383/?ref_=sr_t_403,2000,1h 44m,,8.6,18K
404. Cruel Intentions 2,https://www.imdb.com/title/tt0196267/?ref_=sr_t_404,2000,1h 27m,R,4.4,16K
405. It Had to Be You,https://www.imdb.com/title/tt0139388/?ref_=sr_t_405,2000,1h 36m,PG,5.6,2.7K
406. Boltneck,https://www.imdb.com/title/tt0164192/?ref_=sr_t_406,2000,1h 32m,Not Rated,4.8,905
407. Joint Security Area,https://www.imdb.com/title/tt0260991/?ref_=sr_t_407,2000,1h 50m,Not Rated,7.7,36K
408. Faust,https://www.imdb.com/title/tt0223268/?ref_=sr_t_408,2000,1h 41m,R,4.4,4.6K
409. Kevin & Perry Go Large,https://www.imdb.com/title/tt0205177/?ref_=sr_t_409,2000,1h 22m,R,5.7,15K
410. Flickering Lights,https://www.imdb.com/title/tt0236027/?ref_=sr_t_410,2000,1h 49m,Not Rated,7.5,25K
411. Mercy,https://www.imdb.com/title/tt0188055/?ref_=sr_t_411,2000,1h 57m,R,5.4,2.4K
412. Spiral,https://www.imdb.com/title/tt0244870/?ref_=sr_t_412,2000,1h 30m,,6.1,9.5K
413. Heavy Metal 2000,https://www.imdb.com/title/tt0119273/?ref_=sr_t_413,2000,1h 28m,R,5.4,9.6K
414. The Crow: Salvation,https://www.imdb.com/title/tt0132910/?ref_=sr_t_414,2000,1h 42m,R,4.9,13K
415. Skipped Parts,https://www.imdb.com/title/tt0209322/?ref_=sr_t_415,2000,1h 40m,R,6.2,3.8K
416. The Right Temptation,https://www.imdb.com/title/tt0196223/?ref_=sr_t_416,2000,1h 35m,R,5.3,1.4K
417. Brat 2,https://www.imdb.com/title/tt0238883/?ref_=sr_t_417,2000,2h 2m,,7.6,18K
418. One Piece: The Movie,https://www.imdb.com/title/tt0814243/?ref_=sr_t_418,2000,51m,TV-PG,6.9,8.9K
419. Water Drops on Burning Rocks,https://www.imdb.com/title/tt0211387/?ref_=sr_t_419,2000,1h 22m,Not Rated,6.7,7.1K
420. Four Letter Words,https://www.imdb.com/title/tt0259255/?ref_=sr_t_420,2000,1h 22m,Not Rated,5.2,200
421. Hera Pheri,https://www.imdb.com/title/tt0242519/?ref_=sr_t_421,2000,2h 36m,Not Rated,8.2,75K
422. Ed Gein,https://www.imdb.com/title/tt0230169/?ref_=sr_t_422,2000,1h 29m,Not Rated,5.5,5.7K
423. Suzhou River,https://www.imdb.com/title/tt0234837/?ref_=sr_t_423,2000,1h 23m,,7.4,7.1K
424. Jalla! Jalla!,https://www.imdb.com/title/tt0269389/?ref_=sr_t_424,2000,1h 28m,,6.8,15K
425. Il Mare,https://www.imdb.com/title/tt0282599/?ref_=sr_t_425,2000,1h 45m,,7.5,9.7K
426. Barking Dogs Never Bite,https://www.imdb.com/title/tt0269743/?ref_=sr_t_426,2000,1h 50m,Not Rated,6.9,11K
427. The Guilty,https://www.imdb.com/title/tt0186183/?ref_=sr_t_427,2000,1h 48m,R,6.1,4K
428. Tick Tock,https://www.imdb.com/title/tt0169324/?ref_=sr_t_428,2000,1h 33m,R,5.6,908
429. The Captive,https://www.imdb.com/title/tt0216605/?ref_=sr_t_429,2000,1h 58m,Not Rated,6.0,2.1K
430. Our Lips Are Sealed,https://www.imdb.com/title/tt0270560/?ref_=sr_t_430,2000,1h 29m,G,5.1,5.3K
431. Citizen Toxie: The Toxic Avenger IV,https://www.imdb.com/title/tt0212879/?ref_=sr_t_431,2000,1h 49m,R,5.9,6.4K
432. Hotel Splendide,https://www.imdb.com/title/tt0177845/?ref_=sr_t_432,2000,1h 38m,,6.2,1.5K
433. 2001: A Space Travesty,https://www.imdb.com/title/tt0157262/?ref_=sr_t_433,2000,1h 39m,R,3.5,13K
434. Fidelity,https://www.imdb.com/title/tt0204761/?ref_=sr_t_434,2000,2h 46m,,5.6,2.1K
435. The Secret,https://www.imdb.com/title/tt0227458/?ref_=sr_t_435,2000,1h 47m,Not Rated,6.1,851
436. The Convent,https://www.imdb.com/title/tt0217331/?ref_=sr_t_436,2000,1h 19m,R,5.2,3.3K
437. Felicidades,https://www.imdb.com/title/tt0267490/?ref_=sr_t_437,2000,1h 40m,PG-13,7.2,803
438. Jung,https://www.imdb.com/title/tt0289725/?ref_=sr_t_438,2000,2h 27m,,4.3,457
439. Little Otik,https://www.imdb.com/title/tt0228687/?ref_=sr_t_439,2000,2h 12m,TV-14,7.3,7.1K
440. Godzilla vs. Megaguirus,https://www.imdb.com/title/tt0255198/?ref_=sr_t_440,2000,1h 45m,Not Rated,6.0,4.9K
441. Chinese Coffee,https://www.imdb.com/title/tt0118852/?ref_=sr_t_441,2000,1h 39m,R,7.1,4.8K
442. Jönssonligan spelar högt,https://www.imdb.com/title/tt0269410/?ref_=sr_t_442,2000,1h 32m,,4.6,1.9K
443. Bruiser,https://www.imdb.com/title/tt0212830/?ref_=sr_t_443,2000,1h 39m,R,5.3,6.7K
444. Blood: The Last Vampire,https://www.imdb.com/title/tt0275230/?ref_=sr_t_444,2000,48m,Not Rated,6.6,14K
445. Spiders,https://www.imdb.com/title/tt0203940/?ref_=sr_t_445,2000,1h 34m,R,3.9,3.3K
446. As I Was Moving Ahead Occasionally I Saw Brief Glimpses of Beauty,https://www.imdb.com/title/tt0262240/?ref_=sr_t_446,2000,4h 48m,,8.2,1.6K
447. The Bench,https://www.imdb.com/title/tt0245027/?ref_=sr_t_447,2000,1h 33m,,7.5,4.6K
448. Believe,https://www.imdb.com/title/tt0207333/?ref_=sr_t_448,2000,1h 36m,PG,5.1,916
449. Titanic: The Legend Goes On...,https://www.imdb.com/title/tt0330994/?ref_=sr_t_449,2000,1h 30m,Not Rated,1.5,9.7K
450. Takedown,https://www.imdb.com/title/tt0159784/?ref_=sr_t_450,2000,1h 36m,R,6.2,7.3K
451. Nautilus,https://www.imdb.com/title/tt0165400/?ref_=sr_t_451,2000,1h 37m,R,3.5,293
452. Andromina: The Pleasure Planet,https://www.imdb.com/title/tt0222719/?ref_=sr_t_452,2000,1h 28m,R,3.7,410
453. Mr. Accident,https://www.imdb.com/title/tt0156807/?ref_=sr_t_453,2000,1h 29m,PG-13,4.4,1.2K
454. Selkie,https://www.imdb.com/title/tt0245428/?ref_=sr_t_454,2000,1h 28m,,5.8,159
455. Above Suspicion,https://www.imdb.com/title/tt0219469/?ref_=sr_t_455,2000,1h 32m,R,5.8,572
456. Cut,https://www.imdb.com/title/tt0189456/?ref_=sr_t_456,2000,1h 22m,R,4.4,3.9K
457. Icebreaker,https://www.imdb.com/title/tt0179861/?ref_=sr_t_457,2000,1h 30m,PG-13,3.6,1.4K
458. The Bare Wench Project,https://www.imdb.com/title/tt0233289/?ref_=sr_t_458,2000,1h 16m,R,3.4,1.1K
"459. Just, Melvin: Just Evil",https://www.imdb.com/title/tt0240641/?ref_=sr_t_459,2000,1h 36m,,7.0,1.8K
460. In July,https://www.imdb.com/title/tt0177858/?ref_=sr_t_460,2000,1h 39m,,7.6,23K
461. Devil in the Flesh 2,https://www.imdb.com/title/tt0217086/?ref_=sr_t_461,2000,1h 32m,R,4.7,1.6K
462. Ask Me If I'm Happy,https://www.imdb.com/title/tt0252985/?ref_=sr_t_462,2000,1h 40m,,7.1,7.9K
463. Versus,https://www.imdb.com/title/tt0275773/?ref_=sr_t_463,2000,1h 59m,,6.3,14K
464. Essex Boys,https://www.imdb.com/title/tt0191996/?ref_=sr_t_464,2000,1h 42m,R,6.0,4.4K
465. The Wog Boy,https://www.imdb.com/title/tt0216417/?ref_=sr_t_465,2000,1h 32m,,5.8,2.4K
466. Things You Can Tell Just by Looking at Her,https://www.imdb.com/title/tt0210358/?ref_=sr_t_466,2000,1h 49m,PG-13,6.4,7.5K
467. Ordinary Decent Criminal,https://www.imdb.com/title/tt0160611/?ref_=sr_t_467,2000,1h 33m,R,6.3,15K
468. Jericho,https://www.imdb.com/title/tt0285242/?ref_=sr_t_468,2000,1h 41m,PG-13,6.0,555
469. Phantom Love,https://www.imdb.com/title/tt0285896/?ref_=sr_t_469,2000,1h 24m,R,4.5,231
470. The Libertine,https://www.imdb.com/title/tt0214878/?ref_=sr_t_470,2000,1h 40m,Not Rated,6.2,1.9K
471. Christina's House,https://www.imdb.com/title/tt0216620/?ref_=sr_t_471,2000,1h 36m,R,4.4,2.5K
472. A Summer Tale,https://www.imdb.com/title/tt0204932/?ref_=sr_t_472,2000,1h 31m,,7.3,4.7K
473. Kaho Naa... Pyaar Hai,https://www.imdb.com/title/tt0234000/?ref_=sr_t_473,2000,2h 52m,Not Rated,6.9,17K
474. Chain of Fools,https://www.imdb.com/title/tt0194368/?ref_=sr_t_474,2000,1h 38m,R,6.0,4.4K
475. Sex Files: Pleasureville,https://www.imdb.com/title/tt0253486/?ref_=sr_t_475,2000,1h 19m,,4.4,272
476. There's Only One Jimmy Grimble,https://www.imdb.com/title/tt0238660/?ref_=sr_t_476,2000,1h 46m,,6.6,4.2K
477. Fortress 2: Re-Entry,https://www.imdb.com/title/tt0179183/?ref_=sr_t_477,2000,1h 32m,R,4.5,7.4K
478. Naken,https://www.imdb.com/title/tt0269604/?ref_=sr_t_478,2000,1h 34m,,5.0,2K
479. Lovers Lane,https://www.imdb.com/title/tt0187251/?ref_=sr_t_479,2000,1h 30m,Not Rated,4.2,1.5K
480. The Last Man,https://www.imdb.com/title/tt0231956/?ref_=sr_t_480,2000,1h 35m,R,5.2,617
481. The Prophet's Game,https://www.imdb.com/title/tt0199974/?ref_=sr_t_481,2000,1h 46m,R,4.9,1.2K
482. Some Voices,https://www.imdb.com/title/tt0218616/?ref_=sr_t_482,2000,1h 41m,,6.5,1.5K
483. Common Wealth,https://www.imdb.com/title/tt0255067/?ref_=sr_t_483,2000,1h 50m,R,7.2,13K
484. After Sex,https://www.imdb.com/title/tt0198284/?ref_=sr_t_484,2000,1h 36m,,4.5,878
485. Paranoid,https://www.imdb.com/title/tt0197750/?ref_=sr_t_485,2000,1h 33m,Not Rated,4.0,2.4K
486. Chunhyang,https://www.imdb.com/title/tt0245837/?ref_=sr_t_486,2000,2h 17m,R,7.1,1.8K
487. Ritual,https://www.imdb.com/title/tt0269856/?ref_=sr_t_487,2000,2h 8m,,7.5,2.9K
488. Crazy,https://www.imdb.com/title/tt0215681/?ref_=sr_t_488,2000,1h 37m,,6.6,4.5K
489. The Magic Pudding,https://www.imdb.com/title/tt0163080/?ref_=sr_t_489,2000,1h 20m,G,5.8,550
490. Bicho de Sete Cabeças,https://www.imdb.com/title/tt0263124/?ref_=sr_t_490,2000,1h 14m,,7.7,6.7K
491. The Smokers,https://www.imdb.com/title/tt0205418/?ref_=sr_t_491,2000,1h 36m,R,2.9,2.9K
492. Tales of the Unusual,https://www.imdb.com/title/tt0293984/?ref_=sr_t_492,2000,2h 6m,,6.7,450
493. Ring 0: Birthday,https://www.imdb.com/title/tt0235712/?ref_=sr_t_493,2000,1h 39m,Not Rated,5.9,10K
494. Poor White Trash,https://www.imdb.com/title/tt0204350/?ref_=sr_t_494,2000,1h 25m,R,4.9,1.4K
495. Fast Lane to Malibu,https://www.imdb.com/title/tt0240500/?ref_=sr_t_495,2000,1h 26m,R,4.8,477
496. My 5 Wives,https://www.imdb.com/title/tt0216930/?ref_=sr_t_496,2000,1h 40m,R,4.8,1.9K
497. Looking for Alibrandi,https://www.imdb.com/title/tt0217629/?ref_=sr_t_497,2000,1h 43m,,7.0,3.6K
498. Vetri kodi kattu,https://www.imdb.com/title/tt2022587/?ref_=sr_t_498,2000,,,7.2,345
499. The Calling,https://www.imdb.com/title/tt0218067/?ref_=sr_t_499,2000,1h 29m,R,4.3,2.1K
500. Intern,https://www.imdb.com/title/tt0202989/?ref_=sr_t_500,2000,1h 30m,R,4.4,771
