Title,Movie Link,Year,Duration,MPA,Rating,Votes
1. Star Wars: Episode VII - The Force Awakens,https://www.imdb.com/title/tt2488496/?ref_=sr_t_1,2015,2h 18m,PG-13,7.8,990K
2. Jurassic World,https://www.imdb.com/title/tt0369610/?ref_=sr_t_2,2015,2h 4m,PG-13,6.9,694K
3. Avengers: Age of Ultron,https://www.imdb.com/title/tt2395427/?ref_=sr_t_3,2015,2h 21m,PG-13,7.3,946K
4. Inside Out,https://www.imdb.com/title/tt2096673/?ref_=sr_t_4,2015,1h 35m,PG,8.1,848K
5. Furious 7,https://www.imdb.com/title/tt2820852/?ref_=sr_t_5,2015,2h 17m,PG-13,7.1,423K
6. Minions,https://www.imdb.com/title/tt2293640/?ref_=sr_t_6,2015,1h 31m,PG,6.4,269K
7. The Hunger Games: Mockingjay - Part 2,https://www.imdb.com/title/tt1951266/?ref_=sr_t_7,2015,2h 17m,PG-13,6.6,387K
8. The Martian,https://www.imdb.com/title/tt3659388/?ref_=sr_t_8,2015,2h 24m,PG-13,8.0,954K
9. Cinderella,https://www.imdb.com/title/tt1661199/?ref_=sr_t_9,2015,1h 45m,PG,6.9,195K
10. Spectre,https://www.imdb.com/title/tt2379713/?ref_=sr_t_10,2015,2h 28m,PG-13,6.8,476K
11. Mission: Impossible - Rogue Nation,https://www.imdb.com/title/tt2381249/?ref_=sr_t_11,2015,2h 11m,PG-13,7.4,420K
12. Pitch Perfect 2,https://www.imdb.com/title/tt2848292/?ref_=sr_t_12,2015,1h 55m,PG-13,6.4,173K
13. The Revenant,https://www.imdb.com/title/tt1663202/?ref_=sr_t_13,2015,2h 36m,R,8.0,898K
14. Ant-Man,https://www.imdb.com/title/tt0478970/?ref_=sr_t_14,2015,1h 57m,PG-13,7.2,741K
15. Home,https://www.imdb.com/title/tt2224026/?ref_=sr_t_15,2015,1h 34m,PG,6.5,115K
16. Hotel Transylvania 2,https://www.imdb.com/title/tt2510894/?ref_=sr_t_16,2015,1h 29m,PG,6.6,149K
17. Fifty Shades of Grey,https://www.imdb.com/title/tt2322441/?ref_=sr_t_17,2015,2h 5m,R,4.2,343K
18. The SpongeBob Movie: Sponge Out of Water,https://www.imdb.com/title/tt2279373/?ref_=sr_t_18,2015,1h 32m,PG,6.0,63K
19. Straight Outta Compton,https://www.imdb.com/title/tt1398426/?ref_=sr_t_19,2015,2h 27m,R,7.8,224K
20. San Andreas,https://www.imdb.com/title/tt2126355/?ref_=sr_t_20,2015,1h 54m,PG-13,6.1,263K
21. Mad Max: Fury Road,https://www.imdb.com/title/tt1392190/?ref_=sr_t_21,2015,2h,R,8.1,1.1M
22. Daddy's Home,https://www.imdb.com/title/tt1528854/?ref_=sr_t_22,2015,1h 36m,PG-13,6.2,133K
23. The Divergent Series: Insurgent,https://www.imdb.com/title/tt2908446/?ref_=sr_t_23,2015,1h 59m,PG-13,6.2,261K
24. The Peanuts Movie,https://www.imdb.com/title/tt2452042/?ref_=sr_t_24,2015,1h 28m,G,7.0,51K
25. The Good Dinosaur,https://www.imdb.com/title/tt1979388/?ref_=sr_t_25,2015,1h 33m,PG,6.7,132K
26. Spy,https://www.imdb.com/title/tt3079380/?ref_=sr_t_26,2015,2h,R,7.0,265K
27. Trainwreck,https://www.imdb.com/title/tt3152624/?ref_=sr_t_27,2015,2h 5m,R,6.2,144K
28. Creed,https://www.imdb.com/title/tt3076658/?ref_=sr_t_28,2015,2h 13m,PG-13,7.6,318K
29. Tomorrowland,https://www.imdb.com/title/tt1964418/?ref_=sr_t_29,2015,2h 10m,PG,6.4,194K
30. Get Hard,https://www.imdb.com/title/tt2561572/?ref_=sr_t_30,2015,1h 40m,R,6.0,150K
31. Terminator Genisys,https://www.imdb.com/title/tt1340138/?ref_=sr_t_31,2015,2h 6m,PG-13,6.3,298K
32. Sisters,https://www.imdb.com/title/tt1850457/?ref_=sr_t_32,2015,1h 58m,R,6.0,71K
33. Alvin and the Chipmunks: The Road Chip,https://www.imdb.com/title/tt2974918/?ref_=sr_t_33,2015,1h 32m,PG,4.9,24K
34. Maze Runner: The Scorch Trials,https://www.imdb.com/title/tt4046784/?ref_=sr_t_34,2015,2h 11m,PG-13,6.3,287K
35. Ted 2,https://www.imdb.com/title/tt2637276/?ref_=sr_t_35,2015,1h 55m,R,6.3,242K
36. Goosebumps,https://www.imdb.com/title/tt1051904/?ref_=sr_t_36,2015,1h 43m,PG,6.3,98K
37. Pixels,https://www.imdb.com/title/tt2120120/?ref_=sr_t_37,2015,1h 45m,PG-13,5.6,166K
38. The Intern,https://www.imdb.com/title/tt2361509/?ref_=sr_t_38,2015,2h 1m,PG-13,7.1,287K
39. Bridge of Spies,https://www.imdb.com/title/tt3682448/?ref_=sr_t_39,2015,2h 22m,PG-13,7.6,333K
40. Paul Blart: Mall Cop 2,https://www.imdb.com/title/tt3450650/?ref_=sr_t_40,2015,1h 34m,PG,4.4,42K
41. The Big Short,https://www.imdb.com/title/tt1596363/?ref_=sr_t_41,2015,2h 10m,R,7.8,501K
42. War Room,https://www.imdb.com/title/tt3832914/?ref_=sr_t_42,2015,2h,PG,6.5,17K
43. Magic Mike XXL,https://www.imdb.com/title/tt2268016/?ref_=sr_t_43,2015,1h 55m,R,5.6,62K
44. The Visit,https://www.imdb.com/title/tt3567288/?ref_=sr_t_44,2015,1h 34m,PG-13,6.3,161K
45. The Wedding Ringer,https://www.imdb.com/title/tt0884732/?ref_=sr_t_45,2015,1h 41m,R,6.6,82K
46. Black Mass,https://www.imdb.com/title/tt1355683/?ref_=sr_t_46,2015,2h 3m,R,6.8,196K
47. Vacation,https://www.imdb.com/title/tt1524930/?ref_=sr_t_47,2015,1h 39m,R,6.2,125K
48. The Perfect Guy,https://www.imdb.com/title/tt3862750/?ref_=sr_t_48,2015,1h 40m,PG-13,5.6,12K
49. Joy,https://www.imdb.com/title/tt2446980/?ref_=sr_t_49,2015,2h 4m,PG-13,6.6,148K
50. Fantastic Four,https://www.imdb.com/title/tt1502712/?ref_=sr_t_50,2015,1h 40m,PG-13,4.3,181K
51. The Hateful Eight,https://www.imdb.com/title/tt3460252/?ref_=sr_t_51,2015,2h 48m,R,7.8,680K
52. Focus,https://www.imdb.com/title/tt2381941/?ref_=sr_t_52,2015,1h 45m,R,6.6,283K
53. Southpaw,https://www.imdb.com/title/tt1798684/?ref_=sr_t_53,2015,2h 4m,R,7.3,265K
54. Insidious: Chapter 3,https://www.imdb.com/title/tt3195644/?ref_=sr_t_54,2015,1h 37m,PG-13,6.1,122K
55. Poltergeist,https://www.imdb.com/title/tt1029360/?ref_=sr_t_55,2015,1h 33m,PG-13,4.9,63K
56. Jupiter Ascending,https://www.imdb.com/title/tt1617661/?ref_=sr_t_56,2015,2h 7m,PG-13,5.3,197K
57. Sicario,https://www.imdb.com/title/tt3397884/?ref_=sr_t_57,2015,2h 1m,R,7.7,496K
58. The Man from U.N.C.L.E.,https://www.imdb.com/title/tt1638355/?ref_=sr_t_58,2015,1h 56m,PG-13,7.2,343K
59. Spotlight,https://www.imdb.com/title/tt1895587/?ref_=sr_t_59,2015,2h 9m,R,8.1,513K
"60. McFarland, USA",https://www.imdb.com/title/tt2097298/?ref_=sr_t_60,2015,2h 9m,PG,7.4,44K
61. The Gift,https://www.imdb.com/title/tt4178092/?ref_=sr_t_61,2015,1h 48m,R,7.0,178K
62. Everest,https://www.imdb.com/title/tt2719848/?ref_=sr_t_62,2015,2h 1m,PG-13,7.1,237K
63. The Night Before,https://www.imdb.com/title/tt3530002/?ref_=sr_t_63,2015,1h 41m,R,6.4,86K
64. Krampus,https://www.imdb.com/title/tt3850590/?ref_=sr_t_64,2015,1h 38m,PG-13,6.2,89K
65. Max,https://www.imdb.com/title/tt3369806/?ref_=sr_t_65,2015,1h 51m,PG,6.6,29K
66. The Age of Adaline,https://www.imdb.com/title/tt1655441/?ref_=sr_t_66,2015,1h 52m,PG-13,7.2,214K
67. Brooklyn,https://www.imdb.com/title/tt2381111/?ref_=sr_t_67,2015,1h 57m,PG-13,7.5,153K
68. The Longest Ride,https://www.imdb.com/title/tt2726560/?ref_=sr_t_68,2015,2h 3m,PG-13,7.0,91K
69. The Boy Next Door,https://www.imdb.com/title/tt3181822/?ref_=sr_t_69,2015,1h 31m,R,4.7,47K
70. Pan,https://www.imdb.com/title/tt3332064/?ref_=sr_t_70,2015,1h 51m,PG,5.7,68K
71. Hot Pursuit,https://www.imdb.com/title/tt2967224/?ref_=sr_t_71,2015,1h 27m,PG-13,5.1,55K
72. Concussion,https://www.imdb.com/title/tt3322364/?ref_=sr_t_72,2015,2h 3m,PG-13,7.1,102K
73. The DUFF,https://www.imdb.com/title/tt1666801/?ref_=sr_t_73,2015,1h 41m,PG-13,6.4,104K
74. Woman in Gold,https://www.imdb.com/title/tt2404425/?ref_=sr_t_74,2015,1h 49m,PG-13,7.3,64K
75. The Second Best Exotic Marigold Hotel,https://www.imdb.com/title/tt2555736/?ref_=sr_t_75,2015,2h 2m,PG,6.5,37K
76. Entourage,https://www.imdb.com/title/tt1674771/?ref_=sr_t_76,2015,1h 44m,R,6.5,84K
77. Paper Towns,https://www.imdb.com/title/tt3622592/?ref_=sr_t_77,2015,1h 49m,PG-13,6.2,109K
78. Chappie,https://www.imdb.com/title/tt1823672/?ref_=sr_t_78,2015,2h,R,6.8,275K
79. Crimson Peak,https://www.imdb.com/title/tt2554274/?ref_=sr_t_79,2015,1h 59m,R,6.5,162K
80. A Walk in the Woods,https://www.imdb.com/title/tt1178665/?ref_=sr_t_80,2015,1h 44m,R,6.4,31K
81. Point Break,https://www.imdb.com/title/tt2058673/?ref_=sr_t_81,2015,1h 54m,PG-13,5.3,67K
82. Sinister 2,https://www.imdb.com/title/tt2752772/?ref_=sr_t_82,2015,1h 37m,R,5.3,63K
83. The Last Witch Hunter,https://www.imdb.com/title/tt1618442/?ref_=sr_t_83,2015,1h 46m,PG-13,5.9,112K
84. No Escape,https://www.imdb.com/title/tt1781922/?ref_=sr_t_84,2015,1h 43m,R,6.7,95K
85. Ricki and the Flash,https://www.imdb.com/title/tt3623726/?ref_=sr_t_85,2015,1h 41m,PG-13,6.0,25K
86. Run All Night,https://www.imdb.com/title/tt2199571/?ref_=sr_t_86,2015,1h 54m,R,6.6,117K
87. Love the Coopers,https://www.imdb.com/title/tt2279339/?ref_=sr_t_87,2015,1h 47m,PG-13,5.8,28K
88. The Lazarus Effect,https://www.imdb.com/title/tt2918436/?ref_=sr_t_88,2015,1h 23m,PG-13,5.2,47K
89. The Witch,https://www.imdb.com/title/tt4263482/?ref_=sr_t_89,2015,1h 32m,R,7.0,321K
90. In the Heart of the Sea,https://www.imdb.com/title/tt1390411/?ref_=sr_t_90,2015,2h 2m,PG-13,6.9,152K
91. The Gallows,https://www.imdb.com/title/tt2309260/?ref_=sr_t_91,2015,1h 21m,R,4.2,22K
92. Hitman: Agent 47,https://www.imdb.com/title/tt2679042/?ref_=sr_t_92,2015,1h 36m,R,5.7,98K
93. Project Almanac,https://www.imdb.com/title/tt2436386/?ref_=sr_t_93,2015,1h 46m,PG-13,6.4,86K
94. Aloha,https://www.imdb.com/title/tt1243974/?ref_=sr_t_94,2015,1h 45m,PG-13,5.4,75K
95. Secret in Their Eyes,https://www.imdb.com/title/tt1741273/?ref_=sr_t_95,2015,1h 51m,PG-13,6.3,53K
96. Shaun the Sheep Movie,https://www.imdb.com/title/tt2872750/?ref_=sr_t_96,2015,1h 25m,PG,7.3,45K
97. Eye in the Sky,https://www.imdb.com/title/tt2057392/?ref_=sr_t_97,2015,1h 42m,R,7.3,93K
98. Paranormal Activity: The Ghost Dimension,https://www.imdb.com/title/tt2473510/?ref_=sr_t_98,2015,1h 28m,R,4.6,32K
99. Steve Jobs,https://www.imdb.com/title/tt2080374/?ref_=sr_t_99,2015,2h 2m,R,7.2,182K
100. Mr. Holmes,https://www.imdb.com/title/tt3168230/?ref_=sr_t_100,2015,1h 44m,PG,6.8,69K
101. Dope,https://www.imdb.com/title/tt3850214/?ref_=sr_t_101,2015,1h 43m,R,7.2,90K
102. Masterminds,https://www.imdb.com/title/tt2461150/?ref_=sr_t_102,2015,1h 35m,PG-13,5.8,62K
103. Monkey Kingdom,https://www.imdb.com/title/tt3660770/?ref_=sr_t_103,2015,1h 21m,G,7.2,4.2K
104. The Transporter Refueled,https://www.imdb.com/title/tt2938956/?ref_=sr_t_104,2015,1h 36m,PG-13,5.2,46K
105. Eddie the Eagle,https://www.imdb.com/title/tt1083452/?ref_=sr_t_105,2015,1h 46m,PG-13,7.3,103K
106. Room,https://www.imdb.com/title/tt3170832/?ref_=sr_t_106,2015,1h 58m,R,8.1,462K
"107. Hello, My Name Is Doris",https://www.imdb.com/title/tt3766394/?ref_=sr_t_107,2015,1h 30m,R,6.6,23K
108. American Ultra,https://www.imdb.com/title/tt3316948/?ref_=sr_t_108,2015,1h 36m,R,6.1,97K
109. Woodlawn,https://www.imdb.com/title/tt4183692/?ref_=sr_t_109,2015,2h 3m,PG,6.4,8K
110. Burnt,https://www.imdb.com/title/tt2503944/?ref_=sr_t_110,2015,1h 41m,R,6.6,136K
111. Do You Believe?,https://www.imdb.com/title/tt4056738/?ref_=sr_t_111,2015,2h,PG-13,6.1,8.4K
112. Carol,https://www.imdb.com/title/tt2402927/?ref_=sr_t_112,2015,1h 58m,R,7.3,146K
113. Strange Magic,https://www.imdb.com/title/tt4191054/?ref_=sr_t_113,2015,1h 39m,PG,5.8,13K
114. Hot Tub Time Machine 2,https://www.imdb.com/title/tt2637294/?ref_=sr_t_114,2015,1h 33m,R,5.0,43K
115. Self/less,https://www.imdb.com/title/tt2140379/?ref_=sr_t_115,2015,1h 57m,PG-13,6.5,105K
116. Far from the Madding Crowd,https://www.imdb.com/title/tt2935476/?ref_=sr_t_116,2015,1h 59m,PG-13,7.1,55K
117. The 33,https://www.imdb.com/title/tt2006295/?ref_=sr_t_117,2015,2h 7m,PG-13,6.9,40K
118. The Danish Girl,https://www.imdb.com/title/tt0810819/?ref_=sr_t_118,2015,1h 59m,R,7.1,202K
119. The Gunman,https://www.imdb.com/title/tt2515034/?ref_=sr_t_119,2015,1h 55m,R,5.8,44K
120. Unfinished Business,https://www.imdb.com/title/tt2358925/?ref_=sr_t_120,2015,1h 31m,R,5.4,36K
121. The Walk,https://www.imdb.com/title/tt3488710/?ref_=sr_t_121,2015,2h 3m,PG,7.3,138K
122. The Lady in the Van,https://www.imdb.com/title/tt3722070/?ref_=sr_t_122,2015,1h 44m,PG-13,6.7,33K
123. Hardcore Henry,https://www.imdb.com/title/tt3072482/?ref_=sr_t_123,2015,1h 36m,R,6.7,104K
124. Huevos: Little Rooster's Egg-cellent Adventure,https://www.imdb.com/title/tt4643580/?ref_=sr_t_124,2015,1h 38m,PG,5.7,1.3K
125. The Lobster,https://www.imdb.com/title/tt3464902/?ref_=sr_t_125,2015,1h 59m,R,7.1,312K
126. Amy,https://www.imdb.com/title/tt2870648/?ref_=sr_t_126,2015,2h 8m,R,7.8,57K
127. Bajrangi Bhaijaan,https://www.imdb.com/title/tt3863552/?ref_=sr_t_127,2015,2h 43m,Not Rated,8.1,102K
128. Dragon Ball Z: Resurrection 'F',https://www.imdb.com/title/tt3819668/?ref_=sr_t_128,2015,1h 33m,Not Rated,7.1,25K
129. Blackhat,https://www.imdb.com/title/tt2717822/?ref_=sr_t_129,2015,2h 13m,R,5.5,65K
130. Trumbo,https://www.imdb.com/title/tt3203606/?ref_=sr_t_130,2015,2h 4m,R,7.4,86K
131. Mortdecai,https://www.imdb.com/title/tt3045616/?ref_=sr_t_131,2015,1h 47m,R,5.5,78K
132. I'll See You in My Dreams,https://www.imdb.com/title/tt3236120/?ref_=sr_t_132,2015,1h 32m,PG-13,6.7,9.3K
133. Our Brand Is Crisis,https://www.imdb.com/title/tt1018765/?ref_=sr_t_133,2015,1h 47m,R,6.1,23K
134. Grandma,https://www.imdb.com/title/tt4270516/?ref_=sr_t_134,2015,1h 19m,R,6.7,17K
135. Me and Earl and the Dying Girl,https://www.imdb.com/title/tt2582496/?ref_=sr_t_135,2015,1h 45m,PG-13,7.7,141K
136. Baahubali: The Beginning,https://www.imdb.com/title/tt2631186/?ref_=sr_t_136,2015,2h 39m,Not Rated,8.0,143K
137. Bajirao Mastani,https://www.imdb.com/title/tt3735246/?ref_=sr_t_137,2015,2h 38m,Not Rated,7.3,40K
138. Little Boy,https://www.imdb.com/title/tt1810683/?ref_=sr_t_138,2015,1h 46m,PG-13,7.3,24K
139. Victor Frankenstein,https://www.imdb.com/title/tt1976009/?ref_=sr_t_139,2015,1h 50m,PG-13,6.0,62K
140. Danny Collins,https://www.imdb.com/title/tt1772288/?ref_=sr_t_140,2015,1h 46m,R,7.0,34K
141. Dilwale,https://www.imdb.com/title/tt4535650/?ref_=sr_t_141,2015,2h 38m,TV-14,5.1,40K
142. 90 Minutes in Heaven,https://www.imdb.com/title/tt4337690/?ref_=sr_t_142,2015,2h 1m,PG-13,4.9,4.4K
143. True Story,https://www.imdb.com/title/tt2273657/?ref_=sr_t_143,2015,1h 39m,R,6.3,74K
144. Suffragette,https://www.imdb.com/title/tt3077214/?ref_=sr_t_144,2015,1h 46m,PG-13,6.9,45K
145. Prem Ratan Dhan Payo,https://www.imdb.com/title/tt3595298/?ref_=sr_t_145,2015,2h 44m,Not Rated,4.4,24K
146. The Meddler,https://www.imdb.com/title/tt4501454/?ref_=sr_t_146,2015,1h 43m,PG-13,6.3,14K
147. 45 Years,https://www.imdb.com/title/tt3544082/?ref_=sr_t_147,2015,1h 35m,R,7.1,36K
148. Irrational Man,https://www.imdb.com/title/tt3715320/?ref_=sr_t_148,2015,1h 35m,R,6.6,68K
149. The Man Who Knew Infinity,https://www.imdb.com/title/tt0787524/?ref_=sr_t_149,2015,1h 48m,PG-13,7.2,64K
150. Where to Invade Next,https://www.imdb.com/title/tt4897822/?ref_=sr_t_150,2015,2h,R,7.5,26K
151. Anomalisa,https://www.imdb.com/title/tt2401878/?ref_=sr_t_151,2015,1h 30m,R,7.2,77K
152. Scouts Guide to the Zombie Apocalypse,https://www.imdb.com/title/tt1727776/?ref_=sr_t_152,2015,1h 33m,R,6.3,57K
153. A la mala,https://www.imdb.com/title/tt4357170/?ref_=sr_t_153,2015,1h 39m,PG-13,6.3,2.7K
154. Spare Parts,https://www.imdb.com/title/tt3233418/?ref_=sr_t_154,2015,1h 54m,PG-13,7.2,12K
155. We Are Your Friends,https://www.imdb.com/title/tt3787590/?ref_=sr_t_155,2015,1h 36m,R,6.2,41K
156. A Man Called Ove,https://www.imdb.com/title/tt4080728/?ref_=sr_t_156,2015,1h 56m,PG-13,7.7,71K
157. Maggie's Plan,https://www.imdb.com/title/tt3471098/?ref_=sr_t_157,2015,1h 38m,R,6.2,19K
158. Green Room,https://www.imdb.com/title/tt4062536/?ref_=sr_t_158,2015,1h 35m,R,7.0,146K
159. Dil Dhadakne Do,https://www.imdb.com/title/tt4110568/?ref_=sr_t_159,2015,2h 50m,Not Rated,7.0,21K
160. Ladrones,https://www.imdb.com/title/tt4296800/?ref_=sr_t_160,2015,1h 37m,PG-13,5.0,343
161. Tanu Weds Manu Returns,https://www.imdb.com/title/tt2140465/?ref_=sr_t_161,2015,2h 8m,Not Rated,7.6,30K
162. Rock the Kasbah,https://www.imdb.com/title/tt3164256/?ref_=sr_t_162,2015,1h 46m,R,5.5,13K
163. The End of the Tour,https://www.imdb.com/title/tt3416744/?ref_=sr_t_163,2015,1h 46m,R,7.2,33K
164. Youth,https://www.imdb.com/title/tt3312830/?ref_=sr_t_164,2015,2h 4m,R,7.3,85K
165. Ip Man 3,https://www.imdb.com/title/tt2888046/?ref_=sr_t_165,2015,1h 45m,PG-13,7.0,62K
166. He Named Me Malala,https://www.imdb.com/title/tt3065132/?ref_=sr_t_166,2015,1h 28m,PG-13,7.0,4.8K
167. Chi-Raq,https://www.imdb.com/title/tt4594834/?ref_=sr_t_167,2015,2h 7m,R,5.9,11K
168. Miles Ahead,https://www.imdb.com/title/tt0790770/?ref_=sr_t_168,2015,1h 40m,R,6.4,11K
169. Captive,https://www.imdb.com/title/tt3268668/?ref_=sr_t_169,2015,1h 37m,PG-13,5.4,7.4K
170. Truth,https://www.imdb.com/title/tt3859076/?ref_=sr_t_170,2015,2h 5m,R,6.8,22K
171. Mistress America,https://www.imdb.com/title/tt2872462/?ref_=sr_t_171,2015,1h 24m,R,6.7,29K
172. Meru,https://www.imdb.com/title/tt2545428/?ref_=sr_t_172,2015,1h 30m,R,7.7,20K
173. My All-American,https://www.imdb.com/title/tt3719896/?ref_=sr_t_173,2015,1h 58m,PG,7.2,8.4K
174. Jem and the Holograms,https://www.imdb.com/title/tt3614530/?ref_=sr_t_174,2015,1h 58m,PG,4.2,8.5K
175. Tamasha,https://www.imdb.com/title/tt3148502/?ref_=sr_t_175,2015,2h 19m,Not Rated,7.4,34K
176. A Bigger Splash,https://www.imdb.com/title/tt2056771/?ref_=sr_t_176,2015,2h 5m,R,6.4,34K
177. The Dressmaker,https://www.imdb.com/title/tt2910904/?ref_=sr_t_177,2015,1h 59m,R,7.0,68K
178. Desierto,https://www.imdb.com/title/tt3147312/?ref_=sr_t_178,2015,1h 28m,R,6.1,11K
179. Demolition,https://www.imdb.com/title/tt1172049/?ref_=sr_t_179,2015,1h 41m,R,7.0,119K
180. Assassination,https://www.imdb.com/title/tt3501416/?ref_=sr_t_180,2015,2h 20m,Not Rated,7.2,8.2K
181. Legend,https://www.imdb.com/title/tt3569230/?ref_=sr_t_181,2015,2h 12m,R,6.9,210K
182. Piku,https://www.imdb.com/title/tt3767372/?ref_=sr_t_182,2015,2h 3m,Not Rated,7.6,35K
183. The Vatican Tapes,https://www.imdb.com/title/tt1524575/?ref_=sr_t_183,2015,1h 31m,PG-13,4.7,20K
184. Son of Saul,https://www.imdb.com/title/tt3808342/?ref_=sr_t_184,2015,1h 47m,R,7.4,53K
185. I Saw the Light,https://www.imdb.com/title/tt1490785/?ref_=sr_t_185,2015,2h 3m,R,5.8,8.5K
186. Jane Got a Gun,https://www.imdb.com/title/tt2140037/?ref_=sr_t_186,2015,1h 38m,R,5.9,24K
187. Mully,https://www.imdb.com/title/tt3379352/?ref_=sr_t_187,2015,1h 21m,TV-PG,8.2,470
188. The Diary of a Teenage Girl,https://www.imdb.com/title/tt3172532/?ref_=sr_t_188,2015,1h 42m,R,6.8,34K
189. I,https://www.imdb.com/title/tt2302966/?ref_=sr_t_189,2015,3h 8m,Not Rated,7.4,24K
190. Mr. Six,https://www.imdb.com/title/tt4701702/?ref_=sr_t_190,2015,2h 14m,PG-13,6.9,4.4K
191. Welcome Back,https://www.imdb.com/title/tt3159708/?ref_=sr_t_191,2015,2h 32m,Not Rated,4.3,7K
192. The Cokeville Miracle,https://www.imdb.com/title/tt3877296/?ref_=sr_t_192,2015,1h 34m,PG-13,5.6,2.9K
193. The Little Prince,https://www.imdb.com/title/tt1754656/?ref_=sr_t_193,2015,1h 48m,PG,7.6,68K
194. Embrace of the Serpent,https://www.imdb.com/title/tt4285496/?ref_=sr_t_194,2015,2h 5m,Not Rated,7.8,25K
195. Lost in Hong Kong,https://www.imdb.com/title/tt4242158/?ref_=sr_t_195,2015,1h 54m,Not Rated,5.4,1.9K
196. The Wolfpack,https://www.imdb.com/title/tt2415458/?ref_=sr_t_196,2015,1h 30m,R,7.0,14K
197. Goodbye Mr. Loser,https://www.imdb.com/title/tt5061814/?ref_=sr_t_197,2015,1h 44m,,6.7,3.7K
198. Mojin: The Lost Legend,https://www.imdb.com/title/tt4276752/?ref_=sr_t_198,2015,2h 7m,Not Rated,5.9,4.5K
199. Beyond the Mask,https://www.imdb.com/title/tt2433040/?ref_=sr_t_199,2015,1h 43m,PG,5.1,3.8K
200. Child 44,https://www.imdb.com/title/tt1014763/?ref_=sr_t_200,2015,2h 17m,R,6.4,77K
201. Veteran,https://www.imdb.com/title/tt4768764/?ref_=sr_t_201,2015,2h 3m,,7.0,8.3K
202. Lazer Team,https://www.imdb.com/title/tt3864024/?ref_=sr_t_202,2015,1h 42m,PG-13,5.5,9.6K
203. Remember,https://www.imdb.com/title/tt3704050/?ref_=sr_t_203,2015,1h 34m,R,7.5,29K
204. The Music of Strangers: Yo-Yo Ma and the Silk Road Ensemble,https://www.imdb.com/title/tt3549206/?ref_=sr_t_204,2015,1h 36m,PG-13,7.7,751
205. Miss You Already,https://www.imdb.com/title/tt2245003/?ref_=sr_t_205,2015,1h 52m,PG-13,6.8,20K
206. Dough,https://www.imdb.com/title/tt1517471/?ref_=sr_t_206,2015,1h 34m,Not Rated,6.2,2K
207. Papa Hemingway in Cuba,https://www.imdb.com/title/tt2749282/?ref_=sr_t_207,2015,1h 50m,R,6.3,1.7K
208. Macbeth,https://www.imdb.com/title/tt2884018/?ref_=sr_t_208,2015,1h 53m,R,6.6,60K
209. The Overnight,https://www.imdb.com/title/tt3844362/?ref_=sr_t_209,2015,1h 19m,R,6.1,18K
210. Dark Horse,https://www.imdb.com/title/tt4137902/?ref_=sr_t_210,2015,1h 25m,PG,7.3,1.3K
211. Faith of Our Fathers,https://www.imdb.com/title/tt1322393/?ref_=sr_t_211,2015,1h 36m,PG-13,3.9,769
212. Boruto: Naruto the Movie,https://www.imdb.com/title/tt4618398/?ref_=sr_t_212,2015,1h 35m,PG,7.7,13K
213. Singh Is Bliing,https://www.imdb.com/title/tt3696192/?ref_=sr_t_213,2015,2h 21m,Not Rated,5.0,9.4K
214. Best of Enemies: Buckley vs. Vidal,https://www.imdb.com/title/tt3518012/?ref_=sr_t_214,2015,1h 27m,R,7.6,6.6K
215. Any Body Can Dance 2,https://www.imdb.com/title/tt3679000/?ref_=sr_t_215,2015,2h 34m,Not Rated,5.4,7.4K
216. Mustang,https://www.imdb.com/title/tt3966404/?ref_=sr_t_216,2015,1h 37m,PG-13,7.6,42K
217. Born to Be Blue,https://www.imdb.com/title/tt2133196/?ref_=sr_t_217,2015,1h 37m,R,6.8,9.4K
218. Sleeping with Other People,https://www.imdb.com/title/tt3165612/?ref_=sr_t_218,2015,1h 41m,R,6.5,49K
219. Once I Was a Beehive,https://www.imdb.com/title/tt4002772/?ref_=sr_t_219,2015,1h 59m,PG,6.2,1.4K
220. Cartel Land,https://www.imdb.com/title/tt4126304/?ref_=sr_t_220,2015,1h 40m,R,7.3,19K
221. Tangerine,https://www.imdb.com/title/tt3824458/?ref_=sr_t_221,2015,1h 28m,R,7.1,38K
222. The Himalayas,https://www.imdb.com/title/tt4253360/?ref_=sr_t_222,2015,2h 4m,,6.4,1.3K
223. The D Train,https://www.imdb.com/title/tt2690138/?ref_=sr_t_223,2015,1h 41m,R,5.1,12K
224. The Stanford Prison Experiment,https://www.imdb.com/title/tt0420293/?ref_=sr_t_224,2015,2h 2m,R,6.8,47K
225. El Jeremías,https://www.imdb.com/title/tt4457020/?ref_=sr_t_225,2015,1h 35m,PG-13,7.2,1.3K
226. City of Gold,https://www.imdb.com/title/tt2614776/?ref_=sr_t_226,2015,1h 36m,R,7.2,1.1K
227. The Assassin,https://www.imdb.com/title/tt3508840/?ref_=sr_t_227,2015,1h 45m,Not Rated,6.3,18K
228. The Bronze,https://www.imdb.com/title/tt3859304/?ref_=sr_t_228,2015,1h 40m,R,6.1,14K
229. Brothers,https://www.imdb.com/title/tt3802576/?ref_=sr_t_229,2015,2h 36m,Not Rated,6.4,14K
230. Detective Byomkesh Bakshy!,https://www.imdb.com/title/tt3447364/?ref_=sr_t_230,2015,2h 19m,Not Rated,7.6,25K
231. A Tale of Love and Darkness,https://www.imdb.com/title/tt1135989/?ref_=sr_t_231,2015,1h 35m,PG-13,6.0,4.4K
232. Knight of Cups,https://www.imdb.com/title/tt2101383/?ref_=sr_t_232,2015,1h 58m,R,5.6,30K
233. Harry & Snowman,https://www.imdb.com/title/tt2898306/?ref_=sr_t_233,2015,1h 24m,Not Rated,7.6,815
234. Freeheld,https://www.imdb.com/title/tt1658801/?ref_=sr_t_234,2015,1h 43m,PG-13,6.6,13K
235. By the Sea,https://www.imdb.com/title/tt3707106/?ref_=sr_t_235,2015,2h 2m,R,5.3,23K
236. Gabbar Is Back,https://www.imdb.com/title/tt2424988/?ref_=sr_t_236,2015,2h 8m,Not Rated,7.0,27K
237. Shaandaar,https://www.imdb.com/title/tt4007558/?ref_=sr_t_237,2015,2h 24m,Not Rated,3.7,6.6K
238. The Black Panthers: Vanguard of the Revolution,https://www.imdb.com/title/tt4316236/?ref_=sr_t_238,2015,1h 55m,Not Rated,7.4,2.2K
239. Marguerite,https://www.imdb.com/title/tt4428788/?ref_=sr_t_239,2015,2h 9m,R,6.9,5.7K
240. Peggy Guggenheim: Art Addict,https://www.imdb.com/title/tt3790720/?ref_=sr_t_240,2015,1h 36m,Not Rated,7.2,885
241. Steve Jobs: The Man in the Machine,https://www.imdb.com/title/tt4425064/?ref_=sr_t_241,2015,2h 8m,R,6.9,6.6K
242. Bilal: A New Breed of Hero,https://www.imdb.com/title/tt3576728/?ref_=sr_t_242,2015,1h 45m,PG-13,7.6,19K
243. The Boy and the Beast,https://www.imdb.com/title/tt4272866/?ref_=sr_t_243,2015,1h 59m,PG-13,7.6,28K
244. Phantom,https://www.imdb.com/title/tt3469244/?ref_=sr_t_244,2015,2h 16m,Not Rated,6.0,10K
245. Somewhere Only We Know,https://www.imdb.com/title/tt4074958/?ref_=sr_t_245,2015,1h 49m,,5.1,801
246. Brotherly Love,https://www.imdb.com/title/tt3262990/?ref_=sr_t_246,2015,1h 29m,R,6.5,2.2K
247. Detective Chinatown,https://www.imdb.com/title/tt5290882/?ref_=sr_t_247,2015,2h 16m,,6.6,3.6K
248. Our Little Sister,https://www.imdb.com/title/tt3756788/?ref_=sr_t_248,2015,2h 7m,PG,7.6,18K
249. Let's Get Married,https://www.imdb.com/title/tt4572856/?ref_=sr_t_249,2015,2h 7m,PG-13,5.6,218
250. Bombay Velvet,https://www.imdb.com/title/tt2979920/?ref_=sr_t_250,2015,2h 29m,Not Rated,5.5,6.5K
251. Hamlet,https://www.imdb.com/title/tt4476736/?ref_=sr_t_251,2015,3h 37m,,8.4,2.5K
252. Attack on Titan Part 1,https://www.imdb.com/title/tt2072230/?ref_=sr_t_252,2015,1h 38m,Not Rated,5.0,16K
253. Land of Mine,https://www.imdb.com/title/tt3841424/?ref_=sr_t_253,2015,1h 40m,R,7.8,47K
254. Rosenwald,https://www.imdb.com/title/tt2514028/?ref_=sr_t_254,2015,1h 35m,,8.1,76
255. Listen to Me Marlon,https://www.imdb.com/title/tt4145178/?ref_=sr_t_255,2015,1h 43m,Unrated,8.1,8K
256. Heart of a Dog,https://www.imdb.com/title/tt4935446/?ref_=sr_t_256,2015,1h 15m,Not Rated,7.0,2.6K
257. Voiceless,https://www.imdb.com/title/tt2603600/?ref_=sr_t_257,2015,1h 47m,PG-13,2.3,309
258. The Witness,https://www.imdb.com/title/tt4979652/?ref_=sr_t_258,2015,1h 52m,PG-13,5.9,860
259. Janis: Little Girl Blue,https://www.imdb.com/title/tt3707114/?ref_=sr_t_259,2015,1h 43m,TV-MA,7.4,5.7K
260. Unbranded,https://www.imdb.com/title/tt3020666/?ref_=sr_t_260,2015,1h 46m,PG-13,7.3,1.6K
261. Badlapur,https://www.imdb.com/title/tt3678782/?ref_=sr_t_261,2015,2h 14m,Not Rated,7.4,27K
262. The Hunting Ground,https://www.imdb.com/title/tt4185572/?ref_=sr_t_262,2015,1h 43m,PG-13,7.4,6.5K
263. Freetown,https://www.imdb.com/title/tt3735554/?ref_=sr_t_263,2015,1h 53m,PG-13,4.7,1.3K
264. The Second Mother,https://www.imdb.com/title/tt3742378/?ref_=sr_t_264,2015,1h 52m,R,7.8,18K
265. Katti Batti,https://www.imdb.com/title/tt4467262/?ref_=sr_t_265,2015,2h 15m,,4.7,3.3K
266. High-Rise,https://www.imdb.com/title/tt0462335/?ref_=sr_t_266,2015,1h 59m,R,5.5,46K
267. Guilty,https://www.imdb.com/title/tt4934950/?ref_=sr_t_267,2015,2h 12m,Not Rated,8.1,39K
268. Northern Limit Line,https://www.imdb.com/title/tt4696222/?ref_=sr_t_268,2015,2h 10m,Not Rated,6.5,1.4K
269. Shamitabh,https://www.imdb.com/title/tt3836958/?ref_=sr_t_269,2015,2h 35m,Not Rated,6.7,8K
270. Taxi,https://www.imdb.com/title/tt4359416/?ref_=sr_t_270,2015,1h 22m,Not Rated,7.3,17K
271. David and Goliath,https://www.imdb.com/title/tt3962210/?ref_=sr_t_271,2015,1h 32m,PG,4.0,2.3K
272. Running Man,https://www.imdb.com/title/tt4412218/?ref_=sr_t_272,2015,1h 28m,,2.4,136
273. Francofonia,https://www.imdb.com/title/tt3451720/?ref_=sr_t_273,2015,1h 28m,Not Rated,6.6,3K
274. Attack on Titan: Part 2,https://www.imdb.com/title/tt4294052/?ref_=sr_t_274,2015,1h 27m,Not Rated,4.7,6.2K
275. NH 10,https://www.imdb.com/title/tt3742284/?ref_=sr_t_275,2015,1h 55m,Not Rated,7.2,14K
276. My Mother,https://www.imdb.com/title/tt3013610/?ref_=sr_t_276,2015,1h 46m,R,6.8,7.9K
277. April and the Extraordinary World,https://www.imdb.com/title/tt3422078/?ref_=sr_t_277,2015,1h 45m,PG,7.2,8.6K
278. Ixcanul,https://www.imdb.com/title/tt4135844/?ref_=sr_t_278,2015,1h 33m,Not Rated,7.1,3.3K
279. The Man in 3B,https://www.imdb.com/title/tt3384180/?ref_=sr_t_279,2015,1h 33m,R,5.3,797
280. The People Vs. Fritz Bauer,https://www.imdb.com/title/tt4193400/?ref_=sr_t_280,2015,1h 45m,R,7.1,6.2K
281. Go Away Mr. Tumor,https://www.imdb.com/title/tt4819514/?ref_=sr_t_281,2015,1h 25m,PG-13,6.6,1.3K
282. My Golden Days,https://www.imdb.com/title/tt4048050/?ref_=sr_t_282,2015,2h 3m,R,6.7,3.9K
283. The Family Fang,https://www.imdb.com/title/tt2097331/?ref_=sr_t_283,2015,1h 45m,R,6.1,10K
284. Minimalism: A Documentary About the Important Things,https://www.imdb.com/title/tt3810760/?ref_=sr_t_284,2015,1h 18m,Not Rated,6.6,17K
285. Dheepan,https://www.imdb.com/title/tt4082068/?ref_=sr_t_285,2015,1h 55m,R,7.2,17K
286. Hitchcock/Truffaut,https://www.imdb.com/title/tt3748512/?ref_=sr_t_286,2015,1h 19m,PG-13,7.3,7.3K
287. Love,https://www.imdb.com/title/tt3774694/?ref_=sr_t_287,2015,2h 15m,TV-MA,6.1,69K
288. Carter High,https://www.imdb.com/title/tt3735398/?ref_=sr_t_288,2015,1h 50m,PG-13,5.1,609
289. Tevar,https://www.imdb.com/title/tt3398048/?ref_=sr_t_289,2015,2h 37m,Not Rated,4.2,3.5K
290. Hamari Adhuri Kahani,https://www.imdb.com/title/tt3483612/?ref_=sr_t_290,2015,2h 9m,Not Rated,6.7,7.1K
291. Miss Granny,https://www.imdb.com/title/tt4344878/?ref_=sr_t_291,2015,2h 11m,PG-13,6.5,1.4K
292. The Invitation,https://www.imdb.com/title/tt2400463/?ref_=sr_t_292,2015,1h 40m,Not Rated,6.6,122K
293. Slow West,https://www.imdb.com/title/tt3205376/?ref_=sr_t_293,2015,1h 24m,R,6.9,49K
294. A Royal Night Out,https://www.imdb.com/title/tt1837562/?ref_=sr_t_294,2015,1h 37m,PG-13,6.5,11K
295. Pyaar Ka Punchnama 2,https://www.imdb.com/title/tt4430136/?ref_=sr_t_295,2015,2h 17m,Not Rated,7.2,16K
296. Miss Hokusai,https://www.imdb.com/title/tt3689910/?ref_=sr_t_296,2015,1h 33m,PG-13,6.7,3.6K
297. Chocolate City,https://www.imdb.com/title/tt3481000/?ref_=sr_t_297,2015,1h 31m,R,3.9,1.2K
298. Fall in Love Like a Star,https://www.imdb.com/title/tt4892714/?ref_=sr_t_298,2015,1h 38m,PG-13,5.3,297
299. Truman,https://www.imdb.com/title/tt3754940/?ref_=sr_t_299,2015,1h 48m,TV-14,7.3,14K
300. Wolf Totem,https://www.imdb.com/title/tt2909116/?ref_=sr_t_300,2015,2h 1m,PG-13,6.6,6.3K
301. Ho Mann Jahaan,https://www.imdb.com/title/tt5200814/?ref_=sr_t_301,2015,2h 50m,,7.0,1.9K
302. Dark Places,https://www.imdb.com/title/tt2402101/?ref_=sr_t_302,2015,1h 53m,R,6.2,49K
303. Heneral Luna,https://www.imdb.com/title/tt4944352/?ref_=sr_t_303,2015,1h 58m,R,7.2,2.6K
304. The Clan,https://www.imdb.com/title/tt4411504/?ref_=sr_t_304,2015,1h 48m,R,6.9,15K
305. Digimon Adventure tri. Part 1: Reunion,https://www.imdb.com/title/tt4307880/?ref_=sr_t_305,2015,1h 36m,Not Rated,7.2,2K
306. Lost and Love,https://www.imdb.com/title/tt4440036/?ref_=sr_t_306,2015,1h 48m,,6.4,786
307. Stonewall,https://www.imdb.com/title/tt3018070/?ref_=sr_t_307,2015,2h 9m,R,5.4,4.6K
308. Maggie,https://www.imdb.com/title/tt1881002/?ref_=sr_t_308,2015,1h 35m,PG-13,5.6,47K
309. Detective K: Secret of the Lost Island,https://www.imdb.com/title/tt4505170/?ref_=sr_t_309,2015,2h 4m,G,6.2,710
310. The Priests,https://www.imdb.com/title/tt5049302/?ref_=sr_t_310,2015,1h 43m,,6.3,2.5K
311. Viva,https://www.imdb.com/title/tt4334482/?ref_=sr_t_311,2015,1h 40m,R,7.2,2.1K
312. The Wave,https://www.imdb.com/title/tt3616916/?ref_=sr_t_312,2015,1h 45m,R,6.6,44K
313. Mr. Gaga: A True Story of Love and Dance,https://www.imdb.com/title/tt3412684/?ref_=sr_t_313,2015,1h 40m,,7.5,962
314. Yellow Day,https://www.imdb.com/title/tt2170242/?ref_=sr_t_314,2015,1h 38m,PG,4.9,145
"315. Hieronymus Bosch, Touched by the Devil",https://www.imdb.com/title/tt5337758/?ref_=sr_t_315,2015,1h 26m,Not Rated,6.6,329
316. All Things Must Pass,https://www.imdb.com/title/tt3272570/?ref_=sr_t_316,2015,1h 34m,Not Rated,7.3,3.6K
317. The Fits,https://www.imdb.com/title/tt4238858/?ref_=sr_t_317,2015,1h 12m,Not Rated,6.6,5.2K
318. Zhongkui: Snow Girl and the Dark Crystal,https://www.imdb.com/title/tt3585004/?ref_=sr_t_318,2015,1h 58m,Not Rated,5.3,1.4K
319. De Palma,https://www.imdb.com/title/tt1683048/?ref_=sr_t_319,2015,1h 50m,R,7.4,6.4K
320. C'est Si Bon,https://www.imdb.com/title/tt4430992/?ref_=sr_t_320,2015,2h 2m,,6.7,486
321. Louder Than Bombs,https://www.imdb.com/title/tt2217859/?ref_=sr_t_321,2015,1h 49m,R,6.6,14K
322. The Last Women Standing,https://www.imdb.com/title/tt5257730/?ref_=sr_t_322,2015,1h 36m,PG-13,5.3,392
323. After the Ball,https://www.imdb.com/title/tt3717016/?ref_=sr_t_323,2015,1h 41m,Not Rated,5.8,3.7K
324. 13 Minutes,https://www.imdb.com/title/tt1708135/?ref_=sr_t_324,2015,1h 54m,R,7.0,10K
325. Manifesto,https://www.imdb.com/title/tt4511200/?ref_=sr_t_325,2015,1h 35m,Not Rated,6.5,7.4K
326. Sunset Song,https://www.imdb.com/title/tt2262161/?ref_=sr_t_326,2015,2h 15m,R,6.4,4.1K
327. The Witness,https://www.imdb.com/title/tt3568002/?ref_=sr_t_327,2015,1h 29m,,7.0,4.6K
328. Hell and Back,https://www.imdb.com/title/tt2141773/?ref_=sr_t_328,2015,1h 26m,R,5.4,5.4K
329. 3 Generations,https://www.imdb.com/title/tt4158624/?ref_=sr_t_329,2015,1h 32m,PG-13,6.0,7.1K
330. Experimenter,https://www.imdb.com/title/tt3726704/?ref_=sr_t_330,2015,1h 38m,PG-13,6.6,20K
331. Backstreet Boys: Show 'Em What You're Made Of,https://www.imdb.com/title/tt2712154/?ref_=sr_t_331,2015,1h 41m,TV-14,7.5,1.6K
332. Seasons,https://www.imdb.com/title/tt4283358/?ref_=sr_t_332,2015,1h 36m,PG,7.2,1.8K
333. Forever Young,https://www.imdb.com/title/tt4819470/?ref_=sr_t_333,2015,1h 47m,PG-13,2.9,199
334. Rams,https://www.imdb.com/title/tt3296658/?ref_=sr_t_334,2015,1h 33m,R,7.2,15K
335. Touched with Fire,https://www.imdb.com/title/tt2848324/?ref_=sr_t_335,2015,1h 46m,R,6.2,2.8K
336. Krisha,https://www.imdb.com/title/tt4266638/?ref_=sr_t_336,2015,1h 23m,R,7.1,10K
337. Branagh Theatre Live: The Winter's Tale,https://www.imdb.com/title/tt5226844/?ref_=sr_t_337,2015,3h,,7.8,308
338. Psycho-Pass: The Movie,https://www.imdb.com/title/tt4219130/?ref_=sr_t_338,2015,1h 53m,TV-MA,7.1,4.7K
339. Ingrid Bergman: In Her Own Words,https://www.imdb.com/title/tt4621016/?ref_=sr_t_339,2015,1h 54m,Not Rated,7.4,2.5K
340. Twenty,https://www.imdb.com/title/tt4415016/?ref_=sr_t_340,2015,1h 55m,R,6.8,2.7K
341. The Kind Words,https://www.imdb.com/title/tt3809478/?ref_=sr_t_341,2015,1h 58m,Not Rated,6.9,301
342. Tumbledown,https://www.imdb.com/title/tt2338424/?ref_=sr_t_342,2015,1h 45m,R,6.2,8.2K
343. Cop Car,https://www.imdb.com/title/tt3813310/?ref_=sr_t_343,2015,1h 28m,R,6.3,36K
344. A Ballerina's Tale,https://www.imdb.com/title/tt4504040/?ref_=sr_t_344,2015,1h 25m,Unrated,6.4,723
345. Devil and Angel,https://www.imdb.com/title/tt5297654/?ref_=sr_t_345,2015,2h 4m,,4.1,346
346. Mississippi Grind,https://www.imdb.com/title/tt2349144/?ref_=sr_t_346,2015,1h 48m,R,6.4,27K
347. Requiem for the American Dream,https://www.imdb.com/title/tt3270538/?ref_=sr_t_347,2015,1h 13m,Not Rated,8.0,10K
348. The Brand New Testament,https://www.imdb.com/title/tt3792960/?ref_=sr_t_348,2015,1h 54m,Not Rated,7.1,36K
349. A Journey Through Time with Antony,https://www.imdb.com/title/tt4892682/?ref_=sr_t_349,2015,2h 2m,,5.3,171
350. Sweet Bean,https://www.imdb.com/title/tt4298958/?ref_=sr_t_350,2015,1h 53m,Not Rated,7.4,13K
351. A War,https://www.imdb.com/title/tt3830162/?ref_=sr_t_351,2015,1h 55m,R,7.0,11K
352. Z for Zachariah,https://www.imdb.com/title/tt1598642/?ref_=sr_t_352,2015,1h 38m,PG-13,6.0,33K
353. In Jackson Heights,https://www.imdb.com/title/tt4936064/?ref_=sr_t_353,2015,3h 10m,TV-MA,7.2,757
354. Miss Sharon Jones!,https://www.imdb.com/title/tt4935480/?ref_=sr_t_354,2015,1h 33m,Unrated,7.3,704
355. Digging for Fire,https://www.imdb.com/title/tt3704416/?ref_=sr_t_355,2015,1h 25m,R,5.8,6.9K
356. Tale of Tales,https://www.imdb.com/title/tt3278330/?ref_=sr_t_356,2015,2h 14m,R,6.4,32K
357. Victor,https://www.imdb.com/title/tt3222852/?ref_=sr_t_357,2015,1h 45m,PG-13,6.3,383
358. Love Live! The School Idol Movie,https://www.imdb.com/title/tt3837248/?ref_=sr_t_358,2015,1h 39m,Not Rated,7.0,671
359. Road Hard,https://www.imdb.com/title/tt3110770/?ref_=sr_t_359,2015,1h 38m,Not Rated,6.0,2K
360. The Measure of a Man,https://www.imdb.com/title/tt4428814/?ref_=sr_t_360,2015,1h 31m,Not Rated,6.8,6.9K
361. 1915,https://www.imdb.com/title/tt3781762/?ref_=sr_t_361,2015,1h 22m,,3.6,5.1K
362. Memories of the Sword,https://www.imdb.com/title/tt3054798/?ref_=sr_t_362,2015,2h,Not Rated,6.3,2.6K
363. Aferim!,https://www.imdb.com/title/tt4374460/?ref_=sr_t_363,2015,1h 48m,Not Rated,7.6,7.9K
364. The Beauty Inside,https://www.imdb.com/title/tt4273886/?ref_=sr_t_364,2015,2h 7m,Not Rated,7.3,8.3K
365. Chronicles of Evil,https://www.imdb.com/title/tt4619940/?ref_=sr_t_365,2015,1h 42m,,6.8,2.4K
366. Under the Sun,https://www.imdb.com/title/tt5129818/?ref_=sr_t_366,2015,1h 46m,Not Rated,7.4,5.2K
367. Results,https://www.imdb.com/title/tt3824412/?ref_=sr_t_367,2015,1h 45m,R,5.5,7.8K
368. Demon,https://www.imdb.com/title/tt4935158/?ref_=sr_t_368,2015,1h 34m,R,6.1,6.3K
369. Puerto Ricans in Paris,https://www.imdb.com/title/tt3730510/?ref_=sr_t_369,2015,1h 22m,R,5.4,2K
370. The Lure,https://www.imdb.com/title/tt5278832/?ref_=sr_t_370,2015,1h 32m,Not Rated,6.2,10K
371. James White,https://www.imdb.com/title/tt4288636/?ref_=sr_t_371,2015,1h 25m,R,7.1,7.3K
372. Ghost in the Shell: The New Movie,https://www.imdb.com/title/tt4337072/?ref_=sr_t_372,2015,1h 40m,TV-MA,6.6,4.2K
373. Our Last Tango,https://www.imdb.com/title/tt4937156/?ref_=sr_t_373,2015,1h 25m,Not Rated,7.2,725
374. The Fencer,https://www.imdb.com/title/tt2534634/?ref_=sr_t_374,2015,1h 39m,,7.1,5.4K
375. Saving Mr. Wu,https://www.imdb.com/title/tt4819560/?ref_=sr_t_375,2015,1h 46m,Not Rated,6.6,2.6K
376. Legends from the Sky,https://www.imdb.com/title/tt3625220/?ref_=sr_t_376,2015,1h 25m,,5.2,121
377. Christmas Eve,https://www.imdb.com/title/tt3703148/?ref_=sr_t_377,2015,1h 35m,PG,5.0,2.9K
378. Queen of Earth,https://www.imdb.com/title/tt3993894/?ref_=sr_t_378,2015,1h 30m,Not Rated,6.2,7.1K
379. Beasts of No Nation,https://www.imdb.com/title/tt1365050/?ref_=sr_t_379,2015,2h 17m,TV-MA,7.7,88K
380. Bolshoi Ballet: Swan Lake,https://www.imdb.com/title/tt8884088/?ref_=sr_t_380,2015,2h 40m,,8.4,12
381. Hero,https://www.imdb.com/title/tt4467202/?ref_=sr_t_381,2015,2h 25m,Not Rated,3.6,2.9K
382. Tab Hunter Confidential,https://www.imdb.com/title/tt1533089/?ref_=sr_t_382,2015,1h 30m,Not Rated,7.5,3.6K
383. Mountains May Depart,https://www.imdb.com/title/tt3740778/?ref_=sr_t_383,2015,2h 6m,Not Rated,6.9,6.6K
384. Vita Activa: The Spirit of Hannah Arendt,https://www.imdb.com/title/tt5358370/?ref_=sr_t_384,2015,2h 5m,,7.3,250
385. Nasty Baby,https://www.imdb.com/title/tt3121332/?ref_=sr_t_385,2015,1h 41m,R,5.7,2.8K
386. Harold and Lillian: A Hollywood Love Story,https://www.imdb.com/title/tt4683668/?ref_=sr_t_386,2015,1h 34m,,7.9,951
387. Colliding Dreams,https://www.imdb.com/title/tt3891218/?ref_=sr_t_387,2015,2h 14m,,7.2,119
388. Don't Blink,https://www.imdb.com/title/tt4779036/?ref_=sr_t_388,2015,1h 22m,,6.8,433
389. Batkid Begins: The Wish Heard Around the World,https://www.imdb.com/title/tt3884528/?ref_=sr_t_389,2015,1h 27m,PG,7.1,1.8K
390. Dragon Blade,https://www.imdb.com/title/tt3672840/?ref_=sr_t_390,2015,2h 7m,R,5.9,22K
391. Les Cowboys,https://www.imdb.com/title/tt4228294/?ref_=sr_t_391,2015,1h 44m,R,6.7,2.3K
392. Raiders!: The Story of the Greatest Fan Film Ever Made,https://www.imdb.com/title/tt3551954/?ref_=sr_t_392,2015,1h 46m,Not Rated,6.9,2.3K
393. Sweet 20,https://www.imdb.com/title/tt5265702/?ref_=sr_t_393,2015,2h 7m,,6.9,550
394. Freaks of Nature,https://www.imdb.com/title/tt1817771/?ref_=sr_t_394,2015,1h 32m,R,5.9,14K
395. The Messenger,https://www.imdb.com/title/tt4984930/?ref_=sr_t_395,2015,1h 29m,Not Rated,7.4,128
396. Turbo Kid,https://www.imdb.com/title/tt3672742/?ref_=sr_t_396,2015,1h 33m,Not Rated,6.7,30K
397. People Places Things,https://www.imdb.com/title/tt4104022/?ref_=sr_t_397,2015,1h 25m,R,6.8,11K
398. King Georges,https://www.imdb.com/title/tt4092774/?ref_=sr_t_398,2015,1h 17m,Unrated,6.8,374
399. Microbe & Gasoline,https://www.imdb.com/title/tt3882000/?ref_=sr_t_399,2015,1h 45m,R,6.7,3.1K
400. Office,https://www.imdb.com/title/tt4392726/?ref_=sr_t_400,2015,1h 59m,,6.1,1.1K
401. Creative Control,https://www.imdb.com/title/tt3277624/?ref_=sr_t_401,2015,1h 37m,R,5.4,2.3K
402. Drunk Stoned Brilliant Dead,https://www.imdb.com/title/tt1674785/?ref_=sr_t_402,2015,1h 38m,Not Rated,7.2,2.6K
403. Tomorrow,https://www.imdb.com/title/tt4449576/?ref_=sr_t_403,2015,1h 58m,G,7.9,3.6K
404. Mifune: The Last Samurai,https://www.imdb.com/title/tt4000670/?ref_=sr_t_404,2015,1h 20m,Not Rated,7.2,1.4K
405. Only You,https://www.imdb.com/title/tt4819544/?ref_=sr_t_405,2015,1h 54m,PG-13,5.3,186
406. Too Late,https://www.imdb.com/title/tt2394063/?ref_=sr_t_406,2015,1h 47m,Not Rated,6.7,4K
407. Worlds Apart,https://www.imdb.com/title/tt3909336/?ref_=sr_t_407,2015,1h 53m,Not Rated,7.4,9.4K
408. Girl Asleep,https://www.imdb.com/title/tt3955894/?ref_=sr_t_408,2015,1h 17m,TV-MA,6.1,2.9K
409. Presenting Princess Shaw,https://www.imdb.com/title/tt4161074/?ref_=sr_t_409,2015,1h 23m,Not Rated,6.9,610
410. I Smile Back,https://www.imdb.com/title/tt3640682/?ref_=sr_t_410,2015,1h 25m,R,6.2,5.8K
411. Wedding Doll,https://www.imdb.com/title/tt4794512/?ref_=sr_t_411,2015,1h 22m,Not Rated,6.5,316
412. L'attesa,https://www.imdb.com/title/tt3715122/?ref_=sr_t_412,2015,1h 40m,Not Rated,6.5,2.6K
413. Entertainment,https://www.imdb.com/title/tt3343784/?ref_=sr_t_413,2015,1h 43m,R,5.7,3.3K
414. Heavy Water,https://www.imdb.com/title/tt5131516/?ref_=sr_t_414,2015,1h 24m,Not Rated,6.8,122
415. Regression,https://www.imdb.com/title/tt3319920/?ref_=sr_t_415,2015,1h 46m,R,5.6,43K
416. Journal d'une femme de chambre,https://www.imdb.com/title/tt2711898/?ref_=sr_t_416,2015,1h 36m,Not Rated,5.5,3.1K
417. My King,https://www.imdb.com/title/tt3478962/?ref_=sr_t_417,2015,2h 4m,Unrated,7.1,15K
418. The Ark of Mr Chow,https://www.imdb.com/title/tt4727756/?ref_=sr_t_418,2015,1h 46m,,5.4,234
419. The Club,https://www.imdb.com/title/tt4375438/?ref_=sr_t_419,2015,1h 38m,Not Rated,7.2,12K
420. Cemetery of Splendor,https://www.imdb.com/title/tt2818654/?ref_=sr_t_420,2015,2h 2m,Unrated,6.8,5.6K
421. Disorder,https://www.imdb.com/title/tt4085084/?ref_=sr_t_421,2015,1h 38m,Unrated,6.2,6.8K
422. In the Shadow of Women,https://www.imdb.com/title/tt3651326/?ref_=sr_t_422,2015,1h 13m,Not Rated,6.5,1.6K
423. The Treasure,https://www.imdb.com/title/tt4515684/?ref_=sr_t_423,2015,1h 29m,Unrated,6.7,3.3K
424. The Advocate: A Missing Body,https://www.imdb.com/title/tt4975498/?ref_=sr_t_424,2015,1h 57m,PG-13,6.5,799
425. Heist,https://www.imdb.com/title/tt3276924/?ref_=sr_t_425,2015,1h 33m,R,6.1,33K
426. Fatima,https://www.imdb.com/title/tt4466544/?ref_=sr_t_426,2015,1h 19m,Not Rated,6.5,1.5K
427. Red Herring,https://www.imdb.com/title/tt1460646/?ref_=sr_t_427,2015,1h 31m,Not Rated,2.7,307
428. Bangistan,https://www.imdb.com/title/tt3422462/?ref_=sr_t_428,2015,2h 15m,Not Rated,4.5,1.5K
429. Ma ma,https://www.imdb.com/title/tt3480886/?ref_=sr_t_429,2015,1h 51m,R,6.4,4.8K
430. Twenty Two,https://www.imdb.com/title/tt3843282/?ref_=sr_t_430,2015,1h 52m,,7.4,619
431. Tanna,https://www.imdb.com/title/tt4239726/?ref_=sr_t_431,2015,1h 44m,Not Rated,6.9,4.8K
432. Mr. X,https://www.imdb.com/title/tt3848938/?ref_=sr_t_432,2015,2h 13m,Not Rated,3.7,2.4K
433. Danny Says,https://www.imdb.com/title/tt4485246/?ref_=sr_t_433,2015,1h 44m,Unrated,6.8,851
434. Closet Monster,https://www.imdb.com/title/tt3638396/?ref_=sr_t_434,2015,1h 30m,Not Rated,7.0,9.4K
435. The Pearl Button,https://www.imdb.com/title/tt4377864/?ref_=sr_t_435,2015,1h 22m,Not Rated,7.6,3K
436. Censored Voices,https://www.imdb.com/title/tt3457376/?ref_=sr_t_436,2015,1h 24m,Not Rated,7.3,328
437. The Phone,https://www.imdb.com/title/tt5034276/?ref_=sr_t_437,2015,1h 55m,,6.5,1.2K
438. What Our Fathers Did: A Nazi Legacy,https://www.imdb.com/title/tt4668808/?ref_=sr_t_438,2015,1h 36m,Not Rated,7.0,1.2K
439. Prophet's Prey,https://www.imdb.com/title/tt4188202/?ref_=sr_t_439,2015,1h 41m,TV-14,7.2,2K
440. Birdboy: The Forgotten Children,https://www.imdb.com/title/tt5004766/?ref_=sr_t_440,2015,1h 16m,TV-14,7.2,3.3K
441. Catching the Sun,https://www.imdb.com/title/tt1698654/?ref_=sr_t_441,2015,1h 15m,Not Rated,6.6,605
442. Lila & Eve,https://www.imdb.com/title/tt3442990/?ref_=sr_t_442,2015,1h 34m,R,5.9,9.2K
443. I Am the Blues,https://www.imdb.com/title/tt5120042/?ref_=sr_t_443,2015,1h 46m,Not Rated,7.5,160
444. Come What May,https://www.imdb.com/title/tt2296747/?ref_=sr_t_444,2015,1h 54m,R,6.7,1.3K
445. Sister Code,https://www.imdb.com/title/tt3912040/?ref_=sr_t_445,2015,1h 24m,R,4.3,435
446. Knock Knock,https://www.imdb.com/title/tt3605418/?ref_=sr_t_446,2015,1h 39m,R,4.9,109K
"447. Kill Me, Deadly",https://www.imdb.com/title/tt2022441/?ref_=sr_t_447,2015,1h 40m,Not Rated,7.1,101
448. Welcome to Leith,https://www.imdb.com/title/tt3962848/?ref_=sr_t_448,2015,1h 25m,Not Rated,6.9,4.6K
449. Finders Keepers,https://www.imdb.com/title/tt3462002/?ref_=sr_t_449,2015,1h 22m,R,6.8,2.9K
450. Summertime,https://www.imdb.com/title/tt4080768/?ref_=sr_t_450,2015,1h 45m,Not Rated,6.7,5.9K
451. Growing Up Smith,https://www.imdb.com/title/tt1105355/?ref_=sr_t_451,2015,1h 42m,PG-13,6.7,1.5K
452. Wild City,https://www.imdb.com/title/tt3801934/?ref_=sr_t_452,2015,2h,Not Rated,5.7,909
453. Songs My Brothers Taught Me,https://www.imdb.com/title/tt3566788/?ref_=sr_t_453,2015,1h 38m,Not Rated,7.0,4K
454. Mr. Right,https://www.imdb.com/title/tt2091935/?ref_=sr_t_454,2015,1h 35m,R,6.3,63K
455. The Forbidden Room,https://www.imdb.com/title/tt3066630/?ref_=sr_t_455,2015,2h 10m,Not Rated,6.1,3.5K
456. Holy Hell,https://www.imdb.com/title/tt3835612/?ref_=sr_t_456,2015,1h 29m,Not Rated,4.2,142
457. Phantom Boy,https://www.imdb.com/title/tt1856057/?ref_=sr_t_457,2015,1h 24m,PG,6.6,1.7K
458. Eisenstein in Guanajuato,https://www.imdb.com/title/tt1702429/?ref_=sr_t_458,2015,1h 45m,Unrated,6.3,3.2K
459. Last Cab to Darwin,https://www.imdb.com/title/tt3680410/?ref_=sr_t_459,2015,2h 3m,Not Rated,7.2,4.3K
460. Equals,https://www.imdb.com/title/tt3289728/?ref_=sr_t_460,2015,1h 41m,PG-13,6.0,33K
461. Love & Taxes,https://www.imdb.com/title/tt3596382/?ref_=sr_t_461,2015,1h 30m,Unrated,7.7,43
462. Monster Hunt,https://www.imdb.com/title/tt3781476/?ref_=sr_t_462,2015,1h 57m,TV-Y7,6.1,5.8K
463. No Home Movie,https://www.imdb.com/title/tt4881016/?ref_=sr_t_463,2015,1h 55m,Not Rated,6.6,1.1K
464. Love Forecast,https://www.imdb.com/title/tt4315956/?ref_=sr_t_464,2015,1h 58m,G,6.1,1.6K
465. Kaili Blues,https://www.imdb.com/title/tt4613272/?ref_=sr_t_465,2015,1h 53m,Not Rated,7.3,4.5K
466. Anesthesia,https://www.imdb.com/title/tt3317208/?ref_=sr_t_466,2015,1h 30m,R,6.1,5.1K
467. Paths of the Soul,https://www.imdb.com/title/tt4957446/?ref_=sr_t_467,2015,1h 55m,Not Rated,7.5,975
468. Beyond the Farthest Star,https://www.imdb.com/title/tt1605791/?ref_=sr_t_468,2015,1h 59m,PG-13,6.9,300
469. Don Verdean,https://www.imdb.com/title/tt3534282/?ref_=sr_t_469,2015,1h 30m,PG-13,5.4,5.9K
470. As I Open My Eyes,https://www.imdb.com/title/tt4400174/?ref_=sr_t_470,2015,1h 42m,Unrated,6.7,1.5K
"471. 3 1/2 Minutes, 10 Bullets",https://www.imdb.com/title/tt4126312/?ref_=sr_t_471,2015,1h 38m,TV-MA,7.2,2K
472. Being Charlie,https://www.imdb.com/title/tt4630444/?ref_=sr_t_472,2015,1h 37m,R,6.2,4.9K
473. No Greater Love,https://www.imdb.com/title/tt4687782/?ref_=sr_t_473,2015,1h 34m,TV-14,7.3,251
474. Men & Chicken,https://www.imdb.com/title/tt3877674/?ref_=sr_t_474,2015,1h 44m,Not Rated,6.7,15K
475. From Afar,https://www.imdb.com/title/tt4721400/?ref_=sr_t_475,2015,1h 33m,Unrated,6.6,4.2K
476. The Seventh Fire,https://www.imdb.com/title/tt3263548/?ref_=sr_t_476,2015,1h 16m,Not Rated,6.1,208
477. In Pursuit of Silence,https://www.imdb.com/title/tt4026570/?ref_=sr_t_477,2015,1h 21m,PG,7.1,477
478. Uncertain,https://www.imdb.com/title/tt2630352/?ref_=sr_t_478,2015,1h 22m,,7.2,344
479. The Dog Wedding,https://www.imdb.com/title/tt3185650/?ref_=sr_t_479,2015,1h 36m,PG-13,7.6,87
480. Troublemakers: The Story of Land Art,https://www.imdb.com/title/tt4096620/?ref_=sr_t_480,2015,1h 12m,Not Rated,6.5,138
481. Time to Choose,https://www.imdb.com/title/tt5001130/?ref_=sr_t_481,2015,1h 40m,Not Rated,7.4,286
482. Americons,https://www.imdb.com/title/tt2293060/?ref_=sr_t_482,2015,1h 28m,R,4.2,508
483. Valley of Love,https://www.imdb.com/title/tt4120210/?ref_=sr_t_483,2015,1h 31m,Unrated,6.1,2.4K
"484. Rabin, the Last Day",https://www.imdb.com/title/tt4935282/?ref_=sr_t_484,2015,2h 33m,Not Rated,6.1,463
485. The Nightmare,https://www.imdb.com/title/tt3317522/?ref_=sr_t_485,2015,1h 31m,Not Rated,5.7,7.3K
486. 7 Chinese Brothers,https://www.imdb.com/title/tt3488184/?ref_=sr_t_486,2015,1h 16m,Not Rated,5.6,1.6K
487. Bikes vs Cars,https://www.imdb.com/title/tt4397346/?ref_=sr_t_487,2015,1h 30m,Not Rated,7.1,751
488. Sembene!,https://www.imdb.com/title/tt4344782/?ref_=sr_t_488,2015,1h 29m,Not Rated,7.1,181
489. Take Me to the River,https://www.imdb.com/title/tt3142366/?ref_=sr_t_489,2015,1h 24m,Not Rated,6.2,2.9K
490. Blackway,https://www.imdb.com/title/tt4061010/?ref_=sr_t_490,2015,1h 30m,R,5.3,11K
491. Tap World,https://www.imdb.com/title/tt4669204/?ref_=sr_t_491,2015,1h 12m,Not Rated,7.3,57
492. Neon Bull,https://www.imdb.com/title/tt4899406/?ref_=sr_t_492,2015,1h 41m,Unrated,6.8,3.5K
493. Peace Officer,https://www.imdb.com/title/tt4079142/?ref_=sr_t_493,2015,1h 45m,Not Rated,7.5,479
494. Front Cover,https://www.imdb.com/title/tt3185602/?ref_=sr_t_494,2015,1h 27m,Unrated,6.5,1.4K
495. The Daughter,https://www.imdb.com/title/tt3922816/?ref_=sr_t_495,2015,1h 36m,,6.6,5.6K
496. Standing Tall,https://www.imdb.com/title/tt3791302/?ref_=sr_t_496,2015,2h,R,6.9,3.9K
497. Cosmos,https://www.imdb.com/title/tt4035268/?ref_=sr_t_497,2015,1h 43m,Not Rated,5.7,2.2K
498. Chevalier,https://www.imdb.com/title/tt3526706/?ref_=sr_t_498,2015,1h 45m,Unrated,6.2,5.1K
499. A Monster with a Thousand Heads,https://www.imdb.com/title/tt4569240/?ref_=sr_t_499,2015,1h 14m,Unrated,6.5,1.2K
500. Evolution,https://www.imdb.com/title/tt4291590/?ref_=sr_t_500,2015,1h 21m,Not Rated,5.9,7.7K
