Title,Movie Link,Year,Duration,MPA,Rating,Votes
1. Jurassic Park,https://www.imdb.com/title/tt0107290/?ref_=sr_t_1,1993,2h 7m,PG-13,8.2,1.1M
2. Mrs. Doubtfire,https://www.imdb.com/title/tt0107614/?ref_=sr_t_2,1993,2h 5m,PG-13,7.1,300K
3. The Fugitive,https://www.imdb.com/title/tt0106977/?ref_=sr_t_3,1993,2h 10m,PG-13,7.8,328K
4. The Firm,https://www.imdb.com/title/tt0106918/?ref_=sr_t_4,1993,2h 34m,R,6.9,152K
5. Sleepless in Seattle,https://www.imdb.com/title/tt0108160/?ref_=sr_t_5,1993,1h 45m,PG,6.8,196K
6. Indecent Proposal,https://www.imdb.com/title/tt0107211/?ref_=sr_t_6,1993,1h 57m,R,6.0,81K
7. In the Line of Fire,https://www.imdb.com/title/tt0107206/?ref_=sr_t_7,1993,2h 8m,R,7.2,117K
8. The Pelican Brief,https://www.imdb.com/title/tt0107798/?ref_=sr_t_8,1993,2h 21m,PG-13,6.6,99K
9. Schindler's List,https://www.imdb.com/title/tt0108052/?ref_=sr_t_9,1993,3h 15m,R,9.0,1.5M
10. The Nightmare Before Christmas,https://www.imdb.com/title/tt0107688/?ref_=sr_t_10,1993,1h 16m,PG,7.9,391K
11. Cliffhanger,https://www.imdb.com/title/tt0106582/?ref_=sr_t_11,1993,1h 53m,R,6.5,143K
12. Free Willy,https://www.imdb.com/title/tt0106965/?ref_=sr_t_12,1993,1h 52m,PG,6.0,85K
13. Philadelphia,https://www.imdb.com/title/tt0107818/?ref_=sr_t_13,1993,2h 5m,PG-13,7.7,264K
14. Groundhog Day,https://www.imdb.com/title/tt0107048/?ref_=sr_t_14,1993,1h 41m,PG,8.0,704K
15. Grumpy Old Men,https://www.imdb.com/title/tt0107050/?ref_=sr_t_15,1993,1h 43m,PG-13,7.0,55K
16. Cool Runnings,https://www.imdb.com/title/tt0106611/?ref_=sr_t_16,1993,1h 38m,PG,7.0,117K
17. Dave,https://www.imdb.com/title/tt0106673/?ref_=sr_t_17,1993,1h 50m,PG-13,6.9,58K
18. Rising Sun,https://www.imdb.com/title/tt0107969/?ref_=sr_t_18,1993,2h 9m,R,6.3,49K
19. Demolition Man,https://www.imdb.com/title/tt0106697/?ref_=sr_t_19,1993,1h 55m,R,6.7,199K
20. Sister Act 2: Back in the Habit,https://www.imdb.com/title/tt0108147/?ref_=sr_t_20,1993,1h 47m,PG,5.7,61K
21. Tombstone,https://www.imdb.com/title/tt0108358/?ref_=sr_t_21,1993,2h 10m,R,7.8,173K
22. The Three Musketeers,https://www.imdb.com/title/tt0108333/?ref_=sr_t_22,1993,1h 45m,PG,6.4,61K
23. Rookie of the Year,https://www.imdb.com/title/tt0107985/?ref_=sr_t_23,1993,1h 43m,PG,6.1,32K
24. Beethoven's 2nd,https://www.imdb.com/title/tt0106375/?ref_=sr_t_24,1993,1h 29m,PG,5.0,30K
25. Dennis the Menace,https://www.imdb.com/title/tt0106701/?ref_=sr_t_25,1993,1h 34m,PG,5.7,66K
26. Sommersby,https://www.imdb.com/title/tt0108185/?ref_=sr_t_26,1993,1h 54m,PG-13,6.3,24K
27. Last Action Hero,https://www.imdb.com/title/tt0107362/?ref_=sr_t_27,1993,2h 10m,PG-13,6.5,167K
28. Addams Family Values,https://www.imdb.com/title/tt0106220/?ref_=sr_t_28,1993,1h 34m,PG-13,6.8,115K
29. Wayne's World 2,https://www.imdb.com/title/tt0108525/?ref_=sr_t_29,1993,1h 35m,PG-13,6.2,90K
30. Malice,https://www.imdb.com/title/tt0107497/?ref_=sr_t_30,1993,1h 47m,R,6.5,29K
31. Hocus Pocus,https://www.imdb.com/title/tt0107120/?ref_=sr_t_31,1993,1h 36m,PG,6.9,163K
32. Made in America,https://www.imdb.com/title/tt0107478/?ref_=sr_t_32,1993,1h 51m,PG-13,5.1,18K
33. The Good Son,https://www.imdb.com/title/tt0107034/?ref_=sr_t_33,1993,1h 27m,R,6.4,47K
34. The Beverly Hillbillies,https://www.imdb.com/title/tt0106400/?ref_=sr_t_34,1993,1h 32m,PG,5.1,20K
35. Teenage Mutant Ninja Turtles III,https://www.imdb.com/title/tt0108308/?ref_=sr_t_35,1993,1h 36m,PG,4.8,37K
36. Homeward Bound: The Incredible Journey,https://www.imdb.com/title/tt0107131/?ref_=sr_t_36,1993,1h 24m,G,7.0,53K
37. Falling Down,https://www.imdb.com/title/tt0106856/?ref_=sr_t_37,1993,1h 53m,R,7.6,213K
38. The Piano,https://www.imdb.com/title/tt0107822/?ref_=sr_t_38,1993,2h 1m,R,7.5,97K
39. What's Love Got to Do with It,https://www.imdb.com/title/tt0108551/?ref_=sr_t_39,1993,1h 58m,R,7.3,25K
40. Hot Shots! Part Deux,https://www.imdb.com/title/tt0107144/?ref_=sr_t_40,1993,1h 26m,PG-13,6.6,99K
41. Carlito's Way,https://www.imdb.com/title/tt0106519/?ref_=sr_t_41,1993,2h 24m,R,7.9,237K
42. Alive,https://www.imdb.com/title/tt0106246/?ref_=sr_t_42,1993,2h 8m,R,7.1,66K
43. Son in Law,https://www.imdb.com/title/tt0108186/?ref_=sr_t_43,1993,1h 35m,PG-13,5.9,23K
44. Sliver,https://www.imdb.com/title/tt0108162/?ref_=sr_t_44,1993,1h 47m,R,5.1,35K
45. Robin Hood: Men in Tights,https://www.imdb.com/title/tt0107977/?ref_=sr_t_45,1993,1h 44m,PG-13,6.7,140K
46. Dragon: The Bruce Lee Story,https://www.imdb.com/title/tt0106770/?ref_=sr_t_46,1993,2h,PG-13,7.0,33K
47. The Sandlot,https://www.imdb.com/title/tt0108037/?ref_=sr_t_47,1993,1h 41m,PG,7.8,107K
48. The Joy Luck Club,https://www.imdb.com/title/tt0107282/?ref_=sr_t_48,1993,2h 19m,R,7.7,19K
49. Hard Target,https://www.imdb.com/title/tt0107076/?ref_=sr_t_49,1993,1h 37m,NC-17,6.2,58K
50. The Age of Innocence,https://www.imdb.com/title/tt0106226/?ref_=sr_t_50,1993,2h 19m,PG,7.2,70K
51. Cop & ½,https://www.imdb.com/title/tt0106613/?ref_=sr_t_51,1993,1h 37m,PG,4.2,9.3K
52. The Secret Garden,https://www.imdb.com/title/tt0108071/?ref_=sr_t_52,1993,1h 41m,G,7.3,46K
53. A Perfect World,https://www.imdb.com/title/tt0107808/?ref_=sr_t_53,1993,2h 18m,PG-13,7.5,89K
54. Point of No Return,https://www.imdb.com/title/tt0107843/?ref_=sr_t_54,1993,1h 49m,R,6.1,31K
55. Loaded Weapon 1,https://www.imdb.com/title/tt0107659/?ref_=sr_t_55,1993,1h 24m,PG-13,6.2,52K
56. Menace II Society,https://www.imdb.com/title/tt0107554/?ref_=sr_t_56,1993,1h 37m,R,7.5,66K
57. My Life,https://www.imdb.com/title/tt0107630/?ref_=sr_t_57,1993,1h 57m,PG-13,6.8,12K
58. Poetic Justice,https://www.imdb.com/title/tt0107840/?ref_=sr_t_58,1993,1h 49m,R,6.1,17K
59. Shadowlands,https://www.imdb.com/title/tt0108101/?ref_=sr_t_59,1993,2h 11m,PG,7.3,21K
60. In the Name of the Father,https://www.imdb.com/title/tt0107207/?ref_=sr_t_60,1993,2h 13m,R,8.1,193K
61. The Man Without a Face,https://www.imdb.com/title/tt0107501/?ref_=sr_t_61,1993,1h 55m,PG-13,6.7,32K
62. Striking Distance,https://www.imdb.com/title/tt0108238/?ref_=sr_t_62,1993,1h 42m,R,5.9,46K
63. The Adventures of Huck Finn,https://www.imdb.com/title/tt0106223/?ref_=sr_t_63,1993,1h 48m,PG,6.2,9.4K
64. Benny & Joon,https://www.imdb.com/title/tt0106387/?ref_=sr_t_64,1993,1h 38m,PG,7.1,63K
65. The Remains of the Day,https://www.imdb.com/title/tt0107943/?ref_=sr_t_65,1993,2h 14m,PG,7.8,87K
66. The Program,https://www.imdb.com/title/tt0107889/?ref_=sr_t_66,1993,1h 52m,R,6.5,12K
67. Rudy,https://www.imdb.com/title/tt0108002/?ref_=sr_t_67,1993,1h 54m,PG,7.5,71K
68. Guilty as Sin,https://www.imdb.com/title/tt0107057/?ref_=sr_t_68,1993,1h 47m,R,5.7,6K
69. Much Ado About Nothing,https://www.imdb.com/title/tt0107616/?ref_=sr_t_69,1993,1h 51m,PG-13,7.3,53K
70. Nowhere to Run,https://www.imdb.com/title/tt0107711/?ref_=sr_t_70,1993,1h 34m,R,5.7,27K
71. Coneheads,https://www.imdb.com/title/tt0106598/?ref_=sr_t_71,1993,1h 28m,PG,5.4,59K
72. Super Mario Bros.,https://www.imdb.com/title/tt0108255/?ref_=sr_t_72,1993,1h 44m,PG,4.2,65K
73. Another Stakeout,https://www.imdb.com/title/tt0106292/?ref_=sr_t_73,1993,1h 48m,PG-13,5.6,16K
74. Fire in the Sky,https://www.imdb.com/title/tt0106912/?ref_=sr_t_74,1993,1h 49m,PG-13,6.5,30K
75. Sniper,https://www.imdb.com/title/tt0108171/?ref_=sr_t_75,1993,1h 38m,R,6.1,26K
76. Untamed Heart,https://www.imdb.com/title/tt0108451/?ref_=sr_t_76,1993,1h 42m,PG-13,6.8,16K
77. Geronimo: An American Legend,https://www.imdb.com/title/tt0107004/?ref_=sr_t_77,1993,1h 55m,PG-13,6.5,14K
78. Posse,https://www.imdb.com/title/tt0107863/?ref_=sr_t_78,1993,1h 51m,R,5.5,5K
79. Sugar Hill,https://www.imdb.com/title/tt0107079/?ref_=sr_t_79,1993,2h 3m,R,5.8,5K
80. CB4,https://www.imdb.com/title/tt0106500/?ref_=sr_t_80,1993,1h 29m,R,6.2,11K
81. Born Yesterday,https://www.imdb.com/title/tt0106466/?ref_=sr_t_81,1993,1h 40m,PG,5.2,4.3K
82. A Bronx Tale,https://www.imdb.com/title/tt0106489/?ref_=sr_t_82,1993,2h 1m,R,7.8,169K
83. Blink,https://www.imdb.com/title/tt0109297/?ref_=sr_t_83,1993,1h 46m,R,6.2,9.3K
84. Heart and Souls,https://www.imdb.com/title/tt0107091/?ref_=sr_t_84,1993,1h 44m,PG-13,7.0,19K
85. Jason Goes to Hell,https://www.imdb.com/title/tt0107254/?ref_=sr_t_85,1993,1h 27m,,4.1,38K
86. Needful Things,https://www.imdb.com/title/tt0107665/?ref_=sr_t_86,1993,2h 1m,R,6.3,29K
87. Indian Summer,https://www.imdb.com/title/tt0107212/?ref_=sr_t_87,1993,1h 37m,PG-13,6.6,6.2K
88. Iron Monkey,https://www.imdb.com/title/tt0108148/?ref_=sr_t_88,1993,1h 25m,PG-13,7.5,18K
89. The Vanishing,https://www.imdb.com/title/tt0108473/?ref_=sr_t_89,1993,1h 49m,R,6.3,29K
90. The Crush,https://www.imdb.com/title/tt0106627/?ref_=sr_t_90,1993,1h 29m,R,5.8,23K
91. Body of Evidence,https://www.imdb.com/title/tt0106453/?ref_=sr_t_91,1993,1h 39m,R,4.6,17K
92. Man's Best Friend,https://www.imdb.com/title/tt0107504/?ref_=sr_t_92,1993,1h 27m,R,5.2,5K
93. A Far Off Place,https://www.imdb.com/title/tt0106868/?ref_=sr_t_93,1993,1h 48m,PG,6.5,3.9K
94. Weekend at Bernie's II,https://www.imdb.com/title/tt0108539/?ref_=sr_t_94,1993,1h 37m,PG,4.8,15K
95. Judgment Night,https://www.imdb.com/title/tt0107286/?ref_=sr_t_95,1993,1h 50m,R,6.6,19K
96. Life with Mikey,https://www.imdb.com/title/tt0107413/?ref_=sr_t_96,1993,1h 31m,PG,5.7,6.7K
97. Undercover Blues,https://www.imdb.com/title/tt0108442/?ref_=sr_t_97,1993,1h 30m,PG-13,6.0,10K
98. True Romance,https://www.imdb.com/title/tt0108399/?ref_=sr_t_98,1993,1h 59m,R,7.9,249K
99. So I Married an Axe Murderer,https://www.imdb.com/title/tt0108174/?ref_=sr_t_99,1993,1h 33m,PG-13,6.5,44K
100. Manhattan Murder Mystery,https://www.imdb.com/title/tt0107507/?ref_=sr_t_100,1993,1h 44m,PG,7.3,48K
101. Who's the Man?,https://www.imdb.com/title/tt0108560/?ref_=sr_t_101,1993,1h 25m,R,5.3,8.9K
102. For Love or Money,https://www.imdb.com/title/tt0106941/?ref_=sr_t_102,1993,1h 36m,PG,6.2,16K
103. Mad Dog and Glory,https://www.imdb.com/title/tt0107473/?ref_=sr_t_103,1993,1h 37m,R,6.2,23K
104. Gettysburg,https://www.imdb.com/title/tt0107007/?ref_=sr_t_104,1993,4h 14m,PG,7.6,32K
105. RoboCop 3,https://www.imdb.com/title/tt0107978/?ref_=sr_t_105,1993,1h 44m,PG-13,4.2,56K
106. The Dark Half,https://www.imdb.com/title/tt0106664/?ref_=sr_t_106,1993,2h 2m,R,6.0,20K
107. Look Who's Talking Now,https://www.imdb.com/title/tt0107438/?ref_=sr_t_107,1993,1h 36m,PG-13,4.4,31K
108. Boiling Point,https://www.imdb.com/title/tt0106455/?ref_=sr_t_108,1993,1h 32m,R,5.0,6.8K
109. What's Eating Gilbert Grape,https://www.imdb.com/title/tt0108550/?ref_=sr_t_109,1993,1h 58m,PG-13,7.7,259K
110. Amos & Andrew,https://www.imdb.com/title/tt0106266/?ref_=sr_t_110,1993,1h 36m,PG-13,5.7,10K
111. Flesh and Bone,https://www.imdb.com/title/tt0106926/?ref_=sr_t_111,1993,2h 6m,R,6.3,6.5K
112. Matinee,https://www.imdb.com/title/tt0107529/?ref_=sr_t_112,1993,1h 39m,PG,6.9,13K
113. We're Back! A Dinosaur's Story,https://www.imdb.com/title/tt0108526/?ref_=sr_t_113,1993,1h 12m,G,6.0,16K
114. Lost in Yonkers,https://www.imdb.com/title/tt0107443/?ref_=sr_t_114,1993,1h 54m,PG,6.8,3.8K
115. Leprechaun,https://www.imdb.com/title/tt0107387/?ref_=sr_t_115,1993,1h 32m,R,4.8,31K
116. Mr. Jones,https://www.imdb.com/title/tt0107611/?ref_=sr_t_116,1993,1h 54m,R,5.8,7.8K
117. Dazed and Confused,https://www.imdb.com/title/tt0106677/?ref_=sr_t_117,1993,1h 43m,R,7.6,205K
118. Aspen Extreme,https://www.imdb.com/title/tt0106315/?ref_=sr_t_118,1993,1h 53m,PG-13,6.0,3.3K
119. The Meteor Man,https://www.imdb.com/title/tt0107563/?ref_=sr_t_119,1993,1h 40m,PG,5.2,9K
120. Fatal Instinct,https://www.imdb.com/title/tt0106873/?ref_=sr_t_120,1993,1h 31m,PG-13,5.7,8.2K
121. Searching for Bobby Fischer,https://www.imdb.com/title/tt0108065/?ref_=sr_t_121,1993,1h 49m,PG,7.4,43K
122. Fearless,https://www.imdb.com/title/tt0106881/?ref_=sr_t_122,1993,2h 2m,R,7.1,25K
123. The Wedding Banquet,https://www.imdb.com/title/tt0107156/?ref_=sr_t_123,1993,1h 46m,R,7.6,18K
124. Best of the Best II,https://www.imdb.com/title/tt0106393/?ref_=sr_t_124,1993,1h 41m,R,5.6,6.6K
125. Once Upon a Forest,https://www.imdb.com/title/tt0107745/?ref_=sr_t_125,1993,1h 11m,G,6.5,6.2K
126. The Real McCoy,https://www.imdb.com/title/tt0107927/?ref_=sr_t_126,1993,1h 45m,PG-13,5.5,9.8K
127. The Temp,https://www.imdb.com/title/tt0108311/?ref_=sr_t_127,1993,1h 36m,R,5.3,3.7K
128. Six Degrees of Separation,https://www.imdb.com/title/tt0108149/?ref_=sr_t_128,1993,1h 52m,R,6.8,23K
129. The House of the Spirits,https://www.imdb.com/title/tt0107151/?ref_=sr_t_129,1993,2h 25m,R,6.9,25K
130. Short Cuts,https://www.imdb.com/title/tt0108122/?ref_=sr_t_130,1993,3h 8m,R,7.6,48K
131. The Cemetery Club,https://www.imdb.com/title/tt0106536/?ref_=sr_t_131,1993,1h 46m,PG-13,5.7,973
132. Heaven & Earth,https://www.imdb.com/title/tt0107096/?ref_=sr_t_132,1993,2h 20m,R,6.8,15K
133. Hear No Evil,https://www.imdb.com/title/tt0107090/?ref_=sr_t_133,1993,1h 37m,R,5.0,1.4K
134. Batman: Mask of the Phantasm,https://www.imdb.com/title/tt0106364/?ref_=sr_t_134,1993,1h 16m,PG,7.8,59K
135. Swing Kids,https://www.imdb.com/title/tt0108265/?ref_=sr_t_135,1993,1h 52m,PG-13,6.8,18K
136. Farewell My Concubine,https://www.imdb.com/title/tt0106332/?ref_=sr_t_136,1993,2h 51m,R,8.1,34K
137. Three of Hearts,https://www.imdb.com/title/tt0108334/?ref_=sr_t_137,1993,1h 42m,R,5.5,2.2K
138. Jack the Bear,https://www.imdb.com/title/tt0107247/?ref_=sr_t_138,1993,1h 39m,PG-13,6.5,4.5K
139. Ghost in the Machine,https://www.imdb.com/title/tt0107009/?ref_=sr_t_139,1993,1h 35m,R,4.7,4.3K
140. Surf Ninjas,https://www.imdb.com/title/tt0108258/?ref_=sr_t_140,1993,1h 27m,PG,5.1,9.1K
141. Little Buddha,https://www.imdb.com/title/tt0107426/?ref_=sr_t_141,1993,2h 3m,PG,6.1,18K
"142. Blood In, Blood Out",https://www.imdb.com/title/tt0106469/?ref_=sr_t_142,1993,3h,R,7.9,36K
143. Mr. Nanny,https://www.imdb.com/title/tt0107612/?ref_=sr_t_143,1993,1h 24m,PG,3.8,10K
144. This Boy's Life,https://www.imdb.com/title/tt0108330/?ref_=sr_t_144,1993,1h 55m,R,7.3,60K
145. Warlock: The Armageddon,https://www.imdb.com/title/tt0108517/?ref_=sr_t_145,1993,1h 38m,R,5.4,7.1K
146. Father Hood,https://www.imdb.com/title/tt0106877/?ref_=sr_t_146,1993,1h 35m,PG-13,4.9,3.6K
147. Gunmen,https://www.imdb.com/title/tt0109959/?ref_=sr_t_147,1993,1h 34m,R,5.2,3.9K
148. My Boyfriend's Back,https://www.imdb.com/title/tt0107626/?ref_=sr_t_148,1993,1h 25m,PG-13,5.5,5.3K
149. Only the Strong,https://www.imdb.com/title/tt0107750/?ref_=sr_t_149,1993,1h 39m,PG-13,6.5,7.1K
150. Romeo Is Bleeding,https://www.imdb.com/title/tt0107983/?ref_=sr_t_150,1993,1h 50m,R,6.5,16K
151. My Crazy Life,https://www.imdb.com/title/tt0107566/?ref_=sr_t_151,1993,1h 32m,R,6.5,2.5K
152. Splitting Heirs,https://www.imdb.com/title/tt0108207/?ref_=sr_t_152,1993,1h 27m,PG-13,5.5,4.7K
153. Mr. Wonderful,https://www.imdb.com/title/tt0107613/?ref_=sr_t_153,1993,1h 38m,PG-13,5.9,3.6K
154. Airborne,https://www.imdb.com/title/tt0106233/?ref_=sr_t_154,1993,1h 31m,PG,6.3,7.9K
155. Hexed,https://www.imdb.com/title/tt0107107/?ref_=sr_t_155,1993,1h 30m,R,5.5,1.9K
156. Calendar Girl,https://www.imdb.com/title/tt0106505/?ref_=sr_t_156,1993,1h 30m,PG-13,5.1,2.5K
157. Red Rock West,https://www.imdb.com/title/tt0105226/?ref_=sr_t_157,1993,1h 38m,R,7.0,26K
158. Son of the Pink Panther,https://www.imdb.com/title/tt0108187/?ref_=sr_t_158,1993,1h 33m,PG,3.9,6.1K
159. Kalifornia,https://www.imdb.com/title/tt0107302/?ref_=sr_t_159,1993,1h 57m,R,6.7,60K
160. Sankofa,https://www.imdb.com/title/tt0108041/?ref_=sr_t_160,1993,2h 5m,,7.0,862
161. The Nutcracker,https://www.imdb.com/title/tt0107719/?ref_=sr_t_161,1993,1h 32m,G,5.9,2.7K
162. Strawberry & Chocolate,https://www.imdb.com/title/tt0106966/?ref_=sr_t_162,1993,1h 48m,R,7.4,6.1K
163. Kika,https://www.imdb.com/title/tt0107315/?ref_=sr_t_163,1993,1h 54m,Unrated,6.5,15K
164. The Night We Never Met,https://www.imdb.com/title/tt0107685/?ref_=sr_t_164,1993,1h 39m,R,6.0,3.1K
165. Boxing Helena,https://www.imdb.com/title/tt0106471/?ref_=sr_t_165,1993,1h 47m,R,4.7,13K
166. Naked,https://www.imdb.com/title/tt0107653/?ref_=sr_t_166,1993,2h 11m,Not Rated,7.7,46K
167. Carnosaur,https://www.imdb.com/title/tt0106521/?ref_=sr_t_167,1993,1h 23m,R,3.7,4.5K
168. Even Cowgirls Get the Blues,https://www.imdb.com/title/tt0106834/?ref_=sr_t_168,1993,1h 46m,R,4.3,8K
169. The Scent of Green Papaya,https://www.imdb.com/title/tt0107617/?ref_=sr_t_169,1993,1h 44m,Not Rated,7.3,10K
170. A Home of Our Own,https://www.imdb.com/title/tt0107130/?ref_=sr_t_170,1993,1h 44m,PG,7.1,4K
171. Josh and S.A.M.,https://www.imdb.com/title/tt0107277/?ref_=sr_t_171,1993,1h 36m,PG-13,5.7,1.7K
172. Black Diamond Rush,https://www.imdb.com/title/tt0125676/?ref_=sr_t_172,1993,1h 36m,Not Rated,8.3,19
173. Wide Sargasso Sea,https://www.imdb.com/title/tt0108565/?ref_=sr_t_173,1993,1h 39m,NC-17,5.6,2.3K
174. M. Butterfly,https://www.imdb.com/title/tt0107468/?ref_=sr_t_174,1993,1h 41m,R,6.7,11K
175. A Dangerous Woman,https://www.imdb.com/title/tt0106661/?ref_=sr_t_175,1993,1h 42m,R,5.7,2.1K
176. Ernest Rides Again,https://www.imdb.com/title/tt0106827/?ref_=sr_t_176,1993,1h 36m,PG,4.8,2.5K
177. Three Colors: Blue,https://www.imdb.com/title/tt0108394/?ref_=sr_t_177,1993,1h 38m,R,7.8,113K
178. Thirty Two Short Films About Glenn Gould,https://www.imdb.com/title/tt0108328/?ref_=sr_t_178,1993,1h 38m,Not Rated,7.3,4K
179. King of the Hill,https://www.imdb.com/title/tt0107322/?ref_=sr_t_179,1993,1h 43m,PG-13,7.3,9K
180. Excessive Force,https://www.imdb.com/title/tt0104215/?ref_=sr_t_180,1993,1h 27m,R,5.3,1.6K
181. Money for Nothing,https://www.imdb.com/title/tt0107594/?ref_=sr_t_181,1993,1h 40m,R,5.7,4.4K
182. Naked in New York,https://www.imdb.com/title/tt0110623/?ref_=sr_t_182,1993,1h 35m,R,5.6,1.8K
183. The Thing Called Love,https://www.imdb.com/title/tt0108327/?ref_=sr_t_183,1993,1h 56m,PG-13,6.4,9K
184. Ruby in Paradise,https://www.imdb.com/title/tt0108000/?ref_=sr_t_184,1993,1h 54m,R,6.9,3.3K
185. The War Room,https://www.imdb.com/title/tt0108515/?ref_=sr_t_185,1993,1h 36m,PG,7.4,4.6K
186. My Favorite Season,https://www.imdb.com/title/tt0107471/?ref_=sr_t_186,1993,2h 7m,Not Rated,6.9,2.3K
187. Street Knight,https://www.imdb.com/title/tt0108234/?ref_=sr_t_187,1993,1h 31m,R,5.3,919
"188. Faraway, So Close!",https://www.imdb.com/title/tt0107209/?ref_=sr_t_188,1993,2h 20m,PG-13,7.2,9.4K
"189. Bodies, Rest & Motion",https://www.imdb.com/title/tt0106447/?ref_=sr_t_189,1993,1h 35m,R,5.7,2.6K
190. Household Saints,https://www.imdb.com/title/tt0107152/?ref_=sr_t_190,1993,2h 4m,R,6.9,1K
191. Mother's Boys,https://www.imdb.com/title/tt0107606/?ref_=sr_t_191,1993,1h 36m,R,5.4,3.7K
192. Bhaji on the Beach,https://www.imdb.com/title/tt0106408/?ref_=sr_t_192,1993,1h 41m,R,6.4,1.3K
193. The Thief and the Cobbler,https://www.imdb.com/title/tt0112389/?ref_=sr_t_193,1993,1h 39m,G,7.1,4.8K
194. The Visitors,https://www.imdb.com/title/tt0108500/?ref_=sr_t_194,1993,1h 47m,R,7.0,39K
195. Dragon Ball Z: Broly - The Legendary Super Saiyan,https://www.imdb.com/title/tt0142242/?ref_=sr_t_195,1993,1h 12m,TV-PG,7.4,12K
196. Sailor Moon R: The Movie: The Promise of the Rose,https://www.imdb.com/title/tt0106417/?ref_=sr_t_196,1993,1h 1m,TV-14,7.7,3K
197. The Advocate,https://www.imdb.com/title/tt0107146/?ref_=sr_t_197,1993,1h 42m,R,6.6,2.2K
198. Road Scholar,https://www.imdb.com/title/tt0107974/?ref_=sr_t_198,1993,1h 22m,PG,7.2,142
199. Where the Rivers Flow North,https://www.imdb.com/title/tt0108557/?ref_=sr_t_199,1993,1h 46m,PG-13,6.6,571
200. The Ballad of Little Jo,https://www.imdb.com/title/tt0106350/?ref_=sr_t_200,1993,2h 1m,R,6.7,1.8K
201. Love and Human Remains,https://www.imdb.com/title/tt0107447/?ref_=sr_t_201,1993,1h 40m,R,6.6,2.9K
202. Sex Is...,https://www.imdb.com/title/tt0108090/?ref_=sr_t_202,1993,1h 22m,,6.8,122
203. The Innocent,https://www.imdb.com/title/tt0106185/?ref_=sr_t_203,1993,1h 59m,R,5.6,1.7K
"204. The Wonderful, Horrible Life of Leni Riefenstahl",https://www.imdb.com/title/tt0107472/?ref_=sr_t_204,1993,3h 3m,,8.0,3.1K
205. Body Snatchers,https://www.imdb.com/title/tt0106452/?ref_=sr_t_205,1993,1h 27m,R,6.0,22K
206. Killing Zoe,https://www.imdb.com/title/tt0110265/?ref_=sr_t_206,1993,1h 36m,R,6.4,22K
207. Golden Gate,https://www.imdb.com/title/tt0109917/?ref_=sr_t_207,1993,1h 31m,R,5.3,956
208. The Cement Garden,https://www.imdb.com/title/tt0106535/?ref_=sr_t_208,1993,1h 41m,Not Rated,7.0,5.5K
209. House of Cards,https://www.imdb.com/title/tt0107148/?ref_=sr_t_209,1993,1h 49m,PG-13,6.1,3K
210. The Music of Chance,https://www.imdb.com/title/tt0107623/?ref_=sr_t_210,1993,1h 38m,R,7.0,2.6K
211. The Slingshot,https://www.imdb.com/title/tt0107349/?ref_=sr_t_211,1993,1h 42m,R,6.5,2.3K
212. Ethan Frome,https://www.imdb.com/title/tt0106833/?ref_=sr_t_212,1993,1h 39m,PG,6.3,2.3K
213. Wrestling Ernest Hemingway,https://www.imdb.com/title/tt0108596/?ref_=sr_t_213,1993,2h 3m,PG-13,7.0,3.4K
214. Café au lait,https://www.imdb.com/title/tt0107642/?ref_=sr_t_214,1993,1h 34m,,6.1,1.2K
215. Amongst Friends,https://www.imdb.com/title/tt0106264/?ref_=sr_t_215,1993,1h 26m,R,5.5,682
216. Dream Lover,https://www.imdb.com/title/tt0109665/?ref_=sr_t_216,1993,1h 43m,R,6.2,6.4K
217. Theremin: An Electronic Odyssey,https://www.imdb.com/title/tt0108323/?ref_=sr_t_217,1993,1h 23m,PG,7.3,1K
218. Fear of a Black Hat,https://www.imdb.com/title/tt0106880/?ref_=sr_t_218,1993,1h 28m,R,7.2,4.7K
219. Zero Patience,https://www.imdb.com/title/tt0108649/?ref_=sr_t_219,1993,1h 41m,,6.2,780
220. Bopha!,https://www.imdb.com/title/tt0106464/?ref_=sr_t_220,1993,2h,PG-13,6.5,1K
221. My Life's in Turnaround,https://www.imdb.com/title/tt0107631/?ref_=sr_t_221,1993,1h 24m,R,4.9,463
222. Stalingrad,https://www.imdb.com/title/tt0108211/?ref_=sr_t_222,1993,2h 14m,Not Rated,7.5,39K
223. Roosters,https://www.imdb.com/title/tt0107987/?ref_=sr_t_223,1993,1h 50m,R,6.2,120
224. La scorta,https://www.imdb.com/title/tt0108059/?ref_=sr_t_224,1993,1h 36m,Not Rated,6.6,968
225. The Saint of Fort Washington,https://www.imdb.com/title/tt0108026/?ref_=sr_t_225,1993,1h 43m,R,7.0,2.9K
226. For the Moment,https://www.imdb.com/title/tt0109823/?ref_=sr_t_226,1993,2h,PG-13,6.0,1K
227. The Trial,https://www.imdb.com/title/tt0108388/?ref_=sr_t_227,1993,2h,PG-13,6.0,2.6K
228. Bank Robber,https://www.imdb.com/title/tt0106353/?ref_=sr_t_228,1993,1h 31m,R,4.4,564
229. Arizona Dream,https://www.imdb.com/title/tt0106307/?ref_=sr_t_229,1993,2h 22m,R,7.2,46K
230. Suture,https://www.imdb.com/title/tt0108260/?ref_=sr_t_230,1993,1h 36m,Not Rated,6.5,2.2K
231. Totally F***ed Up,https://www.imdb.com/title/tt0108366/?ref_=sr_t_231,1993,1h 18m,TV-MA,6.5,4.2K
232. Twenty Bucks,https://www.imdb.com/title/tt0108410/?ref_=sr_t_232,1993,1h 31m,R,6.3,4.2K
233. Raining Stones,https://www.imdb.com/title/tt0107920/?ref_=sr_t_233,1993,1h 30m,Not Rated,7.3,5K
234. It's All True: Based on an Unfinished Film by Orson Welles,https://www.imdb.com/title/tt0107233/?ref_=sr_t_234,1993,1h 27m,G,7.1,886
235. Wilder Napalm,https://www.imdb.com/title/tt0108569/?ref_=sr_t_235,1993,1h 49m,PG-13,5.5,1.9K
236. The Pickle,https://www.imdb.com/title/tt0107824/?ref_=sr_t_236,1993,1h 43m,R,4.4,736
237. The Secret Adventures of Tom Thumb,https://www.imdb.com/title/tt0108069/?ref_=sr_t_237,1993,1h,Unrated,7.3,1.6K
238. Silent Tongue,https://www.imdb.com/title/tt0108135/?ref_=sr_t_238,1993,1h 42m,PG-13,5.2,1.3K
239. Sonatine,https://www.imdb.com/title/tt0108188/?ref_=sr_t_239,1993,1h 34m,R,7.5,24K
240. The Making of '...and God Spoke',https://www.imdb.com/title/tt0107492/?ref_=sr_t_240,1993,1h 22m,R,6.7,958
241. Return of the Living Dead III,https://www.imdb.com/title/tt0107953/?ref_=sr_t_241,1993,1h 37m,,5.9,17K
"242. Paris, France",https://www.imdb.com/title/tt0107779/?ref_=sr_t_242,1993,1h 52m,NC-17,5.2,567
243. Freaked,https://www.imdb.com/title/tt0109838/?ref_=sr_t_243,1993,1h 20m,PG-13,6.4,8.6K
244. Morning Glory,https://www.imdb.com/title/tt0107604/?ref_=sr_t_244,1993,1h 36m,PG-13,6.6,575
"245. Clean, Shaven",https://www.imdb.com/title/tt0106579/?ref_=sr_t_245,1993,1h 19m,Not Rated,7.0,6.2K
246. Dangerous Game,https://www.imdb.com/title/tt0106660/?ref_=sr_t_246,1993,1h 48m,R,5.6,4.4K
247. The Secret Rapture,https://www.imdb.com/title/tt0108072/?ref_=sr_t_247,1993,1h 37m,R,5.8,135
248. Deadfall,https://www.imdb.com/title/tt0106684/?ref_=sr_t_248,1993,1h 38m,R,4.0,3.9K
249. The Last Party,https://www.imdb.com/title/tt0107372/?ref_=sr_t_249,1993,1h 36m,R,6.6,677
250. The Hawk,https://www.imdb.com/title/tt0107088/?ref_=sr_t_250,1993,1h 28m,R,5.4,512
251. From the East,https://www.imdb.com/title/tt0106642/?ref_=sr_t_251,1993,1h 47m,,7.2,1K
252. Century,https://www.imdb.com/title/tt0106537/?ref_=sr_t_252,1993,1h 52m,R,6.2,425
253. Perlasca,https://www.imdb.com/title/tt1015231/?ref_=sr_t_253,1993,1h 34m,Not Rated,8.0,54
254. Philadelphia Experiment II,https://www.imdb.com/title/tt0107819/?ref_=sr_t_254,1993,1h 37m,PG-13,4.5,2.3K
255. Children of Fate: Life and Death in a Sicilian Family,https://www.imdb.com/title/tt0106556/?ref_=sr_t_255,1993,1h 25m,,6.8,54
256. The Heartbreak Kid,https://www.imdb.com/title/tt0107093/?ref_=sr_t_256,1993,1h 37m,,6.2,712
257. Ninja Scroll,https://www.imdb.com/title/tt0107692/?ref_=sr_t_257,1993,1h 34m,Not Rated,7.8,42K
258. Necronomicon: Book of Dead,https://www.imdb.com/title/tt0107664/?ref_=sr_t_258,1993,1h 36m,R,5.8,7.2K
259. The Snapper,https://www.imdb.com/title/tt28636198/?ref_=sr_t_259,1993,1h 34m,R,7.4,370
260. Beach Babes from Beyond,https://www.imdb.com/title/tt0106366/?ref_=sr_t_260,1993,1h 15m,R,3.7,1.3K
261. Bad Boy Bubby,https://www.imdb.com/title/tt0106341/?ref_=sr_t_261,1993,1h 54m,Not Rated,7.3,15K
262. The Dream House,https://www.imdb.com/title/tt0106779/?ref_=sr_t_262,1993,1h 41m,,5.6,3.7K
263. Scorned,https://www.imdb.com/title/tt0111093/?ref_=sr_t_263,1993,1h 40m,R,5.2,2.1K
264. Ticks,https://www.imdb.com/title/tt0108339/?ref_=sr_t_264,1993,1h 25m,R,5.5,6.1K
265. Body of Influence,https://www.imdb.com/title/tt0106454/?ref_=sr_t_265,1993,1h 36m,R,4.6,744
266. Beyond the Law,https://www.imdb.com/title/tt0103805/?ref_=sr_t_266,1993,1h 48m,R,6.4,8.1K
267. The Baby of Mâcon,https://www.imdb.com/title/tt0106335/?ref_=sr_t_267,1993,2h 2m,Not Rated,6.9,5.1K
268. Snapdragon,https://www.imdb.com/title/tt0108169/?ref_=sr_t_268,1993,1h 38m,,3.8,2K
269. Ordinary Magic,https://www.imdb.com/title/tt0107755/?ref_=sr_t_269,1993,1h 43m,TV-PG,6.0,442
270. Cannibal! The Musical,https://www.imdb.com/title/tt0115819/?ref_=sr_t_270,1993,1h 35m,R,6.9,13K
271. Baazigar,https://www.imdb.com/title/tt0106333/?ref_=sr_t_271,1993,2h 55m,Not Rated,7.6,31K
272. Enemy Gold,https://www.imdb.com/title/tt0106819/?ref_=sr_t_272,1993,1h 32m,R,4.2,1.1K
273. City Hunter,https://www.imdb.com/title/tt0103950/?ref_=sr_t_273,1993,1h 40m,PG-13,6.3,13K
274. Sins of Desire,https://www.imdb.com/title/tt0108142/?ref_=sr_t_274,1993,1h 27m,R,4.1,732
275. Angel Eyes,https://www.imdb.com/title/tt0106278/?ref_=sr_t_275,1993,1h 24m,R,4.4,400
276. Darr,https://www.imdb.com/title/tt0109555/?ref_=sr_t_276,1993,2h 58m,Not Rated,7.6,26K
277. Fit to Kill,https://www.imdb.com/title/tt0106922/?ref_=sr_t_277,1993,1h 37m,R,4.2,1.4K
278. Fire on the Amazon,https://www.imdb.com/title/tt0106913/?ref_=sr_t_278,1993,1h 27m,R,3.5,3K
279. Acting on Impulse,https://www.imdb.com/title/tt0106216/?ref_=sr_t_279,1993,1h 33m,R,5.4,385
280. Dangerous Attraction,https://www.imdb.com/title/tt0423840/?ref_=sr_t_280,1993,1h 28m,,5.4,78
281. Khalnayak,https://www.imdb.com/title/tt0107311/?ref_=sr_t_281,1993,3h 10m,Not Rated,7.1,3.9K
282. Joshua Tree,https://www.imdb.com/title/tt0106309/?ref_=sr_t_282,1993,1h 46m,R,5.7,6.4K
283. Body Melt,https://www.imdb.com/title/tt0106450/?ref_=sr_t_283,1993,1h 21m,Not Rated,5.3,4.1K
284. Mutant Action,https://www.imdb.com/title/tt0106215/?ref_=sr_t_284,1993,1h 33m,,6.4,5.9K
285. Pumpkinhead II: Blood Wings,https://www.imdb.com/title/tt0110913/?ref_=sr_t_285,1993,1h 28m,R,4.6,5.5K
286. The Heroic Trio,https://www.imdb.com/title/tt0105619/?ref_=sr_t_286,1993,1h 28m,R,6.6,4.8K
287. The Chill Factor,https://www.imdb.com/title/tt0106698/?ref_=sr_t_287,1993,1h 26m,Not Rated,4.1,807
288. Shootfighter: Fight to the Death,https://www.imdb.com/title/tt0105395/?ref_=sr_t_288,1993,1h 36m,R,5.5,1.5K
289. Trauma,https://www.imdb.com/title/tt0104053/?ref_=sr_t_289,1993,1h 46m,R,5.8,8.3K
290. Robot Wars,https://www.imdb.com/title/tt0107979/?ref_=sr_t_290,1993,1h 12m,PG,3.9,1.7K
291. Gumrah,https://www.imdb.com/title/tt0107060/?ref_=sr_t_291,1993,2h 29m,Not Rated,6.1,1K
292. The Eight Immortals Restaurant: The Untold Story,https://www.imdb.com/title/tt0103743/?ref_=sr_t_292,1993,1h 36m,Unrated,6.8,4.9K
293. Hated: GG Allin & the Murder Junkies,https://www.imdb.com/title/tt0107086/?ref_=sr_t_293,1993,52m,Not Rated,7.2,3.7K
294. TC 2000,https://www.imdb.com/title/tt0108277/?ref_=sr_t_294,1993,1h 35m,R,4.5,1.6K
295. Devil Girl 18,https://www.imdb.com/title/tt0104096/?ref_=sr_t_295,1993,1h 27m,,6.7,86
296. Mirror Images II,https://www.imdb.com/title/tt0110529/?ref_=sr_t_296,1993,1h 32m,R,5.2,668
297. Sune's Summer,https://www.imdb.com/title/tt0108252/?ref_=sr_t_297,1993,1h 23m,,7.0,5.2K
298. Schramm,https://www.imdb.com/title/tt0108053/?ref_=sr_t_298,1993,1h 5m,Not Rated,5.7,3.6K
299. Golden Balls,https://www.imdb.com/title/tt0107165/?ref_=sr_t_299,1993,1h 35m,,6.1,4K
300. Prehysteria!,https://www.imdb.com/title/tt0107870/?ref_=sr_t_300,1993,1h 24m,PG,4.6,2.3K
301. Tai Chi Master,https://www.imdb.com/title/tt0108281/?ref_=sr_t_301,1993,1h 36m,R,7.2,11K
"302. The Need for Speed, Bicycle Messengers in New York",https://www.imdb.com/title/tt2651624/?ref_=sr_t_302,1993,1h 10m,,8.4,13
303. Death Dancers,https://www.imdb.com/title/tt0135362/?ref_=sr_t_303,1993,1h 17m,R,2.9,134
304. Chained Heat 2,https://www.imdb.com/title/tt0106539/?ref_=sr_t_304,1993,1h 39m,R,3.5,1.5K
305. Ramayana: The Legend of Prince Rama,https://www.imdb.com/title/tt0259534/?ref_=sr_t_305,1993,2h 15m,PG,9.2,16K
306. Cold Sweat,https://www.imdb.com/title/tt0106586/?ref_=sr_t_306,1993,1h 33m,R,4.6,696
307. Doppelganger,https://www.imdb.com/title/tt0106753/?ref_=sr_t_307,1993,1h 44m,R,4.4,4.3K
308. The Cool Surface,https://www.imdb.com/title/tt0109478/?ref_=sr_t_308,1993,1h 28m,R,4.7,1.4K
309. Godzilla vs. Mechagodzilla II,https://www.imdb.com/title/tt0107027/?ref_=sr_t_309,1993,1h 45m,PG,6.5,6.2K
310. Reckless Kelly,https://www.imdb.com/title/tt0107930/?ref_=sr_t_310,1993,1h 20m,PG,5.1,1.8K
311. Tadipaar,https://www.imdb.com/title/tt0105515/?ref_=sr_t_311,1993,2h 14m,Not Rated,4.9,266
312. Undefeatable,https://www.imdb.com/title/tt0111552/?ref_=sr_t_312,1993,1h 35m,R,4.5,2.7K
313. Kein Pardon,https://www.imdb.com/title/tt0104602/?ref_=sr_t_313,1993,1h 37m,,7.2,2.6K
314. Supercop 2,https://www.imdb.com/title/tt0106544/?ref_=sr_t_314,1993,1h 44m,R,6.1,4.6K
315. Bitter Harvest,https://www.imdb.com/title/tt0106418/?ref_=sr_t_315,1993,1h 38m,R,4.6,902
316. Manichithrathazhu,https://www.imdb.com/title/tt0214915/?ref_=sr_t_316,1993,2h 49m,Not Rated,8.7,13K
317. American Yakuza,https://www.imdb.com/title/tt0109099/?ref_=sr_t_317,1993,1h 36m,R,5.6,3K
318. Night Train to Venice,https://www.imdb.com/title/tt0107683/?ref_=sr_t_318,1993,1h 38m,R,2.3,1.1K
319. Madadayo,https://www.imdb.com/title/tt0107474/?ref_=sr_t_319,1993,2h 14m,,7.3,6.3K
320. Showdown,https://www.imdb.com/title/tt0111174/?ref_=sr_t_320,1993,1h 38m,PG-13,5.2,1.3K
321. Sins of the Night,https://www.imdb.com/title/tt0108143/?ref_=sr_t_321,1993,1h 25m,Unrated,4.6,308
322. Patlabor 2: The Movie,https://www.imdb.com/title/tt0124770/?ref_=sr_t_322,1993,1h 53m,TV-14,7.5,4.8K
323. Crime Story,https://www.imdb.com/title/tt0108656/?ref_=sr_t_323,1993,1h 43m,R,6.7,7.7K
324. Dark Waters,https://www.imdb.com/title/tt0109550/?ref_=sr_t_324,1993,1h 34m,Not Rated,6.0,3.3K
325. Champagne and Bullets,https://www.imdb.com/title/tt0169183/?ref_=sr_t_325,1993,1h 30m,TV-14,4.1,855
326. The Red Squirrel,https://www.imdb.com/title/tt0106305/?ref_=sr_t_326,1993,1h 54m,,7.1,4.9K
327. Wild Cactus,https://www.imdb.com/title/tt0108568/?ref_=sr_t_327,1993,1h 32m,R,4.6,377
328. Konstruktor krasnogo tsveta,https://www.imdb.com/title/tt0810384/?ref_=sr_t_328,1993,1h 16m,Unrated,5.9,270
329. Rex: A Dinosaur's Story,https://www.imdb.com/title/tt0227379/?ref_=sr_t_329,1993,1h 46m,,6.0,119
330. Ziemassvetku jampadracis,https://www.imdb.com/title/tt0220869/?ref_=sr_t_330,1993,1h 12m,,7.7,266
331. Angelfist,https://www.imdb.com/title/tt0106280/?ref_=sr_t_331,1993,1h 20m,R,4.8,488
332. Tropical Heat,https://www.imdb.com/title/tt0103124/?ref_=sr_t_332,1993,1h 26m,R,4.5,357
333. Blue,https://www.imdb.com/title/tt0106438/?ref_=sr_t_333,1993,1h 19m,Not Rated,7.3,2.9K
334. Kung Fu Cult Master,https://www.imdb.com/title/tt0108624/?ref_=sr_t_334,1993,1h 47m,,6.4,4.2K
335. Night Terrors,https://www.imdb.com/title/tt0108350/?ref_=sr_t_335,1993,1h 38m,R,3.6,1.6K
336. Tomcat: Dangerous Desires,https://www.imdb.com/title/tt0108360/?ref_=sr_t_336,1993,1h 25m,R,3.8,342
337. The Wrong Man,https://www.imdb.com/title/tt0108597/?ref_=sr_t_337,1993,1h 44m,R,5.9,830
338. Germinal,https://www.imdb.com/title/tt0107002/?ref_=sr_t_338,1993,2h 40m,R,7.1,5.9K
339. Witchboard 2,https://www.imdb.com/title/tt0108577/?ref_=sr_t_339,1993,1h 38m,R,5.0,2K
340. Ed and His Dead Mother,https://www.imdb.com/title/tt0106792/?ref_=sr_t_340,1993,1h 33m,PG-13,6.0,2.5K
341. The Gospel According to Matthew,https://www.imdb.com/title/tt0301359/?ref_=sr_t_341,1993,4h 18m,TV-G,8.0,1.1K
342. Buford's Beach Bunnies,https://www.imdb.com/title/tt0103894/?ref_=sr_t_342,1993,1h 41m,R,2.9,504
343. Bedtime Stories,https://www.imdb.com/title/tt23111578/?ref_=sr_t_343,1993,1h 21m,,7.1,17
344. Skinner,https://www.imdb.com/title/tt0114466/?ref_=sr_t_344,1993,1h 28m,R,5.2,1.4K
345. Over the Line,https://www.imdb.com/title/tt0105077/?ref_=sr_t_345,1993,1h 48m,R,4.2,150
346. Firepower,https://www.imdb.com/title/tt0106915/?ref_=sr_t_346,1993,1h 35m,R,5.1,810
347. Aaina,https://www.imdb.com/title/tt0106203/?ref_=sr_t_347,1993,2h 29m,Not Rated,6.1,767
348. Private Lessons II,https://www.imdb.com/title/tt0107878/?ref_=sr_t_348,1993,1h 25m,Unrated,3.8,150
349. Dragon Ball Z: Bojack Unbound,https://www.imdb.com/title/tt0142238/?ref_=sr_t_349,1993,50m,TV-PG,7.1,7.4K
350. The Jungle Creature: Hugo,https://www.imdb.com/title/tt0107289/?ref_=sr_t_350,1993,1h 8m,Not Rated,6.2,1.9K
351. Kshatriya,https://www.imdb.com/title/tt0104645/?ref_=sr_t_351,1993,3h 7m,,5.9,736
352. Psycho Cop Returns,https://www.imdb.com/title/tt0107894/?ref_=sr_t_352,1993,1h 20m,R,5.1,2.9K
353. Knights,https://www.imdb.com/title/tt0107333/?ref_=sr_t_353,1993,1h 30m,R,4.6,2.2K
354. A House in the Hills,https://www.imdb.com/title/tt0107147/?ref_=sr_t_354,1993,1h 35m,R,5.6,1.4K
355. Devasuram,https://www.imdb.com/title/tt0291855/?ref_=sr_t_355,1993,3h 7m,Not Rated,8.7,6.6K
356. The Legend,https://www.imdb.com/title/tt0106936/?ref_=sr_t_356,1993,1h 40m,R,7.1,8.5K
357. Mind Twister,https://www.imdb.com/title/tt0110522/?ref_=sr_t_357,1993,1h 34m,R,4.2,269
358. Point of Impact,https://www.imdb.com/title/tt0107842/?ref_=sr_t_358,1993,1h 36m,R,3.6,778
359. Moving,https://www.imdb.com/title/tt0107736/?ref_=sr_t_359,1993,2h 5m,,7.6,1.1K
360. The Legend of Fong Sai-Yuk 2,https://www.imdb.com/title/tt0106937/?ref_=sr_t_360,1993,1h 35m,R,6.9,4.8K
361. Akvaariorakkaus,https://www.imdb.com/title/tt0106237/?ref_=sr_t_361,1993,1h 39m,,4.6,551
362. Extreme Justice,https://www.imdb.com/title/tt0106850/?ref_=sr_t_362,1993,1h 36m,R,5.5,1.4K
363. Hercules Returns,https://www.imdb.com/title/tt0107103/?ref_=sr_t_363,1993,1h 22m,,7.2,1.6K
364. The Earth's Most Beloved Son,https://www.imdb.com/title/tt0106534/?ref_=sr_t_364,1993,2h 18m,,8.4,1.9K
365. Three Tickets to Hollywood,https://www.imdb.com/title/tt0181080/?ref_=sr_t_365,1993,1h 58m,,7.8,2.3K
366. Prison Heat,https://www.imdb.com/title/tt0107877/?ref_=sr_t_366,1993,1h 31m,R,4.2,1K
367. American Cyborg: Steel Warrior,https://www.imdb.com/title/tt0109098/?ref_=sr_t_367,1993,1h 34m,R,4.3,1.7K
368. American Ninja 5,https://www.imdb.com/title/tt0106257/?ref_=sr_t_368,1993,1h 42m,PG-13,3.0,4.5K
369. Family Man,https://www.imdb.com/title/tt6249970/?ref_=sr_t_369,1993,,,5.4,31
370. Pardesi,https://www.imdb.com/title/tt2011180/?ref_=sr_t_370,1993,,,5.5,31
371. Indecent Behavior,https://www.imdb.com/title/tt0107210/?ref_=sr_t_371,1993,1h 33m,R,3.8,610
372. Dear Diary,https://www.imdb.com/title/tt0109382/?ref_=sr_t_372,1993,1h 40m,Unrated,7.2,9.5K
373. Wittgenstein,https://www.imdb.com/title/tt0108583/?ref_=sr_t_373,1993,1h 12m,Not Rated,6.9,3K
374. Outrage,https://www.imdb.com/title/tt0108670/?ref_=sr_t_374,1993,1h 43m,R,6.0,1K
375. The Cat's Mill,https://www.imdb.com/title/tt2235575/?ref_=sr_t_375,1993,56m,,7.4,81
376. Seasons of the Heart,https://www.imdb.com/title/tt0136523/?ref_=sr_t_376,1993,1h 39m,G,6.5,242
377. Henry's Romance,https://www.imdb.com/title/tt0109945/?ref_=sr_t_377,1993,1h 50m,,5.7,161
378. The Young Americans,https://www.imdb.com/title/tt0108633/?ref_=sr_t_378,1993,1h 43m,R,5.7,2.8K
379. Craving Desire,https://www.imdb.com/title/tt0194926/?ref_=sr_t_379,1993,1h 37m,,4.7,390
380. Heroic Trio 2: Executioners,https://www.imdb.com/title/tt0108606/?ref_=sr_t_380,1993,1h 41m,Unrated,5.7,1.7K
381. Crazy Love,https://www.imdb.com/title/tt0107565/?ref_=sr_t_381,1993,1h 17m,,5.4,716
382. The Silver Brumby,https://www.imdb.com/title/tt0108137/?ref_=sr_t_382,1993,1h 33m,G,5.8,1.3K
383. The Washing Machine,https://www.imdb.com/title/tt0105785/?ref_=sr_t_383,1993,1h 30m,Unrated,5.3,918
384. Gentleman,https://www.imdb.com/title/tt0482389/?ref_=sr_t_384,1993,2h 40m,Not Rated,7.8,2.8K
385. Gagay: Prinsesa ng brownout,https://www.imdb.com/title/tt0985615/?ref_=sr_t_385,1993,,,8.4,47
386. The Dead Mother,https://www.imdb.com/title/tt0107479/?ref_=sr_t_386,1993,1h 51m,,6.9,1.3K
387. Emmanuelle 7,https://www.imdb.com/title/tt0160245/?ref_=sr_t_387,1993,1h 30m,Not Rated,3.6,572
388. Night Eyes Three,https://www.imdb.com/title/tt0107680/?ref_=sr_t_388,1993,1h 37m,R,4.1,637
389. The Blue Kite,https://www.imdb.com/title/tt0107358/?ref_=sr_t_389,1993,2h 20m,,7.5,3.4K
390. Die Watching,https://www.imdb.com/title/tt0106718/?ref_=sr_t_390,1993,1h 28m,R,4.3,306
391. Wet and Wild Summer!,https://www.imdb.com/title/tt0105801/?ref_=sr_t_391,1993,1h 35m,R,4.2,332
392. Kizhakku Seemayile,https://www.imdb.com/title/tt0155809/?ref_=sr_t_392,1993,2h 27m,,7.3,287
393. Dirty Weekend,https://www.imdb.com/title/tt0106727/?ref_=sr_t_393,1993,1h 42m,,5.2,739
394. Living Naked,https://www.imdb.com/title/tt0163923/?ref_=sr_t_394,1993,1h 42m,,6.6,120
395. The Searchers,https://www.imdb.com/title/tt0108275/?ref_=sr_t_395,1993,1h 48m,,4.7,2.4K
396. The Hit List,https://www.imdb.com/title/tt0107117/?ref_=sr_t_396,1993,1h 33m,R,5.3,1.1K
397. The Spirit of Love,https://www.imdb.com/title/tt0106231/?ref_=sr_t_397,1993,1h 39m,,5.7,37
398. Abraham's Valley,https://www.imdb.com/title/tt0108471/?ref_=sr_t_398,1993,3h 7m,,7.3,1.6K
399. Bare Exposure,https://www.imdb.com/title/tt0106359/?ref_=sr_t_399,1993,1h 26m,R,3.9,280
400. CIA II: Target Alexa,https://www.imdb.com/title/tt0109360/?ref_=sr_t_400,1993,1h 30m,R,3.8,610
401. Lotta 2 - Lotta flyttar hemifrån,https://www.imdb.com/title/tt0107444/?ref_=sr_t_401,1993,1h 23m,,5.9,939
402. Tou se yi hung mou,https://www.imdb.com/title/tt0104048/?ref_=sr_t_402,1993,X,,4.8,48
403. Emotional Girl,https://www.imdb.com/title/tt0106807/?ref_=sr_t_403,1993,1h 25m,,5.0,47
404. Latcho Drom,https://www.imdb.com/title/tt0107376/?ref_=sr_t_404,1993,1h 43m,,8.1,2.2K
405. Public Access,https://www.imdb.com/title/tt0107895/?ref_=sr_t_405,1993,1h 30m,R,5.2,999
406. Stolen Spring,https://www.imdb.com/title/tt0106949/?ref_=sr_t_406,1993,1h 29m,Not Rated,7.4,2.4K
407. Yankee Zulu,https://www.imdb.com/title/tt0111787/?ref_=sr_t_407,1993,1h 40m,PG,6.4,2K
408. Cyborg Cop,https://www.imdb.com/title/tt0109517/?ref_=sr_t_408,1993,1h 35m,R,4.2,1.4K
409. Hero Beyond the Boundary of Time,https://www.imdb.com/title/tt0108542/?ref_=sr_t_409,1993,1h 34m,,5.6,308
410. Two Cops,https://www.imdb.com/title/tt0108418/?ref_=sr_t_410,1993,1h 50m,,6.4,248
411. Dalaal,https://www.imdb.com/title/tt0106653/?ref_=sr_t_411,1993,2h 40m,,4.9,150
412. Matusalem,https://www.imdb.com/title/tt0107531/?ref_=sr_t_412,1993,1h 45m,,6.4,471
413. Slaughter of the Innocents,https://www.imdb.com/title/tt0111216/?ref_=sr_t_413,1993,1h 44m,R,5.1,1.2K
414. Robot in the Family,https://www.imdb.com/title/tt0294880/?ref_=sr_t_414,1993,1h 25m,G,1.7,344
415. Damini,https://www.imdb.com/title/tt0106655/?ref_=sr_t_415,1993,2h 55m,Not Rated,7.8,4.1K
416. Whistle If You Come Back,https://www.imdb.com/title/tt0106749/?ref_=sr_t_416,1993,1h 24m,,7.4,2.4K
417. Zakhmi Rooh,https://www.imdb.com/title/tt0391547/?ref_=sr_t_417,1993,2h 5m,,5.5,21
418. Trouble Bound,https://www.imdb.com/title/tt0105645/?ref_=sr_t_418,1993,1h 30m,R,5.5,1K
419. White Wolves: A Cry in the Wild II,https://www.imdb.com/title/tt0108559/?ref_=sr_t_419,1993,1h 30m,PG,5.8,517
420. The Hidden II,https://www.imdb.com/title/tt0110022/?ref_=sr_t_420,1993,1h 33m,R,3.1,1.6K
421. Younger and Younger,https://www.imdb.com/title/tt0108636/?ref_=sr_t_421,1993,1h 39m,R,4.9,674
422. Shhh!,https://www.imdb.com/title/tt4228378/?ref_=sr_t_422,1993,2h 15m,Not Rated,8.6,1.4K
423. Sose halunk meg,https://www.imdb.com/title/tt0108194/?ref_=sr_t_423,1993,1h 35m,,7.6,2.1K
424. Good Girls Don't,https://www.imdb.com/title/tt0107033/?ref_=sr_t_424,1993,1h 29m,Unrated,4.2,164
425. The Immortal Aunt,https://www.imdb.com/title/tt0107672/?ref_=sr_t_425,1993,1h 38m,,6.0,371
426. Sopyonje,https://www.imdb.com/title/tt0108192/?ref_=sr_t_426,1993,1h 52m,,7.6,1.2K
427. El superman... Dilon,https://www.imdb.com/title/tt0431424/?ref_=sr_t_427,1993,1h 28m,TV-MA,4.3,25
428. Gorotica,https://www.imdb.com/title/tt0107038/?ref_=sr_t_428,1993,1h,Unrated,4.8,191
429. Phool Aur Angaar,https://www.imdb.com/title/tt0107821/?ref_=sr_t_429,1993,2h 26m,Not Rated,5.8,258
430. Rang,https://www.imdb.com/title/tt0193449/?ref_=sr_t_430,1993,2h 30m,,4.7,285
431. Anchoress,https://www.imdb.com/title/tt0106271/?ref_=sr_t_431,1993,1h 48m,Not Rated,6.5,502
432. Fiorile,https://www.imdb.com/title/tt0106911/?ref_=sr_t_432,1993,1h 58m,PG-13,6.8,1.2K
433. Beretta's Island,https://www.imdb.com/title/tt0138322/?ref_=sr_t_433,1993,1h 37m,R,2.7,580
434. Future Cops,https://www.imdb.com/title/tt0106545/?ref_=sr_t_434,1993,1h 35m,Not Rated,6.0,1.6K
435. The Magic Crane,https://www.imdb.com/title/tt0108607/?ref_=sr_t_435,1993,1h 36m,Not Rated,6.3,426
436. Sainik,https://www.imdb.com/title/tt0290839/?ref_=sr_t_436,1993,2h 25m,Not Rated,6.0,1.4K
437. The Skateboard Kid,https://www.imdb.com/title/tt0108153/?ref_=sr_t_437,1993,1h 23m,PG,2.8,740
438. L.A. Goddess,https://www.imdb.com/title/tt0107353/?ref_=sr_t_438,1993,1h 36m,R,4.3,130
439. Roop Ki Rani Choron Ka Raja,https://www.imdb.com/title/tt0107986/?ref_=sr_t_439,1993,3h 10m,,4.8,1.1K
440. Green Snake,https://www.imdb.com/title/tt0106559/?ref_=sr_t_440,1993,1h 39m,Not Rated,7.2,3.8K
441. Frauds,https://www.imdb.com/title/tt0106963/?ref_=sr_t_441,1993,1h 30m,R,5.9,1.2K
442. Provocazione fatale,https://www.imdb.com/title/tt0100427/?ref_=sr_t_442,1993,1h 30m,,4.3,58
443. Grey Knight,https://www.imdb.com/title/tt0107319/?ref_=sr_t_443,1993,1h 22m,R,4.6,843
444. Aankhen,https://www.imdb.com/title/tt0106204/?ref_=sr_t_444,1993,2h 50m,Not Rated,6.8,2.4K
445. Run and Kill,https://www.imdb.com/title/tt0108600/?ref_=sr_t_445,1993,1h 30m,,6.6,780
446. Kalaignan,https://www.imdb.com/title/tt0317796/?ref_=sr_t_446,1993,2h 23m,Not Rated,6.3,277
447. Home Along da Riles da Movie,https://www.imdb.com/title/tt0345404/?ref_=sr_t_447,1993,2h 10m,,7.1,56
448. Lady Dragon 2,https://www.imdb.com/title/tt0107356/?ref_=sr_t_448,1993,1h 35m,R,4.3,393
449. The Rebel,https://www.imdb.com/title/tt0107956/?ref_=sr_t_449,1993,1h 28m,,5.1,198
450. Gairah Malam,https://www.imdb.com/title/tt0345300/?ref_=sr_t_450,1993,1h,,6.4,26
451. Lootere,https://www.imdb.com/title/tt0107440/?ref_=sr_t_451,1993,2h 36m,Not Rated,5.3,364
452. Zapatlela,https://www.imdb.com/title/tt0233979/?ref_=sr_t_452,1993,2h 48m,,7.8,912
453. Secret Games 2: The Escort,https://www.imdb.com/title/tt0108070/?ref_=sr_t_453,1993,1h 25m,R,4.4,281
454. The Shadow Play,https://www.imdb.com/title/tt0263388/?ref_=sr_t_454,1993,1h 43m,,7.7,4.1K
455. Berlin in Berlin,https://www.imdb.com/title/tt0106389/?ref_=sr_t_455,1993,1h 39m,,5.5,1.5K
456. Gatta alla pari,https://www.imdb.com/title/tt0206767/?ref_=sr_t_456,1993,1h 15m,,4.0,39
457. Betrayal of the Dove,https://www.imdb.com/title/tt0106395/?ref_=sr_t_457,1993,1h 33m,R,4.6,568
458. Humanda ka Mayor!: Bahala na ang Diyos,https://www.imdb.com/title/tt0417765/?ref_=sr_t_458,1993,1h 53m,,5.9,19
459. Little Ninjas,https://www.imdb.com/title/tt0098965/?ref_=sr_t_459,1993,1h 40m,PG,2.4,863
460. Anari,https://www.imdb.com/title/tt0106270/?ref_=sr_t_460,1993,2h 51m,,5.3,624
461. Amore!,https://www.imdb.com/title/tt0106265/?ref_=sr_t_461,1993,1h 30m,PG-13,4.5,198
462. Piccolo grande amore,https://www.imdb.com/title/tt0107823/?ref_=sr_t_462,1993,1h 45m,,4.0,546
463. Giovanni Falcone,https://www.imdb.com/title/tt0126320/?ref_=sr_t_463,1993,2h 4m,,7.0,399
464. Once Upon a Time in China IV,https://www.imdb.com/title/tt0107162/?ref_=sr_t_464,1993,1h 41m,Not Rated,5.9,1.4K
465. The Neighbor,https://www.imdb.com/title/tt0107666/?ref_=sr_t_465,1993,1h 33m,R,5.5,543
466. The Legend of an Erotic Movie Star,https://www.imdb.com/title/tt0368587/?ref_=sr_t_466,1993,,,6.7,40
467. Crazy Hong Kong,https://www.imdb.com/title/tt0107102/?ref_=sr_t_467,1993,1h 31m,Not Rated,4.3,673
468. Ultimate Desire,https://www.imdb.com/title/tt0106706/?ref_=sr_t_468,1993,1h 34m,R,4.2,203
469. Thiruda Thiruda,https://www.imdb.com/title/tt0108329/?ref_=sr_t_469,1993,2h 20m,Not Rated,7.1,1.5K
470. La estrategia del caracol,https://www.imdb.com/title/tt0109747/?ref_=sr_t_470,1993,1h 56m,,7.7,2.9K
471. The Flesh Merchant,https://www.imdb.com/title/tt0124579/?ref_=sr_t_471,1993,1h 40m,R,4.5,156
472. Bikini Squad,https://www.imdb.com/title/tt0106413/?ref_=sr_t_472,1993,1h 28m,Unrated,3.5,368
473. Little Miss Millions,https://www.imdb.com/title/tt0107427/?ref_=sr_t_473,1993,1h 30m,PG,5.2,425
474. Watch It,https://www.imdb.com/title/tt0108521/?ref_=sr_t_474,1993,1h 42m,R,6.2,655
475. Daughter of Darkness,https://www.imdb.com/title/tt0107572/?ref_=sr_t_475,1993,1h 36m,,5.8,733
476. The Bikini Carwash Company II,https://www.imdb.com/title/tt0106412/?ref_=sr_t_476,1993,1h 29m,R,3.4,834
477. The Nostradamus Kid,https://www.imdb.com/title/tt0107702/?ref_=sr_t_477,1993,2h,R,5.7,290
478. Monolith,https://www.imdb.com/title/tt0107597/?ref_=sr_t_478,1993,1h 35m,R,4.5,1K
479. The Dark,https://www.imdb.com/title/tt0109551/?ref_=sr_t_479,1993,1h 27m,R,4.7,972
480. Love to Kill,https://www.imdb.com/title/tt0107713/?ref_=sr_t_480,1993,1h 27m,,6.0,206
481. The Mummy Lives,https://www.imdb.com/title/tt0107618/?ref_=sr_t_481,1993,1h 37m,PG-13,3.5,455
482. Hammers Over the Anvil,https://www.imdb.com/title/tt0101996/?ref_=sr_t_482,1993,1h 37m,Not Rated,5.6,659
483. Deadly Heroes,https://www.imdb.com/title/tt0116055/?ref_=sr_t_483,1993,1h 45m,R,3.6,471
484. Naked Instinct,https://www.imdb.com/title/tt0107654/?ref_=sr_t_484,1993,1h 30m,Unrated,4.7,122
485. The Bride with White Hair,https://www.imdb.com/title/tt0106342/?ref_=sr_t_485,1993,1h 32m,,6.8,3.9K
"486. The Myrna Diones Story (Lord, Have Mercy!)",https://www.imdb.com/title/tt1446196/?ref_=sr_t_486,1993,1h 58m,,6.7,16
487. The Mad Monk,https://www.imdb.com/title/tt0106538/?ref_=sr_t_487,1993,1h 29m,,6.2,2.3K
488. Don't Stop My Crazy Love for You,https://www.imdb.com/title/tt0106658/?ref_=sr_t_488,1993,1h 32m,,5.8,216
489. When Pigs Fly,https://www.imdb.com/title/tt0108554/?ref_=sr_t_489,1993,1h 34m,Not Rated,6.0,325
490. The Puppetmaster,https://www.imdb.com/title/tt0107157/?ref_=sr_t_490,1993,2h 22m,,7.1,2.1K
491. Roseanna,https://www.imdb.com/title/tt0107989/?ref_=sr_t_491,1993,1h 35m,,6.2,1.3K
492. The Harvest,https://www.imdb.com/title/tt0107084/?ref_=sr_t_492,1993,1h 37m,R,5.4,763
493. Conspiracy of Silence,https://www.imdb.com/title/tt8300048/?ref_=sr_t_493,1993,1h,,7.6,141
494. Parampara,https://www.imdb.com/title/tt0107777/?ref_=sr_t_494,1993,2h 35m,Not Rated,5.1,1.2K
495. Sunset Grill,https://www.imdb.com/title/tt0108253/?ref_=sr_t_495,1993,1h 45m,R,4.8,544
496. Divorce Law,https://www.imdb.com/title/tt0109637/?ref_=sr_t_496,1993,1h 23m,R,4.3,93
497. Divya Shakti,https://www.imdb.com/title/tt0337613/?ref_=sr_t_497,1993,3h,,4.4,274
498. Waqt Hamara Hai,https://www.imdb.com/title/tt0290331/?ref_=sr_t_498,1993,2h 28m,Not Rated,5.9,1.7K
499. Time Runner,https://www.imdb.com/title/tt0108342/?ref_=sr_t_499,1993,1h 30m,R,4.1,1.2K
500. Hidden Obsession,https://www.imdb.com/title/tt0107110/?ref_=sr_t_500,1993,1h 32m,R,4.4,158
