Title,Movie Link,Year,Duration,MPA,Rating,Votes
1. Star Wars: Episode V - The Empire Strikes Back,https://www.imdb.com/title/tt0080684/?ref_=sr_t_1,1980,2h 4m,PG,8.7,1.4M
2. Superman II,https://www.imdb.com/title/tt0081573/?ref_=sr_t_2,1980,2h 7m,PG,6.8,117K
3. 9 to 5,https://www.imdb.com/title/tt0080319/?ref_=sr_t_3,1980,1h 49m,PG,6.9,41K
4. Stir Crazy,https://www.imdb.com/title/tt0081562/?ref_=sr_t_4,1980,1h 51m,R,6.7,31K
5. Airplane!,https://www.imdb.com/title/tt0080339/?ref_=sr_t_5,1980,1h 28m,PG,7.7,269K
6. Any Which Way You Can,https://www.imdb.com/title/tt0080377/?ref_=sr_t_6,1980,1h 56m,PG,6.1,21K
7. Private Benjamin,https://www.imdb.com/title/tt0081375/?ref_=sr_t_7,1980,1h 49m,R,6.2,29K
8. Coal Miner's Daughter,https://www.imdb.com/title/tt0080549/?ref_=sr_t_8,1980,2h 4m,PG,7.5,21K
9. Smokey and the Bandit II,https://www.imdb.com/title/tt0081529/?ref_=sr_t_9,1980,1h 40m,PG,5.3,18K
10. The Blue Lagoon,https://www.imdb.com/title/tt0080453/?ref_=sr_t_10,1980,1h 44m,R,5.8,79K
11. The Blues Brothers,https://www.imdb.com/title/tt0080455/?ref_=sr_t_11,1980,2h 13m,R,7.9,219K
12. Ordinary People,https://www.imdb.com/title/tt0081283/?ref_=sr_t_12,1980,2h 4m,R,7.7,58K
13. Popeye,https://www.imdb.com/title/tt0081353/?ref_=sr_t_13,1980,1h 54m,PG,5.4,36K
14. Urban Cowboy,https://www.imdb.com/title/tt0081696/?ref_=sr_t_14,1980,2h 12m,PG,6.5,17K
15. The Shining,https://www.imdb.com/title/tt0081505/?ref_=sr_t_15,1980,2h 26m,R,8.4,1.1M
16. Seems Like Old Times,https://www.imdb.com/title/tt0081480/?ref_=sr_t_16,1980,1h 42m,PG,6.7,11K
17. Cheech and Chong's Next Movie,https://www.imdb.com/title/tt0080520/?ref_=sr_t_17,1980,1h 39m,R,6.0,15K
18. Caddyshack,https://www.imdb.com/title/tt0080487/?ref_=sr_t_18,1980,1h 38m,R,7.2,130K
19. Friday the 13th,https://www.imdb.com/title/tt0080761/?ref_=sr_t_19,1980,1h 35m,R,6.4,164K
20. Brubaker,https://www.imdb.com/title/tt0080474/?ref_=sr_t_20,1980,2h 11m,R,7.1,20K
21. Little Darlings,https://www.imdb.com/title/tt0081060/?ref_=sr_t_21,1980,1h 36m,R,6.5,6.9K
22. Dressed to Kill,https://www.imdb.com/title/tt0080661/?ref_=sr_t_22,1980,1h 44m,R,7.1,52K
23. The Gods Must Be Crazy,https://www.imdb.com/title/tt0080801/?ref_=sr_t_23,1980,1h 49m,PG,7.3,61K
24. The Jazz Singer,https://www.imdb.com/title/tt0080948/?ref_=sr_t_24,1980,1h 55m,PG,5.9,5.2K
25. Flash Gordon,https://www.imdb.com/title/tt0080745/?ref_=sr_t_25,1980,1h 51m,PG,6.5,63K
26. The Elephant Man,https://www.imdb.com/title/tt0080678/?ref_=sr_t_26,1980,2h 4m,PG,8.2,266K
27. Bronco Billy,https://www.imdb.com/title/tt0080472/?ref_=sr_t_27,1980,1h 56m,PG,6.2,13K
28. Raging Bull,https://www.imdb.com/title/tt0081398/?ref_=sr_t_28,1980,2h 9m,R,8.1,390K
29. Xanadu,https://www.imdb.com/title/tt0081777/?ref_=sr_t_29,1980,1h 36m,PG,5.4,16K
30. American Gigolo,https://www.imdb.com/title/tt0080365/?ref_=sr_t_30,1980,1h 57m,R,6.3,30K
31. My Bodyguard,https://www.imdb.com/title/tt0081207/?ref_=sr_t_31,1980,1h 42m,PG,7.1,11K
32. The Fog,https://www.imdb.com/title/tt0080749/?ref_=sr_t_32,1980,1h 29m,R,6.8,86K
33. Fame,https://www.imdb.com/title/tt0080716/?ref_=sr_t_33,1980,2h 14m,R,6.6,25K
34. Altered States,https://www.imdb.com/title/tt0080360/?ref_=sr_t_34,1980,1h 42m,R,6.9,40K
35. Cruising,https://www.imdb.com/title/tt0080569/?ref_=sr_t_35,1980,1h 42m,R,6.5,29K
36. The Octagon,https://www.imdb.com/title/tt0081259/?ref_=sr_t_36,1980,1h 43m,R,5.1,6.4K
37. Herbie Goes Bananas,https://www.imdb.com/title/tt0080861/?ref_=sr_t_37,1980,1h 40m,G,4.9,6.4K
38. Honeysuckle Rose,https://www.imdb.com/title/tt0080888/?ref_=sr_t_38,1980,1h 59m,PG,6.3,1.9K
39. Rough Cut,https://www.imdb.com/title/tt0081439/?ref_=sr_t_39,1980,1h 52m,PG,5.7,1.6K
40. The Final Countdown,https://www.imdb.com/title/tt0080736/?ref_=sr_t_40,1980,1h 43m,PG,6.7,28K
41. The Hunter,https://www.imdb.com/title/tt0080907/?ref_=sr_t_41,1980,1h 37m,PG,6.2,7.3K
42. Hero at Large,https://www.imdb.com/title/tt0080863/?ref_=sr_t_42,1980,1h 38m,PG,5.9,2K
43. The Long Riders,https://www.imdb.com/title/tt0081071/?ref_=sr_t_43,1980,1h 40m,R,6.9,14K
44. The Island,https://www.imdb.com/title/tt0080934/?ref_=sr_t_44,1980,1h 54m,R,5.3,4.9K
45. First Family,https://www.imdb.com/title/tt0080739/?ref_=sr_t_45,1980,1h 37m,R,4.3,744
46. Prom Night,https://www.imdb.com/title/tt0081383/?ref_=sr_t_46,1980,1h 32m,R,5.3,22K
47. The Nude Bomb,https://www.imdb.com/title/tt0081249/?ref_=sr_t_47,1980,1h 34m,PG,5.1,3.6K
"48. Oh, God! Book II",https://www.imdb.com/title/tt0081268/?ref_=sr_t_48,1980,1h 34m,PG,5.3,2.6K
49. The Competition,https://www.imdb.com/title/tt0080556/?ref_=sr_t_49,1980,2h 3m,PG,6.6,3K
50. Wholly Moses!,https://www.imdb.com/title/tt0081751/?ref_=sr_t_50,1980,1h 43m,PG,4.7,2.3K
51. The Last Married Couple in America,https://www.imdb.com/title/tt0081032/?ref_=sr_t_51,1980,1h 43m,R,5.3,756
52. Atlantic City,https://www.imdb.com/title/tt0080388/?ref_=sr_t_52,1980,1h 44m,R,7.3,19K
53. Used Cars,https://www.imdb.com/title/tt0081698/?ref_=sr_t_53,1980,1h 53m,R,6.7,17K
54. The Mirror Crack'd,https://www.imdb.com/title/tt0081163/?ref_=sr_t_54,1980,1h 45m,PG,6.2,10K
55. The Last Flight of Noah's Ark,https://www.imdb.com/title/tt0081031/?ref_=sr_t_55,1980,1h 37m,G,5.7,1.6K
56. The Fiendish Plot of Dr. Fu Manchu,https://www.imdb.com/title/tt0080731/?ref_=sr_t_56,1980,1h 40m,PG,4.9,2.4K
57. Stardust Memories,https://www.imdb.com/title/tt0081554/?ref_=sr_t_57,1980,1h 29m,PG,7.2,24K
58. The Hollywood Knights,https://www.imdb.com/title/tt0080881/?ref_=sr_t_58,1980,1h 31m,R,6.2,5.4K
59. Serial,https://www.imdb.com/title/tt0081485/?ref_=sr_t_59,1980,1h 26m,R,6.5,1.2K
60. Somewhere in Time,https://www.imdb.com/title/tt0081534/?ref_=sr_t_60,1980,1h 43m,PG,7.2,34K
61. Saturn 3,https://www.imdb.com/title/tt0079285/?ref_=sr_t_61,1980,1h 28m,R,5.1,11K
62. Tribute,https://www.imdb.com/title/tt0081656/?ref_=sr_t_62,1980,2h 1m,PG,6.2,857
63. The Formula,https://www.imdb.com/title/tt0080754/?ref_=sr_t_63,1980,1h 57m,R,5.6,3K
64. Battle Creek Brawl,https://www.imdb.com/title/tt0080436/?ref_=sr_t_64,1980,1h 35m,R,5.7,6K
65. The Awakening,https://www.imdb.com/title/tt0080402/?ref_=sr_t_65,1980,1h 41m,R,4.9,3K
66. Fatso,https://www.imdb.com/title/tt0080724/?ref_=sr_t_66,1980,1h 33m,PG,6.2,2.5K
67. How to Beat the High Cost of Living,https://www.imdb.com/title/tt0080895/?ref_=sr_t_67,1980,1h 45m,PG,6.0,2.1K
68. How to Become a Detective,https://www.imdb.com/title/tt10192656/?ref_=sr_t_68,1980,,,,
69. Foxes,https://www.imdb.com/title/tt0080756/?ref_=sr_t_69,1980,1h 46m,R,6.1,5.2K
70. The Big Red One,https://www.imdb.com/title/tt0080437/?ref_=sr_t_70,1980,1h 53m,R,7.1,22K
71. The Stunt Man,https://www.imdb.com/title/tt0081568/?ref_=sr_t_71,1980,2h 11m,R,7.0,11K
72. La Cage aux Folles II,https://www.imdb.com/title/tt0080489/?ref_=sr_t_72,1980,1h 42m,R,5.8,2.3K
73. Where the Buffalo Roam,https://www.imdb.com/title/tt0081748/?ref_=sr_t_73,1980,1h 39m,R,6.5,13K
74. The Gong Show Movie,https://www.imdb.com/title/tt0080808/?ref_=sr_t_74,1980,1h 29m,R,4.4,950
75. Motel Hell,https://www.imdb.com/title/tt0081184/?ref_=sr_t_75,1980,1h 41m,R,6.0,14K
76. Little Miss Marker,https://www.imdb.com/title/tt0081063/?ref_=sr_t_76,1980,1h 43m,PG,6.3,1.8K
77. Oh Heavenly Dog,https://www.imdb.com/title/tt0081269/?ref_=sr_t_77,1980,1h 43m,PG,5.4,2.8K
78. The Dogs of War,https://www.imdb.com/title/tt0080641/?ref_=sr_t_78,1980,1h 42m,R,6.3,10K
79. Divine Madness,https://www.imdb.com/title/tt0080634/?ref_=sr_t_79,1980,1h 35m,R,6.9,972
80. In God We Trust (or Gimme That Prime Time Religion),https://www.imdb.com/title/tt0080917/?ref_=sr_t_80,1980,1h 37m,PG,5.4,1.3K
81. The Watcher in the Woods,https://www.imdb.com/title/tt0081738/?ref_=sr_t_81,1980,1h 24m,PG,6.1,7.4K
82. He Knows You're Alone,https://www.imdb.com/title/tt0080850/?ref_=sr_t_82,1980,1h 34m,R,5.0,4.4K
83. Coast to Coast,https://www.imdb.com/title/tt0080550/?ref_=sr_t_83,1980,1h 35m,PG,5.1,491
84. Willie & Phil,https://www.imdb.com/title/tt0081758/?ref_=sr_t_84,1980,1h 55m,R,5.9,552
85. Melvin and Howard,https://www.imdb.com/title/tt0081150/?ref_=sr_t_85,1980,1h 35m,R,6.8,5.5K
86. Roadie,https://www.imdb.com/title/tt0081433/?ref_=sr_t_86,1980,1h 46m,PG,5.3,1.5K
87. Gloria,https://www.imdb.com/title/tt0080798/?ref_=sr_t_87,1980,2h 3m,PG,7.1,12K
88. Kagemusha: The Shadow Warrior,https://www.imdb.com/title/tt0080979/?ref_=sr_t_88,1980,2h 42m,PG,7.9,39K
89. Resurrection,https://www.imdb.com/title/tt0081414/?ref_=sr_t_89,1980,1h 43m,PG,7.1,3.5K
90. Hide in Plain Sight,https://www.imdb.com/title/tt0080868/?ref_=sr_t_90,1980,1h 32m,PG,6.4,1.1K
91. When Time Ran Out...,https://www.imdb.com/title/tt0081747/?ref_=sr_t_91,1980,2h 1m,PG,4.6,3.3K
92. Heaven's Gate,https://www.imdb.com/title/tt0080855/?ref_=sr_t_92,1980,3h 39m,R,6.7,18K
93. The Last Metro,https://www.imdb.com/title/tt0080610/?ref_=sr_t_93,1980,2h 12m,PG,7.3,16K
94. North Sea Hijack,https://www.imdb.com/title/tt0081809/?ref_=sr_t_94,1980,1h 35m,PG,6.3,6K
95. Midnight Madness,https://www.imdb.com/title/tt0081159/?ref_=sr_t_95,1980,1h 52m,PG,6.3,4K
96. Loving Couples,https://www.imdb.com/title/tt0081080/?ref_=sr_t_96,1980,1h 37m,PG,5.1,562
97. The Idolmaker,https://www.imdb.com/title/tt0080913/?ref_=sr_t_97,1980,1h 57m,PG,6.9,1.6K
98. The Black Marble,https://www.imdb.com/title/tt0080442/?ref_=sr_t_98,1980,1h 53m,PG,6.2,934
99. Gilda Live,https://www.imdb.com/title/tt0080790/?ref_=sr_t_99,1980,1h 36m,R,6.9,913
100. Windows,https://www.imdb.com/title/tt0081759/?ref_=sr_t_100,1980,1h 36m,R,4.8,994
101. Just Tell Me What You Want,https://www.imdb.com/title/tt0080975/?ref_=sr_t_101,1980,1h 52m,R,5.4,771
"102. Bon Voyage, Charlie Brown (and Don't Come Back!!)",https://www.imdb.com/title/tt0080461/?ref_=sr_t_102,1980,1h 15m,G,7.1,3.6K
103. Carny,https://www.imdb.com/title/tt0080500/?ref_=sr_t_103,1980,1h 47m,R,6.4,2.6K
104. Why Would I Lie?,https://www.imdb.com/title/tt0081753/?ref_=sr_t_104,1980,1h 45m,PG,5.9,314
105. Nijinsky,https://www.imdb.com/title/tt0081235/?ref_=sr_t_105,1980,2h 9m,R,6.6,857
106. Heart Beat,https://www.imdb.com/title/tt0080854/?ref_=sr_t_106,1980,1h 50m,R,5.7,757
107. One-Trick Pony,https://www.imdb.com/title/tt0081280/?ref_=sr_t_107,1980,1h 38m,R,6.0,799
"108. Those Lips, Those Eyes",https://www.imdb.com/title/tt0081625/?ref_=sr_t_108,1980,1h 45m,R,6.4,337
109. A Small Circle of Friends,https://www.imdb.com/title/tt0081528/?ref_=sr_t_109,1980,1h 53m,R,5.9,520
110. Sunday Lovers,https://www.imdb.com/title/tt0081591/?ref_=sr_t_110,1980,2h 5m,R,5.5,445
111. Cattle Annie and Little Britches,https://www.imdb.com/title/tt0082145/?ref_=sr_t_111,1980,1h 37m,PG,6.1,1K
112. Leo and Loree,https://www.imdb.com/title/tt0081044/?ref_=sr_t_112,1980,1h 37m,PG,4.9,77
113. The Sea Wolves,https://www.imdb.com/title/tt0081470/?ref_=sr_t_113,1980,2h,PG,6.3,5.5K
114. Babylon,https://www.imdb.com/title/tt0080406/?ref_=sr_t_114,1980,1h 35m,,7.3,2K
115. Phobia,https://www.imdb.com/title/tt0081334/?ref_=sr_t_115,1980,1h 31m,R,4.3,898
116. Every Man for Himself,https://www.imdb.com/title/tt0079854/?ref_=sr_t_116,1980,1h 27m,Not Rated,6.5,4.1K
117. The King and the Mockingbird,https://www.imdb.com/title/tt0079820/?ref_=sr_t_117,1980,1h 23m,Not Rated,7.7,5.7K
118. Second-Hand Hearts,https://www.imdb.com/title/tt0083041/?ref_=sr_t_118,1980,1h 42m,PG,4.5,247
119. City of Women,https://www.imdb.com/title/tt0080539/?ref_=sr_t_119,1980,2h 19m,R,6.9,8.4K
120. Gregory's Girl,https://www.imdb.com/title/tt0082477/?ref_=sr_t_120,1980,1h 31m,PG,7.1,9.7K
121. Breaking Glass,https://www.imdb.com/title/tt0080469/?ref_=sr_t_121,1980,1h 44m,PG,6.8,1.6K
122. Cannibal Holocaust,https://www.imdb.com/title/tt0078935/?ref_=sr_t_122,1980,1h 35m,Unrated,5.8,63K
123. Christmas Evil,https://www.imdb.com/title/tt0081793/?ref_=sr_t_123,1980,1h 40m,R,5.5,9.1K
124. Alligator,https://www.imdb.com/title/tt0080354/?ref_=sr_t_124,1980,1h 31m,R,6.1,17K
125. The Long Good Friday,https://www.imdb.com/title/tt0081070/?ref_=sr_t_125,1980,1h 54m,R,7.5,27K
126. Tender Cousins,https://www.imdb.com/title/tt0081614/?ref_=sr_t_126,1980,1h 30m,R,5.4,2.3K
127. To All a Goodnight,https://www.imdb.com/title/tt0086449/?ref_=sr_t_127,1980,1h 27m,R,4.6,2.5K
128. Humanoids from the Deep,https://www.imdb.com/title/tt0080904/?ref_=sr_t_128,1980,1h 20m,R,5.7,11K
129. Without Warning,https://www.imdb.com/title/tt0081764/?ref_=sr_t_129,1980,1h 29m,R,5.1,5.1K
130. The Party,https://www.imdb.com/title/tt0082100/?ref_=sr_t_130,1980,1h 40m,PG,6.7,11K
131. The Changeling,https://www.imdb.com/title/tt0080516/?ref_=sr_t_131,1980,1h 47m,R,7.1,42K
132. Out of the Blue,https://www.imdb.com/title/tt0081291/?ref_=sr_t_132,1980,1h 34m,R,7.2,4.3K
133. Battle Beyond the Stars,https://www.imdb.com/title/tt0080421/?ref_=sr_t_133,1980,1h 44m,PG,5.5,11K
134. The Mountain Men,https://www.imdb.com/title/tt0081187/?ref_=sr_t_134,1980,1h 42m,R,6.3,2.8K
135. Eaten Alive!,https://www.imdb.com/title/tt0081112/?ref_=sr_t_135,1980,1h 32m,Not Rated,5.1,4.8K
136. Maniac,https://www.imdb.com/title/tt0081114/?ref_=sr_t_136,1980,1h 27m,R,6.3,21K
137. Sällskapsresan eller Finns det svenskt kaffe på grisfesten,https://www.imdb.com/title/tt0081590/?ref_=sr_t_137,1980,1h 47m,,7.2,9.4K
138. The Rascals,https://www.imdb.com/title/tt0083239/?ref_=sr_t_138,1980,1h 35m,R,6.0,180
139. Terror Train,https://www.imdb.com/title/tt0081617/?ref_=sr_t_139,1980,1h 37m,R,5.8,14K
140. Lion of the Desert,https://www.imdb.com/title/tt0081059/?ref_=sr_t_140,1980,2h 53m,PG,8.2,18K
"141. Emanuelle, Queen of Sados",https://www.imdb.com/title/tt0079104/?ref_=sr_t_141,1980,1h 31m,X,4.4,810
142. New Year's Evil,https://www.imdb.com/title/tt0082806/?ref_=sr_t_142,1980,1h 25m,R,4.9,4.1K
143. Breaker Morant,https://www.imdb.com/title/tt0080310/?ref_=sr_t_143,1980,1h 47m,PG,7.8,15K
144. Pixote,https://www.imdb.com/title/tt0082912/?ref_=sr_t_144,1980,2h 8m,TV-MA,7.9,9.7K
145. Spetters,https://www.imdb.com/title/tt0081547/?ref_=sr_t_145,1980,2h,R,6.6,6K
146. Inferno,https://www.imdb.com/title/tt0080923/?ref_=sr_t_146,1980,1h 46m,R,6.5,25K
147. Virus,https://www.imdb.com/title/tt0080768/?ref_=sr_t_147,1980,1h 48m,PG,6.2,3.2K
148. The Taming of the Scoundrel,https://www.imdb.com/title/tt0080439/?ref_=sr_t_148,1980,1h 47m,,7.6,10K
149. City of the Living Dead,https://www.imdb.com/title/tt0081318/?ref_=sr_t_149,1980,1h 33m,Not Rated,6.2,20K
150. Funeral Home,https://www.imdb.com/title/tt0083976/?ref_=sr_t_150,1980,1h 33m,R,5.1,1.9K
151. George and Mildred,https://www.imdb.com/title/tt0138464/?ref_=sr_t_151,1980,1h 33m,,5.9,816
152. Hell of the Living Dead,https://www.imdb.com/title/tt0082559/?ref_=sr_t_152,1980,1h 39m,Unrated,4.9,6.2K
153. Bad Timing: A Sensual Obsession,https://www.imdb.com/title/tt0080408/?ref_=sr_t_153,1980,2h 3m,R,6.9,9.9K
154. Fade to Black,https://www.imdb.com/title/tt0080711/?ref_=sr_t_154,1980,1h 42m,R,6.1,5.3K
155. The Seven Kittens,https://www.imdb.com/title/tt0140543/?ref_=sr_t_155,1980,1h 49m,,5.8,578
156. The Night of the Hunted,https://www.imdb.com/title/tt0081250/?ref_=sr_t_156,1980,1h 32m,Not Rated,5.5,2.2K
157. Galaxina,https://www.imdb.com/title/tt0080771/?ref_=sr_t_157,1980,1h 35m,R,3.7,3.5K
158. Antropophagus,https://www.imdb.com/title/tt0082479/?ref_=sr_t_158,1980,1h 32m,R,5.3,7.2K
159. Hopscotch,https://www.imdb.com/title/tt0080889/?ref_=sr_t_159,1980,1h 46m,R,7.1,9.3K
160. House on the Edge of the Park,https://www.imdb.com/title/tt0080503/?ref_=sr_t_160,1980,1h 31m,,5.7,6.1K
161. Up the Academy,https://www.imdb.com/title/tt0081695/?ref_=sr_t_161,1980,1h 27m,R,4.7,1.9K
162. Shogun Assassin,https://www.imdb.com/title/tt0081506/?ref_=sr_t_162,1980,1h 25m,R,7.3,12K
163. Super Fuzz,https://www.imdb.com/title/tt0082924/?ref_=sr_t_163,1980,1h 37m,PG,6.3,8.5K
164. The Exterminator,https://www.imdb.com/title/tt0080707/?ref_=sr_t_164,1980,1h 44m,R,5.7,6.8K
165. The Apple,https://www.imdb.com/title/tt0080380/?ref_=sr_t_165,1980,1h 30m,PG,4.3,2.8K
166. Raise the Titanic,https://www.imdb.com/title/tt0081400/?ref_=sr_t_166,1980,1h 55m,PG,5.2,5.7K
167. Secrets of a French Maid,https://www.imdb.com/title/tt0079624/?ref_=sr_t_167,1980,1h 28m,Not Rated,4.8,431
168. Schoolgirl Report Vol. 13: Don't Forget Love During Sex,https://www.imdb.com/title/tt0081461/?ref_=sr_t_168,1980,1h 26m,R,4.2,254
169. Forbidden Zone,https://www.imdb.com/title/tt0080752/?ref_=sr_t_169,1980,1h 14m,R,6.5,5.6K
170. The True Story of the Nun of Monza,https://www.imdb.com/title/tt0081706/?ref_=sr_t_170,1980,1h 33m,,4.8,406
171. Times Square,https://www.imdb.com/title/tt0081635/?ref_=sr_t_171,1980,1h 51m,R,6.6,2.1K
172. Hawk the Slayer,https://www.imdb.com/title/tt0080846/?ref_=sr_t_172,1980,1h 30m,PG,5.3,4.2K
173. Can't Stop the Music,https://www.imdb.com/title/tt0080492/?ref_=sr_t_173,1980,2h 4m,PG,4.3,4.6K
174. The Ninth Configuration,https://www.imdb.com/title/tt0081237/?ref_=sr_t_174,1980,1h 58m,R,6.8,9.3K
175. Zombie Holocaust,https://www.imdb.com/title/tt0079788/?ref_=sr_t_175,1980,1h 24m,R,5.2,6.1K
176. Tom Horn,https://www.imdb.com/title/tt0080031/?ref_=sr_t_176,1980,1h 38m,R,6.8,6.1K
177. Bare Behind Bars,https://www.imdb.com/title/tt0171089/?ref_=sr_t_177,1980,1h 27m,X,4.3,988
178. Moscow Does Not Believe in Tears,https://www.imdb.com/title/tt0079579/?ref_=sr_t_178,1980,2h 30m,PG,8.0,15K
179. Death Ship,https://www.imdb.com/title/tt0080603/?ref_=sr_t_179,1980,1h 31m,R,4.8,6K
180. Mother's Day,https://www.imdb.com/title/tt0081186/?ref_=sr_t_180,1980,1h 31m,Unrated,5.3,6.5K
181. Inside Moves,https://www.imdb.com/title/tt0080928/?ref_=sr_t_181,1980,1h 53m,PG,7.0,2.4K
182. Sweet Hot Lisa,https://www.imdb.com/title/tt0080642/?ref_=sr_t_182,1980,1h 24m,,4.5,181
183. Cannibals in the Streets,https://www.imdb.com/title/tt0080379/?ref_=sr_t_183,1980,1h 36m,R,5.5,4.5K
184. Nightmare City,https://www.imdb.com/title/tt0080931/?ref_=sr_t_184,1980,1h 28m,R,5.6,6.9K
185. Who's Singin' Over There?,https://www.imdb.com/title/tt0076276/?ref_=sr_t_185,1980,1h 26m,,8.7,17K
186. The Young Master,https://www.imdb.com/title/tt0081499/?ref_=sr_t_186,1980,1h 45m,PG-13,7.0,8.5K
187. Children's Island,https://www.imdb.com/title/tt0080419/?ref_=sr_t_187,1980,1h 49m,Not Rated,6.4,970
188. Caged Women,https://www.imdb.com/title/tt0079197/?ref_=sr_t_188,1980,1h 20m,Not Rated,4.6,609
189. Don't Answer the Phone!,https://www.imdb.com/title/tt0080645/?ref_=sr_t_189,1980,1h 34m,R,4.8,2.2K
190. Gorp,https://www.imdb.com/title/tt0080809/?ref_=sr_t_190,1980,1h 30m,R,3.5,796
191. Hangar 18,https://www.imdb.com/title/tt0080836/?ref_=sr_t_191,1980,1h 37m,PG,5.3,3.1K
192. Permanent Vacation,https://www.imdb.com/title/tt0084488/?ref_=sr_t_192,1980,1h 15m,Not Rated,6.1,11K
193. The Children,https://www.imdb.com/title/tt0080527/?ref_=sr_t_193,1980,1h 33m,R,5.4,3K
194. Schizoid,https://www.imdb.com/title/tt0081459/?ref_=sr_t_194,1980,1h 29m,R,5.1,2.1K
195. The Private Eyes,https://www.imdb.com/title/tt0081376/?ref_=sr_t_195,1980,1h 31m,PG,6.5,3.7K
196. The Secret Life of Nikola Tesla,https://www.imdb.com/title/tt0079985/?ref_=sr_t_196,1980,1h 55m,,7.2,1.5K
197. The Man with Bogart's Face,https://www.imdb.com/title/tt0081110/?ref_=sr_t_197,1980,1h 46m,PG,6.2,690
198. Blood Beach,https://www.imdb.com/title/tt0082083/?ref_=sr_t_198,1980,1h 32m,R,4.5,3K
199. High Test Girls,https://www.imdb.com/title/tt0081471/?ref_=sr_t_199,1980,1h 15m,X,4.4,459
200. Night of the Demon,https://www.imdb.com/title/tt0081229/?ref_=sr_t_200,1980,1h 36m,Not Rated,4.7,2.7K
201. The Boogey Man,https://www.imdb.com/title/tt0080464/?ref_=sr_t_201,1980,1h 22m,R,4.7,5.4K
202. Contamination,https://www.imdb.com/title/tt0082000/?ref_=sr_t_202,1980,1h 35m,R,5.1,5.5K
203. A Change of Seasons,https://www.imdb.com/title/tt0080515/?ref_=sr_t_203,1980,1h 42m,R,5.2,1.2K
204. Alien 2: On Earth,https://www.imdb.com/title/tt0078749/?ref_=sr_t_204,1980,1h 32m,R,3.7,1.8K
205. Goodbye Dear Mom,https://www.imdb.com/title/tt0080333/?ref_=sr_t_205,1980,1h 16m,,5.5,64
206. Vicious and Nude,https://www.imdb.com/title/tt0081715/?ref_=sr_t_206,1980,1h 35m,,4.4,159
207. Harlequin,https://www.imdb.com/title/tt0080842/?ref_=sr_t_207,1980,1h 35m,PG,6.1,1.8K
208. Hussy,https://www.imdb.com/title/tt0080908/?ref_=sr_t_208,1980,1h 35m,R,5.1,680
209. Girls Will Be Girls,https://www.imdb.com/title/tt0082455/?ref_=sr_t_209,1980,1h 26m,,4.4,144
210. Milka: Elokuva tabuista,https://www.imdb.com/title/tt0081160/?ref_=sr_t_210,1980,1h 50m,,5.9,412
"211. Ta gueule, je t'aime!",https://www.imdb.com/title/tt2956046/?ref_=sr_t_211,1980,1h 20m,,5.0,64
212. Death Watch,https://www.imdb.com/title/tt0081182/?ref_=sr_t_212,1980,1h 57m,R,6.6,3.6K
213. The First Deadly Sin,https://www.imdb.com/title/tt0080738/?ref_=sr_t_213,1980,1h 52m,R,5.9,2.3K
214. The Great Rock 'n' Roll Swindle,https://www.imdb.com/title/tt0080813/?ref_=sr_t_214,1980,1h 43m,TV-MA,6.4,2.5K
215. La moglie in vacanza... l'amante in città,https://www.imdb.com/title/tt0081170/?ref_=sr_t_215,1980,1h 30m,,5.7,502
216. Golem,https://www.imdb.com/title/tt0080806/?ref_=sr_t_216,1980,1h 32m,,6.6,1.1K
217. Erotic Nights of the Living Dead,https://www.imdb.com/title/tt0079642/?ref_=sr_t_217,1980,1h 28m,Unrated,4.2,1.5K
218. Tanya's Island,https://www.imdb.com/title/tt0083168/?ref_=sr_t_218,1980,1h 22m,R,4.0,462
219. Blow Job,https://www.imdb.com/title/tt0080450/?ref_=sr_t_219,1980,1h 18m,,5.1,193
220. Game of Death II,https://www.imdb.com/title/tt0076709/?ref_=sr_t_220,1980,1h 36m,R,5.1,3.7K
221. Devil Hunter,https://www.imdb.com/title/tt0080486/?ref_=sr_t_221,1980,1h 42m,Not Rated,3.5,1.7K
222. It's My Turn,https://www.imdb.com/title/tt0080936/?ref_=sr_t_222,1980,1h 31m,R,5.5,1.2K
223. Borderline,https://www.imdb.com/title/tt0080465/?ref_=sr_t_223,1980,1h 37m,PG,6.0,2.5K
224. McVicar,https://www.imdb.com/title/tt0081144/?ref_=sr_t_224,1980,1h 52m,R,6.7,2.4K
225. The Baltimore Bullet,https://www.imdb.com/title/tt0080412/?ref_=sr_t_225,1980,1h 43m,PG,5.9,606
226. The Earthling,https://www.imdb.com/title/tt0080671/?ref_=sr_t_226,1980,1h 37m,PG,6.8,1.9K
227. The Agency,https://www.imdb.com/title/tt0081989/?ref_=sr_t_227,1980,1h 34m,R,4.8,625
228. Wicked Memoirs of Eugenie,https://www.imdb.com/title/tt0082345/?ref_=sr_t_228,1980,1h 36m,,5.2,237
229. Scared to Death,https://www.imdb.com/title/tt0081457/?ref_=sr_t_229,1980,1h 36m,R,4.2,1.2K
"230. Pepi, Luci, Bom and Other Girls Like Mom",https://www.imdb.com/title/tt0081323/?ref_=sr_t_230,1980,1h 22m,Not Rated,6.1,6.1K
231. Animalympics,https://www.imdb.com/title/tt0078780/?ref_=sr_t_231,1980,1h 18m,Not Rated,6.8,2.4K
232. Two Female Spies with Flowered Panties,https://www.imdb.com/title/tt0078053/?ref_=sr_t_232,1980,1h 36m,,4.5,366
233. The Happy Hooker Goes Hollywood,https://www.imdb.com/title/tt0080839/?ref_=sr_t_233,1980,1h 28m,R,3.9,1.3K
234. Escape from Hell,https://www.imdb.com/title/tt0079115/?ref_=sr_t_234,1980,1h 33m,,4.7,674
235. Night Games,https://www.imdb.com/title/tt0081228/?ref_=sr_t_235,1980,1h 40m,R,4.8,364
236. The Unseen,https://www.imdb.com/title/tt0083261/?ref_=sr_t_236,1980,1h 29m,R,5.2,2.4K
237. Madness,https://www.imdb.com/title/tt0080075/?ref_=sr_t_237,1980,1h 29m,Not Rated,5.4,678
238. Taxi to the Toilet,https://www.imdb.com/title/tt0081606/?ref_=sr_t_238,1980,1h 38m,Not Rated,6.5,1.8K
239. Encounter of the Spooky Kind,https://www.imdb.com/title/tt0080827/?ref_=sr_t_239,1980,1h 42m,R,7.0,3K
240. Nothing Personal,https://www.imdb.com/title/tt0081246/?ref_=sr_t_240,1980,1h 37m,PG,4.5,402
241. Macabre,https://www.imdb.com/title/tt0080764/?ref_=sr_t_241,1980,1h 29m,Unrated,5.8,3.2K
242. The Return,https://www.imdb.com/title/tt0081421/?ref_=sr_t_242,1980,1h 31m,Not Rated,3.8,918
243. The Garden of Eden,https://www.imdb.com/title/tt0082450/?ref_=sr_t_243,1980,1h 48m,,6.0,106
244. Hardly Working,https://www.imdb.com/title/tt0082501/?ref_=sr_t_244,1980,1h 31m,PG,4.7,968
245. Giselle,https://www.imdb.com/title/tt0085596/?ref_=sr_t_245,1980,1h 30m,R,4.7,264
246. Shaan,https://www.imdb.com/title/tt0081491/?ref_=sr_t_246,1980,3h 1m,Not Rated,7.0,3.2K
247. The Hearse,https://www.imdb.com/title/tt0080853/?ref_=sr_t_247,1980,1h 39m,PG,4.9,2.5K
248. Windwalker,https://www.imdb.com/title/tt0081760/?ref_=sr_t_248,1980,1h 48m,PG,6.8,1.3K
249. Girl with the Golden Panties,https://www.imdb.com/title/tt0079586/?ref_=sr_t_249,1980,1h 45m,,5.4,282
250. The Miser,https://www.imdb.com/title/tt0078813/?ref_=sr_t_250,1980,2h 5m,,6.6,5.3K
251. The Under-Gifted,https://www.imdb.com/title/tt0081541/?ref_=sr_t_251,1980,1h 32m,,6.5,4.4K
252. Rising Damp,https://www.imdb.com/title/tt0081431/?ref_=sr_t_252,1980,1h 38m,,6.3,1.2K
253. Bin Maa Ke Bachche,https://www.imdb.com/title/tt0156364/?ref_=sr_t_253,1980,2h 11m,,7.3,63
254. Contraband,https://www.imdb.com/title/tt0081081/?ref_=sr_t_254,1980,1h 37m,Unrated,6.5,2.3K
255. Defiance,https://www.imdb.com/title/tt0080605/?ref_=sr_t_255,1980,1h 43m,PG,6.1,1.5K
256. Desideria,https://www.imdb.com/title/tt0081724/?ref_=sr_t_256,1980,1h 44m,,4.4,280
257. Taboo: The Single and the LP,https://www.imdb.com/title/tt0128687/?ref_=sr_t_257,1980,53m,,7.3,240
258. The Traveling Companion,https://www.imdb.com/title/tt0080555/?ref_=sr_t_258,1980,1h 34m,,4.0,181
259. Below the Belt,https://www.imdb.com/title/tt0080427/?ref_=sr_t_259,1980,1h 31m,R,5.3,263
260. Ruckus,https://www.imdb.com/title/tt0084611/?ref_=sr_t_260,1980,1h 33m,PG,5.7,825
261. The Amorous Sisters,https://www.imdb.com/title/tt0080973/?ref_=sr_t_261,1982,1h 31m,,4.9,266
262. A Sweet Journey,https://www.imdb.com/title/tt0081729/?ref_=sr_t_262,1980,1h 38m,R,6.9,749
263. Qurbani,https://www.imdb.com/title/tt0246879/?ref_=sr_t_263,1980,2h 37m,Not Rated,7.1,991
264. Nightkill,https://www.imdb.com/title/tt0081232/?ref_=sr_t_264,1980,1h 37m,R,5.5,924
265. De witte,https://www.imdb.com/title/tt0081765/?ref_=sr_t_265,1980,1h 46m,,6.7,759
266. Foolin' Around,https://www.imdb.com/title/tt0080750/?ref_=sr_t_266,1980,1h 51m,PG,6.0,555
267. Night of the Juggler,https://www.imdb.com/title/tt0081230/?ref_=sr_t_267,1980,1h 41m,R,6.6,1.2K
268. Return to the 36th Chamber,https://www.imdb.com/title/tt0081494/?ref_=sr_t_268,1980,1h 39m,R,6.9,4.3K
269. La femme enfant,https://www.imdb.com/title/tt0083933/?ref_=sr_t_269,1980,1h 36m,,6.2,179
270. Gamera: Super Monster,https://www.imdb.com/title/tt0081675/?ref_=sr_t_270,1980,1h 32m,Not Rated,3.6,1.2K
271. Lulu,https://www.imdb.com/title/tt0081086/?ref_=sr_t_271,1980,1h 26m,,5.5,293
272. Patricia,https://www.imdb.com/title/tt0081315/?ref_=sr_t_272,1980,1h 41m,,4.1,183
273. The Touch,https://www.imdb.com/title/tt0079938/?ref_=sr_t_273,1980,2h 25m,,8.0,993
274. Meg of June Hill,https://www.imdb.com/title/tt0081099/?ref_=sr_t_274,1980,1h 22m,,6.4,1.7K
275. Return of the Secaucus Seven,https://www.imdb.com/title/tt0081420/?ref_=sr_t_275,1980,1h 44m,R,7.0,2.3K
276. White Cannibal Queen,https://www.imdb.com/title/tt0078936/?ref_=sr_t_276,1980,1h 30m,Not Rated,3.4,1.1K
277. A Tale of Africa,https://www.imdb.com/title/tt0081987/?ref_=sr_t_277,1980,2h,,4.9,176
278. Patrick Still Lives,https://www.imdb.com/title/tt0081314/?ref_=sr_t_278,1980,1h 32m,,5.5,1K
279. Beyond Evil,https://www.imdb.com/title/tt0080431/?ref_=sr_t_279,1980,1h 34m,R,4.2,1.1K
280. Fists of the White Lotus,https://www.imdb.com/title/tt0080905/?ref_=sr_t_280,1980,1h 35m,PG-13,7.1,2.2K
281. Three Men to Kill,https://www.imdb.com/title/tt0081658/?ref_=sr_t_281,1980,1h 33m,,6.3,2.2K
282. Pasión prohibida,https://www.imdb.com/title/tt0081309/?ref_=sr_t_282,1980,1h 27m,,3.9,134
283. Action,https://www.imdb.com/title/tt0078732/?ref_=sr_t_283,1980,2h 1m,,4.4,425
284. La zia di Monica,https://www.imdb.com/title/tt0154031/?ref_=sr_t_284,1980,1h 18m,,4.1,43
285. Sono fotogenico,https://www.imdb.com/title/tt0081536/?ref_=sr_t_285,1980,1h 54m,,6.1,562
286. Khubsoorat,https://www.imdb.com/title/tt0244585/?ref_=sr_t_286,1980,2h 6m,Not Rated,7.6,1.9K
287. O Convite ao Prazer,https://www.imdb.com/title/tt0189443/?ref_=sr_t_287,1980,1h 53m,,6.3,174
288. Cabo Blanco,https://www.imdb.com/title/tt0080485/?ref_=sr_t_288,1980,1h 27m,R,5.3,1.4K
"289. Zucchero, miele e peperoncino",https://www.imdb.com/title/tt0081807/?ref_=sr_t_289,1980,1h 50m,,5.7,489
290. Love Between the Raindrops,https://www.imdb.com/title/tt0077883/?ref_=sr_t_290,1980,2h 6m,,7.4,274
291. Double Negative,https://www.imdb.com/title/tt0080656/?ref_=sr_t_291,1980,1h 36m,,4.0,196
292. Goodbye Pork Pie,https://www.imdb.com/title/tt0082464/?ref_=sr_t_292,1980,1h 45m,R,6.8,1.3K
293. Chhutir Ghonta,https://www.imdb.com/title/tt4912834/?ref_=sr_t_293,1980,3h 33m,,8.9,657
294. Mieux vaut être riche et bien portant que fauché et mal foutu,https://www.imdb.com/title/tt0081745/?ref_=sr_t_294,1980,1h 30m,,3.1,176
295. The Pumaman,https://www.imdb.com/title/tt0081693/?ref_=sr_t_295,1980,1h 30m,,2.3,4.7K
296. Ariella,https://www.imdb.com/title/tt0241196/?ref_=sr_t_296,1980,1h 40m,,5.4,174
297. La tía Alejandra,https://www.imdb.com/title/tt0080054/?ref_=sr_t_297,1980,1h 38m,,7.0,494
298. Tusk,https://www.imdb.com/title/tt0078356/?ref_=sr_t_298,1980,1h 59m,Not Rated,4.8,601
299. Sverige åt svenskarna,https://www.imdb.com/title/tt0081579/?ref_=sr_t_299,1980,1h 51m,,3.8,165
300. Terror Express,https://www.imdb.com/title/tt0124899/?ref_=sr_t_300,1980,1h 24m,,5.0,597
301. The Wildcats of St. Trinian's,https://www.imdb.com/title/tt0081757/?ref_=sr_t_301,1980,1h 31m,,3.7,289
302. Le coeur à l'envers,https://www.imdb.com/title/tt0202300/?ref_=sr_t_302,1980,1h 30m,,5.7,82
303. Perro callejero,https://www.imdb.com/title/tt0288729/?ref_=sr_t_303,1980,2h,,7.1,192
304. The Mystery of Oberwald,https://www.imdb.com/title/tt0081165/?ref_=sr_t_304,1980,2h 9m,,6.2,1K
305. B.C. Rock,https://www.imdb.com/title/tt0187781/?ref_=sr_t_305,1980,1h 24m,R,5.9,723
306. The Comeback,https://www.imdb.com/title/tt0299690/?ref_=sr_t_306,1980,1h 18m,,6.6,238
307. Dostana,https://www.imdb.com/title/tt0080653/?ref_=sr_t_307,1980,2h 32m,Not Rated,6.4,1.2K
308. Satan's Slave,https://www.imdb.com/title/tt0281048/?ref_=sr_t_308,1980,1h 36m,R,5.6,1.1K
309. Erotic Family,https://www.imdb.com/title/tt0081709/?ref_=sr_t_309,1980,1h 47m,,5.3,56
310. The Godsend,https://www.imdb.com/title/tt0080802/?ref_=sr_t_310,1980,1h 33m,R,5.3,1.3K
311. L'insegnante al mare con tutta la classe,https://www.imdb.com/title/tt0079342/?ref_=sr_t_311,1980,1h 28m,,5.2,297
312. The Chain Reaction,https://www.imdb.com/title/tt0080513/?ref_=sr_t_312,1980,1h 32m,,5.4,1.2K
313. Touched by Love,https://www.imdb.com/title/tt0081646/?ref_=sr_t_313,1980,1h 35m,PG,6.6,539
314. Bye Bye Brazil,https://www.imdb.com/title/tt0080482/?ref_=sr_t_314,1980,1h 50m,R,7.4,2.1K
315. Silver Dream Racer,https://www.imdb.com/title/tt0081517/?ref_=sr_t_315,1980,1h 41m,PG,5.5,643
316. Sankarabharanam,https://www.imdb.com/title/tt0079889/?ref_=sr_t_316,1980,2h 23m,Not Rated,8.8,2.6K
317. My American Uncle,https://www.imdb.com/title/tt0081176/?ref_=sr_t_317,1980,2h 5m,PG,7.6,7K
318. Stage Fright,https://www.imdb.com/title/tt0081233/?ref_=sr_t_318,1980,1h 22m,,4.6,938
319. Egon Schiele: Excess and Punishment,https://www.imdb.com/title/tt0082311/?ref_=sr_t_319,1980,1h 35m,,5.9,485
320. Seytanin Kölesi,https://www.imdb.com/title/tt2198167/?ref_=sr_t_320,1980,,,4.3,43
321. The Burning Train,https://www.imdb.com/title/tt0158534/?ref_=sr_t_321,1980,2h 22m,,7.0,1.8K
322. The Last Hunter,https://www.imdb.com/title/tt0087594/?ref_=sr_t_322,1980,1h 35m,,5.9,1.1K
323. Simon,https://www.imdb.com/title/tt0081518/?ref_=sr_t_323,1980,1h 41m,PG,6.3,1.1K
324. Alexander the Great,https://www.imdb.com/title/tt0081148/?ref_=sr_t_324,1980,3h 30m,,7.5,1.2K
325. La terrazza,https://www.imdb.com/title/tt0081616/?ref_=sr_t_325,1980,2h 30m,,7.1,1.9K
326. Vámmentes házasság,https://www.imdb.com/title/tt0155296/?ref_=sr_t_326,1980,1h 41m,,6.2,73
327. Zigeunerweisen,https://www.imdb.com/title/tt0081662/?ref_=sr_t_327,1980,2h 24m,Not Rated,6.9,1.6K
328. The Attic,https://www.imdb.com/title/tt0078806/?ref_=sr_t_328,1980,1h 41m,PG,5.6,903
329. Do Aur Do Paanch,https://www.imdb.com/title/tt0080638/?ref_=sr_t_329,1980,2h 12m,Not Rated,6.8,1.1K
330. Erotic Symphony,https://www.imdb.com/title/tt0081519/?ref_=sr_t_330,1980,1h 31m,,4.6,429
331. The Umbrella Coup,https://www.imdb.com/title/tt0080565/?ref_=sr_t_331,1980,1h 38m,PG,6.6,3.3K
332. Middle Age Crazy,https://www.imdb.com/title/tt0081157/?ref_=sr_t_332,1980,1h 37m,R,5.5,398
333. The Porno Killers,https://www.imdb.com/title/tt0131542/?ref_=sr_t_333,1980,1h 22m,X,4.7,111
334. Lost Souls,https://www.imdb.com/title/tt0284964/?ref_=sr_t_334,1980,1h 30m,TV-MA,5.9,448
335. Pensieri morbosi,https://www.imdb.com/title/tt2414698/?ref_=sr_t_335,1980,1h 16m,,5.2,52
336. Aakrosh,https://www.imdb.com/title/tt0080322/?ref_=sr_t_336,1980,2h 24m,,7.9,1.2K
337. Under Siege,https://www.imdb.com/title/tt0080710/?ref_=sr_t_337,1980,1h 33m,TV-MA,5.7,229
338. The Alien Dead,https://www.imdb.com/title/tt0080346/?ref_=sr_t_338,1980,1h 14m,R,2.8,1.3K
339. Everything Happens to Me,https://www.imdb.com/title/tt0080530/?ref_=sr_t_339,1980,1h 42m,,5.8,3.2K
340. Flatfoot in Egypt,https://www.imdb.com/title/tt0079718/?ref_=sr_t_340,1980,1h 48m,,6.1,3.7K
341. The Beasts' Carnival,https://www.imdb.com/title/tt0080499/?ref_=sr_t_341,1980,1h 31m,Not Rated,5.7,509
342. Gehrayee,https://www.imdb.com/title/tt0259322/?ref_=sr_t_342,1980,2h 15m,,6.9,251
343. Twelve Months,https://www.imdb.com/title/tt0400900/?ref_=sr_t_343,1980,1h 5m,,7.3,451
344. Azgin Bakireler,https://www.imdb.com/title/tt0491906/?ref_=sr_t_344,1980,,,4.2,11
345. Dangerous Encounters of the First Kind,https://www.imdb.com/title/tt0083199/?ref_=sr_t_345,1980,1h 35m,,7.3,1.2K
346. The Good Thief,https://www.imdb.com/title/tt0078926/?ref_=sr_t_346,1980,1h 48m,,6.7,597
347. Running Scared,https://www.imdb.com/title/tt0081445/?ref_=sr_t_347,1980,1h 36m,PG,5.0,463
348. Loulou,https://www.imdb.com/title/tt0081076/?ref_=sr_t_348,1980,1h 41m,TV-14,6.6,3.8K
349. Johny Ustad,https://www.imdb.com/title/tt0187188/?ref_=sr_t_349,1980,2h 20m,Not Rated,7.7,589
350. Habfürdö,https://www.imdb.com/title/tt0079258/?ref_=sr_t_350,1980,1h 19m,,7.1,828
351. Dr. Heckyl and Mr. Hype,https://www.imdb.com/title/tt0080658/?ref_=sr_t_351,1980,1h 39m,R,4.0,749
352. A los cirujanos se les va la mano,https://www.imdb.com/title/tt0198278/?ref_=sr_t_352,1980,1h 30m,,5.6,235
353. Un sacco bello,https://www.imdb.com/title/tt0079839/?ref_=sr_t_353,1980,1h 37m,,7.2,3K
354. La liceale al mare con l'amica di papà,https://www.imdb.com/title/tt0081047/?ref_=sr_t_354,1980,1h 26m,,4.6,223
355. Deadline,https://www.imdb.com/title/tt0082244/?ref_=sr_t_355,1980,1h 30m,R,5.6,856
356. Zübük,https://www.imdb.com/title/tt0253991/?ref_=sr_t_356,1980,1h 28m,,8.5,12K
357. Pick-up Summer,https://www.imdb.com/title/tt0082902/?ref_=sr_t_357,1980,1h 39m,R,4.3,461
358. Ekipazh,https://www.imdb.com/title/tt0134633/?ref_=sr_t_358,1980,2h 24m,PG-13,7.3,2.7K
359. On a volé la cuisse de Jupiter,https://www.imdb.com/title/tt0081276/?ref_=sr_t_359,1980,1h 40m,PG,6.2,1.1K
360. Navajeros,https://www.imdb.com/title/tt0081218/?ref_=sr_t_360,1980,1h 35m,,6.7,889
361. Drei Schwedinnen auf der Reeperbahn,https://www.imdb.com/title/tt0080660/?ref_=sr_t_361,1980,1h 21m,,4.6,175
362. Witches' Brew,https://www.imdb.com/title/tt0081763/?ref_=sr_t_362,1980,1h 38m,PG,4.3,264
363. HealtH,https://www.imdb.com/title/tt0079256/?ref_=sr_t_363,1980,1h 45m,PG,5.6,966
364. Petrijin venac,https://www.imdb.com/title/tt0081331/?ref_=sr_t_364,1980,1h 39m,,8.1,953
365. On Fertile Lands,https://www.imdb.com/title/tt0343422/?ref_=sr_t_365,1980,1h 55m,,7.6,1K
366. Cannibal Terror,https://www.imdb.com/title/tt0083185/?ref_=sr_t_366,1980,1h 33m,Not Rated,2.5,1.1K
367. Black and Blue,https://www.imdb.com/title/tt0251615/?ref_=sr_t_367,1980,1h 27m,,8.1,81
368. Adventures of Ali-Baba and the Forty Thieves,https://www.imdb.com/title/tt0079749/?ref_=sr_t_368,1980,2h 18m,,6.2,668
369. A Distant Cry from Spring,https://www.imdb.com/title/tt0080843/?ref_=sr_t_369,1980,1h 35m,,7.6,714
370. The Bloody Lady,https://www.imdb.com/title/tt0184653/?ref_=sr_t_370,1980,1h 12m,,6.3,141
371. Monstroid,https://www.imdb.com/title/tt0079573/?ref_=sr_t_371,1980,1h 18m,R,2.7,901
372. Challenge of the Tiger,https://www.imdb.com/title/tt0077645/?ref_=sr_t_372,1980,1h 28m,,5.2,492
373. Tranquille donne di campagna,https://www.imdb.com/title/tt0081650/?ref_=sr_t_373,1980,1h 31m,,5.0,220
374. O Gosto do Pecado,https://www.imdb.com/title/tt0241495/?ref_=sr_t_374,1980,1h 41m,,5.4,72
375. Aap To Aise Na The,https://www.imdb.com/title/tt0178198/?ref_=sr_t_375,1980,2h 25m,Not Rated,5.7,56
376. Confidence,https://www.imdb.com/title/tt0078868/?ref_=sr_t_376,1980,1h 45m,Not Rated,7.5,1.1K
377. Falling in Love Again,https://www.imdb.com/title/tt0080714/?ref_=sr_t_377,1980,1h 43m,PG,5.0,471
378. Fantozzi contro tutti,https://www.imdb.com/title/tt0080719/?ref_=sr_t_378,1980,1h 37m,R,7.1,3.5K
379. Die Laughing,https://www.imdb.com/title/tt0080627/?ref_=sr_t_379,1980,1h 48m,PG,4.8,342
380. The Killings at Outpost Zeta,https://www.imdb.com/title/tt0168922/?ref_=sr_t_380,1980,1h 32m,PG,3.9,433
381. Katil Kaun,https://www.imdb.com/title/tt0390406/?ref_=sr_t_381,1980,,,5.4,10
382. Savage Hunt of King Stakh,https://www.imdb.com/title/tt0128164/?ref_=sr_t_382,1980,2h 14m,,6.8,708
"383. Happy Birthday, Gemini",https://www.imdb.com/title/tt0080837/?ref_=sr_t_383,1980,1h 47m,R,5.2,314
384. Little Virgil and Orla Frogsnapper,https://www.imdb.com/title/tt0123153/?ref_=sr_t_384,1980,1h 19m,,6.4,500
385. The Return of Josey Wales,https://www.imdb.com/title/tt0331327/?ref_=sr_t_385,1980,1h 30m,R,3.6,196
386. Hog Wild,https://www.imdb.com/title/tt0080880/?ref_=sr_t_386,1980,1h 35m,PG,4.7,274
387. Cataclysm,https://www.imdb.com/title/tt0080506/?ref_=sr_t_387,1980,1h 34m,R,3.8,741
388. O Inseto do Amor,https://www.imdb.com/title/tt0191201/?ref_=sr_t_388,1980,1h 32m,,5.0,74
389. Eva man (Due sessi in uno),https://www.imdb.com/title/tt0080701/?ref_=sr_t_389,1980,1h 15m,,4.8,87
390. Il giorno del Cobra,https://www.imdb.com/title/tt0082451/?ref_=sr_t_390,1980,1h 35m,,6.0,609
391. Girls,https://www.imdb.com/title/tt0080793/?ref_=sr_t_391,1980,1h 35m,,5.2,144
392. Burlesque,https://www.imdb.com/title/tt0321553/?ref_=sr_t_392,1980,1h 45m,,6.2,60
393. Good Riddance,https://www.imdb.com/title/tt0078894/?ref_=sr_t_393,1980,2h,,8.0,789
394. Blanca Nieves y sus 7 amantes,https://www.imdb.com/title/tt0082080/?ref_=sr_t_394,1980,1h 35m,Not Rated,5.1,100
395. City After Dark,https://www.imdb.com/title/tt0081115/?ref_=sr_t_395,1980,2h 30m,TV-MA,7.1,249
396. Bona,https://www.imdb.com/title/tt0082093/?ref_=sr_t_396,1980,1h 25m,,7.4,171
397. A Nightingale Sang in Berkeley Square,https://www.imdb.com/title/tt0079630/?ref_=sr_t_397,1980,1h 42m,,5.7,505
398. Fatty Finn,https://www.imdb.com/title/tt0080725/?ref_=sr_t_398,1980,1h 31m,,6.6,304
399. Hitodzuma OL joshi gakusei neratte osou,https://www.imdb.com/title/tt5315602/?ref_=sr_t_399,1980,,,,
400. A Leap in the Dark,https://www.imdb.com/title/tt0079845/?ref_=sr_t_400,1980,2h,,6.7,659
401. Union City,https://www.imdb.com/title/tt0081687/?ref_=sr_t_401,1980,1h 27m,PG,5.9,474
402. La dottoressa ci sta col colonnello,https://www.imdb.com/title/tt0080654/?ref_=sr_t_402,1980,1h 28m,,4.8,337
403. The Falls,https://www.imdb.com/title/tt0080715/?ref_=sr_t_403,1980,3h 15m,Not Rated,7.2,1.7K
404. We're Going to Eat You,https://www.imdb.com/title/tt0080636/?ref_=sr_t_404,1980,1h 30m,Unrated,6.4,1.1K
405. Beautiful and Wild on Ibiza,https://www.imdb.com/title/tt0081464/?ref_=sr_t_405,1980,1h 25m,R,4.1,185
406. D.O.A.,https://www.imdb.com/title/tt0082226/?ref_=sr_t_406,1980,1h 30m,,7.3,721
407. Night of Death,https://www.imdb.com/title/tt0293467/?ref_=sr_t_407,1980,1h 35m,Not Rated,6.1,635
408. Mírame con ojos pornográficos,https://www.imdb.com/title/tt0081213/?ref_=sr_t_408,1980,1h 25m,,4.7,64
409. A Few Days from the Life of I.I. Oblomov,https://www.imdb.com/title/tt0079619/?ref_=sr_t_409,1980,2h 20m,Unrated,7.6,2.6K
410. Rad na odredjeno vreme,https://www.imdb.com/title/tt0171681/?ref_=sr_t_410,1980,1h 29m,,7.1,878
411. Hum Paanch,https://www.imdb.com/title/tt0080901/?ref_=sr_t_411,1980,2h 43m,,6.4,261
412. Dami kanyat,https://www.imdb.com/title/tt0169731/?ref_=sr_t_412,1980,1h 35m,,7.9,968
413. Heiße Kartoffeln,https://www.imdb.com/title/tt0080857/?ref_=sr_t_413,1980,1h 22m,,4.7,42
414. Io e Caterina,https://www.imdb.com/title/tt0082567/?ref_=sr_t_414,1980,1h 57m,,5.5,394
415. The Garage,https://www.imdb.com/title/tt0079193/?ref_=sr_t_415,1980,1h 36m,,8.0,4.5K
416. Manganinnie,https://www.imdb.com/title/tt0081111/?ref_=sr_t_416,1980,1h 30m,,7.1,196
417. Drei Lederhosen in St. Tropez,https://www.imdb.com/title/tt0166583/?ref_=sr_t_417,1980,1h 31m,,4.1,126
418. Abdullah,https://www.imdb.com/title/tt0259170/?ref_=sr_t_418,1980,2h 16m,,5.7,244
419. Jane Austen in Manhattan,https://www.imdb.com/title/tt0080945/?ref_=sr_t_419,1980,1h 48m,,4.6,309
420. The Kidnapping of the President,https://www.imdb.com/title/tt0080997/?ref_=sr_t_420,1980,1h 54m,R,5.3,596
421. Holocaust 2: The Revenge,https://www.imdb.com/title/tt0122538/?ref_=sr_t_421,1980,1h 16m,,3.1,146
422. Crazy Thunder Road,https://www.imdb.com/title/tt0081019/?ref_=sr_t_422,1980,1h 37m,,6.4,648
423. Coyote and Bronca,https://www.imdb.com/title/tt0331967/?ref_=sr_t_423,1980,1h 30m,PG,6.8,68
424. Cloud Dancer,https://www.imdb.com/title/tt0080545/?ref_=sr_t_424,1980,1h 44m,PG,5.2,243
425. The Sword,https://www.imdb.com/title/tt0080958/?ref_=sr_t_425,1980,1h 25m,,6.8,550
426. Let There Be Light,https://www.imdb.com/title/tt0038687/?ref_=sr_t_426,1980,58m,Not Rated,7.4,2.1K
427. The Pilot,https://www.imdb.com/title/tt0079719/?ref_=sr_t_427,1980,1h 32m,PG,6.4,272
428. ¿A que le tiras cuando sueñas... Mexicano?,https://www.imdb.com/title/tt0271889/?ref_=sr_t_428,1980,1h 29m,,5.8,10
429. Hentai sex: Watakushi torokeru,https://www.imdb.com/title/tt6018176/?ref_=sr_t_429,1980,1h 6m,,,
430. Varumayin Niram Sigappu,https://www.imdb.com/title/tt0155329/?ref_=sr_t_430,1980,2h 18m,Not Rated,8.2,1.2K
431. And Next Year at Lake Balaton,https://www.imdb.com/title/tt0081680/?ref_=sr_t_431,1980,1h 25m,,6.3,145
432. Fabian,https://www.imdb.com/title/tt0080709/?ref_=sr_t_432,1980,1h 50m,R,5.6,156
433. Café Express,https://www.imdb.com/title/tt0080488/?ref_=sr_t_433,1980,1h 40m,,7.0,756
434. Nefeli,https://www.imdb.com/title/tt0084397/?ref_=sr_t_434,1980,1h 50m,,4.7,89
435. Karz,https://www.imdb.com/title/tt0214841/?ref_=sr_t_435,1980,2h 39m,Not Rated,7.4,2.5K
436. Der Kurpfuscher und seine fixen Töchter,https://www.imdb.com/title/tt0081018/?ref_=sr_t_436,1980,1h 25m,,4.5,132
437. Bilo the Banker,https://www.imdb.com/title/tt0263102/?ref_=sr_t_437,1980,1h 25m,,7.6,7.6K
438. Rude Boy,https://www.imdb.com/title/tt0081441/?ref_=sr_t_438,1980,2h 13m,R,6.4,1.7K
439. The Immoral One,https://www.imdb.com/title/tt0080916/?ref_=sr_t_439,1980,1h 30m,R,4.9,118
440. Legend of the Fox,https://www.imdb.com/title/tt0080726/?ref_=sr_t_440,1980,2h 9m,,6.6,178
441. All That Jack's,https://www.imdb.com/title/tt0081104/?ref_=sr_t_441,1980,1h 23m,,8.1,1.7K
442. Poseban tretman,https://www.imdb.com/title/tt0081546/?ref_=sr_t_442,1980,1h 34m,,7.3,847
443. A Week's Vacation,https://www.imdb.com/title/tt0081686/?ref_=sr_t_443,1980,1h 42m,R,6.6,766
444. Demented,https://www.imdb.com/title/tt0188557/?ref_=sr_t_444,1980,1h 27m,R,4.0,788
445. A Bad Son,https://www.imdb.com/title/tt0081678/?ref_=sr_t_445,1980,1h 50m,Not Rated,7.4,1.5K
446. The Club,https://www.imdb.com/title/tt0080546/?ref_=sr_t_446,1980,1h 36m,PG,7.0,1.1K
447. AC/DC: Let There Be Rock,https://www.imdb.com/title/tt0080321/?ref_=sr_t_447,1980,1h 38m,PG,8.3,1.3K
448. Killer Constable,https://www.imdb.com/title/tt0083313/?ref_=sr_t_448,1980,1h 45m,Not Rated,6.9,555
449. Cheaper to Keep Her,https://www.imdb.com/title/tt0080519/?ref_=sr_t_449,1980,1h 32m,R,4.8,189
450. The Battle of Port Arthur,https://www.imdb.com/title/tt0080316/?ref_=sr_t_450,1980,3h 5m,,6.6,353
451. Trollsommar,https://www.imdb.com/title/tt0081659/?ref_=sr_t_451,1980,1h 25m,,5.9,135
452. La petite sirène,https://www.imdb.com/title/tt0081330/?ref_=sr_t_452,1980,1h 45m,,6.5,172
453. Phoenix 2772,https://www.imdb.com/title/tt0079293/?ref_=sr_t_453,1980,2h 2m,,6.8,607
454. Superman,https://www.imdb.com/title/tt0371968/?ref_=sr_t_454,1980,2h 15m,Not Rated,4.3,219
455. Quello strano desiderio,https://www.imdb.com/title/tt0140492/?ref_=sr_t_455,1980,1h 32m,,4.6,64
456. Ang panday,https://www.imdb.com/title/tt0427626/?ref_=sr_t_456,1980,,,5.0,100
457. Ten Tigers of Kwangtung,https://www.imdb.com/title/tt0080002/?ref_=sr_t_457,1980,1h 31m,R,6.3,658
458. Drumul oaselor,https://www.imdb.com/title/tt0081743/?ref_=sr_t_458,1980,1h 56m,,7.6,559
459. Ninja Warriors,https://www.imdb.com/title/tt0084674/?ref_=sr_t_459,1980,1h 57m,R,6.1,795
"460. Postav dom, zasad strom",https://www.imdb.com/title/tt0171648/?ref_=sr_t_460,1980,1h 33m,,7.0,137
461. Los dos amigos,https://www.imdb.com/title/tt0333358/?ref_=sr_t_461,1980,1h 28m,,8.1,25
462. Zoom In: Rape Apartments,https://www.imdb.com/title/tt0288905/?ref_=sr_t_462,1980,1h 8m,Not Rated,5.6,198
463. Champion Joe,https://www.imdb.com/title/tt1682222/?ref_=sr_t_463,1980,2h 33m,Not Rated,7.3,256
464. El oreja rajada,https://www.imdb.com/title/tt0079851/?ref_=sr_t_464,1980,1h 30m,,5.5,25
465. Sweet William,https://www.imdb.com/title/tt0081585/?ref_=sr_t_465,1980,1h 32m,R,5.3,177
466. Prostitute,https://www.imdb.com/title/tt0164142/?ref_=sr_t_466,1980,1h 37m,,6.0,138
467. Garlic Is as Good as Ten Mothers,https://www.imdb.com/title/tt0080776/?ref_=sr_t_467,1980,51m,Not Rated,7.3,908
468. Lightning Over Water,https://www.imdb.com/title/tt0081055/?ref_=sr_t_468,1980,1h 31m,,6.7,1.6K
469. Fantastica,https://www.imdb.com/title/tt0080718/?ref_=sr_t_469,1980,1h 50m,,5.2,145
470. Manjil Virinja Pookkal,https://www.imdb.com/title/tt0213857/?ref_=sr_t_470,1980,,,6.9,223
471. Estigma,https://www.imdb.com/title/tt0079120/?ref_=sr_t_471,1980,1h 34m,Not Rated,5.3,302
472. Locos por la música,https://www.imdb.com/title/tt0185434/?ref_=sr_t_472,1980,1h 30m,,4.5,27
473. Island Claws,https://www.imdb.com/title/tt0080933/?ref_=sr_t_473,1980,1h 22m,Not Rated,4.3,654
474. A Filha de Emmanuelle,https://www.imdb.com/title/tt0407789/?ref_=sr_t_474,1980,1h 34m,,2.6,15
475. Red Rose,https://www.imdb.com/title/tt0156014/?ref_=sr_t_475,1980,2h 5m,Not Rated,6.2,220
476. Beyond Terror,https://www.imdb.com/title/tt0081193/?ref_=sr_t_476,1980,1h 23m,Not Rated,5.5,394
477. Ram Balram,https://www.imdb.com/title/tt0081401/?ref_=sr_t_477,1980,2h 49m,,6.2,599
478. Hot T-Shirts,https://www.imdb.com/title/tt0079309/?ref_=sr_t_478,1980,1h 26m,R,3.6,330
479. Terra e...,https://www.imdb.com/title/tt0081648/?ref_=sr_t_479,1980,1h 53m,,6.5,396
480. Simone Barbès ou la vertu,https://www.imdb.com/title/tt0203911/?ref_=sr_t_480,1980,1h 17m,,6.4,353
481. Sexo contra sexo,https://www.imdb.com/title/tt0180146/?ref_=sr_t_481,1980,1h 35m,,6.0,28
482. Hank Williams: The Show He Never Gave,https://www.imdb.com/title/tt0084048/?ref_=sr_t_482,1980,1h 26m,Not Rated,7.4,284
483. La ripetente fa l'occhietto al preside,https://www.imdb.com/title/tt0081429/?ref_=sr_t_483,1980,1h 38m,,4.8,246
484. The Victim,https://www.imdb.com/title/tt0080971/?ref_=sr_t_484,1980,1h 40m,Unrated,7.3,714
485. Glück im Hinterhaus,https://www.imdb.com/title/tt0079213/?ref_=sr_t_485,1980,1h 37m,,6.4,58
486. Mama Dracula,https://www.imdb.com/title/tt0081107/?ref_=sr_t_486,1980,1h 30m,,2.8,504
487. Erotic Stories,https://www.imdb.com/title/tt0079014/?ref_=sr_t_487,1980,1h 39m,,4.0,133
488. The Man Who Went Up in Smoke,https://www.imdb.com/title/tt0081117/?ref_=sr_t_488,1980,1h 51m,,5.5,84
489. Vengeance,https://www.imdb.com/title/tt0081705/?ref_=sr_t_489,1980,1h 31m,,5.3,129
490. Gerzek Saban,https://www.imdb.com/title/tt0252468/?ref_=sr_t_490,1980,1h 16m,,7.1,3.3K
491. Contes pervers,https://www.imdb.com/title/tt0175612/?ref_=sr_t_491,1980,1h 30m,,4.2,95
492. Parangelia!,https://www.imdb.com/title/tt0081304/?ref_=sr_t_492,1980,1h 27m,,7.3,809
493. Le Guignolo,https://www.imdb.com/title/tt0079252/?ref_=sr_t_493,1980,1h 48m,,5.9,2.6K
494. Aasha,https://www.imdb.com/title/tt0178204/?ref_=sr_t_494,1980,2h 3m,,5.6,238
495. Hari ng tondo ikaw o ako,https://www.imdb.com/title/tt2279015/?ref_=sr_t_495,1980,,,,
496. Apne Paraye,https://www.imdb.com/title/tt0157320/?ref_=sr_t_496,1980,2h 3m,,7.4,236
497. Albert Pinto Ko Gussa Kyon Ata Hai,https://www.imdb.com/title/tt0080343/?ref_=sr_t_497,1980,1h 50m,,7.1,529
498. Judaai,https://www.imdb.com/title/tt0260112/?ref_=sr_t_498,1980,2h 29m,,5.8,104
499. The Conductor,https://www.imdb.com/title/tt0079090/?ref_=sr_t_499,1980,1h 41m,,6.9,716
500. Daydream of Love,https://www.imdb.com/title/tt0286437/?ref_=sr_t_500,1980,1h 2m,,4.2,88
