Title,Movie Link,Year,Duration,MPA,Rating,Votes
1. Aladdin,https://www.imdb.com/title/tt0103639/?ref_=sr_t_1,1992,1h 30m,G,8.0,481K
2. Home Alone 2: Lost in New York,https://www.imdb.com/title/tt0104431/?ref_=sr_t_2,1992,2h,PG,6.9,422K
3. Batman Returns,https://www.imdb.com/title/tt0103776/?ref_=sr_t_3,1992,2h 6m,PG-13,7.1,336K
4. Lethal Weapon 3,https://www.imdb.com/title/tt0104714/?ref_=sr_t_4,1992,1h 58m,R,6.7,182K
5. A Few Good Men,https://www.imdb.com/title/tt0104257/?ref_=sr_t_5,1992,2h 18m,R,7.7,297K
6. Sister Act,https://www.imdb.com/title/tt0105417/?ref_=sr_t_6,1992,1h 40m,PG,6.5,112K
7. The Bodyguard,https://www.imdb.com/title/tt0103855/?ref_=sr_t_7,1992,2h 9m,R,6.4,152K
8. Wayne's World,https://www.imdb.com/title/tt0105793/?ref_=sr_t_8,1992,1h 34m,PG-13,7.0,175K
9. Basic Instinct,https://www.imdb.com/title/tt0103772/?ref_=sr_t_9,1992,2h 7m,R,7.1,226K
10. A League of Their Own,https://www.imdb.com/title/tt0104694/?ref_=sr_t_10,1992,2h 8m,PG,7.3,124K
11. Unforgiven,https://www.imdb.com/title/tt0105695/?ref_=sr_t_11,1992,2h 10m,R,8.2,447K
12. The Hand That Rocks the Cradle,https://www.imdb.com/title/tt0104389/?ref_=sr_t_12,1992,1h 50m,R,6.7,50K
13. Under Siege,https://www.imdb.com/title/tt0105690/?ref_=sr_t_13,1992,1h 43m,R,6.5,98K
14. Patriot Games,https://www.imdb.com/title/tt0105112/?ref_=sr_t_14,1992,1h 57m,R,6.8,123K
15. Bram Stoker's Dracula,https://www.imdb.com/title/tt0103874/?ref_=sr_t_15,1992,2h 8m,R,7.4,249K
16. White Men Can't Jump,https://www.imdb.com/title/tt0105812/?ref_=sr_t_16,1992,1h 55m,R,6.8,101K
17. The Last of the Mohicans,https://www.imdb.com/title/tt0104691/?ref_=sr_t_17,1992,1h 52m,R,7.6,194K
18. Boomerang,https://www.imdb.com/title/tt0103859/?ref_=sr_t_18,1992,1h 57m,R,5.6,32K
19. Scent of a Woman,https://www.imdb.com/title/tt0105323/?ref_=sr_t_19,1992,2h 36m,R,8.0,341K
20. The Crying Game,https://www.imdb.com/title/tt0104036/?ref_=sr_t_20,1992,1h 52m,R,7.2,61K
21. Far and Away,https://www.imdb.com/title/tt0104231/?ref_=sr_t_21,1992,2h 20m,PG-13,6.6,70K
"22. Honey, I Blew Up the Kid",https://www.imdb.com/title/tt0104437/?ref_=sr_t_22,1992,1h 29m,PG,4.9,48K
23. HouseSitter,https://www.imdb.com/title/tt0104452/?ref_=sr_t_23,1992,1h 42m,PG,6.2,28K
24. Death Becomes Her,https://www.imdb.com/title/tt0104070/?ref_=sr_t_24,1992,1h 44m,PG-13,6.7,139K
25. Unlawful Entry,https://www.imdb.com/title/tt0105699/?ref_=sr_t_25,1992,1h 51m,R,6.4,20K
26. Beethoven,https://www.imdb.com/title/tt0103786/?ref_=sr_t_26,1992,1h 27m,PG,5.7,78K
27. Forever Young,https://www.imdb.com/title/tt0104291/?ref_=sr_t_27,1992,1h 42m,PG,6.3,51K
28. Alien³,https://www.imdb.com/title/tt0103644/?ref_=sr_t_28,1992,1h 54m,R,6.4,336K
29. My Cousin Vinny,https://www.imdb.com/title/tt0104952/?ref_=sr_t_29,1992,2h,R,7.6,147K
30. Sneakers,https://www.imdb.com/title/tt0105435/?ref_=sr_t_30,1992,2h 6m,PG-13,7.1,64K
31. The Mighty Ducks,https://www.imdb.com/title/tt0104868/?ref_=sr_t_31,1992,1h 44m,PG,6.6,73K
32. Malcolm X,https://www.imdb.com/title/tt0104797/?ref_=sr_t_32,1992,3h 22m,PG-13,7.7,105K
33. Single White Female,https://www.imdb.com/title/tt0105414/?ref_=sr_t_33,1992,1h 47m,R,6.4,43K
34. The Distinguished Gentleman,https://www.imdb.com/title/tt0104114/?ref_=sr_t_34,1992,1h 52m,R,5.9,17K
35. Medicine Man,https://www.imdb.com/title/tt0104839/?ref_=sr_t_35,1992,1h 46m,PG-13,6.0,25K
36. Passenger 57,https://www.imdb.com/title/tt0105104/?ref_=sr_t_36,1992,1h 24m,R,5.9,52K
37. A River Runs Through It,https://www.imdb.com/title/tt0105265/?ref_=sr_t_37,1992,2h 3m,PG,7.2,67K
38. Encino Man,https://www.imdb.com/title/tt0104187/?ref_=sr_t_38,1992,1h 28m,PG,5.8,46K
39. Mo' Money,https://www.imdb.com/title/tt0104897/?ref_=sr_t_39,1992,1h 29m,R,5.5,8.4K
40. Universal Soldier,https://www.imdb.com/title/tt0105698/?ref_=sr_t_40,1992,1h 42m,R,6.1,98K
41. Honeymoon in Vegas,https://www.imdb.com/title/tt0104438/?ref_=sr_t_41,1992,1h 36m,PG-13,5.9,20K
42. The Lawnmower Man,https://www.imdb.com/title/tt0104692/?ref_=sr_t_42,1992,1h 48m,R,5.4,40K
43. Sleepwalkers,https://www.imdb.com/title/tt0105428/?ref_=sr_t_43,1992,1h 31m,R,5.3,25K
44. 3 Ninjas,https://www.imdb.com/title/tt0103596/?ref_=sr_t_44,1992,1h 24m,PG,5.3,24K
45. Final Analysis,https://www.imdb.com/title/tt0104265/?ref_=sr_t_45,1992,2h 4m,R,5.9,16K
46. Stop! Or My Mom Will Shoot,https://www.imdb.com/title/tt0105477/?ref_=sr_t_46,1992,1h 27m,PG-13,4.4,46K
47. The Muppet Christmas Carol,https://www.imdb.com/title/tt0104940/?ref_=sr_t_47,1992,1h 25m,G,7.8,76K
48. Howards End,https://www.imdb.com/title/tt0104454/?ref_=sr_t_48,1992,2h 22m,PG,7.4,37K
49. Candyman,https://www.imdb.com/title/tt0103919/?ref_=sr_t_49,1992,1h 39m,R,6.7,104K
50. The Cutting Edge,https://www.imdb.com/title/tt0104040/?ref_=sr_t_50,1992,1h 41m,PG,6.9,23K
51. FernGully: The Last Rainforest,https://www.imdb.com/title/tt0104254/?ref_=sr_t_51,1992,1h 16m,G,6.5,35K
52. Hoffa,https://www.imdb.com/title/tt0104427/?ref_=sr_t_52,1992,2h 20m,R,6.6,25K
53. Leap of Faith,https://www.imdb.com/title/tt0104695/?ref_=sr_t_53,1992,1h 48m,PG-13,6.1,15K
54. Toys,https://www.imdb.com/title/tt0105629/?ref_=sr_t_54,1992,1h 58m,PG-13,5.1,34K
55. Thunderheart,https://www.imdb.com/title/tt0105585/?ref_=sr_t_55,1992,1h 59m,R,6.8,18K
56. Captain Ron,https://www.imdb.com/title/tt0103924/?ref_=sr_t_56,1992,1h 40m,PG-13,5.8,24K
57. The Player,https://www.imdb.com/title/tt0105151/?ref_=sr_t_57,1992,2h 4m,R,7.5,68K
58. Like Water for Chocolate,https://www.imdb.com/title/tt0103994/?ref_=sr_t_58,1992,1h 45m,R,7.1,19K
59. Shining Through,https://www.imdb.com/title/tt0105391/?ref_=sr_t_59,1992,2h 12m,R,6.4,11K
60. Consenting Adults,https://www.imdb.com/title/tt0104006/?ref_=sr_t_60,1992,1h 39m,R,5.7,8.5K
61. Raising Cain,https://www.imdb.com/title/tt0105217/?ref_=sr_t_61,1992,1h 32m,R,6.1,18K
62. Straight Talk,https://www.imdb.com/title/tt0105481/?ref_=sr_t_62,1992,1h 31m,PG,5.7,4.1K
63. Kuffs,https://www.imdb.com/title/tt0104647/?ref_=sr_t_63,1992,1h 42m,PG-13,5.9,12K
64. Mr. Baseball,https://www.imdb.com/title/tt0104926/?ref_=sr_t_64,1992,1h 48m,PG-13,6.0,12K
65. Juice,https://www.imdb.com/title/tt0104573/?ref_=sr_t_65,1992,1h 35m,R,7.0,31K
66. Prelude to a Kiss,https://www.imdb.com/title/tt0105165/?ref_=sr_t_66,1992,1h 45m,PG-13,5.6,8.7K
67. Hero,https://www.imdb.com/title/tt0104412/?ref_=sr_t_67,1992,1h 59m,PG-13,6.5,24K
68. Singles,https://www.imdb.com/title/tt0105415/?ref_=sr_t_68,1992,1h 39m,PG-13,6.7,33K
69. Used People,https://www.imdb.com/title/tt0105706/?ref_=sr_t_69,1992,1h 55m,PG-13,6.1,1.9K
70. The Babe,https://www.imdb.com/title/tt0103747/?ref_=sr_t_70,1992,1h 55m,PG,5.9,12K
71. Sidekicks,https://www.imdb.com/title/tt0105402/?ref_=sr_t_71,1992,1h 41m,PG,5.2,10K
72. Freejack,https://www.imdb.com/title/tt0104299/?ref_=sr_t_72,1992,1h 50m,R,5.4,18K
73. Pet Sematary II,https://www.imdb.com/title/tt0105128/?ref_=sr_t_73,1992,1h 40m,R,4.9,24K
74. Deep Cover,https://www.imdb.com/title/tt0104073/?ref_=sr_t_74,1992,1h 47m,R,7.0,15K
75. Buffy the Vampire Slayer,https://www.imdb.com/title/tt0103893/?ref_=sr_t_75,1992,1h 26m,PG-13,5.7,51K
76. Supercop,https://www.imdb.com/title/tt0104558/?ref_=sr_t_76,1992,1h 31m,R,7.0,25K
77. Pure Country,https://www.imdb.com/title/tt0105191/?ref_=sr_t_77,1992,1h 52m,PG,7.1,5.5K
78. Ladybugs,https://www.imdb.com/title/tt0104670/?ref_=sr_t_78,1992,1h 30m,PG-13,5.5,11K
79. School Ties,https://www.imdb.com/title/tt0105327/?ref_=sr_t_79,1992,1h 46m,PG-13,6.9,28K
80. City of Joy,https://www.imdb.com/title/tt0103976/?ref_=sr_t_80,1992,2h 12m,PG-13,6.5,5.8K
81. Memoirs of an Invisible Man,https://www.imdb.com/title/tt0104850/?ref_=sr_t_81,1992,1h 39m,PG-13,6.0,28K
82. Rapid Fire,https://www.imdb.com/title/tt0105219/?ref_=sr_t_82,1992,1h 35m,R,6.3,11K
83. Cool World,https://www.imdb.com/title/tt0104009/?ref_=sr_t_83,1992,1h 42m,PG-13,4.8,26K
84. Mr. Saturday Night,https://www.imdb.com/title/tt0104928/?ref_=sr_t_84,1992,1h 59m,R,5.9,6.4K
85. Class Act,https://www.imdb.com/title/tt0103978/?ref_=sr_t_85,1992,1h 38m,PG-13,6.1,8.3K
86. Trespass,https://www.imdb.com/title/tt0105636/?ref_=sr_t_86,1992,1h 41m,R,6.3,14K
87. American Me,https://www.imdb.com/title/tt0103671/?ref_=sr_t_87,1992,2h 5m,R,7.1,11K
88. Hellraiser III: Hell on Earth,https://www.imdb.com/title/tt0104409/?ref_=sr_t_88,1992,1h 37m,R,5.5,36K
89. A Stranger Among Us,https://www.imdb.com/title/tt0105483/?ref_=sr_t_89,1992,1h 50m,PG-13,5.6,4.3K
90. Strictly Ballroom,https://www.imdb.com/title/tt0105488/?ref_=sr_t_90,1992,1h 34m,PG,7.2,30K
91. Army of Darkness,https://www.imdb.com/title/tt0106308/?ref_=sr_t_91,1992,1h 21m,R,7.4,200K
92. Jennifer 8,https://www.imdb.com/title/tt0104549/?ref_=sr_t_92,1992,2h 4m,R,6.3,19K
93. Whispers in the Dark,https://www.imdb.com/title/tt0105811/?ref_=sr_t_93,1992,1h 43m,R,5.6,2.5K
94. Stay Tuned,https://www.imdb.com/title/tt0105466/?ref_=sr_t_94,1992,1h 28m,PG,6.3,15K
95. Glengarry Glen Ross,https://www.imdb.com/title/tt0104348/?ref_=sr_t_95,1992,1h 40m,R,7.7,120K
96. Husbands and Wives,https://www.imdb.com/title/tt0104466/?ref_=sr_t_96,1992,1h 48m,R,7.5,32K
97. Chaplin,https://www.imdb.com/title/tt0103939/?ref_=sr_t_97,1992,2h 23m,PG-13,7.5,63K
98. Gladiator,https://www.imdb.com/title/tt0104346/?ref_=sr_t_98,1992,1h 41m,R,6.5,11K
99. White Sands,https://www.imdb.com/title/tt0105813/?ref_=sr_t_99,1992,1h 41m,R,6.0,9.1K
100. Once Upon a Crime...,https://www.imdb.com/title/tt0101625/?ref_=sr_t_100,1992,1h 34m,PG,5.8,5.6K
101. Bebe's Kids,https://www.imdb.com/title/tt0103783/?ref_=sr_t_101,1992,1h 12m,PG-13,5.8,5.6K
102. Dr. Giggles,https://www.imdb.com/title/tt0104139/?ref_=sr_t_102,1992,1h 35m,R,5.3,7.9K
103. Twin Dragons,https://www.imdb.com/title/tt0105399/?ref_=sr_t_103,1992,1h 44m,PG-13,6.4,13K
104. Christopher Columbus: The Discovery,https://www.imdb.com/title/tt0103962/?ref_=sr_t_104,1992,2h,PG-13,4.4,3.3K
105. Damage,https://www.imdb.com/title/tt0104237/?ref_=sr_t_105,1992,1h 51m,R,6.7,21K
106. Sarafina!,https://www.imdb.com/title/tt0105316/?ref_=sr_t_106,1992,1h 57m,PG-13,6.3,2.3K
107. Lorenzo's Oil,https://www.imdb.com/title/tt0104756/?ref_=sr_t_107,1992,2h 9m,PG-13,7.3,25K
108. 1492: Conquest of Paradise,https://www.imdb.com/title/tt0103594/?ref_=sr_t_108,1992,2h 34m,PG-13,6.4,34K
109. Children of the Corn II: The Final Sacrifice,https://www.imdb.com/title/tt0106557/?ref_=sr_t_109,1992,1h 32m,R,4.4,9.9K
110. The Mambo Kings,https://www.imdb.com/title/tt0104802/?ref_=sr_t_110,1992,1h 44m,R,6.4,6.1K
111. Fortress,https://www.imdb.com/title/tt0106950/?ref_=sr_t_111,1992,1h 35m,R,5.9,31K
112. Article 99,https://www.imdb.com/title/tt0101371/?ref_=sr_t_112,1992,1h 40m,R,6.1,3.7K
113. Night and the City,https://www.imdb.com/title/tt0105001/?ref_=sr_t_113,1992,1h 45m,R,5.8,5.3K
114. Folks!,https://www.imdb.com/title/tt0104283/?ref_=sr_t_114,1992,1h 47m,PG-13,5.7,2.9K
115. Indochine,https://www.imdb.com/title/tt0104507/?ref_=sr_t_115,1992,2h 40m,PG-13,7.0,11K
116. Wind,https://www.imdb.com/title/tt0105824/?ref_=sr_t_116,1992,2h 6m,PG-13,6.4,3.2K
117. Of Mice and Men,https://www.imdb.com/title/tt0105046/?ref_=sr_t_117,1992,1h 55m,PG-13,7.4,49K
118. Split Second,https://www.imdb.com/title/tt0105459/?ref_=sr_t_118,1992,1h 30m,R,6.0,17K
119. Belle Epoque,https://www.imdb.com/title/tt0103791/?ref_=sr_t_119,1992,1h 49m,R,7.1,12K
120. Orlando,https://www.imdb.com/title/tt0107756/?ref_=sr_t_120,1992,1h 34m,PG-13,7.1,19K
121. Innocent Blood,https://www.imdb.com/title/tt0104511/?ref_=sr_t_121,1992,1h 52m,R,6.2,11K
122. The Playboys,https://www.imdb.com/title/tt0105150/?ref_=sr_t_122,1992,1h 57m,PG-13,6.2,1.3K
123. The Lover,https://www.imdb.com/title/tt0101316/?ref_=sr_t_123,1992,1h 55m,R,6.8,24K
124. Diggstown,https://www.imdb.com/title/tt0104107/?ref_=sr_t_124,1992,1h 38m,R,6.9,8.3K
125. Passion Fish,https://www.imdb.com/title/tt0105107/?ref_=sr_t_125,1992,2h 15m,R,7.3,6.2K
126. Into the West,https://www.imdb.com/title/tt0104522/?ref_=sr_t_126,1992,1h 37m,PG,7.0,3.3K
127. Radio Flyer,https://www.imdb.com/title/tt0105211/?ref_=sr_t_127,1992,1h 54m,PG-13,6.9,15K
128. Bob Roberts,https://www.imdb.com/title/tt0103850/?ref_=sr_t_128,1992,1h 42m,R,7.0,16K
129. Twin Peaks: Fire Walk with Me,https://www.imdb.com/title/tt0105665/?ref_=sr_t_129,1992,2h 14m,R,7.3,109K
130. Man Trouble,https://www.imdb.com/title/tt0104804/?ref_=sr_t_130,1992,1h 40m,PG-13,4.7,3.6K
131. Peter's Friends,https://www.imdb.com/title/tt0105130/?ref_=sr_t_131,1992,1h 41m,R,7.0,12K
132. Passed Away,https://www.imdb.com/title/tt0105103/?ref_=sr_t_132,1992,1h 36m,PG-13,5.8,1.5K
133. The Gun in Betty Lou's Handbag,https://www.imdb.com/title/tt0104376/?ref_=sr_t_133,1992,1h 29m,PG-13,5.1,1.8K
134. Tom and Jerry: The Movie,https://www.imdb.com/title/tt0105616/?ref_=sr_t_134,1992,1h 24m,G,5.4,12K
135. Traces of Red,https://www.imdb.com/title/tt0105631/?ref_=sr_t_135,1992,1h 45m,R,5.2,2K
136. Blame It on the Bellboy,https://www.imdb.com/title/tt0103827/?ref_=sr_t_136,1992,1h 18m,PG-13,5.5,2.9K
137. The Public Eye,https://www.imdb.com/title/tt0105187/?ref_=sr_t_137,1992,1h 39m,R,6.5,4.6K
138. CrissCross,https://www.imdb.com/title/tt0104027/?ref_=sr_t_138,1992,1h 40m,R,5.8,2.3K
139. This Is My Life,https://www.imdb.com/title/tt0105577/?ref_=sr_t_139,1992,1h 45m,PG-13,6.0,1.4K
140. Reservoir Dogs,https://www.imdb.com/title/tt0105236/?ref_=sr_t_140,1992,1h 39m,R,8.3,1.1M
141. The Power of One,https://www.imdb.com/title/tt0105159/?ref_=sr_t_141,1992,2h 7m,PG-13,7.1,11K
142. Newsies,https://www.imdb.com/title/tt0104990/?ref_=sr_t_142,1992,2h 1m,PG,6.9,23K
143. Map of the Human Heart,https://www.imdb.com/title/tt0104812/?ref_=sr_t_143,1992,1h 49m,R,7.0,3.5K
144. Year of the Comet,https://www.imdb.com/title/tt0105871/?ref_=sr_t_144,1992,1h 31m,PG-13,5.8,1.8K
145. Aces: Iron Eagle III,https://www.imdb.com/title/tt0103617/?ref_=sr_t_145,1992,1h 38m,R,3.8,3.2K
146. Love Crimes,https://www.imdb.com/title/tt0102340/?ref_=sr_t_146,1992,1h 30m,R,4.3,1.3K
147. Noises Off...,https://www.imdb.com/title/tt0105017/?ref_=sr_t_147,1992,1h 41m,PG-13,7.4,13K
148. Rich in Love,https://www.imdb.com/title/tt0105256/?ref_=sr_t_148,1992,1h 45m,PG-13,6.1,938
149. El Mariachi,https://www.imdb.com/title/tt0104815/?ref_=sr_t_149,1992,1h 21m,R,6.8,73K
150. Mom and Dad Save the World,https://www.imdb.com/title/tt0104905/?ref_=sr_t_150,1992,1h 28m,PG,5.4,5.3K
151. Nemesis,https://www.imdb.com/title/tt0107668/?ref_=sr_t_151,1992,1h 35m,R,5.4,7.1K
152. Bad Lieutenant,https://www.imdb.com/title/tt0103759/?ref_=sr_t_152,1992,1h 36m,NC-17,7.0,50K
153. The Story of Qiu Ju,https://www.imdb.com/title/tt0105197/?ref_=sr_t_153,1992,1h 40m,PG,7.6,6.9K
154. Bitter Moon,https://www.imdb.com/title/tt0104779/?ref_=sr_t_154,1992,2h 19m,R,7.2,44K
155. Poison Ivy,https://www.imdb.com/title/tt0105156/?ref_=sr_t_155,1992,1h 33m,R,5.4,21K
156. The Waterdance,https://www.imdb.com/title/tt0105789/?ref_=sr_t_156,1992,1h 46m,R,6.8,4.2K
157. Out on a Limb,https://www.imdb.com/title/tt0105078/?ref_=sr_t_157,1992,1h 33m,PG,5.3,2.1K
158. A Heart in Winter,https://www.imdb.com/title/tt0105682/?ref_=sr_t_158,1992,1h 45m,,7.6,11K
159. Zebrahead,https://www.imdb.com/title/tt0105885/?ref_=sr_t_159,1992,1h 40m,R,6.3,1.5K
160. A Midnight Clear,https://www.imdb.com/title/tt0102443/?ref_=sr_t_160,1992,1h 48m,R,7.1,10K
161. Leaving Normal,https://www.imdb.com/title/tt0104697/?ref_=sr_t_161,1992,1h 50m,R,6.5,1.6K
162. Shadow of the Wolf,https://www.imdb.com/title/tt0105377/?ref_=sr_t_162,1992,1h 52m,PG-13,5.8,1.1K
163. South Central,https://www.imdb.com/title/tt0105450/?ref_=sr_t_163,1992,1h 38m,R,6.8,6.9K
164. Gas Food Lodging,https://www.imdb.com/title/tt0104321/?ref_=sr_t_164,1992,1h 41m,R,6.6,4.5K
165. Baraka,https://www.imdb.com/title/tt0103767/?ref_=sr_t_165,1992,1h 36m,Not Rated,8.5,42K
166. Brother's Keeper,https://www.imdb.com/title/tt0103888/?ref_=sr_t_166,1992,1h 44m,R,7.5,4.3K
167. The Best Intentions,https://www.imdb.com/title/tt0104350/?ref_=sr_t_167,1992,3h 2m,Not Rated,7.7,3.6K
"168. Olivier, Olivier",https://www.imdb.com/title/tt0102583/?ref_=sr_t_168,1992,1h 50m,R,7.5,1.9K
169. Freddie as F.R.O.7.,https://www.imdb.com/title/tt0104298/?ref_=sr_t_169,1992,1h 30m,Not Rated,5.1,844
"170. Ciao, Professore!",https://www.imdb.com/title/tt0107225/?ref_=sr_t_170,1992,1h 40m,R,6.9,2.3K
171. Mistress,https://www.imdb.com/title/tt0104892/?ref_=sr_t_171,1992,1h 50m,R,5.4,2.4K
172. Waterland,https://www.imdb.com/title/tt0105790/?ref_=sr_t_172,1992,1h 35m,R,6.5,2.5K
173. Steeper & Deeper,https://www.imdb.com/title/tt0126079/?ref_=sr_t_173,1992,1h 32m,,9.4,21
174. Light Sleeper,https://www.imdb.com/title/tt0102307/?ref_=sr_t_174,1992,1h 43m,R,6.9,10K
175. Love Field,https://www.imdb.com/title/tt0104765/?ref_=sr_t_175,1992,1h 45m,PG-13,6.5,4.5K
176. The Stolen Children,https://www.imdb.com/title/tt0104663/?ref_=sr_t_176,1992,1h 54m,,7.6,2.9K
177. Knight Moves,https://www.imdb.com/title/tt0104627/?ref_=sr_t_177,1992,1h 56m,R,6.1,9.4K
178. Ruby,https://www.imdb.com/title/tt0105291/?ref_=sr_t_178,1992,1h 50m,R,5.5,1.7K
179. Brain Donors,https://www.imdb.com/title/tt0103872/?ref_=sr_t_179,1992,1h 20m,PG,6.9,4.8K
180. The Last Days of Chez Nous,https://www.imdb.com/title/tt0104685/?ref_=sr_t_180,1992,1h 36m,R,6.5,1.1K
181. Visions of Light,https://www.imdb.com/title/tt0105764/?ref_=sr_t_181,1992,1h 32m,,7.7,3.4K
182. Turtle Beach,https://www.imdb.com/title/tt0103141/?ref_=sr_t_182,1992,1h 30m,R,4.7,374
183. The Accompanist,https://www.imdb.com/title/tt0103616/?ref_=sr_t_183,1992,1h 42m,PG,6.9,1K
184. Love Potion No. 9,https://www.imdb.com/title/tt0102343/?ref_=sr_t_184,1992,1h 32m,PG-13,5.7,15K
185. The Living End,https://www.imdb.com/title/tt0104745/?ref_=sr_t_185,1992,1h 21m,Unrated,6.5,3.9K
186. The Opposite Sex and How to Live with Them,https://www.imdb.com/title/tt0105063/?ref_=sr_t_186,1992,1h 26m,R,4.9,833
187. Savage Nights,https://www.imdb.com/title/tt0105032/?ref_=sr_t_187,1992,2h 6m,,6.9,2.5K
188. Cronos,https://www.imdb.com/title/tt0104029/?ref_=sr_t_188,1992,1h 34m,R,6.7,34K
189. Leolo,https://www.imdb.com/title/tt0104782/?ref_=sr_t_189,1992,1h 47m,Not Rated,7.4,7.4K
190. Deception,https://www.imdb.com/title/tt0107999/?ref_=sr_t_190,1992,1h 30m,PG-13,5.0,2.6K
191. Incident at Oglala,https://www.imdb.com/title/tt0104504/?ref_=sr_t_191,1992,1h 29m,PG,7.5,1.3K
192. Crossing the Bridge,https://www.imdb.com/title/tt0104030/?ref_=sr_t_192,1992,1h 43m,R,6.3,972
193. Just Another Girl on the I.R.T.,https://www.imdb.com/title/tt0104575/?ref_=sr_t_193,1992,1h 32m,R,6.3,1.4K
194. Porco Rosso,https://www.imdb.com/title/tt0104652/?ref_=sr_t_194,1992,1h 34m,PG,7.7,107K
195. Storyville,https://www.imdb.com/title/tt0105480/?ref_=sr_t_195,1992,1h 53m,R,5.7,1.5K
196. Where the Day Takes You,https://www.imdb.com/title/tt0105810/?ref_=sr_t_196,1992,1h 45m,R,6.5,4K
197. American Heart,https://www.imdb.com/title/tt0103670/?ref_=sr_t_197,1992,1h 53m,R,6.7,3.7K
198. Monster in a Box,https://www.imdb.com/title/tt0102467/?ref_=sr_t_198,1992,1h 27m,PG-13,7.5,885
199. The Panama Deception,https://www.imdb.com/title/tt0105089/?ref_=sr_t_199,1992,1h 31m,,7.5,1.2K
200. Equinox,https://www.imdb.com/title/tt0104201/?ref_=sr_t_200,1992,1h 50m,R,5.6,1.4K
201. Tokyo Decadence,https://www.imdb.com/title/tt0105622/?ref_=sr_t_201,1992,1h 52m,NC-17,5.9,3.7K
202. In the Soup,https://www.imdb.com/title/tt0104503/?ref_=sr_t_202,1992,1h 36m,R,7.1,4.6K
203. Dead Alive,https://www.imdb.com/title/tt0103873/?ref_=sr_t_203,1992,1h 44m,R,7.5,106K
204. Falling from Grace,https://www.imdb.com/title/tt0104225/?ref_=sr_t_204,1992,1h 40m,PG-13,5.5,734
205. Fifty/Fifty,https://www.imdb.com/title/tt0106902/?ref_=sr_t_205,1992,1h 41m,R,5.6,935
206. Man Bites Dog,https://www.imdb.com/title/tt0103905/?ref_=sr_t_206,1992,1h 35m,NC-17,7.4,45K
207. Romper Stomper,https://www.imdb.com/title/tt0105275/?ref_=sr_t_207,1992,1h 34m,R,6.8,42K
208. My New Gun,https://www.imdb.com/title/tt0104954/?ref_=sr_t_208,1992,1h 39m,R,5.3,856
209. Roadside Prophets,https://www.imdb.com/title/tt0105267/?ref_=sr_t_209,1992,1h 36m,R,6.3,1.5K
210. Simple Men,https://www.imdb.com/title/tt0105411/?ref_=sr_t_210,1992,1h 45m,R,7.1,4.9K
211. No Place to Hide,https://www.imdb.com/title/tt0105009/?ref_=sr_t_211,1992,1h 38m,R,5.1,824
212. Guncrazy,https://www.imdb.com/title/tt0104377/?ref_=sr_t_212,1992,1h 37m,R,5.5,2.7K
213. Crush,https://www.imdb.com/title/tt0104033/?ref_=sr_t_213,1992,1h 37m,Unrated,6.1,569
214. A Place in the World,https://www.imdb.com/title/tt0104774/?ref_=sr_t_214,1992,2h,PG,7.7,2.9K
215. L'affût,https://www.imdb.com/title/tt0103625/?ref_=sr_t_215,1992,1h 43m,PG,6.9,53
216. Betty,https://www.imdb.com/title/tt0103800/?ref_=sr_t_216,1992,1h 43m,Not Rated,6.8,1.8K
217. High Lonesome: The Story of Bluegrass Music,https://www.imdb.com/title/tt0107111/?ref_=sr_t_217,1992,1h 35m,Not Rated,7.9,144
218. Breaking the Rules,https://www.imdb.com/title/tt0103877/?ref_=sr_t_218,1992,1h 40m,PG-13,5.5,760
219. Feed,https://www.imdb.com/title/tt0104244/?ref_=sr_t_219,1992,1h 16m,Not Rated,6.4,197
220. Mac,https://www.imdb.com/title/tt0104783/?ref_=sr_t_220,1992,1h 57m,R,6.2,1.1K
221. Twist,https://www.imdb.com/title/tt0105667/?ref_=sr_t_221,1992,1h 14m,PG,7.6,158
222. Rebels of the Neon God,https://www.imdb.com/title/tt0103935/?ref_=sr_t_222,1992,1h 46m,Not Rated,7.5,5.8K
223. L.627,https://www.imdb.com/title/tt0104658/?ref_=sr_t_223,1992,2h 25m,R,7.2,2.2K
224. Hyenas,https://www.imdb.com/title/tt0104467/?ref_=sr_t_224,1992,1h 50m,Not Rated,7.4,1.4K
225. Wild West,https://www.imdb.com/title/tt0105820/?ref_=sr_t_225,1992,1h 25m,R,5.7,181
226. A Tale of Winter,https://www.imdb.com/title/tt0104008/?ref_=sr_t_226,1992,1h 54m,Not Rated,7.2,6.4K
227. The Long Day Closes,https://www.imdb.com/title/tt0104753/?ref_=sr_t_227,1992,1h 25m,PG,7.3,4.2K
228. That Night,https://www.imdb.com/title/tt0105572/?ref_=sr_t_228,1992,1h 29m,PG-13,6.6,3.3K
229. Fathers & Sons,https://www.imdb.com/title/tt0104240/?ref_=sr_t_229,1992,1h 49m,R,4.9,916
230. Flaming Ears,https://www.imdb.com/title/tt0104278/?ref_=sr_t_230,1992,1h 29m,Unrated,5.4,152
231. The Vagrant,https://www.imdb.com/title/tt0105719/?ref_=sr_t_231,1992,1h 31m,R,5.8,2.1K
232. When the Party's Over,https://www.imdb.com/title/tt0105807/?ref_=sr_t_232,1992,1h 54m,R,4.8,1.2K
233. High Strung,https://www.imdb.com/title/tt0102032/?ref_=sr_t_233,1992,1h 33m,PG,6.6,2.2K
234. All Ladies Do It,https://www.imdb.com/title/tt0104014/?ref_=sr_t_234,1992,1h 37m,Not Rated,5.2,6.7K
"235. Jamón, Jamón",https://www.imdb.com/title/tt0104545/?ref_=sr_t_235,1992,1h 35m,R,6.4,16K
236. Foxy Lady,https://www.imdb.com/title/tt0111222/?ref_=sr_t_236,1992,1h 22m,,4.4,680
237. Hard Boiled,https://www.imdb.com/title/tt0104684/?ref_=sr_t_237,1992,2h 8m,R,7.7,55K
238. Midori,https://www.imdb.com/title/tt0930902/?ref_=sr_t_238,1992,55m,Unrated,6.3,4.1K
239. Miracle Beach,https://www.imdb.com/title/tt0104879/?ref_=sr_t_239,1992,1h 28m,R,5.5,2K
240. Wuthering Heights,https://www.imdb.com/title/tt0104181/?ref_=sr_t_240,1992,1h 45m,PG,6.6,15K
241. For a Lost Soldier,https://www.imdb.com/title/tt0108504/?ref_=sr_t_241,1992,1h 32m,Unrated,7.5,5K
"242. Dearest Relatives, Poisonous Relations",https://www.imdb.com/title/tt0105097/?ref_=sr_t_242,1992,1h 45m,,7.3,2.5K
243. Evil Toons,https://www.imdb.com/title/tt0099524/?ref_=sr_t_243,1992,1h 30m,R,4.2,3.9K
244. Benny's Video,https://www.imdb.com/title/tt0103793/?ref_=sr_t_244,1992,1h 50m,Not Rated,7.1,19K
245. Mikey,https://www.imdb.com/title/tt0104870/?ref_=sr_t_245,1992,1h 32m,R,5.7,3.4K
246. Chamatkar,https://www.imdb.com/title/tt0126234/?ref_=sr_t_246,1992,2h 51m,Not Rated,6.5,7.3K
247. Critters 4,https://www.imdb.com/title/tt0101628/?ref_=sr_t_247,1992,1h 27m,PG-13,4.1,8.6K
248. Dust Devil,https://www.imdb.com/title/tt0104155/?ref_=sr_t_248,1992,1h 27m,R,6.2,6.1K
249. House of Angels,https://www.imdb.com/title/tt0105916/?ref_=sr_t_249,1992,2h 7m,R,6.4,5.5K
250. Meatballs 4,https://www.imdb.com/title/tt0104837/?ref_=sr_t_250,1992,1h 24m,R,3.5,2.6K
251. Auntie Lee's Meat Pies,https://www.imdb.com/title/tt0106323/?ref_=sr_t_251,1992,1h 40m,R,5.0,1.1K
252. Hard Hunted,https://www.imdb.com/title/tt0104391/?ref_=sr_t_252,1992,1h 37m,R,4.2,1.5K
253. The Oak,https://www.imdb.com/title/tt0103969/?ref_=sr_t_253,1992,1h 45m,,7.9,4K
254. Waxwork II: Lost in Time,https://www.imdb.com/title/tt0105792/?ref_=sr_t_254,1992,1h 44m,R,5.4,5.1K
255. Dreaming About You,https://www.imdb.com/title/tt0103705/?ref_=sr_t_255,1992,1h 30m,TV-MA,5.8,506
256. The Seventh Horse of the Sun,https://www.imdb.com/title/tt0108256/?ref_=sr_t_256,1992,2h 10m,Not Rated,7.9,1K
257. Ostinato destino,https://www.imdb.com/title/tt0137142/?ref_=sr_t_257,1992,1h 33m,,4.7,316
258. Carry on Columbus,https://www.imdb.com/title/tt0103927/?ref_=sr_t_258,1992,1h 31m,R,3.4,2.7K
259. And Life Goes On,https://www.imdb.com/title/tt0105888/?ref_=sr_t_259,1992,1h 35m,Not Rated,7.9,8K
260. The Burning Moon,https://www.imdb.com/title/tt0103898/?ref_=sr_t_260,1992,1h 26m,Not Rated,5.2,1.3K
261. Maniac Cop 3: Badge of Silence,https://www.imdb.com/title/tt0104808/?ref_=sr_t_261,1992,1h 25m,R,5.0,5.3K
262. Doctor Mordrid,https://www.imdb.com/title/tt0104115/?ref_=sr_t_262,1992,1h 14m,R,5.4,2.4K
263. Crumb at a Gallop,https://www.imdb.com/title/tt0104642/?ref_=sr_t_263,1992,1h 37m,Not Rated,5.6,925
264. Meet the Parents,https://www.imdb.com/title/tt0104844/?ref_=sr_t_264,1992,1h 15m,Not Rated,6.7,259
265. They Bite,https://www.imdb.com/title/tt0140614/?ref_=sr_t_265,1992,1h 38m,R,4.6,465
266. Godzilla and Mothra: The Battle for Earth,https://www.imdb.com/title/tt0104352/?ref_=sr_t_266,1992,1h 40m,Not Rated,6.1,5.8K
267. The Dark Side of the Heart,https://www.imdb.com/title/tt0104662/?ref_=sr_t_267,1992,2h 7m,R,7.3,4.2K
268. Lotta på Bråkmakargatan,https://www.imdb.com/title/tt0104761/?ref_=sr_t_268,1992,1h 14m,,5.8,1.6K
269. Night Rhythms,https://www.imdb.com/title/tt0104999/?ref_=sr_t_269,1992,1h 39m,R,5.0,363
270. Full Contact,https://www.imdb.com/title/tt0105851/?ref_=sr_t_270,1992,1h 39m,R,7.1,5K
271. Kickboxer 3: The Art of War,https://www.imdb.com/title/tt0104609/?ref_=sr_t_271,1992,1h 32m,R,4.2,3.7K
272. Comet in Moominland,https://www.imdb.com/title/tt0240425/?ref_=sr_t_272,1992,1h 10m,,7.6,2.4K
"273. Ranma ½: The Movie 2, Nihao My Concubine",https://www.imdb.com/title/tt0104604/?ref_=sr_t_273,1992,1h,Not Rated,7.2,1K
274. Jönssonligan & den svarta diamanten,https://www.imdb.com/title/tt0104581/?ref_=sr_t_274,1992,1h 44m,,5.5,3.2K
275. Live Wire,https://www.imdb.com/title/tt0104743/?ref_=sr_t_275,1992,1h 25m,R,5.6,4.1K
276. Bikini Beach Race,https://www.imdb.com/title/tt0103811/?ref_=sr_t_276,1992,1h 45m,,3.3,319
277. Jersey Girl,https://www.imdb.com/title/tt0104550/?ref_=sr_t_277,1992,1h 35m,PG-13,6.1,1.8K
278. Flodder in Amerika!,https://www.imdb.com/title/tt0104279/?ref_=sr_t_278,1992,2h,,5.7,5.2K
279. Rescue Me,https://www.imdb.com/title/tt0107949/?ref_=sr_t_279,1992,1h 39m,PG-13,5.0,951
280. Bikini Summer II,https://www.imdb.com/title/tt0103813/?ref_=sr_t_280,1992,1h 25m,R,3.3,520
281. Min store tjocke far,https://www.imdb.com/title/tt0104873/?ref_=sr_t_281,1992,1h 42m,,5.4,443
282. Thevar Magan,https://www.imdb.com/title/tt0105575/?ref_=sr_t_282,1992,2h 25m,,8.7,8.4K
283. Praying with Anger,https://www.imdb.com/title/tt0105162/?ref_=sr_t_283,1992,1h 41m,PG-13,4.4,1.1K
284. Det skaldede spøgelse,https://www.imdb.com/title/tt0123271/?ref_=sr_t_284,1992,1h 15m,,5.5,256
285. Vishwatma,https://www.imdb.com/title/tt0130350/?ref_=sr_t_285,1992,2h 54m,,6.5,1.6K
286. Maruta 2: Laboratory of the Devil,https://www.imdb.com/title/tt0099757/?ref_=sr_t_286,1992,1h 36m,,4.3,723
287. Double Trouble,https://www.imdb.com/title/tt0104135/?ref_=sr_t_287,1992,1h 26m,R,4.2,2.2K
"288. Oh, What a Night",https://www.imdb.com/title/tt0105048/?ref_=sr_t_288,1992,1h 33m,PG-13,5.8,596
289. Dance with Death,https://www.imdb.com/title/tt0101653/?ref_=sr_t_289,1992,1h 30m,R,4.6,452
290. Naked Killer,https://www.imdb.com/title/tt0109412/?ref_=sr_t_290,1992,1h 29m,R,5.9,2.8K
291. Munchie,https://www.imdb.com/title/tt0104938/?ref_=sr_t_291,1992,1h 20m,PG,3.5,1.2K
292. Mirror Images,https://www.imdb.com/title/tt0102452/?ref_=sr_t_292,1992,1h 33m,R,4.2,498
293. The Inheritance or Fuckoffguysgoodday,https://www.imdb.com/title/tt0106693/?ref_=sr_t_293,1992,2h,,7.6,2.7K
294. The Bikini Carwash Company,https://www.imdb.com/title/tt0103812/?ref_=sr_t_294,1992,1h 27m,R,4.5,1.2K
295. Aclà,https://www.imdb.com/title/tt0104111/?ref_=sr_t_295,1992,1h 26m,,7.1,436
296. Body Waves,https://www.imdb.com/title/tt0103854/?ref_=sr_t_296,1992,1h 20m,R,3.5,266
297. Roja,https://www.imdb.com/title/tt0105271/?ref_=sr_t_297,1992,2h 17m,,8.1,14K
298. Foreboding,https://www.imdb.com/title/tt0105163/?ref_=sr_t_298,1992,1h 29m,Not Rated,5.1,59
299. The Naked Truth,https://www.imdb.com/title/tt0104969/?ref_=sr_t_299,1992,1h 44m,Not Rated,3.6,1.4K
300. Illicit Behavior,https://www.imdb.com/title/tt0104485/?ref_=sr_t_300,1992,1h 41m,Unrated,5.0,395
301. The Bohemian Life,https://www.imdb.com/title/tt0105750/?ref_=sr_t_301,1992,1h 43m,Not Rated,7.6,6.7K
302. Divertimento,https://www.imdb.com/title/tt0101429/?ref_=sr_t_302,1992,2h 5m,,7.4,744
303. Cthulhu Mansion,https://www.imdb.com/title/tt0100108/?ref_=sr_t_303,1992,1h 32m,R,4.1,989
304. Jo Jeeta Wohi Sikandar,https://www.imdb.com/title/tt0104561/?ref_=sr_t_304,1992,2h 54m,Not Rated,8.1,25K
305. To Sleep with a Vampire,https://www.imdb.com/title/tt0108348/?ref_=sr_t_305,1992,1h 21m,R,5.1,509
306. Once Upon a Time in China II,https://www.imdb.com/title/tt0105839/?ref_=sr_t_306,1992,1h 53m,R,7.3,11K
307. Claire of the Moon,https://www.imdb.com/title/tt0103977/?ref_=sr_t_307,1992,1h 47m,Unrated,5.1,1.1K
308. Dream of Light,https://www.imdb.com/title/tt0105438/?ref_=sr_t_308,1992,2h 13m,,7.7,2.2K
309. Royal Tramp II,https://www.imdb.com/title/tt0104771/?ref_=sr_t_309,1992,1h 38m,R,7.0,3.1K
310. Only You,https://www.imdb.com/title/tt0105059/?ref_=sr_t_310,1992,1h 25m,PG-13,5.3,3K
311. Lakki... The Boy Who Could Fly,https://www.imdb.com/title/tt0104673/?ref_=sr_t_311,1992,1h 42m,,5.2,291
312. Twogether,https://www.imdb.com/title/tt0105670/?ref_=sr_t_312,1992,2h,R,4.6,250
313. Yalgaar,https://www.imdb.com/title/tt0105866/?ref_=sr_t_313,1992,3h 12m,Not Rated,5.5,543
314. Sunday's Children,https://www.imdb.com/title/tt0105511/?ref_=sr_t_314,1992,1h 58m,,6.9,906
315. Blue Ice,https://www.imdb.com/title/tt0103848/?ref_=sr_t_315,1992,1h 45m,R,5.2,1.9K
316. Psy,https://www.imdb.com/title/tt0105185/?ref_=sr_t_316,1992,1h 44m,,7.6,5.7K
317. Zipperface,https://www.imdb.com/title/tt0105898/?ref_=sr_t_317,1992,1h 30m,,3.3,481
318. Hellmaster,https://www.imdb.com/title/tt0165489/?ref_=sr_t_318,1992,1h 36m,Not Rated,3.9,836
319. We Are Not Angels,https://www.imdb.com/title/tt0104860/?ref_=sr_t_319,1992,1h 38m,,8.3,9.7K
320. Swordsman II,https://www.imdb.com/title/tt0103295/?ref_=sr_t_320,1992,1h 52m,R,7.1,4.9K
321. Raat,https://www.imdb.com/title/tt0266875/?ref_=sr_t_321,1992,2h 7m,Not Rated,7.1,1.4K
322. American Samurai,https://www.imdb.com/title/tt0106258/?ref_=sr_t_322,1992,1h 34m,R,4.9,2.2K
323. First Time... Like a Virgin!,https://www.imdb.com/title/tt0438846/?ref_=sr_t_323,1992,2h,,4.9,13
324. The Master,https://www.imdb.com/title/tt0097775/?ref_=sr_t_324,1992,1h 28m,R,5.7,3.1K
325. Raju Ban Gaya Gentleman,https://www.imdb.com/title/tt0173102/?ref_=sr_t_325,1992,2h 32m,,6.7,8.5K
326. In the Heat of Passion,https://www.imdb.com/title/tt0104499/?ref_=sr_t_326,1992,1h 42m,R,5.2,293
327. Honor and Glory,https://www.imdb.com/title/tt0105900/?ref_=sr_t_327,1992,1h 24m,R,4.2,961
328. Schtonk,https://www.imdb.com/title/tt0105328/?ref_=sr_t_328,1992,1h 55m,,7.1,4.1K
329. Tetsuo II: Body Hammer,https://www.imdb.com/title/tt0105569/?ref_=sr_t_329,1992,1h 23m,R,6.4,5.3K
330. There Goes the Neighborhood,https://www.imdb.com/title/tt0105573/?ref_=sr_t_330,1992,1h 28m,PG-13,5.8,1.3K
331. Pushed to the Limit,https://www.imdb.com/title/tt0110918/?ref_=sr_t_331,1992,1h 36m,R,4.1,134
332. Careful,https://www.imdb.com/title/tt0103926/?ref_=sr_t_332,1992,1h 40m,Not Rated,7.0,2K
333. Ax 'Em,https://www.imdb.com/title/tt0349113/?ref_=sr_t_333,1992,1h 11m,R,1.3,2.1K
334. Dragon Ball Z: Super Android 13!,https://www.imdb.com/title/tt0142241/?ref_=sr_t_334,1992,46m,TV-PG,7.0,8.2K
335. Annamalai,https://www.imdb.com/title/tt0139859/?ref_=sr_t_335,1992,2h 44m,Not Rated,7.7,2.5K
336. The Unnamable II: The Statement of Randolph Carter,https://www.imdb.com/title/tt0108447/?ref_=sr_t_336,1992,1h 44m,R,5.1,1.2K
337. Escape from Brothel,https://www.imdb.com/title/tt0104457/?ref_=sr_t_337,1992,1h 37m,,5.5,226
338. Deewana,https://www.imdb.com/title/tt0126871/?ref_=sr_t_338,1992,3h 5m,Not Rated,6.7,7.7K
339. The Turning,https://www.imdb.com/title/tt0105660/?ref_=sr_t_339,1992,1h 31m,R,4.3,541
340. Tharle Nan Maga,https://www.imdb.com/title/tt11867398/?ref_=sr_t_340,1992,1h 49m,,8.3,179
341. Talons of the Eagle,https://www.imdb.com/title/tt0105530/?ref_=sr_t_341,1992,1h 36m,R,5.0,692
342. Die Tigerin,https://www.imdb.com/title/tt0105593/?ref_=sr_t_342,1992,1h 23m,R,5.2,125
343. Dragon Inn,https://www.imdb.com/title/tt0105859/?ref_=sr_t_343,1992,1h 28m,,7.2,5K
344. Child's Play,https://www.imdb.com/title/tt0104615/?ref_=sr_t_344,1992,1h 51m,,7.2,212
345. Dil Aashna Hai (...The Heart Knows),https://www.imdb.com/title/tt0101732/?ref_=sr_t_345,1992,2h 44m,,4.9,1.9K
346. Rock and Roll Fantasy,https://www.imdb.com/title/tt0111245/?ref_=sr_t_346,1992,1h 31m,R,3.4,214
347. Frogtown II,https://www.imdb.com/title/tt0106970/?ref_=sr_t_347,1992,1h 30m,PG-13,3.3,446
348. Fighting Spirit,https://www.imdb.com/title/tt0104260/?ref_=sr_t_348,1992,1h 32m,,3.6,158
"349. All's Well, Ends Well",https://www.imdb.com/title/tt0104553/?ref_=sr_t_349,1992,1h 40m,Not Rated,7.2,2.7K
350. Erotic Ghost Story III,https://www.imdb.com/title/tt0104719/?ref_=sr_t_350,1992,1h 34m,,5.3,314
351. Ironheart,https://www.imdb.com/title/tt0104530/?ref_=sr_t_351,1992,1h 32m,R,3.4,595
352. Balwaan,https://www.imdb.com/title/tt0103763/?ref_=sr_t_352,1992,2h 22m,Not Rated,4.7,271
353. Once Upon a Time in China III,https://www.imdb.com/title/tt0108592/?ref_=sr_t_353,1992,2h 5m,R,6.7,7.9K
354. The Wicked City,https://www.imdb.com/title/tt0105869/?ref_=sr_t_354,1992,1h 36m,Not Rated,5.7,1.1K
"355. Saint Tropez, Saint Tropez",https://www.imdb.com/title/tt0166335/?ref_=sr_t_355,1992,1h 44m,,3.8,224
356. Orkney Snork Nie! (die movie): 'Dis Lekker By Die See',https://www.imdb.com/title/tt2156917/?ref_=sr_t_356,1992,1h 38m,,7.5,80
357. The Moon Warriors,https://www.imdb.com/title/tt0108650/?ref_=sr_t_357,1992,1h 27m,Not Rated,6.4,1.1K
358. Can It Be Love,https://www.imdb.com/title/tt0103917/?ref_=sr_t_358,1992,1h 30m,R,4.5,206
359. Requiem for a Maiden,https://www.imdb.com/title/tt0102774/?ref_=sr_t_359,1992,1h 39m,,7.2,409
360. Spider,https://www.imdb.com/title/tt0193660/?ref_=sr_t_360,1992,1h 38m,,6.6,423
361. Chechu y familia,https://www.imdb.com/title/tt0103948/?ref_=sr_t_361,1992,1h 21m,,4.5,178
362. Rage and Honor,https://www.imdb.com/title/tt0105212/?ref_=sr_t_362,1992,1h 29m,R,5.1,1K
363. Tiger Claws,https://www.imdb.com/title/tt0105592/?ref_=sr_t_363,1992,1h 32m,R,5.4,1.3K
364. Immaculate Conception,https://www.imdb.com/title/tt0104489/?ref_=sr_t_364,1992,2h,Not Rated,6.1,250
365. Laws of Gravity,https://www.imdb.com/title/tt0104693/?ref_=sr_t_365,1992,1h 40m,R,6.7,1.3K
366. Courage,https://www.imdb.com/title/tt0267617/?ref_=sr_t_366,1992,2h 41m,,5.1,926
367. The Railway Station Man,https://www.imdb.com/title/tt0105214/?ref_=sr_t_367,1992,1h 36m,,6.0,393
368. Ghost Punting,https://www.imdb.com/title/tt0103290/?ref_=sr_t_368,1992,1h 34m,,5.4,258
369. Suryavanshi,https://www.imdb.com/title/tt0105500/?ref_=sr_t_369,1992,2h 41m,,4.4,1.3K
370. The Long Shadow,https://www.imdb.com/title/tt0104754/?ref_=sr_t_370,1992,1h 20m,,5.7,102
371. Afghan Breakdown,https://www.imdb.com/title/tt0098990/?ref_=sr_t_371,1992,2h 20m,,7.1,597
372. Anne of Green Gables: Road to Green Gables,https://www.imdb.com/title/tt2555422/?ref_=sr_t_372,1992,1h 40m,,7.2,434
373. Gypsy Eyes,https://www.imdb.com/title/tt0104380/?ref_=sr_t_373,1992,1h 27m,Not Rated,4.5,277
374. Final Impact,https://www.imdb.com/title/tt0104267/?ref_=sr_t_374,1992,1h 39m,R,4.6,678
375. Killer Image,https://www.imdb.com/title/tt0104613/?ref_=sr_t_375,1992,1h 34m,R,4.5,308
376. Chain of Desire,https://www.imdb.com/title/tt0103936/?ref_=sr_t_376,1992,1h 47m,Unrated,4.8,505
377. Life After Sex,https://www.imdb.com/title/tt0104727/?ref_=sr_t_377,1992,1h 21m,,4.2,79
378. Ultraviolet,https://www.imdb.com/title/tt0105681/?ref_=sr_t_378,1992,1h 20m,R,4.9,192
379. Interceptor,https://www.imdb.com/title/tt0104516/?ref_=sr_t_379,1992,1h 32m,R,4.8,751
380. CIA Code Name: Alexa,https://www.imdb.com/title/tt0103907/?ref_=sr_t_380,1992,1h 33m,R,4.3,845
381. The Stolen Diary,https://www.imdb.com/title/tt0103912/?ref_=sr_t_381,1992,1h 50m,,6.5,124
382. The Magic Voyage,https://www.imdb.com/title/tt0103609/?ref_=sr_t_382,1992,1h 22m,G,3.5,977
383. Ek Ladka Ek Ladki,https://www.imdb.com/title/tt0291883/?ref_=sr_t_383,1992,2h 42m,Not Rated,5.8,1.3K
384. Dr. Lamb,https://www.imdb.com/title/tt0104319/?ref_=sr_t_384,1992,1h 29m,Not Rated,5.9,997
385. Knockouts,https://www.imdb.com/title/tt0104629/?ref_=sr_t_385,1992,1h 29m,R,4.8,140
386. Shola Aur Shabnam,https://www.imdb.com/title/tt0105394/?ref_=sr_t_386,1992,2h 45m,Not Rated,6.5,1.3K
"387. Sumo Do, Sumo Don't",https://www.imdb.com/title/tt0105388/?ref_=sr_t_387,1992,1h 45m,,7.2,1K
388. The Nutt House,https://www.imdb.com/title/tt0105034/?ref_=sr_t_388,1992,1h 34m,PG-13,3.7,1.3K
389. Bad Boy II,https://www.imdb.com/title/tt0440075/?ref_=sr_t_389,1992,1h 58m,,5.8,21
390. Jesus dela Cruz at ang mga batang riles,https://www.imdb.com/title/tt4996794/?ref_=sr_t_390,1992,,,,
391. The Yellow Mercedes,https://www.imdb.com/title/tt0200637/?ref_=sr_t_391,1992,1h 30m,,7.8,3.6K
392. Seedpeople,https://www.imdb.com/title/tt0105347/?ref_=sr_t_392,1992,1h 27m,R,4.4,1.3K
393. Netherworld,https://www.imdb.com/title/tt0104987/?ref_=sr_t_393,1992,1h 25m,R,4.3,1.3K
394. Tahalka,https://www.imdb.com/title/tt0423313/?ref_=sr_t_394,1992,2h 48m,Not Rated,5.7,413
395. Swoon,https://www.imdb.com/title/tt0105508/?ref_=sr_t_395,1992,1h 33m,R,6.6,2K
396. Severed Ties,https://www.imdb.com/title/tt0101368/?ref_=sr_t_396,1992,1h 32m,R,4.5,785
397. King of Beggars,https://www.imdb.com/title/tt0100963/?ref_=sr_t_397,1992,1h 41m,TV-14,6.8,4.3K
398. Double Threat,https://www.imdb.com/title/tt0104134/?ref_=sr_t_398,1992,1h 33m,R,4.8,212
399. Hold Me Thrill Me Kiss Me,https://www.imdb.com/title/tt0104428/?ref_=sr_t_399,1992,1h 32m,R,5.9,619
400. Diên Biên Phú,https://www.imdb.com/title/tt0104105/?ref_=sr_t_400,1992,2h 20m,,6.2,1.1K
401. Alabang Girls,https://www.imdb.com/title/tt0416464/?ref_=sr_t_401,1992,1h 53m,,3.8,62
402. Naalaiya Theerpu,https://www.imdb.com/title/tt1988733/?ref_=sr_t_402,1992,2h 20m,Not Rated,7.3,1.4K
403. Daens,https://www.imdb.com/title/tt0104046/?ref_=sr_t_403,1992,2h 18m,,7.5,4.5K
404. Unfaithful Wife: Shameful Torture,https://www.imdb.com/title/tt0105392/?ref_=sr_t_404,1992,1h 4m,Not Rated,5.5,349
405. Sadayam,https://www.imdb.com/title/tt0237682/?ref_=sr_t_405,1992,2h 27m,,8.4,1.1K
406. Lady Dragon,https://www.imdb.com/title/tt0104667/?ref_=sr_t_406,1992,1h 37m,R,5.0,758
407. Mr. Bond,https://www.imdb.com/title/tt0104927/?ref_=sr_t_407,1992,2h 7m,Not Rated,3.4,705
408. Unbecoming Age,https://www.imdb.com/title/tt0105685/?ref_=sr_t_408,1992,1h 32m,PG-13,4.3,352
409. Sunset Strip,https://www.imdb.com/title/tt0105493/?ref_=sr_t_409,1992,1h 35m,R,3.6,140
410. Crystal Force,https://www.imdb.com/title/tt0099330/?ref_=sr_t_410,1992,1h 22m,R,3.5,170
411. Bol Radha Bol,https://www.imdb.com/title/tt0172188/?ref_=sr_t_411,1992,2h 44m,,6.1,927
412. La crise,https://www.imdb.com/title/tt0104025/?ref_=sr_t_412,1992,1h 35m,,6.8,1.5K
413. Khiladi,https://www.imdb.com/title/tt0104605/?ref_=sr_t_413,1992,2h 37m,Not Rated,7.1,8.6K
414. Evil Dead Trap 2,https://www.imdb.com/title/tt0203132/?ref_=sr_t_414,1992,1h 37m,,5.3,949
415. Desire,https://www.imdb.com/title/tt0105306/?ref_=sr_t_415,1992,1h 50m,R,6.1,1.3K
416. Cows,https://www.imdb.com/title/tt0103186/?ref_=sr_t_416,1992,1h 36m,,7.1,4K
417. Blackbelt,https://www.imdb.com/title/tt0103825/?ref_=sr_t_417,1992,1h 25m,R,5.1,821
418. The Lost World,https://www.imdb.com/title/tt0104759/?ref_=sr_t_418,1992,1h 39m,,5.4,1.4K
419. Split Infinity,https://www.imdb.com/title/tt0213260/?ref_=sr_t_419,1992,1h 30m,Unrated,6.4,340
420. Fraternity Demon,https://www.imdb.com/title/tt0121297/?ref_=sr_t_420,1992,1h 26m,R,3.4,224
421. Cilveka berns,https://www.imdb.com/title/tt0103971/?ref_=sr_t_421,1992,1h 38m,,8.0,523
422. Star Time,https://www.imdb.com/title/tt0105464/?ref_=sr_t_422,1992,1h 25m,,5.8,472
423. Intimate Obsession,https://www.imdb.com/title/tt0104518/?ref_=sr_t_423,1992,1h 31m,R,4.1,273
424. Dragon Ball Z: The Return of Cooler,https://www.imdb.com/title/tt0142237/?ref_=sr_t_424,1992,45m,Not Rated,6.9,8.9K
425. Kraven,https://www.imdb.com/title/tt4165420/?ref_=sr_t_425,1992,1h 9m,,5.5,11
426. Céline,https://www.imdb.com/title/tt0103932/?ref_=sr_t_426,1992,1h 28m,Not Rated,7.0,647
427. Heer Ranjha,https://www.imdb.com/title/tt0104404/?ref_=sr_t_427,1992,2h 39m,Not Rated,5.2,216
428. Narcos,https://www.imdb.com/title/tt0104971/?ref_=sr_t_428,1992,1h 45m,,7.1,128
429. Yoddha,https://www.imdb.com/title/tt0290937/?ref_=sr_t_429,1992,2h 29m,Not Rated,8.4,5K
430. Cropped Head,https://www.imdb.com/title/tt0107922/?ref_=sr_t_430,1992,1h 15m,Not Rated,6.6,862
431. Maa,https://www.imdb.com/title/tt0246766/?ref_=sr_t_431,1992,2h 25m,,5.9,134
432. Dil Ka Kya Kasoor,https://www.imdb.com/title/tt0193102/?ref_=sr_t_432,1992,2h 37m,,5.7,269
433. Operation Scorpio,https://www.imdb.com/title/tt0102159/?ref_=sr_t_433,1992,1h 39m,PG-13,6.9,688
434. The Assassinator,https://www.imdb.com/title/tt0819824/?ref_=sr_t_434,1992,1h 29m,,6.3,14
435. Red Mob,https://www.imdb.com/title/tt0106564/?ref_=sr_t_435,1992,1h 52m,Not Rated,5.4,163
436. The Black Bomber,https://www.imdb.com/title/tt0104028/?ref_=sr_t_436,1992,1h 56m,,7.8,3.7K
437. Genghis Khan: The Story of a Lifetime,https://www.imdb.com/title/tt1280009/?ref_=sr_t_437,1992,2h,,6.6,135
438. The Plague,https://www.imdb.com/title/tt0105127/?ref_=sr_t_438,1992,2h 28m,R,5.6,992
439. Cash on Delivery,https://www.imdb.com/title/tt0105880/?ref_=sr_t_439,1992,1h 35m,Unrated,4.7,171
440. Round Trip to Heaven,https://www.imdb.com/title/tt0105289/?ref_=sr_t_440,1992,1h 37m,R,4.2,1.1K
441. Detour,https://www.imdb.com/title/tt0104093/?ref_=sr_t_441,1992,1h 31m,Unrated,5.4,62
442. Manufacturing Consent: Noam Chomsky and the Media,https://www.imdb.com/title/tt0104810/?ref_=sr_t_442,1992,2h 47m,Not Rated,8.1,5K
443. Ngayon at kailanman,https://www.imdb.com/title/tt0345705/?ref_=sr_t_443,1992,1h 39m,,6.2,20
444. Hot Under the Collar,https://www.imdb.com/title/tt0102060/?ref_=sr_t_444,1992,1h 27m,R,3.3,222
445. Return to the Lost World,https://www.imdb.com/title/tt0105249/?ref_=sr_t_445,1992,1h 34m,PG,5.0,688
446. Minbo,https://www.imdb.com/title/tt0104874/?ref_=sr_t_446,1992,2h 3m,,7.3,1.2K
447. Ossessione fatale,https://www.imdb.com/title/tt0102604/?ref_=sr_t_447,1992,1h 27m,,4.6,133
448. Videograms of a Revolution,https://www.imdb.com/title/tt0108489/?ref_=sr_t_448,1992,1h 46m,,8.0,698
449. Body Puzzle,https://www.imdb.com/title/tt0101493/?ref_=sr_t_449,1992,1h 38m,Not Rated,5.3,1K
450. The Turn of the Screw,https://www.imdb.com/title/tt0105659/?ref_=sr_t_450,1992,1h 35m,R,5.4,618
451. Frozen Assets,https://www.imdb.com/title/tt0104309/?ref_=sr_t_451,1992,1h 36m,PG-13,3.3,603
452. Little Sharks,https://www.imdb.com/title/tt0107330/?ref_=sr_t_452,1992,1h 27m,,7.5,1.5K
453. Hashire Melos!,https://www.imdb.com/title/tt2572196/?ref_=sr_t_453,1992,1h 47m,,7.2,117
454. Tale of a Vampire,https://www.imdb.com/title/tt0105527/?ref_=sr_t_454,1992,1h 33m,R,5.2,825
455. Jaan Tere Naam,https://www.imdb.com/title/tt0470381/?ref_=sr_t_455,1992,2h 30m,Not Rated,5.7,191
456. Junoon,https://www.imdb.com/title/tt0156658/?ref_=sr_t_456,1992,2h 3m,Not Rated,5.6,690
457. Black Cat 2,https://www.imdb.com/title/tt0104405/?ref_=sr_t_457,1992,1h 30m,,5.1,323
458. Dark Horse,https://www.imdb.com/title/tt0104054/?ref_=sr_t_458,1992,1h 38m,PG,6.9,918
459. Tito and Me,https://www.imdb.com/title/tt0105602/?ref_=sr_t_459,1992,1h 44m,,7.9,6.3K
460. Submission of a Woman,https://www.imdb.com/title/tt0238012/?ref_=sr_t_460,1992,1h 36m,,4.4,114
461. Fight Back to School II,https://www.imdb.com/title/tt0105534/?ref_=sr_t_461,1992,1h 46m,,6.6,3.1K
462. Amoureuse,https://www.imdb.com/title/tt0103681/?ref_=sr_t_462,1992,1h 39m,,5.4,256
463. David Cole Interviews Dr. Franciszek Piper,https://www.imdb.com/title/tt3248020/?ref_=sr_t_463,1992,1h 2m,Not Rated,8.2,122
464. It Was a Wonderful Life,https://www.imdb.com/title/tt0107232/?ref_=sr_t_464,1992,1h 22m,,7.1,153
465. Close Friends,https://www.imdb.com/title/tt0103675/?ref_=sr_t_465,1992,1h 50m,,6.2,136
466. Forbidden Love: The Unashamed Stories of Lesbian Lives,https://www.imdb.com/title/tt0106944/?ref_=sr_t_466,1992,1h 25m,,7.4,331
467. Kung Fu Rascals,https://www.imdb.com/title/tt0148388/?ref_=sr_t_467,1992,1h 41m,PG-13,6.8,105
468. Maximum Force,https://www.imdb.com/title/tt0104831/?ref_=sr_t_468,1992,1h 30m,R,4.4,416
469. The Terrorism and the Kebab,https://www.imdb.com/title/tt0107227/?ref_=sr_t_469,1992,1h 45m,,7.7,3.5K
470. Forbidden Homework,https://www.imdb.com/title/tt0105535/?ref_=sr_t_470,1992,1h 20m,Unrated,5.3,280
471. The Silencer,https://www.imdb.com/title/tt0105408/?ref_=sr_t_471,1992,1h 32m,R,4.0,447
472. Killer Tomatoes Eat France!,https://www.imdb.com/title/tt0102210/?ref_=sr_t_472,1992,1h 34m,Not Rated,3.8,1.6K
473. Blinky Bill: The Mischievous Koala,https://www.imdb.com/title/tt0103837/?ref_=sr_t_473,1992,1h 37m,Not Rated,6.2,584
474. Ángel de fuego,https://www.imdb.com/title/tt0105915/?ref_=sr_t_474,1992,1h 35m,,6.5,223
475. Delta Heat,https://www.imdb.com/title/tt0104080/?ref_=sr_t_475,1992,1h 31m,R,5.1,443
476. Cheluvi,https://www.imdb.com/title/tt0231348/?ref_=sr_t_476,1992,1h 42m,,8.5,115
477. Just Like a Woman,https://www.imdb.com/title/tt0104576/?ref_=sr_t_477,1992,1h 45m,R,6.1,551
478. El chivo,https://www.imdb.com/title/tt0326803/?ref_=sr_t_478,1992,1h 25m,,6.0,6
479. Kill Fee,https://www.imdb.com/title/tt0105676/?ref_=sr_t_479,1992,1h 35m,R,5.1,249
480. Narito ang puso ko,https://www.imdb.com/title/tt0312997/?ref_=sr_t_480,1992,1h 58m,,7.8,22
481. I Don't Buy Kisses Anymore,https://www.imdb.com/title/tt0104469/?ref_=sr_t_481,1992,1h 50m,PG,5.8,399
482. Back in the U.S.S.R.,https://www.imdb.com/title/tt0103752/?ref_=sr_t_482,1992,1h 27m,R,4.9,526
483. L'angelo con la pistola,https://www.imdb.com/title/tt0103691/?ref_=sr_t_483,1992,1h 51m,,6.0,72
"484. Mind, Body & Soul",https://www.imdb.com/title/tt0104875/?ref_=sr_t_484,1992,1h 33m,R,3.5,334
485. The Chekist,https://www.imdb.com/title/tt0103949/?ref_=sr_t_485,1992,1h 33m,,7.0,1.2K
486. The Fencing Master,https://www.imdb.com/title/tt0104788/?ref_=sr_t_486,1992,1h 28m,,6.7,805
487. Desperate Remedies,https://www.imdb.com/title/tt0106709/?ref_=sr_t_487,1992,1h 33m,R,6.5,415
488. Last Dance,https://www.imdb.com/title/tt0102269/?ref_=sr_t_488,1992,1h 23m,,4.2,1.5K
489. Play Nice,https://www.imdb.com/title/tt0105147/?ref_=sr_t_489,1992,1h 30m,R,4.0,244
490. Raiders of the Sun,https://www.imdb.com/title/tt0105213/?ref_=sr_t_490,1992,1h 20m,R,4.0,359
491. Ano ba 'yan?,https://www.imdb.com/title/tt0415494/?ref_=sr_t_491,1992,,,7.3,10
492. On the Bridge,https://www.imdb.com/title/tt0105053/?ref_=sr_t_492,1992,1h 35m,,7.3,42
493. My Wife's Lover,https://www.imdb.com/title/tt0122182/?ref_=sr_t_493,1992,1h 23m,Unrated,5.2,79
494. Jatt Jeona Mour,https://www.imdb.com/title/tt0316054/?ref_=sr_t_494,1992,2h 29m,,7.9,119
495. Prototype,https://www.imdb.com/title/tt0105183/?ref_=sr_t_495,1992,1h 38m,R,3.0,707
496. Surviving Desire,https://www.imdb.com/title/tt0103010/?ref_=sr_t_496,1992,53m,Not Rated,7.2,1.9K
497. Die Storie van Klara Viljee,https://www.imdb.com/title/tt0144624/?ref_=sr_t_497,1992,1h 53m,,8.3,72
498. Khuda Gawah,https://www.imdb.com/title/tt0104607/?ref_=sr_t_498,1992,3h 13m,Not Rated,6.5,2.3K
499. Mad at the Moon,https://www.imdb.com/title/tt0104787/?ref_=sr_t_499,1992,1h 38m,R,4.7,583
500. Second Glance,https://www.imdb.com/title/tt0220029/?ref_=sr_t_500,1992,50m,,3.8,547
