Title,Movie Link,Year,Duration,MPA,Rating,Votes
1. The Sound of Music,https://www.imdb.com/title/tt0059742/?ref_=sr_t_1,1965,2h 52m,G,8.1,271K
2. Doctor Zhivago,https://www.imdb.com/title/tt0059113/?ref_=sr_t_2,1965,3h 17m,Approved,7.9,84K
3. Thunderball,https://www.imdb.com/title/tt0059800/?ref_=sr_t_3,1965,2h 10m,Approved,6.9,130K
4. For a Few Dollars More,https://www.imdb.com/title/tt0059578/?ref_=sr_t_4,1965,2h 12m,R,8.2,283K
5. War and Peace,https://www.imdb.com/title/tt0063794/?ref_=sr_t_5,1965,6h 33m,GP,8.3,8.7K
6. Chimes at Midnight,https://www.imdb.com/title/tt0059012/?ref_=sr_t_6,1965,1h 55m,Not Rated,7.6,11K
7. Pierrot le fou,https://www.imdb.com/title/tt0059592/?ref_=sr_t_7,1965,1h 50m,PG-13,7.4,38K
8. Alphaville,https://www.imdb.com/title/tt0058898/?ref_=sr_t_8,1965,1h 39m,Not Rated,7.0,29K
9. Red Beard,https://www.imdb.com/title/tt0058888/?ref_=sr_t_9,1965,3h 5m,Not Rated,8.3,22K
10. Major Dundee,https://www.imdb.com/title/tt0059418/?ref_=sr_t_10,1965,2h 3m,Approved,6.7,9.1K
11. I Knew Her Well,https://www.imdb.com/title/tt0060545/?ref_=sr_t_11,1965,1h 55m,Not Rated,7.6,3.3K
12. Six in Paris,https://www.imdb.com/title/tt0059565/?ref_=sr_t_12,1965,1h 35m,,6.7,1.5K
13. Shakespeare-Wallah,https://www.imdb.com/title/tt0059709/?ref_=sr_t_13,1965,2h,Not Rated,6.8,949
14. Who's Crazy?,https://www.imdb.com/title/tt4775814/?ref_=sr_t_14,1965,1h 13m,,5.8,53
15. The Greatest Story Ever Told,https://www.imdb.com/title/tt0059245/?ref_=sr_t_15,1965,4h 20m,G,6.6,12K
16. The Great Race,https://www.imdb.com/title/tt0059243/?ref_=sr_t_16,1965,2h 40m,Approved,7.2,20K
17. Village of the Giants,https://www.imdb.com/title/tt0059878/?ref_=sr_t_17,1965,1h 21m,Not Rated,3.7,2.8K
18. The Flight of the Phoenix,https://www.imdb.com/title/tt0059183/?ref_=sr_t_18,1965,2h 22m,Approved,7.5,23K
19. The Sons of Katie Elder,https://www.imdb.com/title/tt0059740/?ref_=sr_t_19,1965,2h 2m,Approved,7.1,20K
20. Battle of the Bulge,https://www.imdb.com/title/tt0058947/?ref_=sr_t_20,1965,2h 47m,Approved,6.8,18K
21. Frosty,https://www.imdb.com/title/tt0058374/?ref_=sr_t_21,1965,1h 24m,,6.3,5.7K
22. Cat Ballou,https://www.imdb.com/title/tt0059017/?ref_=sr_t_22,1965,1h 37m,Approved,6.7,17K
23. Sands of the Kalahari,https://www.imdb.com/title/tt0059675/?ref_=sr_t_23,1965,1h 59m,Approved,6.7,1.6K
24. Repulsion,https://www.imdb.com/title/tt0059646/?ref_=sr_t_24,1965,1h 45m,Not Rated,7.6,59K
25. Do Not Disturb,https://www.imdb.com/title/tt0059112/?ref_=sr_t_25,1965,1h 42m,Not Rated,5.8,1.9K
26. What's New Pussycat,https://www.imdb.com/title/tt0059903/?ref_=sr_t_26,1965,1h 48m,Approved,6.1,11K
27. In Harm's Way,https://www.imdb.com/title/tt0059309/?ref_=sr_t_27,1965,2h 45m,Approved,7.3,11K
28. Dear Brigitte,https://www.imdb.com/title/tt0059094/?ref_=sr_t_28,1965,1h 40m,Approved,6.3,1.9K
29. The Spy Who Came in from the Cold,https://www.imdb.com/title/tt0059749/?ref_=sr_t_29,1965,1h 52m,Approved,7.5,19K
"30. Faster, Pussycat! Kill! Kill!",https://www.imdb.com/title/tt0059170/?ref_=sr_t_30,1965,1h 23m,Not Rated,6.6,17K
31. The Collector,https://www.imdb.com/title/tt0059043/?ref_=sr_t_31,1965,1h 59m,Approved,7.5,12K
32. That Darn Cat!,https://www.imdb.com/title/tt0059793/?ref_=sr_t_32,1965,1h 56m,G,6.7,8.2K
33. Dr. Who and the Daleks,https://www.imdb.com/title/tt0059126/?ref_=sr_t_33,1965,1h 22m,Not Rated,5.6,5.5K
34. Help!,https://www.imdb.com/title/tt0059260/?ref_=sr_t_34,1965,1h 32m,G,7.1,22K
35. Those Magnificent Men in Their Flying Machines or How I Flew from London to Paris in 25 Hours 11 Minutes,https://www.imdb.com/title/tt0059797/?ref_=sr_t_35,1965,2h 18m,G,7.0,9.4K
36. The Cincinnati Kid,https://www.imdb.com/title/tt0059037/?ref_=sr_t_36,1965,1h 42m,TV-14,7.2,19K
37. The Ipcress File,https://www.imdb.com/title/tt0059319/?ref_=sr_t_37,1965,1h 49m,Approved,7.2,18K
38. She,https://www.imdb.com/title/tt0059710/?ref_=sr_t_38,1965,1h 46m,Approved,5.8,3.7K
39. Invasion of Astro-Monster,https://www.imdb.com/title/tt0059346/?ref_=sr_t_39,1965,1h 33m,G,6.2,7.9K
40. The Hill,https://www.imdb.com/title/tt0059274/?ref_=sr_t_40,1965,2h 3m,Approved,7.8,16K
41. Shenandoah,https://www.imdb.com/title/tt0059711/?ref_=sr_t_41,1965,1h 45m,Approved,7.3,9.9K
42. Planet of the Vampires,https://www.imdb.com/title/tt0059792/?ref_=sr_t_42,1965,1h 28m,Not Rated,6.2,7.4K
43. How to Murder Your Wife,https://www.imdb.com/title/tt0058212/?ref_=sr_t_43,1965,1h 58m,Approved,6.5,7.2K
44. Von Ryan's Express,https://www.imdb.com/title/tt0059885/?ref_=sr_t_44,1965,1h 57m,Approved,7.1,15K
45. Ship of Fools,https://www.imdb.com/title/tt0059712/?ref_=sr_t_45,1965,2h 29m,Approved,7.1,7.2K
46. A Patch of Blue,https://www.imdb.com/title/tt0059573/?ref_=sr_t_46,1965,1h 45m,Approved,8.0,9.8K
47. Juliet of the Spirits,https://www.imdb.com/title/tt0059229/?ref_=sr_t_47,1965,2h 17m,Not Rated,7.4,15K
48. The Hallelujah Trail,https://www.imdb.com/title/tt0059250/?ref_=sr_t_48,1965,2h 45m,Approved,6.5,4.6K
49. The Heroes of Telemark,https://www.imdb.com/title/tt0059263/?ref_=sr_t_49,1965,2h 11m,Approved,6.5,8.4K
50. Darling,https://www.imdb.com/title/tt0059084/?ref_=sr_t_50,1965,2h 8m,TV-MA,7.0,8.1K
51. The Sandpiper,https://www.imdb.com/title/tt0059674/?ref_=sr_t_51,1965,1h 57m,TV-14,6.2,3.9K
52. The 10th Victim,https://www.imdb.com/title/tt0059095/?ref_=sr_t_52,1965,1h 32m,Not Rated,6.6,5.2K
53. Ten Little Indians,https://www.imdb.com/title/tt0061075/?ref_=sr_t_53,1965,1h 31m,Not Rated,6.6,5.5K
54. Orgy of the Dead,https://www.imdb.com/title/tt0054240/?ref_=sr_t_54,1965,1h 32m,Unrated,3.0,3.4K
55. 24 Hours to Kill,https://www.imdb.com/title/tt0059836/?ref_=sr_t_55,1965,1h 34m,,5.0,376
56. Happiness,https://www.imdb.com/title/tt0058985/?ref_=sr_t_56,1965,1h 20m,Not Rated,7.6,10K
57. The Naked Prey,https://www.imdb.com/title/tt0060736/?ref_=sr_t_57,1965,1h 36m,Approved,7.3,6K
58. The Agony and the Ecstasy,https://www.imdb.com/title/tt0058886/?ref_=sr_t_58,1965,2h 18m,Approved,7.2,8.3K
59. Fantomas Unleashed,https://www.imdb.com/title/tt0059168/?ref_=sr_t_59,1965,1h 38m,Not Rated,6.8,8.6K
60. Baby the Rain Must Fall,https://www.imdb.com/title/tt0058930/?ref_=sr_t_60,1965,1h 40m,Not Rated,6.3,2.1K
61. Shadows of Forgotten Ancestors,https://www.imdb.com/title/tt0058642/?ref_=sr_t_61,1965,1h 37m,,7.8,8.9K
62. Dr. Terror's House of Horrors,https://www.imdb.com/title/tt0059125/?ref_=sr_t_62,1965,1h 38m,Approved,6.6,7.9K
63. Mirage,https://www.imdb.com/title/tt0059448/?ref_=sr_t_63,1965,1h 48m,Approved,7.2,6.2K
64. Beach Blanket Bingo,https://www.imdb.com/title/tt0058953/?ref_=sr_t_64,1965,1h 38m,Approved,5.6,3.2K
65. Bunny Lake Is Missing,https://www.imdb.com/title/tt0058997/?ref_=sr_t_65,1965,1h 47m,Not Rated,7.3,11K
66. A Thousand Clowns,https://www.imdb.com/title/tt0059798/?ref_=sr_t_66,1965,1h 58m,Approved,7.3,3.8K
67. Crack in the World,https://www.imdb.com/title/tt0059065/?ref_=sr_t_67,1965,1h 36m,Approved,5.9,3K
68. Othello,https://www.imdb.com/title/tt0059555/?ref_=sr_t_68,1965,2h 45m,Unrated,7.0,1.7K
69. Loves of a Blonde,https://www.imdb.com/title/tt0059415/?ref_=sr_t_69,1965,1h 28m,Not Rated,7.5,9.7K
70. Ski Party,https://www.imdb.com/title/tt0059726/?ref_=sr_t_70,1965,1h 30m,Approved,5.2,866
71. The Loved One,https://www.imdb.com/title/tt0059410/?ref_=sr_t_71,1965,2h 2m,Approved,6.9,4K
72. Libido,https://www.imdb.com/title/tt0061906/?ref_=sr_t_72,1965,1h 30m,TV-PG,6.4,645
73. Love Has Many Faces,https://www.imdb.com/title/tt0059403/?ref_=sr_t_73,1965,1h 44m,Approved,5.2,528
74. The Satan Bug,https://www.imdb.com/title/tt0059678/?ref_=sr_t_74,1965,1h 54m,Approved,6.1,3.2K
75. Inside Daisy Clover,https://www.imdb.com/title/tt0059314/?ref_=sr_t_75,1965,2h 8m,Approved,6.1,4.4K
76. Red Line 7000,https://www.imdb.com/title/tt0059641/?ref_=sr_t_76,1965,1h 50m,Approved,5.6,1.2K
77. Simon of the Desert,https://www.imdb.com/title/tt0059719/?ref_=sr_t_77,1965,45m,Not Rated,7.8,11K
78. How to Stuff a Wild Bikini,https://www.imdb.com/title/tt0059287/?ref_=sr_t_78,1965,1h 33m,Not Rated,4.7,1.7K
79. Girl Happy,https://www.imdb.com/title/tt0059224/?ref_=sr_t_79,1965,1h 36m,Approved,6.3,3.1K
80. The Bedford Incident,https://www.imdb.com/title/tt0058962/?ref_=sr_t_80,1965,1h 42m,Approved,7.3,6.1K
81. King Rat,https://www.imdb.com/title/tt0059358/?ref_=sr_t_81,1965,2h 14m,Approved,7.5,5.2K
82. The War Lord,https://www.imdb.com/title/tt0059896/?ref_=sr_t_82,1965,2h 3m,Approved,6.6,3.8K
83. Operation Crossbow,https://www.imdb.com/title/tt0059549/?ref_=sr_t_83,1965,1h 55m,PG-13,6.6,5.7K
84. The Sinister Monk,https://www.imdb.com/title/tt0059846/?ref_=sr_t_84,1965,1h 27m,,6.3,786
85. Genghis Khan,https://www.imdb.com/title/tt0059219/?ref_=sr_t_85,1965,2h,Approved,5.8,2.6K
86. Who Killed Teddy Bear,https://www.imdb.com/title/tt0059909/?ref_=sr_t_86,1965,1h 34m,Not Rated,6.6,1.1K
87. Fists in the Pocket,https://www.imdb.com/title/tt0059619/?ref_=sr_t_87,1965,1h 50m,Not Rated,7.6,5.2K
88. The Nanny,https://www.imdb.com/title/tt0059496/?ref_=sr_t_88,1965,1h 33m,Approved,7.1,7K
89. A Rage to Live,https://www.imdb.com/title/tt0059630/?ref_=sr_t_89,1965,1h 41m,Not Rated,6.3,826
90. Time to Love,https://www.imdb.com/title/tt0167400/?ref_=sr_t_90,1965,1h 26m,,7.9,7.9K
91. Tickle Me,https://www.imdb.com/title/tt0056585/?ref_=sr_t_91,1965,1h 30m,Not Rated,5.8,2.1K
92. The Glory Guys,https://www.imdb.com/title/tt0059232/?ref_=sr_t_92,1965,1h 52m,Approved,6.1,1.1K
93. The Rounders,https://www.imdb.com/title/tt0059661/?ref_=sr_t_93,1965,1h 25m,TV-PG,6.1,2K
94. The Knack... and How to Get It,https://www.imdb.com/title/tt0059362/?ref_=sr_t_94,1965,1h 24m,Approved,6.3,3.8K
95. A Study in Terror,https://www.imdb.com/title/tt0059764/?ref_=sr_t_95,1965,1h 35m,,6.5,2.6K
96. The Shop on Main Street,https://www.imdb.com/title/tt0059527/?ref_=sr_t_96,1965,2h 8m,Not Rated,8.2,10K
"97. Boeing, Boeing",https://www.imdb.com/title/tt0058981/?ref_=sr_t_97,1965,1h 42m,Approved,6.4,3.6K
98. The Saragossa Manuscript,https://www.imdb.com/title/tt0059643/?ref_=sr_t_98,1965,3h 2m,,7.8,6.1K
99. Bloody Pit of Horror,https://www.imdb.com/title/tt0058983/?ref_=sr_t_99,1965,1h 26m,Unrated,4.5,2.5K
100. That Funny Feeling,https://www.imdb.com/title/tt0059794/?ref_=sr_t_100,1965,1h 33m,Approved,6.6,1K
101. Carry on Cowboy,https://www.imdb.com/title/tt0059014/?ref_=sr_t_101,1965,1h 33m,Not Rated,6.2,3.5K
102. Die! Die! My Darling!,https://www.imdb.com/title/tt0059106/?ref_=sr_t_102,1965,1h 37m,Not Rated,6.3,3.2K
103. Those Calloways,https://www.imdb.com/title/tt0059796/?ref_=sr_t_103,1965,2h 11m,PG,6.5,867
104. Viva Maria!,https://www.imdb.com/title/tt0059956/?ref_=sr_t_104,1965,1h 59m,Not Rated,6.3,4.2K
105. I Saw What You Did,https://www.imdb.com/title/tt0059297/?ref_=sr_t_105,1965,1h 22m,Approved,6.2,3.6K
106. Young Cassidy,https://www.imdb.com/title/tt0059930/?ref_=sr_t_106,1965,1h 50m,Approved,6.5,1.4K
107. Mudhoney,https://www.imdb.com/title/tt0059477/?ref_=sr_t_107,1965,1h 32m,TV-MA,6.3,1.5K
108. The Alphabet Murders,https://www.imdb.com/title/tt0060094/?ref_=sr_t_108,1965,1h 30m,,5.3,1.9K
109. Casanova 70,https://www.imdb.com/title/tt0059015/?ref_=sr_t_109,1965,1h 53m,Not Rated,6.4,1.4K
110. The Sex Perils of Paulette,https://www.imdb.com/title/tt0127851/?ref_=sr_t_110,1965,1h 12m,Not Rated,4.4,205
111. Nightmare Castle,https://www.imdb.com/title/tt0060097/?ref_=sr_t_111,1965,1h 30m,Approved,5.7,2.8K
112. None But the Brave,https://www.imdb.com/title/tt0059518/?ref_=sr_t_112,1965,1h 46m,Approved,6.4,2.2K
113. The Skull,https://www.imdb.com/title/tt0059727/?ref_=sr_t_113,1965,1h 23m,Approved,6.2,3.7K
114. 7 Women,https://www.imdb.com/title/tt0060050/?ref_=sr_t_114,1965,1h 27m,Approved,6.7,2.8K
115. Sandra,https://www.imdb.com/title/tt0059856/?ref_=sr_t_115,1965,1h 45m,,7.1,2.3K
116. Merveilleuse Angélique,https://www.imdb.com/title/tt0058343/?ref_=sr_t_116,1965,1h 45m,Not Rated,6.6,1.8K
117. Morituri,https://www.imdb.com/title/tt0059470/?ref_=sr_t_117,1965,2h 3m,Approved,7.0,4.6K
118. Operation 'Y' & Other Shurik's Adventures,https://www.imdb.com/title/tt0059550/?ref_=sr_t_118,1965,1h 35m,TV-G,8.4,15K
119. The Possessed,https://www.imdb.com/title/tt0059116/?ref_=sr_t_119,1965,1h 35m,Not Rated,7.0,1.6K
120. Mickey One,https://www.imdb.com/title/tt0059447/?ref_=sr_t_120,1965,1h 33m,Approved,6.3,1.9K
121. The Amorous Adventures of Moll Flanders,https://www.imdb.com/title/tt0058905/?ref_=sr_t_121,1965,2h 6m,,5.6,706
122. The Slender Thread,https://www.imdb.com/title/tt0059729/?ref_=sr_t_122,1965,1h 38m,Approved,7.0,2.6K
"123. War and Peace, Part I: Andrei Bolkonsky",https://www.imdb.com/title/tt0059884/?ref_=sr_t_123,1965,2h 27m,Not Rated,8.2,2.2K
124. A High Wind in Jamaica,https://www.imdb.com/title/tt0059269/?ref_=sr_t_124,1965,1h 43m,Approved,6.5,2.4K
125. The Defilers,https://www.imdb.com/title/tt0162928/?ref_=sr_t_125,1965,1h 9m,Not Rated,5.3,461
126. The Corporal and Others,https://www.imdb.com/title/tt0059812/?ref_=sr_t_126,1965,1h 51m,,8.3,2.8K
127. Tattooed Life,https://www.imdb.com/title/tt0059320/?ref_=sr_t_127,1965,1h 27m,,7.1,1.1K
128. Three,https://www.imdb.com/title/tt0059829/?ref_=sr_t_128,1965,1h 20m,,7.8,1K
129. Devils of Darkness,https://www.imdb.com/title/tt0059100/?ref_=sr_t_129,1965,1h 28m,Approved,4.9,1.1K
130. Motorpsycho!,https://www.imdb.com/title/tt0059474/?ref_=sr_t_130,1965,1h 14m,,5.9,1.7K
131. Khandan,https://www.imdb.com/title/tt0059354/?ref_=sr_t_131,1965,2h 38m,Not Rated,6.7,198
132. Harlow,https://www.imdb.com/title/tt0059252/?ref_=sr_t_132,1965,2h 5m,Approved,5.6,1.1K
133. Chronicle of a Boy Alone,https://www.imdb.com/title/tt0057977/?ref_=sr_t_133,1965,1h 19m,,7.4,874
134. Up to His Ears,https://www.imdb.com/title/tt0059831/?ref_=sr_t_134,1965,1h 44m,Not Rated,6.3,2.5K
135. The Battle of the Villa Fiorita,https://www.imdb.com/title/tt0058949/?ref_=sr_t_135,1965,1h 51m,PG,5.8,312
136. Man Is Not a Bird,https://www.imdb.com/title/tt0059063/?ref_=sr_t_136,1965,1h 21m,,7.2,1.4K
137. Lord Jim,https://www.imdb.com/title/tt0059399/?ref_=sr_t_137,1965,2h 34m,Not Rated,6.7,4.3K
138. Marco the Magnificent,https://www.imdb.com/title/tt0059429/?ref_=sr_t_138,1965,1h 40m,,5.3,650
139. The Farmer's Other Daughter,https://www.imdb.com/title/tt0059169/?ref_=sr_t_139,1965,1h 24m,PG,4.8,49
140. A Pistol for Ringo,https://www.imdb.com/title/tt0059601/?ref_=sr_t_140,1965,1h 38m,Approved,6.5,2.4K
141. Fun in Balloon Land,https://www.imdb.com/title/tt1577811/?ref_=sr_t_141,1965,53m,TV-14,1.3,649
142. The Family Jewels,https://www.imdb.com/title/tt0059166/?ref_=sr_t_142,1965,1h 39m,Approved,6.2,2.6K
143. Once a Thief,https://www.imdb.com/title/tt0059540/?ref_=sr_t_143,1965,1h 47m,Not Rated,6.5,2.2K
144. Dr. Goldfoot and the Bikini Machine,https://www.imdb.com/title/tt0059124/?ref_=sr_t_144,1965,1h 28m,Approved,5.1,2.7K
145. The Art of Love,https://www.imdb.com/title/tt0058920/?ref_=sr_t_145,1965,1h 39m,,6.1,1K
146. Strange Bedfellows,https://www.imdb.com/title/tt0058621/?ref_=sr_t_146,1965,1h 38m,,6.2,1.2K
147. Arizona Raiders,https://www.imdb.com/title/tt0058917/?ref_=sr_t_147,1965,1h 37m,Approved,5.9,1.3K
148. A Swingin' Summer,https://www.imdb.com/title/tt0059771/?ref_=sr_t_148,1965,1h 20m,,4.8,273
149. Waqt,https://www.imdb.com/title/tt0059893/?ref_=sr_t_149,1965,2h 58m,,7.6,1.6K
"150. Die, Monster, Die!",https://www.imdb.com/title/tt0059465/?ref_=sr_t_150,1965,1h 20m,Approved,5.6,3.8K
151. City in the Sea,https://www.imdb.com/title/tt0059895/?ref_=sr_t_151,1965,1h 24m,Unrated,5.3,2.7K
152. Eric Soya's '17',https://www.imdb.com/title/tt0059775/?ref_=sr_t_152,1965,1h 27m,,4.9,109
153. A Fugitive from the Past,https://www.imdb.com/title/tt0279901/?ref_=sr_t_153,1965,3h 3m,,7.9,1.4K
154. Un vampiro para dos,https://www.imdb.com/title/tt0059859/?ref_=sr_t_154,1965,1h 31m,,5.4,144
155. The Party's Over,https://www.imdb.com/title/tt0060816/?ref_=sr_t_155,1965,1h 34m,,6.3,754
156. The Liquidator,https://www.imdb.com/title/tt0059390/?ref_=sr_t_156,1965,1h 45m,Approved,5.9,1.3K
157. Frankenstein vs. Baragon,https://www.imdb.com/title/tt0059205/?ref_=sr_t_157,1965,1h 27m,Unrated,5.5,2.5K
158. The Pleasure Girls,https://www.imdb.com/title/tt0059607/?ref_=sr_t_158,1965,1h 28m,Not Rated,5.8,311
159. Love at Sea,https://www.imdb.com/title/tt0193715/?ref_=sr_t_159,1965,1h 17m,,7.3,779
160. Bad Girls Go to Hell,https://www.imdb.com/title/tt0058933/?ref_=sr_t_160,1965,1h 5m,Not Rated,4.9,1.1K
161. Space Probe Taurus,https://www.imdb.com/title/tt0059743/?ref_=sr_t_161,1965,1h 21m,Not Rated,3.9,585
162. Pandava Vanavasam,https://www.imdb.com/title/tt0263831/?ref_=sr_t_162,1965,3h 8m,,8.3,157
163. Return from the Ashes,https://www.imdb.com/title/tt0059649/?ref_=sr_t_163,1965,1h 45m,Not Rated,6.9,1.3K
164. Bus Riley's Back in Town,https://www.imdb.com/title/tt0058998/?ref_=sr_t_164,1965,1h 33m,Approved,6.0,473
165. Gumnaam,https://www.imdb.com/title/tt0247394/?ref_=sr_t_165,1965,2h 31m,Not Rated,6.9,1.8K
166. The Face of Fu Manchu,https://www.imdb.com/title/tt0059162/?ref_=sr_t_166,1965,1h 29m,,5.8,2.1K
167. Monster a Go-Go,https://www.imdb.com/title/tt0059464/?ref_=sr_t_167,1965,1h 8m,TV-PG,1.8,10K
168. Guide,https://www.imdb.com/title/tt0059246/?ref_=sr_t_168,1965,3h 3m,Not Rated,8.3,8.8K
169. Especialista en chamacas,https://www.imdb.com/title/tt0264585/?ref_=sr_t_169,1965,1h 40m,,7.1,25
170. The Sucker,https://www.imdb.com/title/tt0057967/?ref_=sr_t_170,1965,1h 51m,,7.3,8.3K
171. The Moment of Truth,https://www.imdb.com/title/tt0059459/?ref_=sr_t_171,1965,1h 43m,Not Rated,7.2,1.1K
172. The Gendarme in New York,https://www.imdb.com/title/tt0060450/?ref_=sr_t_172,1965,1h 42m,,6.4,8.7K
173. The Return of Ringo,https://www.imdb.com/title/tt0060903/?ref_=sr_t_173,1965,1h 35m,Not Rated,6.7,2.1K
"174. John Goldfarb, Please Come Home!",https://www.imdb.com/title/tt0059336/?ref_=sr_t_174,1965,1h 36m,Approved,5.0,780
175. Flaming Frontier,https://www.imdb.com/title/tt0059538/?ref_=sr_t_175,1965,1h 33m,G,5.8,1.8K
176. Winnetou: The Last Shot,https://www.imdb.com/title/tt0059915/?ref_=sr_t_176,1965,1h 33m,Approved,6.6,3K
"177. I, a Woman",https://www.imdb.com/title/tt0059324/?ref_=sr_t_177,1965,1h 35m,,5.2,156
178. König Drosselbart,https://www.imdb.com/title/tt0059372/?ref_=sr_t_178,1965,1h 14m,,6.7,307
179. The Sleeping Car Murder,https://www.imdb.com/title/tt0059050/?ref_=sr_t_179,1965,1h 35m,,7.2,2.3K
180. Forest of the Hanged,https://www.imdb.com/title/tt0058439/?ref_=sr_t_180,1965,2h 34m,,8.0,1.3K
181. Sylvia,https://www.imdb.com/title/tt0059773/?ref_=sr_t_181,1965,1h 55m,Unrated,6.7,433
182. Harum Scarum,https://www.imdb.com/title/tt0059255/?ref_=sr_t_182,1965,1h 35m,Approved,4.6,2K
183. The Monkey's Uncle,https://www.imdb.com/title/tt0059462/?ref_=sr_t_183,1965,1h 31m,G,5.8,1K
184. 7 uomini d'oro,https://www.imdb.com/title/tt0059707/?ref_=sr_t_184,1965,1h 35m,G,6.6,516
185. Samurai Assassin,https://www.imdb.com/title/tt0059673/?ref_=sr_t_185,1965,2h 2m,Not Rated,7.4,2.6K
"186. Clarence, the Cross-Eyed Lion",https://www.imdb.com/title/tt0059039/?ref_=sr_t_186,1965,1h 38m,G,5.9,781
187. Yoyo,https://www.imdb.com/title/tt0059934/?ref_=sr_t_187,1965,1h 32m,Not Rated,7.5,1.8K
188. Strike First Freddy,https://www.imdb.com/title/tt0060991/?ref_=sr_t_188,1965,1h 40m,,6.3,897
189. Un hombre peligroso,https://www.imdb.com/title/tt0280747/?ref_=sr_t_189,1965,1h 25m,,5.6,13
190. Blood for a Silver Dollar,https://www.imdb.com/title/tt0059114/?ref_=sr_t_190,1965,1h 38m,Not Rated,6.4,1.3K
191. The Merry World of Leopold Z,https://www.imdb.com/title/tt0059873/?ref_=sr_t_191,1965,1h 8m,,7.7,414
192. I Eva den... amartise,https://www.imdb.com/title/tt0181531/?ref_=sr_t_192,1965,1h 20m,,4.6,33
193. Willy McBean and His Magic Machine,https://www.imdb.com/title/tt0192803/?ref_=sr_t_193,1965,1h 34m,TV-G,5.9,164
194. The Beast That Killed Women,https://www.imdb.com/title/tt0058955/?ref_=sr_t_194,1965,1h,Unrated,3.1,554
195. OSS 117: Mission for a Killer,https://www.imdb.com/title/tt0059206/?ref_=sr_t_195,1965,1h 39m,,5.7,463
196. Amador,https://www.imdb.com/title/tt0057838/?ref_=sr_t_196,1965,1h 45m,,6.4,75
197. Intimate Lighting,https://www.imdb.com/title/tt0060543/?ref_=sr_t_197,1965,1h 11m,TV-PG,7.2,1.7K
198. Color Me Blood Red,https://www.imdb.com/title/tt0059044/?ref_=sr_t_198,1965,1h 19m,Not Rated,5.1,2.1K
199. Blue Panther,https://www.imdb.com/title/tt0059432/?ref_=sr_t_199,1965,1h 50m,Not Rated,5.3,437
200. The Pleasures of the Flesh,https://www.imdb.com/title/tt0059159/?ref_=sr_t_200,1965,1h 44m,,6.9,1.7K
201. The Ashes,https://www.imdb.com/title/tt0060847/?ref_=sr_t_201,1965,3h 54m,,7.1,489
202. Lady L,https://www.imdb.com/title/tt0059377/?ref_=sr_t_202,1965,1h 57m,Approved,5.5,1.4K
203. The Sex Killer,https://www.imdb.com/title/tt0138094/?ref_=sr_t_203,1965,55m,,4.2,209
204. The Truth About Spring,https://www.imdb.com/title/tt0058691/?ref_=sr_t_204,1965,1h 42m,Approved,6.4,752
205. Three Rooms in Manhattan,https://www.imdb.com/title/tt0179492/?ref_=sr_t_205,1965,1h 50m,,6.4,561
206. Frankenstein Meets the Spacemonster,https://www.imdb.com/title/tt0059199/?ref_=sr_t_206,1965,1h 19m,Unrated,3.8,1.8K
207. Coast of Skeletons,https://www.imdb.com/title/tt0057954/?ref_=sr_t_207,1965,1h 30m,Not Rated,4.9,309
208. Voyage to the Prehistoric Planet,https://www.imdb.com/title/tt0059887/?ref_=sr_t_208,1965,1h 14m,Unrated,3.8,2K
209. Black Snow,https://www.imdb.com/title/tt0223618/?ref_=sr_t_209,1965,1h 29m,Unrated,6.3,160
210. The Money Trap,https://www.imdb.com/title/tt0059460/?ref_=sr_t_210,1965,1h 31m,,6.2,935
211. Gamera: The Giant Monster,https://www.imdb.com/title/tt0059080/?ref_=sr_t_211,1965,1h 21m,Not Rated,5.2,4K
212. The Raw Ones,https://www.imdb.com/title/tt0189959/?ref_=sr_t_212,1965,1h 15m,,5.0,118
213. Marriage on the Rocks,https://www.imdb.com/title/tt0059431/?ref_=sr_t_213,1965,1h 49m,Approved,5.7,1.4K
214. Curse of the Fly,https://www.imdb.com/title/tt0059076/?ref_=sr_t_214,1965,1h 26m,Approved,5.1,2.6K
215. Billie,https://www.imdb.com/title/tt0058972/?ref_=sr_t_215,1965,1h 27m,Not Rated,5.7,503
216. The Third Day,https://www.imdb.com/title/tt0059795/?ref_=sr_t_216,1965,1h 59m,Not Rated,5.6,437
217. The Fool Killer,https://www.imdb.com/title/tt0059190/?ref_=sr_t_217,1965,1h 39m,,6.7,435
218. The Adventures of Werner Holt,https://www.imdb.com/title/tt0057816/?ref_=sr_t_218,1965,2h 44m,,7.4,398
219. Black Spurs,https://www.imdb.com/title/tt0058976/?ref_=sr_t_219,1965,1h 21m,Approved,5.8,484
220. Winter A-Go-Go,https://www.imdb.com/title/tt0059916/?ref_=sr_t_220,1965,1h 28m,Approved,4.4,260
221. Cotolay,https://www.imdb.com/title/tt0059060/?ref_=sr_t_221,1965,1h 46m,,6.8,83
222. The Secret Killer,https://www.imdb.com/title/tt0058922/?ref_=sr_t_222,1965,1h 29m,,6.7,576
223. The Early Bird,https://www.imdb.com/title/tt0059143/?ref_=sr_t_223,1965,1h 38m,,6.6,1.3K
224. Neela Akash,https://www.imdb.com/title/tt0308640/?ref_=sr_t_224,1965,,,7.0,47
225. Abashiri Prison,https://www.imdb.com/title/tt0058869/?ref_=sr_t_225,1965,1h 32m,,7.0,358
226. The Secret Agents,https://www.imdb.com/title/tt0059108/?ref_=sr_t_226,1965,2h 5m,,5.5,293
227. Story of a Prostitute,https://www.imdb.com/title/tt0059715/?ref_=sr_t_227,1965,1h 36m,Not Rated,7.3,1.7K
228. Thunder in Dixie,https://www.imdb.com/title/tt0195343/?ref_=sr_t_228,1965,1h 13m,Not Rated,5.5,72
229. My Way Home,https://www.imdb.com/title/tt0058787/?ref_=sr_t_229,1965,1h 48m,,7.4,848
230. The 2nd Best Secret Agent in the Whole Wide World,https://www.imdb.com/title/tt0059387/?ref_=sr_t_230,1965,1h 36m,,5.6,199
231. Treasure of the Aztecs,https://www.imdb.com/title/tt0059682/?ref_=sr_t_231,1965,1h 41m,,5.3,650
232. The Spy with My Face,https://www.imdb.com/title/tt0058610/?ref_=sr_t_232,1965,1h 28m,Not Rated,5.9,577
233. Att angöra en brygga,https://www.imdb.com/title/tt0058926/?ref_=sr_t_233,1965,1h 41m,,6.7,2.8K
234. Brainstorm,https://www.imdb.com/title/tt0058990/?ref_=sr_t_234,1965,1h 45m,Approved,6.6,886
235. The First Teacher,https://www.imdb.com/title/tt0059585/?ref_=sr_t_235,1965,1h 42m,,7.5,640
236. Ken ki,https://www.imdb.com/title/tt0200769/?ref_=sr_t_236,1965,1h 23m,,7.1,435
237. The Girl and the Playboy,https://www.imdb.com/title/tt0123224/?ref_=sr_t_237,1965,1h 41m,,6.6,636
238. Two on a Guillotine,https://www.imdb.com/title/tt0059837/?ref_=sr_t_238,1965,1h 47m,Approved,6.1,1.5K
239. Having a Wild Weekend,https://www.imdb.com/title/tt0059258/?ref_=sr_t_239,1965,1h 31m,Not Rated,5.7,888
240. Pyramid of the Sun God,https://www.imdb.com/title/tt0059621/?ref_=sr_t_240,1965,1h 42m,,5.2,588
241. Rapture,https://www.imdb.com/title/tt0059633/?ref_=sr_t_241,1965,1h 44m,Not Rated,7.2,1.2K
242. The Wizard of Mars,https://www.imdb.com/title/tt0059920/?ref_=sr_t_242,1965,1h 18m,,3.4,649
243. Beach Ball,https://www.imdb.com/title/tt0058952/?ref_=sr_t_243,1965,1h 23m,Approved,5.1,209
244. La settima tomba,https://www.imdb.com/title/tt0303028/?ref_=sr_t_244,1965,1h 17m,,4.8,225
245. Il compagno Don Camillo,https://www.imdb.com/title/tt0059049/?ref_=sr_t_245,1965,1h 33m,,6.9,2K
246. The Sword of Ali Baba,https://www.imdb.com/title/tt0059772/?ref_=sr_t_246,1965,1h 21m,TV-PG,5.2,122
"247. War and Peace, Part II: Natasha Rostova",https://www.imdb.com/title/tt0061162/?ref_=sr_t_247,1965,1h 38m,Not Rated,8.0,1.9K
248. Where the Spies Are,https://www.imdb.com/title/tt0059905/?ref_=sr_t_248,1965,1h 50m,Approved,5.6,952
249. Situation Hopeless -- But Not Serious,https://www.imdb.com/title/tt0059724/?ref_=sr_t_249,1965,1h 37m,Not Rated,5.9,504
250. Een pige og 39 sømænd,https://www.imdb.com/title/tt0059594/?ref_=sr_t_250,1965,1h 47m,,6.4,304
251. The Coward,https://www.imdb.com/title/tt0059348/?ref_=sr_t_251,1965,1h 10m,,7.6,2.5K
252. The Beach Girls and the Monster,https://www.imdb.com/title/tt0058954/?ref_=sr_t_252,1965,1h 10m,Unrated,3.4,1.1K
253. That Man in Istanbul,https://www.imdb.com/title/tt0059546/?ref_=sr_t_253,1965,1h 57m,,5.9,480
254. The Oil Prince,https://www.imdb.com/title/tt0059958/?ref_=sr_t_254,1965,1h 29m,Approved,5.8,1.7K
255. Janwar,https://www.imdb.com/title/tt0317751/?ref_=sr_t_255,1965,4h 7m,,6.7,219
256. Terror-Creatures from the Grave,https://www.imdb.com/title/tt0060049/?ref_=sr_t_256,1965,1h 25m,Unrated,5.5,1.3K
257. Blood at Sundown,https://www.imdb.com/title/tt0059579/?ref_=sr_t_257,1965,1h 16m,,5.3,159
258. The Woman Who Wouldn't Die,https://www.imdb.com/title/tt0057926/?ref_=sr_t_258,1965,1h 24m,,6.2,386
259. Memories of My Childhood,https://www.imdb.com/title/tt0057841/?ref_=sr_t_259,1965,1h 12m,,8.0,590
260. Flådens friske fyre,https://www.imdb.com/title/tt0125103/?ref_=sr_t_260,1965,1h 45m,,6.7,639
261. I complessi,https://www.imdb.com/title/tt0059051/?ref_=sr_t_261,1965,1h 47m,,7.2,968
262. Teen Devian,https://www.imdb.com/title/tt0274944/?ref_=sr_t_262,1965,2h 1m,Not Rated,7.3,241
263. The Great Sioux Massacre,https://www.imdb.com/title/tt0059244/?ref_=sr_t_263,1965,1h 31m,Approved,5.1,720
264. Arzoo,https://www.imdb.com/title/tt0058921/?ref_=sr_t_264,1965,2h 57m,,7.3,310
265. The Secret of My Success,https://www.imdb.com/title/tt0059694/?ref_=sr_t_265,1965,1h 52m,Approved,5.1,313
266. Triumph Over Violence,https://www.imdb.com/title/tt0059529/?ref_=sr_t_266,1965,1h 22m,R,8.1,2.2K
267. Thiruvilayadal,https://www.imdb.com/title/tt0246986/?ref_=sr_t_267,1965,2h 34m,Not Rated,8.2,421
268. West and Soda,https://www.imdb.com/title/tt0144681/?ref_=sr_t_268,1965,1h 26m,,7.0,781
269. Secret Agent Fireball,https://www.imdb.com/title/tt0061012/?ref_=sr_t_269,1965,1h 29m,,5.4,149
270. Secrets Behind the Wall,https://www.imdb.com/title/tt0059345/?ref_=sr_t_270,1965,1h 14m,,7.1,593
271. The Girls on the Beach,https://www.imdb.com/title/tt0059227/?ref_=sr_t_271,1965,1h 20m,Not Rated,5.2,295
272. The Big Job,https://www.imdb.com/title/tt0058969/?ref_=sr_t_272,1965,1h 25m,,6.4,920
273. Adiós gringo,https://www.imdb.com/title/tt0060067/?ref_=sr_t_273,1965,1h 40m,,6.0,555
274. Uncle Tom's Cabin,https://www.imdb.com/title/tt0059545/?ref_=sr_t_274,1965,1h 58m,R,6.3,266
275. Scream of the Butterfly,https://www.imdb.com/title/tt0059688/?ref_=sr_t_275,1965,1h 18m,,5.1,168
"276. São Paulo, Sociedade Anônima",https://www.imdb.com/title/tt0195324/?ref_=sr_t_276,1965,1h 47m,,8.1,1.1K
277. Yparhei Kai Filotimo,https://www.imdb.com/title/tt0181600/?ref_=sr_t_277,1965,1h 29m,,8.2,1.5K
278. Joy in the Morning,https://www.imdb.com/title/tt0059339/?ref_=sr_t_278,1965,1h 43m,GP,5.7,384
279. Seashore Village,https://www.imdb.com/title/tt0329109/?ref_=sr_t_279,1965,1h 31m,,6.5,124
280. Heidi,https://www.imdb.com/title/tt0059259/?ref_=sr_t_280,1965,1h 35m,,6.5,187
281. Las tapatías nunca pierden,https://www.imdb.com/title/tt0237944/?ref_=sr_t_281,1965,1h 40m,,,
282. Blood Beast from Outer Space,https://www.imdb.com/title/tt0059504/?ref_=sr_t_282,1965,1h 25m,,5.5,900
283. The Camp Followers,https://www.imdb.com/title/tt0059732/?ref_=sr_t_283,1965,1h 59m,,7.4,713
284. Pearls of the Deep,https://www.imdb.com/title/tt0059581/?ref_=sr_t_284,1965,1h 47m,,6.5,834
285. Satan's Bed,https://www.imdb.com/title/tt0059679/?ref_=sr_t_285,1965,1h 12m,,4.4,180
286. When the Boys Meet the Girls,https://www.imdb.com/title/tt0059904/?ref_=sr_t_286,1965,1h 37m,Approved,4.8,311
287. Tokoloshe,https://www.imdb.com/title/tt0067864/?ref_=sr_t_287,1965,1h 20m,G,7.0,10
288. Le tonnerre de Dieu,https://www.imdb.com/title/tt0059823/?ref_=sr_t_288,1965,1h 31m,,6.6,557
289. El señor doctor,https://www.imdb.com/title/tt0121763/?ref_=sr_t_289,1965,1h 53m,,6.9,476
290. Again the Ringer,https://www.imdb.com/title/tt0059501/?ref_=sr_t_290,1965,1h 35m,,6.2,917
291. Cup Fever,https://www.imdb.com/title/tt0059074/?ref_=sr_t_291,1965,1h 3m,,6.6,215
292. Della,https://www.imdb.com/title/tt0059096/?ref_=sr_t_292,1965,1h 5m,Approved,5.5,640
293. Mere Sanam,https://www.imdb.com/title/tt0059445/?ref_=sr_t_293,1965,2h 47m,,6.3,111
294. Ayirathil Oruvan,https://www.imdb.com/title/tt0250227/?ref_=sr_t_294,1965,2h 54m,,7.4,242
295. The Hour of Truth,https://www.imdb.com/title/tt0059266/?ref_=sr_t_295,1965,1h 41m,,7.3,69
296. A Story Written with Water,https://www.imdb.com/title/tt0059758/?ref_=sr_t_296,1965,2h,,7.3,474
297. Chemmeen,https://www.imdb.com/title/tt0059028/?ref_=sr_t_297,1965,2h 20m,Not Rated,7.8,554
298. Mara of the Wilderness,https://www.imdb.com/title/tt0138593/?ref_=sr_t_298,1965,1h 30m,Approved,5.7,135
299. The Relentless Four,https://www.imdb.com/title/tt0059625/?ref_=sr_t_299,1965,1h 31m,,4.9,159
300. Masquerade,https://www.imdb.com/title/tt0059433/?ref_=sr_t_300,1965,1h 42m,Not Rated,5.5,582
301. Tjorven och Skrållan,https://www.imdb.com/title/tt0059813/?ref_=sr_t_301,1965,1h 33m,,6.3,1.1K
302. Halløj i himmelsengen,https://www.imdb.com/title/tt0057807/?ref_=sr_t_302,1965,1h 36m,,4.9,86
303. Blood on the Land,https://www.imdb.com/title/tt0057892/?ref_=sr_t_303,1965,2h 10m,,7.5,1K
304. 90 Degrees in the Shade,https://www.imdb.com/title/tt0059512/?ref_=sr_t_304,1965,1h 30m,Not Rated,6.8,380
305. Inspektor,https://www.imdb.com/title/tt0179878/?ref_=sr_t_305,1965,1h 20m,,7.6,73
306. Nattmara,https://www.imdb.com/title/tt0059497/?ref_=sr_t_306,1965,1h 41m,,5.9,124
307. Life at the Top,https://www.imdb.com/title/tt0059389/?ref_=sr_t_307,1965,1h 57m,,6.7,735
308. Vinyl,https://www.imdb.com/title/tt0059880/?ref_=sr_t_308,1965,1h 10m,,4.2,1.2K
309. The Yesterday Machine,https://www.imdb.com/title/tt0057701/?ref_=sr_t_309,1965,1h 25m,Not Rated,3.9,460
310. The Devil's Mistress,https://www.imdb.com/title/tt0126865/?ref_=sr_t_310,1965,1h 6m,,4.3,97
311. Assassination in Rome,https://www.imdb.com/title/tt0057485/?ref_=sr_t_311,1965,1h 50m,Unrated,5.3,229
312. Mission Bloody Mary,https://www.imdb.com/title/tt0058882/?ref_=sr_t_312,1965,1h 41m,,5.5,256
313. Kaajal,https://www.imdb.com/title/tt0139398/?ref_=sr_t_313,1965,2h 48m,,6.6,150
314. A Very Special Favor,https://www.imdb.com/title/tt0059868/?ref_=sr_t_314,1965,1h 45m,Approved,6.2,593
315. The 317th Platoon,https://www.imdb.com/title/tt0058863/?ref_=sr_t_315,1965,1h 40m,,7.3,1.7K
316. Mister Moses,https://www.imdb.com/title/tt0059454/?ref_=sr_t_316,1965,1h 55m,,6.1,344
317. La familia y... uno más,https://www.imdb.com/title/tt0059164/?ref_=sr_t_317,1965,1h 39m,,5.9,230
318. Jab Jab Phool Khile,https://www.imdb.com/title/tt0305689/?ref_=sr_t_318,1965,2h 21m,,6.6,356
319. The Return of Mr. Moto,https://www.imdb.com/title/tt0059650/?ref_=sr_t_319,1965,1h 11m,Approved,4.8,248
320. Seker gibi kizlar,https://www.imdb.com/title/tt0411854/?ref_=sr_t_320,1965,1h 26m,,4.9,32
321. He Who Rides a Tiger,https://www.imdb.com/title/tt0060492/?ref_=sr_t_321,1965,1h 43m,,7.0,113
322. El zurdo,https://www.imdb.com/title/tt0281401/?ref_=sr_t_322,1965,1h 30m,,5.9,15
"323. Weekend, Italian Style",https://www.imdb.com/title/tt0060813/?ref_=sr_t_323,1965,1h 30m,,6.4,484
324. Funny Things Happen Down Under,https://www.imdb.com/title/tt0060439/?ref_=sr_t_324,1965,1h 26m,,7.0,77
325. The Dolls,https://www.imdb.com/title/tt0058938/?ref_=sr_t_325,1965,1h 49m,Not Rated,6.1,402
326. The Man Who Had His Hair Cut Short,https://www.imdb.com/title/tt0129222/?ref_=sr_t_326,1965,1h 34m,,6.7,1.1K
327. Tokyo Olympiad,https://www.imdb.com/title/tt0059817/?ref_=sr_t_327,1965,2h 50m,Not Rated,7.8,2.3K
328. Dark Intruder,https://www.imdb.com/title/tt0059083/?ref_=sr_t_328,1965,59m,Approved,6.3,508
329. Samurai Spy,https://www.imdb.com/title/tt0059303/?ref_=sr_t_329,1965,1h 39m,Not Rated,7.0,1.9K
330. Rat Fink,https://www.imdb.com/title/tt0059636/?ref_=sr_t_330,1965,1h 20m,,6.7,139
331. Apache Uprising,https://www.imdb.com/title/tt0060117/?ref_=sr_t_331,1965,1h 30m,Approved,5.7,527
332. The Beauty of Beauties,https://www.imdb.com/title/tt0311305/?ref_=sr_t_332,1965,2h 34m,,6.8,70
333. I'll Take Sweden,https://www.imdb.com/title/tt0059298/?ref_=sr_t_333,1965,1h 37m,Approved,5.3,997
334. Bhoot Bungla,https://www.imdb.com/title/tt0271397/?ref_=sr_t_334,1965,2h 25m,Not Rated,6.4,136
335. Made in Italy,https://www.imdb.com/title/tt0061934/?ref_=sr_t_335,1965,1h 40m,,6.8,325
336. One Shocking Moment,https://www.imdb.com/title/tt0059541/?ref_=sr_t_336,1965,1h 11m,Not Rated,4.7,342
337. The Intelligence Men,https://www.imdb.com/title/tt0059315/?ref_=sr_t_337,1965,1h 43m,,5.9,530
338. La mandragola,https://www.imdb.com/title/tt0059424/?ref_=sr_t_338,1965,1h 35m,,6.4,332
339. Rokyoku komori-uta,https://www.imdb.com/title/tt0187461/?ref_=sr_t_339,1965,1h 23m,,6.7,25
340. Sayili Kabadayilar,https://www.imdb.com/title/tt0274798/?ref_=sr_t_340,1965,1h 30m,,5.7,31
341. The Myth,https://www.imdb.com/title/tt0057314/?ref_=sr_t_341,1965,1h 42m,,5.0,12
342. Sword of the Beast,https://www.imdb.com/title/tt0200768/?ref_=sr_t_342,1965,1h 25m,Not Rated,7.5,3.2K
343. Hysteria,https://www.imdb.com/title/tt0058216/?ref_=sr_t_343,1965,1h 25m,Not Rated,6.0,910
344. Four in the Morning,https://www.imdb.com/title/tt0060426/?ref_=sr_t_344,1965,1h 34m,Not Rated,6.1,287
345. Enga Veetu Pillai,https://www.imdb.com/title/tt0157581/?ref_=sr_t_345,1965,2h 27m,,7.5,195
346. Rotten to the Core,https://www.imdb.com/title/tt0059660/?ref_=sr_t_346,1965,1h 30m,,5.6,240
347. The Big T.N.T. Show,https://www.imdb.com/title/tt0060167/?ref_=sr_t_347,1965,1h 35m,Not Rated,7.7,232
348. Fluffy,https://www.imdb.com/title/tt0059188/?ref_=sr_t_348,1965,1h 32m,,5.9,350
349. Go Go Mania,https://www.imdb.com/title/tt0237588/?ref_=sr_t_349,1965,1h 10m,,6.3,475
350. 008: Operation Exterminate,https://www.imdb.com/title/tt0058866/?ref_=sr_t_350,1965,1h 24m,,5.1,179
351. Master of Horror,https://www.imdb.com/title/tt1503643/?ref_=sr_t_351,1965,1h 1m,GP,5.9,123
352. Lady Morgan's Vengeance,https://www.imdb.com/title/tt0166390/?ref_=sr_t_352,1965,1h 26m,Not Rated,6.3,373
353. Sikandar E Azam,https://www.imdb.com/title/tt0176140/?ref_=sr_t_353,1965,2h 38m,,7.8,47
354. Men and Banners,https://www.imdb.com/title/tt0059373/?ref_=sr_t_354,1965,2h 38m,,7.1,854
355. The Secret of Blood Island,https://www.imdb.com/title/tt0059693/?ref_=sr_t_355,1965,1h 24m,Approved,4.8,106
356. Runaway Girl,https://www.imdb.com/title/tt0171707/?ref_=sr_t_356,1965,1h 2m,,4.8,35
357. The Uninhibited,https://www.imdb.com/title/tt0059589/?ref_=sr_t_357,1965,1h 34m,,5.7,236
358. The Nest of the Cuckoo Birds,https://www.imdb.com/title/tt0361953/?ref_=sr_t_358,1965,1h 21m,,4.9,491
359. House of Terrors,https://www.imdb.com/title/tt0202960/?ref_=sr_t_359,1965,1h 21m,,6.2,280
360. I Am Twenty,https://www.imdb.com/title/tt0058361/?ref_=sr_t_360,1965,3h 9m,,7.7,1.7K
361. Never Too Late,https://www.imdb.com/title/tt0059502/?ref_=sr_t_361,1965,1h 45m,Not Rated,6.5,557
362. La loba,https://www.imdb.com/title/tt0130087/?ref_=sr_t_362,1965,1h 18m,,6.2,161
363. The Last Tomahawk,https://www.imdb.com/title/tt0059385/?ref_=sr_t_363,1965,1h 32m,,5.5,232
364. Mahabharat,https://www.imdb.com/title/tt0242636/?ref_=sr_t_364,1965,2h 43m,Not Rated,7.1,127
365. Trunk to Cairo,https://www.imdb.com/title/tt0061123/?ref_=sr_t_365,1965,1h 20m,,5.0,220
366. How to Keep the Red Lamp Burning,https://www.imdb.com/title/tt0058986/?ref_=sr_t_366,1965,1h 40m,,6.3,676
367. Wife Swappers,https://www.imdb.com/title/tt0261410/?ref_=sr_t_367,1965,1h,,4.0,27
368. McHale's Navy Joins the Air Force,https://www.imdb.com/title/tt0059437/?ref_=sr_t_368,1965,1h 30m,Approved,5.8,414
369. Viento negro,https://www.imdb.com/title/tt0236843/?ref_=sr_t_369,1965,2h 7m,,8.0,326
370. Murappennu,https://www.imdb.com/title/tt0213906/?ref_=sr_t_370,1965,2h 56m,Not Rated,7.5,24
371. Cloportes,https://www.imdb.com/title/tt0059491/?ref_=sr_t_371,1965,1h 35m,Not Rated,6.6,618
372. The Bounty Killer,https://www.imdb.com/title/tt0058988/?ref_=sr_t_372,1965,1h 32m,Approved,5.8,482
373. Harlow,https://www.imdb.com/title/tt0059253/?ref_=sr_t_373,1965,1h 49m,,4.7,270
374. Shaheed,https://www.imdb.com/title/tt0293589/?ref_=sr_t_374,1965,2h 30m,,8.2,411
375. Dateline Diamonds,https://www.imdb.com/title/tt0059085/?ref_=sr_t_375,1965,1h 13m,Not Rated,5.2,181
376. El mundo sigue,https://www.imdb.com/title/tt0057333/?ref_=sr_t_376,1965,2h 1m,,7.7,776
377. The Sexploiters,https://www.imdb.com/title/tt0148746/?ref_=sr_t_377,1965,1h 5m,Not Rated,5.4,84
378. Fort Graveyard,https://www.imdb.com/title/tt0057941/?ref_=sr_t_378,1965,2h 12m,,7.5,314
"379. McGuire, Go Home!",https://www.imdb.com/title/tt0059268/?ref_=sr_t_379,1965,1h 54m,,5.9,340
380. Næsbygårds arving,https://www.imdb.com/title/tt0059526/?ref_=sr_t_380,1965,1h 39m,,5.4,262
381. Love 65,https://www.imdb.com/title/tt0059371/?ref_=sr_t_381,1965,1h 36m,,6.2,398
382. Young Dillinger,https://www.imdb.com/title/tt0059931/?ref_=sr_t_382,1965,1h 42m,,5.3,206
383. The Three Faces,https://www.imdb.com/title/tt0058681/?ref_=sr_t_383,1965,1h 55m,,6.0,325
384. Pinocchio in Outer Space,https://www.imdb.com/title/tt0186449/?ref_=sr_t_384,1965,1h 11m,Approved,5.7,312
385. Fall of the Mohicans,https://www.imdb.com/title/tt0059839/?ref_=sr_t_385,1965,1h 25m,,4.6,110
386. The Guide,https://www.imdb.com/title/tt12581060/?ref_=sr_t_386,1965,2h,,8.7,38
387. War Italian Style,https://www.imdb.com/title/tt0061599/?ref_=sr_t_387,1965,1h 24m,Approved,5.1,257
388. Nightmare in the Sun,https://www.imdb.com/title/tt0059505/?ref_=sr_t_388,1965,1h 20m,,5.6,182
389. The Tramplers,https://www.imdb.com/title/tt0061144/?ref_=sr_t_389,1965,1h 45m,,5.9,286
390. Giati m' egateleipses,https://www.imdb.com/title/tt0290630/?ref_=sr_t_390,1965,1h 30m,,4.1,13
391. SuperSeven Calling Cairo,https://www.imdb.com/title/tt0061045/?ref_=sr_t_391,1965,1h 35m,GP,5.1,210
392. Subarnarekha,https://www.imdb.com/title/tt0056537/?ref_=sr_t_392,1965,2h 23m,Not Rated,7.3,1.4K
393. Mia trelli... trelli oikogeneia,https://www.imdb.com/title/tt0196750/?ref_=sr_t_393,1965,1h 45m,,7.6,1.5K
394. The Legend of Young Dick Turpin,https://www.imdb.com/title/tt13988092/?ref_=sr_t_394,1965,1h 23m,,6.1,25
395. Town Tamer,https://www.imdb.com/title/tt0059824/?ref_=sr_t_395,1965,1h 29m,Approved,5.7,342
396. Deathwatch,https://www.imdb.com/title/tt0060293/?ref_=sr_t_396,1965,1h 28m,,6.0,127
397. The Dirty Girls,https://www.imdb.com/title/tt0062895/?ref_=sr_t_397,1965,1h 22m,Not Rated,5.4,141
398. Wild Kurdistan,https://www.imdb.com/title/tt0059139/?ref_=sr_t_398,1965,1h 35m,,5.7,708
399. Teesra Kaun,https://www.imdb.com/title/tt0059787/?ref_=sr_t_399,1965,2h 7m,Not Rated,6.9,25
400. Bad Girls Do Cry,https://www.imdb.com/title/tt0131906/?ref_=sr_t_400,1965,59m,,3.1,140
401. Die Voortreflike Familie Smit,https://www.imdb.com/title/tt2187183/?ref_=sr_t_401,1965,1h 46m,,,
402. From the Orient with Fury,https://www.imdb.com/title/tt0058881/?ref_=sr_t_402,1965,1h 34m,,5.2,199
403. A Maiden for the Prince,https://www.imdb.com/title/tt0059866/?ref_=sr_t_403,1965,1h 32m,,6.6,91
404. Biya el-Khawatim,https://www.imdb.com/title/tt0058950/?ref_=sr_t_404,1965,1h 35m,,7.3,207
405. Hotel der toten Gäste,https://www.imdb.com/title/tt0059284/?ref_=sr_t_405,1965,1h 36m,,5.6,115
406. Seisaku's Wife,https://www.imdb.com/title/tt0140542/?ref_=sr_t_406,1965,1h 33m,,7.7,705
407. Oonche Log,https://www.imdb.com/title/tt0236554/?ref_=sr_t_407,1965,2h 24m,Not Rated,7.4,59
408. The Love Statue,https://www.imdb.com/title/tt0061030/?ref_=sr_t_408,1965,1h 20m,,4.9,76
409. Nai Umar Ki Nai Fasal,https://www.imdb.com/title/tt0388293/?ref_=sr_t_409,1965,,,6.3,19
410. Samba,https://www.imdb.com/title/tt0058542/?ref_=sr_t_410,1965,1h 46m,,6.5,84
411. The Holy Man,https://www.imdb.com/title/tt0059417/?ref_=sr_t_411,1965,1h 5m,,7.0,1.8K
412. La dama de Beirut,https://www.imdb.com/title/tt0059081/?ref_=sr_t_412,1965,1h 32m,,5.3,72
413. How to Undress in Public Without Undue Embarrassment,https://www.imdb.com/title/tt2833218/?ref_=sr_t_413,1965,50m,,4.7,109
414. Die oben ohne Story,https://www.imdb.com/title/tt0210870/?ref_=sr_t_414,1965,1h 10m,,3.5,32
415. Sumangali,https://www.imdb.com/title/tt0261334/?ref_=sr_t_415,1965,2h 43m,Not Rated,7.6,15
416. Torrid Noon,https://www.imdb.com/title/tt0276986/?ref_=sr_t_416,1965,1h 29m,,7.0,94
417. Zoku Abashiri bangaichi,https://www.imdb.com/title/tt0059949/?ref_=sr_t_417,1965,1h 27m,,6.3,95
418. Sanshiro Sugata,https://www.imdb.com/title/tt0059677/?ref_=sr_t_418,1965,2h 39m,,7.4,452
419. Sergeant Dead Head,https://www.imdb.com/title/tt0059704/?ref_=sr_t_419,1965,1h 30m,Not Rated,4.7,291
420. Brutal Tales of Chivalry,https://www.imdb.com/title/tt0059714/?ref_=sr_t_420,1965,1h 36m,,6.9,233
421. Run for Your Wife,https://www.imdb.com/title/tt0060709/?ref_=sr_t_421,1965,1h 54m,,5.9,131
422. Slalom,https://www.imdb.com/title/tt0059728/?ref_=sr_t_422,1965,1h 48m,,5.6,162
423. Lone and Angry Man,https://www.imdb.com/title/tt0058942/?ref_=sr_t_423,1965,1h 27m,,5.7,354
424. One Way Wahine,https://www.imdb.com/title/tt0059543/?ref_=sr_t_424,1965,1h 20m,,5.2,29
425. Wild Seed,https://www.imdb.com/title/tt0059912/?ref_=sr_t_425,1965,1h 39m,Approved,6.8,415
426. Espionage in Tangiers,https://www.imdb.com/title/tt0059427/?ref_=sr_t_426,1965,1h 38m,,4.7,154
427. Our Man in Jamaica,https://www.imdb.com/title/tt0058865/?ref_=sr_t_427,1965,1h 28m,,5.6,107
428. The Sexperts: Touched by Temptation,https://www.imdb.com/title/tt0183762/?ref_=sr_t_428,1965,1h 17m,,5.1,35
429. Up from the Beach,https://www.imdb.com/title/tt0059853/?ref_=sr_t_429,1965,1h 39m,Not Rated,6.2,155
430. A Chain of Islands,https://www.imdb.com/title/tt0059508/?ref_=sr_t_430,1965,1h 56m,,6.3,32
431. Croesus' Treasure,https://www.imdb.com/title/tt0434044/?ref_=sr_t_431,1965,1h 50m,,6.2,710
432. Black Eagle of Santa Fe,https://www.imdb.com/title/tt0057888/?ref_=sr_t_432,1965,1h 26m,,5.2,123
433. Adam Lost His Apple,https://www.imdb.com/title/tt0058874/?ref_=sr_t_433,1965,1h 5m,Not Rated,3.2,68
434. Up Jumped a Swagman,https://www.imdb.com/title/tt0220134/?ref_=sr_t_434,1965,1h 29m,,4.9,78
435. Location Hunting in Palestine,https://www.imdb.com/title/tt0059741/?ref_=sr_t_435,1965,54m,,7.1,339
436. The Naked Brigade,https://www.imdb.com/title/tt0059494/?ref_=sr_t_436,1965,1h 41m,,5.6,36
437. Savage Pampas,https://www.imdb.com/title/tt0060942/?ref_=sr_t_437,1965,1h 52m,Not Rated,5.6,440
438. En este pueblo no hay ladrones,https://www.imdb.com/title/tt0059147/?ref_=sr_t_438,1965,1h 22m,,7.3,116
439. Crime on a Summer Morning,https://www.imdb.com/title/tt0059562/?ref_=sr_t_439,1965,1h 49m,,6.3,444
440. La bugiarda,https://www.imdb.com/title/tt0059444/?ref_=sr_t_440,1965,1h 37m,,6.3,95
441. The Brigand of Kandahar,https://www.imdb.com/title/tt0058991/?ref_=sr_t_441,1965,1h 21m,Approved,5.4,667
442. The Lift,https://www.imdb.com/title/tt0288606/?ref_=sr_t_442,1965,1h 13m,,,
443. The Love Goddesses,https://www.imdb.com/title/tt0059402/?ref_=sr_t_443,1965,1h 27m,,6.9,741
444. Ang maganda kong kapit-bahay,https://www.imdb.com/title/tt1152346/?ref_=sr_t_444,1965,,,,
445. Tavan arasi,https://www.imdb.com/title/tt0413346/?ref_=sr_t_445,1965,,,,
446. Train d'enfer,https://www.imdb.com/title/tt0061112/?ref_=sr_t_446,1965,1h 32m,,4.7,130
447. Hentai,https://www.imdb.com/title/tt0202900/?ref_=sr_t_447,1965,1h 11m,,6.2,37
448. The Legend of Blood Mountain,https://www.imdb.com/title/tt0229528/?ref_=sr_t_448,1965,1h 16m,,3.2,121
449. Day of the Nightmare,https://www.imdb.com/title/tt0059087/?ref_=sr_t_449,1965,1h 34m,Not Rated,4.7,341
450. Koritsia gia filima,https://www.imdb.com/title/tt0181633/?ref_=sr_t_450,1965,1h 49m,,6.5,726
451. The Girl Can't Stop,https://www.imdb.com/title/tt0194753/?ref_=sr_t_451,1965,1h 27m,,5.9,16
452. Kuzhandaiyum Deivamum,https://www.imdb.com/title/tt0234066/?ref_=sr_t_452,1965,2h 45m,,6.9,42
453. The Wise Guys,https://www.imdb.com/title/tt0059241/?ref_=sr_t_453,1965,2h 8m,G,6.9,1.2K
454. When Tomorrow Dies,https://www.imdb.com/title/tt0287136/?ref_=sr_t_454,1965,1h 28m,,6.1,51
455. I due parà,https://www.imdb.com/title/tt0060352/?ref_=sr_t_455,1965,1h 28m,,5.8,92
456. The Restless Ones,https://www.imdb.com/title/tt0174163/?ref_=sr_t_456,1965,1h 43m,,6.3,105
457. Le majordome,https://www.imdb.com/title/tt0059419/?ref_=sr_t_457,1965,1h 33m,,6.2,127
458. Sadhi Manse,https://www.imdb.com/title/tt0156986/?ref_=sr_t_458,1965,2h 14m,,8.9,60
459. In a Colt's Shadow,https://www.imdb.com/title/tt0060091/?ref_=sr_t_459,1965,1h 19m,Not Rated,5.9,329
460. And the Woman Shall Fear Her Husband,https://www.imdb.com/title/tt0180749/?ref_=sr_t_460,1965,1h 45m,,7.8,2.1K
461. Hercules the Avenger,https://www.imdb.com/title/tt0275668/?ref_=sr_t_461,1965,1h 30m,Not Rated,4.9,169
462. Deadwood '76,https://www.imdb.com/title/tt0059093/?ref_=sr_t_462,1965,1h 37m,Approved,4.6,269
463. Diamonds Are Brittle,https://www.imdb.com/title/tt0059103/?ref_=sr_t_463,1965,1h 35m,,5.5,88
464. Escuela para solteras,https://www.imdb.com/title/tt0058069/?ref_=sr_t_464,1965,2h,,7.6,41
465. Finger on the Trigger,https://www.imdb.com/title/tt0059178/?ref_=sr_t_465,1965,1h 34m,Not Rated,5.0,163
466. The Reward,https://www.imdb.com/title/tt0059651/?ref_=sr_t_466,1965,1h 32m,Approved,4.9,301
467. I tre del Colorado,https://www.imdb.com/title/tt0060886/?ref_=sr_t_467,1965,1h 29m,,4.6,113
468. The Man from Button Willow,https://www.imdb.com/title/tt0059422/?ref_=sr_t_468,1965,1h 21m,G,5.3,180
"469. Erik, the Viking",https://www.imdb.com/title/tt0059152/?ref_=sr_t_469,1965,1h 35m,,5.1,157
470. Get Off My Back,https://www.imdb.com/title/tt0059774/?ref_=sr_t_470,1965,1h 45m,Approved,5.9,234
471. Thrilling,https://www.imdb.com/title/tt0059799/?ref_=sr_t_471,1965,1h 57m,,6.4,154
472. Rent-a-Girl,https://www.imdb.com/title/tt0146230/?ref_=sr_t_472,1965,1h 17m,,4.8,140
473. The Embalmer,https://www.imdb.com/title/tt0060716/?ref_=sr_t_473,1965,1h 23m,PG,4.6,557
474. Plantation Boy,https://www.imdb.com/title/tt0059443/?ref_=sr_t_474,1965,1h 30m,,7.1,101
475. Winter Kept Us Warm,https://www.imdb.com/title/tt0232954/?ref_=sr_t_475,1965,1h 21m,,6.9,182
476. Espionage in Lisbon,https://www.imdb.com/title/tt0059449/?ref_=sr_t_476,1965,1h 35m,,5.7,58
477. Psycho a Go Go,https://www.imdb.com/title/tt0134915/?ref_=sr_t_477,1965,1h 25m,,4.3,448
478. Two Left Feet,https://www.imdb.com/title/tt0057610/?ref_=sr_t_478,1965,1h 33m,,7.1,82
479. The Deceased,https://www.imdb.com/title/tt0059163/?ref_=sr_t_479,1965,1h 30m,,7.6,528
480. Fortress of the Dead,https://www.imdb.com/title/tt0059195/?ref_=sr_t_480,1965,1h 15m,,5.8,63
481. Neutron Traps the Invisible Killers,https://www.imdb.com/title/tt0057857/?ref_=sr_t_481,1965,1h 25m,,5.5,41
482. Kiss the Other Sheik,https://www.imdb.com/title/tt0059535/?ref_=sr_t_482,1965,1h 25m,Approved,6.2,357
483. Flesh and Lace,https://www.imdb.com/title/tt0058102/?ref_=sr_t_483,1965,1h 20m,Unrated,6.4,103
484. Abashiri bangaichi: Bôkyô hen,https://www.imdb.com/title/tt0058870/?ref_=sr_t_484,1965,1h 29m,,6.5,98
485. Lootera,https://www.imdb.com/title/tt0357875/?ref_=sr_t_485,1965,2h 25m,,7.0,29
486. The Dictator's Guns,https://www.imdb.com/title/tt0057853/?ref_=sr_t_486,1965,1h 43m,,6.6,552
487. Dudaktan Kalbe,https://www.imdb.com/title/tt0407748/?ref_=sr_t_487,1965,1h 20m,,6.5,58
488. Identification Marks: None,https://www.imdb.com/title/tt0059668/?ref_=sr_t_488,1965,1h 13m,,6.6,786
489. La grosse caisse,https://www.imdb.com/title/tt0156583/?ref_=sr_t_489,1965,1h 45m,,6.5,211
490. Place Called Glory City,https://www.imdb.com/title/tt0059296/?ref_=sr_t_490,1965,1h 32m,Approved,5.4,222
491. Tentazioni proibite,https://www.imdb.com/title/tt0059791/?ref_=sr_t_491,1965,1h 28m,,3.7,28
492. Teddy boy... agapi mou,https://www.imdb.com/title/tt0183873/?ref_=sr_t_492,1965,1h 20m,,5.8,397
493. Three Hats for Lisa,https://www.imdb.com/title/tt0195341/?ref_=sr_t_493,1965,1h 39m,,5.3,201
494. Tales of a Salesman,https://www.imdb.com/title/tt0259035/?ref_=sr_t_494,1965,53m,,5.3,38
495. Karaoglan: Altay'dan Gelen Yigit,https://www.imdb.com/title/tt0273705/?ref_=sr_t_495,1965,1h 30m,,6.5,129
496. Non son degno di te,https://www.imdb.com/title/tt0059517/?ref_=sr_t_496,1965,1h 56m,,5.6,108
497. Tortured Females,https://www.imdb.com/title/tt0259675/?ref_=sr_t_497,1965,1h 2m,Not Rated,3.8,172
498. Die Antike Münze,https://www.imdb.com/title/tt0058911/?ref_=sr_t_498,1965,1h 22m,,7.1,37
499. Wild on the Beach,https://www.imdb.com/title/tt0059913/?ref_=sr_t_499,1965,1h 17m,Approved,3.6,258
500. My Hustler,https://www.imdb.com/title/tt0062016/?ref_=sr_t_500,1965,1h 19m,,6.0,350
501. Love & Kisses,https://www.imdb.com/title/tt0059408/?ref_=sr_t_501,1965,1h 27m,Approved,6.6,109
502. Mme. Olga's Massage Parlor,https://www.imdb.com/title/tt0126448/?ref_=sr_t_502,1965,1h 10m,,6.2,24
503. Code Name: Jaguar,https://www.imdb.com/title/tt0059059/?ref_=sr_t_503,1965,1h 47m,,5.6,95
504. Creature of the Walking Dead,https://www.imdb.com/title/tt0407696/?ref_=sr_t_504,1965,1h 14m,Not Rated,2.8,292
505. Git!,https://www.imdb.com/title/tt0169953/?ref_=sr_t_505,1965,1h 32m,Approved,5.0,59
506. San Ferry Ann,https://www.imdb.com/title/tt0060933/?ref_=sr_t_506,1965,52m,,5.5,178
507. Menage all'italiana,https://www.imdb.com/title/tt0165389/?ref_=sr_t_507,1965,1h 48m,,6.4,58
508. Salto,https://www.imdb.com/title/tt0059670/?ref_=sr_t_508,1965,1h 44m,,7.2,894
509. Five Thousand Dollars on One Ace,https://www.imdb.com/title/tt0058133/?ref_=sr_t_509,1965,1h 35m,,5.1,88
510. They're Too Much,https://www.imdb.com/title/tt0143199/?ref_=sr_t_510,1965,1h 44m,,7.4,38
511. Laurel and Hardy's Laughing 20's,https://www.imdb.com/title/tt0059379/?ref_=sr_t_511,1965,1h 30m,Approved,7.5,399
512. Gulliver's Space Travels: Beyond the Moon,https://www.imdb.com/title/tt0059212/?ref_=sr_t_512,1965,1h 25m,,6.1,202
513. Modern Cinderella,https://www.imdb.com/title/tt0180843/?ref_=sr_t_513,1965,1h 43m,,6.0,1K
514. Mohabbat Isko Kahete Hain,https://www.imdb.com/title/tt0376764/?ref_=sr_t_514,1965,1h 42m,,7.2,33
515. Sexus,https://www.imdb.com/title/tt0058419/?ref_=sr_t_515,1965,1h 18m,Not Rated,5.3,100
516. Summer Children,https://www.imdb.com/title/tt0242916/?ref_=sr_t_516,1965,1h 30m,Not Rated,7.3,54
"517. Doc, Hands of Steel",https://www.imdb.com/title/tt0060320/?ref_=sr_t_517,1965,1h 47m,,5.6,82
518. Kindar the Invulnerable,https://www.imdb.com/title/tt0060590/?ref_=sr_t_518,1965,1h 36m,,4.9,166
519. Kingdom of the Silver Lion,https://www.imdb.com/title/tt0059308/?ref_=sr_t_519,1965,1h 35m,,5.4,508
520. Wälsungenblut,https://www.imdb.com/title/tt0058757/?ref_=sr_t_520,1965,1h 26m,,6.7,29
521. Agent 3S3: Passport to Hell,https://www.imdb.com/title/tt0058884/?ref_=sr_t_521,1965,1h 41m,,5.4,124
522. La fuga,https://www.imdb.com/title/tt0060436/?ref_=sr_t_522,1965,1h 32m,,6.1,99
523. Kitchen,https://www.imdb.com/title/tt0190508/?ref_=sr_t_523,1965,1h 6m,,6.6,53
524. El pueblo fantasma,https://www.imdb.com/title/tt0280052/?ref_=sr_t_524,1965,1h 27m,,5.8,59
525. Geet Gaaya Pattharon Ne,https://www.imdb.com/title/tt0379299/?ref_=sr_t_525,1965,,,6.7,105
526. Das Liebeskarussell,https://www.imdb.com/title/tt0059388/?ref_=sr_t_526,1965,1h 26m,,4.3,152
527. Wild Wild World,https://www.imdb.com/title/tt0158365/?ref_=sr_t_527,1965,1h 15m,,,
528. A Lame Joke,https://www.imdb.com/title/tt0411821/?ref_=sr_t_528,1965,1h 40m,,7.9,1.1K
529. Un amore,https://www.imdb.com/title/tt0131720/?ref_=sr_t_529,1965,1h 35m,,6.5,26
530. Walkover,https://www.imdb.com/title/tt0059892/?ref_=sr_t_530,1965,1h 17m,,6.8,552
531. Pandora and the Magic Box,https://www.imdb.com/title/tt0057399/?ref_=sr_t_531,1965,1h 25m,Not Rated,4.4,65
532. Nobody Wanted to Die,https://www.imdb.com/title/tt0151750/?ref_=sr_t_532,1965,1h 40m,,7.8,787
533. Purnima,https://www.imdb.com/title/tt0139548/?ref_=sr_t_533,1965,2h,Not Rated,7.0,55
534. Passer passer piger,https://www.imdb.com/title/tt0059572/?ref_=sr_t_534,1965,1h 23m,,5.8,570
535. Hot Blooded Woman,https://www.imdb.com/title/tt0059283/?ref_=sr_t_535,1965,1h 15m,,4.3,87
"536. Run Home, Slow",https://www.imdb.com/title/tt0059663/?ref_=sr_t_536,1965,1h 15m,,6.4,71
537. Ek Sapera Ek Lutera,https://www.imdb.com/title/tt0413984/?ref_=sr_t_537,1965,2h 5m,,4.8,34
538. Seven Hours of Gunfire,https://www.imdb.com/title/tt0058575/?ref_=sr_t_538,1965,1h 32m,,4.8,77
"539. Good Times, Wonderful Times",https://www.imdb.com/title/tt0144017/?ref_=sr_t_539,1965,1h 10m,Not Rated,6.9,177
540. Illusion of Blood,https://www.imdb.com/title/tt0061208/?ref_=sr_t_540,1965,1h 45m,,6.5,330
541. Gabino Barrera,https://www.imdb.com/title/tt0280694/?ref_=sr_t_541,1965,1h 28m,,6.4,34
542. Zindagi Aur Maut,https://www.imdb.com/title/tt0155413/?ref_=sr_t_542,1965,2h 14m,Not Rated,,
543. María Rosa,https://www.imdb.com/title/tt0058332/?ref_=sr_t_543,1965,1h 37m,,7.1,51
544. The Rabbit Is Me,https://www.imdb.com/title/tt0059347/?ref_=sr_t_544,1965,1h 50m,,7.2,421
545. Zebra in the Kitchen,https://www.imdb.com/title/tt0059944/?ref_=sr_t_545,1965,1h 32m,G,5.3,406
546. Naughty Nudes,https://www.imdb.com/title/tt0126504/?ref_=sr_t_546,1965,1h,,4.9,22
547. The Battle of the Bulge... The Brave Rifles,https://www.imdb.com/title/tt0058948/?ref_=sr_t_547,1965,52m,,6.5,82
548. Krynytsya dlya sprahlykh,https://www.imdb.com/title/tt0059655/?ref_=sr_t_548,1965,1h 10m,,7.3,440
549. Obyknovennoe chudo,https://www.imdb.com/title/tt0058423/?ref_=sr_t_549,1965,1h 39m,,7.2,264
550. Murieta!,https://www.imdb.com/title/tt0058247/?ref_=sr_t_550,1965,1h 47m,,5.6,183
