Title,Movie Link,Year,Duration,MPA,Rating,Votes
1. The Avengers,https://www.imdb.com/title/tt0848228/?ref_=sr_t_1,2012,2h 23m,PG-13,8.0,1.5M
2. The Dark Knight Rises,https://www.imdb.com/title/tt1345836/?ref_=sr_t_2,2012,2h 44m,PG-13,8.4,1.9M
3. The Hunger Games,https://www.imdb.com/title/tt1392170/?ref_=sr_t_3,2012,2h 22m,PG-13,7.2,1M
4. Skyfall,https://www.imdb.com/title/tt1074638/?ref_=sr_t_4,2012,2h 23m,PG-13,7.8,744K
5. The Hobbit: An Unexpected Journey,https://www.imdb.com/title/tt0903624/?ref_=sr_t_5,2012,2h 49m,PG-13,7.8,893K
6. The Twilight Saga: Breaking Dawn - Part 2,https://www.imdb.com/title/tt1673434/?ref_=sr_t_6,2012,1h 55m,PG-13,5.6,269K
7. The Amazing Spider-Man,https://www.imdb.com/title/tt0948470/?ref_=sr_t_7,2012,2h 16m,PG-13,6.9,722K
8. Brave,https://www.imdb.com/title/tt1217209/?ref_=sr_t_8,2012,1h 33m,PG,7.1,455K
9. Ted,https://www.imdb.com/title/tt1637725/?ref_=sr_t_9,2012,1h 46m,R,6.9,674K
10. Madagascar 3: Europe's Most Wanted,https://www.imdb.com/title/tt1277953/?ref_=sr_t_10,2012,1h 33m,PG,6.8,204K
11. The Lorax,https://www.imdb.com/title/tt1482459/?ref_=sr_t_11,2012,1h 26m,PG,6.4,135K
12. Wreck-It Ralph,https://www.imdb.com/title/tt1772341/?ref_=sr_t_12,2012,1h 41m,PG,7.7,472K
13. Lincoln,https://www.imdb.com/title/tt0443272/?ref_=sr_t_13,2012,2h 30m,PG-13,7.3,277K
14. Men in Black³,https://www.imdb.com/title/tt1409024/?ref_=sr_t_14,2012,1h 46m,PG-13,6.8,396K
15. Django Unchained,https://www.imdb.com/title/tt1853728/?ref_=sr_t_15,2012,2h 45m,R,8.5,1.8M
16. Ice Age: Continental Drift,https://www.imdb.com/title/tt1667889/?ref_=sr_t_16,2012,1h 28m,PG,6.5,231K
17. Snow White and the Huntsman,https://www.imdb.com/title/tt1735898/?ref_=sr_t_17,2012,2h 7m,PG-13,6.1,307K
18. Les Misérables,https://www.imdb.com/title/tt1707386/?ref_=sr_t_18,2012,2h 38m,PG-13,7.5,352K
19. Hotel Transylvania,https://www.imdb.com/title/tt0837562/?ref_=sr_t_19,2012,1h 31m,PG,7.0,292K
20. Taken 2,https://www.imdb.com/title/tt1397280/?ref_=sr_t_20,2012,1h 32m,PG-13,6.2,328K
21. 21 Jump Street,https://www.imdb.com/title/tt1232829/?ref_=sr_t_21,2012,1h 49m,R,7.2,615K
22. Argo,https://www.imdb.com/title/tt1024648/?ref_=sr_t_22,2012,2h,R,7.7,648K
23. Silver Linings Playbook,https://www.imdb.com/title/tt1045658/?ref_=sr_t_23,2012,2h 2m,R,7.7,754K
24. Prometheus,https://www.imdb.com/title/tt1446714/?ref_=sr_t_24,2012,2h 4m,R,7.0,670K
25. Safe House,https://www.imdb.com/title/tt1599348/?ref_=sr_t_25,2012,1h 55m,R,6.7,242K
26. The Vow,https://www.imdb.com/title/tt1606389/?ref_=sr_t_26,2012,1h 44m,PG-13,6.8,208K
27. Life of Pi,https://www.imdb.com/title/tt0454876/?ref_=sr_t_27,2012,2h 7m,PG,7.9,679K
28. Magic Mike,https://www.imdb.com/title/tt1915581/?ref_=sr_t_28,2012,1h 50m,R,6.1,149K
29. The Bourne Legacy,https://www.imdb.com/title/tt1194173/?ref_=sr_t_29,2012,2h 15m,PG-13,6.6,320K
30. Journey 2: The Mysterious Island,https://www.imdb.com/title/tt1397514/?ref_=sr_t_30,2012,1h 34m,PG,5.7,115K
31. Rise of the Guardians,https://www.imdb.com/title/tt1446192/?ref_=sr_t_31,2012,1h 37m,PG,7.2,199K
32. Zero Dark Thirty,https://www.imdb.com/title/tt1790885/?ref_=sr_t_32,2012,2h 37m,R,7.4,326K
33. Flight,https://www.imdb.com/title/tt1907668/?ref_=sr_t_33,2012,2h 18m,R,7.3,383K
34. Think Like a Man,https://www.imdb.com/title/tt1621045/?ref_=sr_t_34,2012,2h 2m,PG-13,6.5,51K
35. The Campaign,https://www.imdb.com/title/tt1790886/?ref_=sr_t_35,2012,1h 25m,R,6.1,139K
36. The Expendables 2,https://www.imdb.com/title/tt1764651/?ref_=sr_t_36,2012,1h 43m,R,6.6,327K
37. Wrath of the Titans,https://www.imdb.com/title/tt1646987/?ref_=sr_t_37,2012,1h 39m,PG-13,5.7,198K
38. Jack Reacher,https://www.imdb.com/title/tt0790724/?ref_=sr_t_38,2012,2h 10m,PG-13,7.0,375K
39. Dark Shadows,https://www.imdb.com/title/tt1077368/?ref_=sr_t_39,2012,1h 53m,PG-13,6.2,286K
40. Parental Guidance,https://www.imdb.com/title/tt1047540/?ref_=sr_t_40,2012,1h 45m,PG,6.0,27K
41. John Carter,https://www.imdb.com/title/tt0401729/?ref_=sr_t_41,2012,2h 12m,PG-13,6.6,291K
42. Act of Valor,https://www.imdb.com/title/tt1591479/?ref_=sr_t_42,2012,1h 50m,R,6.4,73K
43. This Is 40,https://www.imdb.com/title/tt1758830/?ref_=sr_t_43,2012,2h 14m,R,6.2,154K
44. Contraband,https://www.imdb.com/title/tt1524137/?ref_=sr_t_44,2012,1h 49m,R,6.4,127K
45. Looper,https://www.imdb.com/title/tt1276104/?ref_=sr_t_45,2012,1h 59m,R,7.4,613K
46. Madea's Witness Protection,https://www.imdb.com/title/tt2215285/?ref_=sr_t_46,2012,1h 54m,PG-13,5.0,12K
47. Battleship,https://www.imdb.com/title/tt1440129/?ref_=sr_t_47,2012,2h 11m,PG-13,5.8,261K
48. Pitch Perfect,https://www.imdb.com/title/tt1981677/?ref_=sr_t_48,2012,1h 52m,PG-13,7.1,337K
49. Mirror Mirror,https://www.imdb.com/title/tt1667353/?ref_=sr_t_49,2012,1h 46m,PG,5.6,92K
50. Chronicle,https://www.imdb.com/title/tt1706593/?ref_=sr_t_50,2012,1h 24m,PG-13,7.0,268K
51. Hope Springs,https://www.imdb.com/title/tt1535438/?ref_=sr_t_51,2012,1h 40m,PG-13,6.3,45K
52. Underworld: Awakening,https://www.imdb.com/title/tt1496025/?ref_=sr_t_52,2012,1h 28m,R,6.3,163K
53. The Lucky One,https://www.imdb.com/title/tt1327194/?ref_=sr_t_53,2012,1h 41m,PG-13,6.4,116K
54. The Dictator,https://www.imdb.com/title/tt1645170/?ref_=sr_t_54,2012,1h 23m,R,6.5,346K
55. Total Recall,https://www.imdb.com/title/tt1386703/?ref_=sr_t_55,2012,1h 58m,PG-13,6.2,270K
56. Escape from Planet Earth,https://www.imdb.com/title/tt0765446/?ref_=sr_t_56,2012,1h 29m,PG,5.8,27K
57. American Reunion,https://www.imdb.com/title/tt1605630/?ref_=sr_t_57,2012,1h 53m,R,6.7,227K
58. ParaNorman,https://www.imdb.com/title/tt1623288/?ref_=sr_t_58,2012,1h 32m,PG,7.0,113K
59. This Means War,https://www.imdb.com/title/tt1596350/?ref_=sr_t_59,2012,1h 43m,PG-13,6.3,196K
60. Project X,https://www.imdb.com/title/tt1636826/?ref_=sr_t_60,2012,1h 28m,R,6.7,241K
61. The Woman in Black,https://www.imdb.com/title/tt1596365/?ref_=sr_t_61,2012,1h 35m,PG-13,6.4,196K
62. Paranormal Activity 4,https://www.imdb.com/title/tt2109184/?ref_=sr_t_62,2012,1h 28m,R,4.7,72K
63. The Devil Inside,https://www.imdb.com/title/tt1560985/?ref_=sr_t_63,2012,1h 23m,R,4.2,38K
64. The Odd Life of Timothy Green,https://www.imdb.com/title/tt1462769/?ref_=sr_t_64,2012,1h 45m,PG,6.6,49K
65. Red Tails,https://www.imdb.com/title/tt0485985/?ref_=sr_t_65,2012,2h 5m,PG-13,5.9,38K
66. The Possession,https://www.imdb.com/title/tt0431021/?ref_=sr_t_66,2012,1h 32m,PG-13,5.9,64K
67. Diary of a Wimpy Kid: Dog Days,https://www.imdb.com/title/tt2023453/?ref_=sr_t_67,2012,1h 34m,PG,6.3,31K
68. Sinister,https://www.imdb.com/title/tt1922777/?ref_=sr_t_68,2012,1h 50m,R,6.8,294K
69. Savages,https://www.imdb.com/title/tt1615065/?ref_=sr_t_69,2012,2h 11m,R,6.4,136K
70. Moonrise Kingdom,https://www.imdb.com/title/tt1748122/?ref_=sr_t_70,2012,1h 34m,PG-13,7.8,371K
71. Here Comes the Boom,https://www.imdb.com/title/tt1648179/?ref_=sr_t_71,2012,1h 45m,PG,6.4,97K
72. Red Dawn,https://www.imdb.com/title/tt1234719/?ref_=sr_t_72,2012,1h 33m,PG-13,5.3,82K
73. The Three Stooges,https://www.imdb.com/title/tt0383010/?ref_=sr_t_73,2012,1h 32m,PG,5.1,34K
74. Resident Evil: Retribution,https://www.imdb.com/title/tt1855325/?ref_=sr_t_74,2012,1h 35m,R,5.3,153K
75. What to Expect When You're Expecting,https://www.imdb.com/title/tt1586265/?ref_=sr_t_75,2012,1h 50m,PG-13,5.7,77K
76. End of Watch,https://www.imdb.com/title/tt1855199/?ref_=sr_t_76,2012,1h 49m,R,7.6,276K
77. Rock of Ages,https://www.imdb.com/title/tt1336608/?ref_=sr_t_77,2012,2h 3m,PG-13,5.9,83K
78. Abraham Lincoln: Vampire Hunter,https://www.imdb.com/title/tt1611224/?ref_=sr_t_78,2012,1h 45m,R,5.9,164K
79. Lawless,https://www.imdb.com/title/tt1212450/?ref_=sr_t_79,2012,1h 56m,R,7.2,257K
80. The Guilt Trip,https://www.imdb.com/title/tt1694020/?ref_=sr_t_80,2012,1h 35m,PG-13,5.8,41K
81. That's My Boy,https://www.imdb.com/title/tt1232200/?ref_=sr_t_81,2012,1h 56m,R,5.6,113K
82. Trouble with the Curve,https://www.imdb.com/title/tt2083383/?ref_=sr_t_82,2012,1h 51m,PG-13,6.8,70K
83. The Watch,https://www.imdb.com/title/tt1298649/?ref_=sr_t_83,2012,1h 42m,R,5.7,134K
84. Frankenweenie,https://www.imdb.com/title/tt1142977/?ref_=sr_t_84,2012,1h 27m,PG,6.9,121K
85. Step Up Revolution,https://www.imdb.com/title/tt1800741/?ref_=sr_t_85,2012,1h 39m,PG-13,6.4,59K
86. Good Deeds,https://www.imdb.com/title/tt1885265/?ref_=sr_t_86,2012,1h 50m,PG-13,5.7,8.4K
87. 2016: Obama's America,https://www.imdb.com/title/tt2247692/?ref_=sr_t_87,2012,1h 27m,PG,4.8,11K
88. House at the End of the Street,https://www.imdb.com/title/tt1582507/?ref_=sr_t_88,2012,1h 41m,PG-13,5.5,83K
89. The Pirates! Band of Misfits,https://www.imdb.com/title/tt1430626/?ref_=sr_t_89,2012,1h 28m,PG,6.7,52K
90. Joyful Noise,https://www.imdb.com/title/tt1710396/?ref_=sr_t_90,2012,1h 58m,PG-13,5.7,9K
91. The Five-Year Engagement,https://www.imdb.com/title/tt1195478/?ref_=sr_t_91,2012,2h 4m,R,6.2,103K
92. Cloud Atlas,https://www.imdb.com/title/tt1371111/?ref_=sr_t_92,2012,2h 52m,R,7.4,379K
93. One for the Money,https://www.imdb.com/title/tt1598828/?ref_=sr_t_93,2012,1h 31m,PG-13,5.3,45K
94. Alex Cross,https://www.imdb.com/title/tt1712170/?ref_=sr_t_94,2012,1h 41m,PG-13,5.2,36K
95. Katy Perry: Part of Me,https://www.imdb.com/title/tt2215719/?ref_=sr_t_95,2012,1h 33m,PG,5.9,14K
96. Sparkle,https://www.imdb.com/title/tt1876451/?ref_=sr_t_96,2012,1h 56m,PG-13,5.8,6.8K
97. Mud,https://www.imdb.com/title/tt1935179/?ref_=sr_t_97,2012,2h 10m,PG-13,7.4,192K
98. The Place Beyond the Pines,https://www.imdb.com/title/tt1817273/?ref_=sr_t_98,2012,2h 20m,R,7.3,296K
99. Premium Rush,https://www.imdb.com/title/tt1547234/?ref_=sr_t_99,2012,1h 31m,PG-13,6.5,120K
100. Big Miracle,https://www.imdb.com/title/tt1430615/?ref_=sr_t_100,2012,1h 47m,PG,6.5,21K
101. The Impossible,https://www.imdb.com/title/tt1649419/?ref_=sr_t_101,2012,1h 54m,PG-13,7.5,252K
102. Man on a Ledge,https://www.imdb.com/title/tt1568338/?ref_=sr_t_102,2012,1h 42m,PG-13,6.6,160K
103. A Thousand Words,https://www.imdb.com/title/tt0763831/?ref_=sr_t_103,2012,1h 31m,PG-13,5.9,46K
104. Quartet,https://www.imdb.com/title/tt1441951/?ref_=sr_t_104,2012,1h 38m,PG-13,6.8,22K
105. Chernobyl Diaries,https://www.imdb.com/title/tt1991245/?ref_=sr_t_105,2012,1h 26m,R,5.0,69K
106. The Perks of Being a Wallflower,https://www.imdb.com/title/tt1659337/?ref_=sr_t_106,2012,1h 43m,PG-13,7.9,563K
107. Silent Hill: Revelation,https://www.imdb.com/title/tt0938330/?ref_=sr_t_107,2012,1h 35m,R,4.9,68K
108. Wanderlust,https://www.imdb.com/title/tt1655460/?ref_=sr_t_108,2012,1h 38m,R,5.6,82K
109. Safe,https://www.imdb.com/title/tt1656190/?ref_=sr_t_109,2012,1h 34m,R,6.5,120K
110. To Rome with Love,https://www.imdb.com/title/tt1859650/?ref_=sr_t_110,2012,1h 52m,R,6.3,92K
111. The Master,https://www.imdb.com/title/tt1560747/?ref_=sr_t_111,2012,2h 18m,R,7.1,190K
112. The Raven,https://www.imdb.com/title/tt1486192/?ref_=sr_t_112,2012,1h 50m,R,6.4,89K
113. The Man with the Iron Fists,https://www.imdb.com/title/tt1258972/?ref_=sr_t_113,2012,1h 35m,R,5.4,65K
114. Killing Them Softly,https://www.imdb.com/title/tt1764234/?ref_=sr_t_114,2012,1h 37m,R,6.2,156K
115. Seven Psychopaths,https://www.imdb.com/title/tt1931533/?ref_=sr_t_115,2012,1h 50m,R,7.1,279K
116. Lockout,https://www.imdb.com/title/tt1592525/?ref_=sr_t_116,2012,1h 35m,PG-13,6.0,102K
117. Spring Breakers,https://www.imdb.com/title/tt2101441/?ref_=sr_t_117,2012,1h 34m,R,5.3,151K
118. Hit and Run,https://www.imdb.com/title/tt2097307/?ref_=sr_t_118,2012,1h 40m,R,6.1,38K
119. Dredd,https://www.imdb.com/title/tt1343727/?ref_=sr_t_119,2012,1h 35m,R,7.1,301K
120. Playing for Keeps,https://www.imdb.com/title/tt1540128/?ref_=sr_t_120,2012,1h 45m,PG-13,5.7,32K
121. Anna Karenina,https://www.imdb.com/title/tt1781769/?ref_=sr_t_121,2012,2h 9m,R,6.6,109K
122. Beasts of the Southern Wild,https://www.imdb.com/title/tt2125435/?ref_=sr_t_122,2012,1h 33m,PG-13,7.2,86K
123. Cirque du Soleil: Worlds Away,https://www.imdb.com/title/tt1792647/?ref_=sr_t_123,2012,1h 31m,PG,6.7,8.3K
124. People Like Us,https://www.imdb.com/title/tt1716777/?ref_=sr_t_124,2012,1h 54m,PG-13,7.0,44K
125. Gone,https://www.imdb.com/title/tt1838544/?ref_=sr_t_125,2012,1h 34m,PG-13,5.9,47K
126. The Words,https://www.imdb.com/title/tt1840417/?ref_=sr_t_126,2012,1h 42m,PG-13,7.0,83K
127. Bullet to the Head,https://www.imdb.com/title/tt1308729/?ref_=sr_t_127,2012,1h 32m,R,5.7,53K
128. Fun Size,https://www.imdb.com/title/tt1663143/?ref_=sr_t_128,2012,1h 26m,PG-13,5.4,16K
129. Arbitrage,https://www.imdb.com/title/tt1764183/?ref_=sr_t_129,2012,1h 47m,R,6.6,56K
130. Promised Land,https://www.imdb.com/title/tt2091473/?ref_=sr_t_130,2012,1h 46m,R,6.6,40K
131. Seeking a Friend for the End of the World,https://www.imdb.com/title/tt1307068/?ref_=sr_t_131,2012,1h 41m,R,6.7,121K
132. The Collection,https://www.imdb.com/title/tt1748227/?ref_=sr_t_132,2012,1h 22m,R,6.1,56K
133. Amour,https://www.imdb.com/title/tt1602620/?ref_=sr_t_133,2012,2h 7m,PG-13,7.9,107K
134. Hyde Park on Hudson,https://www.imdb.com/title/tt1477855/?ref_=sr_t_134,2012,1h 34m,R,5.9,12K
135. Hitchcock,https://www.imdb.com/title/tt0975645/?ref_=sr_t_135,2012,1h 38m,PG-13,6.8,80K
136. Chasing Mavericks,https://www.imdb.com/title/tt1629757/?ref_=sr_t_136,2012,1h 56m,PG,7.1,35K
137. The Sessions,https://www.imdb.com/title/tt1866249/?ref_=sr_t_137,2012,1h 35m,R,7.2,44K
138. Casa de mi Padre,https://www.imdb.com/title/tt1702425/?ref_=sr_t_138,2012,1h 24m,R,5.5,22K
139. For Greater Glory: The True Story of Cristiada,https://www.imdb.com/title/tt1566501/?ref_=sr_t_139,2012,2h 25m,R,6.5,5.4K
140. Won't Back Down,https://www.imdb.com/title/tt1870529/?ref_=sr_t_140,2012,2h 1m,PG,6.4,7K
141. The Company You Keep,https://www.imdb.com/title/tt1381404/?ref_=sr_t_141,2012,2h 5m,R,6.4,36K
142. The Apparition,https://www.imdb.com/title/tt1433822/?ref_=sr_t_142,2012,1h 22m,PG-13,4.1,21K
143. Much Ado About Nothing,https://www.imdb.com/title/tt2094064/?ref_=sr_t_143,2012,1h 49m,PG-13,7.0,17K
144. Frances Ha,https://www.imdb.com/title/tt2347569/?ref_=sr_t_144,2012,1h 26m,R,7.4,97K
145. Safety Not Guaranteed,https://www.imdb.com/title/tt1862079/?ref_=sr_t_145,2012,1h 26m,R,6.9,132K
146. The Cold Light of Day,https://www.imdb.com/title/tt1366365/?ref_=sr_t_146,2012,1h 33m,PG-13,4.9,40K
147. Searching for Sugar Man,https://www.imdb.com/title/tt2125608/?ref_=sr_t_147,2012,1h 26m,PG-13,8.2,74K
148. Nitro Circus: The Movie,https://www.imdb.com/title/tt1815852/?ref_=sr_t_148,2012,1h 32m,PG-13,6.6,6.4K
149. Emperor,https://www.imdb.com/title/tt2103264/?ref_=sr_t_149,2012,1h 45m,PG-13,6.5,15K
150. Atlas Shrugged II: The Strike,https://www.imdb.com/title/tt1985017/?ref_=sr_t_150,2012,1h 51m,PG-13,5.3,7.7K
151. Last Ounce of Courage,https://www.imdb.com/title/tt2359137/?ref_=sr_t_151,2012,1h 41m,PG,3.5,2.1K
152. Robot & Frank,https://www.imdb.com/title/tt1990314/?ref_=sr_t_152,2012,1h 29m,PG-13,7.0,66K
153. Stand Up Guys,https://www.imdb.com/title/tt1389096/?ref_=sr_t_153,2012,1h 35m,R,6.4,58K
154. Celeste & Jesse Forever,https://www.imdb.com/title/tt1405365/?ref_=sr_t_154,2012,1h 32m,R,6.6,34K
155. Jab Tak Hai Jaan,https://www.imdb.com/title/tt2176013/?ref_=sr_t_155,2012,2h 56m,Not Rated,6.7,60K
156. Talaash: The Answer Lies Within,https://www.imdb.com/title/tt1787988/?ref_=sr_t_156,2012,2h 20m,Not Rated,7.2,46K
157. Filly Brown,https://www.imdb.com/title/tt1869425/?ref_=sr_t_157,2012,1h 20m,R,5.6,1.2K
158. Barfi!,https://www.imdb.com/title/tt2082197/?ref_=sr_t_158,2012,2h 31m,Not Rated,8.1,89K
159. Girl in Progress,https://www.imdb.com/title/tt1817676/?ref_=sr_t_159,2012,1h 33m,PG-13,5.6,7.1K
160. Ruby Sparks,https://www.imdb.com/title/tt1839492/?ref_=sr_t_160,2012,1h 44m,R,7.2,107K
161. Dabangg 2,https://www.imdb.com/title/tt2112131/?ref_=sr_t_161,2012,2h,Not Rated,4.8,20K
162. The Sapphires,https://www.imdb.com/title/tt1673697/?ref_=sr_t_162,2012,1h 43m,PG-13,7.0,15K
163. The Gatekeepers,https://www.imdb.com/title/tt2309788/?ref_=sr_t_163,2012,1h 41m,PG-13,7.6,6K
164. The Queen of Versailles,https://www.imdb.com/title/tt2125666/?ref_=sr_t_164,2012,1h 40m,PG,7.1,14K
165. Ek Tha Tiger,https://www.imdb.com/title/tt2016894/?ref_=sr_t_165,2012,2h 12m,Not Rated,5.7,40K
166. No,https://www.imdb.com/title/tt2059255/?ref_=sr_t_166,2012,1h 58m,R,7.4,27K
167. Renoir,https://www.imdb.com/title/tt2150332/?ref_=sr_t_167,2012,1h 51m,R,6.5,6.1K
168. Sleepwalk with Me,https://www.imdb.com/title/tt2077851/?ref_=sr_t_168,2012,1h 21m,PG-13,6.7,12K
169. Rust and Bone,https://www.imdb.com/title/tt2053425/?ref_=sr_t_169,2012,2h,R,7.4,71K
170. Agneepath,https://www.imdb.com/title/tt1849718/?ref_=sr_t_170,2012,2h 54m,Not Rated,6.9,28K
171. The Iceman,https://www.imdb.com/title/tt1491044/?ref_=sr_t_171,2012,1h 46m,R,6.8,81K
172. English Vinglish,https://www.imdb.com/title/tt2181931/?ref_=sr_t_172,2012,2h 14m,Not Rated,7.8,40K
173. Crooked Arrows,https://www.imdb.com/title/tt1954352/?ref_=sr_t_173,2012,1h 45m,PG-13,5.9,2.1K
174. Housefull 2,https://www.imdb.com/title/tt1980986/?ref_=sr_t_174,2012,2h 25m,Not Rated,5.4,16K
175. Fill the Void,https://www.imdb.com/title/tt2219514/?ref_=sr_t_175,2012,1h 30m,PG,6.7,4K
176. The Attack,https://www.imdb.com/title/tt0787442/?ref_=sr_t_176,2012,1h 42m,R,7.1,4.6K
177. Unfinished Song,https://www.imdb.com/title/tt1047011/?ref_=sr_t_177,2012,1h 30m,PG-13,6.9,8.1K
178. Love Is All You Need,https://www.imdb.com/title/tt1854236/?ref_=sr_t_178,2012,1h 56m,R,6.5,15K
179. Stories We Tell,https://www.imdb.com/title/tt2366450/?ref_=sr_t_179,2012,1h 48m,PG-13,7.5,14K
"180. Farewell, My Queen",https://www.imdb.com/title/tt1753813/?ref_=sr_t_180,2012,1h 40m,R,6.2,9.3K
181. A Late Quartet,https://www.imdb.com/title/tt1226240/?ref_=sr_t_181,2012,1h 45m,R,7.1,16K
"182. Bless Me, Ultima",https://www.imdb.com/title/tt1390398/?ref_=sr_t_182,2012,1h 46m,PG-13,6.4,1.6K
183. A Royal Affair,https://www.imdb.com/title/tt1276419/?ref_=sr_t_183,2012,2h 17m,R,7.5,52K
184. Kon-Tiki,https://www.imdb.com/title/tt1613750/?ref_=sr_t_184,2012,1h 58m,PG-13,7.1,53K
185. Disconnect,https://www.imdb.com/title/tt1433811/?ref_=sr_t_185,2012,1h 55m,R,7.5,79K
186. Marley,https://www.imdb.com/title/tt1183919/?ref_=sr_t_186,2012,2h 24m,PG-13,7.9,15K
187. Girl Most Likely,https://www.imdb.com/title/tt1698648/?ref_=sr_t_187,2012,1h 43m,PG-13,5.7,16K
188. Wadjda,https://www.imdb.com/title/tt2258858/?ref_=sr_t_188,2012,1h 38m,PG,7.5,22K
189. Chasing Ice,https://www.imdb.com/title/tt1579361/?ref_=sr_t_189,2012,1h 15m,PG-13,7.7,8.9K
190. The Other Son,https://www.imdb.com/title/tt2073016/?ref_=sr_t_190,2012,1h 45m,PG-13,7.3,3.8K
"191. For a Good Time, Call...",https://www.imdb.com/title/tt1996264/?ref_=sr_t_191,2012,1h 25m,R,6.0,17K
192. Cocktail,https://www.imdb.com/title/tt2168910/?ref_=sr_t_192,2012,2h 26m,Not Rated,6.3,16K
193. Bol Bachchan,https://www.imdb.com/title/tt1728986/?ref_=sr_t_193,2012,2h 35m,PG,5.6,10K
194. Woman Thou Art Loosed: On the 7th Day,https://www.imdb.com/title/tt1996346/?ref_=sr_t_194,2012,1h 41m,PG-13,5.0,683
195. The Lords of Salem,https://www.imdb.com/title/tt1731697/?ref_=sr_t_195,2012,1h 41m,R,5.2,33K
196. Still Mine,https://www.imdb.com/title/tt2073086/?ref_=sr_t_196,2012,1h 42m,PG-13,7.4,4.7K
197. Ek Main Aur Ekk Tu,https://www.imdb.com/title/tt1703958/?ref_=sr_t_197,2012,1h 50m,Not Rated,5.8,7.4K
198. Burn,https://www.imdb.com/title/tt1781784/?ref_=sr_t_198,2012,1h 26m,Not Rated,7.4,794
199. What Maisie Knew,https://www.imdb.com/title/tt1932767/?ref_=sr_t_199,2012,1h 39m,R,7.4,29K
200. The Oogieloves in the Big Balloon Adventure,https://www.imdb.com/title/tt1520498/?ref_=sr_t_200,2012,1h 28m,G,1.7,16K
201. Thanks for Sharing,https://www.imdb.com/title/tt1932718/?ref_=sr_t_201,2012,1h 52m,R,6.4,30K
202. Barbara,https://www.imdb.com/title/tt2178941/?ref_=sr_t_202,2012,1h 45m,PG-13,7.2,16K
203. Ginger & Rosa,https://www.imdb.com/title/tt2115295/?ref_=sr_t_203,2012,1h 30m,PG-13,6.2,12K
204. Unconditional,https://www.imdb.com/title/tt1758610/?ref_=sr_t_204,2012,1h 32m,PG-13,7.0,5K
205. Lore,https://www.imdb.com/title/tt1996310/?ref_=sr_t_205,2012,1h 49m,Not Rated,7.1,16K
206. Masquerade,https://www.imdb.com/title/tt2290840/?ref_=sr_t_206,2012,2h 11m,Not Rated,7.8,7.7K
207. The Imposter,https://www.imdb.com/title/tt1966604/?ref_=sr_t_207,2012,1h 39m,R,7.5,51K
208. Bill W.,https://www.imdb.com/title/tt2275549/?ref_=sr_t_208,2012,1h 44m,Unrated,7.9,339
209. Darling Companion,https://www.imdb.com/title/tt1730687/?ref_=sr_t_209,2012,1h 43m,PG-13,5.2,3.9K
210. Teri Meri Kahaani,https://www.imdb.com/title/tt2354407/?ref_=sr_t_210,2012,1h 57m,Not Rated,4.9,4.3K
211. Rowdy Rathore,https://www.imdb.com/title/tt2077833/?ref_=sr_t_211,2012,2h 20m,Not Rated,5.8,25K
212. Son of Sardaar,https://www.imdb.com/title/tt2178508/?ref_=sr_t_212,2012,2h 21m,Not Rated,4.3,11K
213. Cosmopolis,https://www.imdb.com/title/tt1480656/?ref_=sr_t_213,2012,1h 49m,R,5.1,51K
214. On the Road,https://www.imdb.com/title/tt0337692/?ref_=sr_t_214,2012,2h 4m,R,6.0,44K
215. Hannah Arendt,https://www.imdb.com/title/tt1674773/?ref_=sr_t_215,2012,1h 53m,Not Rated,7.1,12K
216. 56 Up,https://www.imdb.com/title/tt2147134/?ref_=sr_t_216,2012,2h 24m,Not Rated,7.9,2.5K
217. Agent Vinod,https://www.imdb.com/title/tt1395025/?ref_=sr_t_217,2012,2h 37m,Not Rated,5.2,8.2K
218. The Paperboy,https://www.imdb.com/title/tt1496422/?ref_=sr_t_218,2012,1h 47m,R,5.7,41K
219. The Thieves,https://www.imdb.com/title/tt2330866/?ref_=sr_t_219,2012,2h 15m,Not Rated,6.8,12K
220. Student of the Year,https://www.imdb.com/title/tt2172071/?ref_=sr_t_220,2012,2h 26m,Not Rated,5.3,21K
221. Holy Motors,https://www.imdb.com/title/tt2076220/?ref_=sr_t_221,2012,1h 55m,Not Rated,7.0,50K
222. Two Days in New York,https://www.imdb.com/title/tt1602472/?ref_=sr_t_222,2012,1h 36m,R,6.0,15K
223. The Hunt,https://www.imdb.com/title/tt2106476/?ref_=sr_t_223,2012,1h 55m,R,8.3,380K
224. Not Fade Away,https://www.imdb.com/title/tt1230215/?ref_=sr_t_224,2012,1h 52m,R,6.0,5K
225. Heroine,https://www.imdb.com/title/tt1949548/?ref_=sr_t_225,2012,2h 29m,Not Rated,5.0,4.7K
226. Blue Like Jazz,https://www.imdb.com/title/tt1758575/?ref_=sr_t_226,2012,1h 48m,PG-13,5.8,3.1K
227. To the Wonder,https://www.imdb.com/title/tt1595656/?ref_=sr_t_227,2012,1h 52m,R,5.8,30K
228. Thunderstruck,https://www.imdb.com/title/tt2041488/?ref_=sr_t_228,2012,1h 34m,PG,5.1,6K
229. Museum Hours,https://www.imdb.com/title/tt2268732/?ref_=sr_t_229,2012,1h 47m,Not Rated,6.9,2.3K
230. The Reluctant Fundamentalist,https://www.imdb.com/title/tt2032557/?ref_=sr_t_230,2012,2h 10m,R,6.8,15K
231. Vicky Donor,https://www.imdb.com/title/tt2317337/?ref_=sr_t_231,2012,2h 6m,Not Rated,7.7,46K
232. Being Flynn,https://www.imdb.com/title/tt0455323/?ref_=sr_t_232,2012,1h 42m,R,6.4,18K
233. Ai Weiwei: Never Sorry,https://www.imdb.com/title/tt1845773/?ref_=sr_t_233,2012,1h 31m,R,7.5,4.5K
234. Shut Up and Play the Hits,https://www.imdb.com/title/tt2124908/?ref_=sr_t_234,2012,1h 48m,Not Rated,7.3,2.9K
235. The Act of Killing,https://www.imdb.com/title/tt2375605/?ref_=sr_t_235,2012,1h 57m,Not Rated,8.2,42K
236. Bachelorette,https://www.imdb.com/title/tt1920849/?ref_=sr_t_236,2012,1h 27m,R,5.3,49K
237. Ferrari Ki Sawaari,https://www.imdb.com/title/tt2122340/?ref_=sr_t_237,2012,2h 20m,Not Rated,6.4,6K
238. A Hijacking,https://www.imdb.com/title/tt2216240/?ref_=sr_t_238,2012,1h 43m,R,7.1,18K
239. Detropia,https://www.imdb.com/title/tt2125490/?ref_=sr_t_239,2012,1h 30m,Not Rated,6.5,1.6K
240. In the House,https://www.imdb.com/title/tt1964624/?ref_=sr_t_240,2012,1h 45m,R,7.3,35K
241. At Any Price,https://www.imdb.com/title/tt1937449/?ref_=sr_t_241,2012,1h 45m,R,5.6,8.1K
242. Khiladi 786,https://www.imdb.com/title/tt2166214/?ref_=sr_t_242,2012,2h 21m,Not Rated,4.4,8.2K
243. Smashed,https://www.imdb.com/title/tt2063781/?ref_=sr_t_243,2012,1h 21m,R,6.7,18K
244. Piranha 3DD,https://www.imdb.com/title/tt1714203/?ref_=sr_t_244,2012,1h 23m,R,3.8,46K
245. Hava Nagila,https://www.imdb.com/title/tt2244856/?ref_=sr_t_245,2012,1h 15m,Not Rated,6.4,280
246. Branded,https://www.imdb.com/title/tt1368440/?ref_=sr_t_246,2012,1h 46m,R,4.6,9.4K
247. The Angels' Share,https://www.imdb.com/title/tt1924394/?ref_=sr_t_247,2012,1h 41m,R,7.0,27K
248. Koch,https://www.imdb.com/title/tt2237822/?ref_=sr_t_248,2012,1h 40m,Not Rated,6.6,335
249. A Werewolf Boy,https://www.imdb.com/title/tt2315152/?ref_=sr_t_249,2012,2h 7m,Not Rated,7.2,9.2K
250. The Chef,https://www.imdb.com/title/tt1911553/?ref_=sr_t_250,2012,1h 24m,PG-13,6.6,18K
251. Red Hook Summer,https://www.imdb.com/title/tt1989593/?ref_=sr_t_251,2012,2h 1m,R,5.3,2K
252. Liberal Arts,https://www.imdb.com/title/tt1872818/?ref_=sr_t_252,2012,1h 37m,PG-13,6.7,41K
253. The Central Park Five,https://www.imdb.com/title/tt2380247/?ref_=sr_t_253,2012,1h 59m,Not Rated,7.7,8.1K
254. Compliance,https://www.imdb.com/title/tt1971352/?ref_=sr_t_254,2012,1h 30m,R,6.4,38K
255. Back to 1942,https://www.imdb.com/title/tt2113822/?ref_=sr_t_255,2012,2h 25m,Not Rated,6.9,3.8K
256. West of Memphis,https://www.imdb.com/title/tt2130321/?ref_=sr_t_256,2012,2h 27m,R,7.9,11K
257. Love,https://www.imdb.com/title/tt2202471/?ref_=sr_t_257,2012,2h 8m,Not Rated,6.5,1.7K
258. Stolen,https://www.imdb.com/title/tt1656186/?ref_=sr_t_258,2012,1h 36m,R,5.5,47K
259. Room 237,https://www.imdb.com/title/tt2085910/?ref_=sr_t_259,2012,1h 42m,Not Rated,6.2,23K
260. Something from Nothing: The Art of Rap,https://www.imdb.com/title/tt2062996/?ref_=sr_t_260,2012,1h 46m,R,7.1,3.6K
261. Blancanieves,https://www.imdb.com/title/tt1854513/?ref_=sr_t_261,2012,1h 44m,PG-13,7.5,12K
262. Ernest & Celestine,https://www.imdb.com/title/tt1816518/?ref_=sr_t_262,2012,1h 20m,PG,7.8,23K
263. Great Expectations,https://www.imdb.com/title/tt1836808/?ref_=sr_t_263,2012,2h 8m,PG-13,6.3,14K
264. Love in the Buff,https://www.imdb.com/title/tt2238839/?ref_=sr_t_264,2012,1h 52m,Not Rated,6.8,2K
265. Lola Versus,https://www.imdb.com/title/tt1710417/?ref_=sr_t_265,2012,1h 27m,R,5.5,9K
266. Keep the Lights On,https://www.imdb.com/title/tt2011953/?ref_=sr_t_266,2012,1h 41m,Not Rated,6.4,6.2K
267. The Waiting Room,https://www.imdb.com/title/tt1618399/?ref_=sr_t_267,2012,1h 21m,Not Rated,7.1,915
268. My Uncle Rafael,https://www.imdb.com/title/tt1604589/?ref_=sr_t_268,2012,1h 42m,PG-13,5.1,224
269. The Summit,https://www.imdb.com/title/tt2363471/?ref_=sr_t_269,2012,1h 35m,R,6.8,5.5K
270. Like Someone in Love,https://www.imdb.com/title/tt1843287/?ref_=sr_t_270,2012,1h 49m,Not Rated,7.0,13K
271. Middle of Nowhere,https://www.imdb.com/title/tt1211890/?ref_=sr_t_271,2012,1h 41m,R,6.6,2K
272. A Place at the Table,https://www.imdb.com/title/tt1736049/?ref_=sr_t_272,2012,1h 24m,PG,6.9,1.2K
273. Tezz,https://www.imdb.com/title/tt1706317/?ref_=sr_t_273,2012,2h 1m,Not Rated,4.1,2.7K
274. The Viral Factor,https://www.imdb.com/title/tt2063011/?ref_=sr_t_274,2012,2h 2m,Not Rated,5.9,2.8K
275. Brooklyn Castle,https://www.imdb.com/title/tt1800266/?ref_=sr_t_275,2012,1h 41m,PG,7.2,1K
276. Haute Cuisine,https://www.imdb.com/title/tt2094877/?ref_=sr_t_276,2012,1h 35m,PG-13,6.4,7K
277. Thaandavam,https://www.imdb.com/title/tt2271641/?ref_=sr_t_277,2012,2h 40m,Not Rated,6.1,2.3K
278. Tai Chi Zero,https://www.imdb.com/title/tt1981080/?ref_=sr_t_278,2012,1h 38m,PG-13,6.0,5.3K
279. The House I Live In,https://www.imdb.com/title/tt2125653/?ref_=sr_t_279,2012,1h 38m,Not Rated,7.9,5.4K
280. Arthur Newman,https://www.imdb.com/title/tt1930546/?ref_=sr_t_280,2012,1h 41m,R,5.6,7.9K
281. Vettai,https://www.imdb.com/title/tt1956697/?ref_=sr_t_281,2012,2h 30m,Not Rated,6.0,2.6K
282. Tim and Eric's Billion Dollar Movie,https://www.imdb.com/title/tt1855401/?ref_=sr_t_282,2012,1h 33m,R,5.3,11K
283. Any Day Now,https://www.imdb.com/title/tt2066176/?ref_=sr_t_283,2012,1h 38m,R,7.4,6.6K
284. No Place on Earth,https://www.imdb.com/title/tt2343266/?ref_=sr_t_284,2012,1h 23m,PG-13,7.1,1K
285. Free Angela and All Political Prisoners,https://www.imdb.com/title/tt2350432/?ref_=sr_t_285,2012,1h 42m,Not Rated,7.0,805
286. Midnight's Children,https://www.imdb.com/title/tt1714866/?ref_=sr_t_286,2012,2h 26m,Not Rated,6.2,3.4K
287. Puella Magi Madoka Magica the Movie Part 1: Beginnings,https://www.imdb.com/title/tt2205948/?ref_=sr_t_287,2012,2h 10m,Not Rated,7.6,1.8K
288. Lost Woods,https://www.imdb.com/title/tt1975205/?ref_=sr_t_288,2012,1h 28m,Not Rated,2.7,292
289. Populaire,https://www.imdb.com/title/tt2070776/?ref_=sr_t_289,2012,1h 51m,R,6.8,13K
290. Tere Naal Love Ho Gaya,https://www.imdb.com/title/tt2130242/?ref_=sr_t_290,2012,2h 10m,Not Rated,5.9,4.7K
291. Monumental: In Search of America's National Treasure,https://www.imdb.com/title/tt1706687/?ref_=sr_t_291,2012,1h 24m,PG,5.2,874
292. The Broken Circle Breakdown,https://www.imdb.com/title/tt2024519/?ref_=sr_t_292,2012,1h 51m,Not Rated,7.7,44K
293. Evangelion: 3.0 You Can (Not) Redo,https://www.imdb.com/title/tt0860907/?ref_=sr_t_293,2012,1h 36m,TV-14,6.9,20K
294. SOMM,https://www.imdb.com/title/tt2204371/?ref_=sr_t_294,2012,1h 34m,Not Rated,7.0,5.1K
295. Battlefield America,https://www.imdb.com/title/tt1995260/?ref_=sr_t_295,2012,1h 46m,PG-13,2.6,1.5K
296. Joker,https://www.imdb.com/title/tt1918886/?ref_=sr_t_296,2012,1h 44m,Not Rated,2.5,6.1K
297. Free the Mind,https://www.imdb.com/title/tt1673376/?ref_=sr_t_297,2012,1h 20m,Not Rated,6.3,454
298. Luv,https://www.imdb.com/title/tt1907707/?ref_=sr_t_298,2012,1h 34m,R,5.9,2.3K
299. Deadtime,https://www.imdb.com/title/tt1560479/?ref_=sr_t_299,2012,1h 37m,Not Rated,2.3,302
300. Shirin Farhad Ki Toh Nikal Padi,https://www.imdb.com/title/tt2187972/?ref_=sr_t_300,2012,1h 51m,Not Rated,4.5,1.1K
301. Sister,https://www.imdb.com/title/tt2062969/?ref_=sr_t_301,2012,1h 37m,Unrated,7.0,7.4K
302. Deceptive Practice: The Mysteries and Mentors of Ricky Jay,https://www.imdb.com/title/tt2654360/?ref_=sr_t_302,2012,1h 28m,Not Rated,7.1,1K
303. Chakravyuh,https://www.imdb.com/title/tt2292625/?ref_=sr_t_303,2012,2h 32m,Not Rated,6.8,3.5K
304. Made In Mexico,https://www.imdb.com/title/tt2062645/?ref_=sr_t_304,2012,1h 38m,R,6.9,700
305. A Coffee in Berlin,https://www.imdb.com/title/tt1954701/?ref_=sr_t_305,2012,1h 26m,Not Rated,7.3,18K
306. The Patience Stone,https://www.imdb.com/title/tt1638353/?ref_=sr_t_306,2012,1h 42m,R,7.1,5.6K
307. From Beneath,https://www.imdb.com/title/tt2215366/?ref_=sr_t_307,2012,1h 22m,Not Rated,2.8,964
308. Luv Shuv Tey Chicken Khurana,https://www.imdb.com/title/tt2186933/?ref_=sr_t_308,2012,2h 20m,Not Rated,6.6,4.1K
309. John Dies at the End,https://www.imdb.com/title/tt1783732/?ref_=sr_t_309,2012,1h 39m,R,6.3,41K
310. The Other Dream Team,https://www.imdb.com/title/tt1606829/?ref_=sr_t_310,2012,1h 29m,Not Rated,8.3,3.7K
311. 1+1=11,https://www.imdb.com/title/tt2198094/?ref_=sr_t_311,2012,1h 6m,,,
312. How to Survive a Plague,https://www.imdb.com/title/tt2124803/?ref_=sr_t_312,2012,1h 50m,Not Rated,7.6,4.4K
313. Drug War,https://www.imdb.com/title/tt2165735/?ref_=sr_t_313,2012,1h 47m,R,7.0,11K
314. The Artist and the Model,https://www.imdb.com/title/tt1990217/?ref_=sr_t_314,2012,1h 45m,R,6.6,1.9K
315. A Band Called Death,https://www.imdb.com/title/tt2064713/?ref_=sr_t_315,2012,1h 36m,Not Rated,7.5,4.1K
316. Escape Fire: The Fight to Rescue American Healthcare,https://www.imdb.com/title/tt2093109/?ref_=sr_t_316,2012,1h 35m,PG-13,7.4,567
317. Beyond the Hills,https://www.imdb.com/title/tt2258281/?ref_=sr_t_317,2012,2h 32m,Not Rated,7.5,13K
318. Lost and Found in Armenia,https://www.imdb.com/title/tt1876373/?ref_=sr_t_318,2012,1h 40m,,6.0,1.9K
319. Iron Sky,https://www.imdb.com/title/tt1034314/?ref_=sr_t_319,2012,1h 33m,R,5.9,97K
320. Cowgirls 'n Angels,https://www.imdb.com/title/tt1894561/?ref_=sr_t_320,2012,1h 32m,PG,6.1,1.8K
321. Bel Ami,https://www.imdb.com/title/tt1440732/?ref_=sr_t_321,2012,1h 42m,R,5.4,19K
322. The Bullet Vanishes,https://www.imdb.com/title/tt2106741/?ref_=sr_t_322,2012,1h 48m,Not Rated,6.5,2.3K
323. Storm Surfers 3D,https://www.imdb.com/title/tt1754546/?ref_=sr_t_323,2012,1h 35m,TV-G,6.4,418
324. Yossi,https://www.imdb.com/title/tt1934269/?ref_=sr_t_324,2012,1h 24m,Not Rated,7.1,3.3K
325. Beware of Mr. Baker,https://www.imdb.com/title/tt1931388/?ref_=sr_t_325,2012,1h 40m,Not Rated,7.6,3.7K
326. Follow Me: The Yoni Netanyahu Story,https://www.imdb.com/title/tt2062961/?ref_=sr_t_326,2012,1h 27m,Unrated,6.9,190
327. Spinning Plates,https://www.imdb.com/title/tt2014351/?ref_=sr_t_327,2012,1h 33m,Not Rated,7.1,989
328. The Obama Effect,https://www.imdb.com/title/tt2207006/?ref_=sr_t_328,2012,1h 25m,PG-13,1.7,459
329. Bettie Page Reveals All,https://www.imdb.com/title/tt1776086/?ref_=sr_t_329,2012,1h 41m,R,7.0,1.7K
330. Augustine,https://www.imdb.com/title/tt2098628/?ref_=sr_t_330,2012,1h 42m,Not Rated,6.1,1.7K
331. Hello I Must Be Going,https://www.imdb.com/title/tt2063666/?ref_=sr_t_331,2012,1h 35m,R,6.2,6.6K
332. Big Star: Nothing Can Hurt Me,https://www.imdb.com/title/tt2290151/?ref_=sr_t_332,2012,1h 53m,PG-13,7.1,1.5K
333. Steve Jobs: The Lost Interview,https://www.imdb.com/title/tt2104994/?ref_=sr_t_333,2012,1h 10m,Unrated,8.0,1.9K
334. Upside Down,https://www.imdb.com/title/tt1374992/?ref_=sr_t_334,2012,1h 49m,PG-13,6.3,75K
335. Gimme the Loot,https://www.imdb.com/title/tt2139919/?ref_=sr_t_335,2012,1h 21m,Not Rated,6.6,2.6K
336. The Magic of Belle Isle,https://www.imdb.com/title/tt1839654/?ref_=sr_t_336,2012,1h 49m,PG,6.9,21K
337. Thérèse,https://www.imdb.com/title/tt1654829/?ref_=sr_t_337,2012,1h 50m,,6.0,3.9K
338. Capital,https://www.imdb.com/title/tt1951166/?ref_=sr_t_338,2012,1h 54m,R,6.5,5.6K
339. Mugamoodi,https://www.imdb.com/title/tt2367996/?ref_=sr_t_339,2012,2h 30m,Not Rated,5.1,1.4K
340. Una noche,https://www.imdb.com/title/tt2184331/?ref_=sr_t_340,2012,1h 30m,Not Rated,6.7,2K
341. Shadow Dancer,https://www.imdb.com/title/tt1770734/?ref_=sr_t_341,2012,1h 41m,R,6.2,13K
342. One Track Heart: The Story of Krishna Das,https://www.imdb.com/title/tt2010939/?ref_=sr_t_342,2012,1h 14m,Not Rated,7.1,200
343. V/H/S,https://www.imdb.com/title/tt2105044/?ref_=sr_t_343,2012,1h 56m,R,5.8,72K
344. Hardflip,https://www.imdb.com/title/tt1907639/?ref_=sr_t_344,2012,1h 52m,PG-13,5.3,872
345. Passion,https://www.imdb.com/title/tt1829012/?ref_=sr_t_345,2012,1h 42m,R,5.3,25K
346. Somebody Up There Likes Me,https://www.imdb.com/title/tt2014346/?ref_=sr_t_346,2012,1h 16m,Not Rated,5.7,1.7K
347. Byzantium,https://www.imdb.com/title/tt1531901/?ref_=sr_t_347,2012,1h 58m,R,6.5,47K
348. Starlet,https://www.imdb.com/title/tt2035630/?ref_=sr_t_348,2012,1h 43m,Not Rated,6.9,9.4K
349. Marina Abramovic: The Artist Is Present,https://www.imdb.com/title/tt2073029/?ref_=sr_t_349,2012,1h 46m,Not Rated,7.8,6.6K
350. Something in the Air,https://www.imdb.com/title/tt1846472/?ref_=sr_t_350,2012,2h 2m,Not Rated,6.4,4.8K
351. Hating Breitbart,https://www.imdb.com/title/tt2400336/?ref_=sr_t_351,2012,1h 25m,R,6.5,501
352. Stuck in Love.,https://www.imdb.com/title/tt2205697/?ref_=sr_t_352,2012,1h 37m,R,7.2,93K
353. More Than Honey,https://www.imdb.com/title/tt2263058/?ref_=sr_t_353,2012,1h 35m,Unrated,7.5,4.3K
354. Harvest of Empire,https://www.imdb.com/title/tt2072987/?ref_=sr_t_354,2012,1h 30m,Not Rated,7.6,168
355. Caesar Must Die,https://www.imdb.com/title/tt2177511/?ref_=sr_t_355,2012,1h 17m,Unrated,7.3,6.9K
356. Leviathan,https://www.imdb.com/title/tt2332522/?ref_=sr_t_356,2012,1h 27m,Not Rated,6.5,3.9K
357. No One Lives,https://www.imdb.com/title/tt1763264/?ref_=sr_t_357,2012,1h 26m,R,6.0,25K
358. Reality,https://www.imdb.com/title/tt1846487/?ref_=sr_t_358,2012,1h 56m,R,6.8,5.8K
359. The Invisible War,https://www.imdb.com/title/tt2120152/?ref_=sr_t_359,2012,1h 33m,Not Rated,7.6,7.1K
360. An Oversimplification of Her Beauty,https://www.imdb.com/title/tt2073520/?ref_=sr_t_360,2012,1h 24m,TV-MA,6.3,823
361. Runaway Slave,https://www.imdb.com/title/tt2205591/?ref_=sr_t_361,2012,1h 48m,PG,6.8,306
362. War Witch,https://www.imdb.com/title/tt1820488/?ref_=sr_t_362,2012,1h 30m,Not Rated,7.0,7.6K
363. Taur Mittran Di,https://www.imdb.com/title/tt2262212/?ref_=sr_t_363,2012,2h 15m,Not Rated,6.5,111
364. An Inconsistent Truth,https://www.imdb.com/title/tt1806777/?ref_=sr_t_364,2012,1h 29m,PG,5.0,365
365. The Pervert's Guide to Ideology,https://www.imdb.com/title/tt2152198/?ref_=sr_t_365,2012,2h 16m,Not Rated,7.6,7.7K
366. For No Good Reason,https://www.imdb.com/title/tt2112152/?ref_=sr_t_366,2012,1h 29m,R,7.0,1.6K
367. Deadfall,https://www.imdb.com/title/tt1667310/?ref_=sr_t_367,2012,1h 35m,R,6.2,41K
368. Girlfriend Boyfriend,https://www.imdb.com/title/tt2319760/?ref_=sr_t_368,2012,1h 46m,Not Rated,7.0,2.1K
369. Becoming Traviata,https://www.imdb.com/title/tt2294917/?ref_=sr_t_369,2012,2h,Not Rated,6.7,121
370. The Last Sentence,https://www.imdb.com/title/tt1590013/?ref_=sr_t_370,2012,2h 6m,Unrated,6.2,863
371. Sightseers,https://www.imdb.com/title/tt2023690/?ref_=sr_t_371,2012,1h 28m,Not Rated,6.5,31K
372. Backwards,https://www.imdb.com/title/tt2005153/?ref_=sr_t_372,2012,1h 29m,PG,5.6,794
373. It's a Disaster,https://www.imdb.com/title/tt1995341/?ref_=sr_t_373,2012,1h 28m,R,6.4,12K
374. Neighboring Sounds,https://www.imdb.com/title/tt2190367/?ref_=sr_t_374,2012,2h 11m,Unrated,7.1,9K
375. Gregory Crewdson: Brief Encounters,https://www.imdb.com/title/tt2281267/?ref_=sr_t_375,2012,1h 18m,Not Rated,7.4,636
376. Sweet Dreams,https://www.imdb.com/title/tt2280836/?ref_=sr_t_376,2012,1h 29m,,8.1,44
377. Vulgaria,https://www.imdb.com/title/tt2266938/?ref_=sr_t_377,2012,1h 33m,Not Rated,6.3,1.6K
378. Side by Side,https://www.imdb.com/title/tt2014338/?ref_=sr_t_378,2012,1h 39m,Not Rated,7.6,14K
379. Sagrada: The Mystery of Creation,https://www.imdb.com/title/tt2552316/?ref_=sr_t_379,2012,1h 29m,,6.5,252
380. Aftershock,https://www.imdb.com/title/tt1780762/?ref_=sr_t_380,2012,1h 29m,R,4.8,13K
381. Lost in Thailand,https://www.imdb.com/title/tt2459022/?ref_=sr_t_381,2012,1h 45m,Not Rated,6.2,4K
382. A Beautiful Soul,https://www.imdb.com/title/tt1954204/?ref_=sr_t_382,2012,1h 27m,PG-13,4.9,131
383. Dangerous Liaisons,https://www.imdb.com/title/tt2071441/?ref_=sr_t_383,2012,1h 50m,Not Rated,6.0,2.1K
384. Occupy Unmasked,https://www.imdb.com/title/tt2234315/?ref_=sr_t_384,2012,1h 16m,Not Rated,5.0,615
385. Red Lights,https://www.imdb.com/title/tt1748179/?ref_=sr_t_385,2012,1h 54m,R,6.2,68K
386. Jodi Breakers,https://www.imdb.com/title/tt2191721/?ref_=sr_t_386,2012,2h 7m,Not Rated,3.7,1.2K
387. Venus and Serena,https://www.imdb.com/title/tt2376024/?ref_=sr_t_387,2012,1h 39m,PG-13,6.5,885
388. Painted Skin: The Resurrection,https://www.imdb.com/title/tt2371411/?ref_=sr_t_388,2012,2h 11m,Not Rated,6.2,3.7K
389. The Fitzgerald Family Christmas,https://www.imdb.com/title/tt2331880/?ref_=sr_t_389,2012,1h 39m,PG-13,6.3,1.7K
390. The Discoverers,https://www.imdb.com/title/tt1715876/?ref_=sr_t_390,2012,1h 44m,TV-14,5.6,578
"391. All's Well, Ends Well 2012",https://www.imdb.com/title/tt2051818/?ref_=sr_t_391,2012,1h 55m,Not Rated,5.0,370
392. Entre les Bras,https://www.imdb.com/title/tt2141717/?ref_=sr_t_392,2012,1h 26m,,6.2,269
393. Jewtopia,https://www.imdb.com/title/tt0878814/?ref_=sr_t_393,2012,1h 30m,Not Rated,4.5,1.8K
394. Wish You Were Here,https://www.imdb.com/title/tt1684925/?ref_=sr_t_394,2012,1h 29m,R,5.9,6.3K
395. Wrong,https://www.imdb.com/title/tt1901040/?ref_=sr_t_395,2012,1h 34m,Not Rated,6.2,11K
396. Long Shot: The Kevin Laue Story,https://www.imdb.com/title/tt1371081/?ref_=sr_t_396,2012,1h 33m,PG-13,7.7,41
397. Filmistaan,https://www.imdb.com/title/tt2417560/?ref_=sr_t_397,2012,1h 57m,Not Rated,7.3,3.7K
398. A Glimpse Inside the Mind of Charles Swan III,https://www.imdb.com/title/tt2044729/?ref_=sr_t_398,2012,1h 26m,R,4.6,5.8K
399. Greedy Lying Bastards,https://www.imdb.com/title/tt2069784/?ref_=sr_t_399,2012,1h 30m,PG-13,5.9,273
400. My Brother the Devil,https://www.imdb.com/title/tt2076897/?ref_=sr_t_400,2012,1h 51m,Not Rated,6.5,3.4K
401. Double Trouble,https://www.imdb.com/title/tt2309048/?ref_=sr_t_401,2012,1h 27m,,4.2,260
402. Road to Ninja - Naruto the Movie,https://www.imdb.com/title/tt2290828/?ref_=sr_t_402,2012,1h 49m,TV-14,7.6,8.6K
403. Fixing the Future,https://www.imdb.com/title/tt2974104/?ref_=sr_t_403,2012,1h 37m,Not Rated,7.9,10
404. Zaytoun,https://www.imdb.com/title/tt2131698/?ref_=sr_t_404,2012,1h 50m,Not Rated,6.6,1.7K
405. The We and the I,https://www.imdb.com/title/tt1618445/?ref_=sr_t_405,2012,1h 43m,Not Rated,6.1,2.2K
406. The Comedy,https://www.imdb.com/title/tt2112293/?ref_=sr_t_406,2012,1h 35m,Not Rated,6.3,5.5K
407. Fat Kid Rules the World,https://www.imdb.com/title/tt1995304/?ref_=sr_t_407,2012,1h 38m,R,6.4,3.4K
408. Paan Singh Tomar,https://www.imdb.com/title/tt1620933/?ref_=sr_t_408,2012,2h 15m,Not Rated,8.2,39K
409. How to Make Money Selling Drugs,https://www.imdb.com/title/tt1276962/?ref_=sr_t_409,2012,1h 36m,Not Rated,7.6,6.9K
410. Post Tenebras Lux,https://www.imdb.com/title/tt1754367/?ref_=sr_t_410,2012,1h 55m,Not Rated,6.5,6K
411. Soldiers of Fortune,https://www.imdb.com/title/tt1678051/?ref_=sr_t_411,2012,1h 34m,R,4.3,7.6K
412. The Wall,https://www.imdb.com/title/tt1745686/?ref_=sr_t_412,2012,1h 48m,Not Rated,6.7,7.4K
413. Rising from Ashes,https://www.imdb.com/title/tt2088883/?ref_=sr_t_413,2012,1h 22m,,7.5,280
414. Berberian Sound Studio,https://www.imdb.com/title/tt1833844/?ref_=sr_t_414,2012,1h 32m,Not Rated,6.2,18K
415. Death by China,https://www.imdb.com/title/tt2304583/?ref_=sr_t_415,2012,1h 18m,Not Rated,5.4,513
416. 7 Boxes,https://www.imdb.com/title/tt2333598/?ref_=sr_t_416,2012,1h 45m,TV-14,7.1,6.4K
417. Mumia: Long Distance Revolutionary,https://www.imdb.com/title/tt2005276/?ref_=sr_t_417,2012,2h,Not Rated,7.4,484
418. Mansome,https://www.imdb.com/title/tt2294729/?ref_=sr_t_418,2012,1h 22m,PG-13,5.4,3K
419. Conquest 1453,https://www.imdb.com/title/tt1783232/?ref_=sr_t_419,2012,2h 42m,Not Rated,6.5,59K
420. Far Out Isn't Far Enough: The Tomi Ungerer Story,https://www.imdb.com/title/tt1974254/?ref_=sr_t_420,2012,1h 38m,Not Rated,7.8,337
421. Tai Chi Hero,https://www.imdb.com/title/tt2296404/?ref_=sr_t_421,2012,1h 40m,Not Rated,6.1,3.7K
422. The Girl,https://www.imdb.com/title/tt1127883/?ref_=sr_t_422,2012,1h 35m,PG-13,6.2,1.4K
423. Orchestra of Exiles,https://www.imdb.com/title/tt1906443/?ref_=sr_t_423,2012,1h 25m,Not Rated,7.2,165
424. Dislecksia: The Movie,https://www.imdb.com/title/tt1461219/?ref_=sr_t_424,2012,1h 23m,Unrated,8.3,26
425. Rurouni Kenshin Part I: Origins,https://www.imdb.com/title/tt1979319/?ref_=sr_t_425,2012,2h 14m,TV-MA,7.4,30K
426. District of Corruption,https://www.imdb.com/title/tt2534514/?ref_=sr_t_426,2012,1h 10m,Not Rated,2.3,117
427. Maniac,https://www.imdb.com/title/tt2103217/?ref_=sr_t_427,2012,1h 29m,Not Rated,6.1,41K
428. Kalakalappu,https://www.imdb.com/title/tt2262126/?ref_=sr_t_428,2012,2h 15m,Not Rated,7.0,1.7K
429. The Bay,https://www.imdb.com/title/tt1713476/?ref_=sr_t_429,2012,1h 25m,R,5.7,31K
430. These Birds Walk,https://www.imdb.com/title/tt2130282/?ref_=sr_t_430,2012,1h 11m,Not Rated,6.9,372
431. A Fierce Green Fire: The Battle for A Living Planet,https://www.imdb.com/title/tt1539489/?ref_=sr_t_431,2012,1h 41m,TV-G,6.9,246
432. Dead Man's Burden,https://www.imdb.com/title/tt2094155/?ref_=sr_t_432,2012,1h 33m,Not Rated,5.5,708
433. Paulette,https://www.imdb.com/title/tt2215395/?ref_=sr_t_433,2012,1h 27m,R,6.6,7.7K
434. Struck by Lightning,https://www.imdb.com/title/tt1791614/?ref_=sr_t_434,2012,1h 30m,Not Rated,6.2,15K
435. Least Among Saints,https://www.imdb.com/title/tt1937222/?ref_=sr_t_435,2012,1h 47m,R,6.4,631
436. Simon Killer,https://www.imdb.com/title/tt1790834/?ref_=sr_t_436,2012,1h 46m,Not Rated,6.3,5.1K
437. Tiger Eyes,https://www.imdb.com/title/tt1748260/?ref_=sr_t_437,2012,1h 32m,PG-13,6.2,2.1K
438. Out in the Dark,https://www.imdb.com/title/tt2318625/?ref_=sr_t_438,2012,1h 36m,Not Rated,7.5,9.5K
439. The Sweeney,https://www.imdb.com/title/tt0857190/?ref_=sr_t_439,2012,1h 52m,R,6.1,21K
440. Elena,https://www.imdb.com/title/tt2475154/?ref_=sr_t_440,2012,1h 20m,,7.5,2.1K
441. Nobody Walks,https://www.imdb.com/title/tt1907731/?ref_=sr_t_441,2012,1h 23m,R,5.3,5.3K
442. In Another Country,https://www.imdb.com/title/tt1989712/?ref_=sr_t_442,2012,1h 29m,Not Rated,6.4,3.6K
443. Graceland,https://www.imdb.com/title/tt2131523/?ref_=sr_t_443,2012,1h 24m,Not Rated,6.6,1.7K
444. Otter 501,https://www.imdb.com/title/tt2103227/?ref_=sr_t_444,2012,1h 25m,G,7.6,43
445. The Citizen,https://www.imdb.com/title/tt1942989/?ref_=sr_t_445,2012,1h 39m,PG-13,6.7,3.4K
446. Paradise: Love,https://www.imdb.com/title/tt1403214/?ref_=sr_t_446,2012,2h,Unrated,7.0,10K
447. Radio Unnameable,https://www.imdb.com/title/tt1541153/?ref_=sr_t_447,2012,1h 27m,Not Rated,7.3,90
448. Harry Dean Stanton: Partly Fiction,https://www.imdb.com/title/tt2372776/?ref_=sr_t_448,2012,1h 17m,Not Rated,7.4,1.4K
449. Greenwich Village: Music That Defined a Generation,https://www.imdb.com/title/tt1941541/?ref_=sr_t_449,2012,1h 32m,Unrated,7.0,321
450. The Hill Chris Climbed: The Gridiron Heroes Story,https://www.imdb.com/title/tt1650549/?ref_=sr_t_450,2012,1h 30m,Not Rated,8.0,27
451. Can't Stand Losing You: Surviving the Police,https://www.imdb.com/title/tt1610013/?ref_=sr_t_451,2012,1h 19m,Not Rated,6.9,894
452. Our Children,https://www.imdb.com/title/tt1660302/?ref_=sr_t_452,2012,1h 51m,Not Rated,6.8,3.2K
453. The Iran Job,https://www.imdb.com/title/tt1753846/?ref_=sr_t_453,2012,1h 30m,Not Rated,7.2,630
454. History of Jazz: Oxygen for the Ears,https://www.imdb.com/title/tt2273471/?ref_=sr_t_454,2012,1h 34m,Not Rated,8.1,17
455. Hellbound?,https://www.imdb.com/title/tt2325719/?ref_=sr_t_455,2012,1h 24m,Not Rated,6.3,312
456. The First Time,https://www.imdb.com/title/tt1763303/?ref_=sr_t_456,2012,1h 35m,PG-13,6.8,74K
457. Carol Channing: Larger Than Life,https://www.imdb.com/title/tt1737122/?ref_=sr_t_457,2012,1h 27m,PG,7.6,295
458. The Revisionaries,https://www.imdb.com/title/tt2091398/?ref_=sr_t_458,2012,1h 32m,Not Rated,7.0,698
459. Two Lives,https://www.imdb.com/title/tt1783422/?ref_=sr_t_459,2012,1h 37m,Unrated,7.1,3.3K
460. The Black Dove,https://www.imdb.com/title/tt1844790/?ref_=sr_t_460,2012,1h 51m,Not Rated,5.5,56
461. Pieta,https://www.imdb.com/title/tt2299842/?ref_=sr_t_461,2012,1h 43m,Not Rated,7.1,16K
462. The ABCs of Death,https://www.imdb.com/title/tt1935896/?ref_=sr_t_462,2012,2h 9m,Not Rated,4.7,21K
463. Viola,https://www.imdb.com/title/tt2379418/?ref_=sr_t_463,2012,1h 5m,Not Rated,6.1,593
464. Blue Exorcist: The Movie,https://www.imdb.com/title/tt3028018/?ref_=sr_t_464,2012,1h 28m,,7.1,2.6K
465. Évocateur: The Morton Downey Jr. Movie,https://www.imdb.com/title/tt1822381/?ref_=sr_t_465,2012,1h 30m,R,6.8,1.1K
466. Waiting for Lightning,https://www.imdb.com/title/tt1754853/?ref_=sr_t_466,2012,1h 36m,PG-13,7.3,715
467. Lay the Favorite,https://www.imdb.com/title/tt1132449/?ref_=sr_t_467,2012,1h 34m,R,4.8,12K
468. The Great Flood,https://www.imdb.com/title/tt2064960/?ref_=sr_t_468,2012,1h 20m,Not Rated,6.9,155
469. In Over My Head,https://www.imdb.com/title/tt2206498/?ref_=sr_t_469,2012,1h 46m,Not Rated,5.0,43
470. Tchoupitoulas,https://www.imdb.com/title/tt2011265/?ref_=sr_t_470,2012,1h 20m,Not Rated,6.5,333
471. Peter Brook: The Tightrope,https://www.imdb.com/title/tt2312406/?ref_=sr_t_471,2012,1h 26m,Not Rated,7.3,64
472. The People I've Slept With,https://www.imdb.com/title/tt1024770/?ref_=sr_t_472,2012,1h 29m,Not Rated,4.8,835
473. Sophomore,https://www.imdb.com/title/tt1059317/?ref_=sr_t_473,2012,1h 38m,Not Rated,4.7,187
474. You Ain't Seen Nothin' Yet,https://www.imdb.com/title/tt1690389/?ref_=sr_t_474,2012,1h 55m,Not Rated,6.5,1.7K
475. 28 Hotel Rooms,https://www.imdb.com/title/tt2124074/?ref_=sr_t_475,2012,1h 22m,Not Rated,5.7,3.7K
476. La Camioneta: The Journey of One American School Bus,https://www.imdb.com/title/tt2040398/?ref_=sr_t_476,2012,1h 11m,TV-PG,6.8,145
477. Twice Born,https://www.imdb.com/title/tt1396226/?ref_=sr_t_477,2012,2h 7m,R,7.3,18K
478. Casting By,https://www.imdb.com/title/tt1293751/?ref_=sr_t_478,2012,1h 29m,TV-14,7.6,1.6K
479. Payback,https://www.imdb.com/title/tt1430625/?ref_=sr_t_479,2012,1h 22m,Not Rated,6.3,245
480. Mental,https://www.imdb.com/title/tt1655416/?ref_=sr_t_480,2012,1h 56m,Not Rated,6.1,5.2K
481. The History of Future Folk,https://www.imdb.com/title/tt2245195/?ref_=sr_t_481,2012,1h 26m,Not Rated,7.1,3.7K
482. Grandmaster,https://www.imdb.com/title/tt2345561/?ref_=sr_t_482,2012,1h 40m,Not Rated,6.9,2.4K
483. The Prophet's Son,https://www.imdb.com/title/tt2093269/?ref_=sr_t_483,2012,1h 37m,,5.3,49
484. Night Across the Street,https://www.imdb.com/title/tt1876360/?ref_=sr_t_484,2012,1h 50m,Not Rated,6.1,531
485. Design Is One: The Vignellis,https://www.imdb.com/title/tt2610862/?ref_=sr_t_485,2012,1h 26m,Not Rated,7.0,158
486. Out of the Clear Blue Sky,https://www.imdb.com/title/tt2247696/?ref_=sr_t_486,2012,1h 47m,Not Rated,6.8,342
487. Teddy Bear,https://www.imdb.com/title/tt1729226/?ref_=sr_t_487,2012,1h 32m,Not Rated,7.1,4.9K
488. Supercapitalist,https://www.imdb.com/title/tt1734586/?ref_=sr_t_488,2012,1h 42m,Not Rated,4.4,1.2K
489. Patience,https://www.imdb.com/title/tt2118702/?ref_=sr_t_489,2012,1h 26m,Not Rated,7.0,318
490. This Binary Universe,https://www.imdb.com/title/tt2260728/?ref_=sr_t_490,2012,1h 47m,Not Rated,8.8,12
491. California Solo,https://www.imdb.com/title/tt1918727/?ref_=sr_t_491,2012,1h 34m,Not Rated,6.2,1.1K
492. Only the Young,https://www.imdb.com/title/tt2085888/?ref_=sr_t_492,2012,1h 12m,Not Rated,6.6,420
493. The Olivia Experiment,https://www.imdb.com/title/tt2063819/?ref_=sr_t_493,2012,1h 29m,Not Rated,5.8,75
494. Trade of Innocents,https://www.imdb.com/title/tt1772408/?ref_=sr_t_494,2012,1h 28m,PG-13,5.4,1.1K
495. I Declare War,https://www.imdb.com/title/tt2133239/?ref_=sr_t_495,2012,1h 34m,Not Rated,6.0,2.9K
496. Jayne Mansfield's Car,https://www.imdb.com/title/tt1781840/?ref_=sr_t_496,2012,2h 2m,R,6.2,3.7K
497. Horses of God,https://www.imdb.com/title/tt2369047/?ref_=sr_t_497,2012,1h 55m,Not Rated,7.3,2.1K
498. Kiss of the Damned,https://www.imdb.com/title/tt1959438/?ref_=sr_t_498,2012,1h 37m,R,5.5,5.5K
499. 30 Beats,https://www.imdb.com/title/tt1484521/?ref_=sr_t_499,2012,1h 28m,R,4.0,1.1K
500. Silent Night,https://www.imdb.com/title/tt2347497/?ref_=sr_t_500,2012,1h 34m,R,5.2,9.9K
