Title,Movie Link,Year,Duration,MPA,Rating,Votes
1. American Sniper,https://www.imdb.com/title/tt2179136/?ref_=sr_t_1,2014,2h 13m,R,7.3,543K
2. The Hunger Games: Mockingjay - Part 1,https://www.imdb.com/title/tt1951265/?ref_=sr_t_2,2014,2h 3m,PG-13,6.6,517K
3. Guardians of the Galaxy,https://www.imdb.com/title/tt2015381/?ref_=sr_t_3,2014,2h 1m,PG-13,8.0,1.3M
4. Captain America: The Winter Soldier,https://www.imdb.com/title/tt1843866/?ref_=sr_t_4,2014,2h 16m,PG-13,7.7,920K
5. The Lego Movie,https://www.imdb.com/title/tt1490017/?ref_=sr_t_5,2014,1h 40m,PG,7.7,397K
6. The Hobbit: The Battle of the Five Armies,https://www.imdb.com/title/tt2310332/?ref_=sr_t_6,2014,2h 24m,R,7.4,589K
7. Transformers: Age of Extinction,https://www.imdb.com/title/tt2109248/?ref_=sr_t_7,2014,2h 45m,PG-13,5.6,338K
8. Maleficent,https://www.imdb.com/title/tt1587310/?ref_=sr_t_8,2014,1h 37m,PG,6.9,408K
9. X-Men: Days of Future Past,https://www.imdb.com/title/tt1877832/?ref_=sr_t_9,2014,2h 12m,PG-13,7.9,763K
10. Big Hero 6,https://www.imdb.com/title/tt2245084/?ref_=sr_t_10,2014,1h 42m,PG,7.8,520K
11. Dawn of the Planet of the Apes,https://www.imdb.com/title/tt2103281/?ref_=sr_t_11,2014,2h 10m,PG-13,7.6,495K
12. The Amazing Spider-Man 2,https://www.imdb.com/title/tt1872181/?ref_=sr_t_12,2014,2h 22m,PG-13,6.6,555K
13. Interstellar,https://www.imdb.com/title/tt0816692/?ref_=sr_t_13,2014,2h 49m,PG-13,8.7,2.2M
14. Godzilla,https://www.imdb.com/title/tt0831387/?ref_=sr_t_14,2014,2h 3m,PG-13,6.4,450K
15. 22 Jump Street,https://www.imdb.com/title/tt2294449/?ref_=sr_t_15,2014,1h 52m,R,7.0,417K
16. Teenage Mutant Ninja Turtles,https://www.imdb.com/title/tt1291150/?ref_=sr_t_16,2014,1h 41m,PG-13,5.8,224K
17. How to Train Your Dragon 2,https://www.imdb.com/title/tt1646971/?ref_=sr_t_17,2014,1h 42m,PG,7.8,375K
18. Gone Girl,https://www.imdb.com/title/tt2267998/?ref_=sr_t_18,2014,2h 29m,R,8.1,1.1M
19. Divergent,https://www.imdb.com/title/tt1840309/?ref_=sr_t_19,2014,2h 19m,PG-13,6.6,500K
20. Neighbors,https://www.imdb.com/title/tt2004420/?ref_=sr_t_20,2014,1h 37m,R,6.3,336K
21. Ride Along,https://www.imdb.com/title/tt1408253/?ref_=sr_t_21,2014,1h 39m,PG-13,6.1,125K
22. Rio 2,https://www.imdb.com/title/tt2357291/?ref_=sr_t_22,2014,1h 41m,G,6.3,104K
23. Kingsman: The Secret Service,https://www.imdb.com/title/tt2802144/?ref_=sr_t_23,2014,2h 9m,R,7.7,740K
24. Into the Woods,https://www.imdb.com/title/tt2180411/?ref_=sr_t_24,2014,2h 5m,PG,5.9,150K
25. Lucy,https://www.imdb.com/title/tt2872732/?ref_=sr_t_25,2014,1h 29m,R,6.4,549K
26. The Fault in Our Stars,https://www.imdb.com/title/tt2582846/?ref_=sr_t_26,2014,2h 6m,PG-13,7.7,411K
27. Unbroken,https://www.imdb.com/title/tt1809398/?ref_=sr_t_27,2014,2h 17m,PG-13,7.2,188K
28. Night at the Museum: Secret of the Tomb,https://www.imdb.com/title/tt2692250/?ref_=sr_t_28,2014,1h 38m,PG,6.2,140K
29. Mr. Peabody & Sherman,https://www.imdb.com/title/tt0864835/?ref_=sr_t_29,2014,1h 32m,PG,6.8,80K
30. 300: Rise of an Empire,https://www.imdb.com/title/tt1253863/?ref_=sr_t_30,2014,1h 42m,R,6.2,321K
31. The Maze Runner,https://www.imdb.com/title/tt1790864/?ref_=sr_t_31,2014,1h 53m,PG-13,6.8,527K
32. The Equalizer,https://www.imdb.com/title/tt0455944/?ref_=sr_t_32,2014,2h 12m,R,7.3,437K
33. Noah,https://www.imdb.com/title/tt1959490/?ref_=sr_t_33,2014,2h 18m,PG-13,5.8,270K
34. Edge of Tomorrow,https://www.imdb.com/title/tt1631867/?ref_=sr_t_34,2014,1h 53m,PG-13,7.9,761K
35. Non-Stop,https://www.imdb.com/title/tt2024469/?ref_=sr_t_35,2014,1h 46m,PG-13,6.9,280K
36. Heaven Is for Real,https://www.imdb.com/title/tt1929263/?ref_=sr_t_36,2014,1h 39m,PG,5.9,29K
37. The Imitation Game,https://www.imdb.com/title/tt2084970/?ref_=sr_t_37,2014,1h 54m,PG-13,8.0,843K
38. Taken 3,https://www.imdb.com/title/tt2446042/?ref_=sr_t_38,2014,1h 48m,PG-13,6.0,208K
39. Dumb and Dumber To,https://www.imdb.com/title/tt2096672/?ref_=sr_t_39,2014,1h 49m,PG-13,5.6,148K
40. Annie,https://www.imdb.com/title/tt1823664/?ref_=sr_t_40,2014,1h 58m,PG,5.4,42K
41. Fury,https://www.imdb.com/title/tt2713180/?ref_=sr_t_41,2014,2h 14m,R,7.6,567K
42. Tammy,https://www.imdb.com/title/tt2103254/?ref_=sr_t_42,2014,1h 37m,R,4.9,56K
43. Annabelle,https://www.imdb.com/title/tt3322940/?ref_=sr_t_43,2014,1h 39m,R,5.5,181K
44. The Other Woman,https://www.imdb.com/title/tt2203939/?ref_=sr_t_44,2014,1h 49m,PG-13,6.0,155K
45. Penguins of Madagascar,https://www.imdb.com/title/tt1911658/?ref_=sr_t_45,2014,1h 32m,PG,6.6,107K
46. Let's Be Cops,https://www.imdb.com/title/tt1924435/?ref_=sr_t_46,2014,1h 44m,R,6.4,141K
47. The Monuments Men,https://www.imdb.com/title/tt2177771/?ref_=sr_t_47,2014,1h 58m,PG-13,6.1,145K
48. Paddington,https://www.imdb.com/title/tt1109624/?ref_=sr_t_48,2014,1h 35m,PG,7.3,141K
49. Hercules,https://www.imdb.com/title/tt1267297/?ref_=sr_t_49,2014,1h 38m,PG-13,6.0,167K
50. The Purge: Anarchy,https://www.imdb.com/title/tt2975578/?ref_=sr_t_50,2014,1h 43m,R,6.4,166K
"51. Alexander and the Terrible, Horrible, No Good, Very Bad Day",https://www.imdb.com/title/tt1698641/?ref_=sr_t_51,2014,1h 21m,PG,6.2,47K
52. Think Like a Man Too,https://www.imdb.com/title/tt2239832/?ref_=sr_t_52,2014,1h 46m,PG-13,5.7,23K
53. Exodus: Gods and Kings,https://www.imdb.com/title/tt1528100/?ref_=sr_t_53,2014,2h 30m,PG-13,6.0,182K
54. The Nut Job,https://www.imdb.com/title/tt1821658/?ref_=sr_t_54,2014,1h 25m,PG,5.7,31K
55. God's Not Dead,https://www.imdb.com/title/tt2528814/?ref_=sr_t_55,2014,1h 53m,PG,4.6,46K
56. Son of God,https://www.imdb.com/title/tt3210686/?ref_=sr_t_56,2014,2h 18m,PG-13,5.7,20K
57. The Grand Budapest Hotel,https://www.imdb.com/title/tt2278388/?ref_=sr_t_57,2014,1h 39m,R,8.1,912K
58. Planes: Fire & Rescue,https://www.imdb.com/title/tt2980706/?ref_=sr_t_58,2014,1h 23m,PG,5.9,20K
59. RoboCop,https://www.imdb.com/title/tt1234721/?ref_=sr_t_59,2014,1h 57m,PG-13,6.1,243K
60. Dracula Untold,https://www.imdb.com/title/tt0829150/?ref_=sr_t_60,2014,1h 32m,PG-13,6.2,214K
61. Horrible Bosses 2,https://www.imdb.com/title/tt2170439/?ref_=sr_t_61,2014,1h 48m,R,6.3,188K
62. The Hundred-Foot Journey,https://www.imdb.com/title/tt2980648/?ref_=sr_t_62,2014,2h 2m,PG,7.3,89K
63. No Good Deed,https://www.imdb.com/title/tt2011159/?ref_=sr_t_63,2014,1h 24m,PG-13,5.6,22K
64. Selma,https://www.imdb.com/title/tt1020072/?ref_=sr_t_64,2014,2h 8m,PG-13,7.5,97K
65. Muppets Most Wanted,https://www.imdb.com/title/tt2281587/?ref_=sr_t_65,2014,1h 47m,PG,6.4,38K
66. Ouija,https://www.imdb.com/title/tt1204977/?ref_=sr_t_66,2014,1h 29m,PG-13,4.5,59K
67. The Boxtrolls,https://www.imdb.com/title/tt0787474/?ref_=sr_t_67,2014,1h 36m,PG,6.8,63K
68. Jack Ryan: Shadow Recruit,https://www.imdb.com/title/tt1205537/?ref_=sr_t_68,2014,1h 45m,PG-13,6.2,140K
69. If I Stay,https://www.imdb.com/title/tt1355630/?ref_=sr_t_69,2014,1h 47m,PG-13,6.7,129K
70. The Book of Life,https://www.imdb.com/title/tt2262227/?ref_=sr_t_70,2014,1h 35m,PG,7.2,80K
71. About Last Night,https://www.imdb.com/title/tt1826590/?ref_=sr_t_71,2014,1h 40m,R,6.0,25K
72. Into the Storm,https://www.imdb.com/title/tt2106361/?ref_=sr_t_72,2014,1h 29m,PG-13,5.8,73K
73. The Judge,https://www.imdb.com/title/tt1872194/?ref_=sr_t_73,2014,2h 21m,R,7.4,211K
74. Jersey Boys,https://www.imdb.com/title/tt1742044/?ref_=sr_t_74,2014,2h 14m,R,6.8,37K
75. Blended,https://www.imdb.com/title/tt1086772/?ref_=sr_t_75,2014,1h 57m,PG-13,6.5,149K
76. The Giver,https://www.imdb.com/title/tt0435651/?ref_=sr_t_76,2014,1h 37m,PG-13,6.4,127K
77. St. Vincent,https://www.imdb.com/title/tt2170593/?ref_=sr_t_77,2014,1h 42m,PG-13,7.2,110K
78. Need for Speed,https://www.imdb.com/title/tt2369135/?ref_=sr_t_78,2014,2h 12m,PG-13,6.4,181K
79. A Million Ways to Die in the West,https://www.imdb.com/title/tt2557490/?ref_=sr_t_79,2014,1h 56m,R,6.1,203K
80. John Wick,https://www.imdb.com/title/tt2911666/?ref_=sr_t_80,2014,1h 41m,R,7.4,765K
81. Birdman or (The Unexpected Virtue of Ignorance),https://www.imdb.com/title/tt2562232/?ref_=sr_t_81,2014,1h 59m,R,7.7,677K
82. Dolphin Tale 2,https://www.imdb.com/title/tt2978462/?ref_=sr_t_82,2014,1h 47m,PG,6.4,9.9K
83. The Expendables 3,https://www.imdb.com/title/tt2333784/?ref_=sr_t_83,2014,2h 6m,PG-13,6.1,200K
84. Earth to Echo,https://www.imdb.com/title/tt2183034/?ref_=sr_t_84,2014,1h 31m,PG,5.7,20K
85. Sex Tape,https://www.imdb.com/title/tt1956620/?ref_=sr_t_85,2014,1h 34m,R,5.1,120K
86. Wild,https://www.imdb.com/title/tt2305051/?ref_=sr_t_86,2014,1h 55m,R,7.1,142K
87. Million Dollar Arm,https://www.imdb.com/title/tt1647668/?ref_=sr_t_87,2014,2h 4m,PG,7.0,48K
88. The Theory of Everything,https://www.imdb.com/title/tt2980516/?ref_=sr_t_88,2014,2h 3m,PG-13,7.7,491K
89. This Is Where I Leave You,https://www.imdb.com/title/tt1371150/?ref_=sr_t_89,2014,1h 43m,R,6.6,91K
90. The Gambler,https://www.imdb.com/title/tt2039393/?ref_=sr_t_90,2014,1h 51m,R,6.0,75K
91. Unfriended,https://www.imdb.com/title/tt3713166/?ref_=sr_t_91,2014,1h 23m,R,5.6,84K
92. Paranormal Activity: The Marked Ones,https://www.imdb.com/title/tt2473682/?ref_=sr_t_92,2014,1h 24m,R,5.1,46K
93. Nightcrawler,https://www.imdb.com/title/tt2872718/?ref_=sr_t_93,2014,1h 57m,R,7.8,626K
94. Chef,https://www.imdb.com/title/tt2883512/?ref_=sr_t_94,2014,1h 54m,R,7.3,239K
95. Get on Up,https://www.imdb.com/title/tt2473602/?ref_=sr_t_95,2014,2h 19m,PG-13,6.9,26K
96. 3 Days to Kill,https://www.imdb.com/title/tt2172934/?ref_=sr_t_96,2014,1h 57m,PG-13,6.2,99K
97. Deliver Us from Evil,https://www.imdb.com/title/tt2377322/?ref_=sr_t_97,2014,1h 58m,R,6.2,88K
98. When the Game Stands Tall,https://www.imdb.com/title/tt2247476/?ref_=sr_t_98,2014,1h 55m,PG,6.6,17K
99. Draft Day,https://www.imdb.com/title/tt2223990/?ref_=sr_t_99,2014,1h 50m,PG-13,6.8,69K
100. The Best of Me,https://www.imdb.com/title/tt1972779/?ref_=sr_t_100,2014,1h 58m,PG-13,6.7,79K
101. The Woman in Black 2: Angel of Death,https://www.imdb.com/title/tt2339741/?ref_=sr_t_101,2014,1h 38m,PG-13,4.8,30K
102. A Walk Among the Tombstones,https://www.imdb.com/title/tt0365907/?ref_=sr_t_102,2014,1h 54m,R,6.5,129K
103. That Awkward Moment,https://www.imdb.com/title/tt1800246/?ref_=sr_t_103,2014,1h 34m,R,6.1,108K
104. Ex Machina,https://www.imdb.com/title/tt0470752/?ref_=sr_t_104,2014,1h 48m,R,7.7,609K
105. Boyhood,https://www.imdb.com/title/tt1065073/?ref_=sr_t_105,2014,2h 45m,R,7.9,373K
106. Top Five,https://www.imdb.com/title/tt2784678/?ref_=sr_t_106,2014,1h 42m,R,6.4,28K
107. The November Man,https://www.imdb.com/title/tt2402157/?ref_=sr_t_107,2014,1h 48m,R,6.3,72K
108. Endless Love,https://www.imdb.com/title/tt2318092/?ref_=sr_t_108,2014,1h 44m,PG-13,6.2,48K
109. Pompeii,https://www.imdb.com/title/tt1921064/?ref_=sr_t_109,2014,1h 45m,PG-13,5.5,119K
110. Transcendence,https://www.imdb.com/title/tt2209764/?ref_=sr_t_110,2014,1h 59m,PG-13,6.2,241K
111. Black or White,https://www.imdb.com/title/tt2883434/?ref_=sr_t_111,2014,2h 1m,PG-13,6.6,14K
"112. As Above, So Below",https://www.imdb.com/title/tt2870612/?ref_=sr_t_112,2014,1h 33m,R,6.3,120K
113. Brick Mansions,https://www.imdb.com/title/tt1430612/?ref_=sr_t_113,2014,1h 30m,PG-13,5.6,45K
"114. I, Frankenstein",https://www.imdb.com/title/tt1418377/?ref_=sr_t_114,2014,1h 32m,PG-13,5.1,85K
115. The Legend of Hercules,https://www.imdb.com/title/tt1043726/?ref_=sr_t_115,2014,1h 39m,PG-13,4.3,57K
116. Still Alice,https://www.imdb.com/title/tt3316960/?ref_=sr_t_116,2014,1h 41m,PG-13,7.5,146K
117. Bears,https://www.imdb.com/title/tt2458776/?ref_=sr_t_117,2014,1h 18m,G,7.3,7.2K
118. Addicted,https://www.imdb.com/title/tt2205401/?ref_=sr_t_118,2014,1h 46m,R,5.0,13K
119. A Haunted House 2,https://www.imdb.com/title/tt2828996/?ref_=sr_t_119,2014,1h 26m,R,4.7,24K
120. A Most Wanted Man,https://www.imdb.com/title/tt1972571/?ref_=sr_t_120,2014,2h 2m,R,6.7,82K
121. Seventh Son,https://www.imdb.com/title/tt1121096/?ref_=sr_t_121,2014,1h 42m,PG-13,5.5,82K
122. The Single Moms Club,https://www.imdb.com/title/tt2465140/?ref_=sr_t_122,2014,1h 51m,PG-13,5.5,7.2K
123. Devil's Due,https://www.imdb.com/title/tt2752758/?ref_=sr_t_123,2014,1h 29m,R,4.2,18K
124. And So It Goes,https://www.imdb.com/title/tt2465146/?ref_=sr_t_124,2014,1h 34m,PG-13,5.9,16K
125. Step Up All In,https://www.imdb.com/title/tt2626350/?ref_=sr_t_125,2014,1h 52m,PG-13,5.9,37K
126. It Follows,https://www.imdb.com/title/tt3235888/?ref_=sr_t_126,2014,1h 40m,R,6.8,282K
127. Beyond the Lights,https://www.imdb.com/title/tt3125324/?ref_=sr_t_127,2014,1h 56m,PG-13,6.8,18K
128. Big Eyes,https://www.imdb.com/title/tt1126590/?ref_=sr_t_128,2014,1h 46m,PG-13,7.0,101K
129. America: Imagine the World Without Her,https://www.imdb.com/title/tt2785390/?ref_=sr_t_129,2014,1h 45m,PG-13,5.0,7.2K
130. Left Behind,https://www.imdb.com/title/tt2467046/?ref_=sr_t_130,2014,1h 50m,PG-13,3.1,43K
131. Whiplash,https://www.imdb.com/title/tt2582802/?ref_=sr_t_131,2014,1h 46m,R,8.5,1M
132. Sin City: A Dame to Kill For,https://www.imdb.com/title/tt0458481/?ref_=sr_t_132,2014,1h 42m,R,6.5,173K
133. Winter's Tale,https://www.imdb.com/title/tt1837709/?ref_=sr_t_133,2014,1h 58m,PG-13,6.1,58K
134. Love & Mercy,https://www.imdb.com/title/tt0903657/?ref_=sr_t_134,2014,2h 1m,PG-13,7.4,43K
135. Foxcatcher,https://www.imdb.com/title/tt1100089/?ref_=sr_t_135,2014,2h 14m,R,7.0,152K
136. The Drop,https://www.imdb.com/title/tt1600196/?ref_=sr_t_136,2014,1h 46m,R,7.0,165K
137. PK,https://www.imdb.com/title/tt2338151/?ref_=sr_t_137,2014,2h 33m,Not Rated,8.1,207K
138. Magic in the Moonlight,https://www.imdb.com/title/tt2870756/?ref_=sr_t_138,2014,1h 37m,PG-13,6.5,72K
139. Sabotage,https://www.imdb.com/title/tt1742334/?ref_=sr_t_139,2014,1h 49m,R,5.7,67K
140. Moms' Night Out,https://www.imdb.com/title/tt3014666/?ref_=sr_t_140,2014,1h 38m,PG,5.3,15K
141. The Quiet Ones,https://www.imdb.com/title/tt2235779/?ref_=sr_t_141,2014,1h 38m,PG-13,5.1,22K
142. Inherent Vice,https://www.imdb.com/title/tt1791528/?ref_=sr_t_142,2014,2h 28m,R,6.6,113K
143. Vampire Academy,https://www.imdb.com/title/tt1686821/?ref_=sr_t_143,2014,1h 44m,PG-13,5.4,58K
144. While We're Young,https://www.imdb.com/title/tt1791682/?ref_=sr_t_144,2014,1h 37m,R,6.3,54K
145. Cantinflas,https://www.imdb.com/title/tt3005242/?ref_=sr_t_145,2014,1h 42m,PG,6.6,4.2K
146. The Interview,https://www.imdb.com/title/tt2788710/?ref_=sr_t_146,2014,1h 52m,R,6.5,363K
147. Meet the Mormons,https://www.imdb.com/title/tt4003774/?ref_=sr_t_147,2014,1h 18m,PG,6.4,2.1K
148. The Loft,https://www.imdb.com/title/tt1850397/?ref_=sr_t_148,2014,1h 48m,R,6.3,61K
149. A Most Violent Year,https://www.imdb.com/title/tt2937898/?ref_=sr_t_149,2014,2h 5m,R,6.9,79K
150. Cesar Chavez,https://www.imdb.com/title/tt1621046/?ref_=sr_t_150,2014,1h 42m,PG-13,6.4,3.7K
151. The Skeleton Twins,https://www.imdb.com/title/tt1571249/?ref_=sr_t_151,2014,1h 33m,R,6.8,46K
152. Dear White People,https://www.imdb.com/title/tt2235108/?ref_=sr_t_152,2014,1h 48m,R,6.2,27K
153. The Water Diviner,https://www.imdb.com/title/tt3007512/?ref_=sr_t_153,2014,1h 51m,R,7.0,79K
154. My Old Lady,https://www.imdb.com/title/tt2908856/?ref_=sr_t_154,2014,1h 47m,PG-13,6.4,10K
155. Mr. Turner,https://www.imdb.com/title/tt2473794/?ref_=sr_t_155,2014,2h 30m,R,6.8,28K
156. Calvary,https://www.imdb.com/title/tt2234003/?ref_=sr_t_156,2014,1h 42m,R,7.4,66K
157. Wish I Was Here,https://www.imdb.com/title/tt2870708/?ref_=sr_t_157,2014,1h 46m,R,6.6,39K
158. Mommy,https://www.imdb.com/title/tt3612616/?ref_=sr_t_158,2014,2h 19m,R,8.0,63K
159. What We Do in the Shadows,https://www.imdb.com/title/tt3416742/?ref_=sr_t_159,2014,1h 26m,R,7.6,206K
160. Learning to Drive,https://www.imdb.com/title/tt3062976/?ref_=sr_t_160,2014,1h 30m,R,6.4,8.4K
161. Veronica Mars,https://www.imdb.com/title/tt2771372/?ref_=sr_t_161,2014,1h 47m,PG-13,6.7,55K
162. Before I Go to Sleep,https://www.imdb.com/title/tt1726592/?ref_=sr_t_162,2014,1h 32m,R,6.3,86K
163. Phoenix,https://www.imdb.com/title/tt2764784/?ref_=sr_t_163,2014,1h 38m,PG-13,7.3,21K
164. Rosewater,https://www.imdb.com/title/tt2752688/?ref_=sr_t_164,2014,1h 43m,R,6.6,11K
165. Obvious Child,https://www.imdb.com/title/tt2910274/?ref_=sr_t_165,2014,1h 24m,R,6.7,27K
166. Wild Tales,https://www.imdb.com/title/tt3011894/?ref_=sr_t_166,2014,2h 2m,R,8.1,224K
167. The Trip to Italy,https://www.imdb.com/title/tt2967006/?ref_=sr_t_167,2014,1h 48m,Not Rated,6.6,16K
168. The Identical,https://www.imdb.com/title/tt2326574/?ref_=sr_t_168,2014,1h 47m,PG,5.3,3.1K
169. The Fluffy Movie: Unity Through Laughter,https://www.imdb.com/title/tt3532608/?ref_=sr_t_169,2014,1h 41m,PG-13,7.2,4.3K
170. Citizenfour,https://www.imdb.com/title/tt4044364/?ref_=sr_t_170,2014,1h 54m,R,8.0,59K
171. Kirk Cameron's Saving Christmas,https://www.imdb.com/title/tt4009460/?ref_=sr_t_171,2014,1h 19m,PG,1.3,17K
172. The Pyramid,https://www.imdb.com/title/tt2799166/?ref_=sr_t_172,2014,1h 29m,R,4.6,28K
173. The Good Lie,https://www.imdb.com/title/tt2652092/?ref_=sr_t_173,2014,1h 50m,PG-13,7.4,32K
174. The Raid 2,https://www.imdb.com/title/tt2265171/?ref_=sr_t_174,2014,2h 30m,R,7.9,134K
175. The Admiral: Roaring Currents,https://www.imdb.com/title/tt3541262/?ref_=sr_t_175,2014,2h 8m,Not Rated,7.1,13K
176. Bang Bang,https://www.imdb.com/title/tt2905838/?ref_=sr_t_176,2014,2h 33m,Not Rated,5.6,27K
177. Kick,https://www.imdb.com/title/tt2372222/?ref_=sr_t_177,2014,2h 26m,Not Rated,6.0,74K
178. Kill the Messenger,https://www.imdb.com/title/tt1216491/?ref_=sr_t_178,2014,1h 52m,R,6.9,49K
179. Pawn Sacrifice,https://www.imdb.com/title/tt1596345/?ref_=sr_t_179,2014,1h 55m,PG-13,7.0,51K
180. The Homesman,https://www.imdb.com/title/tt2398231/?ref_=sr_t_180,2014,2h 2m,R,6.6,37K
181. WARx2,https://www.imdb.com/title/tt3695244/?ref_=sr_t_181,2014,1h 57m,PG-13,7.2,1.2K
182. Ode to My Father,https://www.imdb.com/title/tt3812366/?ref_=sr_t_182,2014,2h 6m,,7.8,6.4K
183. Love Is Strange,https://www.imdb.com/title/tt2639344/?ref_=sr_t_183,2014,1h 34m,R,6.7,13K
184. 2 States,https://www.imdb.com/title/tt2372678/?ref_=sr_t_184,2014,2h 29m,Not Rated,6.9,28K
185. Cake,https://www.imdb.com/title/tt3442006/?ref_=sr_t_185,2014,1h 42m,R,6.4,39K
186. Old Fashioned,https://www.imdb.com/title/tt2048824/?ref_=sr_t_186,2014,1h 55m,PG-13,5.0,2.2K
187. Clouds of Sils Maria,https://www.imdb.com/title/tt2452254/?ref_=sr_t_187,2014,2h 4m,R,6.7,32K
188. Tusk,https://www.imdb.com/title/tt3099498/?ref_=sr_t_188,2014,1h 42m,R,5.4,67K
189. Testament of Youth,https://www.imdb.com/title/tt1441953/?ref_=sr_t_189,2014,2h 9m,PG-13,7.2,31K
190. Meet the Patels,https://www.imdb.com/title/tt2378401/?ref_=sr_t_190,2014,1h 28m,PG,7.1,3.6K
191. The Letters,https://www.imdb.com/title/tt1445208/?ref_=sr_t_191,2014,1h 54m,PG,6.2,1.1K
192. Persecuted,https://www.imdb.com/title/tt1761005/?ref_=sr_t_192,2014,1h 31m,PG-13,3.5,1.7K
193. Awake: The Life of Yogananda,https://www.imdb.com/title/tt3741860/?ref_=sr_t_193,2014,1h 27m,PG,7.3,1.4K
194. Fed Up,https://www.imdb.com/title/tt2381335/?ref_=sr_t_194,2014,1h 32m,PG,7.7,12K
195. Pride,https://www.imdb.com/title/tt3169706/?ref_=sr_t_195,2014,1h 59m,R,7.8,63K
"196. Two Days, One Night",https://www.imdb.com/title/tt2737050/?ref_=sr_t_196,2014,1h 35m,PG-13,7.3,51K
197. Infinitely Polar Bear,https://www.imdb.com/title/tt1969062/?ref_=sr_t_197,2014,1h 30m,R,6.9,17K
198. 99 Homes,https://www.imdb.com/title/tt2891174/?ref_=sr_t_198,2014,1h 52m,R,7.1,39K
199. Force Majeure,https://www.imdb.com/title/tt2121382/?ref_=sr_t_199,2014,2h,R,7.2,69K
200. The Salt of the Earth,https://www.imdb.com/title/tt3674140/?ref_=sr_t_200,2014,1h 50m,PG-13,8.4,24K
201. Iris,https://www.imdb.com/title/tt4157220/?ref_=sr_t_201,2014,1h 19m,PG-13,7.1,4.7K
202. '71,https://www.imdb.com/title/tt2614684/?ref_=sr_t_202,2014,1h 39m,R,7.2,62K
203. Jai Ho,https://www.imdb.com/title/tt1188982/?ref_=sr_t_203,2014,2h 15m,Not Rated,5.0,21K
204. Singham Returns,https://www.imdb.com/title/tt2309764/?ref_=sr_t_204,2014,2h 22m,Not Rated,5.7,11K
205. Goodnight Mommy,https://www.imdb.com/title/tt3086442/?ref_=sr_t_205,2014,1h 39m,R,6.7,62K
206. Black Sea,https://www.imdb.com/title/tt2261331/?ref_=sr_t_206,2014,1h 54m,R,6.4,42K
207. The Remaining,https://www.imdb.com/title/tt2714380/?ref_=sr_t_207,2014,1h 28m,PG-13,4.3,9.2K
208. Where Hope Grows,https://www.imdb.com/title/tt3200980/?ref_=sr_t_208,2014,1h 35m,PG-13,6.6,4.3K
209. Hector and the Search for Happiness,https://www.imdb.com/title/tt1626146/?ref_=sr_t_209,2014,1h 54m,R,6.9,51K
210. The Rover,https://www.imdb.com/title/tt2345737/?ref_=sr_t_210,2014,1h 43m,R,6.4,52K
211. Leviathan,https://www.imdb.com/title/tt2802154/?ref_=sr_t_211,2014,2h 20m,R,7.6,58K
212. Timbuktu,https://www.imdb.com/title/tt3409392/?ref_=sr_t_212,2014,1h 36m,PG-13,7.1,19K
213. The Captive,https://www.imdb.com/title/tt2326612/?ref_=sr_t_213,2014,1h 52m,R,5.9,36K
214. Laggies,https://www.imdb.com/title/tt2034031/?ref_=sr_t_214,2014,1h 39m,R,6.4,46K
215. 50 to 1,https://www.imdb.com/title/tt1777595/?ref_=sr_t_215,2014,1h 50m,PG-13,6.3,2.3K
216. Haider,https://www.imdb.com/title/tt3390572/?ref_=sr_t_216,2014,2h 40m,Not Rated,8.0,59K
217. Dior and I,https://www.imdb.com/title/tt3539664/?ref_=sr_t_217,2014,1h 30m,R,7.2,4.1K
218. 5 Flights Up,https://www.imdb.com/title/tt2933544/?ref_=sr_t_218,2014,1h 28m,PG-13,6.2,11K
219. The Song,https://www.imdb.com/title/tt2517044/?ref_=sr_t_219,2014,1h 56m,PG-13,5.9,2.3K
220. Big Stone Gap,https://www.imdb.com/title/tt3254796/?ref_=sr_t_220,2014,1h 43m,PG-13,5.8,3.4K
221. Gett,https://www.imdb.com/title/tt3062880/?ref_=sr_t_221,2014,1h 55m,Not Rated,7.7,7K
222. The Babadook,https://www.imdb.com/title/tt2321549/?ref_=sr_t_222,2014,1h 34m,Not Rated,6.8,257K
223. Patterns of Evidence: Exodus,https://www.imdb.com/title/tt3464018/?ref_=sr_t_223,2014,1h 55m,Unrated,7.0,1.2K
224. Shaadi Ke Side Effects,https://www.imdb.com/title/tt3302962/?ref_=sr_t_224,2014,2h 25m,Not Rated,5.6,4.3K
225. Darker Than Night,https://www.imdb.com/title/tt3450116/?ref_=sr_t_225,2014,1h 50m,R,4.3,1K
226. Song of the Sea,https://www.imdb.com/title/tt1865505/?ref_=sr_t_226,2014,1h 33m,PG,8.0,65K
227. Atlas Shrugged: Who Is John Galt?,https://www.imdb.com/title/tt2800038/?ref_=sr_t_227,2014,1h 39m,PG-13,4.3,4K
228. Kochadaiiyaan,https://www.imdb.com/title/tt2339505/?ref_=sr_t_228,2014,1h 58m,Not Rated,6.2,5.4K
229. Life Itself,https://www.imdb.com/title/tt2382298/?ref_=sr_t_229,2014,2h 1m,R,7.8,16K
230. Labyrinth of Lies,https://www.imdb.com/title/tt3825638/?ref_=sr_t_230,2014,2h 4m,R,7.3,14K
231. Breakup Buddies,https://www.imdb.com/title/tt3890264/?ref_=sr_t_231,2014,1h 56m,,6.4,1.8K
232. Seymour: An Introduction,https://www.imdb.com/title/tt2219650/?ref_=sr_t_232,2014,1h 24m,PG,7.5,1.2K
233. The Villain,https://www.imdb.com/title/tt3175038/?ref_=sr_t_233,2014,2h 9m,Not Rated,6.6,23K
234. Land Ho!,https://www.imdb.com/title/tt3283556/?ref_=sr_t_234,2014,1h 35m,R,6.0,2.7K
235. Kahlil Gibran's The Prophet,https://www.imdb.com/title/tt1640718/?ref_=sr_t_235,2014,1h 25m,PG,7.0,5.1K
236. Yves Saint Laurent,https://www.imdb.com/title/tt2707858/?ref_=sr_t_236,2014,1h 46m,R,6.2,13K
237. Khoobsurat,https://www.imdb.com/title/tt3554418/?ref_=sr_t_237,2014,2h 10m,TV-14,6.4,9.3K
238. Holiday,https://www.imdb.com/title/tt2556308/?ref_=sr_t_238,2014,2h 40m,Not Rated,7.2,31K
"239. Men, Women & Children",https://www.imdb.com/title/tt3179568/?ref_=sr_t_239,2014,1h 59m,R,6.6,34K
240. Red Army,https://www.imdb.com/title/tt3264102/?ref_=sr_t_240,2014,1h 24m,PG,7.6,7.3K
241. A Matter of Faith,https://www.imdb.com/title/tt2587914/?ref_=sr_t_241,2014,1h 29m,PG,3.7,1.7K
242. Hasee Toh Phasee,https://www.imdb.com/title/tt3173910/?ref_=sr_t_242,2014,2h 21m,Not Rated,6.8,17K
243. Frank,https://www.imdb.com/title/tt1605717/?ref_=sr_t_243,2014,1h 35m,R,6.9,83K
"244. Kumiko, The Treasure Hunter",https://www.imdb.com/title/tt3263614/?ref_=sr_t_244,2014,1h 45m,Not Rated,6.6,13K
245. Mary Kom,https://www.imdb.com/title/tt3001638/?ref_=sr_t_245,2014,2h 2m,Not Rated,6.8,12K
246. Finding Fanny,https://www.imdb.com/title/tt3142688/?ref_=sr_t_246,2014,1h 42m,,5.7,6.8K
247. Welcome to Me,https://www.imdb.com/title/tt2788716/?ref_=sr_t_247,2014,1h 27m,R,5.9,20K
248. The Signal,https://www.imdb.com/title/tt2910814/?ref_=sr_t_248,2014,1h 37m,PG-13,6.0,70K
249. The Disappearance of Eleanor Rigby: Them,https://www.imdb.com/title/tt3729920/?ref_=sr_t_249,2014,2h 3m,R,6.3,13K
250. Fleet of Time,https://www.imdb.com/title/tt4284020/?ref_=sr_t_250,2014,1h 59m,,5.5,669
251. When Marnie Was There,https://www.imdb.com/title/tt3398268/?ref_=sr_t_251,2014,1h 43m,PG,7.6,51K
252. Jimmy's Hall,https://www.imdb.com/title/tt3110960/?ref_=sr_t_252,2014,1h 49m,PG-13,6.7,7.1K
253. A Little Chaos,https://www.imdb.com/title/tt2639254/?ref_=sr_t_253,2014,1h 57m,R,6.5,26K
254. 23 Blast,https://www.imdb.com/title/tt2304459/?ref_=sr_t_254,2014,1h 38m,PG-13,6.4,2.5K
255. On Any Sunday: The Next Chapter,https://www.imdb.com/title/tt2872570/?ref_=sr_t_255,2014,1h 30m,PG,7.1,425
256. Highway,https://www.imdb.com/title/tt2980794/?ref_=sr_t_256,2014,2h 13m,Not Rated,7.6,31K
257. The Last: Naruto the Movie,https://www.imdb.com/title/tt3717532/?ref_=sr_t_257,2014,1h 52m,TV-14,7.6,19K
258. The One I Love,https://www.imdb.com/title/tt2756032/?ref_=sr_t_258,2014,1h 31m,R,7.0,45K
259. Unsullied,https://www.imdb.com/title/tt3139764/?ref_=sr_t_259,2014,1h 33m,R,4.0,339
260. The Two Faces of January,https://www.imdb.com/title/tt1976000/?ref_=sr_t_260,2014,1h 36m,PG-13,6.2,34K
261. Deli Man,https://www.imdb.com/title/tt4239548/?ref_=sr_t_261,2014,1h 32m,PG-13,7.1,570
262. A Girl Walks Home Alone at Night,https://www.imdb.com/title/tt2326554/?ref_=sr_t_262,2014,1h 41m,Not Rated,6.9,40K
263. Last Days in Vietnam,https://www.imdb.com/title/tt3279124/?ref_=sr_t_263,2014,1h 38m,Not Rated,7.6,4.2K
264. Felix and Meira,https://www.imdb.com/title/tt3685218/?ref_=sr_t_264,2014,1h 45m,R,6.7,1.7K
265. But Always,https://www.imdb.com/title/tt3906444/?ref_=sr_t_265,2014,1h 46m,,5.3,505
266. Saint Laurent,https://www.imdb.com/title/tt2707848/?ref_=sr_t_266,2014,2h 30m,R,6.1,6.6K
267. Beijing Love Story,https://www.imdb.com/title/tt3505950/?ref_=sr_t_267,2014,2h 1m,,5.8,452
268. Cold in July,https://www.imdb.com/title/tt1179031/?ref_=sr_t_268,2014,1h 49m,R,6.7,38K
269. She's Beautiful When She's Angry,https://www.imdb.com/title/tt3319508/?ref_=sr_t_269,2014,1h 32m,Not Rated,7.8,1.7K
270. The Pirates,https://www.imdb.com/title/tt3485166/?ref_=sr_t_270,2014,2h 10m,Not Rated,6.5,4.7K
271. Goodbye to Language,https://www.imdb.com/title/tt2400275/?ref_=sr_t_271,2014,1h 10m,Not Rated,5.8,6.4K
272. Humpty Sharma Ki Dulhania,https://www.imdb.com/title/tt3678938/?ref_=sr_t_272,2014,2h 13m,Not Rated,6.0,14K
273. Coming Home,https://www.imdb.com/title/tt3125472/?ref_=sr_t_273,2014,1h 49m,PG-13,7.2,6.8K
274. Women Who Flirt,https://www.imdb.com/title/tt3313908/?ref_=sr_t_274,2014,1h 37m,,5.8,945
275. Glen Campbell: I'll Be Me,https://www.imdb.com/title/tt2049586/?ref_=sr_t_275,2014,1h 44m,PG,7.9,1.8K
276. Effie Gray,https://www.imdb.com/title/tt1605798/?ref_=sr_t_276,2014,1h 44m,PG-13,6.0,7.2K
277. Maps to the Stars,https://www.imdb.com/title/tt2172584/?ref_=sr_t_277,2014,1h 51m,R,6.2,43K
278. Noble,https://www.imdb.com/title/tt2626090/?ref_=sr_t_278,2014,1h 40m,PG-13,6.8,1.9K
279. I Origins,https://www.imdb.com/title/tt2884206/?ref_=sr_t_279,2014,1h 46m,R,7.3,136K
280. Ballet 422,https://www.imdb.com/title/tt3164198/?ref_=sr_t_280,2014,1h 15m,PG,6.3,1.3K
281. The Guest,https://www.imdb.com/title/tt2980592/?ref_=sr_t_281,2014,1h 40m,R,6.7,110K
282. Good Kill,https://www.imdb.com/title/tt3297330/?ref_=sr_t_282,2014,1h 42m,R,6.4,25K
283. Happy Ending,https://www.imdb.com/title/tt3017412/?ref_=sr_t_283,2014,2h 15m,Not Rated,5.4,4K
284. The Hornet's Nest,https://www.imdb.com/title/tt2611026/?ref_=sr_t_284,2014,1h 33m,R,6.7,2.9K
285. Merchants of Doubt,https://www.imdb.com/title/tt3675568/?ref_=sr_t_285,2014,1h 36m,PG-13,7.6,4K
286. Above and Beyond,https://www.imdb.com/title/tt2704752/?ref_=sr_t_286,2014,1h 30m,Not Rated,7.7,684
287. Elsa & Fred,https://www.imdb.com/title/tt2113659/?ref_=sr_t_287,2014,1h 33m,PG-13,6.5,3.8K
288. Theeb,https://www.imdb.com/title/tt3170902/?ref_=sr_t_288,2014,1h 40m,Not Rated,7.2,12K
289. White God,https://www.imdb.com/title/tt2844798/?ref_=sr_t_289,2014,2h 1m,R,6.8,17K
290. A Borrowed Identity,https://www.imdb.com/title/tt2841572/?ref_=sr_t_290,2014,1h 44m,Not Rated,7.2,1.9K
291. Kundo: Age of the Rampant,https://www.imdb.com/title/tt2972482/?ref_=sr_t_291,2014,2h 17m,Not Rated,6.8,4K
"292. 20,000 Days on Earth",https://www.imdb.com/title/tt2920540/?ref_=sr_t_292,2014,1h 37m,Not Rated,7.4,12K
293. In the Name of My Daughter,https://www.imdb.com/title/tt2929890/?ref_=sr_t_293,2014,1h 56m,R,6.1,1.9K
294. Main Tera Hero,https://www.imdb.com/title/tt2762334/?ref_=sr_t_294,2014,2h 8m,Not Rated,5.1,10K
295. Love on the Cloud,https://www.imdb.com/title/tt4242844/?ref_=sr_t_295,2014,2h 15m,,4.0,214
296. The Green Prince,https://www.imdb.com/title/tt2304915/?ref_=sr_t_296,2014,1h 41m,PG-13,7.2,3K
"297. Yo-kai Watch Movie: It's the Secret of Birth, Meow!",https://www.imdb.com/title/tt4168022/?ref_=sr_t_297,2014,1h 37m,Not Rated,5.7,325
298. Action Jackson,https://www.imdb.com/title/tt0403935/?ref_=sr_t_298,2014,2h 24m,Not Rated,3.4,4.5K
299. Alive Inside: A Story of Music and Memory,https://www.imdb.com/title/tt2593392/?ref_=sr_t_299,2014,1h 18m,Not Rated,8.2,3.3K
300. The Blue Room,https://www.imdb.com/title/tt3230082/?ref_=sr_t_300,2014,1h 16m,R,6.3,3.8K
301. National Gallery,https://www.imdb.com/title/tt3720794/?ref_=sr_t_301,2014,3h,Not Rated,7.3,1.7K
302. Tazza: The Hidden Card,https://www.imdb.com/title/tt3402110/?ref_=sr_t_302,2014,2h 27m,R,6.8,2.7K
303. Deepsea Challenge,https://www.imdb.com/title/tt2332883/?ref_=sr_t_303,2014,1h 31m,PG,6.9,2.4K
304. Art and Craft,https://www.imdb.com/title/tt3654964/?ref_=sr_t_304,2014,1h 29m,Not Rated,7.1,1.8K
305. Diplomacy,https://www.imdb.com/title/tt3129564/?ref_=sr_t_305,2014,1h 24m,Not Rated,7.1,6K
306. The Taking of Tiger Mountain,https://www.imdb.com/title/tt3950078/?ref_=sr_t_306,2014,2h 21m,Not Rated,6.4,3.4K
307. Dr. Cabbie,https://www.imdb.com/title/tt2831404/?ref_=sr_t_307,2014,1h 41m,TV-PG,6.0,3.9K
308. A Pigeon Sat on a Branch Reflecting on Existence,https://www.imdb.com/title/tt1883180/?ref_=sr_t_308,2014,1h 41m,PG-13,6.9,20K
309. The Breakup Guru,https://www.imdb.com/title/tt3667798/?ref_=sr_t_309,2014,1h 54m,,4.1,693
310. Rob the Mob,https://www.imdb.com/title/tt2481480/?ref_=sr_t_310,2014,1h 44m,R,6.3,12K
311. Under the Electric Sky,https://www.imdb.com/title/tt2966934/?ref_=sr_t_311,2014,1h 25m,PG-13,6.5,624
312. Jinn,https://www.imdb.com/title/tt1562899/?ref_=sr_t_312,2014,1h 37m,PG-13,4.1,4.9K
313. Listen Up Philip,https://www.imdb.com/title/tt3093546/?ref_=sr_t_313,2014,1h 48m,Not Rated,6.3,7.1K
314. Escobar: Paradise Lost,https://www.imdb.com/title/tt2515030/?ref_=sr_t_314,2014,2h,R,6.5,24K
315. Gemma Bovery,https://www.imdb.com/title/tt2788556/?ref_=sr_t_315,2014,1h 39m,R,6.4,7K
316. The Connection,https://www.imdb.com/title/tt2935564/?ref_=sr_t_316,2014,2h 15m,R,7.1,13K
317. Lambert & Stamp,https://www.imdb.com/title/tt3458236/?ref_=sr_t_317,2014,1h 57m,R,6.7,781
318. An Honest Liar,https://www.imdb.com/title/tt2246565/?ref_=sr_t_318,2014,1h 30m,Not Rated,7.4,11K
319. Serena,https://www.imdb.com/title/tt1247690/?ref_=sr_t_319,2014,1h 49m,R,5.4,31K
320. The Farewell Party,https://www.imdb.com/title/tt3163304/?ref_=sr_t_320,2014,1h 35m,Unrated,7.0,2.3K
321. That Demon Within,https://www.imdb.com/title/tt3511542/?ref_=sr_t_321,2014,1h 51m,,5.9,1.6K
322. Bolshoi Ballet: The Golden Age,https://www.imdb.com/title/tt8870900/?ref_=sr_t_322,2014,2h 20m,,,
323. A Brilliant Young Mind,https://www.imdb.com/title/tt3149038/?ref_=sr_t_323,2014,1h 51m,PG-13,7.1,31K
324. God's Pocket,https://www.imdb.com/title/tt2920808/?ref_=sr_t_324,2014,1h 28m,R,6.1,13K
325. Time Out of Mind,https://www.imdb.com/title/tt3505712/?ref_=sr_t_325,2014,2h,Unrated,5.7,4.6K
326. Nas: Time Is Illmatic,https://www.imdb.com/title/tt3549508/?ref_=sr_t_326,2014,1h 14m,TV-14,7.0,3.4K
327. Keep on Keepin' On,https://www.imdb.com/title/tt2674040/?ref_=sr_t_327,2014,1h 24m,R,7.7,1.1K
328. 5 to 7,https://www.imdb.com/title/tt2486678/?ref_=sr_t_328,2014,1h 35m,R,7.1,22K
329. 3 Hearts,https://www.imdb.com/title/tt2822742/?ref_=sr_t_329,2014,1h 48m,PG-13,5.9,2.7K
330. Sinbad: The Fifth Voyage,https://www.imdb.com/title/tt1403862/?ref_=sr_t_330,2014,1h 29m,PG-13,3.5,3.2K
331. Desert Dancer,https://www.imdb.com/title/tt2403393/?ref_=sr_t_331,2014,1h 44m,PG-13,6.2,2.1K
332. Samba,https://www.imdb.com/title/tt3399024/?ref_=sr_t_332,2014,1h 58m,R,6.7,18K
333. The Tribe,https://www.imdb.com/title/tt1745787/?ref_=sr_t_333,2014,2h 6m,Unrated,7.0,12K
334. The New Girlfriend,https://www.imdb.com/title/tt3184934/?ref_=sr_t_334,2014,1h 48m,R,6.5,9.3K
335. The Last Five Years,https://www.imdb.com/title/tt2474024/?ref_=sr_t_335,2014,1h 34m,PG-13,5.9,11K
336. Manglehorn,https://www.imdb.com/title/tt2893490/?ref_=sr_t_336,2014,1h 37m,PG-13,5.5,8.1K
337. The Divine Move,https://www.imdb.com/title/tt3419894/?ref_=sr_t_337,2014,1h 58m,Not Rated,6.6,2.7K
338. La Sapienza,https://www.imdb.com/title/tt3182590/?ref_=sr_t_338,2014,1h 41m,Unrated,6.5,1.2K
339. Don't Think I've Forgotten: Cambodia's Lost Rock and Roll,https://www.imdb.com/title/tt2634200/?ref_=sr_t_339,2014,1h 45m,Unrated,7.8,443
340. Raja Natwarlal,https://www.imdb.com/title/tt3483712/?ref_=sr_t_340,2014,2h 21m,,6.2,4.6K
341. Kung Fu Jungle,https://www.imdb.com/title/tt2952602/?ref_=sr_t_341,2014,1h 40m,Not Rated,6.4,12K
342. Bjork: Biophilia Live,https://www.imdb.com/title/tt3626442/?ref_=sr_t_342,2014,1h 37m,Not Rated,7.9,507
343. Boulevard,https://www.imdb.com/title/tt2624412/?ref_=sr_t_343,2014,1h 28m,R,5.8,9.2K
344. Finding Fela,https://www.imdb.com/title/tt2194328/?ref_=sr_t_344,2014,1h 59m,Not Rated,7.1,867
345. Hockney,https://www.imdb.com/title/tt4008606/?ref_=sr_t_345,2014,1h 52m,TV-G,6.8,385
346. Do I Sound Gay?,https://www.imdb.com/title/tt3997238/?ref_=sr_t_346,2014,1h 17m,Unrated,6.0,2.1K
347. Zero Motivation,https://www.imdb.com/title/tt3576084/?ref_=sr_t_347,2014,1h 37m,Unrated,7.2,4.6K
348. God the Father,https://www.imdb.com/title/tt3722118/?ref_=sr_t_348,2014,1h 41m,R,5.0,711
349. Penton: The John Penton Story,https://www.imdb.com/title/tt3110272/?ref_=sr_t_349,2014,2h 15m,,8.1,22
350. She's Funny That Way,https://www.imdb.com/title/tt1767372/?ref_=sr_t_350,2014,1h 33m,R,6.1,30K
351. Rich Hill,https://www.imdb.com/title/tt2548738/?ref_=sr_t_351,2014,1h 31m,Not Rated,7.2,2.5K
352. The Overnighters,https://www.imdb.com/title/tt3263996/?ref_=sr_t_352,2014,1h 42m,PG-13,7.4,2.6K
353. The Look of Silence,https://www.imdb.com/title/tt3521134/?ref_=sr_t_353,2014,1h 43m,PG-13,8.3,14K
354. Adult Beginners,https://www.imdb.com/title/tt3318750/?ref_=sr_t_354,2014,1h 32m,R,5.6,8.9K
355. Ivory Tower,https://www.imdb.com/title/tt3263520/?ref_=sr_t_355,2014,1h 30m,PG-13,7.0,1.4K
356. Six Dance Lessons in Six Weeks,https://www.imdb.com/title/tt1670994/?ref_=sr_t_356,2014,1h 47m,Not Rated,6.6,385
357. Every Secret Thing,https://www.imdb.com/title/tt1706598/?ref_=sr_t_357,2014,1h 33m,R,6.1,9.6K
358. The Golden Era,https://www.imdb.com/title/tt3696086/?ref_=sr_t_358,2014,2h 57m,,6.4,1.3K
359. God Help the Girl,https://www.imdb.com/title/tt2141751/?ref_=sr_t_359,2014,1h 52m,Unrated,6.4,9.3K
360. A Lego Brickumentary,https://www.imdb.com/title/tt3214286/?ref_=sr_t_360,2014,1h 33m,G,6.8,2.3K
361. The Way He Looks,https://www.imdb.com/title/tt1702014/?ref_=sr_t_361,2014,1h 36m,Not Rated,7.9,28K
362. Man from Reno,https://www.imdb.com/title/tt2287170/?ref_=sr_t_362,2014,1h 51m,Not Rated,6.6,2.2K
363. Korengal,https://www.imdb.com/title/tt3578504/?ref_=sr_t_363,2014,1h 24m,R,6.7,4.1K
364. Black Souls,https://www.imdb.com/title/tt3894190/?ref_=sr_t_364,2014,1h 49m,Not Rated,6.8,3.2K
365. Beyond Sight: The Derek Rabelo Story,https://www.imdb.com/title/tt2933292/?ref_=sr_t_365,2014,1h 24m,PG,8.6,20
366. Cuban Fury,https://www.imdb.com/title/tt2390237/?ref_=sr_t_366,2014,1h 38m,R,6.2,20K
367. Pump,https://www.imdb.com/title/tt2630916/?ref_=sr_t_367,2014,1h 28m,PG,7.6,661
368. The Principle,https://www.imdb.com/title/tt2458876/?ref_=sr_t_368,2014,1h 30m,PG,4.3,441
369. Life After Beth,https://www.imdb.com/title/tt2581244/?ref_=sr_t_369,2014,1h 29m,R,5.7,25K
370. Sunshine Superman,https://www.imdb.com/title/tt1322313/?ref_=sr_t_370,2014,1h 40m,PG,6.9,1.5K
371. Advanced Style,https://www.imdb.com/title/tt3268030/?ref_=sr_t_371,2014,1h 12m,,7.2,1K
"372. My Love, Don't Cross That River",https://www.imdb.com/title/tt4063314/?ref_=sr_t_372,2014,1h 26m,Not Rated,7.9,813
373. Trace Amounts,https://www.imdb.com/title/tt3715598/?ref_=sr_t_373,2014,1h 37m,Not Rated,6.8,265
374. Heaven Knows What,https://www.imdb.com/title/tt3687186/?ref_=sr_t_374,2014,1h 37m,R,6.8,9.6K
375. Blackbird,https://www.imdb.com/title/tt3181920/?ref_=sr_t_375,2014,1h 39m,R,5.6,1.1K
376. Whitey: United States of America v. James J. Bulger,https://www.imdb.com/title/tt3326366/?ref_=sr_t_376,2014,1h 47m,R,6.7,3.2K
377. Better Living Through Chemistry,https://www.imdb.com/title/tt1609479/?ref_=sr_t_377,2014,1h 31m,Not Rated,6.2,16K
378. The Wonders,https://www.imdb.com/title/tt3044244/?ref_=sr_t_378,2014,1h 50m,Not Rated,6.7,6.3K
379. Veil of Tears,https://www.imdb.com/title/tt3163908/?ref_=sr_t_379,2014,1h 30m,PG-13,8.8,71
380. The Better Angels,https://www.imdb.com/title/tt2316868/?ref_=sr_t_380,2014,1h 35m,PG,6.0,1.5K
381. Take Me to the River,https://www.imdb.com/title/tt3498950/?ref_=sr_t_381,2014,1h 35m,PG,6.8,231
382. Predestination,https://www.imdb.com/title/tt2397535/?ref_=sr_t_382,2014,1h 37m,R,7.4,317K
383. I Am Big Bird: The Caroll Spinney Story,https://www.imdb.com/title/tt2358456/?ref_=sr_t_383,2014,1h 26m,Not Rated,7.5,1.7K
384. The Dark Horse,https://www.imdb.com/title/tt2192016/?ref_=sr_t_384,2014,2h 4m,R,7.4,6.7K
385. Eden,https://www.imdb.com/title/tt3090634/?ref_=sr_t_385,2014,2h 11m,R,6.4,5.4K
386. Through a Lens Darkly: Black Photographers and the Emergence of a People,https://www.imdb.com/title/tt3210388/?ref_=sr_t_386,2014,1h 30m,,7.2,190
387. The Duke of Burgundy,https://www.imdb.com/title/tt2570858/?ref_=sr_t_387,2014,1h 44m,Not Rated,6.5,15K
388. Heropanti,https://www.imdb.com/title/tt3142232/?ref_=sr_t_388,2014,2h 26m,Not Rated,5.2,11K
389. No Tears for the Dead,https://www.imdb.com/title/tt3697566/?ref_=sr_t_389,2014,1h 56m,Not Rated,6.7,7.4K
390. Dark Star: HR Gigers Welt,https://www.imdb.com/title/tt4074502/?ref_=sr_t_390,2014,1h 35m,Not Rated,6.9,1.3K
391. Flowers,https://www.imdb.com/title/tt3900206/?ref_=sr_t_391,2014,1h 39m,Not Rated,6.7,3.2K
392. Girlhood,https://www.imdb.com/title/tt3655522/?ref_=sr_t_392,2014,1h 53m,Unrated,6.9,10K
393. Jauja,https://www.imdb.com/title/tt2514338/?ref_=sr_t_393,2014,1h 49m,Not Rated,6.3,4.6K
394. Gueros,https://www.imdb.com/title/tt3499048/?ref_=sr_t_394,2014,1h 46m,Not Rated,7.5,5.4K
395. Cooties,https://www.imdb.com/title/tt2490326/?ref_=sr_t_395,2014,1h 28m,R,5.7,29K
396. Frontera,https://www.imdb.com/title/tt2510028/?ref_=sr_t_396,2014,1h 43m,PG-13,6.6,8.6K
397. Walk of Shame,https://www.imdb.com/title/tt2463288/?ref_=sr_t_397,2014,1h 35m,R,6.0,58K
398. The One I Wrote for You,https://www.imdb.com/title/tt2518370/?ref_=sr_t_398,2014,1h 50m,PG,6.0,439
399. Rudderless,https://www.imdb.com/title/tt1798243/?ref_=sr_t_399,2014,1h 45m,R,7.4,20K
400. Sold,https://www.imdb.com/title/tt1411956/?ref_=sr_t_400,2014,1h 34m,PG-13,6.8,2K
401. The Bag Man,https://www.imdb.com/title/tt2212008/?ref_=sr_t_401,2014,1h 48m,R,5.2,17K
402. Hellion,https://www.imdb.com/title/tt3186318/?ref_=sr_t_402,2014,1h 39m,R,6.0,5.7K
403. Clown,https://www.imdb.com/title/tt1780798/?ref_=sr_t_403,2014,1h 40m,R,5.7,27K
404. The Search for General Tso,https://www.imdb.com/title/tt3576038/?ref_=sr_t_404,2014,1h 11m,Not Rated,6.9,1.9K
405. Low Down,https://www.imdb.com/title/tt1864405/?ref_=sr_t_405,2014,1h 54m,R,6.1,2.2K
406. Beloved Sisters,https://www.imdb.com/title/tt2790236/?ref_=sr_t_406,2014,2h 18m,Not Rated,6.1,1.6K
407. Aloft,https://www.imdb.com/title/tt2494384/?ref_=sr_t_407,2014,1h 52m,R,5.3,4.1K
408. Ping Pong Summer,https://www.imdb.com/title/tt2402985/?ref_=sr_t_408,2014,1h 32m,Not Rated,5.4,3.1K
409. To Be Takei,https://www.imdb.com/title/tt2174896/?ref_=sr_t_409,2014,1h 34m,Not Rated,6.9,1.6K
410. The Last Man on the Moon,https://www.imdb.com/title/tt3219604/?ref_=sr_t_410,2014,1h 35m,TV-MA,7.4,3.6K
411. We Come as Friends,https://www.imdb.com/title/tt3362914/?ref_=sr_t_411,2014,1h 50m,Not Rated,7.4,760
412. In Order of Disappearance,https://www.imdb.com/title/tt2675914/?ref_=sr_t_412,2014,1h 56m,R,7.1,30K
413. The Yes Men Are Revolting,https://www.imdb.com/title/tt2531282/?ref_=sr_t_413,2014,1h 31m,R,6.7,800
414. Spring,https://www.imdb.com/title/tt3395184/?ref_=sr_t_414,2014,1h 49m,Not Rated,6.7,32K
415. Difret,https://www.imdb.com/title/tt2611390/?ref_=sr_t_415,2014,1h 39m,Unrated,6.9,1.4K
416. NOW: In the Wings on a World Stage,https://www.imdb.com/title/tt3608848/?ref_=sr_t_416,2014,1h 37m,Not Rated,7.1,439
417. Shirin in Love,https://www.imdb.com/title/tt2040504/?ref_=sr_t_417,2014,1h 44m,TV-14,5.0,946
418. The Internet's Own Boy: The Story of Aaron Swartz,https://www.imdb.com/title/tt3268458/?ref_=sr_t_418,2014,1h 45m,Not Rated,8.0,18K
419. The Seven Five,https://www.imdb.com/title/tt4136056/?ref_=sr_t_419,2014,1h 44m,R,7.6,6.4K
420. Appropriate Behavior,https://www.imdb.com/title/tt3077108/?ref_=sr_t_420,2014,1h 26m,Not Rated,6.5,4.8K
421. Monk with a Camera,https://www.imdb.com/title/tt3093520/?ref_=sr_t_421,2014,1h 30m,Not Rated,6.8,349
422. Beyond the Reach,https://www.imdb.com/title/tt2911668/?ref_=sr_t_422,2014,1h 31m,R,5.6,11K
423. Lost River,https://www.imdb.com/title/tt2366608/?ref_=sr_t_423,2014,1h 35m,R,5.7,19K
424. There's No Place Like Utopia,https://www.imdb.com/title/tt3868452/?ref_=sr_t_424,2014,1h 50m,PG-13,4.2,246
425. The Salvation,https://www.imdb.com/title/tt2720680/?ref_=sr_t_425,2014,1h 32m,R,6.7,44K
426. River of Fundament,https://www.imdb.com/title/tt3529612/?ref_=sr_t_426,2014,5h 19m,,6.2,348
427. Madame Bovary,https://www.imdb.com/title/tt2334733/?ref_=sr_t_427,2014,1h 58m,R,5.7,9K
428. Next Goal Wins,https://www.imdb.com/title/tt2446600/?ref_=sr_t_428,2014,1h 37m,Not Rated,7.8,3.2K
429. Breathe,https://www.imdb.com/title/tt3365778/?ref_=sr_t_429,2014,1h 31m,Not Rated,7.0,8K
430. Nowitzki: The Perfect Shot,https://www.imdb.com/title/tt3626804/?ref_=sr_t_430,2014,1h 45m,Not Rated,7.5,2.2K
431. Queen & Country,https://www.imdb.com/title/tt2392810/?ref_=sr_t_431,2014,1h 54m,TV-14,6.2,1.9K
432. Love Thy Nature,https://www.imdb.com/title/tt3244466/?ref_=sr_t_432,2014,1h 16m,,6.7,161
433. The New Rijksmuseum - The Film,https://www.imdb.com/title/tt3797076/?ref_=sr_t_433,2014,2h,,7.4,296
434. Dead Snow 2: Red vs. Dead,https://www.imdb.com/title/tt2832470/?ref_=sr_t_434,2014,1h 40m,R,6.8,27K
435. Match,https://www.imdb.com/title/tt2637378/?ref_=sr_t_435,2014,1h 32m,R,6.7,2.6K
436. Before We Go,https://www.imdb.com/title/tt0443465/?ref_=sr_t_436,2014,1h 35m,PG-13,6.8,66K
437. The Kindergarten Teacher,https://www.imdb.com/title/tt3709678/?ref_=sr_t_437,2014,1h 59m,Not Rated,6.6,1.4K
438. Not Cool,https://www.imdb.com/title/tt3569356/?ref_=sr_t_438,2014,1h 33m,R,3.5,6K
439. Expelled from Paradise,https://www.imdb.com/title/tt2859246/?ref_=sr_t_439,2014,1h 44m,TV-14,6.6,1.9K
440. Tiger & Bunny: The Rising,https://www.imdb.com/title/tt3204012/?ref_=sr_t_440,2014,1h 48m,TV-14,6.7,425
441. Rocks in My Pockets,https://www.imdb.com/title/tt2961890/?ref_=sr_t_441,2014,1h 28m,Not Rated,7.4,927
442. White Bird in a Blizzard,https://www.imdb.com/title/tt2238050/?ref_=sr_t_442,2014,1h 31m,R,6.4,30K
443. K: Missing Kings,https://www.imdb.com/title/tt3794204/?ref_=sr_t_443,2014,1h 13m,TV-14,6.8,989
444. The Winding Stream,https://www.imdb.com/title/tt2516274/?ref_=sr_t_444,2014,1h 30m,Not Rated,7.7,260
445. Song One,https://www.imdb.com/title/tt2182972/?ref_=sr_t_445,2014,1h 26m,PG-13,5.8,10K
446. The Hero of Color City,https://www.imdb.com/title/tt0498351/?ref_=sr_t_446,2014,1h 17m,G,3.9,767
447. Bird People,https://www.imdb.com/title/tt2368635/?ref_=sr_t_447,2014,2h 7m,Unrated,6.1,3.3K
"448. Rio, I Love You",https://www.imdb.com/title/tt1456606/?ref_=sr_t_448,2014,1h 50m,R,5.2,2.3K
449. Amira & Sam,https://www.imdb.com/title/tt3139538/?ref_=sr_t_449,2014,1h 30m,Not Rated,6.2,2.7K
450. Pasolini,https://www.imdb.com/title/tt3125652/?ref_=sr_t_450,2014,1h 24m,Not Rated,5.9,4.7K
451. Happy Christmas,https://www.imdb.com/title/tt2955096/?ref_=sr_t_451,2014,1h 22m,R,5.4,9.1K
452. Runoff,https://www.imdb.com/title/tt2094034/?ref_=sr_t_452,2014,1h 30m,R,5.6,377
453. Paul Taylor: Creative Domain,https://www.imdb.com/title/tt2415728/?ref_=sr_t_453,2014,1h 26m,,8.0,27
454. Therapy for a Vampire,https://www.imdb.com/title/tt3400980/?ref_=sr_t_454,2014,1h 27m,Unrated,6.3,1.1K
455. A Long Way Off,https://www.imdb.com/title/tt2386502/?ref_=sr_t_455,2014,1h 45m,PG,4.6,229
"456. Like Sunday, Like Rain",https://www.imdb.com/title/tt3104818/?ref_=sr_t_456,2014,1h 44m,R,6.9,5.1K
457. The Cut,https://www.imdb.com/title/tt2245171/?ref_=sr_t_457,2014,2h 18m,Not Rated,6.3,8.2K
458. The Keeping Room,https://www.imdb.com/title/tt2488778/?ref_=sr_t_458,2014,1h 35m,R,6.0,7.7K
459. Lilting,https://www.imdb.com/title/tt2560102/?ref_=sr_t_459,2014,1h 31m,Not Rated,7.1,6.7K
460. Last Weekend,https://www.imdb.com/title/tt2435458/?ref_=sr_t_460,2014,1h 34m,Unrated,5.5,1.1K
461. Gurukulam,https://www.imdb.com/title/tt2183702/?ref_=sr_t_461,2014,1h 48m,Not Rated,7.3,44
462. Christian Mingle,https://www.imdb.com/title/tt3398066/?ref_=sr_t_462,2014,1h 43m,PG,4.2,1.9K
463. Love at First Fight,https://www.imdb.com/title/tt3204144/?ref_=sr_t_463,2014,1h 38m,Unrated,6.6,6.4K
464. Big Game,https://www.imdb.com/title/tt2088003/?ref_=sr_t_464,2014,1h 50m,PG-13,5.4,36K
465. Olvidados,https://www.imdb.com/title/tt2559036/?ref_=sr_t_465,2014,1h 52m,Not Rated,5.8,167
466. Born to Fly: Elizabeth Streb vs. Gravity,https://www.imdb.com/title/tt2246526/?ref_=sr_t_466,2014,1h 22m,Not Rated,6.7,73
467. After,https://www.imdb.com/title/tt1147681/?ref_=sr_t_467,2014,1h 39m,R,4.8,221
468. Kill Me Three Times,https://www.imdb.com/title/tt2393845/?ref_=sr_t_468,2014,1h 30m,R,5.8,24K
469. Emoticon ;),https://www.imdb.com/title/tt2147275/?ref_=sr_t_469,2014,1h 19m,Not Rated,5.3,130
470. Happy Valley,https://www.imdb.com/title/tt2171902/?ref_=sr_t_470,2014,1h 38m,Not Rated,7.1,1.3K
471. Believe Me,https://www.imdb.com/title/tt3107070/?ref_=sr_t_471,2014,1h 33m,PG-13,5.0,1.2K
472. Hippocrates: Diary of a French Doctor,https://www.imdb.com/title/tt2891070/?ref_=sr_t_472,2014,1h 42m,PG,6.8,3.6K
473. Video Games: The Movie,https://www.imdb.com/title/tt3214002/?ref_=sr_t_473,2014,1h 41m,Not Rated,6.1,5.6K
474. Court,https://www.imdb.com/title/tt3717068/?ref_=sr_t_474,2014,1h 56m,,7.6,5.5K
475. Animals,https://www.imdb.com/title/tt3297554/?ref_=sr_t_475,2014,1h 30m,Not Rated,6.3,1.1K
476. The Decent One,https://www.imdb.com/title/tt3508830/?ref_=sr_t_476,2014,1h 34m,Not Rated,6.7,730
477. NightLights,https://www.imdb.com/title/tt1997621/?ref_=sr_t_477,2014,1h 37m,R,8.0,104
478. Lekar Hum Deewana Dil,https://www.imdb.com/title/tt3716142/?ref_=sr_t_478,2014,2h 20m,Not Rated,4.7,723
479. This Last Lonely Place,https://www.imdb.com/title/tt2422276/?ref_=sr_t_479,2014,1h 25m,Not Rated,7.6,97
480. Boy Meets Girl,https://www.imdb.com/title/tt3007302/?ref_=sr_t_480,2014,1h 35m,R,7.1,5K
"481. Love, Rosie",https://www.imdb.com/title/tt1638002/?ref_=sr_t_481,2014,1h 42m,R,7.1,160K
482. Never,https://www.imdb.com/title/tt2342231/?ref_=sr_t_482,2014,1h 20m,Not Rated,5.9,79
483. Futuro Beach,https://www.imdb.com/title/tt2199543/?ref_=sr_t_483,2014,1h 46m,Unrated,6.3,3.4K
484. Friends and Romans,https://www.imdb.com/title/tt3480942/?ref_=sr_t_484,2014,1h 37m,Not Rated,7.1,218
485. The Past Is a Grotesque Animal,https://www.imdb.com/title/tt3072636/?ref_=sr_t_485,2014,1h 17m,Unrated,7.1,160
486. Wild Canaries,https://www.imdb.com/title/tt2800400/?ref_=sr_t_486,2014,1h 36m,Not Rated,5.9,532
487. The Romans,https://www.imdb.com/title/tt3275194/?ref_=sr_t_487,2014,1h 37m,Not Rated,6.2,19
488. Uzumasa Limelight,https://www.imdb.com/title/tt3290882/?ref_=sr_t_488,2014,1h 44m,Not Rated,7.0,926
489. Guardian Angel,https://www.imdb.com/title/tt2992538/?ref_=sr_t_489,2014,1h 45m,R,6.6,99
490. Actress,https://www.imdb.com/title/tt3212392/?ref_=sr_t_490,2014,1h 26m,Not Rated,6.2,457
491. Watchers of the Sky,https://www.imdb.com/title/tt2049589/?ref_=sr_t_491,2014,2h,Not Rated,7.3,309
492. A Hard Day,https://www.imdb.com/title/tt3697626/?ref_=sr_t_492,2014,1h 51m,Not Rated,7.2,17K
493. Two Night Stand,https://www.imdb.com/title/tt2140619/?ref_=sr_t_493,2014,1h 26m,R,6.3,75K
494. Ardor,https://www.imdb.com/title/tt1384925/?ref_=sr_t_494,2014,1h 41m,R,5.2,944
495. The Little Death,https://www.imdb.com/title/tt2785032/?ref_=sr_t_495,2014,1h 36m,Not Rated,7.0,28K
496. A Bit of Bad Luck,https://www.imdb.com/title/tt2406306/?ref_=sr_t_496,2014,1h 26m,Not Rated,4.8,321
497. Wildflower,https://www.imdb.com/title/tt4246856/?ref_=sr_t_497,2014,1h 32m,PG-13,5.3,1.1K
498. The Great Museum,https://www.imdb.com/title/tt3488668/?ref_=sr_t_498,2014,1h 34m,Not Rated,6.5,435
499. The Other One,https://www.imdb.com/title/tt2917566/?ref_=sr_t_499,2014,1h 34m,Not Rated,6.4,84
500. Kelly & Cal,https://www.imdb.com/title/tt3082826/?ref_=sr_t_500,2014,1h 51m,R,6.3,2.3K
