Title,Movie Link,Year,Duration,MPA,Rating,Votes
1. Avengers: Endgame,https://www.imdb.com/title/tt4154796/?ref_=sr_t_1,2019,3h 1m,PG-13,8.4,1.3M
2. The Lion King,https://www.imdb.com/title/tt6105098/?ref_=sr_t_2,2019,1h 58m,PG,6.8,277K
3. Star Wars: Episode IX - The Rise of Skywalker,https://www.imdb.com/title/tt2527338/?ref_=sr_t_3,2019,2h 21m,PG-13,6.4,509K
4. Frozen II,https://www.imdb.com/title/tt4520988/?ref_=sr_t_4,2019,1h 43m,PG,6.8,203K
5. Toy Story 4,https://www.imdb.com/title/tt1979376/?ref_=sr_t_5,2019,1h 40m,G,7.6,292K
6. Captain Marvel,https://www.imdb.com/title/tt4154664/?ref_=sr_t_6,2019,2h 3m,PG-13,6.8,627K
7. Spider-Man: Far from Home,https://www.imdb.com/title/tt6320628/?ref_=sr_t_7,2019,2h 9m,PG-13,7.4,582K
8. Aladdin,https://www.imdb.com/title/tt6139732/?ref_=sr_t_8,2019,2h 8m,PG,6.9,298K
9. Joker,https://www.imdb.com/title/tt7286456/?ref_=sr_t_9,2019,2h 2m,R,8.3,1.6M
10. Jumanji: The Next Level,https://www.imdb.com/title/tt7975244/?ref_=sr_t_10,2019,2h 3m,PG-13,6.6,297K
11. It Chapter Two,https://www.imdb.com/title/tt7349950/?ref_=sr_t_11,2019,2h 49m,R,6.5,317K
12. Us,https://www.imdb.com/title/tt6857112/?ref_=sr_t_12,2019,1h 56m,R,6.8,358K
13. Fast & Furious Presents: Hobbs & Shaw,https://www.imdb.com/title/tt6806448/?ref_=sr_t_13,2019,2h 17m,PG-13,6.5,244K
14. John Wick: Chapter 3 - Parabellum,https://www.imdb.com/title/tt6146586/?ref_=sr_t_14,2019,2h 10m,R,7.4,443K
15. Knives Out,https://www.imdb.com/title/tt8946378/?ref_=sr_t_15,2019,2h 10m,PG-13,7.9,802K
16. How to Train Your Dragon: The Hidden World,https://www.imdb.com/title/tt2386490/?ref_=sr_t_16,2019,1h 44m,PG,7.4,159K
17. 1917,https://www.imdb.com/title/tt8579674/?ref_=sr_t_17,2019,1h 59m,R,8.2,710K
18. The Secret Life of Pets 2,https://www.imdb.com/title/tt5113040/?ref_=sr_t_18,2019,1h 26m,PG,6.4,72K
19. Pokémon: Detective Pikachu,https://www.imdb.com/title/tt5884052/?ref_=sr_t_19,2019,1h 44m,PG,6.5,188K
20. Once Upon a Time... in Hollywood,https://www.imdb.com/title/tt7131622/?ref_=sr_t_20,2019,2h 41m,R,7.6,885K
21. Shazam!,https://www.imdb.com/title/tt0448115/?ref_=sr_t_21,2019,2h 12m,PG-13,7.0,395K
22. Ford v Ferrari,https://www.imdb.com/title/tt1950186/?ref_=sr_t_22,2019,2h 32m,PG-13,8.1,507K
23. Dumbo,https://www.imdb.com/title/tt3861390/?ref_=sr_t_23,2019,1h 52m,PG,6.3,85K
24. Maleficent: Mistress of Evil,https://www.imdb.com/title/tt4777008/?ref_=sr_t_24,2019,1h 59m,PG,6.6,123K
25. Glass,https://www.imdb.com/title/tt6823368/?ref_=sr_t_25,2019,2h 9m,PG-13,6.6,287K
26. Godzilla: King of the Monsters,https://www.imdb.com/title/tt3741700/?ref_=sr_t_26,2019,2h 12m,PG-13,6.0,216K
27. Little Women,https://www.imdb.com/title/tt3281548/?ref_=sr_t_27,2019,2h 15m,PG,7.8,260K
28. The Lego Movie 2: The Second Part,https://www.imdb.com/title/tt3513498/?ref_=sr_t_28,2019,1h 47m,PG,6.5,80K
29. Hustlers,https://www.imdb.com/title/tt5503686/?ref_=sr_t_29,2019,1h 50m,R,6.3,110K
30. The Addams Family,https://www.imdb.com/title/tt1620981/?ref_=sr_t_30,2019,1h 26m,PG,5.8,46K
31. Downton Abbey,https://www.imdb.com/title/tt6398184/?ref_=sr_t_31,2019,2h 2m,PG,7.4,66K
32. Rocketman,https://www.imdb.com/title/tt2066051/?ref_=sr_t_32,2019,2h 1m,R,7.3,201K
33. Alita: Battle Angel,https://www.imdb.com/title/tt0437086/?ref_=sr_t_33,2019,2h 2m,PG-13,7.3,306K
34. Good Boys,https://www.imdb.com/title/tt6977338/?ref_=sr_t_34,2019,1h 30m,R,6.7,85K
35. Men in Black: International,https://www.imdb.com/title/tt2283336/?ref_=sr_t_35,2019,1h 54m,PG-13,5.6,152K
36. Annabelle Comes Home,https://www.imdb.com/title/tt8350360/?ref_=sr_t_36,2019,1h 46m,R,5.9,91K
37. Yesterday,https://www.imdb.com/title/tt8079248/?ref_=sr_t_37,2019,1h 56m,PG-13,6.8,174K
38. A Madea Family Funeral,https://www.imdb.com/title/tt7054636/?ref_=sr_t_38,2019,1h 49m,PG-13,4.7,5.2K
39. Zombieland: Double Tap,https://www.imdb.com/title/tt1560220/?ref_=sr_t_39,2019,1h 39m,R,6.7,212K
40. Angel Has Fallen,https://www.imdb.com/title/tt6189022/?ref_=sr_t_40,2019,2h 1m,R,6.4,115K
41. Scary Stories to Tell in the Dark,https://www.imdb.com/title/tt3387520/?ref_=sr_t_41,2019,1h 48m,PG-13,6.2,88K
42. Spies in Disguise,https://www.imdb.com/title/tt5814534/?ref_=sr_t_42,2019,1h 42m,PG,6.8,59K
43. X-Men: Dark Phoenix,https://www.imdb.com/title/tt6565702/?ref_=sr_t_43,2019,1h 53m,PG-13,5.7,215K
44. Terminator: Dark Fate,https://www.imdb.com/title/tt6450804/?ref_=sr_t_44,2019,2h 8m,R,6.2,201K
45. A Beautiful Day in the Neighborhood,https://www.imdb.com/title/tt3224458/?ref_=sr_t_45,2019,1h 49m,PG,7.2,91K
46. Abominable,https://www.imdb.com/title/tt6324278/?ref_=sr_t_46,2019,1h 37m,PG,7.0,44K
47. Dora and the Lost City of Gold,https://www.imdb.com/title/tt7547410/?ref_=sr_t_47,2019,1h 42m,PG,6.1,36K
48. Escape Room,https://www.imdb.com/title/tt5886046/?ref_=sr_t_48,2019,1h 39m,PG-13,6.4,148K
49. Midway,https://www.imdb.com/title/tt6924650/?ref_=sr_t_49,2019,2h 18m,PG-13,6.7,98K
50. The Curse of La Llorona,https://www.imdb.com/title/tt4913966/?ref_=sr_t_50,2019,1h 33m,R,5.3,60K
51. Pet Sematary,https://www.imdb.com/title/tt0837563/?ref_=sr_t_51,2019,1h 40m,R,5.7,101K
52. What Men Want,https://www.imdb.com/title/tt7634968/?ref_=sr_t_52,2019,1h 57m,R,5.4,33K
53. Parasite,https://www.imdb.com/title/tt6751668/?ref_=sr_t_53,2019,2h 12m,R,8.5,1M
54. Ad Astra,https://www.imdb.com/title/tt2935510/?ref_=sr_t_54,2019,2h 3m,PG-13,6.5,267K
55. Uncut Gems,https://www.imdb.com/title/tt5727208/?ref_=sr_t_55,2019,2h 15m,R,7.4,329K
56. Isn't It Romantic,https://www.imdb.com/title/tt2452244/?ref_=sr_t_56,2019,1h 29m,PG-13,5.9,75K
57. Gemini Man,https://www.imdb.com/title/tt1025100/?ref_=sr_t_57,2019,1h 57m,PG-13,5.7,126K
58. Ma,https://www.imdb.com/title/tt7958736/?ref_=sr_t_58,2019,1h 39m,R,5.6,62K
59. Five Feet Apart,https://www.imdb.com/title/tt6472976/?ref_=sr_t_59,2019,1h 56m,PG-13,7.2,89K
60. Wonder Park,https://www.imdb.com/title/tt6428676/?ref_=sr_t_60,2019,1h 25m,PG,5.9,13K
61. Rambo: Last Blood,https://www.imdb.com/title/tt1206885/?ref_=sr_t_61,2019,1h 29m,R,6.1,113K
62. Playing with Fire,https://www.imdb.com/title/tt9134216/?ref_=sr_t_62,2019,1h 36m,PG,5.2,17K
63. Queen & Slim,https://www.imdb.com/title/tt8722346/?ref_=sr_t_63,2019,2h 12m,R,7.1,35K
64. Harriet,https://www.imdb.com/title/tt4648786/?ref_=sr_t_64,2019,2h 5m,PG-13,6.7,32K
65. A Dog's Way Home,https://www.imdb.com/title/tt7616798/?ref_=sr_t_65,2019,1h 36m,PG,6.7,21K
66. The Angry Birds Movie 2,https://www.imdb.com/title/tt6095472/?ref_=sr_t_66,2019,1h 37m,PG,6.4,38K
67. Little,https://www.imdb.com/title/tt8085790/?ref_=sr_t_67,2019,1h 49m,PG-13,5.5,15K
68. Breakthrough,https://www.imdb.com/title/tt7083526/?ref_=sr_t_68,2019,1h 56m,PG,6.3,11K
69. Crawl,https://www.imdb.com/title/tt8364368/?ref_=sr_t_69,2019,1h 27m,R,6.1,97K
70. The Gentlemen,https://www.imdb.com/title/tt8367814/?ref_=sr_t_70,2019,1h 53m,R,7.8,423K
71. Just Mercy,https://www.imdb.com/title/tt4916630/?ref_=sr_t_71,2019,2h 17m,PG-13,7.6,79K
72. The Intruder,https://www.imdb.com/title/tt6722030/?ref_=sr_t_72,2019,1h 42m,PG-13,5.6,20K
73. The Hustle,https://www.imdb.com/title/tt1298644/?ref_=sr_t_73,2019,1h 33m,PG-13,5.5,68K
74. Last Christmas,https://www.imdb.com/title/tt8623904/?ref_=sr_t_74,2019,1h 43m,PG-13,6.5,97K
75. Overcomer,https://www.imdb.com/title/tt8186318/?ref_=sr_t_75,2019,1h 59m,PG,6.7,6K
76. Jojo Rabbit,https://www.imdb.com/title/tt2584384/?ref_=sr_t_76,2019,1h 48m,PG-13,7.9,458K
77. Cold Pursuit,https://www.imdb.com/title/tt5719748/?ref_=sr_t_77,2019,1h 59m,R,6.2,81K
78. Bombshell,https://www.imdb.com/title/tt6394270/?ref_=sr_t_78,2019,1h 49m,R,6.8,130K
79. Doctor Sleep,https://www.imdb.com/title/tt5606664/?ref_=sr_t_79,2019,2h 32m,R,7.3,228K
80. Long Shot,https://www.imdb.com/title/tt2139881/?ref_=sr_t_80,2019,2h 5m,R,6.8,125K
81. Child's Play,https://www.imdb.com/title/tt8663516/?ref_=sr_t_81,2019,1h 30m,R,5.7,58K
82. Ready or Not,https://www.imdb.com/title/tt7798634/?ref_=sr_t_82,2019,1h 35m,R,6.8,206K
83. 21 Bridges,https://www.imdb.com/title/tt8688634/?ref_=sr_t_83,2019,1h 39m,R,6.6,77K
84. Happy Death Day 2U,https://www.imdb.com/title/tt8155288/?ref_=sr_t_84,2019,1h 40m,PG-13,6.2,89K
85. Midsommar,https://www.imdb.com/title/tt8772262/?ref_=sr_t_85,2019,2h 28m,R,7.1,434K
86. Cats,https://www.imdb.com/title/tt5697572/?ref_=sr_t_86,2019,1h 50m,PG,2.8,57K
87. The Art of Racing in the Rain,https://www.imdb.com/title/tt1478839/?ref_=sr_t_87,2019,1h 49m,PG,7.6,41K
88. Countdown,https://www.imdb.com/title/tt10039344/?ref_=sr_t_88,2019,1h 30m,PG-13,5.4,48K
89. Judy,https://www.imdb.com/title/tt7549996/?ref_=sr_t_89,2019,1h 58m,PG-13,6.8,56K
90. Fighting with My Family,https://www.imdb.com/title/tt6513120/?ref_=sr_t_90,2019,1h 48m,PG-13,7.0,90K
91. A Dog's Journey,https://www.imdb.com/title/tt8385474/?ref_=sr_t_91,2019,1h 49m,PG,7.4,30K
92. Booksmart,https://www.imdb.com/title/tt1489887/?ref_=sr_t_92,2019,1h 42m,R,7.1,135K
93. Stuber,https://www.imdb.com/title/tt7734218/?ref_=sr_t_93,2019,1h 33m,R,6.2,53K
94. Richard Jewell,https://www.imdb.com/title/tt3513548/?ref_=sr_t_94,2019,2h 11m,R,7.5,101K
95. 47 Meters Down: Uncaged,https://www.imdb.com/title/tt7329656/?ref_=sr_t_95,2019,1h 30m,PG-13,5.0,32K
96. Black and Blue,https://www.imdb.com/title/tt7390646/?ref_=sr_t_96,2019,1h 48m,R,6.4,28K
97. Hellboy,https://www.imdb.com/title/tt2274648/?ref_=sr_t_97,2019,2h,R,5.3,103K
98. Shaft,https://www.imdb.com/title/tt4463894/?ref_=sr_t_98,2019,1h 51m,R,6.4,60K
99. The Grudge,https://www.imdb.com/title/tt3612126/?ref_=sr_t_99,2019,1h 34m,R,4.4,31K
100. The Peanut Butter Falcon,https://www.imdb.com/title/tt4364194/?ref_=sr_t_100,2019,1h 37m,PG-13,7.6,111K
101. UglyDolls,https://www.imdb.com/title/tt1946502/?ref_=sr_t_101,2019,1h 27m,PG,5.1,8.1K
102. Unplanned,https://www.imdb.com/title/tt9024106/?ref_=sr_t_102,2019,1h 49m,R,5.5,15K
103. Charlie's Angels,https://www.imdb.com/title/tt5033998/?ref_=sr_t_103,2019,1h 58m,PG-13,5.0,82K
104. The Farewell,https://www.imdb.com/title/tt8637428/?ref_=sr_t_104,2019,1h 40m,PG,7.5,73K
105. Brightburn,https://www.imdb.com/title/tt7752126/?ref_=sr_t_105,2019,1h 30m,R,6.1,111K
106. The Good Liar,https://www.imdb.com/title/tt5563334/?ref_=sr_t_106,2019,1h 49m,R,6.7,50K
107. The Kid Who Would Be King,https://www.imdb.com/title/tt6811018/?ref_=sr_t_107,2019,2h,PG,6.1,19K
108. Missing Link,https://www.imdb.com/title/tt6348138/?ref_=sr_t_108,2019,1h 33m,PG,6.7,29K
109. Late Night,https://www.imdb.com/title/tt6107548/?ref_=sr_t_109,2019,1h 42m,R,6.5,42K
110. Miss Bala,https://www.imdb.com/title/tt5941692/?ref_=sr_t_110,2019,1h 44m,PG-13,5.8,13K
111. The Prodigy,https://www.imdb.com/title/tt4504044/?ref_=sr_t_111,2019,1h 32m,R,5.9,30K
112. Poms,https://www.imdb.com/title/tt5125894/?ref_=sr_t_112,2019,1h 30m,PG-13,6.1,7.9K
113. My Hero Academia: Heroes Rising,https://www.imdb.com/title/tt11107074/?ref_=sr_t_113,2019,1h 44m,PG-13,7.8,11K
114. The Kitchen,https://www.imdb.com/title/tt5822564/?ref_=sr_t_114,2019,1h 42m,R,5.6,23K
115. After,https://www.imdb.com/title/tt4126476/?ref_=sr_t_115,2019,1h 45m,PG-13,5.3,70K
116. Blinded by the Light,https://www.imdb.com/title/tt8266310/?ref_=sr_t_116,2019,1h 58m,PG-13,6.9,28K
117. Dark Waters,https://www.imdb.com/title/tt9071322/?ref_=sr_t_117,2019,2h 6m,PG-13,7.6,113K
118. The Lighthouse,https://www.imdb.com/title/tt7984734/?ref_=sr_t_118,2019,1h 49m,R,7.4,272K
119. Black Christmas,https://www.imdb.com/title/tt10481868/?ref_=sr_t_119,2019,1h 32m,PG-13,3.5,20K
120. The Best of Enemies,https://www.imdb.com/title/tt4807408/?ref_=sr_t_120,2019,2h 13m,PG-13,7.3,20K
121. Motherless Brooklyn,https://www.imdb.com/title/tt0385887/?ref_=sr_t_121,2019,2h 24m,R,6.8,64K
122. No Manches Frida 2,https://www.imdb.com/title/tt9019352/?ref_=sr_t_122,2019,1h 42m,R,4.3,1.3K
"123. Where'd You Go, Bernadette",https://www.imdb.com/title/tt2365580/?ref_=sr_t_123,2019,1h 49m,PG-13,6.5,26K
124. Apollo 11,https://www.imdb.com/title/tt8760684/?ref_=sr_t_124,2019,1h 33m,G,8.1,28K
125. Serenity,https://www.imdb.com/title/tt6476140/?ref_=sr_t_125,2019,1h 46m,R,5.4,47K
126. Weathering with You,https://www.imdb.com/title/tt9426210/?ref_=sr_t_126,2019,1h 52m,PG-13,7.5,60K
127. Anna,https://www.imdb.com/title/tt7456310/?ref_=sr_t_127,2019,1h 58m,R,6.7,101K
128. Penguins,https://www.imdb.com/title/tt8080302/?ref_=sr_t_128,2019,1h 16m,G,7.1,1.9K
129. Brittany Runs a Marathon,https://www.imdb.com/title/tt7671064/?ref_=sr_t_129,2019,1h 44m,R,6.8,23K
130. The Dead Don't Die,https://www.imdb.com/title/tt8695030/?ref_=sr_t_130,2019,1h 44m,R,5.5,93K
131. Jexi,https://www.imdb.com/title/tt9354944/?ref_=sr_t_131,2019,1h 24m,R,6.1,32K
132. The Wandering Earth,https://www.imdb.com/title/tt7605074/?ref_=sr_t_132,2019,2h 5m,TV-MA,5.9,37K
133. Captive State,https://www.imdb.com/title/tt5968394/?ref_=sr_t_133,2019,1h 49m,PG-13,6.0,59K
134. Arctic Dogs,https://www.imdb.com/title/tt4426464/?ref_=sr_t_134,2019,1h 32m,PG,4.8,2.3K
135. Gully Boy,https://www.imdb.com/title/tt2395469/?ref_=sr_t_135,2019,2h 34m,Not Rated,7.9,45K
136. The Goldfinch,https://www.imdb.com/title/tt3864056/?ref_=sr_t_136,2019,2h 29m,R,6.4,28K
137. Don't Let Go,https://www.imdb.com/title/tt6803212/?ref_=sr_t_137,2019,1h 43m,R,6.4,14K
138. The Mustang,https://www.imdb.com/title/tt5952594/?ref_=sr_t_138,2019,1h 36m,R,6.8,15K
139. The Sun Is Also a Star,https://www.imdb.com/title/tt6423362/?ref_=sr_t_139,2019,1h 40m,PG-13,5.9,8.4K
140. Bring the Soul: The Movie,https://www.imdb.com/title/tt10545076/?ref_=sr_t_140,2019,1h 43m,Not Rated,8.4,3.1K
141. Compulsive Liar,https://www.imdb.com/title/tt9487594/?ref_=sr_t_141,2019,1h 51m,,6.5,1.1K
142. War,https://www.imdb.com/title/tt7430722/?ref_=sr_t_142,2019,2h 31m,,6.5,35K
143. Pavarotti,https://www.imdb.com/title/tt6964076/?ref_=sr_t_143,2019,1h 54m,PG-13,7.5,4K
144. Jay and Silent Bob Reboot,https://www.imdb.com/title/tt6521876/?ref_=sr_t_144,2019,1h 45m,R,5.6,29K
145. Pain and Glory,https://www.imdb.com/title/tt8291806/?ref_=sr_t_145,2019,1h 53m,R,7.5,65K
146. Tolkien,https://www.imdb.com/title/tt3361792/?ref_=sr_t_146,2019,1h 52m,PG-13,6.8,48K
147. The Last Black Man in San Francisco,https://www.imdb.com/title/tt4353250/?ref_=sr_t_147,2019,2h 1m,R,7.3,22K
148. Linda Ronstadt: The Sound of My Voice,https://www.imdb.com/title/tt10011448/?ref_=sr_t_148,2019,1h 35m,PG-13,8.0,2.6K
149. Uri: The Surgical Strike,https://www.imdb.com/title/tt8291224/?ref_=sr_t_149,2019,2h 18m,,8.2,75K
150. Infidel,https://www.imdb.com/title/tt11229780/?ref_=sr_t_150,2019,1h 48m,R,5.6,4K
151. Ip Man 4: The Finale,https://www.imdb.com/title/tt2076298/?ref_=sr_t_151,2019,1h 47m,Not Rated,7.0,38K
152. Portrait of a Lady on Fire,https://www.imdb.com/title/tt8613070/?ref_=sr_t_152,2019,2h 2m,R,8.1,116K
153. Ne Zha,https://www.imdb.com/title/tt10627720/?ref_=sr_t_153,2019,1h 50m,Not Rated,7.4,8.8K
154. Mission Mangal,https://www.imdb.com/title/tt9248972/?ref_=sr_t_154,2019,2h 10m,TV-14,6.5,18K
155. The Oscar Nominated Short Films 2019: Documentary,https://www.imdb.com/title/tt9724318/?ref_=sr_t_155,2019,2h 17m,,8.1,11
156. The Beach Bum,https://www.imdb.com/title/tt6511932/?ref_=sr_t_156,2019,1h 35m,R,5.5,26K
157. Honey Boy,https://www.imdb.com/title/tt8151874/?ref_=sr_t_157,2019,1h 34m,R,7.2,42K
158. Bharat,https://www.imdb.com/title/tt7721800/?ref_=sr_t_158,2019,2h 30m,Not Rated,4.7,33K
159. The Last Full Measure,https://www.imdb.com/title/tt0783640/?ref_=sr_t_159,2019,1h 56m,R,6.8,15K
160. Friends 25th: The One With The Anniversary,https://www.imdb.com/title/tt10764458/?ref_=sr_t_160,2019,1h 45m,,3.5,312
161. Saaho,https://www.imdb.com/title/tt6836936/?ref_=sr_t_161,2019,2h 50m,TV-MA,5.1,25K
162. Kalank,https://www.imdb.com/title/tt6988116/?ref_=sr_t_162,2019,2h 46m,Not Rated,3.7,17K
163. Tod@s caen,https://www.imdb.com/title/tt7549776/?ref_=sr_t_163,2019,2h,PG-13,5.0,676
164. Promare,https://www.imdb.com/title/tt9116358/?ref_=sr_t_164,2019,1h 51m,PG-13,7.0,5.5K
165. The Art of Self-Defense,https://www.imdb.com/title/tt7339248/?ref_=sr_t_165,2019,1h 44m,R,6.6,42K
"166. My People, My Country",https://www.imdb.com/title/tt10147382/?ref_=sr_t_166,2019,2h 34m,,6.3,2.3K
167. Super 30,https://www.imdb.com/title/tt7485048/?ref_=sr_t_167,2019,2h 34m,Not Rated,7.9,39K
168. Faustina: Love and Mercy,https://www.imdb.com/title/tt10052290/?ref_=sr_t_168,2019,1h 47m,TV-PG,6.4,242
169. 3 from Hell,https://www.imdb.com/title/tt8134742/?ref_=sr_t_169,2019,1h 55m,R,5.4,19K
170. Total Dhamaal,https://www.imdb.com/title/tt7639372/?ref_=sr_t_170,2019,2h 10m,Not Rated,4.2,8.2K
171. The Lodge,https://www.imdb.com/title/tt7347846/?ref_=sr_t_171,2019,1h 48m,R,6.0,60K
172. Housefull 4,https://www.imdb.com/title/tt7721946/?ref_=sr_t_172,2019,2h 25m,,3.6,15K
173. Luce,https://www.imdb.com/title/tt7616148/?ref_=sr_t_173,2019,1h 49m,R,6.6,15K
174. Chhichhore,https://www.imdb.com/title/tt9052870/?ref_=sr_t_174,2019,2h 23m,,8.3,67K
175. Official Secrets,https://www.imdb.com/title/tt5431890/?ref_=sr_t_175,2019,1h 52m,R,7.3,57K
176. Better Days,https://www.imdb.com/title/tt9586294/?ref_=sr_t_176,2019,2h 15m,,7.6,15K
177. The Personal History of David Copperfield,https://www.imdb.com/title/tt6439020/?ref_=sr_t_177,2019,1h 59m,PG,6.4,23K
178. Badla,https://www.imdb.com/title/tt8130968/?ref_=sr_t_178,2019,1h 58m,,7.7,32K
179. Pinocchio,https://www.imdb.com/title/tt8333746/?ref_=sr_t_179,2019,2h 5m,PG-13,6.3,15K
180. The Wretched,https://www.imdb.com/title/tt8305806/?ref_=sr_t_180,2019,1h 35m,Not Rated,5.8,20K
181. The Other Side of Heaven 2: Fire of Faith,https://www.imdb.com/title/tt8174450/?ref_=sr_t_181,2019,1h 57m,PG-13,5.6,480
182. Fantastic Fungi,https://www.imdb.com/title/tt8258074/?ref_=sr_t_182,2019,1h 21m,Not Rated,7.4,12K
183. A Hidden Life,https://www.imdb.com/title/tt5827916/?ref_=sr_t_183,2019,2h 54m,PG-13,7.4,30K
184. Waves,https://www.imdb.com/title/tt8652728/?ref_=sr_t_184,2019,2h 15m,R,7.5,33K
185. The Aftermath,https://www.imdb.com/title/tt5977276/?ref_=sr_t_185,2019,1h 48m,R,6.4,24K
186. Western Stars,https://www.imdb.com/title/tt10687158/?ref_=sr_t_186,2019,1h 23m,PG,7.6,2K
187. After the Wedding,https://www.imdb.com/title/tt7985692/?ref_=sr_t_187,2019,1h 52m,PG-13,6.3,8.9K
188. Extreme Job,https://www.imdb.com/title/tt9541602/?ref_=sr_t_188,2019,1h 51m,,7.1,14K
189. The Kid,https://www.imdb.com/title/tt4975920/?ref_=sr_t_189,2019,1h 40m,R,5.9,9.8K
190. One Piece: Stampede,https://www.imdb.com/title/tt9430698/?ref_=sr_t_190,2019,1h 41m,TV-14,7.5,8.6K
191. Pilgrim's Progress,https://www.imdb.com/title/tt9896916/?ref_=sr_t_191,2019,1h 48m,PG,6.3,923
192. No Safe Spaces,https://www.imdb.com/title/tt8363914/?ref_=sr_t_192,2019,1h 40m,PG-13,7.1,2.8K
193. Metallica & San Francisco Symphony - S&M2,https://www.imdb.com/title/tt10765852/?ref_=sr_t_193,2019,2h 30m,,8.6,1.6K
194. BTS World Tour 'Love Yourself: Speak Yourself' (The Final) Seoul Live Viewing,https://www.imdb.com/title/tt11119936/?ref_=sr_t_194,2019,3h 30m,,9.4,143
195. Kingdom Men Rising,https://www.imdb.com/title/tt10122042/?ref_=sr_t_195,2019,1h 33m,Not Rated,8.4,55
196. Los Domirriqueños 2,https://www.imdb.com/title/tt6156498/?ref_=sr_t_196,2019,1h 47m,Not Rated,5.7,61
197. Ek Ladki Ko Dekha Toh Aisa Laga,https://www.imdb.com/title/tt8108164/?ref_=sr_t_197,2019,2h,,5.6,4.9K
198. Nothing to Lose 2,https://www.imdb.com/title/tt10738914/?ref_=sr_t_198,2019,1h 36m,PG-13,3.2,732
199. Konosuba!: God's Blessing on This Wonderful World! - Legend of Crimson,https://www.imdb.com/title/tt9239552/?ref_=sr_t_199,2019,1h 30m,Not Rated,7.8,5.9K
200. Playmobil: The Movie,https://www.imdb.com/title/tt4199898/?ref_=sr_t_200,2019,1h 39m,PG,4.9,4.9K
201. El Coyote,https://www.imdb.com/title/tt8820136/?ref_=sr_t_201,2019,1h 33m,R,2.8,170
202. The Assistant,https://www.imdb.com/title/tt9000224/?ref_=sr_t_202,2019,1h 27m,R,6.4,27K
203. The Song of Names,https://www.imdb.com/title/tt1657517/?ref_=sr_t_203,2019,1h 53m,PG-13,6.5,5.5K
204. Merci pour tout,https://www.imdb.com/title/tt11349958/?ref_=sr_t_204,2019,1h 39m,,6.2,309
205. Bennett's War,https://www.imdb.com/title/tt7370952/?ref_=sr_t_205,2019,1h 34m,PG-13,6.1,1.1K
206. Luka Chuppi,https://www.imdb.com/title/tt8908002/?ref_=sr_t_206,2019,2h 6m,Not Rated,6.4,14K
207. The Souvenir,https://www.imdb.com/title/tt6920356/?ref_=sr_t_207,2019,2h,R,6.4,15K
208. Noah,https://www.imdb.com/title/tt10175340/?ref_=sr_t_208,2019,2h 10m,,5.5,47
209. Marianne & Leonard: Words of Love,https://www.imdb.com/title/tt9358196/?ref_=sr_t_209,2019,1h 42m,R,7.0,2.3K
210. Rush: Cinema Strangiato 2019,https://www.imdb.com/title/tt10471420/?ref_=sr_t_210,2019,2h,,8.8,145
211. The Fighting Preacher,https://www.imdb.com/title/tt9075778/?ref_=sr_t_211,2019,1h 40m,PG,6.0,587
212. Toni Morrison: The Pieces I Am,https://www.imdb.com/title/tt9358206/?ref_=sr_t_212,2019,2h,PG-13,7.7,949
213. Kinky Boots: The Musical,https://www.imdb.com/title/tt10442108/?ref_=sr_t_213,2019,2h 15m,,8.1,1.1K
214. Mafia Inc,https://www.imdb.com/title/tt6980960/?ref_=sr_t_214,2019,2h 23m,,6.8,1.7K
215. Between Me and My Mind,https://www.imdb.com/title/tt10026172/?ref_=sr_t_215,2019,1h 40m,,7.6,275
216. Pati Patni Aur Woh,https://www.imdb.com/title/tt9680136/?ref_=sr_t_216,2019,2h 6m,,5.8,8.7K
217. Que Leones,https://www.imdb.com/title/tt9364228/?ref_=sr_t_217,2019,1h 36m,Unrated,5.4,159
218. Honeyland,https://www.imdb.com/title/tt8991268/?ref_=sr_t_218,2019,1h 29m,Unrated,8.0,20K
219. Chonda Pierce: Unashamed,https://www.imdb.com/title/tt10260672/?ref_=sr_t_219,2019,1h 30m,Not Rated,5.7,24
220. Student of the Year 2,https://www.imdb.com/title/tt7255568/?ref_=sr_t_220,2019,2h 26m,Not Rated,2.2,23K
221. Color Out of Space,https://www.imdb.com/title/tt5073642/?ref_=sr_t_221,2019,1h 51m,Unrated,6.2,60K
222. Patterns of Evidence: Moses Controversy,https://www.imdb.com/title/tt10027696/?ref_=sr_t_222,2019,2h 20m,Not Rated,6.7,165
223. I Love Lucy: A Colorized Celebration,https://www.imdb.com/title/tt10766808/?ref_=sr_t_223,2019,2h 35m,,9.1,31
224. Joni 75: A Birthday Celebration,https://www.imdb.com/title/tt9748230/?ref_=sr_t_224,2019,2h 8m,,7.7,59
225. David Crosby: Remember My Name,https://www.imdb.com/title/tt5884004/?ref_=sr_t_225,2019,1h 35m,R,7.5,1.4K
226. The Captain,https://www.imdb.com/title/tt10218664/?ref_=sr_t_226,2019,1h 51m,,6.2,2.6K
227. Where's My Roy Cohn?,https://www.imdb.com/title/tt7193362/?ref_=sr_t_227,2019,1h 37m,PG-13,7.0,1.3K
228. Spirits in the Forest,https://www.imdb.com/title/tt11023922/?ref_=sr_t_228,2019,1h 23m,Not Rated,7.4,1.4K
229. Raise Hell: The Life & Times of Molly Ivins,https://www.imdb.com/title/tt9129296/?ref_=sr_t_229,2019,1h 33m,Not Rated,8.0,636
230. The Last Vermeer,https://www.imdb.com/title/tt8337320/?ref_=sr_t_230,2019,1h 58m,R,6.7,6.1K
231. Our Friend,https://www.imdb.com/title/tt9608818/?ref_=sr_t_231,2019,2h 4m,R,7.3,16K
232. The Sky Is Pink,https://www.imdb.com/title/tt8902990/?ref_=sr_t_232,2019,2h 23m,,7.6,10K
233. Synchronic,https://www.imdb.com/title/tt9016974/?ref_=sr_t_233,2019,1h 42m,R,6.2,43K
234. Nancy Drew and the Hidden Staircase,https://www.imdb.com/title/tt8323104/?ref_=sr_t_234,2019,1h 29m,PG,5.7,5.6K
235. Roger Waters - Us + Them,https://www.imdb.com/title/tt10121372/?ref_=sr_t_235,2019,2h 15m,Not Rated,8.2,1.4K
236. The White Storm 2: Drug Lords,https://www.imdb.com/title/tt8239806/?ref_=sr_t_236,2019,1h 39m,,6.0,1.6K
237. The Least of These: The Graham Staines Story,https://www.imdb.com/title/tt9376172/?ref_=sr_t_237,2019,1h 52m,PG-13,5.8,970
238. Furie,https://www.imdb.com/title/tt9412268/?ref_=sr_t_238,2019,1h 38m,TV-14,6.3,5.8K
239. Fiddler: A Miracle of Miracles,https://www.imdb.com/title/tt10003978/?ref_=sr_t_239,2019,1h 37m,PG-13,7.6,474
240. Everybody's Everything,https://www.imdb.com/title/tt9617716/?ref_=sr_t_240,2019,1h 56m,TV-MA,7.5,4.1K
"241. DCI 2019: Big, Loud & Live 16",https://www.imdb.com/title/tt10777384/?ref_=sr_t_241,2019,,,,
242. A Brother's Love,https://www.imdb.com/title/tt10155342/?ref_=sr_t_242,2019,1h 57m,,6.6,1.3K
243. Grateful Dead Meet-Up 2019,https://www.imdb.com/title/tt10192646/?ref_=sr_t_243,2019,2h,,8.2,9
244. Code Geass: Lelouch of the Re;Surrection,https://www.imdb.com/title/tt6344664/?ref_=sr_t_244,2019,1h 52m,Not Rated,7.3,3.8K
245. The Spy Behind Home Plate,https://www.imdb.com/title/tt10078290/?ref_=sr_t_245,2019,1h 41m,Not Rated,6.9,120
246. Batla House,https://www.imdb.com/title/tt8869978/?ref_=sr_t_246,2019,2h 26m,,7.2,13K
247. The Climbers,https://www.imdb.com/title/tt9635616/?ref_=sr_t_247,2019,2h 5m,,5.5,1.6K
248. The Great Alaskan Race,https://www.imdb.com/title/tt7066546/?ref_=sr_t_248,2019,1h 27m,PG,5.3,742
249. CatVideoFest,https://www.imdb.com/title/tt10160722/?ref_=sr_t_249,2019,1h 10m,,5.2,7
250. Exit,https://www.imdb.com/title/tt10648440/?ref_=sr_t_250,2019,1h 43m,,7.0,7.9K
251. Panipat,https://www.imdb.com/title/tt8176040/?ref_=sr_t_251,2019,2h 51m,,5.2,6.2K
252. Les Misérables: The Staged Concert,https://www.imdb.com/title/tt11229886/?ref_=sr_t_252,2019,2h 25m,Unrated,8.6,778
253. Gorillaz: Reject False Icons,https://www.imdb.com/title/tt11321574/?ref_=sr_t_253,2019,1h 35m,,7.0,429
254. Once Were Brothers,https://www.imdb.com/title/tt10334456/?ref_=sr_t_254,2019,1h 40m,R,7.4,2.2K
255. Seberg,https://www.imdb.com/title/tt1780967/?ref_=sr_t_255,2019,1h 42m,R,6.0,11K
256. De De Pyaar De,https://www.imdb.com/title/tt8647400/?ref_=sr_t_256,2019,2h 15m,Not Rated,6.5,9.3K
257. Killing Sarai,https://www.imdb.com/title/tt10080270/?ref_=sr_t_257,2019,1h 46m,R,5.8,1.5K
258. Hail Satan?,https://www.imdb.com/title/tt9358044/?ref_=sr_t_258,2019,1h 35m,R,7.3,8.2K
259. Pagalpanti,https://www.imdb.com/title/tt9495690/?ref_=sr_t_259,2019,2h 29m,,3.3,3K
260. Fate/stay night [Heaven's Feel] II. lost butterfly,https://www.imdb.com/title/tt8091892/?ref_=sr_t_260,2019,1h 57m,,8.0,3.4K
261. The Reliant,https://www.imdb.com/title/tt6105774/?ref_=sr_t_261,2019,2h 20m,PG-13,3.3,1.8K
262. Monos,https://www.imdb.com/title/tt6062774/?ref_=sr_t_262,2019,1h 42m,R,6.8,19K
263. Buddy Games,https://www.imdb.com/title/tt7070818/?ref_=sr_t_263,2019,1h 36m,R,4.8,8.8K
264. The Cure: Anniversary 1978-2018 Live in Hyde Park,https://www.imdb.com/title/tt10407900/?ref_=sr_t_264,2019,2h 17m,,8.4,274
265. Matthias & Maxime,https://www.imdb.com/title/tt8767908/?ref_=sr_t_265,2019,1h 59m,Not Rated,6.8,9.5K
266. Ashfall,https://www.imdb.com/title/tt11285908/?ref_=sr_t_266,2019,2h 10m,TV-14,6.2,6.4K
267. Yellow Rose,https://www.imdb.com/title/tt6862538/?ref_=sr_t_267,2019,1h 34m,PG-13,6.6,1.4K
268. Clemency,https://www.imdb.com/title/tt5577494/?ref_=sr_t_268,2019,1h 52m,R,6.5,5.6K
269. Greed,https://www.imdb.com/title/tt8972256/?ref_=sr_t_269,2019,1h 44m,R,5.8,8.7K
270. The Tomorrow Man,https://www.imdb.com/title/tt8769848/?ref_=sr_t_270,2019,1h 34m,PG-13,5.9,2.5K
271. Photograph,https://www.imdb.com/title/tt7778680/?ref_=sr_t_271,2019,1h 50m,PG-13,6.8,6.1K
272. Ride Your Wave,https://www.imdb.com/title/tt9193612/?ref_=sr_t_272,2019,1h 35m,Not Rated,6.8,4.5K
273. Les Misérables,https://www.imdb.com/title/tt10199590/?ref_=sr_t_273,2019,1h 44m,R,7.6,29K
274. P Storm,https://www.imdb.com/title/tt10017680/?ref_=sr_t_274,2019,1h 36m,Not Rated,5.9,816
275. National Theatre Live: Fleabag,https://www.imdb.com/title/tt10702760/?ref_=sr_t_275,2019,1h 20m,Unrated,8.3,3.4K
276. Ordinary Love,https://www.imdb.com/title/tt6012380/?ref_=sr_t_276,2019,1h 32m,R,6.6,5.5K
277. Sword of Trust,https://www.imdb.com/title/tt8484012/?ref_=sr_t_277,2019,1h 28m,R,6.3,4.2K
278. Lucy in the Sky,https://www.imdb.com/title/tt4682804/?ref_=sr_t_278,2019,2h 4m,R,4.9,8.9K
279. Josh Groban Bridges Live from Madison Square Garden,https://www.imdb.com/title/tt9902734/?ref_=sr_t_279,2019,,,7.9,18
280. DanTDM Presents The Contest,https://www.imdb.com/title/tt11010796/?ref_=sr_t_280,2019,1h 35m,TV-PG,5.2,59
281. K-12,https://www.imdb.com/title/tt10521814/?ref_=sr_t_281,2019,1h 36m,TV-MA,6.5,4K
282. Bolshoi Ballet: The Nutcracker,https://www.imdb.com/title/tt11448176/?ref_=sr_t_282,2019,2h 30m,,,
283. The Informer,https://www.imdb.com/title/tt1833116/?ref_=sr_t_283,2019,1h 53m,R,6.6,44K
284. Ask Dr. Ruth,https://www.imdb.com/title/tt9353586/?ref_=sr_t_284,2019,1h 40m,Not Rated,7.7,1.1K
285. Line Walker 2: Invisible Spy,https://www.imdb.com/title/tt10295602/?ref_=sr_t_285,2019,1h 38m,Not Rated,6.2,961
286. The Traitor,https://www.imdb.com/title/tt7736478/?ref_=sr_t_286,2019,2h 33m,R,7.1,14K
287. Junglee,https://www.imdb.com/title/tt7463730/?ref_=sr_t_287,2019,1h 55m,Not Rated,5.6,2.3K
288. Killerman,https://www.imdb.com/title/tt7420342/?ref_=sr_t_288,2019,1h 52m,R,5.4,11K
289. The Bravest,https://www.imdb.com/title/tt10218674/?ref_=sr_t_289,2019,1h 58m,PG-13,5.7,1.3K
290. Mystify: Michael Hutchence,https://www.imdb.com/title/tt5938950/?ref_=sr_t_290,2019,1h 42m,,7.3,2.8K
291. Saga of Tanya the Evil - The Movie,https://www.imdb.com/title/tt9507276/?ref_=sr_t_291,2019,1h 55m,Not Rated,7.5,1.7K
292. National Theater Live: Cyrano de Bergerac,https://www.imdb.com/title/tt10160742/?ref_=sr_t_292,2019,2h 40m,,8.6,524
293. Khalid: Free Spirit,https://www.imdb.com/title/tt10088006/?ref_=sr_t_293,2019,45m,TV-14,6.8,89
294. American Skin,https://www.imdb.com/title/tt10195452/?ref_=sr_t_294,2019,1h 30m,R,7.0,4K
295. Mike Wallace Is Here,https://www.imdb.com/title/tt9353436/?ref_=sr_t_295,2019,1h 30m,PG-13,7.4,1K
296. The Whistleblower,https://www.imdb.com/title/tt8971476/?ref_=sr_t_296,2019,2h 14m,,5.1,339
297. Shakira in Concert: El Dorado World Tour,https://www.imdb.com/title/tt10885994/?ref_=sr_t_297,2019,2h 2m,TV-PG,7.8,303
298. Is It Wrong to Try to Pick Up Girls in a Dungeon - Arrow of the Orion,https://www.imdb.com/title/tt9526152/?ref_=sr_t_298,2019,1h 22m,TV-MA,6.8,1.7K
299. One Child Nation,https://www.imdb.com/title/tt8923482/?ref_=sr_t_299,2019,1h 23m,R,7.5,7.4K
300. Slayer: The Repentless Killogy,https://www.imdb.com/title/tt11062388/?ref_=sr_t_300,2019,2h 11m,,7.0,373
301. Luzia: Cirque du Soleil in Cinema,https://www.imdb.com/title/tt10969382/?ref_=sr_t_301,2019,1h 35m,,7.6,25
302. Out of Liberty,https://www.imdb.com/title/tt9844368/?ref_=sr_t_302,2019,1h 51m,PG,4.5,472
303. Cunningham,https://www.imdb.com/title/tt8574836/?ref_=sr_t_303,2019,1h 33m,PG,6.6,463
304. Play the Flute,https://www.imdb.com/title/tt6356220/?ref_=sr_t_304,2019,1h 43m,,7.2,399
305. I Got the Hook Up 2,https://www.imdb.com/title/tt8228884/?ref_=sr_t_305,2019,1h 47m,Not Rated,3.1,447
306. The Twilight Zone: A 60th Anniversary Celebration,https://www.imdb.com/title/tt10892766/?ref_=sr_t_306,2019,3h,,7.9,19
307. Lupin III: The First,https://www.imdb.com/title/tt10621032/?ref_=sr_t_307,2019,1h 33m,Not Rated,6.9,4K
308. Give Me Liberty,https://www.imdb.com/title/tt4169146/?ref_=sr_t_308,2019,1h 50m,,6.7,2.3K
309. 311 Enlarged to Show Detail 3,https://www.imdb.com/title/tt9799960/?ref_=sr_t_309,2019,2h 13m,,8.5,16
310. Romeo Akbar Walter,https://www.imdb.com/title/tt8550208/?ref_=sr_t_310,2019,2h 21m,Not Rated,6.7,6.4K
311. The Climb,https://www.imdb.com/title/tt8637440/?ref_=sr_t_311,2019,1h 38m,R,6.7,5.3K
312. Mine 9,https://www.imdb.com/title/tt3517870/?ref_=sr_t_312,2019,1h 23m,Not Rated,6.0,12K
313. Never Surrender: A Galaxy Quest Documentary,https://www.imdb.com/title/tt11044122/?ref_=sr_t_313,2019,1h 35m,,7.7,2.2K
314. First Love,https://www.imdb.com/title/tt10228168/?ref_=sr_t_314,2019,1h 48m,TV-MA,6.7,8.4K
"315. The Gangster, the Cop, the Devil",https://www.imdb.com/title/tt10208198/?ref_=sr_t_315,2019,1h 49m,Not Rated,7.0,27K
316. Love in Kilnerry,https://www.imdb.com/title/tt6735740/?ref_=sr_t_316,2019,1h 45m,Not Rated,5.6,4.9K
"317. Faith, Hope & Love",https://www.imdb.com/title/tt8310924/?ref_=sr_t_317,2019,1h 46m,PG,6.4,1.3K
318. Kathy Griffin: A Hell of a Story,https://www.imdb.com/title/tt9617582/?ref_=sr_t_318,2019,1h 46m,Not Rated,6.4,1K
319. Bolshoi Ballet: Carmen Suite/Petrushka,https://www.imdb.com/title/tt8870902/?ref_=sr_t_319,2019,2h 20m,,,
320. Synonyms,https://www.imdb.com/title/tt7016254/?ref_=sr_t_320,2019,2h 3m,Unrated,6.3,6.4K
321. Dabangg 3,https://www.imdb.com/title/tt7059844/?ref_=sr_t_321,2019,2h 40m,,3.0,21K
322. Blink of an Eye,https://www.imdb.com/title/tt10132048/?ref_=sr_t_322,2019,1h 28m,Not Rated,7.6,305
323. Lourdes,https://www.imdb.com/title/tt8941056/?ref_=sr_t_323,2019,1h 35m,,6.6,295
324. Chasing the Dragon II: Wild Wild Bunch,https://www.imdb.com/title/tt10279010/?ref_=sr_t_324,2019,1h 41m,Not Rated,5.9,800
325. Beanpole,https://www.imdb.com/title/tt10199640/?ref_=sr_t_325,2019,2h 10m,Unrated,7.2,13K
326. Bolshoi Ballet: Le Corsaire,https://www.imdb.com/title/tt11309084/?ref_=sr_t_326,2019,,,,
327. The Divine Plan,https://www.imdb.com/title/tt9445830/?ref_=sr_t_327,2019,1h 45m,,6.5,43
328. 42nd Street: The Musical,https://www.imdb.com/title/tt10140002/?ref_=sr_t_328,2019,2h 35m,Not Rated,7.8,561
329. The Outpost,https://www.imdb.com/title/tt3833480/?ref_=sr_t_329,2019,2h 3m,R,6.8,44K
330. The River and the Wall,https://www.imdb.com/title/tt8999864/?ref_=sr_t_330,2019,1h 37m,,6.6,338
331. Bolshoi Ballet: Raymonda,https://www.imdb.com/title/tt11197154/?ref_=sr_t_331,2019,,,,
332. The Warrior Queen of Jhansi,https://www.imdb.com/title/tt6916348/?ref_=sr_t_332,2019,1h 42m,R,4.9,768
333. And Then We Danced,https://www.imdb.com/title/tt8963708/?ref_=sr_t_333,2019,1h 53m,Not Rated,7.6,15K
334. India's Most Wanted,https://www.imdb.com/title/tt8484942/?ref_=sr_t_334,2019,2h 3m,Not Rated,4.7,2.4K
335. Marjaavaan,https://www.imdb.com/title/tt9248934/?ref_=sr_t_335,2019,2h 32m,Not Rated,3.7,4.8K
336. Frankie,https://www.imdb.com/title/tt8019694/?ref_=sr_t_336,2019,1h 40m,PG-13,5.4,2K
"337. Asbury Park: Riot, Redemption, Rock & Roll",https://www.imdb.com/title/tt10383464/?ref_=sr_t_337,2019,1h 56m,,6.9,67
338. The Bad Guys: The Movie,https://www.imdb.com/title/tt10726604/?ref_=sr_t_338,2019,1h 54m,,6.2,2.6K
339. Bright Ones,https://www.imdb.com/title/tt7772498/?ref_=sr_t_339,2019,1h 22m,PG,7.8,59
340. Extra Ordinary,https://www.imdb.com/title/tt8233874/?ref_=sr_t_340,2019,1h 34m,R,6.4,12K
341. INXS: Baby Live at Wembly Stadium,https://www.imdb.com/title/tt10979740/?ref_=sr_t_341,2019,1h 38m,,7.2,8
"342. Diana Ross: Her Life, Love and Legacy",https://www.imdb.com/title/tt10159942/?ref_=sr_t_342,2019,2h 40m,,,
343. Them That Follow,https://www.imdb.com/title/tt7313348/?ref_=sr_t_343,2019,1h 38m,R,5.4,4K
344. A Call to Spy,https://www.imdb.com/title/tt7698468/?ref_=sr_t_344,2019,2h 3m,PG-13,6.7,9.6K
345. Money,https://www.imdb.com/title/tt6890618/?ref_=sr_t_345,2019,1h 55m,,6.1,1.1K
346. Halston,https://www.imdb.com/title/tt9358192/?ref_=sr_t_346,2019,1h 45m,Not Rated,7.1,1.5K
347. Before You Know It,https://www.imdb.com/title/tt8856090/?ref_=sr_t_347,2019,1h 38m,Not Rated,5.3,820
348. Invisible Life,https://www.imdb.com/title/tt6390668/?ref_=sr_t_348,2019,2h 19m,R,7.7,10K
349. Framing John DeLorean,https://www.imdb.com/title/tt6256978/?ref_=sr_t_349,2019,1h 49m,Unrated,6.5,2.6K
350. The Burnt Orange Heresy,https://www.imdb.com/title/tt8342680/?ref_=sr_t_350,2019,1h 39m,R,6.1,6.4K
351. Canelo vs. Kovalev,https://www.imdb.com/title/tt10985290/?ref_=sr_t_351,2019,,,,
352. Incitement,https://www.imdb.com/title/tt10122392/?ref_=sr_t_352,2019,2h 3m,,7.1,837
353. Wilder vs. Ortiz,https://www.imdb.com/title/tt11100434/?ref_=sr_t_353,2019,4h 30m,,6.8,13
354. Lynryd Skynyrd: Last of the Street Survivors Farewell Tour,https://www.imdb.com/title/tt10980000/?ref_=sr_t_354,2019,1h 50m,,,
355. Beneath Us,https://www.imdb.com/title/tt5092484/?ref_=sr_t_355,2019,1h 26m,R,5.4,2.3K
356. Palau the Movie,https://www.imdb.com/title/tt8109800/?ref_=sr_t_356,2019,2h,Not Rated,6.3,101
357. Made in Abyss: Journey's Dawn,https://www.imdb.com/title/tt10068158/?ref_=sr_t_357,2019,1h 59m,,7.4,973
358. Peppa Celebrates Chinese New Year,https://www.imdb.com/title/tt9629026/?ref_=sr_t_358,2019,1h 21m,G,4.0,100
359. Mister America,https://www.imdb.com/title/tt10579992/?ref_=sr_t_359,2019,1h 29m,R,6.4,1.7K
360. The Zoya Factor,https://www.imdb.com/title/tt8304386/?ref_=sr_t_360,2019,2h 14m,,4.4,2.8K
361. Corpus Christi,https://www.imdb.com/title/tt8649186/?ref_=sr_t_361,2019,1h 55m,Unrated,7.7,23K
362. The Kingmaker,https://www.imdb.com/title/tt5105734/?ref_=sr_t_362,2019,1h 41m,R,7.6,2.7K
"363. 14 Days, 12 Nights",https://www.imdb.com/title/tt6976172/?ref_=sr_t_363,2019,1h 39m,,6.2,370
364. Citizen K,https://www.imdb.com/title/tt10703826/?ref_=sr_t_364,2019,2h 6m,Not Rated,7.1,1.7K
365. Avant qu'on explose,https://www.imdb.com/title/tt9825006/?ref_=sr_t_365,2019,1h 48m,,6.6,158
366. The Brink,https://www.imdb.com/title/tt9600932/?ref_=sr_t_366,2019,1h 31m,Not Rated,6.4,879
367. Cold Case Hammarskjöld,https://www.imdb.com/title/tt9352780/?ref_=sr_t_367,2019,2h 8m,Not Rated,7.5,2.9K
368. Hope Gap,https://www.imdb.com/title/tt7587876/?ref_=sr_t_368,2019,1h 40m,PG-13,6.7,6.5K
369. Miss & Mrs. Cops,https://www.imdb.com/title/tt10161238/?ref_=sr_t_369,2019,1h 47m,,6.2,1.6K
370. The Divine Fury,https://www.imdb.com/title/tt10550884/?ref_=sr_t_370,2019,2h 9m,,6.3,4.6K
371. Lucky Grandma,https://www.imdb.com/title/tt10011336/?ref_=sr_t_371,2019,1h 27m,,6.3,1.8K
372. First Cow,https://www.imdb.com/title/tt9231040/?ref_=sr_t_372,2019,2h 2m,PG-13,7.1,23K
373. Tazza: One-Eyed Jack,https://www.imdb.com/title/tt10927906/?ref_=sr_t_373,2019,2h 19m,,6.0,744
374. Come to Daddy,https://www.imdb.com/title/tt8816194/?ref_=sr_t_374,2019,1h 36m,R,6.0,21K
375. Margaret Atwood: Live in Cinemas,https://www.imdb.com/title/tt10954574/?ref_=sr_t_375,2019,1h 50m,,8.0,10
376. Always Miss You,https://www.imdb.com/title/tt10234494/?ref_=sr_t_376,2019,1h 38m,Not Rated,3.7,67
377. Loopers: The Caddie's Long Walk,https://www.imdb.com/title/tt6087434/?ref_=sr_t_377,2019,1h 20m,PG,7.2,191
378. My Dear Liar,https://www.imdb.com/title/tt11091530/?ref_=sr_t_378,2019,1h 56m,,6.3,369
379. Sound! Euphonium the Movie - Our Promise: A Brand New Day,https://www.imdb.com/title/tt7089882/?ref_=sr_t_379,2019,1h 40m,Not Rated,7.3,578
380. The Lumber Baron,https://www.imdb.com/title/tt6977218/?ref_=sr_t_380,2019,2h,PG,6.0,146
381. Jim Allison: Breakthrough,https://www.imdb.com/title/tt9617570/?ref_=sr_t_381,2019,1h 30m,PG-13,7.6,236
382. ECCO,https://www.imdb.com/title/tt10443252/?ref_=sr_t_382,2019,2h 3m,R,4.6,3.1K
383. Sonchiriya,https://www.imdb.com/title/tt8108200/?ref_=sr_t_383,2019,2h 23m,Not Rated,7.9,13K
384. Mayday Life,https://www.imdb.com/title/tt10346206/?ref_=sr_t_384,2019,1h 52m,,6.7,156
385. Woodstock: Three Days That Defined a Generation,https://www.imdb.com/title/tt9185816/?ref_=sr_t_385,2019,1h 46m,Not Rated,7.6,2K
386. Looking Up,https://www.imdb.com/title/tt10195210/?ref_=sr_t_386,2019,2h 27m,,6.1,605
387. On Broadway,https://www.imdb.com/title/tt10536646/?ref_=sr_t_387,2019,1h 22m,,7.3,148
388. Children of the Sea,https://www.imdb.com/title/tt9850064/?ref_=sr_t_388,2019,1h 51m,Not Rated,6.5,3.9K
389. Ms. Purple,https://www.imdb.com/title/tt7983890/?ref_=sr_t_389,2019,1h 27m,,6.3,699
390. StarDog and TurboCat,https://www.imdb.com/title/tt7531096/?ref_=sr_t_390,2019,1h 30m,PG,5.1,2.5K
391. Triple Threat,https://www.imdb.com/title/tt6643972/?ref_=sr_t_391,2019,1h 36m,R,5.6,13K
392. Cliffs of Freedom,https://www.imdb.com/title/tt2275629/?ref_=sr_t_392,2019,2h 17m,R,6.2,805
393. Storm Boy,https://www.imdb.com/title/tt3340446/?ref_=sr_t_393,2019,1h 39m,PG,6.9,4.2K
394. The Battle of Jangsari,https://www.imdb.com/title/tt9018916/?ref_=sr_t_394,2019,1h 44m,,6.2,1.9K
395. How to Build a Girl,https://www.imdb.com/title/tt4193072/?ref_=sr_t_395,2019,1h 42m,R,6.0,5.2K
396. The Body,https://www.imdb.com/title/tt8130904/?ref_=sr_t_396,2019,1h 41m,,5.4,4.1K
397. The Divine Move 2: The Wrathful,https://www.imdb.com/title/tt11177112/?ref_=sr_t_397,2019,1h 46m,,6.4,580
398. End of the Century,https://www.imdb.com/title/tt9845398/?ref_=sr_t_398,2019,1h 24m,Unrated,6.8,4.2K
399. The Cave,https://www.imdb.com/title/tt7178226/?ref_=sr_t_399,2019,1h 47m,PG-13,7.5,3K
400. We Summon the Darkness,https://www.imdb.com/title/tt8058874/?ref_=sr_t_400,2019,1h 31m,R,5.2,13K
401. John Fogerty: 50 Year Trip - Live at Red Rocks,https://www.imdb.com/title/tt10979830/?ref_=sr_t_401,2019,1h 50m,,7.0,17
402. Bacurau,https://www.imdb.com/title/tt2762506/?ref_=sr_t_402,2019,2h 11m,Not Rated,7.3,32K
403. Mickey and the Bear,https://www.imdb.com/title/tt9614440/?ref_=sr_t_403,2019,1h 28m,R,6.6,1.8K
404. Recorder: The Marion Stokes Project,https://www.imdb.com/title/tt8863066/?ref_=sr_t_404,2019,1h 27m,Unrated,7.0,605
405. The Whistlers,https://www.imdb.com/title/tt7921248/?ref_=sr_t_405,2019,1h 37m,Not Rated,6.3,6.7K
406. Ema,https://www.imdb.com/title/tt8800266/?ref_=sr_t_406,2019,1h 47m,R,6.7,9.5K
407. Samsam,https://www.imdb.com/title/tt9784518/?ref_=sr_t_407,2019,1h 17m,Not Rated,5.0,270
408. Making Waves: The Art of Cinematic Sound,https://www.imdb.com/title/tt3856408/?ref_=sr_t_408,2019,1h 34m,Unrated,7.6,2.3K
409. My Zoe,https://www.imdb.com/title/tt6290584/?ref_=sr_t_409,2019,1h 40m,R,6.0,1.5K
410. Plácido Domingo Gala,https://www.imdb.com/title/tt10678786/?ref_=sr_t_410,2019,2h,,,
411. QT8: The First Eight,https://www.imdb.com/title/tt4329810/?ref_=sr_t_411,2019,1h 43m,TV-MA,7.3,5.3K
412. Greener Grass,https://www.imdb.com/title/tt7422822/?ref_=sr_t_412,2019,1h 35m,Unrated,6.4,5.9K
413. About Endlessness,https://www.imdb.com/title/tt6817944/?ref_=sr_t_413,2019,1h 18m,,6.8,8.2K
414. Sympathy for the Devil,https://www.imdb.com/title/tt7710486/?ref_=sr_t_414,2019,1h 40m,,7.5,716
415. The Wonderland,https://www.imdb.com/title/tt9563632/?ref_=sr_t_415,2019,1h 55m,Unrated,6.2,1.1K
416. The Vigil,https://www.imdb.com/title/tt10793644/?ref_=sr_t_416,2019,1h 29m,PG-13,5.8,10K
417. Clinton Road,https://www.imdb.com/title/tt1604560/?ref_=sr_t_417,2019,1h 17m,,3.2,4.3K
"418. Love, Antosha",https://www.imdb.com/title/tt9351746/?ref_=sr_t_418,2019,1h 32m,R,8.1,1.8K
419. Lux Æterna,https://www.imdb.com/title/tt10272534/?ref_=sr_t_419,2019,51m,,6.2,8K
420. Free Trip to Egypt,https://www.imdb.com/title/tt8973144/?ref_=sr_t_420,2019,1h 38m,Not Rated,8.0,58
421. VHYes,https://www.imdb.com/title/tt10287376/?ref_=sr_t_421,2019,1h 12m,Not Rated,5.9,881
422. High on the Hog,https://www.imdb.com/title/tt2386668/?ref_=sr_t_422,2019,1h 25m,R,3.5,296
423. Who You Think I Am,https://www.imdb.com/title/tt7552686/?ref_=sr_t_423,2019,1h 41m,,6.8,7.9K
424. Saint Frances,https://www.imdb.com/title/tt9016016/?ref_=sr_t_424,2019,1h 41m,,7.1,5.6K
425. 1982,https://www.imdb.com/title/tt7725384/?ref_=sr_t_425,2019,1h 40m,,6.7,1.2K
426. For Sama,https://www.imdb.com/title/tt9617456/?ref_=sr_t_426,2019,1h 40m,TV-PG,8.5,13K
427. Fagara,https://www.imdb.com/title/tt10551420/?ref_=sr_t_427,2019,1h 58m,,6.7,660
428. Immortal Hero,https://www.imdb.com/title/tt10572668/?ref_=sr_t_428,2019,1h 58m,PG,5.8,40
429. Midnight Family,https://www.imdb.com/title/tt6010976/?ref_=sr_t_429,2019,1h 21m,Unrated,7.4,2.1K
"430. Phoenix, Oregon",https://www.imdb.com/title/tt8586088/?ref_=sr_t_430,2019,1h 48m,R,5.5,380
431. Midnight Traveler,https://www.imdb.com/title/tt8923500/?ref_=sr_t_431,2019,1h 28m,,7.6,642
432. Shed of the Dead,https://www.imdb.com/title/tt3602422/?ref_=sr_t_432,2019,1h 22m,R,4.2,2.6K
433. The Quiet One,https://www.imdb.com/title/tt5032364/?ref_=sr_t_433,2019,1h 38m,Unrated,7.2,452
434. The Death of Dick Long,https://www.imdb.com/title/tt9356952/?ref_=sr_t_434,2019,1h 40m,R,6.4,7.8K
435. The Human Factor,https://www.imdb.com/title/tt10890044/?ref_=sr_t_435,2019,1h 46m,PG-13,7.5,414
436. Britt-Marie Was Here,https://www.imdb.com/title/tt8103160/?ref_=sr_t_436,2019,1h 37m,PG,5.5,2.5K
437. Tread,https://www.imdb.com/title/tt5807330/?ref_=sr_t_437,2019,1h 29m,,7.1,3.7K
438. White Snake,https://www.imdb.com/title/tt9288776/?ref_=sr_t_438,2019,1h 39m,Not Rated,7.0,5.7K
439. Love Live! Sunshine!! The School Idol Movie: Over The Rainbow,https://www.imdb.com/title/tt8659948/?ref_=sr_t_439,2019,1h 40m,TV-14,6.7,272
440. Moonlight Sonata: Deafness in Three Movements,https://www.imdb.com/title/tt9135318/?ref_=sr_t_440,2019,1h 30m,Not Rated,7.3,302
441. True History of the Kelly Gang,https://www.imdb.com/title/tt4844140/?ref_=sr_t_441,2019,2h 4m,R,6.0,14K
442. Swallow,https://www.imdb.com/title/tt8372298/?ref_=sr_t_442,2019,1h 34m,R,6.5,30K
443. Redoubt,https://www.imdb.com/title/tt11197874/?ref_=sr_t_443,2019,2h 14m,Unrated,6.7,127
444. 10E,https://www.imdb.com/title/tt10379006/?ref_=sr_t_444,2019,1h 34m,,4.4,139
445. Golden Voices,https://www.imdb.com/title/tt9857480/?ref_=sr_t_445,2019,1h 28m,,7.0,680
446. Memory: The Origins of Alien,https://www.imdb.com/title/tt8974964/?ref_=sr_t_446,2019,1h 35m,Not Rated,6.8,3.7K
447. Max Winslow and the House of Secrets,https://www.imdb.com/title/tt8896632/?ref_=sr_t_447,2019,1h 38m,PG,5.1,2.6K
448. After Parkland,https://www.imdb.com/title/tt9099136/?ref_=sr_t_448,2019,1h 32m,Unrated,6.3,181
449. The Perfect Candidate,https://www.imdb.com/title/tt6971114/?ref_=sr_t_449,2019,1h 44m,,6.7,2.2K
450. Lionel Richie at Glastonbury,https://www.imdb.com/title/tt11062392/?ref_=sr_t_450,2019,1h 40m,,,
451. The Perfect Race,https://www.imdb.com/title/tt6923892/?ref_=sr_t_451,2019,1h 36m,,6.7,245
452. Vault,https://www.imdb.com/title/tt6838918/?ref_=sr_t_452,2019,1h 39m,R,5.5,3K
453. Olympic Dreams,https://www.imdb.com/title/tt8964214/?ref_=sr_t_453,2019,1h 25m,PG-13,5.8,779
454. The Ground Beneath My Feet,https://www.imdb.com/title/tt7902124/?ref_=sr_t_454,2019,1h 48m,Not Rated,6.5,1.4K
455. Buffaloed,https://www.imdb.com/title/tt8647310/?ref_=sr_t_455,2019,1h 35m,Not Rated,6.2,8K
456. Sorry We Missed You,https://www.imdb.com/title/tt8359816/?ref_=sr_t_456,2019,1h 41m,Not Rated,7.6,27K
457. Our Ladies,https://www.imdb.com/title/tt9489598/?ref_=sr_t_457,2019,1h 46m,R,6.7,3K
458. The Day Shall Come,https://www.imdb.com/title/tt7078658/?ref_=sr_t_458,2019,1h 27m,Unrated,5.9,4.3K
459. Zombi Child,https://www.imdb.com/title/tt9056192/?ref_=sr_t_459,2019,1h 43m,Not Rated,5.9,2.7K
460. The Booksellers,https://www.imdb.com/title/tt9355194/?ref_=sr_t_460,2019,1h 39m,,6.9,2.2K
461. Disappearance at Clifton Hill,https://www.imdb.com/title/tt5919756/?ref_=sr_t_461,2019,1h 40m,Unrated,5.4,5.3K
462. The Disappearance of My Mother,https://www.imdb.com/title/tt9358250/?ref_=sr_t_462,2019,1h 34m,,7.1,419
463. Light from Light,https://www.imdb.com/title/tt9358160/?ref_=sr_t_463,2019,1h 23m,Not Rated,5.9,935
464. Moffie,https://www.imdb.com/title/tt10699362/?ref_=sr_t_464,2019,1h 44m,Not Rated,6.8,4.1K
465. Chasing Einstein,https://www.imdb.com/title/tt9799626/?ref_=sr_t_465,2019,1h 22m,,7.1,46
466. Tremors,https://www.imdb.com/title/tt7128732/?ref_=sr_t_466,2019,1h 47m,Unrated,6.6,1.6K
467. Little Joe,https://www.imdb.com/title/tt9204204/?ref_=sr_t_467,2019,1h 45m,Not Rated,5.8,9.6K
468. Piranhas,https://www.imdb.com/title/tt8740778/?ref_=sr_t_468,2019,1h 51m,,6.5,5.5K
469. Premature,https://www.imdb.com/title/tt9133378/?ref_=sr_t_469,2019,1h 30m,Unrated,6.5,986
470. Gully,https://www.imdb.com/title/tt5013984/?ref_=sr_t_470,2019,1h 24m,R,2.8,24K
471. Young Ahmed,https://www.imdb.com/title/tt8359822/?ref_=sr_t_471,2019,1h 25m,,6.6,4.8K
472. The Hole in the Ground,https://www.imdb.com/title/tt6198946/?ref_=sr_t_472,2019,1h 30m,R,5.6,23K
473. The Cordillera of Dreams,https://www.imdb.com/title/tt9567718/?ref_=sr_t_473,2019,1h 24m,,7.2,962
474. Round of Your Life,https://www.imdb.com/title/tt5190578/?ref_=sr_t_474,2019,1h 31m,,4.9,218
475. Light of My Life,https://www.imdb.com/title/tt6063090/?ref_=sr_t_475,2019,1h 59m,R,6.6,16K
476. The Sound of Silence,https://www.imdb.com/title/tt9352926/?ref_=sr_t_476,2019,1h 28m,Unrated,5.7,1.6K
477. Prassthanam,https://www.imdb.com/title/tt8706884/?ref_=sr_t_477,2019,2h 21m,,5.8,1.7K
478. Foster Boy,https://www.imdb.com/title/tt4669974/?ref_=sr_t_478,2019,1h 49m,,6.4,906
479. Armstrong,https://www.imdb.com/title/tt9395794/?ref_=sr_t_479,2019,1h 40m,,7.1,1.1K
480. Scandalous: The True Story of the National Enquirer,https://www.imdb.com/title/tt10844816/?ref_=sr_t_480,2019,1h 37m,Not Rated,6.4,544
481. Midnight Diner,https://www.imdb.com/title/tt10904418/?ref_=sr_t_481,2019,1h 43m,,5.3,253
482. The Jesus Rolls,https://www.imdb.com/title/tt5974030/?ref_=sr_t_482,2019,1h 25m,R,4.4,5.6K
483. Ode to Joy,https://www.imdb.com/title/tt3009772/?ref_=sr_t_483,2019,1h 37m,R,6.4,6.9K
484. Advocate,https://www.imdb.com/title/tt9358246/?ref_=sr_t_484,2019,1h 54m,,7.2,394
485. Straight Up,https://www.imdb.com/title/tt8855960/?ref_=sr_t_485,2019,1h 35m,Not Rated,6.9,3.4K
486. Trinity Seven The Movie 2: Heavens Library & Crimson Lord,https://www.imdb.com/title/tt9826484/?ref_=sr_t_486,2019,1h 3m,R,6.6,388
487. Stuffed,https://www.imdb.com/title/tt9617504/?ref_=sr_t_487,2019,1h 24m,,6.9,186
488. Vitalina Varela,https://www.imdb.com/title/tt8241872/?ref_=sr_t_488,2019,2h 4m,,6.7,2.5K
489. Wrinkles the Clown,https://www.imdb.com/title/tt9097270/?ref_=sr_t_489,2019,1h 18m,Not Rated,4.9,1.7K
490. ZZ Top: That Little Ol' Band from Texas,https://www.imdb.com/title/tt9015306/?ref_=sr_t_490,2019,1h 31m,,7.5,2K
"491. I Was at Home, But...",https://www.imdb.com/title/tt7760890/?ref_=sr_t_491,2019,1h 45m,Not Rated,5.5,1.2K
492. Rapid Response,https://www.imdb.com/title/tt10276114/?ref_=sr_t_492,2019,1h 39m,PG-13,8.2,81
493. Lydia Lunch: The War Is Never Over,https://www.imdb.com/title/tt10367856/?ref_=sr_t_493,2019,1h 15m,,6.8,166
494. The Wild Goose Lake,https://www.imdb.com/title/tt9647768/?ref_=sr_t_494,2019,1h 53m,,6.7,8.1K
495. The Incredible 25th Year of Mitzi Bearclaw,https://www.imdb.com/title/tt7584456/?ref_=sr_t_495,2019,1h 36m,,5.7,83
496. Bricked,https://www.imdb.com/title/tt9073574/?ref_=sr_t_496,2019,1h 32m,,6.7,103
497. Hollywould,https://www.imdb.com/title/tt7979668/?ref_=sr_t_497,2019,1h 30m,,3.7,142
498. State Funeral,https://www.imdb.com/title/tt10203842/?ref_=sr_t_498,2019,2h 15m,,7.2,1.3K
499. Draupadi Unleashed,https://www.imdb.com/title/tt8456568/?ref_=sr_t_499,2019,1h 50m,,4.8,227
"500. Casanova, Last Love",https://www.imdb.com/title/tt9105628/?ref_=sr_t_500,2019,1h 38m,,4.9,629
501. Shooting the Mafia,https://www.imdb.com/title/tt9358256/?ref_=sr_t_501,2019,1h 34m,,6.8,734
502. Vision Portraits,https://www.imdb.com/title/tt9617506/?ref_=sr_t_502,2019,1h 18m,,6.8,87
503. Intuitions,https://www.imdb.com/title/tt6954136/?ref_=sr_t_503,2019,1h 30m,,3.7,285
504. The Last Tree,https://www.imdb.com/title/tt7802246/?ref_=sr_t_504,2019,1h 38m,,6.5,1.3K
505. Guest Artist,https://www.imdb.com/title/tt8650976/?ref_=sr_t_505,2019,1h 14m,Not Rated,5.4,394
506. Foosballers,https://www.imdb.com/title/tt10146728/?ref_=sr_t_506,2019,1h 36m,,7.3,211
507. The Truth,https://www.imdb.com/title/tt8323120/?ref_=sr_t_507,2019,1h 46m,PG,6.5,8.2K
508. The Torch,https://www.imdb.com/title/tt10984588/?ref_=sr_t_508,2019,1h 47m,,7.3,65
509. The Hottest August,https://www.imdb.com/title/tt9761064/?ref_=sr_t_509,2019,1h 34m,,6.4,252
510. Only the Animals,https://www.imdb.com/title/tt10409498/?ref_=sr_t_510,2019,1h 57m,,7.1,8.3K
511. Just One More Kiss,https://www.imdb.com/title/tt9035872/?ref_=sr_t_511,2019,1h 40m,PG-13,5.1,189
512. That Part Feeling - the Universe of Arvo Part,https://www.imdb.com/title/tt5888002/?ref_=sr_t_512,2019,1h 15m,Not Rated,7.2,54
513. Line of Duty,https://www.imdb.com/title/tt3541524/?ref_=sr_t_513,2019,1h 38m,R,5.3,9.5K
514. Inside the Rain,https://www.imdb.com/title/tt11029976/?ref_=sr_t_514,2019,1h 30m,TV-MA,4.6,361
515. The Wave,https://www.imdb.com/title/tt4354756/?ref_=sr_t_515,2019,1h 27m,R,6.1,7K
516. White as Snow,https://www.imdb.com/title/tt8054066/?ref_=sr_t_516,2019,1h 52m,TV-14,5.3,1.6K
517. Dreaming Grand Avenue,https://www.imdb.com/title/tt9059850/?ref_=sr_t_517,2019,1h 39m,,6.1,109
518. The Plagiarists,https://www.imdb.com/title/tt7990992/?ref_=sr_t_518,2019,1h 16m,Not Rated,5.8,252
519. Going Attractions: The Definitive Story of the Movie Palace,https://www.imdb.com/title/tt7248524/?ref_=sr_t_519,2019,1h 24m,,7.5,308
520. Human Capital,https://www.imdb.com/title/tt9185066/?ref_=sr_t_520,2019,1h 38m,,5.7,9.7K
521. Spiral Farm,https://www.imdb.com/title/tt7365040/?ref_=sr_t_521,2019,1h 25m,R,5.3,120
522. To Be of Service,https://www.imdb.com/title/tt10413458/?ref_=sr_t_522,2019,1h 28m,,7.2,122
523. The Golden Glove,https://www.imdb.com/title/tt7670212/?ref_=sr_t_523,2019,1h 55m,Not Rated,6.7,20K
524. The Artist's Wife,https://www.imdb.com/title/tt5806558/?ref_=sr_t_524,2019,1h 34m,R,5.9,360
525. Ghost Master,https://www.imdb.com/title/tt9828254/?ref_=sr_t_525,2019,1h 28m,,5.4,109
526. The Other Lamb,https://www.imdb.com/title/tt7737734/?ref_=sr_t_526,2019,1h 36m,Unrated,5.3,5.8K
527. Evergreen,https://www.imdb.com/title/tt8001194/?ref_=sr_t_527,2019,1h 36m,Not Rated,7.3,89
528. Lie Exposed,https://www.imdb.com/title/tt8262686/?ref_=sr_t_528,2019,1h 33m,Not Rated,4.4,154
529. Love Goes Public,https://www.imdb.com/title/tt10950526/?ref_=sr_t_529,2019,1h 8m,,9.6,15
530. Two of Us,https://www.imdb.com/title/tt9845110/?ref_=sr_t_530,2019,1h 39m,Not Rated,7.2,4K
531. Human Nature,https://www.imdb.com/title/tt9612680/?ref_=sr_t_531,2019,1h 35m,,7.7,1.7K
532. Made in Bangladesh,https://www.imdb.com/title/tt8147262/?ref_=sr_t_532,2019,1h 35m,,6.9,500
533. Zombie Bro,https://www.imdb.com/title/tt5852314/?ref_=sr_t_533,2019,1h 23m,PG-13,3.2,70
534. 100 Acres of Hell,https://www.imdb.com/title/tt2789014/?ref_=sr_t_534,2019,1h 25m,R,3.2,300
535. Body at Brighton Rock,https://www.imdb.com/title/tt7942746/?ref_=sr_t_535,2019,1h 27m,R,4.7,2.9K
536. Cold Blood,https://www.imdb.com/title/tt9082020/?ref_=sr_t_536,2019,1h 31m,TV-PG,4.7,6.8K
537. Victim of Love,https://www.imdb.com/title/tt8202692/?ref_=sr_t_537,2019,1h 35m,,6.1,86
538. Malek,https://www.imdb.com/title/tt7734990/?ref_=sr_t_538,2019,1h 35m,,5.6,79
539. Ballet Blanc,https://www.imdb.com/title/tt8184104/?ref_=sr_t_539,2019,1h 29m,R,4.0,38
540. The Gravedigger,https://www.imdb.com/title/tt10299528/?ref_=sr_t_540,2019,1h 34m,,4.0,64
541. No Ordinary Love,https://www.imdb.com/title/tt9630868/?ref_=sr_t_541,2019,1h 39m,,4.5,150
542. Scales,https://www.imdb.com/title/tt6872846/?ref_=sr_t_542,2019,1h 14m,,5.7,2.3K
543. Babyteeth,https://www.imdb.com/title/tt8399664/?ref_=sr_t_543,2019,1h 58m,MA-17,7.2,20K
544. Bill Traylor: Chasing Ghosts,https://www.imdb.com/title/tt9108510/?ref_=sr_t_544,2019,1h 15m,,7.0,33
545. Labyrinth of Cinema,https://www.imdb.com/title/tt10657812/?ref_=sr_t_545,2019,2h 59m,,6.7,950
546. The Shade Shepherd,https://www.imdb.com/title/tt4887002/?ref_=sr_t_546,2019,1h 40m,Not Rated,4.5,942
547. SGT. Will Gardner,https://www.imdb.com/title/tt1650060/?ref_=sr_t_547,2019,2h 5m,Not Rated,5.9,1.2K
548. Mother of a Day,https://www.imdb.com/title/tt6871338/?ref_=sr_t_548,2019,1h 15m,,5.8,17
549. Crown Vic,https://www.imdb.com/title/tt4558200/?ref_=sr_t_549,2019,1h 50m,R,6.5,8.7K
550. Wallflower,https://www.imdb.com/title/tt6983908/?ref_=sr_t_550,2019,1h 24m,R,5.8,113
