Title,Movie Link,Year,Duration,MPA,Rating,Votes
1. The Lord of the Rings: The Fellowship of the Ring,https://www.imdb.com/title/tt0120737/?ref_=sr_t_1,2001,2h 58m,PG-13,8.9,2.1M
2. Harry Potter and the Sorcerer's Stone,https://www.imdb.com/title/tt0241527/?ref_=sr_t_2,2001,2h 32m,PG,7.7,888K
"3. Monsters, Inc.",https://www.imdb.com/title/tt0198781/?ref_=sr_t_3,2001,1h 32m,G,8.1,1M
4. Shrek,https://www.imdb.com/title/tt0126029/?ref_=sr_t_4,2001,1h 30m,PG,7.9,759K
5. Rush Hour 2,https://www.imdb.com/title/tt0266915/?ref_=sr_t_5,2001,1h 30m,PG-13,6.7,246K
6. The Mummy Returns,https://www.imdb.com/title/tt0209163/?ref_=sr_t_6,2001,2h 10m,PG-13,6.4,354K
7. Pearl Harbor,https://www.imdb.com/title/tt0213149/?ref_=sr_t_7,2001,3h 3m,PG-13,6.2,358K
8. Ocean's Eleven,https://www.imdb.com/title/tt0240772/?ref_=sr_t_8,2001,1h 56m,PG-13,7.7,636K
9. Jurassic Park III,https://www.imdb.com/title/tt0163025/?ref_=sr_t_9,2001,1h 32m,PG-13,5.9,348K
10. Planet of the Apes,https://www.imdb.com/title/tt0133152/?ref_=sr_t_10,2001,2h,PG-13,5.7,237K
11. A Beautiful Mind,https://www.imdb.com/title/tt0268978/?ref_=sr_t_11,2001,2h 15m,PG-13,8.2,1M
12. Hannibal,https://www.imdb.com/title/tt0212985/?ref_=sr_t_12,2001,2h 11m,R,6.8,301K
13. American Pie 2,https://www.imdb.com/title/tt0252866/?ref_=sr_t_13,2001,1h 48m,R,6.4,276K
14. The Fast and the Furious,https://www.imdb.com/title/tt0232500/?ref_=sr_t_14,2001,1h 46m,PG-13,6.8,431K
15. Lara Croft: Tomb Raider,https://www.imdb.com/title/tt0146316/?ref_=sr_t_15,2001,1h 40m,PG-13,5.8,223K
16. Dr. Dolittle 2,https://www.imdb.com/title/tt0240462/?ref_=sr_t_16,2001,1h 27m,PG,4.7,48K
17. Spy Kids,https://www.imdb.com/title/tt0227538/?ref_=sr_t_17,2001,1h 28m,PG,5.6,130K
18. Black Hawk Down,https://www.imdb.com/title/tt0265086/?ref_=sr_t_18,2001,2h 24m,R,7.7,433K
19. The Princess Diaries,https://www.imdb.com/title/tt0247638/?ref_=sr_t_19,2001,1h 55m,G,6.4,170K
20. Vanilla Sky,https://www.imdb.com/title/tt0259711/?ref_=sr_t_20,2001,2h 16m,R,6.9,291K
21. The Others,https://www.imdb.com/title/tt0230600/?ref_=sr_t_21,2001,1h 44m,PG-13,7.6,404K
22. Legally Blonde,https://www.imdb.com/title/tt0250494/?ref_=sr_t_22,2001,1h 36m,PG-13,6.5,260K
23. America's Sweethearts,https://www.imdb.com/title/tt0265029/?ref_=sr_t_23,2001,1h 42m,PG-13,5.7,61K
24. Cats & Dogs,https://www.imdb.com/title/tt0239395/?ref_=sr_t_24,2001,1h 27m,PG,5.2,64K
25. Save the Last Dance,https://www.imdb.com/title/tt0206275/?ref_=sr_t_25,2001,1h 52m,PG-13,6.2,67K
26. Atlantis: The Lost Empire,https://www.imdb.com/title/tt0230011/?ref_=sr_t_26,2001,1h 35m,PG,6.9,139K
27. Jimmy Neutron: Boy Genius,https://www.imdb.com/title/tt0268397/?ref_=sr_t_27,2001,1h 22m,G,6.1,39K
28. A.I. Artificial Intelligence,https://www.imdb.com/title/tt0212720/?ref_=sr_t_28,2001,2h 26m,PG-13,7.2,328K
29. Training Day,https://www.imdb.com/title/tt0139654/?ref_=sr_t_29,2001,2h 2m,R,7.8,488K
30. Along Came a Spider,https://www.imdb.com/title/tt0164334/?ref_=sr_t_30,2001,1h 44m,R,6.4,98K
31. Bridget Jones's Diary,https://www.imdb.com/title/tt0243155/?ref_=sr_t_31,2001,1h 37m,R,6.8,271K
32. Scary Movie 2,https://www.imdb.com/title/tt0257106/?ref_=sr_t_32,2001,1h 23m,R,5.4,180K
33. The Score,https://www.imdb.com/title/tt0227445/?ref_=sr_t_33,2001,2h 4m,R,6.8,136K
34. Shallow Hal,https://www.imdb.com/title/tt0256380/?ref_=sr_t_34,2001,1h 54m,PG-13,6.0,148K
35. Swordfish,https://www.imdb.com/title/tt0244244/?ref_=sr_t_35,2001,1h 39m,R,6.5,199K
36. The Mexican,https://www.imdb.com/title/tt0236493/?ref_=sr_t_36,2001,2h 3m,R,6.1,118K
37. Down to Earth,https://www.imdb.com/title/tt0231775/?ref_=sr_t_37,2001,1h 27m,PG-13,5.4,25K
38. Spy Game,https://www.imdb.com/title/tt0266987/?ref_=sr_t_38,2001,2h 6m,R,7.1,171K
39. The Wedding Planner,https://www.imdb.com/title/tt0209475/?ref_=sr_t_39,2001,1h 43m,PG-13,5.3,89K
40. Behind Enemy Lines,https://www.imdb.com/title/tt0159273/?ref_=sr_t_40,2001,1h 46m,PG-13,6.4,115K
41. Ali,https://www.imdb.com/title/tt0248667/?ref_=sr_t_41,2001,2h 37m,R,6.7,107K
42. The Animal,https://www.imdb.com/title/tt0255798/?ref_=sr_t_42,2001,1h 24m,PG-13,4.8,65K
43. Moulin Rouge!,https://www.imdb.com/title/tt0203009/?ref_=sr_t_43,2001,2h 7m,PG-13,7.6,304K
44. Rat Race,https://www.imdb.com/title/tt0250687/?ref_=sr_t_44,2001,1h 52m,PG-13,6.5,126K
45. A Knight's Tale,https://www.imdb.com/title/tt0183790/?ref_=sr_t_45,2001,2h 12m,PG-13,7.0,207K
46. Don't Say a Word,https://www.imdb.com/title/tt0260866/?ref_=sr_t_46,2001,1h 53m,R,6.3,58K
47. Blow,https://www.imdb.com/title/tt0221027/?ref_=sr_t_47,2001,2h 4m,R,7.5,280K
48. The Royal Tenenbaums,https://www.imdb.com/title/tt0265666/?ref_=sr_t_48,2001,1h 50m,R,7.6,318K
49. Exit Wounds,https://www.imdb.com/title/tt0242445/?ref_=sr_t_49,2001,1h 41m,R,5.6,37K
50. Enemy at the Gates,https://www.imdb.com/title/tt0215750/?ref_=sr_t_50,2001,2h 11m,R,7.5,283K
51. K-PAX,https://www.imdb.com/title/tt0272152/?ref_=sr_t_51,2001,2h,PG-13,7.4,196K
52. Serendipity,https://www.imdb.com/title/tt0240890/?ref_=sr_t_52,2001,1h 30m,PG-13,6.8,125K
53. Kate & Leopold,https://www.imdb.com/title/tt0035423/?ref_=sr_t_53,2001,1h 58m,PG-13,6.4,91K
54. Domestic Disturbance,https://www.imdb.com/title/tt0249478/?ref_=sr_t_54,2001,1h 29m,PG-13,5.6,29K
55. Zoolander,https://www.imdb.com/title/tt0196229/?ref_=sr_t_55,2001,1h 30m,R,6.5,302K
56. The One,https://www.imdb.com/title/tt0267804/?ref_=sr_t_56,2001,1h 27m,PG-13,5.9,97K
57. Thir13en Ghosts,https://www.imdb.com/title/tt0245674/?ref_=sr_t_57,2001,1h 31m,R,5.6,97K
58. Bandits,https://www.imdb.com/title/tt0219965/?ref_=sr_t_58,2001,2h 3m,PG-13,6.5,72K
59. Gosford Park,https://www.imdb.com/title/tt0280707/?ref_=sr_t_59,2001,2h 17m,R,7.2,97K
60. Heartbreakers,https://www.imdb.com/title/tt0125022/?ref_=sr_t_60,2001,2h 3m,PG-13,6.2,59K
61. I Am Sam,https://www.imdb.com/title/tt0277027/?ref_=sr_t_61,2001,2h 12m,PG-13,7.6,157K
62. Hardball,https://www.imdb.com/title/tt0180734/?ref_=sr_t_62,2001,1h 46m,R,6.4,34K
63. Evolution,https://www.imdb.com/title/tt0251075/?ref_=sr_t_63,2001,1h 41m,PG-13,6.1,138K
64. Not Another Teen Movie,https://www.imdb.com/title/tt0277371/?ref_=sr_t_64,2001,1h 29m,R,5.8,119K
65. Jeepers Creepers,https://www.imdb.com/title/tt0263488/?ref_=sr_t_65,2001,1h 30m,R,6.2,148K
66. Kiss of the Dragon,https://www.imdb.com/title/tt0271027/?ref_=sr_t_66,2001,1h 38m,R,6.6,68K
67. Recess: School's Out,https://www.imdb.com/title/tt0265632/?ref_=sr_t_67,2001,1h 22m,G,6.5,12K
68. In the Bedroom,https://www.imdb.com/title/tt0247425/?ref_=sr_t_68,2001,2h 11m,R,7.4,43K
69. Amélie,https://www.imdb.com/title/tt0211915/?ref_=sr_t_69,2001,2h 2m,R,8.3,810K
70. Black Knight,https://www.imdb.com/title/tt0265087/?ref_=sr_t_70,2001,1h 35m,PG-13,4.9,44K
71. See Spot Run,https://www.imdb.com/title/tt0250720/?ref_=sr_t_71,2001,1h 34m,PG,5.4,9.9K
72. Driven,https://www.imdb.com/title/tt0132245/?ref_=sr_t_72,2001,1h 56m,PG-13,4.6,44K
73. What's the Worst That Could Happen?,https://www.imdb.com/title/tt0161083/?ref_=sr_t_73,2001,1h 34m,PG-13,5.5,17K
74. Final Fantasy: The Spirits Within,https://www.imdb.com/title/tt0173840/?ref_=sr_t_74,2001,1h 46m,PG-13,6.4,85K
75. From Hell,https://www.imdb.com/title/tt0120681/?ref_=sr_t_75,2001,2h 2m,R,6.7,167K
76. Monster's Ball,https://www.imdb.com/title/tt0285742/?ref_=sr_t_76,2001,1h 51m,,7.0,96K
77. How High,https://www.imdb.com/title/tt0278488/?ref_=sr_t_77,2001,1h 33m,R,6.2,63K
78. Riding in Cars with Boys,https://www.imdb.com/title/tt0200027/?ref_=sr_t_78,2001,2h 12m,PG-13,6.5,31K
79. Jay and Silent Bob Strike Back,https://www.imdb.com/title/tt0261392/?ref_=sr_t_79,2001,1h 44m,R,6.8,163K
80. Double Take,https://www.imdb.com/title/tt0238948/?ref_=sr_t_80,2001,1h 28m,PG-13,5.4,8.9K
81. Baby Boy,https://www.imdb.com/title/tt0255819/?ref_=sr_t_81,2001,2h 10m,R,6.5,17K
82. The Majestic,https://www.imdb.com/title/tt0268995/?ref_=sr_t_82,2001,2h 32m,PG,6.9,59K
83. The Brothers,https://www.imdb.com/title/tt0250274/?ref_=sr_t_83,2001,1h 46m,R,6.3,5.2K
84. Someone Like You,https://www.imdb.com/title/tt0244970/?ref_=sr_t_84,2001,1h 37m,PG-13,6.1,28K
85. Joe Dirt,https://www.imdb.com/title/tt0245686/?ref_=sr_t_85,2001,1h 31m,PG-13,6.0,62K
86. The Musketeer,https://www.imdb.com/title/tt0246544/?ref_=sr_t_86,2001,1h 44m,PG-13,4.7,15K
87. Crocodile Dundee in Los Angeles,https://www.imdb.com/title/tt0231402/?ref_=sr_t_87,2001,1h 35m,PG,4.8,27K
88. Captain Corelli's Mandolin,https://www.imdb.com/title/tt0238112/?ref_=sr_t_88,2001,2h 11m,R,5.9,36K
89. Sweet November,https://www.imdb.com/title/tt0230838/?ref_=sr_t_89,2001,1h 59m,PG-13,6.7,96K
90. 15 Minutes,https://www.imdb.com/title/tt0179626/?ref_=sr_t_90,2001,2h,R,6.1,52K
91. Hearts in Atlantis,https://www.imdb.com/title/tt0252501/?ref_=sr_t_91,2001,1h 41m,PG-13,6.9,42K
92. Angel Eyes,https://www.imdb.com/title/tt0225071/?ref_=sr_t_92,2001,1h 42m,R,5.7,26K
93. Corky Romano,https://www.imdb.com/title/tt0250310/?ref_=sr_t_93,2001,1h 26m,PG-13,4.7,14K
94. Heist,https://www.imdb.com/title/tt0252503/?ref_=sr_t_94,2001,1h 49m,R,6.5,40K
95. Kingdom Come,https://www.imdb.com/title/tt0246002/?ref_=sr_t_95,2001,1h 34m,PG,5.5,2.5K
96. Joe Somebody,https://www.imdb.com/title/tt0279889/?ref_=sr_t_96,2001,1h 38m,PG,5.5,11K
97. Two Can Play That Game,https://www.imdb.com/title/tt0269341/?ref_=sr_t_97,2001,1h 30m,R,6.1,7.6K
98. Joy Ride,https://www.imdb.com/title/tt0206314/?ref_=sr_t_98,2001,1h 37m,R,6.6,78K
99. Valentine,https://www.imdb.com/title/tt0242998/?ref_=sr_t_99,2001,1h 36m,R,4.9,31K
100. Summer Catch,https://www.imdb.com/title/tt0234829/?ref_=sr_t_100,2001,1h 44m,PG-13,5.1,17K
101. The Pledge,https://www.imdb.com/title/tt0237572/?ref_=sr_t_101,2001,2h 4m,R,6.7,71K
102. Saving Silverman,https://www.imdb.com/title/tt0239948/?ref_=sr_t_102,2001,1h 30m,PG-13,5.9,44K
103. Super Troopers,https://www.imdb.com/title/tt0247745/?ref_=sr_t_103,2001,1h 40m,R,7.0,115K
104. The Last Castle,https://www.imdb.com/title/tt0272020/?ref_=sr_t_104,2001,2h 11m,R,6.9,87K
105. The Glass House,https://www.imdb.com/title/tt0221218/?ref_=sr_t_105,2001,1h 46m,PG-13,5.8,41K
106. Max Keeble's Big Move,https://www.imdb.com/title/tt0273799/?ref_=sr_t_106,2001,1h 26m,PG,5.4,8.9K
107. Rock Star,https://www.imdb.com/title/tt0202470/?ref_=sr_t_107,2001,1h 45m,R,6.3,46K
108. Crazy/Beautiful,https://www.imdb.com/title/tt0250224/?ref_=sr_t_108,2001,1h 39m,PG-13,6.4,26K
109. Original Sin,https://www.imdb.com/title/tt0218922/?ref_=sr_t_109,2001,1h 56m,R,6.0,61K
110. O,https://www.imdb.com/title/tt0184791/?ref_=sr_t_110,2001,1h 35m,R,6.1,22K
111. 3000 Miles to Graceland,https://www.imdb.com/title/tt0233142/?ref_=sr_t_111,2001,2h 5m,R,6.0,50K
112. Life as a House,https://www.imdb.com/title/tt0264796/?ref_=sr_t_112,2001,2h 5m,R,7.4,46K
113. Spirited Away,https://www.imdb.com/title/tt0245429/?ref_=sr_t_113,2001,2h 4m,PG,8.6,888K
114. Josie and the Pussycats,https://www.imdb.com/title/tt0236348/?ref_=sr_t_114,2001,1h 38m,PG-13,5.6,25K
115. Freddy Got Fingered,https://www.imdb.com/title/tt0240515/?ref_=sr_t_115,2001,1h 27m,R,4.7,52K
116. Out Cold,https://www.imdb.com/title/tt0253798/?ref_=sr_t_116,2001,1h 29m,PG-13,6.2,19K
117. Monsoon Wedding,https://www.imdb.com/title/tt0265343/?ref_=sr_t_117,2001,1h 54m,R,7.3,27K
118. Y tu mamá también,https://www.imdb.com/title/tt0245574/?ref_=sr_t_118,2001,1h 46m,,7.7,131K
119. The Tailor of Panama,https://www.imdb.com/title/tt0236784/?ref_=sr_t_119,2001,1h 49m,R,6.1,32K
120. Osmosis Jones,https://www.imdb.com/title/tt0181739/?ref_=sr_t_120,2001,1h 35m,PG,6.3,40K
121. Tomcats,https://www.imdb.com/title/tt0246989/?ref_=sr_t_121,2001,1h 35m,R,5.3,20K
122. American Outlaws,https://www.imdb.com/title/tt0244000/?ref_=sr_t_122,2001,1h 34m,PG-13,5.9,18K
123. Sugar & Spice,https://www.imdb.com/title/tt0186589/?ref_=sr_t_123,2001,1h 21m,PG-13,5.7,16K
124. Jason X,https://www.imdb.com/title/tt0211443/?ref_=sr_t_124,2001,1h 32m,R,4.5,63K
125. Frailty,https://www.imdb.com/title/tt0264616/?ref_=sr_t_125,2001,1h 40m,R,7.2,94K
126. Knockaround Guys,https://www.imdb.com/title/tt0211465/?ref_=sr_t_126,2001,1h 32m,R,6.1,25K
127. Winged Migration,https://www.imdb.com/title/tt0301727/?ref_=sr_t_127,2001,1h 29m,G,7.9,12K
128. Get Over It,https://www.imdb.com/title/tt0192071/?ref_=sr_t_128,2001,1h 27m,PG-13,5.7,20K
129. The Shipping News,https://www.imdb.com/title/tt0120824/?ref_=sr_t_129,2001,1h 51m,R,6.7,34K
130. Antitrust,https://www.imdb.com/title/tt0218817/?ref_=sr_t_130,2001,1h 48m,PG-13,6.1,31K
131. Brotherhood of the Wolf,https://www.imdb.com/title/tt0237534/?ref_=sr_t_131,2001,2h 22m,R,7.0,73K
132. Head Over Heels,https://www.imdb.com/title/tt0192111/?ref_=sr_t_132,2001,1h 26m,PG-13,5.4,16K
133. The Wash,https://www.imdb.com/title/tt0290332/?ref_=sr_t_133,2001,1h 33m,R,4.8,7.8K
134. The Deep End,https://www.imdb.com/title/tt0250323/?ref_=sr_t_134,2001,1h 41m,R,6.5,12K
135. Ghosts of Mars,https://www.imdb.com/title/tt0228333/?ref_=sr_t_135,2001,1h 38m,R,4.9,59K
136. The Curse of the Jade Scorpion,https://www.imdb.com/title/tt0256524/?ref_=sr_t_136,2001,1h 43m,PG-13,6.7,43K
137. The Man Who Wasn't There,https://www.imdb.com/title/tt0243133/?ref_=sr_t_137,2001,1h 56m,R,7.5,117K
138. Bones,https://www.imdb.com/title/tt0166110/?ref_=sr_t_138,2001,1h 36m,R,4.4,8.4K
139. The Forsaken,https://www.imdb.com/title/tt0245120/?ref_=sr_t_139,2001,1h 30m,R,5.3,9.4K
140. Mulholland Drive,https://www.imdb.com/title/tt0166924/?ref_=sr_t_140,2001,2h 27m,R,7.9,394K
141. Kissing Jessica Stein,https://www.imdb.com/title/tt0264761/?ref_=sr_t_141,2001,1h 37m,R,6.5,18K
142. Town & Country,https://www.imdb.com/title/tt0141907/?ref_=sr_t_142,2001,1h 44m,R,4.5,5.3K
143. The Closet,https://www.imdb.com/title/tt0243493/?ref_=sr_t_143,2001,1h 24m,R,7.0,19K
144. One Night at McCool's,https://www.imdb.com/title/tt0203755/?ref_=sr_t_144,2001,1h 33m,R,6.2,32K
145. Impostor,https://www.imdb.com/title/tt0160399/?ref_=sr_t_145,2001,1h 35m,PG-13,6.1,25K
146. Ghost World,https://www.imdb.com/title/tt0162346/?ref_=sr_t_146,2001,1h 51m,R,7.3,129K
147. Nowhere in Africa,https://www.imdb.com/title/tt0161860/?ref_=sr_t_147,2001,2h 21m,R,7.5,14K
148. Megiddo: The Omega Code 2,https://www.imdb.com/title/tt0263728/?ref_=sr_t_148,2001,1h 44m,PG-13,3.9,3K
149. Iris,https://www.imdb.com/title/tt0280778/?ref_=sr_t_149,2001,1h 31m,R,7.0,19K
150. Say It Isn't So,https://www.imdb.com/title/tt0239949/?ref_=sr_t_150,2001,1h 35m,R,5.0,14K
151. Monkeybone,https://www.imdb.com/title/tt0166276/?ref_=sr_t_151,2001,1h 33m,PG-13,4.8,20K
152. Made,https://www.imdb.com/title/tt0227005/?ref_=sr_t_152,2001,1h 35m,R,6.3,20K
153. Formula 51,https://www.imdb.com/title/tt0227984/?ref_=sr_t_153,2001,1h 33m,R,6.3,52K
154. Birthday Girl,https://www.imdb.com/title/tt0188453/?ref_=sr_t_154,2001,1h 33m,R,6.0,27K
155. Bubble Boy,https://www.imdb.com/title/tt0258470/?ref_=sr_t_155,2001,1h 24m,PG-13,5.7,36K
156. Just Visiting,https://www.imdb.com/title/tt0189192/?ref_=sr_t_156,2001,1h 28m,PG-13,5.7,21K
157. The Other Side of Heaven,https://www.imdb.com/title/tt0250371/?ref_=sr_t_157,2001,1h 53m,PG,6.2,4.8K
158. Lantana,https://www.imdb.com/title/tt0259393/?ref_=sr_t_158,2001,2h 1m,R,7.2,20K
159. Tortilla Soup,https://www.imdb.com/title/tt0255653/?ref_=sr_t_159,2001,1h 42m,PG-13,6.7,5.4K
160. On the Line,https://www.imdb.com/title/tt0279286/?ref_=sr_t_160,2001,1h 25m,PG,4.2,4.4K
161. Enigma,https://www.imdb.com/title/tt0157583/?ref_=sr_t_161,2001,1h 59m,R,6.4,22K
162. Glitter,https://www.imdb.com/title/tt0118589/?ref_=sr_t_162,2001,1h 44m,PG-13,2.4,24K
163. Lovely & Amazing,https://www.imdb.com/title/tt0258273/?ref_=sr_t_163,2001,1h 31m,R,6.7,7.9K
164. Mostly Martha,https://www.imdb.com/title/tt0246772/?ref_=sr_t_164,2001,1h 49m,PG,7.2,8.7K
165. The Anniversary Party,https://www.imdb.com/title/tt0254099/?ref_=sr_t_165,2001,1h 55m,R,6.3,8.8K
166. China: The Panda Adventure,https://www.imdb.com/title/tt0255055/?ref_=sr_t_166,2001,48m,,5.7,235
167. Atanarjuat: The Fast Runner,https://www.imdb.com/title/tt0285441/?ref_=sr_t_167,2001,2h 52m,R,7.4,6.9K
168. Les Boys III,https://www.imdb.com/title/tt0186895/?ref_=sr_t_168,2001,2h 4m,,5.7,1.2K
169. Pootie Tang,https://www.imdb.com/title/tt0258038/?ref_=sr_t_169,2001,1h 21m,PG-13,5.3,15K
170. 13 Conversations About One Thing,https://www.imdb.com/title/tt0268690/?ref_=sr_t_170,2001,1h 44m,R,7.0,12K
171. The Cat's Meow,https://www.imdb.com/title/tt0266391/?ref_=sr_t_171,2001,1h 54m,PG-13,6.4,9.2K
172. Soul Survivors,https://www.imdb.com/title/tt0218619/?ref_=sr_t_172,2001,1h 24m,PG-13,3.9,9.8K
173. Hedwig and the Angry Inch,https://www.imdb.com/title/tt0248845/?ref_=sr_t_173,2001,1h 35m,R,7.7,38K
174. Kabhi Khushi Kabhie Gham...,https://www.imdb.com/title/tt0248126/?ref_=sr_t_174,2001,3h 30m,Not Rated,7.4,59K
175. Waking Life,https://www.imdb.com/title/tt0243017/?ref_=sr_t_175,2001,1h 39m,R,7.7,68K
176. Sidewalks of New York,https://www.imdb.com/title/tt0239986/?ref_=sr_t_176,2001,1h 48m,R,6.4,7K
177. Gabriela,https://www.imdb.com/title/tt0189541/?ref_=sr_t_177,2001,1h 33m,R,4.8,1.6K
178. Last Orders,https://www.imdb.com/title/tt0253200/?ref_=sr_t_178,2001,1h 49m,R,6.9,6.9K
179. Escanaba in da Moonlight,https://www.imdb.com/title/tt0180679/?ref_=sr_t_179,2001,1h 31m,PG-13,6.3,2.1K
180. Rivers and Tides,https://www.imdb.com/title/tt0307385/?ref_=sr_t_180,2001,1h 30m,TV-G,7.9,2.5K
181. Novocaine,https://www.imdb.com/title/tt0234354/?ref_=sr_t_181,2001,1h 35m,R,5.8,12K
182. NSync: Bigger Than Live,https://www.imdb.com/title/tt0257953/?ref_=sr_t_182,2001,48m,,4.4,138
183. Carman: The Champion,https://www.imdb.com/title/tt0262462/?ref_=sr_t_183,2001,1h 22m,PG-13,5.3,855
184. Pokemon 4Ever: Celebi - Voice of the Forest,https://www.imdb.com/title/tt0287635/?ref_=sr_t_184,2001,1h 15m,G,5.8,9.6K
185. Late Marriage,https://www.imdb.com/title/tt0287471/?ref_=sr_t_185,2001,1h 42m,Unrated,7.1,3.6K
186. Sex and Lucía,https://www.imdb.com/title/tt0254455/?ref_=sr_t_186,2001,2h 8m,TV-MA,7.0,39K
187. Donnie Darko,https://www.imdb.com/title/tt0246578/?ref_=sr_t_187,2001,1h 53m,R,8.0,871K
188. Read My Lips,https://www.imdb.com/title/tt0274117/?ref_=sr_t_188,2001,1h 55m,R,7.3,17K
189. The Man from Elysian Fields,https://www.imdb.com/title/tt0265307/?ref_=sr_t_189,2001,1h 46m,R,6.6,4.6K
190. Kandahar,https://www.imdb.com/title/tt0283431/?ref_=sr_t_190,2001,1h 21m,Not Rated,6.8,7.1K
191. Dogtown and Z-Boys,https://www.imdb.com/title/tt0275309/?ref_=sr_t_191,2001,1h 31m,PG-13,7.6,14K
192. Startup.com,https://www.imdb.com/title/tt0256408/?ref_=sr_t_192,2001,1h 47m,R,7.1,3.5K
193. Nuit de noces,https://www.imdb.com/title/tt0275560/?ref_=sr_t_193,2001,1h 32m,,6.2,437
194. L.I.E.,https://www.imdb.com/title/tt0242587/?ref_=sr_t_194,2001,1h 37m,Unrated,7.1,11K
195. My Wife Is an Actress,https://www.imdb.com/title/tt0269499/?ref_=sr_t_195,2001,1h 35m,R,6.4,3.8K
196. The Center of the World,https://www.imdb.com/title/tt0240402/?ref_=sr_t_196,2001,1h 28m,Unrated,5.8,5.3K
197. Crush,https://www.imdb.com/title/tt0245407/?ref_=sr_t_197,2001,1h 48m,R,5.7,4K
198. The Last Kiss,https://www.imdb.com/title/tt0265930/?ref_=sr_t_198,2001,1h 55m,R,6.9,8.9K
199. Extremedays,https://www.imdb.com/title/tt0245891/?ref_=sr_t_199,2001,1h 33m,PG,5.7,1.4K
200. The Business of Strangers,https://www.imdb.com/title/tt0270259/?ref_=sr_t_200,2001,1h 24m,R,6.3,3.9K
"201. The Bread, My Sweet",https://www.imdb.com/title/tt0281680/?ref_=sr_t_201,2001,1h 45m,PG-13,6.5,980
202. All Over the Guy,https://www.imdb.com/title/tt0250202/?ref_=sr_t_202,2001,1h 35m,R,6.4,5.1K
203. The Son's Room,https://www.imdb.com/title/tt0208990/?ref_=sr_t_203,2001,1h 39m,R,7.3,22K
204. No Man's Land,https://www.imdb.com/title/tt0283509/?ref_=sr_t_204,2001,1h 38m,R,7.9,49K
205. The Piano Teacher,https://www.imdb.com/title/tt0254686/?ref_=sr_t_205,2001,2h 11m,R,7.5,75K
206. Yaadein...,https://www.imdb.com/title/tt0248617/?ref_=sr_t_206,2001,2h 51m,Not Rated,4.2,3.9K
207. Cowboy Bebop: The Movie,https://www.imdb.com/title/tt0275277/?ref_=sr_t_207,2001,1h 55m,TV-14,7.8,55K
208. All Access: Front Row. Backstage. Live!,https://www.imdb.com/title/tt0238015/?ref_=sr_t_208,2001,,,8.2,101
209. Storytelling,https://www.imdb.com/title/tt0250081/?ref_=sr_t_209,2001,1h 27m,R,6.8,19K
210. Lagaan: Once Upon a Time in India,https://www.imdb.com/title/tt0169102/?ref_=sr_t_210,2001,3h 44m,PG,8.1,123K
211. American Desi,https://www.imdb.com/title/tt0203289/?ref_=sr_t_211,2001,1h 40m,Not Rated,6.6,1.7K
212. Who Knows?,https://www.imdb.com/title/tt0242994/?ref_=sr_t_212,2001,2h 34m,PG-13,6.8,2.5K
213. Brigham City,https://www.imdb.com/title/tt0268200/?ref_=sr_t_213,2001,1h 59m,PG-13,6.7,1.6K
214. An American Rhapsody,https://www.imdb.com/title/tt0221799/?ref_=sr_t_214,2001,1h 46m,PG-13,6.7,4.7K
215. Trembling Before G-d,https://www.imdb.com/title/tt0278102/?ref_=sr_t_215,2001,1h 34m,Not Rated,7.0,953
216. The Devil's Backbone,https://www.imdb.com/title/tt0256009/?ref_=sr_t_216,2001,1h 46m,R,7.4,73K
217. Charlotte Gray,https://www.imdb.com/title/tt0245046/?ref_=sr_t_217,2001,2h 1m,PG-13,6.4,13K
218. Asoka,https://www.imdb.com/title/tt0249371/?ref_=sr_t_218,2001,3h,R,6.4,16K
219. Fat Girl,https://www.imdb.com/title/tt0243255/?ref_=sr_t_219,2001,1h 26m,Not Rated,6.4,13K
220. Metropolis,https://www.imdb.com/title/tt0293416/?ref_=sr_t_220,2001,1h 48m,PG-13,7.2,23K
221. Human Nature,https://www.imdb.com/title/tt0219822/?ref_=sr_t_221,2001,1h 36m,R,6.4,19K
222. The Caveman's Valentine,https://www.imdb.com/title/tt0182000/?ref_=sr_t_222,2001,1h 45m,R,5.8,8.2K
223. The Emperor's New Clothes,https://www.imdb.com/title/tt0282768/?ref_=sr_t_223,2001,1h 47m,PG,6.8,2.8K
224. Focus,https://www.imdb.com/title/tt0246628/?ref_=sr_t_224,2001,1h 46m,PG-13,6.7,3.1K
225. Blow Dry,https://www.imdb.com/title/tt0212380/?ref_=sr_t_225,2001,1h 30m,R,6.2,9.3K
226. Son of the Bride,https://www.imdb.com/title/tt0292542/?ref_=sr_t_226,2001,2h 3m,R,7.8,17K
227. Texas Rangers,https://www.imdb.com/title/tt0193560/?ref_=sr_t_227,2001,1h 30m,PG-13,5.2,6.4K
228. The Holy Land,https://www.imdb.com/title/tt0283387/?ref_=sr_t_228,2001,1h 42m,R,6.4,270
229. Forgive Me Father,https://www.imdb.com/title/tt0245904/?ref_=sr_t_229,2001,2h 18m,R,5.1,101
230. My First Mister,https://www.imdb.com/title/tt0206963/?ref_=sr_t_230,2001,1h 49m,R,7.1,6K
231. The Fluffer,https://www.imdb.com/title/tt0245115/?ref_=sr_t_231,2001,1h 35m,R,5.6,3.1K
232. The Grey Zone,https://www.imdb.com/title/tt0252480/?ref_=sr_t_232,2001,1h 48m,R,7.0,12K
233. Madison,https://www.imdb.com/title/tt0206113/?ref_=sr_t_233,2001,1h 39m,PG,6.3,1.6K
234. Karmina 2,https://www.imdb.com/title/tt0267633/?ref_=sr_t_234,2001,1h 37m,,5.5,358
235. Tape,https://www.imdb.com/title/tt0275719/?ref_=sr_t_235,2001,1h 26m,R,7.2,21K
236. Shaolin Soccer,https://www.imdb.com/title/tt0286112/?ref_=sr_t_236,2001,1h 27m,PG-13,7.3,92K
237. Bully,https://www.imdb.com/title/tt0242193/?ref_=sr_t_237,2001,1h 48m,TV-MA,6.9,41K
238. The Affair of the Necklace,https://www.imdb.com/title/tt0242252/?ref_=sr_t_238,2001,1h 58m,R,6.0,5.7K
239. Rain,https://www.imdb.com/title/tt0287645/?ref_=sr_t_239,2001,1h 32m,TV-MA,6.9,1.7K
240. The Legend of Suriyothai,https://www.imdb.com/title/tt0290879/?ref_=sr_t_240,2001,2h 22m,R,6.4,2K
241. Time Out,https://www.imdb.com/title/tt0279065/?ref_=sr_t_241,2001,2h 14m,PG-13,7.3,5.1K
242. The Triumph of Love,https://www.imdb.com/title/tt0253840/?ref_=sr_t_242,2001,1h 52m,PG-13,5.8,1.6K
243. Porn Star: The Legend of Ron Jeremy,https://www.imdb.com/title/tt0282856/?ref_=sr_t_243,2001,1h 17m,R,6.4,2.7K
244. The Believer,https://www.imdb.com/title/tt0247199/?ref_=sr_t_244,2001,1h 38m,R,7.1,42K
245. CQ,https://www.imdb.com/title/tt0254199/?ref_=sr_t_245,2001,1h 28m,R,6.2,5.1K
246. Little Secrets,https://www.imdb.com/title/tt0296845/?ref_=sr_t_246,2001,1h 36m,PG,6.4,3.5K
247. Intimacy,https://www.imdb.com/title/tt0256103/?ref_=sr_t_247,2001,1h 59m,Unrated,6.0,13K
248. The Mystic Masseur,https://www.imdb.com/title/tt0282771/?ref_=sr_t_248,2001,1h 57m,PG,5.8,478
"249. Scotland, Pa.",https://www.imdb.com/title/tt0265713/?ref_=sr_t_249,2001,1h 44m,R,6.6,4.9K
250. Session 9,https://www.imdb.com/title/tt0261983/?ref_=sr_t_250,2001,1h 37m,R,6.4,64K
251. Lajja,https://www.imdb.com/title/tt0293342/?ref_=sr_t_251,2001,3h 22m,Not Rated,6.6,3K
252. Buffalo Soldiers,https://www.imdb.com/title/tt0252299/?ref_=sr_t_252,2001,1h 38m,R,6.7,26K
253. American Adobo,https://www.imdb.com/title/tt0294289/?ref_=sr_t_253,2001,1h 44m,R,4.8,204
254. Wooly Boys,https://www.imdb.com/title/tt0268040/?ref_=sr_t_254,2001,1h 39m,PG,6.1,746
255. The Lady and the Duke,https://www.imdb.com/title/tt0239234/?ref_=sr_t_255,2001,2h 9m,PG-13,6.8,2.9K
256. Lawless Heart,https://www.imdb.com/title/tt0276276/?ref_=sr_t_256,2001,1h 40m,R,6.6,1.5K
257. The Safety of Objects,https://www.imdb.com/title/tt0256359/?ref_=sr_t_257,2001,2h 1m,R,6.5,4.4K
258. Bride of the Wind,https://www.imdb.com/title/tt0212827/?ref_=sr_t_258,2001,1h 39m,R,5.7,726
259. Elling,https://www.imdb.com/title/tt0279064/?ref_=sr_t_259,2001,1h 29m,R,7.5,16K
260. Never Again,https://www.imdb.com/title/tt0244094/?ref_=sr_t_260,2001,1h 38m,R,6.2,981
261. Intacto,https://www.imdb.com/title/tt0220580/?ref_=sr_t_261,2001,1h 48m,R,6.8,14K
262. Lost and Delirious,https://www.imdb.com/title/tt0245238/?ref_=sr_t_262,2001,1h 43m,R,6.8,23K
263. Me Without You,https://www.imdb.com/title/tt0263725/?ref_=sr_t_263,2001,1h 47m,R,6.7,4.9K
264. Festival in Cannes,https://www.imdb.com/title/tt0273607/?ref_=sr_t_264,2001,1h 40m,PG-13,6.0,649
265. Wet Hot American Summer,https://www.imdb.com/title/tt0243655/?ref_=sr_t_265,2001,1h 37m,R,6.5,62K
266. Scratch,https://www.imdb.com/title/tt0143861/?ref_=sr_t_266,2001,1h 32m,R,7.8,2.9K
267. Green Dragon,https://www.imdb.com/title/tt0229002/?ref_=sr_t_267,2001,1h 55m,PG-13,6.1,1.3K
268. Mad Love,https://www.imdb.com/title/tt0270480/?ref_=sr_t_268,2001,1h 55m,R,6.5,4.1K
269. Christmas in the Clouds,https://www.imdb.com/title/tt0221074/?ref_=sr_t_269,2001,1h 36m,PG,6.4,907
270. Piñero,https://www.imdb.com/title/tt0261066/?ref_=sr_t_270,2001,1h 43m,R,6.2,1.4K
271. Miss Minoes,https://www.imdb.com/title/tt0279231/?ref_=sr_t_271,2001,1h 26m,PG,6.9,5.6K
272. Life and Debt,https://www.imdb.com/title/tt0284262/?ref_=sr_t_272,2001,1h 20m,Not Rated,7.4,1K
273. Millennium Actress,https://www.imdb.com/title/tt0291350/?ref_=sr_t_273,2001,1h 27m,PG,7.8,34K
274. Dark Blue World,https://www.imdb.com/title/tt0244479/?ref_=sr_t_274,2001,1h 52m,R,7.1,6.2K
275. Who Is Cletis Tout?,https://www.imdb.com/title/tt0246500/?ref_=sr_t_275,2001,1h 32m,R,6.3,5.1K
276. In Praise of Love,https://www.imdb.com/title/tt0181912/?ref_=sr_t_276,2001,1h 37m,PG,6.2,3.1K
277. Promises,https://www.imdb.com/title/tt0282864/?ref_=sr_t_277,2001,1h 46m,,8.3,2.7K
"278. Ram Dass, Fierce Grace",https://www.imdb.com/title/tt0310951/?ref_=sr_t_278,2001,1h 33m,Not Rated,7.5,492
279. Circuit,https://www.imdb.com/title/tt0218107/?ref_=sr_t_279,2001,2h 10m,,5.6,1.2K
280. High Heels and Low Lifes,https://www.imdb.com/title/tt0253126/?ref_=sr_t_280,2001,1h 26m,R,6.1,3.7K
281. The Ignorant Fairies,https://www.imdb.com/title/tt0274497/?ref_=sr_t_281,2001,1h 46m,R,7.3,10K
282. Alias Betty,https://www.imdb.com/title/tt0269329/?ref_=sr_t_282,2001,1h 43m,,6.8,1.7K
283. Chaos,https://www.imdb.com/title/tt0265116/?ref_=sr_t_283,2001,1h 49m,,7.0,2.5K
284. The Château,https://www.imdb.com/title/tt0283288/?ref_=sr_t_284,2001,1h 31m,R,5.3,876
285. What Time Is It There?,https://www.imdb.com/title/tt0269746/?ref_=sr_t_285,2001,1h 56m,Not Rated,7.3,5.4K
286. Series 7: The Contenders,https://www.imdb.com/title/tt0251031/?ref_=sr_t_286,2001,1h 26m,R,6.5,6.7K
287. Taking Sides,https://www.imdb.com/title/tt0260414/?ref_=sr_t_287,2001,1h 48m,Not Rated,7.1,4K
288. Yamakasi,https://www.imdb.com/title/tt0267129/?ref_=sr_t_288,2001,1h 30m,,6.1,13K
289. The Hidden Fortress,https://www.imdb.com/title/tt0261697/?ref_=sr_t_289,2001,1h 35m,,5.8,346
290. The Girl from Paris,https://www.imdb.com/title/tt0240149/?ref_=sr_t_290,2001,1h 43m,,6.6,2.5K
291. Chop Suey,https://www.imdb.com/title/tt0276860/?ref_=sr_t_291,2001,1h 38m,Not Rated,6.6,295
292. Go Tigers!,https://www.imdb.com/title/tt0270971/?ref_=sr_t_292,2001,1h 43m,R,7.2,841
293. Bartleby,https://www.imdb.com/title/tt0230025/?ref_=sr_t_293,2001,1h 23m,PG-13,6.4,2.3K
294. How I Killed My Father,https://www.imdb.com/title/tt0268219/?ref_=sr_t_294,2001,1h 38m,,6.9,1.1K
295. The Experiment,https://www.imdb.com/title/tt0250258/?ref_=sr_t_295,2001,2h,R,7.7,97K
296. The Lost Skeleton of Cadavra,https://www.imdb.com/title/tt0307109/?ref_=sr_t_296,2001,1h 30m,PG,6.8,5.2K
297. I'm Going Home,https://www.imdb.com/title/tt0283422/?ref_=sr_t_297,2001,1h 30m,Not Rated,6.8,1.9K
298. Pauline & Paulette,https://www.imdb.com/title/tt0256259/?ref_=sr_t_298,2001,1h 18m,PG,7.0,1.8K
299. American Chai,https://www.imdb.com/title/tt0264355/?ref_=sr_t_299,2001,1h 32m,R,6.3,330
300. Friends and Family,https://www.imdb.com/title/tt0206762/?ref_=sr_t_300,2001,1h 27m,Not Rated,6.3,1.5K
301. Russian Doll,https://www.imdb.com/title/tt0215139/?ref_=sr_t_301,2001,1h 30m,R,6.1,498
302. Baran,https://www.imdb.com/title/tt0233841/?ref_=sr_t_302,2001,1h 34m,PG,7.8,9.1K
303. Fidel,https://www.imdb.com/title/tt0292508/?ref_=sr_t_303,2001,1h 31m,Not Rated,7.5,566
304. Amy's Orgasm,https://www.imdb.com/title/tt0280424/?ref_=sr_t_304,2001,1h 27m,R,5.3,1.9K
305. Home Movie,https://www.imdb.com/title/tt0275408/?ref_=sr_t_305,2001,1h 6m,TV-14,7.1,773
306. Lan Yu,https://www.imdb.com/title/tt0292066/?ref_=sr_t_306,2001,1h 26m,R,7.2,3.2K
307. Secret Ballot,https://www.imdb.com/title/tt0290823/?ref_=sr_t_307,2001,2h 3m,G,6.7,1.3K
308. Big Bad Love,https://www.imdb.com/title/tt0260746/?ref_=sr_t_308,2001,1h 51m,R,5.9,735
309. World Traveler,https://www.imdb.com/title/tt0262911/?ref_=sr_t_309,2001,1h 43m,R,5.3,1.3K
310. 30 Years to Life,https://www.imdb.com/title/tt0273048/?ref_=sr_t_310,2001,1h 50m,R,5.9,302
311. The Trumpet of the Swan,https://www.imdb.com/title/tt0206367/?ref_=sr_t_311,2001,1h 15m,G,5.0,1.3K
312. Wasabi,https://www.imdb.com/title/tt0281364/?ref_=sr_t_312,2001,1h 34m,R,6.6,44K
313. Babí léto,https://www.imdb.com/title/tt0286476/?ref_=sr_t_313,2001,1h 40m,PG-13,7.4,1.9K
314. Mean Machine,https://www.imdb.com/title/tt0291341/?ref_=sr_t_314,2001,1h 39m,R,6.4,42K
315. Haiku Tunnel,https://www.imdb.com/title/tt0273253/?ref_=sr_t_315,2001,1h 28m,R,6.1,1.4K
316. The Bank,https://www.imdb.com/title/tt0241223/?ref_=sr_t_316,2001,1h 44m,Not Rated,6.5,3.1K
317. Jodi No. 1,https://www.imdb.com/title/tt0278522/?ref_=sr_t_317,2001,3h,Not Rated,5.8,2.8K
318. Invincible,https://www.imdb.com/title/tt0245171/?ref_=sr_t_318,2001,2h 13m,PG-13,6.4,4.6K
319. No News from God,https://www.imdb.com/title/tt0284491/?ref_=sr_t_319,2001,1h 52m,R,6.3,5.8K
320. The Invisible Circus,https://www.imdb.com/title/tt0178642/?ref_=sr_t_320,2001,1h 33m,R,5.5,3.2K
321. The Princess Blade,https://www.imdb.com/title/tt0310149/?ref_=sr_t_321,2001,1h 33m,R,5.6,3.1K
322. God Is Great and I'm Not,https://www.imdb.com/title/tt0287986/?ref_=sr_t_322,2001,1h 35m,Not Rated,5.2,2.5K
323. Cet amour-là,https://www.imdb.com/title/tt0277622/?ref_=sr_t_323,2001,1h 40m,Unrated,6.2,375
324. The Seagull's Laughter,https://www.imdb.com/title/tt0281176/?ref_=sr_t_324,2001,1h 42m,Unrated,6.7,701
325. Herman U.S.A.,https://www.imdb.com/title/tt0174732/?ref_=sr_t_325,2001,1h 29m,PG-13,6.1,161
326. Warm Water Under a Red Bridge,https://www.imdb.com/title/tt0289054/?ref_=sr_t_326,2001,1h 59m,,6.7,2.9K
327. Snipes,https://www.imdb.com/title/tt0275688/?ref_=sr_t_327,2001,1h 53m,R,5.3,488
328. Manic,https://www.imdb.com/title/tt0252684/?ref_=sr_t_328,2001,1h 40m,R,7.1,10K
329. Tosca,https://www.imdb.com/title/tt0240122/?ref_=sr_t_329,2001,2h 6m,Not Rated,7.4,463
330. Beijing Bicycle,https://www.imdb.com/title/tt0276501/?ref_=sr_t_330,2001,1h 53m,PG-13,7.2,4.8K
331. Spooky House,https://www.imdb.com/title/tt0160905/?ref_=sr_t_331,2001,1h 46m,PG,5.1,676
332. An Adolescent,https://www.imdb.com/title/tt0304704/?ref_=sr_t_332,2001,2h 12m,R,6.4,551
333. Her Majesty,https://www.imdb.com/title/tt0298359/?ref_=sr_t_333,2001,1h 47m,PG,6.9,481
334. No Such Thing,https://www.imdb.com/title/tt0248190/?ref_=sr_t_334,2001,1h 42m,R,6.0,4.5K
335. War Photographer,https://www.imdb.com/title/tt0309061/?ref_=sr_t_335,2001,1h 36m,,7.9,4.4K
336. Chelsea Walls,https://www.imdb.com/title/tt0226935/?ref_=sr_t_336,2001,1h 49m,R,4.9,2.2K
337. Down and Out with the Dolls,https://www.imdb.com/title/tt0283323/?ref_=sr_t_337,2001,1h 28m,R,5.9,222
338. Kuch Khatti Kuch Meethi,https://www.imdb.com/title/tt0271604/?ref_=sr_t_338,2001,2h,,4.7,736
339. Harvard Man,https://www.imdb.com/title/tt0242508/?ref_=sr_t_339,2001,1h 39m,R,4.8,4.6K
340. Nijinsky: The Diaries of Vaslav Nijinsky,https://www.imdb.com/title/tt0295480/?ref_=sr_t_340,2001,1h 35m,,6.4,180
341. Lucky Break,https://www.imdb.com/title/tt0246134/?ref_=sr_t_341,2001,1h 48m,PG-13,6.2,2.3K
342. Pulse,https://www.imdb.com/title/tt0286751/?ref_=sr_t_342,2001,1h 59m,R,6.5,28K
343. The Warrior,https://www.imdb.com/title/tt0295682/?ref_=sr_t_343,2001,1h 26m,R,6.6,2.8K
344. A Family Affair,https://www.imdb.com/title/tt0288520/?ref_=sr_t_344,2001,1h 47m,,5.1,329
345. Zus & Zo,https://www.imdb.com/title/tt0245157/?ref_=sr_t_345,2001,1h 46m,Unrated,6.1,1.7K
346. Etoiles: Dancers of the Paris Opera Ballet,https://www.imdb.com/title/tt0260713/?ref_=sr_t_346,2001,1h 40m,Not Rated,7.3,182
347. Very Annie Mary,https://www.imdb.com/title/tt0188128/?ref_=sr_t_347,2001,1h 44m,,6.6,1.4K
348. The Tunnel,https://www.imdb.com/title/tt0251447/?ref_=sr_t_348,2001,2h 30m,,7.7,6.5K
349. Love the Hard Way,https://www.imdb.com/title/tt0263671/?ref_=sr_t_349,2001,1h 44m,R,6.3,2.6K
"350. February 15, 1839",https://www.imdb.com/title/tt0237994/?ref_=sr_t_350,2001,2h,,7.2,862
"351. Sobibór, October 14, 1943, 4 p.m.",https://www.imdb.com/title/tt0286978/?ref_=sr_t_351,2001,1h 35m,Not Rated,7.4,621
352. Pavilion of Women,https://www.imdb.com/title/tt0244709/?ref_=sr_t_352,2001,1h 56m,R,5.8,1.1K
353. The Body,https://www.imdb.com/title/tt0201485/?ref_=sr_t_353,2001,1h 49m,PG-13,5.3,9.6K
354. Le cas Pinochet,https://www.imdb.com/title/tt0294431/?ref_=sr_t_354,2001,1h 50m,Not Rated,7.3,354
355. What to Do in Case of Fire,https://www.imdb.com/title/tt0207198/?ref_=sr_t_355,2001,1h 41m,R,6.7,3.8K
356. Jump Tomorrow,https://www.imdb.com/title/tt0273300/?ref_=sr_t_356,2001,1h 37m,PG,7.1,1.5K
357. Ayurveda: Art of Being,https://www.imdb.com/title/tt0221809/?ref_=sr_t_357,2001,1h 42m,Not Rated,7.5,469
358. Under the Skin of the City,https://www.imdb.com/title/tt0250125/?ref_=sr_t_358,2001,1h 32m,,7.3,1.7K
359. Hotel,https://www.imdb.com/title/tt0278487/?ref_=sr_t_359,2001,1h 33m,R,4.1,2.2K
360. Gypsy 83,https://www.imdb.com/title/tt0251110/?ref_=sr_t_360,2001,1h 34m,R,6.8,1.8K
361. Teddy Bears' Picnic,https://www.imdb.com/title/tt0250282/?ref_=sr_t_361,2001,1h 20m,R,4.0,470
362. A Song for Martin,https://www.imdb.com/title/tt0257215/?ref_=sr_t_362,2001,1h 57m,PG-13,6.9,1.2K
363. Beyond Vanilla,https://www.imdb.com/title/tt0271395/?ref_=sr_t_363,2001,1h 32m,,5.3,161
364. Everybody Says I'm Fine!,https://www.imdb.com/title/tt0296621/?ref_=sr_t_364,2001,1h 43m,Unrated,5.9,352
365. All About Lily Chou-Chou,https://www.imdb.com/title/tt0297721/?ref_=sr_t_365,2001,2h 26m,Unrated,7.5,12K
366. Shadow Glories,https://www.imdb.com/title/tt0282965/?ref_=sr_t_366,2001,1h 49m,R,5.1,120
367. Liars Club,https://www.imdb.com/title/tt0258127/?ref_=sr_t_367,2001,1h 39m,R,6.7,76
368. All the Queen's Men,https://www.imdb.com/title/tt0252223/?ref_=sr_t_368,2001,1h 39m,PG-13,4.8,2.7K
369. Fulltime Killer,https://www.imdb.com/title/tt0286635/?ref_=sr_t_369,2001,1h 42m,R,6.8,6.9K
370. Almost Salinas,https://www.imdb.com/title/tt0252225/?ref_=sr_t_370,2001,1h 32m,PG,6.3,313
371. Hush!,https://www.imdb.com/title/tt0290662/?ref_=sr_t_371,2001,2h 15m,,6.8,774
372. Ichi the Killer,https://www.imdb.com/title/tt0296042/?ref_=sr_t_372,2001,2h 9m,,6.9,61K
373. Behind the Sun,https://www.imdb.com/title/tt0291003/?ref_=sr_t_373,2001,1h 45m,PG-13,7.6,7.5K
374. Zuotian,https://www.imdb.com/title/tt0298238/?ref_=sr_t_374,2001,1h 52m,R,7.1,813
375. Hell House,https://www.imdb.com/title/tt0301235/?ref_=sr_t_375,2001,1h 25m,Not Rated,6.8,1.7K
376. Night at the Golden Eagle,https://www.imdb.com/title/tt0250617/?ref_=sr_t_376,2001,1h 27m,R,5.7,2.6K
377. Transfixed,https://www.imdb.com/title/tt0284573/?ref_=sr_t_377,2001,1h 45m,,5.6,403
378. Onmyoji: The Yin Yang Master,https://www.imdb.com/title/tt0355857/?ref_=sr_t_378,2001,1h 52m,R,6.2,1.6K
379. Pipe Dream,https://www.imdb.com/title/tt0164810/?ref_=sr_t_379,2001,1h 31m,R,6.0,1.1K
380. Millennium Mambo,https://www.imdb.com/title/tt0283283/?ref_=sr_t_380,2001,1h 59m,R,7.0,7.3K
381. The Next Big Thing,https://www.imdb.com/title/tt0245317/?ref_=sr_t_381,2001,1h 27m,R,5.8,263
382. The Settlers,https://www.imdb.com/title/tt0363058/?ref_=sr_t_382,2001,1h 51m,,5.8,13
383. Dog Days,https://www.imdb.com/title/tt0290661/?ref_=sr_t_383,2001,2h 1m,R,7.0,6.7K
384. Children Underground,https://www.imdb.com/title/tt0264476/?ref_=sr_t_384,2001,1h 44m,Not Rated,8.2,2.5K
385. Lansdown,https://www.imdb.com/title/tt0255312/?ref_=sr_t_385,2001,1h 20m,Not Rated,4.0,138
386. Smokers Only,https://www.imdb.com/title/tt0303396/?ref_=sr_t_386,2001,1h 31m,R,5.0,265
387. Gasoline,https://www.imdb.com/title/tt0302309/?ref_=sr_t_387,2001,1h 30m,Not Rated,5.2,408
388. Revolution #9,https://www.imdb.com/title/tt0253586/?ref_=sr_t_388,2001,1h 30m,,6.7,374
389. Take Care of My Cat,https://www.imdb.com/title/tt0296658/?ref_=sr_t_389,2001,1h 52m,,7.1,2.7K
390. Je chanterai pour toi,https://www.imdb.com/title/tt0326988/?ref_=sr_t_390,2001,1h 16m,Unrated,7.3,93
391. Acts of Worship,https://www.imdb.com/title/tt0275182/?ref_=sr_t_391,2001,1h 34m,R,6.1,320
392. Trouble Every Day,https://www.imdb.com/title/tt0204700/?ref_=sr_t_392,2001,1h 41m,Not Rated,5.9,9.8K
393. ABC Africa,https://www.imdb.com/title/tt0281534/?ref_=sr_t_393,2001,1h 23m,Unrated,6.8,887
394. Missing Young Woman,https://www.imdb.com/title/tt0303392/?ref_=sr_t_394,2001,1h 14m,,7.1,169
395. The Rising Place,https://www.imdb.com/title/tt0201020/?ref_=sr_t_395,2001,1h 33m,PG-13,6.3,214
396. Suspended Animation,https://www.imdb.com/title/tt0271809/?ref_=sr_t_396,2001,1h 54m,Not Rated,5.3,549
397. Im Spiegel der Maya Deren,https://www.imdb.com/title/tt0284203/?ref_=sr_t_397,2001,1h 43m,Not Rated,7.3,446
398. No Turning Back,https://www.imdb.com/title/tt0253335/?ref_=sr_t_398,2001,1h 38m,R,5.8,338
399. Pursuit of Happiness,https://www.imdb.com/title/tt0243508/?ref_=sr_t_399,2001,1h 33m,Not Rated,5.8,472
400. Gaudi Afternoon,https://www.imdb.com/title/tt0235412/?ref_=sr_t_400,2001,1h 37m,R,5.9,1.2K
401. Kira's Reason: A Love Story,https://www.imdb.com/title/tt0285280/?ref_=sr_t_401,2001,1h 33m,Not Rated,6.8,1K
"402. Sia, the Dream of the Python",https://www.imdb.com/title/tt0290858/?ref_=sr_t_402,2001,1h 36m,Not Rated,6.7,162
403. My Kingdom,https://www.imdb.com/title/tt0273851/?ref_=sr_t_403,2001,1h 57m,Unrated,5.9,678
404. Hera Purple,https://www.imdb.com/title/tt0298361/?ref_=sr_t_404,2001,1h 33m,,4.3,115
405. The Painting,https://www.imdb.com/title/tt0266824/?ref_=sr_t_405,2001,1h 37m,PG-13,5.8,327
406. Ordinary Sinner,https://www.imdb.com/title/tt0259054/?ref_=sr_t_406,2001,1h 31m,,5.3,243
407. Kriegerin des Lichts,https://www.imdb.com/title/tt0311412/?ref_=sr_t_407,2001,1h 31m,,8.0,41
408. Cockfight,https://www.imdb.com/title/tt0379739/?ref_=sr_t_408,2001,45m,R,6.2,35
409. Revolution OS,https://www.imdb.com/title/tt0308808/?ref_=sr_t_409,2001,1h 25m,Not Rated,7.2,2.7K
410. Looking Through Lillian,https://www.imdb.com/title/tt0285681/?ref_=sr_t_410,2001,1h 38m,Unrated,5.1,388
411. The Navigators,https://www.imdb.com/title/tt0279977/?ref_=sr_t_411,2001,1h 36m,R,7.0,3.2K
412. L'autre monde,https://www.imdb.com/title/tt0295179/?ref_=sr_t_412,2001,1h 35m,,5.8,73
413. The Optimists,https://www.imdb.com/title/tt0277203/?ref_=sr_t_413,2001,1h 23m,,8.4,81
414. Virgil Bliss,https://www.imdb.com/title/tt0276607/?ref_=sr_t_414,2001,1h 33m,Not Rated,6.9,262
415. Dischord,https://www.imdb.com/title/tt0191177/?ref_=sr_t_415,2001,1h 42m,Not Rated,5.2,95
416. Stripped,https://www.imdb.com/title/tt0281233/?ref_=sr_t_416,2001,1h 14m,,4.9,152
417. Some Body,https://www.imdb.com/title/tt0274868/?ref_=sr_t_417,2001,1h 17m,,6.2,99
418. By Hook or by Crook,https://www.imdb.com/title/tt0290498/?ref_=sr_t_418,2001,1h 38m,Not Rated,5.7,351
419. The Road to Love,https://www.imdb.com/title/tt0304790/?ref_=sr_t_419,2001,1h 10m,Not Rated,6.5,403
420. Blackwoods,https://www.imdb.com/title/tt0279695/?ref_=sr_t_420,2001,1h 32m,R,3.2,2.3K
421. Besotted,https://www.imdb.com/title/tt0220331/?ref_=sr_t_421,2001,1h 32m,,5.5,29
422. The Jimmy Show,https://www.imdb.com/title/tt0271020/?ref_=sr_t_422,2001,1h 36m,R,5.2,634
423. A House on a Hill,https://www.imdb.com/title/tt0332129/?ref_=sr_t_423,2001,1h 29m,,5.9,90
424. 'R Xmas,https://www.imdb.com/title/tt0217978/?ref_=sr_t_424,2001,1h 25m,R,5.7,1.7K
425. Big Shot's Funeral,https://www.imdb.com/title/tt0287934/?ref_=sr_t_425,2001,1h 47m,PG,6.7,2.5K
426. Sorority Girls' Revenge,https://www.imdb.com/title/tt0295715/?ref_=sr_t_426,2001,1h 30m,R,3.8,130
427. The Hole,https://www.imdb.com/title/tt0242527/?ref_=sr_t_427,2001,1h 42m,R,6.2,49K
428. Christmas Carol: The Movie,https://www.imdb.com/title/tt0259929/?ref_=sr_t_428,2001,1h 17m,Not Rated,5.4,2.3K
429. Replay,https://www.imdb.com/title/tt0253612/?ref_=sr_t_429,2001,1h 36m,Unrated,6.0,1.3K
430. Don's Plum,https://www.imdb.com/title/tt0119004/?ref_=sr_t_430,2001,1h 29m,Not Rated,5.5,4.9K
431. My Sassy Girl,https://www.imdb.com/title/tt0293715/?ref_=sr_t_431,2001,2h 17m,Not Rated,7.9,51K
432. Visitor Q,https://www.imdb.com/title/tt0290329/?ref_=sr_t_432,2001,1h 24m,R,6.5,17K
433. Dagon,https://www.imdb.com/title/tt0264508/?ref_=sr_t_433,2001,1h 38m,R,6.2,22K
434. Prozac Nation,https://www.imdb.com/title/tt0236640/?ref_=sr_t_434,2001,1h 35m,R,6.2,19K
435. Bad Guy,https://www.imdb.com/title/tt0307213/?ref_=sr_t_435,2001,1h 40m,Not Rated,6.6,11K
436. Poison,https://www.imdb.com/title/tt0234890/?ref_=sr_t_436,2001,1h 32m,R,4.5,994
437. Brief Crossing,https://www.imdb.com/title/tt0299594/?ref_=sr_t_437,2001,1h 24m,Unrated,6.7,2.1K
438. Dil Chahta Hai,https://www.imdb.com/title/tt0292490/?ref_=sr_t_438,2001,3h 3m,Not Rated,8.1,77K
439. Tart,https://www.imdb.com/title/tt0203975/?ref_=sr_t_439,2001,1h 34m,R,4.7,3.6K
440. Zubeidaa,https://www.imdb.com/title/tt0255713/?ref_=sr_t_440,2001,2h 33m,Unrated,6.6,1.7K
441. Manitou's Shoe,https://www.imdb.com/title/tt0248408/?ref_=sr_t_441,2001,1h 27m,,6.7,21K
442. As Far as My Feet Will Carry Me,https://www.imdb.com/title/tt0277327/?ref_=sr_t_442,2001,2h 38m,TV-G,7.3,8.3K
443. Mockingbird Don't Sing,https://www.imdb.com/title/tt0273822/?ref_=sr_t_443,2001,1h 38m,Not Rated,6.4,2.4K
444. Suicide Club,https://www.imdb.com/title/tt0312843/?ref_=sr_t_444,2001,1h 39m,R,6.5,23K
445. The Pornographer,https://www.imdb.com/title/tt0262699/?ref_=sr_t_445,2001,1h 48m,Unrated,5.2,2.7K
446. Perfume,https://www.imdb.com/title/tt0245356/?ref_=sr_t_446,2001,1h 46m,R,3.6,1.1K
447. Daddy and Them,https://www.imdb.com/title/tt0166158/?ref_=sr_t_447,2001,1h 41m,R,5.6,2.6K
448. Forbidden,https://www.imdb.com/title/tt0347014/?ref_=sr_t_448,2001,1h 24m,,5.3,756
449. Kiss Kiss Bang Bang,https://www.imdb.com/title/tt0228488/?ref_=sr_t_449,2001,1h 41m,R,6.2,2.1K
450. Kasoor,https://www.imdb.com/title/tt0272688/?ref_=sr_t_450,2001,2h 31m,Not Rated,6.1,1.2K
451. The Swamp,https://www.imdb.com/title/tt0240419/?ref_=sr_t_451,2001,1h 43m,Not Rated,7.0,8.3K
452. Intimate Affairs,https://www.imdb.com/title/tt0243991/?ref_=sr_t_452,2001,1h 48m,R,4.6,1.9K
453. Vendetta,https://www.imdb.com/title/tt0329276/?ref_=sr_t_453,2001,1h 32m,R,5.1,432
454. The Order,https://www.imdb.com/title/tt0193364/?ref_=sr_t_454,2001,1h 29m,R,4.6,9.7K
455. Clement,https://www.imdb.com/title/tt0284970/?ref_=sr_t_455,2001,2h 19m,,6.0,621
456. Sound of the Sea,https://www.imdb.com/title/tt0261311/?ref_=sr_t_456,2001,1h 35m,R,5.9,2.3K
"457. Godzilla, Mothra and King Ghidorah: Giant Monsters All-Out Attack",https://www.imdb.com/title/tt0279112/?ref_=sr_t_457,2001,1h 45m,Not Rated,7.0,7.4K
458. Mourning Wife,https://www.imdb.com/title/tt1301716/?ref_=sr_t_458,2001,1h,,5.5,128
459. Staying on Top,https://www.imdb.com/title/tt0306091/?ref_=sr_t_459,2001,1h 33m,R,5.1,686
460. Disco Pigs,https://www.imdb.com/title/tt0236157/?ref_=sr_t_460,2001,1h 33m,TV-MA,6.5,5.4K
461. Avalon,https://www.imdb.com/title/tt0267287/?ref_=sr_t_461,2001,1h 47m,R,6.4,14K
462. I Saw Mommy Kissing Santa Claus,https://www.imdb.com/title/tt0282589/?ref_=sr_t_462,2001,1h 40m,Not Rated,4.9,1.5K
463. Elvira's Haunted Hills,https://www.imdb.com/title/tt0265171/?ref_=sr_t_463,2001,1h 30m,PG-13,5.6,5.1K
464. To End All Wars,https://www.imdb.com/title/tt0243609/?ref_=sr_t_464,2001,1h 57m,R,6.9,12K
465. On the Edge,https://www.imdb.com/title/tt0221559/?ref_=sr_t_465,2001,1h 25m,R,6.9,4.9K
466. Rölli ja metsänhenki,https://www.imdb.com/title/tt0249131/?ref_=sr_t_466,2001,1h 32m,,6.2,1.2K
467. Wendigo,https://www.imdb.com/title/tt0275067/?ref_=sr_t_467,2001,1h 31m,R,5.1,4.9K
468. Larger Than Life,https://www.imdb.com/title/tt0291530/?ref_=sr_t_468,2001,1h 45m,TV-MA,6.8,590
469. Kwik Stop,https://www.imdb.com/title/tt0212292/?ref_=sr_t_469,2001,1h 50m,Not Rated,6.4,326
470. The Shaft,https://www.imdb.com/title/tt0247303/?ref_=sr_t_470,2001,1h 51m,R,4.7,5.6K
471. Shredder,https://www.imdb.com/title/tt0282163/?ref_=sr_t_471,2001,1h 26m,R,4.6,2.2K
472. Speaking of Sex,https://www.imdb.com/title/tt0243575/?ref_=sr_t_472,2001,1h 36m,R,5.6,2.6K
473. Jan Dara,https://www.imdb.com/title/tt0282628/?ref_=sr_t_473,2001,1h 48m,,6.0,2.5K
474. Replicant,https://www.imdb.com/title/tt0238552/?ref_=sr_t_474,2001,1h 40m,R,5.4,16K
475. Tell Me No Lies,https://www.imdb.com/title/tt0179344/?ref_=sr_t_475,2001,1h 31m,R,2.7,233
476. Finder's Fee,https://www.imdb.com/title/tt0192023/?ref_=sr_t_476,2001,1h 40m,R,6.2,3.4K
477. Jet Boy,https://www.imdb.com/title/tt0271580/?ref_=sr_t_477,2001,1h 39m,TV-PG,7.1,1.6K
478. Blue Hill Avenue,https://www.imdb.com/title/tt0283952/?ref_=sr_t_478,2001,2h 8m,R,6.3,1.6K
479. Happy Campers,https://www.imdb.com/title/tt0210094/?ref_=sr_t_479,2001,1h 34m,R,5.4,2.9K
480. Vidocq,https://www.imdb.com/title/tt0164961/?ref_=sr_t_480,2001,1h 38m,R,6.4,23K
481. The Pool,https://www.imdb.com/title/tt0283027/?ref_=sr_t_481,2001,1h 32m,R,4.4,3.3K
482. Vizontele,https://www.imdb.com/title/tt0270053/?ref_=sr_t_482,2001,1h 50m,,8.0,40K
483. Double Whammy,https://www.imdb.com/title/tt0250347/?ref_=sr_t_483,2001,1h 33m,R,5.7,4K
484. The Sorcerer's Apprentice,https://www.imdb.com/title/tt0120166/?ref_=sr_t_484,2001,1h 26m,,4.2,749
485. Ripper,https://www.imdb.com/title/tt0268579/?ref_=sr_t_485,2001,1h 54m,R,4.6,3.1K
486. Cold Heart,https://www.imdb.com/title/tt0276868/?ref_=sr_t_486,2001,1h 35m,R,4.8,893
487. Mr In-Between,https://www.imdb.com/title/tt0280962/?ref_=sr_t_487,2001,1h 38m,R,6.2,781
488. Sex Court: The Movie,https://www.imdb.com/title/tt0307448/?ref_=sr_t_488,2001,1h 35m,R,4.2,273
489. Camouflage,https://www.imdb.com/title/tt0150021/?ref_=sr_t_489,2001,1h 38m,R,4.6,2.2K
490. Marital Rape,https://www.imdb.com/title/tt0349790/?ref_=sr_t_490,2001,1h 50m,,7.8,41
491. Rare Birds,https://www.imdb.com/title/tt0295552/?ref_=sr_t_491,2001,1h 39m,R,6.3,1.8K
492. One 2 Ka 4,https://www.imdb.com/title/tt0227194/?ref_=sr_t_492,2001,2h 49m,Not Rated,5.5,5.8K
493. Sleepless,https://www.imdb.com/title/tt0220827/?ref_=sr_t_493,2001,1h 57m,,6.2,7.7K
494. Women of the Night,https://www.imdb.com/title/tt0177997/?ref_=sr_t_494,2001,1h 37m,Not Rated,3.7,394
495. Orozco the Embalmer,https://www.imdb.com/title/tt0982908/?ref_=sr_t_495,2001,1h 31m,,6.7,880
496. Dangerous Pleasures,https://www.imdb.com/title/tt0396551/?ref_=sr_t_496,2001,1h 23m,TV-MA,5.4,114
497. Balto: Wolf Quest,https://www.imdb.com/title/tt0281634/?ref_=sr_t_497,2001,1h 16m,G,6.0,5.6K
498. Alex in Wonder,https://www.imdb.com/title/tt0246228/?ref_=sr_t_498,2001,1h 36m,R,4.9,563
499. The Confession,https://www.imdb.com/title/tt0317743/?ref_=sr_t_499,2001,1h 40m,,7.0,4.3K
500. Good Advice,https://www.imdb.com/title/tt0243931/?ref_=sr_t_500,2001,1h 33m,R,6.2,7.6K
501. Jesus Christ Vampire Hunter,https://www.imdb.com/title/tt0311361/?ref_=sr_t_501,2001,1h 25m,R,4.9,4.7K
502. Ajnabee,https://www.imdb.com/title/tt0278291/?ref_=sr_t_502,2001,2h 45m,Not Rated,6.3,9.4K
503. Mongoland,https://www.imdb.com/title/tt0273833/?ref_=sr_t_503,2001,1h 24m,,6.7,1.5K
504. Battle Queen 2020,https://www.imdb.com/title/tt0232098/?ref_=sr_t_504,2001,1h 35m,R,3.2,1K
505. Route 666,https://www.imdb.com/title/tt0215135/?ref_=sr_t_505,2001,1h 26m,R,4.4,3.9K
506. Longshot,https://www.imdb.com/title/tt0201694/?ref_=sr_t_506,2001,1h 33m,PG-13,2.6,1.2K
507. Cowboy Up,https://www.imdb.com/title/tt0186202/?ref_=sr_t_507,2001,1h 45m,PG-13,5.6,984
508. Failan,https://www.imdb.com/title/tt0289181/?ref_=sr_t_508,2001,1h 55m,Not Rated,7.5,6.3K
509. My Brother Tom,https://www.imdb.com/title/tt0273850/?ref_=sr_t_509,2001,1h 45m,,6.8,1K
510. Wolf Girl,https://www.imdb.com/title/tt0265752/?ref_=sr_t_510,2001,1h 37m,R,5.8,1.1K
511. Blue Spring,https://www.imdb.com/title/tt0309291/?ref_=sr_t_511,2001,1h 23m,,7.1,4.6K
512. The Accidental Spy,https://www.imdb.com/title/tt0271946/?ref_=sr_t_512,2001,1h 27m,PG-13,5.8,19K
513. One Man Up,https://www.imdb.com/title/tt0295671/?ref_=sr_t_513,2001,1h 40m,Not Rated,7.1,3.4K
514. Shake It All About,https://www.imdb.com/title/tt0273719/?ref_=sr_t_514,2001,1h 38m,Not Rated,6.0,3.9K
515. Say Nothing,https://www.imdb.com/title/tt0288808/?ref_=sr_t_515,2001,1h 34m,R,4.8,739
516. Tempted,https://www.imdb.com/title/tt0265859/?ref_=sr_t_516,2001,1h 35m,R,5.5,1.5K
517. The Warrior,https://www.imdb.com/title/tt0275083/?ref_=sr_t_517,2001,2h 38m,R,7.2,11K
518. Arachnid,https://www.imdb.com/title/tt0271972/?ref_=sr_t_518,2001,1h 35m,R,4.0,3.2K
519. Girls on Top,https://www.imdb.com/title/tt0258827/?ref_=sr_t_519,2001,1h 30m,R,5.3,4.5K
520. Maximum Penalty,https://www.imdb.com/title/tt0270569/?ref_=sr_t_520,2001,1h 20m,,6.9,491
521. The Happiness of the Katakuris,https://www.imdb.com/title/tt0304262/?ref_=sr_t_521,2001,1h 53m,R,6.9,10K
522. Pretty Things,https://www.imdb.com/title/tt0263496/?ref_=sr_t_522,2001,1h 45m,R,5.8,1.1K
523. The Journeyman,https://www.imdb.com/title/tt0269408/?ref_=sr_t_523,2001,1h 33m,R,5.1,391
524. Expulsion from Paradise,https://www.imdb.com/title/tt0259097/?ref_=sr_t_524,2001,2h 4m,,5.2,286
525. Nobody's Baby,https://www.imdb.com/title/tt0215516/?ref_=sr_t_525,2001,1h 50m,R,6.2,1.7K
526. The Unsaid,https://www.imdb.com/title/tt0258967/?ref_=sr_t_526,2001,1h 51m,R,6.6,6.8K
527. The Bunker,https://www.imdb.com/title/tt0252963/?ref_=sr_t_527,2001,1h 28m,R,5.4,6.2K
528. Suddenly Naked,https://www.imdb.com/title/tt0284525/?ref_=sr_t_528,2001,1h 45m,R,5.8,440
529. Ticker,https://www.imdb.com/title/tt0196158/?ref_=sr_t_529,2001,1h 32m,R,3.5,7.9K
530. Fate,https://www.imdb.com/title/tt0287803/?ref_=sr_t_530,2001,1h 59m,,7.5,7.6K
531. A Crack in the Floor,https://www.imdb.com/title/tt0236126/?ref_=sr_t_531,2001,1h 30m,R,3.2,1.3K
532. The Arena,https://www.imdb.com/title/tt0284867/?ref_=sr_t_532,2001,1h 32m,R,3.0,839
533. Summertime,https://www.imdb.com/title/tt0297414/?ref_=sr_t_533,2001,1h 44m,,5.3,386
534. Inugami,https://www.imdb.com/title/tt0277044/?ref_=sr_t_534,2001,1h 46m,Unrated,5.9,985
535. Mike Bassett: England Manager,https://www.imdb.com/title/tt0282744/?ref_=sr_t_535,2001,1h 29m,Not Rated,6.8,7.3K
536. Snowbound,https://www.imdb.com/title/tt0274861/?ref_=sr_t_536,2001,1h 33m,PG-13,4.2,528
537. The Fourth Angel,https://www.imdb.com/title/tt0254334/?ref_=sr_t_537,2001,1h 36m,R,5.3,3.4K
538. Murder on a Sunday Morning,https://www.imdb.com/title/tt0307197/?ref_=sr_t_538,2001,1h 51m,Not Rated,7.9,4.6K
539. One Piece: Clockwork Island Adventure,https://www.imdb.com/title/tt0832449/?ref_=sr_t_539,2001,55m,,6.6,3.3K
540. Drift,https://www.imdb.com/title/tt0264319/?ref_=sr_t_540,2001,1h 29m,,6.2,361
541. Hollywood Sex Fantasy,https://www.imdb.com/title/tt0266629/?ref_=sr_t_541,2001,1h 39m,R,5.3,261
542. Druids,https://www.imdb.com/title/tt0199481/?ref_=sr_t_542,2001,2h,R,2.7,5.5K
543. Violet Perfume: Nobody Hears You,https://www.imdb.com/title/tt0280015/?ref_=sr_t_543,2001,1h 30m,PG-13,7.1,1.8K
544. Gadar: Ek Prem Katha,https://www.imdb.com/title/tt0284137/?ref_=sr_t_544,2001,2h 50m,,7.3,16K
545. Torrente 2: Misión en Marbella,https://www.imdb.com/title/tt0257231/?ref_=sr_t_545,2001,1h 39m,Unrated,6.4,8.2K
546. Human Pork Chop,https://www.imdb.com/title/tt0299088/?ref_=sr_t_546,2001,1h 28m,,4.9,293
547. The Proposal,https://www.imdb.com/title/tt0179435/?ref_=sr_t_547,2001,1h 31m,R,5.3,788
548. My Wife Is a Gangster,https://www.imdb.com/title/tt0296696/?ref_=sr_t_548,2001,1h 47m,,6.3,3.6K
549. He Died with a Felafel in His Hand,https://www.imdb.com/title/tt0172543/?ref_=sr_t_549,2001,1h 47m,Not Rated,7.0,4.1K
550. Anandam,https://www.imdb.com/title/tt0409694/?ref_=sr_t_550,2001,2h 45m,,7.5,345
