Title,Movie Link,Year,Duration,MPA,Rating,Votes
1. The Dark Knight,https://www.imdb.com/title/tt0468569/?ref_=sr_t_1,2008,2h 32m,PG-13,9.0,3M
2. Iron Man,https://www.imdb.com/title/tt0371746/?ref_=sr_t_2,2008,2h 6m,PG-13,7.9,1.2M
3. Indiana Jones and the Kingdom of the Crystal Skull,https://www.imdb.com/title/tt0367882/?ref_=sr_t_3,2008,2h 2m,PG-13,6.2,499K
4. Hancock,https://www.imdb.com/title/tt0448157/?ref_=sr_t_4,2008,1h 32m,R,6.4,523K
5. WALL·E,https://www.imdb.com/title/tt0910970/?ref_=sr_t_5,2008,1h 38m,G,8.4,1.2M
6. Kung Fu Panda,https://www.imdb.com/title/tt0441773/?ref_=sr_t_6,2008,1h 32m,PG,7.6,541K
7. Twilight,https://www.imdb.com/title/tt1099212/?ref_=sr_t_7,2008,2h 2m,PG-13,5.3,499K
8. Madagascar: Escape 2 Africa,https://www.imdb.com/title/tt0479952/?ref_=sr_t_8,2008,1h 29m,PG,6.6,255K
9. Quantum of Solace,https://www.imdb.com/title/tt0830515/?ref_=sr_t_9,2008,1h 46m,PG-13,6.5,479K
10. Horton Hears a Who!,https://www.imdb.com/title/tt0451079/?ref_=sr_t_10,2008,1h 26m,G,6.8,153K
11. Sex and the City,https://www.imdb.com/title/tt1000774/?ref_=sr_t_11,2008,2h 25m,R,5.7,129K
12. Gran Torino,https://www.imdb.com/title/tt1205489/?ref_=sr_t_12,2008,1h 56m,R,8.1,830K
13. Taken,https://www.imdb.com/title/tt0936501/?ref_=sr_t_13,2008,1h 30m,PG-13,7.7,648K
14. Mamma Mia!,https://www.imdb.com/title/tt0795421/?ref_=sr_t_14,2008,1h 48m,PG-13,6.5,285K
15. Marley & Me,https://www.imdb.com/title/tt0822832/?ref_=sr_t_15,2008,1h 55m,PG,7.0,171K
16. The Chronicles of Narnia: Prince Caspian,https://www.imdb.com/title/tt0499448/?ref_=sr_t_16,2008,2h 30m,PG,6.5,230K
17. Slumdog Millionaire,https://www.imdb.com/title/tt1010048/?ref_=sr_t_17,2008,2h,R,8.0,889K
18. The Incredible Hulk,https://www.imdb.com/title/tt0800080/?ref_=sr_t_18,2008,1h 52m,PG-13,6.6,536K
19. Wanted,https://www.imdb.com/title/tt0493464/?ref_=sr_t_19,2008,1h 50m,R,6.7,416K
20. Get Smart,https://www.imdb.com/title/tt0425061/?ref_=sr_t_20,2008,1h 50m,PG-13,6.5,232K
21. The Curious Case of Benjamin Button,https://www.imdb.com/title/tt0421715/?ref_=sr_t_21,2008,2h 46m,PG-13,7.8,712K
22. Four Christmases,https://www.imdb.com/title/tt0369436/?ref_=sr_t_22,2008,1h 28m,PG-13,5.7,84K
23. Bolt,https://www.imdb.com/title/tt0397892/?ref_=sr_t_23,2008,1h 36m,PG,6.8,236K
24. Tropic Thunder,https://www.imdb.com/title/tt0942385/?ref_=sr_t_24,2008,1h 47m,R,7.1,461K
25. Bedtime Stories,https://www.imdb.com/title/tt0960731/?ref_=sr_t_25,2008,1h 39m,PG,6.0,103K
26. The Mummy: Tomb of the Dragon Emperor,https://www.imdb.com/title/tt0859163/?ref_=sr_t_26,2008,1h 52m,PG-13,5.2,174K
27. Journey to the Center of the Earth,https://www.imdb.com/title/tt0373051/?ref_=sr_t_27,2008,1h 33m,PG,5.8,135K
28. Eagle Eye,https://www.imdb.com/title/tt1059786/?ref_=sr_t_28,2008,1h 58m,PG-13,6.6,197K
29. Step Brothers,https://www.imdb.com/title/tt0838283/?ref_=sr_t_29,2008,1h 38m,R,6.9,327K
30. You Don't Mess with the Zohan,https://www.imdb.com/title/tt0960144/?ref_=sr_t_30,2008,1h 53m,PG-13,5.6,219K
31. Yes Man,https://www.imdb.com/title/tt1068680/?ref_=sr_t_31,2008,1h 44m,PG-13,6.8,390K
"32. 10,000 BC",https://www.imdb.com/title/tt0443649/?ref_=sr_t_32,2008,1h 49m,PG-13,5.1,137K
33. Beverly Hills Chihuahua,https://www.imdb.com/title/tt1014775/?ref_=sr_t_33,2008,1h 31m,PG,3.9,26K
34. High School Musical 3: Senior Year,https://www.imdb.com/title/tt0962726/?ref_=sr_t_34,2008,1h 52m,G,5.0,69K
35. Pineapple Express,https://www.imdb.com/title/tt0910936/?ref_=sr_t_35,2008,1h 51m,R,6.9,363K
36. Valkyrie,https://www.imdb.com/title/tt0985699/?ref_=sr_t_36,2008,2h 1m,PG-13,7.1,264K
37. 21,https://www.imdb.com/title/tt0478087/?ref_=sr_t_37,2008,2h 3m,PG-13,6.8,271K
38. What Happens in Vegas,https://www.imdb.com/title/tt1033643/?ref_=sr_t_38,2008,1h 39m,PG-13,6.1,191K
39. Jumper,https://www.imdb.com/title/tt0489099/?ref_=sr_t_39,2008,1h 28m,PG-13,6.1,329K
40. Cloverfield,https://www.imdb.com/title/tt1060277/?ref_=sr_t_40,2008,1h 25m,PG-13,7.0,430K
41. The Day the Earth Stood Still,https://www.imdb.com/title/tt0970416/?ref_=sr_t_41,2008,1h 44m,PG-13,5.5,181K
42. 27 Dresses,https://www.imdb.com/title/tt0988595/?ref_=sr_t_42,2008,1h 51m,PG-13,6.1,179K
43. Hellboy II: The Golden Army,https://www.imdb.com/title/tt0411477/?ref_=sr_t_43,2008,2h,PG-13,7.0,291K
44. Vantage Point,https://www.imdb.com/title/tt0443274/?ref_=sr_t_44,2008,1h 30m,PG-13,6.6,155K
45. The Spiderwick Chronicles,https://www.imdb.com/title/tt0416236/?ref_=sr_t_45,2008,1h 36m,PG,6.5,105K
46. Fool's Gold,https://www.imdb.com/title/tt0770752/?ref_=sr_t_46,2008,1h 52m,PG-13,5.7,86K
47. Seven Pounds,https://www.imdb.com/title/tt0814314/?ref_=sr_t_47,2008,2h 3m,PG-13,7.6,319K
48. Role Models,https://www.imdb.com/title/tt0430922/?ref_=sr_t_48,2008,1h 39m,R,6.8,244K
49. Hannah Montana and Miley Cyrus: Best of Both Worlds Concert,https://www.imdb.com/title/tt1127884/?ref_=sr_t_49,2008,1h 14m,G,2.7,12K
50. The Happening,https://www.imdb.com/title/tt0949731/?ref_=sr_t_50,2008,1h 31m,R,5.0,221K
51. Forgetting Sarah Marshall,https://www.imdb.com/title/tt0800039/?ref_=sr_t_51,2008,1h 51m,R,7.1,308K
52. Baby Mama,https://www.imdb.com/title/tt0871426/?ref_=sr_t_52,2008,1h 39m,PG-13,6.0,48K
53. Burn After Reading,https://www.imdb.com/title/tt0887883/?ref_=sr_t_53,2008,1h 36m,R,7.0,361K
54. Step Up 2: The Streets,https://www.imdb.com/title/tt1023481/?ref_=sr_t_54,2008,1h 38m,PG-13,6.2,92K
55. Saw V,https://www.imdb.com/title/tt1132626/?ref_=sr_t_55,2008,1h 32m,R,5.8,142K
56. The Strangers,https://www.imdb.com/title/tt0482606/?ref_=sr_t_56,2008,1h 26m,R,6.1,150K
57. The Forbidden Kingdom,https://www.imdb.com/title/tt0865556/?ref_=sr_t_57,2008,1h 44m,PG-13,6.5,111K
58. The Tale of Despereaux,https://www.imdb.com/title/tt0420238/?ref_=sr_t_58,2008,1h 33m,G,6.1,41K
59. Australia,https://www.imdb.com/title/tt0455824/?ref_=sr_t_59,2008,2h 45m,PG-13,6.6,131K
60. The House Bunny,https://www.imdb.com/title/tt0852713/?ref_=sr_t_60,2008,1h 37m,PG-13,5.5,92K
61. Nim's Island,https://www.imdb.com/title/tt0410377/?ref_=sr_t_61,2008,1h 36m,PG,6.0,37K
62. Made of Honor,https://www.imdb.com/title/tt0866439/?ref_=sr_t_62,2008,1h 41m,PG-13,5.8,77K
63. College Road Trip,https://www.imdb.com/title/tt0997047/?ref_=sr_t_63,2008,1h 23m,G,4.3,17K
64. The Sisterhood of the Traveling Pants 2,https://www.imdb.com/title/tt1018785/?ref_=sr_t_64,2008,1h 59m,PG-13,6.2,31K
65. Speed Racer,https://www.imdb.com/title/tt0811080/?ref_=sr_t_65,2008,2h 15m,PG,6.1,80K
66. Prom Night,https://www.imdb.com/title/tt0926129/?ref_=sr_t_66,2008,1h 28m,PG-13,3.9,39K
67. Rambo,https://www.imdb.com/title/tt0462499/?ref_=sr_t_67,2008,1h 32m,R,7.0,249K
"68. Welcome Home, Roscoe Jenkins",https://www.imdb.com/title/tt0494652/?ref_=sr_t_68,2008,1h 54m,PG-13,5.5,16K
69. Meet the Browns,https://www.imdb.com/title/tt1047494/?ref_=sr_t_69,2008,1h 40m,PG-13,4.5,7.4K
70. Nights in Rodanthe,https://www.imdb.com/title/tt0956038/?ref_=sr_t_70,2008,1h 37m,PG-13,6.0,27K
71. Max Payne,https://www.imdb.com/title/tt0467197/?ref_=sr_t_71,2008,1h 40m,PG-13,5.3,131K
72. Righteous Kill,https://www.imdb.com/title/tt1034331/?ref_=sr_t_72,2008,1h 41m,R,6.0,93K
73. Body of Lies,https://www.imdb.com/title/tt0758774/?ref_=sr_t_73,2008,2h 8m,R,7.0,243K
74. Lakeview Terrace,https://www.imdb.com/title/tt0947802/?ref_=sr_t_74,2008,1h 50m,PG-13,6.2,57K
75. Meet the Spartans,https://www.imdb.com/title/tt1073498/?ref_=sr_t_75,2008,1h 27m,PG-13,2.8,113K
76. Harold & Kumar Escape from Guantanamo Bay,https://www.imdb.com/title/tt0481536/?ref_=sr_t_76,2008,1h 54m,R,6.5,143K
77. First Sunday,https://www.imdb.com/title/tt0486578/?ref_=sr_t_77,2008,1h 36m,PG-13,4.6,12K
78. The Secret Life of Bees,https://www.imdb.com/title/tt0416212/?ref_=sr_t_78,2008,1h 54m,PG-13,7.2,28K
79. The Family That Preys,https://www.imdb.com/title/tt1142798/?ref_=sr_t_79,2008,1h 51m,PG-13,6.0,8.2K
80. Death Race,https://www.imdb.com/title/tt0452608/?ref_=sr_t_80,2008,1h 45m,R,6.4,222K
81. Changeling,https://www.imdb.com/title/tt0824747/?ref_=sr_t_81,2008,2h 21m,R,7.7,269K
82. Star Wars: The Clone Wars,https://www.imdb.com/title/tt1185834/?ref_=sr_t_82,2008,1h 38m,PG,5.9,75K
83. The Reader,https://www.imdb.com/title/tt0976051/?ref_=sr_t_83,2008,2h 4m,R,7.6,266K
84. Semi-Pro,https://www.imdb.com/title/tt0839980/?ref_=sr_t_84,2008,1h 31m,R,5.8,87K
85. Fireproof,https://www.imdb.com/title/tt1129423/?ref_=sr_t_85,2008,2h 2m,PG,6.4,25K
86. Doubt,https://www.imdb.com/title/tt0918927/?ref_=sr_t_86,2008,1h 44m,PG-13,7.5,139K
87. Drillbit Taylor,https://www.imdb.com/title/tt0817538/?ref_=sr_t_87,2008,1h 50m,PG-13,5.7,63K
"88. Definitely, Maybe",https://www.imdb.com/title/tt0832266/?ref_=sr_t_88,2008,1h 52m,PG-13,7.1,176K
89. The Love Guru,https://www.imdb.com/title/tt0811138/?ref_=sr_t_89,2008,1h 27m,PG-13,3.8,56K
90. Milk,https://www.imdb.com/title/tt1013753/?ref_=sr_t_90,2008,2h 8m,R,7.5,182K
91. Transporter 3,https://www.imdb.com/title/tt1129442/?ref_=sr_t_91,2008,1h 44m,PG-13,6.1,180K
92. Quarantine,https://www.imdb.com/title/tt1082868/?ref_=sr_t_92,2008,1h 29m,R,6.0,79K
93. Nick and Norah's Infinite Playlist,https://www.imdb.com/title/tt0981227/?ref_=sr_t_93,2008,1h 30m,PG-13,6.6,96K
94. Zack and Miri Make a Porno,https://www.imdb.com/title/tt1007028/?ref_=sr_t_94,2008,1h 41m,R,6.5,184K
95. The Eye,https://www.imdb.com/title/tt0406759/?ref_=sr_t_95,2008,1h 38m,PG-13,5.4,57K
96. Leatherheads,https://www.imdb.com/title/tt0379865/?ref_=sr_t_96,2008,1h 54m,PG-13,6.0,34K
97. Mirrors,https://www.imdb.com/title/tt0790686/?ref_=sr_t_97,2008,1h 50m,R,6.1,116K
98. Space Chimps,https://www.imdb.com/title/tt0482603/?ref_=sr_t_98,2008,1h 21m,G,4.5,13K
99. The Bank Job,https://www.imdb.com/title/tt0200465/?ref_=sr_t_99,2008,1h 51m,R,7.2,192K
100. Untraceable,https://www.imdb.com/title/tt0880578/?ref_=sr_t_100,2008,1h 41m,R,6.2,54K
101. Defiance,https://www.imdb.com/title/tt1034303/?ref_=sr_t_101,2008,2h 17m,R,7.1,158K
102. The Women,https://www.imdb.com/title/tt0430770/?ref_=sr_t_102,2008,1h 54m,PG-13,5.0,24K
103. One Missed Call,https://www.imdb.com/title/tt0479968/?ref_=sr_t_103,2008,1h 27m,PG-13,4.0,35K
104. The Other Boleyn Girl,https://www.imdb.com/title/tt0467200/?ref_=sr_t_104,2008,1h 55m,PG-13,6.7,122K
105. Street Kings,https://www.imdb.com/title/tt0421073/?ref_=sr_t_105,2008,1h 49m,R,6.8,123K
106. The Wrestler,https://www.imdb.com/title/tt1125849/?ref_=sr_t_106,2008,1h 49m,R,7.9,324K
107. Shutter,https://www.imdb.com/title/tt0482599/?ref_=sr_t_107,2008,1h 25m,PG-13,5.2,38K
108. Superhero Movie,https://www.imdb.com/title/tt0426592/?ref_=sr_t_108,2008,1h 15m,PG-13,4.7,78K
109. W.,https://www.imdb.com/title/tt1175491/?ref_=sr_t_109,2008,2h 9m,PG-13,6.3,51K
110. Never Back Down,https://www.imdb.com/title/tt1023111/?ref_=sr_t_110,2008,1h 53m,PG-13,6.5,108K
111. Traitor,https://www.imdb.com/title/tt0988047/?ref_=sr_t_111,2008,1h 54m,PG-13,6.9,60K
112. Vicky Cristina Barcelona,https://www.imdb.com/title/tt0497465/?ref_=sr_t_112,2008,1h 36m,PG-13,7.1,273K
113. Revolutionary Road,https://www.imdb.com/title/tt0959337/?ref_=sr_t_113,2008,1h 59m,R,7.3,229K
114. Babylon A.D.,https://www.imdb.com/title/tt0364970/?ref_=sr_t_114,2008,1h 30m,PG-13,5.5,99K
115. The X Files: I Want to Believe,https://www.imdb.com/title/tt0443701/?ref_=sr_t_115,2008,1h 44m,PG-13,5.9,95K
116. Mad Money,https://www.imdb.com/title/tt0951216/?ref_=sr_t_116,2008,1h 44m,PG-13,5.9,23K
117. Appaloosa,https://www.imdb.com/title/tt0800308/?ref_=sr_t_117,2008,1h 55m,R,6.7,66K
118. The Spirit,https://www.imdb.com/title/tt0831887/?ref_=sr_t_118,2008,1h 43m,PG-13,4.7,63K
119. Igor,https://www.imdb.com/title/tt0465502/?ref_=sr_t_119,2008,1h 27m,PG,5.9,25K
120. Oceans,https://www.imdb.com/title/tt0765128/?ref_=sr_t_120,2008,1h 24m,G,7.7,10K
121. My Best Friend's Girl,https://www.imdb.com/title/tt1046163/?ref_=sr_t_121,2008,1h 41m,R,5.8,47K
122. Frost/Nixon,https://www.imdb.com/title/tt0870111/?ref_=sr_t_122,2008,2h 2m,R,7.6,114K
123. Kit Kittredge: An American Girl,https://www.imdb.com/title/tt0846308/?ref_=sr_t_123,2008,1h 41m,G,6.5,6.4K
124. The Ruins,https://www.imdb.com/title/tt0963794/?ref_=sr_t_124,2008,1h 30m,R,5.9,87K
125. Inkheart,https://www.imdb.com/title/tt0494238/?ref_=sr_t_125,2008,1h 46m,PG,6.1,83K
126. The Hurt Locker,https://www.imdb.com/title/tt0887912/?ref_=sr_t_126,2008,2h 11m,R,7.5,481K
127. Ponyo,https://www.imdb.com/title/tt0876563/?ref_=sr_t_127,2008,1h 41m,G,7.6,171K
128. Swing Vote,https://www.imdb.com/title/tt1027862/?ref_=sr_t_128,2008,2h,PG-13,6.1,20K
129. Pride and Glory,https://www.imdb.com/title/tt0482572/?ref_=sr_t_129,2008,2h 10m,R,6.6,64K
130. Bangkok Dangerous,https://www.imdb.com/title/tt0814022/?ref_=sr_t_130,2008,1h 39m,R,5.3,59K
131. Last Chance Harvey,https://www.imdb.com/title/tt1046947/?ref_=sr_t_131,2008,1h 33m,PG-13,6.6,23K
132. Disaster Movie,https://www.imdb.com/title/tt1213644/?ref_=sr_t_132,2008,1h 27m,PG-13,1.9,96K
133. The Duchess,https://www.imdb.com/title/tt0864761/?ref_=sr_t_133,2008,1h 50m,PG-13,6.9,88K
134. The Haunting of Molly Hartley,https://www.imdb.com/title/tt1045655/?ref_=sr_t_134,2008,1h 25m,PG-13,3.9,10K
135. Ghost Town,https://www.imdb.com/title/tt0995039/?ref_=sr_t_135,2008,1h 42m,PG-13,6.7,79K
136. Religulous,https://www.imdb.com/title/tt0815241/?ref_=sr_t_136,2008,1h 41m,R,7.6,61K
137. The Pirates Who Don't Do Anything,https://www.imdb.com/title/tt0475998/?ref_=sr_t_137,2008,1h 25m,G,5.6,3.2K
138. Rachel Getting Married,https://www.imdb.com/title/tt1084950/?ref_=sr_t_138,2008,1h 53m,R,6.7,52K
139. Miss Pettigrew Lives for a Day,https://www.imdb.com/title/tt0970468/?ref_=sr_t_139,2008,1h 32m,PG-13,7.0,30K
140. Soul Men,https://www.imdb.com/title/tt1111948/?ref_=sr_t_140,2008,1h 40m,R,6.4,12K
141. Sunshine Cleaning,https://www.imdb.com/title/tt0862846/?ref_=sr_t_141,2008,1h 31m,R,6.8,75K
142. Meet Dave,https://www.imdb.com/title/tt0765476/?ref_=sr_t_142,2008,1h 30m,PG,5.1,44K
143. The Longshots,https://www.imdb.com/title/tt1091751/?ref_=sr_t_143,2008,1h 34m,PG,5.6,4.6K
144. Be Kind Rewind,https://www.imdb.com/title/tt0799934/?ref_=sr_t_144,2008,1h 42m,PG-13,6.4,95K
145. Doomsday,https://www.imdb.com/title/tt0483607/?ref_=sr_t_145,2008,1h 45m,R,5.9,81K
146. Stop-Loss,https://www.imdb.com/title/tt0489281/?ref_=sr_t_146,2008,1h 52m,R,6.4,21K
147. The Express,https://www.imdb.com/title/tt0469903/?ref_=sr_t_147,2008,2h 10m,PG,7.2,23K
148. Smart People,https://www.imdb.com/title/tt0858479/?ref_=sr_t_148,2008,1h 35m,R,6.1,24K
149. The Boy in the Striped Pajamas,https://www.imdb.com/title/tt0914798/?ref_=sr_t_149,2008,1h 34m,PG-13,7.7,256K
150. Sex Drive,https://www.imdb.com/title/tt1135985/?ref_=sr_t_150,2008,1h 49m,R,6.5,93K
151. Cadillac Records,https://www.imdb.com/title/tt1042877/?ref_=sr_t_151,2008,1h 49m,R,7.0,24K
152. Punisher: War Zone,https://www.imdb.com/title/tt0450314/?ref_=sr_t_152,2008,1h 43m,R,5.9,68K
153. Miracle at St. Anna,https://www.imdb.com/title/tt1046997/?ref_=sr_t_153,2008,2h 40m,R,6.1,19K
154. City of Ember,https://www.imdb.com/title/tt0970411/?ref_=sr_t_154,2008,1h 30m,PG,6.4,71K
155. In Bruges,https://www.imdb.com/title/tt0780536/?ref_=sr_t_155,2008,1h 47m,R,7.9,473K
156. Expelled: No Intelligence Allowed,https://www.imdb.com/title/tt1091617/?ref_=sr_t_156,2008,1h 30m,PG,3.7,12K
157. Over Her Dead Body,https://www.imdb.com/title/tt0785007/?ref_=sr_t_157,2008,1h 35m,PG-13,5.3,26K
158. Nothing Like the Holidays,https://www.imdb.com/title/tt1151915/?ref_=sr_t_158,2008,1h 38m,PG-13,6.1,4.9K
159. An American Carol,https://www.imdb.com/title/tt1190617/?ref_=sr_t_159,2008,1h 23m,PG-13,4.0,10K
160. Strange Wilderness,https://www.imdb.com/title/tt0489282/?ref_=sr_t_160,2008,1h 27m,R,5.2,23K
161. Brideshead Revisited,https://www.imdb.com/title/tt0412536/?ref_=sr_t_161,2008,2h 13m,PG-13,6.6,14K
162. The Rocker,https://www.imdb.com/title/tt1031969/?ref_=sr_t_162,2008,1h 42m,PG-13,6.2,41K
163. RocknRolla,https://www.imdb.com/title/tt1032755/?ref_=sr_t_163,2008,1h 54m,R,7.2,269K
164. Shine a Light,https://www.imdb.com/title/tt0893382/?ref_=sr_t_164,2008,2h 2m,PG-13,7.1,12K
165. Hamlet 2,https://www.imdb.com/title/tt1104733/?ref_=sr_t_165,2008,1h 32m,R,6.3,18K
166. College,https://www.imdb.com/title/tt0844671/?ref_=sr_t_166,2008,1h 34m,R,4.6,13K
167. Deception,https://www.imdb.com/title/tt0800240/?ref_=sr_t_167,2008,1h 47m,R,6.0,41K
168. Flash of Genius,https://www.imdb.com/title/tt1054588/?ref_=sr_t_168,2008,1h 59m,PG-13,7.0,18K
"169. Food, Inc.",https://www.imdb.com/title/tt1286537/?ref_=sr_t_169,2008,1h 34m,PG,7.8,53K
170. Witless Protection,https://www.imdb.com/title/tt1001562/?ref_=sr_t_170,2008,1h 37m,PG-13,3.4,6.6K
171. Bottle Shock,https://www.imdb.com/title/tt0914797/?ref_=sr_t_171,2008,1h 50m,PG-13,6.8,18K
172. The Class,https://www.imdb.com/title/tt1068646/?ref_=sr_t_172,2008,2h 8m,PG-13,7.5,37K
173. Elegy,https://www.imdb.com/title/tt0974554/?ref_=sr_t_173,2008,1h 52m,R,6.7,23K
174. The Brothers Bloom,https://www.imdb.com/title/tt0844286/?ref_=sr_t_174,2008,1h 54m,PG-13,6.7,53K
175. Happy-Go-Lucky,https://www.imdb.com/title/tt1045670/?ref_=sr_t_175,2008,1h 58m,R,7.0,42K
176. Jodhaa Akbar,https://www.imdb.com/title/tt0449994/?ref_=sr_t_176,2008,3h 33m,Not Rated,7.5,35K
177. Blindness,https://www.imdb.com/title/tt0861689/?ref_=sr_t_177,2008,2h 1m,R,6.5,76K
178. I've Loved You So Long,https://www.imdb.com/title/tt1068649/?ref_=sr_t_178,2008,1h 57m,PG-13,7.6,21K
179. Two Lovers,https://www.imdb.com/title/tt1103275/?ref_=sr_t_179,2008,1h 50m,R,7.0,44K
"180. Synecdoche, New York",https://www.imdb.com/title/tt0383028/?ref_=sr_t_180,2008,2h 4m,R,7.5,100K
181. Man on Wire,https://www.imdb.com/title/tt1155592/?ref_=sr_t_181,2008,1h 34m,PG-13,7.7,59K
182. Choke,https://www.imdb.com/title/tt1024715/?ref_=sr_t_182,2008,1h 32m,R,6.4,34K
183. How to Lose Friends & Alienate People,https://www.imdb.com/title/tt0455538/?ref_=sr_t_183,2008,1h 50m,R,6.4,71K
184. Easy Virtue,https://www.imdb.com/title/tt0808244/?ref_=sr_t_184,2008,1h 37m,PG-13,6.6,23K
185. Frozen River,https://www.imdb.com/title/tt0978759/?ref_=sr_t_185,2008,1h 37m,R,7.1,27K
186. Ghajini,https://www.imdb.com/title/tt1166100/?ref_=sr_t_186,2008,3h 6m,Not Rated,7.3,68K
187. Redbelt,https://www.imdb.com/title/tt1012804/?ref_=sr_t_187,2008,1h 39m,R,6.7,22K
188. Waltz with Bashir,https://www.imdb.com/title/tt1185616/?ref_=sr_t_188,2008,1h 30m,R,8.0,61K
189. Transsiberian,https://www.imdb.com/title/tt0800241/?ref_=sr_t_189,2008,1h 51m,R,6.6,55K
190. Singh Is King,https://www.imdb.com/title/tt1146325/?ref_=sr_t_190,2008,2h 15m,Not Rated,5.8,17K
191. Let the Right One In,https://www.imdb.com/title/tt1139797/?ref_=sr_t_191,2008,1h 54m,R,7.8,231K
192. Rab Ne Bana Di Jodi,https://www.imdb.com/title/tt1182937/?ref_=sr_t_192,2008,2h 47m,Not Rated,7.2,55K
193. The Wackness,https://www.imdb.com/title/tt1082886/?ref_=sr_t_193,2008,1h 39m,R,6.9,31K
194. Is Anybody There?,https://www.imdb.com/title/tt1130088/?ref_=sr_t_194,2008,1h 34m,PG-13,6.6,5.1K
195. Henry Poole Is Here,https://www.imdb.com/title/tt1029120/?ref_=sr_t_195,2008,1h 39m,PG,6.4,13K
196. Rudo y Cursi,https://www.imdb.com/title/tt0405393/?ref_=sr_t_196,2008,1h 43m,R,6.7,9.4K
197. Valentino: The Last Emperor,https://www.imdb.com/title/tt1176244/?ref_=sr_t_197,2008,1h 36m,PG-13,7.1,2K
198. Every Little Step,https://www.imdb.com/title/tt0977648/?ref_=sr_t_198,2008,1h 36m,PG-13,7.7,1.7K
199. Summer Hours,https://www.imdb.com/title/tt0836700/?ref_=sr_t_199,2008,1h 43m,Not Rated,7.1,8.3K
200. It Might Get Loud,https://www.imdb.com/title/tt1229360/?ref_=sr_t_200,2008,1h 38m,PG,7.6,14K
"201. New York, I Love You",https://www.imdb.com/title/tt0808399/?ref_=sr_t_201,2008,1h 43m,R,6.2,49K
202. Gomorrah,https://www.imdb.com/title/tt0929425/?ref_=sr_t_202,2008,2h 17m,Not Rated,7.0,52K
203. Departures,https://www.imdb.com/title/tt1069238/?ref_=sr_t_203,2008,2h 10m,PG-13,8.0,56K
204. Race,https://www.imdb.com/title/tt1017456/?ref_=sr_t_204,2008,2h 29m,,6.7,16K
205. The Secrets of Jonathan Sperry,https://www.imdb.com/title/tt1070858/?ref_=sr_t_205,2008,1h 36m,PG,6.9,1.7K
206. Gonzo,https://www.imdb.com/title/tt0479468/?ref_=sr_t_206,2008,2h,R,7.6,8.6K
207. Dostana,https://www.imdb.com/title/tt1185420/?ref_=sr_t_207,2008,2h 25m,Not Rated,6.4,17K
208. Me and Orson Welles,https://www.imdb.com/title/tt1175506/?ref_=sr_t_208,2008,1h 54m,PG-13,6.7,12K
209. What Just Happened,https://www.imdb.com/title/tt0486674/?ref_=sr_t_209,2008,1h 44m,R,5.6,29K
210. Sugar,https://www.imdb.com/title/tt0990413/?ref_=sr_t_210,2008,1h 54m,PG-13,7.2,5.3K
211. A Christmas Tale,https://www.imdb.com/title/tt0993789/?ref_=sr_t_211,2008,2h 30m,Not Rated,7.0,7.7K
212. The Children of Huang Shi,https://www.imdb.com/title/tt0889588/?ref_=sr_t_212,2008,2h 5m,R,7.0,10K
213. U Me Aur Hum,https://www.imdb.com/title/tt1039995/?ref_=sr_t_213,2008,2h 36m,Not Rated,5.8,2.7K
214. Paris,https://www.imdb.com/title/tt0869994/?ref_=sr_t_214,2008,2h 10m,R,6.8,13K
215. Sarkar Raj,https://www.imdb.com/title/tt0490210/?ref_=sr_t_215,2008,2h 5m,Not Rated,6.7,8K
216. More Than a Game,https://www.imdb.com/title/tt1286821/?ref_=sr_t_216,2008,1h 45m,PG,7.6,5.7K
217. American Teen,https://www.imdb.com/title/tt0486259/?ref_=sr_t_217,2008,1h 35m,PG-13,6.4,4.2K
218. Management,https://www.imdb.com/title/tt1082853/?ref_=sr_t_218,2008,1h 34m,R,5.8,19K
219. Tyson,https://www.imdb.com/title/tt1032821/?ref_=sr_t_219,2008,1h 30m,R,7.4,13K
220. Seraphine,https://www.imdb.com/title/tt1048171/?ref_=sr_t_220,2008,2h 5m,Unrated,7.4,6.6K
221. Emma Smith: My Story,https://www.imdb.com/title/tt1091225/?ref_=sr_t_221,2008,1h 38m,PG,6.5,376
222. Goodbye Solo,https://www.imdb.com/title/tt1095442/?ref_=sr_t_222,2008,1h 31m,R,7.3,6.2K
223. Wendy and Lucy,https://www.imdb.com/title/tt1152850/?ref_=sr_t_223,2008,1h 20m,R,7.1,20K
224. Faubourg 36,https://www.imdb.com/title/tt0948535/?ref_=sr_t_224,2008,2h,PG-13,6.5,3K
225. I.O.U.S.A.,https://www.imdb.com/title/tt0963807/?ref_=sr_t_225,2008,1h 25m,PG,7.4,2K
226. The Wrecking Crew!,https://www.imdb.com/title/tt1185418/?ref_=sr_t_226,2008,1h 41m,PG,7.7,3.9K
227. The Great Buck Howard,https://www.imdb.com/title/tt0460810/?ref_=sr_t_227,2008,1h 30m,PG,6.4,15K
228. Che: Part One,https://www.imdb.com/title/tt0892255/?ref_=sr_t_228,2008,2h 14m,Not Rated,7.1,49K
229. Che: Part Two,https://www.imdb.com/title/tt0374569/?ref_=sr_t_229,2008,2h 15m,Not Rated,6.8,36K
230. Forever Strong,https://www.imdb.com/title/tt0840322/?ref_=sr_t_230,2008,1h 52m,PG-13,7.1,11K
231. North Face,https://www.imdb.com/title/tt0844457/?ref_=sr_t_231,2008,2h 6m,Not Rated,7.4,17K
232. Bachna Ae Haseeno,https://www.imdb.com/title/tt1182972/?ref_=sr_t_232,2008,2h 32m,Not Rated,6.2,13K
233. Delgo,https://www.imdb.com/title/tt0361500/?ref_=sr_t_233,2008,1h 34m,PG,4.3,3.2K
234. Mid-August Lunch,https://www.imdb.com/title/tt1277728/?ref_=sr_t_234,2008,1h 15m,Not Rated,6.9,4.4K
235. Anvil: The Story of Anvil,https://www.imdb.com/title/tt1157605/?ref_=sr_t_235,2008,1h 20m,Not Rated,7.9,17K
236. Beer for My Horses,https://www.imdb.com/title/tt1178640/?ref_=sr_t_236,2008,1h 26m,PG-13,4.8,2K
237. Heroes,https://www.imdb.com/title/tt1114725/?ref_=sr_t_237,2008,2h 19m,R,5.7,2.4K
238. The Stoning of Soraya M.,https://www.imdb.com/title/tt1277737/?ref_=sr_t_238,2008,1h 54m,R,7.9,22K
239. Red Cliff,https://www.imdb.com/title/tt0425637/?ref_=sr_t_239,2008,2h 28m,R,7.3,49K
240. Everlasting Moments,https://www.imdb.com/title/tt0961066/?ref_=sr_t_240,2008,2h 11m,Not Rated,7.5,6K
241. Jaane Tu... Ya Jaane Na,https://www.imdb.com/title/tt0473367/?ref_=sr_t_241,2008,2h 35m,,7.4,29K
242. La fille de Monaco,https://www.imdb.com/title/tt1139800/?ref_=sr_t_242,2008,1h 35m,R,5.8,2.4K
"243. War, Inc.",https://www.imdb.com/title/tt0884224/?ref_=sr_t_243,2008,1h 47m,R,5.5,23K
244. House,https://www.imdb.com/title/tt0837796/?ref_=sr_t_244,2008,1h 28m,R,4.5,6.3K
245. Yuvvraaj,https://www.imdb.com/title/tt1105747/?ref_=sr_t_245,2008,2h 31m,Not Rated,4.1,4.8K
246. Lemon Tree,https://www.imdb.com/title/tt1172963/?ref_=sr_t_246,2008,1h 46m,Not Rated,7.3,7K
247. American Violet,https://www.imdb.com/title/tt1152397/?ref_=sr_t_247,2008,1h 43m,PG-13,6.9,2.8K
248. Mesrine: Killer Instinct,https://www.imdb.com/title/tt1259014/?ref_=sr_t_248,2008,1h 53m,R,7.5,36K
249. Winter in Wartime,https://www.imdb.com/title/tt0795441/?ref_=sr_t_249,2008,1h 43m,R,7.0,14K
250. Noah's Arc: Jumping the Broom,https://www.imdb.com/title/tt0955306/?ref_=sr_t_250,2008,1h 41m,R,6.8,917
251. Trouble the Water,https://www.imdb.com/title/tt1149405/?ref_=sr_t_251,2008,1h 33m,Unrated,7.3,2.1K
252. The 2007 Academy Award Nominated Short Films: Live Action,https://www.imdb.com/title/tt2546294/?ref_=sr_t_252,2008,2h 14m,,6.9,24
253. Bride Flight,https://www.imdb.com/title/tt1094241/?ref_=sr_t_253,2008,2h 10m,R,7.0,2.9K
254. Kismat Konnection,https://www.imdb.com/title/tt1105733/?ref_=sr_t_254,2008,2h 33m,,5.3,6.2K
255. Krazzy 4,https://www.imdb.com/title/tt1182908/?ref_=sr_t_255,2008,1h 50m,Not Rated,4.2,2.3K
256. Little Ashes,https://www.imdb.com/title/tt1104083/?ref_=sr_t_256,2008,1h 52m,R,6.4,9.8K
257. The Baader Meinhof Complex,https://www.imdb.com/title/tt0765432/?ref_=sr_t_257,2008,2h 30m,R,7.3,41K
258. Bhoothnath,https://www.imdb.com/title/tt0991346/?ref_=sr_t_258,2008,2h 30m,Not Rated,6.4,12K
259. The Legend of Drona,https://www.imdb.com/title/tt1060249/?ref_=sr_t_259,2008,2h 18m,Not Rated,2.0,2.8K
260. JCVD,https://www.imdb.com/title/tt1130988/?ref_=sr_t_260,2008,1h 37m,R,7.0,41K
261. The Broken Line,https://www.imdb.com/title/tt1029137/?ref_=sr_t_261,2008,1h 41m,,6.2,153
262. Tashan,https://www.imdb.com/title/tt0995752/?ref_=sr_t_262,2008,2h,Not Rated,3.8,5.9K
263. Lymelife,https://www.imdb.com/title/tt0363780/?ref_=sr_t_263,2008,1h 35m,R,6.8,15K
264. The Promotion,https://www.imdb.com/title/tt0803057/?ref_=sr_t_264,2008,1h 26m,R,5.6,20K
265. The Square,https://www.imdb.com/title/tt1085507/?ref_=sr_t_265,2008,1h 45m,R,6.7,6.5K
266. Turtle: The Incredible Journey,https://www.imdb.com/title/tt0970521/?ref_=sr_t_266,2008,1h 21m,G,7.0,893
267. Where in the World Is Osama Bin Laden?,https://www.imdb.com/title/tt0963208/?ref_=sr_t_267,2008,1h 30m,PG-13,6.5,6.1K
268. Thoda Pyaar Thoda Magic,https://www.imdb.com/title/tt1191138/?ref_=sr_t_268,2008,2h 25m,Not Rated,5.0,3.1K
"269. Mèche Blanche, les aventures du petit castor",https://www.imdb.com/title/tt0996972/?ref_=sr_t_269,2008,1h 17m,,7.0,318
270. Tokyo!,https://www.imdb.com/title/tt0976060/?ref_=sr_t_270,2008,1h 52m,Unrated,7.0,12K
271. The Merry Gentleman,https://www.imdb.com/title/tt0967945/?ref_=sr_t_271,2008,1h 50m,R,6.4,3.6K
272. Billy: The Early Years,https://www.imdb.com/title/tt1213672/?ref_=sr_t_272,2008,1h 38m,PG,6.5,849
273. Lorna's Silence,https://www.imdb.com/title/tt1186369/?ref_=sr_t_273,2008,1h 45m,R,7.1,9.3K
274. Everything Is Fine,https://www.imdb.com/title/tt1043749/?ref_=sr_t_274,2008,1h 58m,R,7.0,1.1K
275. The Yellow Handkerchief,https://www.imdb.com/title/tt0954990/?ref_=sr_t_275,2008,1h 42m,PG-13,6.7,9K
276. Bigger Stronger Faster*,https://www.imdb.com/title/tt1151309/?ref_=sr_t_276,2008,1h 45m,PG-13,7.5,14K
277. Unmistaken Child,https://www.imdb.com/title/tt1286798/?ref_=sr_t_277,2008,1h 42m,Not Rated,7.5,825
278. The Informers,https://www.imdb.com/title/tt0865554/?ref_=sr_t_278,2008,1h 38m,R,4.9,18K
279. Adoration,https://www.imdb.com/title/tt1074929/?ref_=sr_t_279,2008,1h 40m,R,6.3,3.5K
280. A Woman in Berlin,https://www.imdb.com/title/tt1035730/?ref_=sr_t_280,2008,2h 11m,Unrated,7.0,7.1K
281. Passengers,https://www.imdb.com/title/tt0449487/?ref_=sr_t_281,2008,1h 33m,PG-13,5.8,40K
282. Tokyo Sonata,https://www.imdb.com/title/tt0938341/?ref_=sr_t_282,2008,2h,PG-13,7.5,13K
283. Morning Light,https://www.imdb.com/title/tt1198405/?ref_=sr_t_283,2008,1h 37m,PG,5.7,426
284. Mesrine: Public Enemy No. 1,https://www.imdb.com/title/tt0411272/?ref_=sr_t_284,2008,2h 13m,R,7.4,32K
285. One Two Three,https://www.imdb.com/title/tt1176960/?ref_=sr_t_285,2008,2h 15m,Not Rated,5.5,3.2K
286. Harvard Beats Yale 29-29,https://www.imdb.com/title/tt1286800/?ref_=sr_t_286,2008,1h 45m,PG,7.3,707
287. The Lucky Ones,https://www.imdb.com/title/tt0981072/?ref_=sr_t_287,2008,1h 55m,R,6.9,15K
288. Revanche,https://www.imdb.com/title/tt1173745/?ref_=sr_t_288,2008,2h 1m,Not Rated,7.5,16K
289. The 13th Alley,https://www.imdb.com/title/tt1090634/?ref_=sr_t_289,2008,1h 21m,R,5.9,78
290. Enlighten Up!,https://www.imdb.com/title/tt1306972/?ref_=sr_t_290,2008,1h 22m,Not Rated,6.4,362
291. Il Divo,https://www.imdb.com/title/tt1023490/?ref_=sr_t_291,2008,1h 50m,Not Rated,7.2,19K
292. The Beaches of Agnès,https://www.imdb.com/title/tt1129435/?ref_=sr_t_292,2008,1h 52m,Not Rated,8.0,5K
293. Standard Operating Procedure,https://www.imdb.com/title/tt0896866/?ref_=sr_t_293,2008,1h 56m,R,7.4,4.1K
294. Call + Response,https://www.imdb.com/title/tt1301130/?ref_=sr_t_294,2008,1h 26m,PG-13,7.4,75
295. Hell Ride,https://www.imdb.com/title/tt0411475/?ref_=sr_t_295,2008,1h 24m,R,5.0,17K
296. CJ7,https://www.imdb.com/title/tt0940709/?ref_=sr_t_296,2008,1h 28m,PG,6.4,18K
297. Soul Power,https://www.imdb.com/title/tt1277736/?ref_=sr_t_297,2008,1h 32m,PG-13,7.1,938
298. The Burning Plain,https://www.imdb.com/title/tt1068641/?ref_=sr_t_298,2008,1h 47m,R,6.7,22K
299. Herb & Dorothy,https://www.imdb.com/title/tt1227929/?ref_=sr_t_299,2008,1h 27m,Not Rated,7.6,898
300. Fashion,https://www.imdb.com/title/tt0964516/?ref_=sr_t_300,2008,2h 47m,,6.9,13K
301. 35 Shots of Rum,https://www.imdb.com/title/tt1100048/?ref_=sr_t_301,2008,1h 40m,Unrated,7.1,5.4K
302. Mera Pind: My Home,https://www.imdb.com/title/tt1518814/?ref_=sr_t_302,2008,2h 45m,TV-PG,6.2,113
303. Youssou Ndour: I Bring What I Love,https://www.imdb.com/title/tt1235450/?ref_=sr_t_303,2008,1h 42m,PG,6.6,182
304. Terribly Happy,https://www.imdb.com/title/tt1087890/?ref_=sr_t_304,2008,1h 39m,Unrated,6.7,7.2K
305. Sleepwalking,https://www.imdb.com/title/tt0888693/?ref_=sr_t_305,2008,1h 41m,R,6.1,6.1K
306. Still Walking,https://www.imdb.com/title/tt1087578/?ref_=sr_t_306,2008,1h 55m,Not Rated,7.9,19K
307. Outlander,https://www.imdb.com/title/tt0462465/?ref_=sr_t_307,2008,1h 55m,R,6.2,80K
308. God Tussi Great Ho,https://www.imdb.com/title/tt0476550/?ref_=sr_t_308,2008,2h 32m,Not Rated,3.7,5.1K
309. Tulpan,https://www.imdb.com/title/tt0436854/?ref_=sr_t_309,2008,1h 40m,Not Rated,7.1,3.4K
310. Hunger,https://www.imdb.com/title/tt0986233/?ref_=sr_t_310,2008,1h 36m,Not Rated,7.5,75K
311. The Other Man,https://www.imdb.com/title/tt0974613/?ref_=sr_t_311,2008,1h 28m,R,5.4,13K
312. Flame & Citron,https://www.imdb.com/title/tt0920458/?ref_=sr_t_312,2008,2h 10m,Not Rated,7.2,20K
313. Repo! The Genetic Opera,https://www.imdb.com/title/tt0963194/?ref_=sr_t_313,2008,1h 38m,R,6.4,27K
314. One Day You'll Understand,https://www.imdb.com/title/tt1180346/?ref_=sr_t_314,2008,1h 30m,Not Rated,5.7,384
315. Sky Kids,https://www.imdb.com/title/tt0357668/?ref_=sr_t_315,2008,1h 58m,PG-13,6.8,3.5K
316. Flow: For Love of Water,https://www.imdb.com/title/tt1149583/?ref_=sr_t_316,2008,1h 24m,TV-Y7,7.5,1.2K
317. Free Style,https://www.imdb.com/title/tt1128071/?ref_=sr_t_317,2008,1h 34m,PG,3.9,486
318. Baghead,https://www.imdb.com/title/tt0923600/?ref_=sr_t_318,2008,1h 24m,R,6.0,5.7K
319. Proud American,https://www.imdb.com/title/tt1008023/?ref_=sr_t_319,2008,1h 55m,PG,1.1,933
320. Until the Light Takes Us,https://www.imdb.com/title/tt1014809/?ref_=sr_t_320,2008,1h 33m,Not Rated,7.0,6.8K
321. The Good the Bad the Weird,https://www.imdb.com/title/tt0901487/?ref_=sr_t_321,2008,2h 10m,R,7.2,39K
"322. Lovely, Still",https://www.imdb.com/title/tt1150947/?ref_=sr_t_322,2008,1h 32m,PG,7.1,2.4K
323. Were the World Mine,https://www.imdb.com/title/tt0476991/?ref_=sr_t_323,2008,1h 35m,Not Rated,6.8,6K
324. Examined Life,https://www.imdb.com/title/tt1279083/?ref_=sr_t_324,2008,1h 27m,Not Rated,7.0,1.9K
325. The Song of Sparrows,https://www.imdb.com/title/tt0997246/?ref_=sr_t_325,2008,1h 36m,PG,7.9,11K
326. Touching Home,https://www.imdb.com/title/tt0860870/?ref_=sr_t_326,2008,1h 48m,PG-13,5.7,800
327. Mere Baap Pehle Aap,https://www.imdb.com/title/tt1170404/?ref_=sr_t_327,2008,2h 43m,Not Rated,5.5,2.7K
328. Killing Kasztner,https://www.imdb.com/title/tt1038913/?ref_=sr_t_328,2008,2h,,7.2,113
329. Let it Rain,https://www.imdb.com/title/tt1065332/?ref_=sr_t_329,2008,1h 50m,,6.0,2K
330. Medicine for Melancholy,https://www.imdb.com/title/tt1133989/?ref_=sr_t_330,2008,1h 28m,Not Rated,6.6,2.7K
331. Pathology,https://www.imdb.com/title/tt0964539/?ref_=sr_t_331,2008,1h 35m,R,5.9,34K
332. Bustin' Down the Door,https://www.imdb.com/title/tt1129921/?ref_=sr_t_332,2008,1h 35m,Not Rated,7.1,330
333. Bronson,https://www.imdb.com/title/tt1172570/?ref_=sr_t_333,2008,1h 32m,R,7.0,144K
334. Another Gay Sequel: Gays Gone Wild!,https://www.imdb.com/title/tt1051981/?ref_=sr_t_334,2008,1h 39m,Unrated,4.0,3.4K
335. Cherry Blossoms,https://www.imdb.com/title/tt0910559/?ref_=sr_t_335,2008,2h 7m,Unrated,7.6,6.2K
336. Gigantic,https://www.imdb.com/title/tt1176251/?ref_=sr_t_336,2008,1h 38m,R,6.0,10K
337. Ong Bak 2,https://www.imdb.com/title/tt0785035/?ref_=sr_t_337,2008,1h 38m,R,6.2,32K
338. Momma's Man,https://www.imdb.com/title/tt1122599/?ref_=sr_t_338,2008,1h 34m,Not Rated,6.0,798
339. The Headless Woman,https://www.imdb.com/title/tt1221141/?ref_=sr_t_339,2008,1h 27m,Unrated,6.5,5.9K
340. Kings of the Evening,https://www.imdb.com/title/tt1006904/?ref_=sr_t_340,2008,1h 39m,PG,6.1,310
341. Under Our Skin,https://www.imdb.com/title/tt1202579/?ref_=sr_t_341,2008,1h 44m,Unrated,7.7,1.1K
342. Cloud 9,https://www.imdb.com/title/tt1037228/?ref_=sr_t_342,2008,1h 38m,R,6.6,1.6K
343. Pray the Devil Back to Hell,https://www.imdb.com/title/tt1202203/?ref_=sr_t_343,2008,1h 12m,Unrated,7.5,585
344. Throw Down Your Heart,https://www.imdb.com/title/tt1185405/?ref_=sr_t_344,2008,1h 37m,Not Rated,7.8,211
"345. Me & You, Us, Forever",https://www.imdb.com/title/tt0829432/?ref_=sr_t_345,2008,1h 32m,PG,4.3,255
346. The Midnight Meat Train,https://www.imdb.com/title/tt0805570/?ref_=sr_t_346,2008,1h 40m,R,6.0,73K
347. Maria Stuarda at La Scala,https://www.imdb.com/title/tt10192686/?ref_=sr_t_347,2008,,,,
348. Praying with Lior,https://www.imdb.com/title/tt1164092/?ref_=sr_t_348,2008,1h 27m,Unrated,7.5,134
349. Humboldt County,https://www.imdb.com/title/tt0870122/?ref_=sr_t_349,2008,1h 37m,R,6.2,2.9K
350. Kisses,https://www.imdb.com/title/tt0975684/?ref_=sr_t_350,2008,1h 12m,Not Rated,7.2,2K
351. The Mysteries of Pittsburgh,https://www.imdb.com/title/tt0768218/?ref_=sr_t_351,2008,1h 35m,R,5.4,3.5K
352. Sleep Dealer,https://www.imdb.com/title/tt0804529/?ref_=sr_t_352,2008,1h 30m,PG-13,6.0,6.7K
353. Oye Lucky! Lucky Oye!,https://www.imdb.com/title/tt1292703/?ref_=sr_t_353,2008,2h 5m,Not Rated,7.7,18K
354. Ballast,https://www.imdb.com/title/tt1153690/?ref_=sr_t_354,2008,1h 36m,Not Rated,6.9,2.4K
355. Prodigal Sons,https://www.imdb.com/title/tt1295068/?ref_=sr_t_355,2008,1h 26m,Not Rated,7.1,760
356. La siciliana ribelle,https://www.imdb.com/title/tt1213926/?ref_=sr_t_356,2008,1h 55m,Not Rated,6.9,1.9K
357. Fireflies in the Garden,https://www.imdb.com/title/tt0961108/?ref_=sr_t_357,2008,1h 39m,R,6.4,14K
358. Crips and Bloods: Made in America,https://www.imdb.com/title/tt0479044/?ref_=sr_t_358,2008,1h 33m,Not Rated,6.8,2.9K
359. The Business of Being Born,https://www.imdb.com/title/tt0995061/?ref_=sr_t_359,2008,1h 27m,Not Rated,7.3,1.5K
360. Disgrace,https://www.imdb.com/title/tt0445953/?ref_=sr_t_360,2008,1h 59m,R,6.5,5.9K
361. Talento de barrio,https://www.imdb.com/title/tt0467017/?ref_=sr_t_361,2008,1h 47m,R,5.2,915
362. Happy Valley,https://www.imdb.com/title/tt1263682/?ref_=sr_t_362,2008,1h 30m,PG-13,6.5,81
363. Allah Made Me Funny: Live in Concert,https://www.imdb.com/title/tt1285252/?ref_=sr_t_363,2008,1h 23m,PG,6.3,77
364. Julia,https://www.imdb.com/title/tt0903627/?ref_=sr_t_364,2008,2h 24m,R,7.0,7.1K
365. CSNY/Déjà Vu,https://www.imdb.com/title/tt1157620/?ref_=sr_t_365,2008,1h 36m,R,7.0,482
366. Bloodline,https://www.imdb.com/title/tt1190537/?ref_=sr_t_366,2008,1h 53m,Not Rated,5.6,407
367. Service,https://www.imdb.com/title/tt1225296/?ref_=sr_t_367,2008,1h 27m,R,6.1,2K
368. The Order of Myths,https://www.imdb.com/title/tt1157694/?ref_=sr_t_368,2008,1h 37m,Unrated,6.9,538
369. Deal,https://www.imdb.com/title/tt0446676/?ref_=sr_t_369,2008,1h 26m,PG-13,5.3,4.7K
370. Jerichow,https://www.imdb.com/title/tt1224153/?ref_=sr_t_370,2008,1h 33m,Unrated,7.0,3.4K
371. Treeless Mountain,https://www.imdb.com/title/tt1143155/?ref_=sr_t_371,2008,1h 29m,Not Rated,7.0,1.9K
372. Boogie Man: The Lee Atwater Story,https://www.imdb.com/title/tt1262863/?ref_=sr_t_372,2008,1h 26m,Not Rated,7.6,841
373. Roman Polanski: Wanted and Desired,https://www.imdb.com/title/tt1157705/?ref_=sr_t_373,2008,1h 39m,Unrated,7.2,5.3K
374. Four Seasons Lodge,https://www.imdb.com/title/tt0804485/?ref_=sr_t_374,2008,1h 37m,Not Rated,7.4,194
375. The End of Poverty?,https://www.imdb.com/title/tt0903943/?ref_=sr_t_375,2008,1h 46m,Not Rated,7.4,472
"376. Patrik, Age 1.5",https://www.imdb.com/title/tt1067733/?ref_=sr_t_376,2008,1h 43m,Unrated,6.9,11K
377. Finding Amanda,https://www.imdb.com/title/tt0889134/?ref_=sr_t_377,2008,1h 36m,R,5.5,3.5K
378. Beautiful Losers,https://www.imdb.com/title/tt0430916/?ref_=sr_t_378,2008,1h 30m,Not Rated,7.0,1.4K
379. Roadside Romeo,https://www.imdb.com/title/tt1050739/?ref_=sr_t_379,2008,1h 33m,Not Rated,4.8,1.8K
380. In a Dream,https://www.imdb.com/title/tt1185251/?ref_=sr_t_380,2008,1h 17m,Unrated,7.6,253
381. La Bohème,https://www.imdb.com/title/tt1157547/?ref_=sr_t_381,2008,1h 55m,,7.2,407
382. Harlan: In the Shadow of Jew Suess,https://www.imdb.com/title/tt1327726/?ref_=sr_t_382,2008,1h 40m,Not Rated,6.9,288
383. Bart Got a Room,https://www.imdb.com/title/tt0472050/?ref_=sr_t_383,2008,1h 20m,PG-13,5.7,4.3K
384. Visual Acoustics,https://www.imdb.com/title/tt1233611/?ref_=sr_t_384,2008,1h 23m,Unrated,7.4,696
385. Trucker,https://www.imdb.com/title/tt1087527/?ref_=sr_t_385,2008,1h 30m,R,6.5,3.6K
386. $9.99,https://www.imdb.com/title/tt0790799/?ref_=sr_t_386,2008,1h 18m,R,6.7,3.5K
387. The Human Experience,https://www.imdb.com/title/tt1252298/?ref_=sr_t_387,2008,1h 30m,PG-13,7.0,982
"388. Surfer, Dude",https://www.imdb.com/title/tt0976247/?ref_=sr_t_388,2008,1h 25m,R,4.6,9.3K
389. Burma VJ: Reporting from a Closed Country,https://www.imdb.com/title/tt1333634/?ref_=sr_t_389,2008,1h 24m,Unrated,7.8,2.5K
390. Gunnin' for That #1 Spot,https://www.imdb.com/title/tt1204298/?ref_=sr_t_390,2008,1h 30m,PG-13,6.4,517
391. Ciao,https://www.imdb.com/title/tt0870089/?ref_=sr_t_391,2008,1h 27m,R,6.6,2.6K
392. Box Elder,https://www.imdb.com/title/tt1215458/?ref_=sr_t_392,2008,1h 29m,Not Rated,7.3,324
393. Casi divas,https://www.imdb.com/title/tt1049948/?ref_=sr_t_393,2008,1h 47m,PG-13,6.2,791
394. Pressure Cooker,https://www.imdb.com/title/tt1185833/?ref_=sr_t_394,2008,1h 39m,Unrated,7.5,435
395. All Roads Lead Home,https://www.imdb.com/title/tt0821810/?ref_=sr_t_395,2008,1h 48m,PG,5.8,943
396. The Golden Boys,https://www.imdb.com/title/tt0882969/?ref_=sr_t_396,2008,1h 37m,PG,6.0,615
397. Blonde and Blonder,https://www.imdb.com/title/tt0893509/?ref_=sr_t_397,2008,1h 35m,PG-13,2.8,3.9K
398. Three Monkeys,https://www.imdb.com/title/tt1233381/?ref_=sr_t_398,2008,1h 49m,Not Rated,7.3,23K
399. The Betrayal,https://www.imdb.com/title/tt1157685/?ref_=sr_t_399,2008,1h 36m,,7.0,464
400. The Dhamma Brothers,https://www.imdb.com/title/tt1212007/?ref_=sr_t_400,2008,1h 16m,,7.6,483
401. Absurdistan,https://www.imdb.com/title/tt1027658/?ref_=sr_t_401,2008,1h 28m,Not Rated,6.7,1.8K
402. I Can't Think Straight,https://www.imdb.com/title/tt0830570/?ref_=sr_t_402,2008,1h 22m,PG-13,6.5,9.6K
403. The Red Baron,https://www.imdb.com/title/tt0365675/?ref_=sr_t_403,2008,1h 46m,PG-13,6.3,13K
404. Uncertainty,https://www.imdb.com/title/tt1086216/?ref_=sr_t_404,2008,1h 41m,Not Rated,5.7,6.7K
405. Our City Dreams,https://www.imdb.com/title/tt0968760/?ref_=sr_t_405,2008,1h 25m,Not Rated,6.6,116
406. Familiar Strangers,https://www.imdb.com/title/tt0914845/?ref_=sr_t_406,2008,1h 26m,PG-13,5.6,507
407. Of Time and the City,https://www.imdb.com/title/tt1232790/?ref_=sr_t_407,2008,1h 14m,Not Rated,7.2,2.3K
408. Fuel,https://www.imdb.com/title/tt0463990/?ref_=sr_t_408,2008,1h 30m,Not Rated,7.4,788
409. Living in Emergency,https://www.imdb.com/title/tt1294182/?ref_=sr_t_409,2008,2h,Unrated,7.9,1.1K
410. Hats Off,https://www.imdb.com/title/tt1194127/?ref_=sr_t_410,2008,1h 24m,,8.1,40
411. The Wedding Song,https://www.imdb.com/title/tt1264074/?ref_=sr_t_411,2008,1h 40m,Not Rated,6.6,887
412. Super Capers: The Origins of Ed and the Missing Bullion,https://www.imdb.com/title/tt1161064/?ref_=sr_t_412,2008,1h 38m,PG,3.2,1.2K
413. Patti Smith: Dream of Life,https://www.imdb.com/title/tt0940620/?ref_=sr_t_413,2008,1h 49m,Not Rated,7.0,1.1K
414. 24 City,https://www.imdb.com/title/tt1103963/?ref_=sr_t_414,2008,1h 52m,Not Rated,7.1,2.4K
415. Fighting for Life,https://www.imdb.com/title/tt1143105/?ref_=sr_t_415,2008,1h 29m,,8.0,160
416. Walking on Dead Fish,https://www.imdb.com/title/tt1284596/?ref_=sr_t_416,2008,PG-13,,8.2,29
417. American Swing,https://www.imdb.com/title/tt1058058/?ref_=sr_t_417,2008,1h 21m,Not Rated,6.2,790
418. Teza,https://www.imdb.com/title/tt1284592/?ref_=sr_t_418,2008,2h 20m,Not Rated,7.1,647
419. The Windmill Movie,https://www.imdb.com/title/tt1276996/?ref_=sr_t_419,2008,1h 22m,TV-14,6.1,132
420. The Alphabet Killer,https://www.imdb.com/title/tt0818165/?ref_=sr_t_420,2008,1h 38m,R,5.2,9.1K
421. Mancora,https://www.imdb.com/title/tt1003023/?ref_=sr_t_421,2008,1h 40m,R,6.4,1.3K
422. Explicit Ills,https://www.imdb.com/title/tt1095001/?ref_=sr_t_422,2008,1h 27m,R,5.5,879
423. An American Affair,https://www.imdb.com/title/tt0899138/?ref_=sr_t_423,2008,1h 33m,R,6.1,2.4K
424. Runaways,https://www.imdb.com/title/tt1339588/?ref_=sr_t_424,2008,1h 28m,R,6.5,15
425. The Hottie & the Nottie,https://www.imdb.com/title/tt0804492/?ref_=sr_t_425,2008,1h 31m,PG-13,2.0,39K
426. Good Dick,https://www.imdb.com/title/tt0944101/?ref_=sr_t_426,2008,1h 26m,R,6.3,8.3K
427. Surveillance,https://www.imdb.com/title/tt0409345/?ref_=sr_t_427,2008,1h 37m,R,6.3,19K
428. Good,https://www.imdb.com/title/tt0436364/?ref_=sr_t_428,2008,1h 32m,R,6.2,8K
429. Guest of Cindy Sherman,https://www.imdb.com/title/tt0443524/?ref_=sr_t_429,2008,1h 28m,Not Rated,6.4,246
430. Frontrunners,https://www.imdb.com/title/tt1104783/?ref_=sr_t_430,2008,1h 23m,Not Rated,6.5,270
431. The Garden,https://www.imdb.com/title/tt1252486/?ref_=sr_t_431,2008,1h 20m,Unrated,7.3,755
432. Nursery University,https://www.imdb.com/title/tt1213832/?ref_=sr_t_432,2008,1h 30m,Not Rated,6.7,272
433. Gotta Dance,https://www.imdb.com/title/tt1202566/?ref_=sr_t_433,2008,1h 33m,Not Rated,7.6,69
434. Bonnie & Clyde vs. Dracula,https://www.imdb.com/title/tt1117379/?ref_=sr_t_434,2008,1h 31m,Not Rated,4.4,440
435. Ranchero,https://www.imdb.com/title/tt0867411/?ref_=sr_t_435,2008,1h 35m,Not Rated,5.1,155
436. Death in Love,https://www.imdb.com/title/tt1079980/?ref_=sr_t_436,2008,1h 37m,R,4.7,1.2K
437. Filth and Wisdom,https://www.imdb.com/title/tt1042499/?ref_=sr_t_437,2008,1h 24m,Unrated,5.3,2.6K
438. Downloading Nancy,https://www.imdb.com/title/tt0411323/?ref_=sr_t_438,2008,1h 42m,Not Rated,5.7,3.1K
439. The Garden of Eden,https://www.imdb.com/title/tt1031243/?ref_=sr_t_439,2008,1h 51m,R,5.3,1.3K
440. Garden Party,https://www.imdb.com/title/tt0828393/?ref_=sr_t_440,2008,1h 28m,Not Rated,5.5,3.6K
441. The Matador,https://www.imdb.com/title/tt1186238/?ref_=sr_t_441,2008,1h 14m,Not Rated,6.5,187
442. Antarctica,https://www.imdb.com/title/tt1234240/?ref_=sr_t_442,2008,1h 52m,R,5.9,857
443. Diminished Capacity,https://www.imdb.com/title/tt1007950/?ref_=sr_t_443,2008,1h 32m,Not Rated,5.5,1.4K
"444. Not Quite Hollywood: The Wild, Untold Story of Ozploitation!",https://www.imdb.com/title/tt0996966/?ref_=sr_t_444,2008,1h 43m,R,7.6,4.8K
445. Tony Manero,https://www.imdb.com/title/tt1223975/?ref_=sr_t_445,2008,1h 37m,TV-MA,6.8,4.6K
446. Walt & El Grupo,https://www.imdb.com/title/tt1223150/?ref_=sr_t_446,2008,1h 46m,PG,6.4,462
447. The Korean,https://www.imdb.com/title/tt1261889/?ref_=sr_t_447,2008,1h 38m,Not Rated,3.2,221
448. A Wink and a Smile,https://www.imdb.com/title/tt1245369/?ref_=sr_t_448,2008,1h 31m,Not Rated,7.1,109
449. Trying to Get Good: The Jazz Odyssey of Jack Sheldon,https://www.imdb.com/title/tt1196707/?ref_=sr_t_449,2008,1h 30m,,8.1,41
450. Donkey Punch,https://www.imdb.com/title/tt0988849/?ref_=sr_t_450,2008,1h 39m,R,5.2,12K
451. Neshoba,https://www.imdb.com/title/tt1337155/?ref_=sr_t_451,2008,1h 26m,Not Rated,7.7,99
452. Blessed Is the Match,https://www.imdb.com/title/tt0814031/?ref_=sr_t_452,2008,1h 26m,Not Rated,7.1,158
453. Killshot,https://www.imdb.com/title/tt0443559/?ref_=sr_t_453,2008,1h 35m,R,6.0,22K
454. Between Love & Goodbye,https://www.imdb.com/title/tt1137437/?ref_=sr_t_454,2008,1h 37m,Unrated,5.6,1.3K
"455. Live Fast, Die Young",https://www.imdb.com/title/tt1253853/?ref_=sr_t_455,2008,1h 41m,,8.3,873
456. Dear Zachary: A Letter to a Son About His Father,https://www.imdb.com/title/tt1152758/?ref_=sr_t_456,2008,1h 35m,Not Rated,8.5,42K
457. Cook County,https://www.imdb.com/title/tt1147682/?ref_=sr_t_457,2008,1h 33m,Not Rated,6.7,579
458. The New Twenty,https://www.imdb.com/title/tt0949875/?ref_=sr_t_458,2008,1h 32m,Unrated,5.2,524
459. Adventures of Power,https://www.imdb.com/title/tt0960721/?ref_=sr_t_459,2008,1h 29m,PG-13,5.8,2K
460. Baby Blues,https://www.imdb.com/title/tt1076778/?ref_=sr_t_460,2008,1h 26m,,4.6,177
461. The Understudy,https://www.imdb.com/title/tt1014808/?ref_=sr_t_461,2008,1h 41m,Not Rated,5.1,185
462. Mia and the Migoo,https://www.imdb.com/title/tt0792978/?ref_=sr_t_462,2008,1h 32m,PG,6.6,451
463. Dark Streets,https://www.imdb.com/title/tt0772165/?ref_=sr_t_463,2008,1h 23m,R,4.4,430
464. Mumbai Meri Jaan,https://www.imdb.com/title/tt1266583/?ref_=sr_t_464,2008,2h 14m,,7.7,6.6K
465. Tennessee,https://www.imdb.com/title/tt0770814/?ref_=sr_t_465,2008,1h 40m,R,5.8,898
466. Home,https://www.imdb.com/title/tt1319569/?ref_=sr_t_466,2008,1h 38m,Not Rated,6.9,5.1K
467. Eden,https://www.imdb.com/title/tt1020950/?ref_=sr_t_467,2008,1h 23m,Unrated,5.8,234
468. The Beautiful Truth,https://www.imdb.com/title/tt1288553/?ref_=sr_t_468,2008,1h 32m,Not Rated,6.9,657
469. Chocolate,https://www.imdb.com/title/tt1183252/?ref_=sr_t_469,2008,1h 50m,R,6.9,19K
470. Leonera,https://www.imdb.com/title/tt1022606/?ref_=sr_t_470,2008,1h 53m,Not Rated,7.0,3.4K
471. Kabei: Our Mother,https://www.imdb.com/title/tt0855852/?ref_=sr_t_471,2008,2h 13m,Not Rated,7.6,1.5K
472. Splinter,https://www.imdb.com/title/tt1031280/?ref_=sr_t_472,2008,1h 22m,R,6.1,42K
473. Laila's Birthday,https://www.imdb.com/title/tt1281951/?ref_=sr_t_473,2008,1h 11m,Unrated,6.9,527
474. The Escapist,https://www.imdb.com/title/tt0961728/?ref_=sr_t_474,2008,1h 42m,Not Rated,6.7,18K
475. Sherman's Way,https://www.imdb.com/title/tt0834541/?ref_=sr_t_475,2008,1h 37m,,5.4,572
476. Kicking It,https://www.imdb.com/title/tt1157668/?ref_=sr_t_476,2008,1h 38m,Not Rated,7.3,391
477. Harold,https://www.imdb.com/title/tt1041753/?ref_=sr_t_477,2008,1h 30m,PG-13,5.4,2K
478. The Art of Being Straight,https://www.imdb.com/title/tt1222330/?ref_=sr_t_478,2008,1h 7m,TV-MA,4.9,715
479. Lake City,https://www.imdb.com/title/tt0875705/?ref_=sr_t_479,2008,1h 33m,R,5.7,968
480. August,https://www.imdb.com/title/tt0470679/?ref_=sr_t_480,2008,1h 28m,R,5.3,4.4K
481. Around June,https://www.imdb.com/title/tt0926036/?ref_=sr_t_481,2008,1h 33m,Not Rated,5.1,196
482. Jake's Corner,https://www.imdb.com/title/tt1024746/?ref_=sr_t_482,2008,1h 38m,PG,5.9,257
483. Full Battle Rattle,https://www.imdb.com/title/tt1078891/?ref_=sr_t_483,2008,1h 25m,Not Rated,6.6,169
484. Sex Positive,https://www.imdb.com/title/tt1183697/?ref_=sr_t_484,2008,1h 15m,R,6.6,216
485. Quid Pro Quo,https://www.imdb.com/title/tt0414426/?ref_=sr_t_485,2008,1h 22m,R,6.1,2.6K
486. Chelsea on the Rocks,https://www.imdb.com/title/tt1134665/?ref_=sr_t_486,2008,1h 29m,R,5.9,507
487. Salt of This Sea,https://www.imdb.com/title/tt1090680/?ref_=sr_t_487,2008,1h 49m,Unrated,6.8,1.6K
488. Gardens of the Night,https://www.imdb.com/title/tt0833960/?ref_=sr_t_488,2008,1h 50m,R,6.8,4.8K
489. Quiet Chaos,https://www.imdb.com/title/tt0929412/?ref_=sr_t_489,2008,1h 45m,Not Rated,6.8,4.2K
"490. Otto; or, Up with Dead People",https://www.imdb.com/title/tt1151384/?ref_=sr_t_490,2008,1h 34m,Not Rated,5.1,2.1K
491. Looking for Palladin,https://www.imdb.com/title/tt0882113/?ref_=sr_t_491,2008,1h 55m,R,5.3,200
492. Passion,https://www.imdb.com/title/tt1301178/?ref_=sr_t_492,2008,1h 55m,,6.9,1.1K
493. The Pleasure of Being Robbed,https://www.imdb.com/title/tt1189259/?ref_=sr_t_493,2008,1h 11m,Not Rated,6.1,2.1K
494. Santa Mesa,https://www.imdb.com/title/tt0770751/?ref_=sr_t_494,2008,1h 22m,Not Rated,5.9,60
495. Zero Bridge,https://www.imdb.com/title/tt1270494/?ref_=sr_t_495,2008,1h 36m,Not Rated,5.8,160
496. The Heir Apparent: Largo Winch,https://www.imdb.com/title/tt0808339/?ref_=sr_t_496,2008,1h 48m,Not Rated,6.4,15K
497. Vanished Empire,https://www.imdb.com/title/tt1217578/?ref_=sr_t_497,2008,1h 45m,Not Rated,6.8,602
498. Fix,https://www.imdb.com/title/tt1103221/?ref_=sr_t_498,2008,1h 33m,R,6.0,952
499. Home,https://www.imdb.com/title/tt0822388/?ref_=sr_t_499,2008,1h 24m,PG-13,5.3,209
500. Tru Loved,https://www.imdb.com/title/tt1056441/?ref_=sr_t_500,2008,1h 42m,R,5.5,956
501. Robert Blecker Wants Me Dead,https://www.imdb.com/title/tt1305592/?ref_=sr_t_501,2008,1h 34m,TV-MA,7.3,39
502. A Good Day to Be Black & Sexy,https://www.imdb.com/title/tt0482517/?ref_=sr_t_502,2008,1h 32m,R,4.9,527
503. Stealing America: Vote by Vote,https://www.imdb.com/title/tt1279111/?ref_=sr_t_503,2008,1h 30m,,7.0,50
504. Yonkers Joe,https://www.imdb.com/title/tt1018830/?ref_=sr_t_504,2008,1h 41m,R,6.3,1K
505. I Sell the Dead,https://www.imdb.com/title/tt0902290/?ref_=sr_t_505,2008,1h 25m,Not Rated,6.0,11K
506. Eleven Minutes,https://www.imdb.com/title/tt1149584/?ref_=sr_t_506,2008,1h 43m,R,6.6,121
507. Jazz in the Diamond District,https://www.imdb.com/title/tt0861779/?ref_=sr_t_507,2008,1h 19m,R,5.5,61
508. Eden Lake,https://www.imdb.com/title/tt1020530/?ref_=sr_t_508,2008,1h 31m,R,6.7,100K
509. Gangster's Paradise: Jerusalema,https://www.imdb.com/title/tt0783532/?ref_=sr_t_509,2008,1h 59m,R,7.3,11K
510. Misconceptions,https://www.imdb.com/title/tt1172066/?ref_=sr_t_510,2008,1h 35m,TV-MA,4.7,267
511. Mutant Chronicles,https://www.imdb.com/title/tt0490181/?ref_=sr_t_511,2008,1h 51m,R,5.2,27K
512. The Skeptic,https://www.imdb.com/title/tt0493451/?ref_=sr_t_512,2008,1h 29m,Not Rated,5.6,4.6K
513. Pretty Ugly People,https://www.imdb.com/title/tt0874425/?ref_=sr_t_513,2008,1h 39m,R,4.9,2.3K
514. Dream Boy,https://www.imdb.com/title/tt0889595/?ref_=sr_t_514,2008,1h 28m,R,6.2,4.5K
515. Ek Vivaah... Aisa Bhi,https://www.imdb.com/title/tt1194608/?ref_=sr_t_515,2008,2h 12m,Not Rated,5.3,574
516. Watercolors,https://www.imdb.com/title/tt0826756/?ref_=sr_t_516,2008,1h 54m,TV-MA,6.4,1.7K
517. The Amazing Truth About Queen Raquela,https://www.imdb.com/title/tt0814005/?ref_=sr_t_517,2008,1h 20m,R,5.7,259
518. Nights and Weekends,https://www.imdb.com/title/tt1186248/?ref_=sr_t_518,2008,1h 20m,Unrated,5.9,1.9K
519. On War,https://www.imdb.com/title/tt1064861/?ref_=sr_t_519,2008,2h 10m,Unrated,5.9,565
520. Daytime Drinking,https://www.imdb.com/title/tt1277938/?ref_=sr_t_520,2008,1h 56m,,6.7,598
521. The Oxford Murders,https://www.imdb.com/title/tt0488604/?ref_=sr_t_521,2008,1h 48m,R,6.1,31K
522. Red,https://www.imdb.com/title/tt0972883/?ref_=sr_t_522,2008,1h 33m,R,6.9,13K
523. Solar Flare,https://www.imdb.com/title/tt1130091/?ref_=sr_t_523,2008,1h 27m,PG-13,3.3,640
524. Afterschool,https://www.imdb.com/title/tt1224366/?ref_=sr_t_524,2008,2h,Not Rated,6.0,5K
525. Pontypool,https://www.imdb.com/title/tt1226681/?ref_=sr_t_525,2008,1h 33m,Not Rated,6.5,37K
526. Give Me Your Hand,https://www.imdb.com/title/tt0877700/?ref_=sr_t_526,2008,1h 20m,Unrated,5.8,1.4K
527. The Full Picture,https://www.imdb.com/title/tt0937221/?ref_=sr_t_527,2008,1h 20m,Not Rated,8.5,104
528. Fashion Victim,https://www.imdb.com/title/tt0834961/?ref_=sr_t_528,2008,1h 30m,R,3.1,292
529. El Superstar: The Unlikely Rise of Juan Frances,https://www.imdb.com/title/tt0855846/?ref_=sr_t_529,2008,1h 31m,,6.8,67
530. Who Does She Think She Is?,https://www.imdb.com/title/tt1124217/?ref_=sr_t_530,2008,1h 13m,,8.1,53
531. A French Gigolo,https://www.imdb.com/title/tt1091992/?ref_=sr_t_531,2008,1h 44m,,6.0,1.2K
532. Run for Your Life,https://www.imdb.com/title/tt1202576/?ref_=sr_t_532,2008,1h 36m,Not Rated,6.9,218
533. Wetlands Preserved: The Story of an Activist Nightclub,https://www.imdb.com/title/tt0811154/?ref_=sr_t_533,2008,1h 33m,Not Rated,7.6,78
"534. On the Other Hand, Death",https://www.imdb.com/title/tt1238298/?ref_=sr_t_534,2008,1h 26m,R,6.4,842
535. Lower Learning,https://www.imdb.com/title/tt1129381/?ref_=sr_t_535,2008,1h 37m,R,4.0,3K
536. The Blue Tooth Virgin,https://www.imdb.com/title/tt1235058/?ref_=sr_t_536,2008,1h 20m,R,5.3,187
537. The Village Barbershop,https://www.imdb.com/title/tt0859644/?ref_=sr_t_537,2008,1h 39m,R,6.8,639
538. Miss Conception,https://www.imdb.com/title/tt0985593/?ref_=sr_t_538,2008,1h 44m,R,4.6,2.9K
539. NoBody's Perfect,https://www.imdb.com/title/tt1266093/?ref_=sr_t_539,2008,1h 24m,Not Rated,7.3,126
540. Murder.com,https://www.imdb.com/title/tt1194606/?ref_=sr_t_540,2008,1h 25m,R,3.6,583
541. Shuttle,https://www.imdb.com/title/tt0880648/?ref_=sr_t_541,2008,1h 47m,R,5.6,6.2K
542. House of Usher,https://www.imdb.com/title/tt1017442/?ref_=sr_t_542,2008,1h 24m,R,3.1,617
543. Flashbacks of a Fool,https://www.imdb.com/title/tt1037218/?ref_=sr_t_543,2008,1h 53m,R,6.8,13K
544. Carmo,https://www.imdb.com/title/tt0842675/?ref_=sr_t_544,2008,1h 39m,Not Rated,5.5,225
545. Ice Blues,https://www.imdb.com/title/tt1130987/?ref_=sr_t_545,2008,1h 38m,R,6.4,785
546. America Betrayed,https://www.imdb.com/title/tt1268175/?ref_=sr_t_546,2008,1h 35m,Not Rated,7.5,51
547. Food Beware: The French Organic Revolution,https://www.imdb.com/title/tt1319645/?ref_=sr_t_547,2008,1h 52m,TV-G,6.8,160
548. Childless,https://www.imdb.com/title/tt0867270/?ref_=sr_t_548,2008,1h 30m,R,5.2,118
549. Confessionsofa Ex-Doofus-ItchyFooted Mutha,https://www.imdb.com/title/tt1202163/?ref_=sr_t_549,2008,1h 39m,,6.9,50
550. How to Be a Serial Killer,https://www.imdb.com/title/tt1038971/?ref_=sr_t_550,2008,1h 31m,R,5.4,2.2K
551. Disfigured,https://www.imdb.com/title/tt0830535/?ref_=sr_t_551,2008,1h 36m,,6.6,347
552. C'est dur d'être aimé par des cons,https://www.imdb.com/title/tt1289783/?ref_=sr_t_552,2008,1h 50m,Not Rated,7.2,237
553. Rome & Jewel,https://www.imdb.com/title/tt0773306/?ref_=sr_t_553,2008,1h 31m,,4.0,157
554. The Objective,https://www.imdb.com/title/tt0962711/?ref_=sr_t_554,2008,1h 30m,Not Rated,5.4,8.6K
555. Dog Eat Dog,https://www.imdb.com/title/tt1157631/?ref_=sr_t_555,2008,1h 46m,TV-MA,6.6,1.9K
556. Martyrs,https://www.imdb.com/title/tt1029234/?ref_=sr_t_556,2008,1h 39m,R,7.0,111K
557. The Poker House,https://www.imdb.com/title/tt1014806/?ref_=sr_t_557,2008,1h 33m,R,6.3,6K
558. Ip Man,https://www.imdb.com/title/tt1220719/?ref_=sr_t_558,2008,1h 46m,R,8.0,237K
559. The Edge of Love,https://www.imdb.com/title/tt0819714/?ref_=sr_t_559,2008,1h 50m,R,6.1,19K
560. A Tale of Legendary Libido,https://www.imdb.com/title/tt1433775/?ref_=sr_t_560,2008,2h,,5.3,1K
561. Wild Child,https://www.imdb.com/title/tt1024255/?ref_=sr_t_561,2008,1h 38m,PG-13,6.1,66K
"562. Angus, Thongs and Perfect Snogging",https://www.imdb.com/title/tt0963743/?ref_=sr_t_562,2008,1h 40m,PG-13,6.3,31K
563. The Flight Before Christmas,https://www.imdb.com/title/tt0885415/?ref_=sr_t_563,2008,1h 20m,G,6.1,4K
564. The Chaser,https://www.imdb.com/title/tt1190539/?ref_=sr_t_564,2008,2h 5m,Not Rated,7.8,75K
565. Felon,https://www.imdb.com/title/tt1117385/?ref_=sr_t_565,2008,1h 44m,R,7.4,85K
566. Lake Mungo,https://www.imdb.com/title/tt0816556/?ref_=sr_t_566,2008,1h 27m,R,6.2,32K
567. Extreme Movie,https://www.imdb.com/title/tt0806147/?ref_=sr_t_567,2008,1h 26m,R,3.7,12K
568. Thomas Kinkade's Christmas Cottage,https://www.imdb.com/title/tt0999872/?ref_=sr_t_568,2008,1h 36m,PG,6.3,2.9K
569. The Cottage,https://www.imdb.com/title/tt0465430/?ref_=sr_t_569,2008,1h 32m,Unrated,6.1,13K
570. While She Was Out,https://www.imdb.com/title/tt0887971/?ref_=sr_t_570,2008,1h 26m,R,4.8,7.5K
571. Asterix at the Olympic Games,https://www.imdb.com/title/tt0463872/?ref_=sr_t_571,2008,1h 56m,Not Rated,5.2,33K
572. The Wave,https://www.imdb.com/title/tt1063669/?ref_=sr_t_572,2008,1h 47m,Not Rated,7.6,117K
573. Zombie Strippers!,https://www.imdb.com/title/tt0960890/?ref_=sr_t_573,2008,1h 34m,R,4.1,19K
574. Deadgirl,https://www.imdb.com/title/tt0896534/?ref_=sr_t_574,2008,1h 41m,R,5.5,20K
575. Coopers' Camera,https://www.imdb.com/title/tt1242777/?ref_=sr_t_575,2008,1h 35m,Not Rated,6.0,690
576. The Children,https://www.imdb.com/title/tt1172571/?ref_=sr_t_576,2008,1h 24m,R,5.9,19K
577. Layla Live or Die,https://www.imdb.com/title/tt2299459/?ref_=sr_t_577,2008,2h 14m,NC-17,4.6,91
578. Love Exposure,https://www.imdb.com/title/tt1128075/?ref_=sr_t_578,2008,3h 57m,Unrated,8.0,17K
579. Tokyo Gore Police,https://www.imdb.com/title/tt1183732/?ref_=sr_t_579,2008,1h 50m,Not Rated,5.9,13K
580. Diary of a Nymphomaniac,https://www.imdb.com/title/tt1111890/?ref_=sr_t_580,2008,1h 41m,Not Rated,5.6,12K
581. Nothing But the Truth,https://www.imdb.com/title/tt1073241/?ref_=sr_t_581,2008,1h 48m,R,7.1,40K
582. A Wednesday,https://www.imdb.com/title/tt1280558/?ref_=sr_t_582,2008,1h 44m,Not Rated,8.1,84K
583. Jolene,https://www.imdb.com/title/tt0867334/?ref_=sr_t_583,2008,2h 1m,R,6.4,5.3K
584. Gutterballs,https://www.imdb.com/title/tt1087853/?ref_=sr_t_584,2008,1h 36m,Unrated,4.5,3.8K
585. Max Manus: Man of War,https://www.imdb.com/title/tt1029235/?ref_=sr_t_585,2008,1h 58m,Not Rated,7.3,30K
586. Open Season 2,https://www.imdb.com/title/tt1107365/?ref_=sr_t_586,2008,1h 16m,PG,5.5,27K
587. Prince of Broadway,https://www.imdb.com/title/tt1000769/?ref_=sr_t_587,2008,1h 40m,Not Rated,7.0,780
588. The Secret of Moonacre,https://www.imdb.com/title/tt0396707/?ref_=sr_t_588,2008,1h 43m,PG,6.0,11K
589. Alien Raiders,https://www.imdb.com/title/tt0996979/?ref_=sr_t_589,2008,1h 25m,R,5.6,9.2K
590. Foreign Exchange,https://www.imdb.com/title/tt1146283/?ref_=sr_t_590,2008,1h 25m,R,4.0,1.6K
591. Welcome to the Sticks,https://www.imdb.com/title/tt1064932/?ref_=sr_t_591,2008,1h 46m,Not Rated,7.1,46K
592. A Frozen Flower,https://www.imdb.com/title/tt1155053/?ref_=sr_t_592,2008,2h 13m,TV-MA,7.1,5.4K
593. Poison Ivy: The Secret Society,https://www.imdb.com/title/tt1131749/?ref_=sr_t_593,2008,1h 35m,Not Rated,4.2,2.5K
594. Train,https://www.imdb.com/title/tt1015474/?ref_=sr_t_594,2008,1h 34m,R,4.7,7.1K
595. Keith,https://www.imdb.com/title/tt0435679/?ref_=sr_t_595,2008,1h 35m,PG-13,7.3,38K
596. À l'aventure,https://www.imdb.com/title/tt1235552/?ref_=sr_t_596,2008,1h 44m,Not Rated,5.4,2.4K
597. Strictly Sexual,https://www.imdb.com/title/tt0494277/?ref_=sr_t_597,2008,1h 40m,R,6.2,5.6K
598. Performance Anxiety,https://www.imdb.com/title/tt1821566/?ref_=sr_t_598,2008,1h 12m,,5.8,46
599. Spy School,https://www.imdb.com/title/tt0484831/?ref_=sr_t_599,2008,1h 26m,PG,4.5,1.7K
600. Don't Look Down,https://www.imdb.com/title/tt1233487/?ref_=sr_t_600,2008,1h 25m,R,5.9,3.4K
