Title,Movie Link,Year,Duration,MPA,Rating,Votes
1. The Hunger Games: Catching Fire,https://www.imdb.com/title/tt1951264/?ref_=sr_t_1,2013,2h 26m,PG-13,7.5,738K
2. Iron Man 3,https://www.imdb.com/title/tt1300854/?ref_=sr_t_2,2013,2h 10m,PG-13,7.1,920K
3. Frozen,https://www.imdb.com/title/tt2294629/?ref_=sr_t_3,2013,1h 42m,PG,7.4,680K
4. Despicable Me 2,https://www.imdb.com/title/tt1690953/?ref_=sr_t_4,2013,1h 38m,PG,7.3,438K
5. Man of Steel,https://www.imdb.com/title/tt0770828/?ref_=sr_t_5,2013,2h 23m,PG-13,7.1,826K
6. Gravity,https://www.imdb.com/title/tt1454468/?ref_=sr_t_6,2013,1h 31m,PG-13,7.7,876K
7. Monsters University,https://www.imdb.com/title/tt1453405/?ref_=sr_t_7,2013,1h 44m,G,7.2,403K
8. The Hobbit: The Desolation of Smaug,https://www.imdb.com/title/tt1170358/?ref_=sr_t_8,2013,2h 41m,PG-13,7.8,724K
9. Fast & Furious 6,https://www.imdb.com/title/tt1905041/?ref_=sr_t_9,2013,2h 10m,PG-13,7.0,424K
10. Oz the Great and Powerful,https://www.imdb.com/title/tt1623205/?ref_=sr_t_10,2013,2h 10m,PG,6.3,217K
11. Star Trek Into Darkness,https://www.imdb.com/title/tt1408101/?ref_=sr_t_11,2013,2h 12m,PG-13,7.7,502K
12. Thor: The Dark World,https://www.imdb.com/title/tt1981115/?ref_=sr_t_12,2013,1h 52m,PG-13,6.7,742K
13. World War Z,https://www.imdb.com/title/tt0816711/?ref_=sr_t_13,2013,1h 56m,PG-13,7.0,743K
14. The Croods,https://www.imdb.com/title/tt0481499/?ref_=sr_t_14,2013,1h 38m,PG,7.1,239K
15. The Heat,https://www.imdb.com/title/tt2404463/?ref_=sr_t_15,2013,1h 57m,R,6.6,184K
16. We're the Millers,https://www.imdb.com/title/tt1723121/?ref_=sr_t_16,2013,1h 50m,R,7.0,500K
17. American Hustle,https://www.imdb.com/title/tt1800241/?ref_=sr_t_17,2013,2h 18m,R,7.2,507K
18. The Great Gatsby,https://www.imdb.com/title/tt1343092/?ref_=sr_t_18,2013,2h 23m,PG-13,7.2,613K
19. The Conjuring,https://www.imdb.com/title/tt1457767/?ref_=sr_t_19,2013,1h 52m,R,7.5,575K
20. Identity Thief,https://www.imdb.com/title/tt2024432/?ref_=sr_t_20,2013,1h 51m,R,5.7,143K
21. Grown Ups 2,https://www.imdb.com/title/tt2191701/?ref_=sr_t_21,2013,1h 41m,PG-13,5.4,176K
22. The Wolverine,https://www.imdb.com/title/tt1430132/?ref_=sr_t_22,2013,2h 6m,PG-13,6.7,507K
23. Anchorman 2: The Legend Continues,https://www.imdb.com/title/tt1229340/?ref_=sr_t_23,2013,1h 59m,PG-13,6.3,196K
24. Lone Survivor,https://www.imdb.com/title/tt1091191/?ref_=sr_t_24,2013,2h 1m,R,7.5,313K
25. G.I. Joe: Retaliation,https://www.imdb.com/title/tt1583421/?ref_=sr_t_25,2013,1h 50m,PG-13,5.7,189K
26. Cloudy with a Chance of Meatballs 2,https://www.imdb.com/title/tt1985966/?ref_=sr_t_26,2013,1h 35m,PG,6.3,118K
27. Now You See Me,https://www.imdb.com/title/tt1670345/?ref_=sr_t_27,2013,1h 55m,PG-13,7.2,727K
28. The Wolf of Wall Street,https://www.imdb.com/title/tt0993846/?ref_=sr_t_28,2013,3h,R,8.2,1.6M
29. The Butler,https://www.imdb.com/title/tt1327773/?ref_=sr_t_29,2013,2h 12m,PG-13,7.2,121K
30. The Hangover Part III,https://www.imdb.com/title/tt1951261/?ref_=sr_t_30,2013,1h 40m,R,5.8,344K
31. Epic,https://www.imdb.com/title/tt0848537/?ref_=sr_t_31,2013,1h 42m,PG,6.6,111K
32. Captain Phillips,https://www.imdb.com/title/tt1535109/?ref_=sr_t_32,2013,2h 14m,PG-13,7.8,503K
33. Jackass Presents: Bad Grandpa,https://www.imdb.com/title/tt3063516/?ref_=sr_t_33,2013,1h 32m,R,6.5,99K
34. Pacific Rim,https://www.imdb.com/title/tt1663662/?ref_=sr_t_34,2013,2h 11m,PG-13,6.9,541K
35. This Is the End,https://www.imdb.com/title/tt1245492/?ref_=sr_t_35,2013,1h 47m,R,6.6,441K
36. Olympus Has Fallen,https://www.imdb.com/title/tt2302755/?ref_=sr_t_36,2013,1h 59m,R,6.5,298K
37. 42,https://www.imdb.com/title/tt0453562/?ref_=sr_t_37,2013,2h 8m,PG-13,7.5,105K
38. Elysium,https://www.imdb.com/title/tt1535108/?ref_=sr_t_38,2013,1h 49m,R,6.6,479K
39. Planes,https://www.imdb.com/title/tt1691917/?ref_=sr_t_39,2013,1h 31m,PG,5.7,50K
40. The Lone Ranger,https://www.imdb.com/title/tt1210819/?ref_=sr_t_40,2013,2h 30m,PG-13,6.4,247K
41. Oblivion,https://www.imdb.com/title/tt1483013/?ref_=sr_t_41,2013,2h 4m,PG-13,7.0,564K
42. Insidious: Chapter 2,https://www.imdb.com/title/tt2226417/?ref_=sr_t_42,2013,1h 46m,PG-13,6.6,194K
43. Saving Mr. Banks,https://www.imdb.com/title/tt2140373/?ref_=sr_t_43,2013,2h 5m,PG-13,7.5,172K
44. Turbo,https://www.imdb.com/title/tt1860353/?ref_=sr_t_44,2013,1h 36m,PG,6.4,116K
45. 2 Guns,https://www.imdb.com/title/tt1272878/?ref_=sr_t_45,2013,1h 49m,R,6.7,230K
46. White House Down,https://www.imdb.com/title/tt2334879/?ref_=sr_t_46,2013,2h 11m,PG-13,6.3,241K
47. Mama,https://www.imdb.com/title/tt2023587/?ref_=sr_t_47,2013,1h 40m,PG-13,6.2,195K
48. Safe Haven,https://www.imdb.com/title/tt1702439/?ref_=sr_t_48,2013,1h 55m,PG-13,6.7,118K
49. The Smurfs 2,https://www.imdb.com/title/tt2017020/?ref_=sr_t_49,2013,1h 45m,PG,5.3,47K
50. The Best Man Holiday,https://www.imdb.com/title/tt2083355/?ref_=sr_t_50,2013,2h 3m,R,6.6,17K
51. Percy Jackson: Sea of Monsters,https://www.imdb.com/title/tt1854564/?ref_=sr_t_51,2013,1h 46m,PG,5.7,129K
52. A Good Day to Die Hard,https://www.imdb.com/title/tt1606378/?ref_=sr_t_52,2013,1h 38m,R,5.2,218K
53. Warm Bodies,https://www.imdb.com/title/tt1588173/?ref_=sr_t_53,2013,1h 38m,PG-13,6.8,248K
54. Jack the Giant Slayer,https://www.imdb.com/title/tt1351685/?ref_=sr_t_54,2013,1h 54m,PG-13,6.3,150K
55. The Purge,https://www.imdb.com/title/tt2184339/?ref_=sr_t_55,2013,1h 25m,R,5.7,248K
56. Last Vegas,https://www.imdb.com/title/tt1204975/?ref_=sr_t_56,2013,1h 45m,PG-13,6.6,138K
57. Ender's Game,https://www.imdb.com/title/tt1731141/?ref_=sr_t_57,2013,1h 54m,PG-13,6.6,258K
58. Prisoners,https://www.imdb.com/title/tt1392214/?ref_=sr_t_58,2013,2h 33m,R,8.2,849K
59. After Earth,https://www.imdb.com/title/tt1815862/?ref_=sr_t_59,2013,1h 40m,PG-13,4.8,212K
60. The Secret Life of Walter Mitty,https://www.imdb.com/title/tt0359950/?ref_=sr_t_60,2013,1h 54m,PG,7.3,350K
61. 12 Years a Slave,https://www.imdb.com/title/tt2024544/?ref_=sr_t_61,2013,2h 14m,R,8.1,756K
62. Free Birds,https://www.imdb.com/title/tt1621039/?ref_=sr_t_62,2013,1h 31m,PG,5.8,27K
63. Hansel & Gretel: Witch Hunters,https://www.imdb.com/title/tt1428538/?ref_=sr_t_63,2013,1h 28m,R,6.1,220K
64. Evil Dead,https://www.imdb.com/title/tt1288558/?ref_=sr_t_64,2013,1h 31m,R,6.5,204K
65. RED 2,https://www.imdb.com/title/tt1821694/?ref_=sr_t_65,2013,1h 56m,PG-13,6.6,184K
66. A Madea Christmas,https://www.imdb.com/title/tt2609758/?ref_=sr_t_66,2013,1h 40m,PG-13,5.1,7.4K
67. Temptation: Confessions of a Marriage Counselor,https://www.imdb.com/title/tt2070862/?ref_=sr_t_67,2013,1h 51m,PG-13,4.9,13K
68. The Call,https://www.imdb.com/title/tt1911644/?ref_=sr_t_68,2013,1h 34m,R,6.7,131K
69. Pain & Gain,https://www.imdb.com/title/tt1980209/?ref_=sr_t_69,2013,2h 9m,R,6.4,234K
70. Gangster Squad,https://www.imdb.com/title/tt1321870/?ref_=sr_t_70,2013,1h 53m,R,6.7,225K
71. The Internship,https://www.imdb.com/title/tt2234155/?ref_=sr_t_71,2013,1h 59m,PG-13,6.3,218K
72. Instructions Not Included,https://www.imdb.com/title/tt2378281/?ref_=sr_t_72,2013,2h 2m,PG-13,7.5,33K
73. Snitch,https://www.imdb.com/title/tt0882977/?ref_=sr_t_73,2013,1h 52m,PG-13,6.4,94K
74. Riddick,https://www.imdb.com/title/tt1411250/?ref_=sr_t_74,2013,1h 59m,R,6.4,181K
75. A Haunted House,https://www.imdb.com/title/tt2243537/?ref_=sr_t_75,2013,1h 26m,R,5.0,51K
76. 47 Ronin,https://www.imdb.com/title/tt1335975/?ref_=sr_t_76,2013,2h 8m,PG-13,6.2,174K
77. August: Osage County,https://www.imdb.com/title/tt1322269/?ref_=sr_t_77,2013,2h 1m,R,7.2,97K
78. Philomena,https://www.imdb.com/title/tt2431286/?ref_=sr_t_78,2013,1h 38m,PG-13,7.6,105K
79. The Family,https://www.imdb.com/title/tt2404311/?ref_=sr_t_79,2013,1h 51m,R,6.3,125K
80. Walking with Dinosaurs 3D,https://www.imdb.com/title/tt1762399/?ref_=sr_t_80,2013,1h 27m,PG,5.2,12K
81. Carrie,https://www.imdb.com/title/tt1939659/?ref_=sr_t_81,2013,1h 40m,R,5.8,151K
82. Texas Chainsaw,https://www.imdb.com/title/tt1572315/?ref_=sr_t_82,2013,1h 32m,R,4.8,58K
83. R.I.P.D.,https://www.imdb.com/title/tt0790736/?ref_=sr_t_83,2013,1h 36m,PG-13,5.6,147K
84. Blue Jasmine,https://www.imdb.com/title/tt2334873/?ref_=sr_t_84,2013,1h 38m,PG-13,7.3,215K
85. Kevin Hart: Let Me Explain,https://www.imdb.com/title/tt2609912/?ref_=sr_t_85,2013,1h 15m,R,6.7,9.4K
86. Side Effects,https://www.imdb.com/title/tt2053463/?ref_=sr_t_86,2013,1h 46m,R,7.1,200K
87. Scary Movie V,https://www.imdb.com/title/tt0795461/?ref_=sr_t_87,2013,1h 26m,PG-13,3.5,79K
88. The Mortal Instruments: City of Bones,https://www.imdb.com/title/tt1538403/?ref_=sr_t_88,2013,2h 10m,PG-13,5.8,140K
89. Delivery Man,https://www.imdb.com/title/tt2387559/?ref_=sr_t_89,2013,1h 45m,PG-13,6.3,84K
90. Grudge Match,https://www.imdb.com/title/tt1661382/?ref_=sr_t_90,2013,1h 53m,PG-13,6.4,64K
91. One Direction: This Is Us,https://www.imdb.com/title/tt2515086/?ref_=sr_t_91,2013,1h 32m,PG,4.3,25K
92. Kick-Ass 2,https://www.imdb.com/title/tt1650554/?ref_=sr_t_92,2013,1h 43m,R,6.5,293K
93. Oculus,https://www.imdb.com/title/tt2388715/?ref_=sr_t_93,2013,1h 44m,R,6.5,143K
94. Dallas Buyers Club,https://www.imdb.com/title/tt0790636/?ref_=sr_t_94,2013,1h 57m,R,7.9,529K
95. Rush,https://www.imdb.com/title/tt1979320/?ref_=sr_t_95,2013,2h 3m,R,8.1,527K
96. The Host,https://www.imdb.com/title/tt1517260/?ref_=sr_t_96,2013,2h 5m,PG-13,5.8,120K
97. The World's End,https://www.imdb.com/title/tt1213663/?ref_=sr_t_97,2013,1h 49m,R,6.9,304K
98. 21 & Over,https://www.imdb.com/title/tt1711425/?ref_=sr_t_98,2013,1h 33m,R,5.8,78K
99. Her,https://www.imdb.com/title/tt1798709/?ref_=sr_t_99,2013,2h 6m,R,8.0,691K
100. Escape Plan,https://www.imdb.com/title/tt1211956/?ref_=sr_t_100,2013,1h 55m,R,6.7,263K
101. Don Jon,https://www.imdb.com/title/tt2229499/?ref_=sr_t_101,2013,1h 30m,R,6.5,250K
102. The Incredible Burt Wonderstone,https://www.imdb.com/title/tt0790628/?ref_=sr_t_102,2013,1h 40m,PG-13,5.9,77K
103. The Big Wedding,https://www.imdb.com/title/tt1931435/?ref_=sr_t_103,2013,1h 29m,R,5.6,53K
104. Baggage Claim,https://www.imdb.com/title/tt1171222/?ref_=sr_t_104,2013,1h 36m,PG-13,5.1,9.8K
105. The Way Way Back,https://www.imdb.com/title/tt1727388/?ref_=sr_t_105,2013,1h 43m,PG-13,7.4,159K
106. The Book Thief,https://www.imdb.com/title/tt0816442/?ref_=sr_t_106,2013,2h 11m,PG-13,7.5,144K
107. Homefront,https://www.imdb.com/title/tt2312718/?ref_=sr_t_107,2013,1h 40m,R,6.5,134K
108. Broken City,https://www.imdb.com/title/tt1235522/?ref_=sr_t_108,2013,1h 49m,R,6.1,84K
109. Beautiful Creatures,https://www.imdb.com/title/tt1559547/?ref_=sr_t_109,2013,2h 4m,PG-13,6.1,92K
110. Runner Runner,https://www.imdb.com/title/tt2364841/?ref_=sr_t_110,2013,1h 28m,R,5.6,66K
111. Admission,https://www.imdb.com/title/tt1814621/?ref_=sr_t_111,2013,1h 47m,PG-13,5.7,37K
112. Nebraska,https://www.imdb.com/title/tt1821549/?ref_=sr_t_112,2013,1h 55m,R,7.7,125K
113. Parker,https://www.imdb.com/title/tt1904996/?ref_=sr_t_113,2013,1h 58m,R,6.2,132K
114. Enough Said,https://www.imdb.com/title/tt2390361/?ref_=sr_t_114,2013,1h 33m,PG-13,7.0,67K
115. Dark Skies,https://www.imdb.com/title/tt2387433/?ref_=sr_t_115,2013,1h 37m,PG-13,6.3,82K
116. The Counselor,https://www.imdb.com/title/tt2193215/?ref_=sr_t_116,2013,1h 57m,R,5.4,107K
117. Begin Again,https://www.imdb.com/title/tt1980929/?ref_=sr_t_117,2013,1h 44m,R,7.4,170K
118. Jobs,https://www.imdb.com/title/tt2357129/?ref_=sr_t_118,2013,2h 8m,PG-13,6.0,105K
119. Fruitvale Station,https://www.imdb.com/title/tt2334649/?ref_=sr_t_119,2013,1h 25m,R,7.5,87K
120. About Time,https://www.imdb.com/title/tt2194499/?ref_=sr_t_120,2013,2h 3m,R,7.8,404K
121. The Last Exorcism Part II,https://www.imdb.com/title/tt2034139/?ref_=sr_t_121,2013,1h 28m,PG-13,4.0,17K
122. Labor Day,https://www.imdb.com/title/tt1967545/?ref_=sr_t_122,2013,1h 51m,PG-13,6.9,53K
123. Inside Llewyn Davis,https://www.imdb.com/title/tt2042568/?ref_=sr_t_123,2013,1h 44m,R,7.4,166K
124. The Last Stand,https://www.imdb.com/title/tt1549920/?ref_=sr_t_124,2013,1h 47m,R,6.3,147K
125. Out of the Furnace,https://www.imdb.com/title/tt1206543/?ref_=sr_t_125,2013,1h 56m,R,6.7,127K
126. Dead Man Down,https://www.imdb.com/title/tt2101341/?ref_=sr_t_126,2013,1h 58m,R,6.4,71K
127. Belle,https://www.imdb.com/title/tt2404181/?ref_=sr_t_127,2013,1h 40m,PG,7.3,34K
128. Getaway,https://www.imdb.com/title/tt2167202/?ref_=sr_t_128,2013,1h 30m,PG-13,4.4,26K
129. Peeples,https://www.imdb.com/title/tt1699755/?ref_=sr_t_129,2013,1h 35m,PG-13,5.4,5.2K
130. Battle of the Year,https://www.imdb.com/title/tt1532958/?ref_=sr_t_130,2013,1h 50m,PG-13,5.0,9.8K
131. Movie 43,https://www.imdb.com/title/tt1333125/?ref_=sr_t_131,2013,1h 34m,R,4.4,115K
132. Legends of Oz: Dorothy's Return,https://www.imdb.com/title/tt0884726/?ref_=sr_t_132,2013,1h 28m,PG,4.9,6.4K
133. Mandela: Long Walk to Freedom,https://www.imdb.com/title/tt2304771/?ref_=sr_t_133,2013,2h 21m,PG-13,7.1,29K
134. Before Midnight,https://www.imdb.com/title/tt2209418/?ref_=sr_t_134,2013,1h 49m,R,7.9,177K
135. Dhoom 3,https://www.imdb.com/title/tt1833673/?ref_=sr_t_135,2013,2h 52m,Not Rated,5.4,51K
136. Machete Kills,https://www.imdb.com/title/tt2002718/?ref_=sr_t_136,2013,1h 47m,R,5.6,84K
137. Bad Words,https://www.imdb.com/title/tt2170299/?ref_=sr_t_137,2013,1h 29m,R,6.6,56K
138. Paranoia,https://www.imdb.com/title/tt1413495/?ref_=sr_t_138,2013,1h 46m,PG-13,5.6,40K
139. The Green Inferno,https://www.imdb.com/title/tt2403021/?ref_=sr_t_139,2013,1h 40m,R,5.4,52K
140. Black Nativity,https://www.imdb.com/title/tt1425922/?ref_=sr_t_140,2013,1h 33m,PG,4.8,2.4K
141. The Spectacular Now,https://www.imdb.com/title/tt1714206/?ref_=sr_t_141,2013,1h 35m,R,7.0,164K
142. The Grandmaster,https://www.imdb.com/title/tt1462900/?ref_=sr_t_142,2013,2h 10m,PG-13,6.6,37K
143. All Is Lost,https://www.imdb.com/title/tt2017038/?ref_=sr_t_143,2013,1h 46m,PG-13,6.9,85K
144. Justin Bieber's Believe,https://www.imdb.com/title/tt3165608/?ref_=sr_t_144,2013,1h 32m,PG,1.6,18K
145. The Bling Ring,https://www.imdb.com/title/tt2132285/?ref_=sr_t_145,2013,1h 30m,R,5.6,94K
146. Pulling Strings,https://www.imdb.com/title/tt3203890/?ref_=sr_t_146,2013,1h 51m,PG,6.1,2K
147. Closed Circuit,https://www.imdb.com/title/tt2218003/?ref_=sr_t_147,2013,1h 36m,R,6.2,24K
148. Chennai Express,https://www.imdb.com/title/tt2112124/?ref_=sr_t_148,2013,2h 21m,Not Rated,6.2,66K
149. The Wind Rises,https://www.imdb.com/title/tt2013293/?ref_=sr_t_149,2013,2h 6m,PG-13,7.8,104K
150. 20 Feet from Stardom,https://www.imdb.com/title/tt2396566/?ref_=sr_t_150,2013,1h 31m,PG-13,7.4,14K
151. Snowpiercer,https://www.imdb.com/title/tt1706620/?ref_=sr_t_151,2013,2h 6m,R,7.1,399K
152. The Railway Man,https://www.imdb.com/title/tt2058107/?ref_=sr_t_152,2013,1h 56m,R,7.1,43K
153. The Lunchbox,https://www.imdb.com/title/tt2350496/?ref_=sr_t_153,2013,1h 44m,PG,7.8,63K
154. Yeh Jawaani Hai Deewani,https://www.imdb.com/title/tt2178470/?ref_=sr_t_154,2013,2h 40m,Not Rated,7.3,54K
155. Ida,https://www.imdb.com/title/tt2718492/?ref_=sr_t_155,2013,1h 22m,PG-13,7.4,62K
156. Fading Gigolo,https://www.imdb.com/title/tt2258345/?ref_=sr_t_156,2013,1h 30m,R,6.2,26K
157. What If,https://www.imdb.com/title/tt1486834/?ref_=sr_t_157,2013,1h 38m,PG-13,6.8,83K
158. The To Do List,https://www.imdb.com/title/tt1758795/?ref_=sr_t_158,2013,1h 44m,R,5.8,43K
159. The Grand Seduction,https://www.imdb.com/title/tt2319580/?ref_=sr_t_159,2013,1h 53m,PG-13,7.0,20K
160. Metallica Through the Never,https://www.imdb.com/title/tt2172935/?ref_=sr_t_160,2013,1h 33m,R,7.1,18K
161. The Fifth Estate,https://www.imdb.com/title/tt1837703/?ref_=sr_t_161,2013,2h 8m,R,6.2,43K
162. In a World...,https://www.imdb.com/title/tt2294677/?ref_=sr_t_162,2013,1h 33m,R,6.6,33K
163. Home Run,https://www.imdb.com/title/tt2051894/?ref_=sr_t_163,2013,1h 53m,PG-13,5.9,3.4K
164. The Great Beauty,https://www.imdb.com/title/tt2358891/?ref_=sr_t_164,2013,2h 21m,Not Rated,7.7,100K
165. Goliyon Ki Raasleela Ram Leela,https://www.imdb.com/title/tt2215477/?ref_=sr_t_165,2013,2h 30m,Not Rated,6.4,23K
166. Under the Skin,https://www.imdb.com/title/tt1441395/?ref_=sr_t_166,2013,1h 48m,R,6.3,163K
167. Dragon Ball Z: Battle of Gods,https://www.imdb.com/title/tt2263944/?ref_=sr_t_167,2013,1h 25m,TV-PG,7.1,31K
168. Grace Unplugged,https://www.imdb.com/title/tt2349460/?ref_=sr_t_168,2013,1h 42m,PG,6.0,3.7K
169. I'm in Love with a Church Girl,https://www.imdb.com/title/tt1618432/?ref_=sr_t_169,2013,1h 58m,PG,4.2,2.1K
170. Trance,https://www.imdb.com/title/tt1924429/?ref_=sr_t_170,2013,1h 41m,R,6.9,119K
171. The East,https://www.imdb.com/title/tt1869716/?ref_=sr_t_171,2013,1h 56m,PG-13,6.8,53K
172. The Christmas Candle,https://www.imdb.com/title/tt2739338/?ref_=sr_t_172,2013,1h 40m,PG,6.3,2.8K
173. Le Week-End,https://www.imdb.com/title/tt2392326/?ref_=sr_t_173,2013,1h 33m,R,6.4,8.8K
174. Blue Is the Warmest Colour,https://www.imdb.com/title/tt2278871/?ref_=sr_t_174,2013,3h,NC-17,7.7,167K
175. Oldboy,https://www.imdb.com/title/tt1321511/?ref_=sr_t_175,2013,1h 44m,R,5.8,82K
176. Krrish 3,https://www.imdb.com/title/tt1029231/?ref_=sr_t_176,2013,2h 32m,,5.3,26K
177. Words and Pictures,https://www.imdb.com/title/tt2380331/?ref_=sr_t_177,2013,1h 51m,PG-13,6.6,12K
178. Austenland,https://www.imdb.com/title/tt1985019/?ref_=sr_t_178,2013,1h 37m,PG-13,6.3,24K
179. The Saratov Approach,https://www.imdb.com/title/tt2887322/?ref_=sr_t_179,2013,1h 47m,PG-13,5.5,2.2K
180. The Oscar Nominated Short Films 2013: Live Action,https://www.imdb.com/title/tt2691580/?ref_=sr_t_180,2013,1h 55m,R,7.3,230
181. Gloria,https://www.imdb.com/title/tt2425486/?ref_=sr_t_181,2013,1h 50m,R,6.9,9.6K
182. Blackfish,https://www.imdb.com/title/tt2545118/?ref_=sr_t_182,2013,1h 23m,PG-13,8.1,74K
183. The Immigrant,https://www.imdb.com/title/tt1951181/?ref_=sr_t_183,2013,2h,R,6.6,34K
184. Only Lovers Left Alive,https://www.imdb.com/title/tt1714915/?ref_=sr_t_184,2013,2h 3m,R,7.2,111K
185. Girl Rising,https://www.imdb.com/title/tt2444946/?ref_=sr_t_185,2013,1h 41m,PG-13,7.1,1.3K
186. Stoker,https://www.imdb.com/title/tt1682180/?ref_=sr_t_186,2013,1h 39m,R,6.7,116K
187. Tim's Vermeer,https://www.imdb.com/title/tt3089388/?ref_=sr_t_187,2013,1h 20m,PG-13,7.8,8.6K
188. Bhaag Milkha Bhaag,https://www.imdb.com/title/tt2356180/?ref_=sr_t_188,2013,3h 6m,Not Rated,8.2,74K
189. Race 2,https://www.imdb.com/title/tt1375789/?ref_=sr_t_189,2013,2h 30m,Not Rated,5.4,18K
190. Finding Vivian Maier,https://www.imdb.com/title/tt2714900/?ref_=sr_t_190,2013,1h 23m,Not Rated,7.7,15K
191. Locke,https://www.imdb.com/title/tt2692904/?ref_=sr_t_191,2013,1h 25m,R,7.1,163K
192. I'm So Excited!,https://www.imdb.com/title/tt2243389/?ref_=sr_t_192,2013,1h 30m,R,5.6,25K
193. Gimme Shelter,https://www.imdb.com/title/tt1657510/?ref_=sr_t_193,2013,1h 41m,PG-13,6.4,9.6K
194. The Past,https://www.imdb.com/title/tt2404461/?ref_=sr_t_194,2013,2h 10m,PG-13,7.7,51K
195. The Ultimate Life,https://www.imdb.com/title/tt1778924/?ref_=sr_t_195,2013,1h 45m,PG,6.1,1.7K
196. The Kings of Summer,https://www.imdb.com/title/tt2179116/?ref_=sr_t_196,2013,1h 35m,R,7.1,86K
197. The Invisible Woman,https://www.imdb.com/title/tt1700845/?ref_=sr_t_197,2013,1h 51m,R,6.1,11K
198. Inequality for All,https://www.imdb.com/title/tt2215151/?ref_=sr_t_198,2013,1h 29m,PG,8.0,7.1K
199. Repentance,https://www.imdb.com/title/tt2012665/?ref_=sr_t_199,2013,1h 30m,R,4.9,2.8K
200. Romeo & Juliet,https://www.imdb.com/title/tt1645131/?ref_=sr_t_200,2013,1h 58m,PG-13,5.8,13K
201. Kai Po Che,https://www.imdb.com/title/tt2213054/?ref_=sr_t_201,2013,2h,Not Rated,7.8,39K
202. Walking with the Enemy,https://www.imdb.com/title/tt1515208/?ref_=sr_t_202,2013,2h 4m,PG-13,6.5,2.8K
203. Phantom,https://www.imdb.com/title/tt1922685/?ref_=sr_t_203,2013,1h 38m,R,5.9,15K
204. Kill Your Darlings,https://www.imdb.com/title/tt1311071/?ref_=sr_t_204,2013,1h 44m,R,6.4,42K
205. Third Person,https://www.imdb.com/title/tt2343793/?ref_=sr_t_205,2013,2h 17m,R,6.3,30K
206. Stalingrad,https://www.imdb.com/title/tt1966566/?ref_=sr_t_206,2013,2h 11m,R,5.7,18K
207. Short Term 12,https://www.imdb.com/title/tt2370248/?ref_=sr_t_207,2013,1h 36m,R,7.9,93K
208. Enemy,https://www.imdb.com/title/tt2316411/?ref_=sr_t_208,2013,1h 31m,R,6.9,223K
209. The Tale of The Princess Kaguya,https://www.imdb.com/title/tt2576852/?ref_=sr_t_209,2013,2h 17m,PG,8.0,57K
210. The 100 Year-Old Man Who Climbed Out the Window and Disappeared,https://www.imdb.com/title/tt2113681/?ref_=sr_t_210,2013,1h 54m,R,7.0,43K
211. Raanjhanaa,https://www.imdb.com/title/tt2359810/?ref_=sr_t_211,2013,2h 20m,Not Rated,7.6,35K
212. Alone Yet Not Alone,https://www.imdb.com/title/tt1986769/?ref_=sr_t_212,2013,1h 43m,PG-13,4.7,997
213. Particle Fever,https://www.imdb.com/title/tt1385956/?ref_=sr_t_213,2013,1h 39m,Not Rated,7.4,7.6K
214. Generation Iron,https://www.imdb.com/title/tt2205904/?ref_=sr_t_214,2013,1h 46m,PG-13,7.0,8.1K
215. Nymphomaniac: Vol. I,https://www.imdb.com/title/tt1937390/?ref_=sr_t_215,2013,1h 57m,Not Rated,6.9,134K
216. Only God Forgives,https://www.imdb.com/title/tt1602613/?ref_=sr_t_216,2013,1h 30m,R,5.7,120K
217. Palo Alto,https://www.imdb.com/title/tt2479800/?ref_=sr_t_217,2013,1h 40m,R,6.2,32K
218. Satyagraha,https://www.imdb.com/title/tt2275802/?ref_=sr_t_218,2013,2h 32m,,5.9,5.5K
219. Muscle Shoals,https://www.imdb.com/title/tt2492916/?ref_=sr_t_219,2013,1h 51m,PG,7.8,4.4K
220. Besharam,https://www.imdb.com/title/tt2576450/?ref_=sr_t_220,2013,2h 23m,Not Rated,3.5,6.1K
221. The Berlin File,https://www.imdb.com/title/tt2357377/?ref_=sr_t_221,2013,2h,PG-13,6.6,7.8K
222. Parkland,https://www.imdb.com/title/tt2345112/?ref_=sr_t_222,2013,1h 33m,PG-13,6.4,18K
223. Jodorowsky's Dune,https://www.imdb.com/title/tt1935156/?ref_=sr_t_223,2013,1h 30m,PG-13,8.0,28K
224. Walking the Camino: Six Ways to Santiago,https://www.imdb.com/title/tt2406422/?ref_=sr_t_224,2013,1h 24m,Not Rated,7.3,341
225. Salinger,https://www.imdb.com/title/tt1596753/?ref_=sr_t_225,2013,2h,PG-13,6.7,2.7K
226. Robber,https://www.imdb.com/title/tt2224317/?ref_=sr_t_226,2013,2h 16m,Not Rated,7.4,17K
227. The Attorney,https://www.imdb.com/title/tt3404140/?ref_=sr_t_227,2013,2h 7m,Not Rated,7.7,8K
228. The Lost Medallion: The Adventures of Billy Stone,https://www.imdb.com/title/tt1390539/?ref_=sr_t_228,2013,1h 37m,PG,4.9,1.9K
229. Dom Hemingway,https://www.imdb.com/title/tt2402105/?ref_=sr_t_229,2013,1h 33m,R,6.1,28K
230. Scatter My Ashes at Bergdorf's,https://www.imdb.com/title/tt1893326/?ref_=sr_t_230,2013,1h 33m,PG-13,6.3,931
231. The Face Reader,https://www.imdb.com/title/tt3008014/?ref_=sr_t_231,2013,2h 20m,PG-13,6.8,3K
232. Tracks,https://www.imdb.com/title/tt2167266/?ref_=sr_t_232,2013,1h 52m,PG-13,7.1,32K
233. The Inevitable Defeat of Mister & Pete,https://www.imdb.com/title/tt2113075/?ref_=sr_t_233,2013,1h 48m,R,7.5,5.8K
234. New World,https://www.imdb.com/title/tt2625030/?ref_=sr_t_234,2013,2h 15m,Not Rated,7.5,27K
235. In Secret,https://www.imdb.com/title/tt0409379/?ref_=sr_t_235,2013,1h 47m,R,6.1,9.9K
236. Upstream Color,https://www.imdb.com/title/tt2084989/?ref_=sr_t_236,2013,1h 36m,Not Rated,6.5,35K
237. Sound City,https://www.imdb.com/title/tt2306745/?ref_=sr_t_237,2013,1h 47m,Not Rated,7.8,14K
238. The German Doctor,https://www.imdb.com/title/tt1847746/?ref_=sr_t_238,2013,1h 33m,PG-13,6.7,7.9K
239. Grand Masti,https://www.imdb.com/title/tt2476154/?ref_=sr_t_239,2013,2h 17m,Not Rated,4.5,6.9K
240. Phata Poster Nikhla Hero,https://www.imdb.com/title/tt2615584/?ref_=sr_t_240,2013,2h 26m,Not Rated,4.9,5.7K
241. Ain't Them Bodies Saints,https://www.imdb.com/title/tt2388637/?ref_=sr_t_241,2013,1h 36m,R,6.4,23K
242. Dirty Wars,https://www.imdb.com/title/tt2532528/?ref_=sr_t_242,2013,1h 27m,Not Rated,7.4,9.4K
243. The Armstrong Lie,https://www.imdb.com/title/tt1638364/?ref_=sr_t_243,2013,2h 4m,R,7.2,8.1K
244. Personal Tailor,https://www.imdb.com/title/tt2992152/?ref_=sr_t_244,2013,1h 58m,,5.2,1.4K
245. Puella Magi Madoka Magica the Movie Part III: The Rebellion Story,https://www.imdb.com/title/tt2457282/?ref_=sr_t_245,2013,1h 56m,Not Rated,7.8,4.3K
246. Venus in Fur,https://www.imdb.com/title/tt2406252/?ref_=sr_t_246,2013,1h 36m,Not Rated,7.1,21K
247. Joe,https://www.imdb.com/title/tt2382396/?ref_=sr_t_247,2013,1h 57m,R,6.8,52K
248. Shootout at Wadala,https://www.imdb.com/title/tt2301155/?ref_=sr_t_248,2013,2h 35m,Not Rated,6.0,7.8K
249. When Comedy Went to School,https://www.imdb.com/title/tt2167056/?ref_=sr_t_249,2013,1h 23m,Approved,6.2,133
250. Lovelace,https://www.imdb.com/title/tt1426329/?ref_=sr_t_250,2013,1h 33m,R,6.2,43K
251. Omar,https://www.imdb.com/title/tt2852406/?ref_=sr_t_251,2013,1h 38m,Not Rated,7.5,16K
252. The Face of Love,https://www.imdb.com/title/tt1839642/?ref_=sr_t_252,2013,1h 32m,PG-13,6.2,6.1K
253. Drinking Buddies,https://www.imdb.com/title/tt2265398/?ref_=sr_t_253,2013,1h 30m,R,6.1,61K
254. Gori Tere Pyaar Mein!,https://www.imdb.com/title/tt2275794/?ref_=sr_t_254,2013,2h 30m,Not Rated,4.9,4.2K
255. Jimi: All Is by My Side,https://www.imdb.com/title/tt2402085/?ref_=sr_t_255,2013,1h 58m,R,5.7,7.1K
256. Chinese Puzzle,https://www.imdb.com/title/tt1937118/?ref_=sr_t_256,2013,1h 57m,R,6.9,15K
257. Diana,https://www.imdb.com/title/tt1758595/?ref_=sr_t_257,2013,1h 53m,PG-13,5.6,21K
"258. Like Father, Like Son",https://www.imdb.com/title/tt2331143/?ref_=sr_t_258,2013,2h 1m,Not Rated,7.8,29K
259. Elaine Stritch: Shoot Me,https://www.imdb.com/title/tt2405792/?ref_=sr_t_259,2013,1h 21m,Not Rated,7.5,1K
260. Nymphomaniac: Vol. II,https://www.imdb.com/title/tt2382009/?ref_=sr_t_260,2013,2h 4m,Not Rated,6.6,100K
261. Stranger by the Lake,https://www.imdb.com/title/tt2852458/?ref_=sr_t_261,2013,1h 40m,Not Rated,6.9,17K
262. Camp,https://www.imdb.com/title/tt2371287/?ref_=sr_t_262,2013,1h 49m,PG-13,6.8,800
263. Adore,https://www.imdb.com/title/tt2103267/?ref_=sr_t_263,2013,1h 52m,R,6.2,37K
264. Not Today,https://www.imdb.com/title/tt1564870/?ref_=sr_t_264,2013,1h 58m,PG-13,5.5,778
265. On My Way,https://www.imdb.com/title/tt2289538/?ref_=sr_t_265,2013,1h 56m,Not Rated,6.4,2.6K
266. A Five Star Life,https://www.imdb.com/title/tt2261434/?ref_=sr_t_266,2013,1h 25m,Not Rated,6.3,2.6K
267. Mood Indigo,https://www.imdb.com/title/tt2027140/?ref_=sr_t_267,2013,1h 34m,Not Rated,6.5,17K
268. Linsanity,https://www.imdb.com/title/tt2359427/?ref_=sr_t_268,2013,1h 29m,PG,7.3,2.1K
269. Go Goa Gone,https://www.imdb.com/title/tt2436516/?ref_=sr_t_269,2013,1h 51m,Not Rated,6.7,16K
270. Innocence,https://www.imdb.com/title/tt1724965/?ref_=sr_t_270,2013,1h 36m,PG-13,4.5,1.4K
271. The Dance of Reality,https://www.imdb.com/title/tt2301592/?ref_=sr_t_271,2013,2h 13m,Unrated,7.5,9.7K
272. Antarctica: A Year on Ice,https://www.imdb.com/title/tt2361700/?ref_=sr_t_272,2013,1h 31m,PG,7.6,3.8K
273. The Last of Robin Hood,https://www.imdb.com/title/tt2450440/?ref_=sr_t_273,2013,1h 34m,R,5.7,2.4K
274. The Anonymous People,https://www.imdb.com/title/tt2571226/?ref_=sr_t_274,2013,1h 28m,,7.1,205
275. The Unknown Known,https://www.imdb.com/title/tt2390962/?ref_=sr_t_275,2013,1h 43m,PG-13,7.0,4.3K
276. Night Moves,https://www.imdb.com/title/tt2043933/?ref_=sr_t_276,2013,1h 52m,R,6.1,17K
277. Himmatwala,https://www.imdb.com/title/tt2344678/?ref_=sr_t_277,2013,2h 30m,Not Rated,1.8,9.4K
278. The Love Punch,https://www.imdb.com/title/tt2234261/?ref_=sr_t_278,2013,1h 34m,PG-13,5.7,16K
279. Life of Crime,https://www.imdb.com/title/tt1663207/?ref_=sr_t_279,2013,1h 38m,R,5.8,21K
280. Blue Ruin,https://www.imdb.com/title/tt2359024/?ref_=sr_t_280,2013,1h 30m,R,7.1,82K
281. The Zero Theorem,https://www.imdb.com/title/tt2333804/?ref_=sr_t_281,2013,1h 47m,R,6.0,50K
282. The Attacks of 26/11,https://www.imdb.com/title/tt2635622/?ref_=sr_t_282,2013,1h 56m,Not Rated,6.9,5.6K
283. The Galapagos Affair: Satan Came to Eden,https://www.imdb.com/title/tt2960450/?ref_=sr_t_283,2013,2h,Not Rated,6.7,1.5K
284. InAPPropriate Comedy,https://www.imdb.com/title/tt1754811/?ref_=sr_t_284,2013,1h 23m,,2.7,4.8K
285. Singh Saab the Great,https://www.imdb.com/title/tt2437954/?ref_=sr_t_285,2013,2h 14m,Not Rated,5.6,2.6K
286. ABCD (Any Body Can Dance),https://www.imdb.com/title/tt2321163/?ref_=sr_t_286,2013,2h 40m,Not Rated,6.3,7.6K
287. The Suspect,https://www.imdb.com/title/tt3404158/?ref_=sr_t_287,2013,2h 17m,Not Rated,6.8,7K
288. Supermensch,https://www.imdb.com/title/tt3074780/?ref_=sr_t_288,2013,1h 25m,R,7.4,3.4K
289. Prince Avalanche,https://www.imdb.com/title/tt2195548/?ref_=sr_t_289,2013,1h 34m,R,6.3,21K
290. Ghanchakkar,https://www.imdb.com/title/tt2246724/?ref_=sr_t_290,2013,2h 17m,,5.9,5.4K
291. Crystal Fairy & the Magical Cactus,https://www.imdb.com/title/tt2332579/?ref_=sr_t_291,2013,1h 38m,Not Rated,5.9,9.3K
292. Bethlehem,https://www.imdb.com/title/tt2915160/?ref_=sr_t_292,2013,1h 39m,,7.1,2.3K
293. The Double,https://www.imdb.com/title/tt1825157/?ref_=sr_t_293,2013,1h 33m,R,6.4,54K
294. Cutie and the Boxer,https://www.imdb.com/title/tt2355540/?ref_=sr_t_294,2013,1h 22m,R,7.2,4.8K
295. Code Black,https://www.imdb.com/title/tt2759372/?ref_=sr_t_295,2013,1h 18m,Not Rated,7.3,682
296. We Are the Best!,https://www.imdb.com/title/tt2364975/?ref_=sr_t_296,2013,1h 42m,Not Rated,7.1,11K
297. Anita: Speaking Truth to Power,https://www.imdb.com/title/tt2481202/?ref_=sr_t_297,2013,1h 16m,Not Rated,6.8,600
298. A.C.O.D.,https://www.imdb.com/title/tt1311060/?ref_=sr_t_298,2013,1h 28m,R,5.7,14K
299. Afternoon Delight,https://www.imdb.com/title/tt2312890/?ref_=sr_t_299,2013,1h 38m,R,5.7,12K
300. Horns,https://www.imdb.com/title/tt1528071/?ref_=sr_t_300,2013,2h,R,6.4,90K
301. The Young and Prodigious T.S. Spivet,https://www.imdb.com/title/tt1981107/?ref_=sr_t_301,2013,1h 45m,PG,7.0,20K
"302. Cinco de Mayo, La Batalla",https://www.imdb.com/title/tt2553908/?ref_=sr_t_302,2013,2h 5m,R,6.2,951
303. Afternoon of a Faun: Tanaquil Le Clercq,https://www.imdb.com/title/tt2381319/?ref_=sr_t_303,2013,1h 31m,Not Rated,7.2,299
304. Escape from Tomorrow,https://www.imdb.com/title/tt2187884/?ref_=sr_t_304,2013,1h 30m,Not Rated,5.1,10K
305. Copperhead,https://www.imdb.com/title/tt2404555/?ref_=sr_t_305,2013,2h,PG-13,5.6,1.1K
306. R... Rajkumar,https://www.imdb.com/title/tt2369154/?ref_=sr_t_306,2013,2h 26m,Not Rated,5.3,7.1K
307. We Steal Secrets,https://www.imdb.com/title/tt1824254/?ref_=sr_t_307,2013,2h 10m,R,6.9,8.2K
308. On the Job,https://www.imdb.com/title/tt2717558/?ref_=sr_t_308,2013,1h 58m,Not Rated,6.9,3.4K
309. Human Capital,https://www.imdb.com/title/tt2465578/?ref_=sr_t_309,2013,1h 51m,Not Rated,7.2,14K
310. Mother of George,https://www.imdb.com/title/tt2094890/?ref_=sr_t_310,2013,1h 47m,R,6.5,1.3K
"311. Good Day, Ramon",https://www.imdb.com/title/tt2876428/?ref_=sr_t_311,2013,2h,PG-13,7.6,3K
312. A Touch of Sin,https://www.imdb.com/title/tt2852400/?ref_=sr_t_312,2013,2h 10m,Not Rated,7.1,13K
313. Citizen Koch,https://www.imdb.com/title/tt2545338/?ref_=sr_t_313,2013,1h 30m,,6.7,727
314. Alan Partridge,https://www.imdb.com/title/tt0469021/?ref_=sr_t_314,2013,1h 30m,R,6.9,33K
315. Snake & Mongoose,https://www.imdb.com/title/tt1718898/?ref_=sr_t_315,2013,1h 42m,PG-13,5.7,791
316. Dancing in Jaffa,https://www.imdb.com/title/tt2125480/?ref_=sr_t_316,2013,1h 30m,Not Rated,6.9,321
317. Rangeelay,https://www.imdb.com/title/tt2821880/?ref_=sr_t_317,2013,2h 9m,Not Rated,5.0,248
318. American Promise,https://www.imdb.com/title/tt2545088/?ref_=sr_t_318,2013,2h 15m,TV-PG,7.2,302
319. Narco Cultura,https://www.imdb.com/title/tt2504022/?ref_=sr_t_319,2013,1h 43m,R,7.2,2.5K
320. Tangerines,https://www.imdb.com/title/tt2991224/?ref_=sr_t_320,2013,1h 27m,Not Rated,8.1,50K
321. Kids for Cash,https://www.imdb.com/title/tt2925642/?ref_=sr_t_321,2013,1h 42m,PG-13,7.1,2K
322. Gore Vidal: The United States of Amnesia,https://www.imdb.com/title/tt1745710/?ref_=sr_t_322,2013,1h 23m,Not Rated,7.7,1.3K
323. Mistaken for Strangers,https://www.imdb.com/title/tt2737310/?ref_=sr_t_323,2013,1h 15m,Not Rated,7.3,4.6K
324. Good Ol' Freda,https://www.imdb.com/title/tt2505938/?ref_=sr_t_324,2013,1h 26m,PG,7.4,2.1K
325. The Congress,https://www.imdb.com/title/tt1821641/?ref_=sr_t_325,2013,2h 2m,Not Rated,6.4,20K
326. Is the Man Who Is Tall Happy?,https://www.imdb.com/title/tt1817287/?ref_=sr_t_326,2013,1h 28m,Not Rated,7.1,3.7K
327. Slaughter Creek,https://www.imdb.com/title/tt1336106/?ref_=sr_t_327,2013,1h 34m,Not Rated,3.1,255
328. Fists of Legend,https://www.imdb.com/title/tt2828840/?ref_=sr_t_328,2013,2h 34m,Not Rated,6.8,1.3K
329. Redwood Highway,https://www.imdb.com/title/tt2515164/?ref_=sr_t_329,2013,1h 30m,PG-13,6.3,641
330. The Boy and the World,https://www.imdb.com/title/tt3183630/?ref_=sr_t_330,2013,1h 20m,PG,7.5,7.7K
331. Europa Report,https://www.imdb.com/title/tt2051879/?ref_=sr_t_331,2013,1h 30m,PG-13,6.4,77K
332. Fukrey,https://www.imdb.com/title/tt2806788/?ref_=sr_t_332,2013,2h 19m,Not Rated,6.9,14K
333. Make Your Move,https://www.imdb.com/title/tt1828959/?ref_=sr_t_333,2013,1h 50m,PG-13,5.5,3.4K
334. Final: The Rapture,https://www.imdb.com/title/tt2710368/?ref_=sr_t_334,2013,1h 30m,PG-13,5.3,1.6K
335. The Square,https://www.imdb.com/title/tt2486682/?ref_=sr_t_335,2013,1h 35m,Not Rated,8.0,9.5K
336. Knights of Badassdom,https://www.imdb.com/title/tt1545660/?ref_=sr_t_336,2013,1h 26m,R,5.6,22K
337. The Punk Singer,https://www.imdb.com/title/tt1785612/?ref_=sr_t_337,2013,1h 21m,Not Rated,7.4,3.1K
338. Afflicted,https://www.imdb.com/title/tt2309961/?ref_=sr_t_338,2013,1h 25m,R,6.2,26K
339. Spark: A Burning Man Story,https://www.imdb.com/title/tt2554648/?ref_=sr_t_339,2013,1h 30m,Not Rated,6.2,598
340. The Liberator,https://www.imdb.com/title/tt2387513/?ref_=sr_t_340,2013,1h 59m,R,6.7,5.7K
341. Ek Thi Daayan,https://www.imdb.com/title/tt2406676/?ref_=sr_t_341,2013,2h 15m,Not Rated,5.7,4.7K
342. Anohana the Movie: The Flower We Saw That Day (Ano hi mita hana no namae wo bokutachi wa mada shiran,https://www.imdb.com/title/tt2323836/?ref_=sr_t_342,2013,1h 39m,M,7.3,2.9K
343. The English Teacher,https://www.imdb.com/title/tt2055765/?ref_=sr_t_343,2013,1h 33m,R,5.7,13K
344. The Investigator,https://www.imdb.com/title/tt1922748/?ref_=sr_t_344,2013,1h 41m,PG-13,5.4,361
345. Stevie Nicks: In Your Dreams,https://www.imdb.com/title/tt2761118/?ref_=sr_t_345,2013,1h 52m,Not Rated,7.3,183
346. Coherence,https://www.imdb.com/title/tt2866360/?ref_=sr_t_346,2013,1h 29m,Not Rated,7.2,155K
347. Computer Chess,https://www.imdb.com/title/tt2007360/?ref_=sr_t_347,2013,1h 32m,Not Rated,6.2,4.9K
348. One Chance,https://www.imdb.com/title/tt1196956/?ref_=sr_t_348,2013,1h 43m,PG-13,6.8,13K
349. The United States of Autism,https://www.imdb.com/title/tt2276023/?ref_=sr_t_349,2013,1h 33m,,6.3,48
350. Man of Tai Chi,https://www.imdb.com/title/tt2016940/?ref_=sr_t_350,2013,1h 45m,R,6.0,41K
351. The Best Offer,https://www.imdb.com/title/tt1924396/?ref_=sr_t_351,2013,2h 11m,R,7.8,132K
352. Child's Pose,https://www.imdb.com/title/tt2187115/?ref_=sr_t_352,2013,1h 52m,Not Rated,7.3,9K
353. Blue Caprice,https://www.imdb.com/title/tt2027064/?ref_=sr_t_353,2013,1h 33m,R,5.9,6.1K
354. Girl on a Bicycle,https://www.imdb.com/title/tt1686042/?ref_=sr_t_354,2013,1h 41m,R,6.2,2.4K
355. King's Faith,https://www.imdb.com/title/tt2004271/?ref_=sr_t_355,2013,1h 48m,PG-13,6.3,843
356. Breathe In,https://www.imdb.com/title/tt1999987/?ref_=sr_t_356,2013,1h 38m,R,6.3,16K
357. Money for Nothing: Inside the Federal Reserve,https://www.imdb.com/title/tt2752724/?ref_=sr_t_357,2013,1h 44m,Not Rated,7.3,1.2K
358. Settai,https://www.imdb.com/title/tt2677816/?ref_=sr_t_358,2013,2h 16m,Not Rated,4.6,613
359. Young Detective Dee: Rise of the Sea Dragon,https://www.imdb.com/title/tt2992146/?ref_=sr_t_359,2013,2h 14m,Not Rated,6.4,5.3K
360. The Rooftop,https://www.imdb.com/title/tt2901548/?ref_=sr_t_360,2013,2h,Not Rated,5.8,1.1K
361. Visitors,https://www.imdb.com/title/tt2936174/?ref_=sr_t_361,2013,1h 27m,Not Rated,6.3,1.2K
362. Watermark,https://www.imdb.com/title/tt3106868/?ref_=sr_t_362,2013,1h 32m,PG,6.9,1K
363. 12 O'Clock Boys,https://www.imdb.com/title/tt2420006/?ref_=sr_t_363,2013,1h 16m,TV-MA,6.4,1.6K
364. Water & Power,https://www.imdb.com/title/tt2052015/?ref_=sr_t_364,2013,1h 28m,Not Rated,4.2,151
365. I Am Divine,https://www.imdb.com/title/tt1356790/?ref_=sr_t_365,2013,1h 30m,Not Rated,7.5,3.2K
366. We Are What We Are,https://www.imdb.com/title/tt2309021/?ref_=sr_t_366,2013,1h 45m,R,5.9,22K
367. Ramaiya Vastavaiya,https://www.imdb.com/title/tt2357926/?ref_=sr_t_367,2013,2h 28m,,5.8,4.9K
368. Commitment,https://www.imdb.com/title/tt3144098/?ref_=sr_t_368,2013,1h 53m,Not Rated,6.6,4.9K
369. Just a Sigh,https://www.imdb.com/title/tt2659190/?ref_=sr_t_369,2013,1h 44m,Not Rated,6.4,1.1K
370. After Tiller,https://www.imdb.com/title/tt2430104/?ref_=sr_t_370,2013,1h 25m,PG-13,7.4,1.1K
371. Seasons of Gray,https://www.imdb.com/title/tt1710469/?ref_=sr_t_371,2013,1h 30m,PG-13,6.2,225
372. Go for Sisters,https://www.imdb.com/title/tt2247432/?ref_=sr_t_372,2013,2h 3m,Unrated,6.5,666
373. Maidentrip,https://www.imdb.com/title/tt2555268/?ref_=sr_t_373,2013,1h 22m,Not Rated,7.5,4K
374. Max Rose,https://www.imdb.com/title/tt1439558/?ref_=sr_t_374,2013,1h 23m,Unrated,6.2,640
375. Pandora's Promise,https://www.imdb.com/title/tt1992193/?ref_=sr_t_375,2013,1h 27m,Not Rated,7.3,2K
376. The Notebook,https://www.imdb.com/title/tt2324384/?ref_=sr_t_376,2013,1h 52m,R,7.0,3.3K
377. Let the Fire Burn,https://www.imdb.com/title/tt2119463/?ref_=sr_t_377,2013,1h 28m,Not Rated,7.8,1.5K
378. My Lucky Star,https://www.imdb.com/title/tt2102502/?ref_=sr_t_378,2013,1h 54m,,5.0,544
379. The Art of the Steal,https://www.imdb.com/title/tt2172985/?ref_=sr_t_379,2013,1h 30m,R,6.3,26K
380. Jealousy,https://www.imdb.com/title/tt2511670/?ref_=sr_t_380,2013,1h 17m,,6.4,2K
381. Young & Beautiful,https://www.imdb.com/title/tt2752200/?ref_=sr_t_381,2013,1h 35m,Not Rated,6.7,39K
382. Siddharth,https://www.imdb.com/title/tt2932606/?ref_=sr_t_382,2013,1h 36m,G,7.4,778
383. How I Live Now,https://www.imdb.com/title/tt1894476/?ref_=sr_t_383,2013,1h 41m,R,6.4,32K
384. Bicycling with Molière,https://www.imdb.com/title/tt2207050/?ref_=sr_t_384,2013,1h 44m,Not Rated,6.6,3.2K
385. Wetlands,https://www.imdb.com/title/tt2524674/?ref_=sr_t_385,2013,1h 49m,Not Rated,5.8,13K
386. Cheap Thrills,https://www.imdb.com/title/tt2389182/?ref_=sr_t_386,2013,1h 28m,Not Rated,6.7,21K
387. The Trials of Muhammad Ali,https://www.imdb.com/title/tt2489734/?ref_=sr_t_387,2013,1h 26m,Not Rated,7.2,1.2K
388. Borgman,https://www.imdb.com/title/tt1954315/?ref_=sr_t_388,2013,1h 53m,Not Rated,6.7,19K
389. The Canyons,https://www.imdb.com/title/tt2292959/?ref_=sr_t_389,2013,1h 39m,R,3.8,12K
390. The Rocket,https://www.imdb.com/title/tt2178256/?ref_=sr_t_390,2013,1h 36m,,7.3,3.2K
391. Ilo Ilo,https://www.imdb.com/title/tt2901736/?ref_=sr_t_391,2013,1h 39m,Not Rated,7.2,5.1K
392. Big Men,https://www.imdb.com/title/tt2789532/?ref_=sr_t_392,2013,1h 39m,Not Rated,7.2,668
393. In Bloom,https://www.imdb.com/title/tt2741806/?ref_=sr_t_393,2013,1h 42m,Not Rated,7.3,7.2K
394. Terms and Conditions May Apply,https://www.imdb.com/title/tt2084953/?ref_=sr_t_394,2013,1h 19m,Not Rated,7.3,6.6K
395. Bajatey Raho,https://www.imdb.com/title/tt2848824/?ref_=sr_t_395,2013,1h 50m,Not Rated,5.3,792
396. C.O.G.,https://www.imdb.com/title/tt1650393/?ref_=sr_t_396,2013,1h 28m,R,5.6,3.9K
397. Starred Up,https://www.imdb.com/title/tt2567712/?ref_=sr_t_397,2013,1h 46m,Not Rated,7.3,50K
398. Half of a Yellow Sun,https://www.imdb.com/title/tt2215077/?ref_=sr_t_398,2013,1h 51m,R,6.1,2.2K
399. Line of Duty,https://www.imdb.com/title/tt1532538/?ref_=sr_t_399,2013,1h 40m,R,4.8,948
400. Hateship Loveship,https://www.imdb.com/title/tt2463512/?ref_=sr_t_400,2013,1h 44m,R,6.1,7.3K
"401. 1,000 Times Good Night",https://www.imdb.com/title/tt2353767/?ref_=sr_t_401,2013,1h 57m,Not Rated,7.0,8.3K
402. At Middleton,https://www.imdb.com/title/tt1483324/?ref_=sr_t_402,2013,1h 39m,R,6.5,9.3K
403. Going Attractions: The Definitive Story of the American Drive-in Movie,https://www.imdb.com/title/tt2461226/?ref_=sr_t_403,2013,1h 25m,Not Rated,6.9,197
404. The Missing Picture,https://www.imdb.com/title/tt2852470/?ref_=sr_t_404,2013,1h 32m,Not Rated,7.3,3.6K
405. God Loves Uganda,https://www.imdb.com/title/tt1874513/?ref_=sr_t_405,2013,1h 23m,TV-14,7.4,1.3K
406. The Retrieval,https://www.imdb.com/title/tt2635006/?ref_=sr_t_406,2013,1h 32m,R,6.6,2.8K
407. Lucky Them,https://www.imdb.com/title/tt1885299/?ref_=sr_t_407,2013,1h 37m,R,6.1,4.2K
408. A Birder's Guide to Everything,https://www.imdb.com/title/tt1582465/?ref_=sr_t_408,2013,1h 26m,PG-13,6.2,2.4K
409. American Mustang,https://www.imdb.com/title/tt2651214/?ref_=sr_t_409,2013,1h 12m,PG,7.1,75
410. Mademoiselle C,https://www.imdb.com/title/tt2506388/?ref_=sr_t_410,2013,1h 33m,R,5.6,692
411. Long Live Freedom,https://www.imdb.com/title/tt2523600/?ref_=sr_t_411,2013,1h 34m,Not Rated,6.9,4.7K
412. Decoding Annie Parker,https://www.imdb.com/title/tt1464191/?ref_=sr_t_412,2013,1h 31m,R,6.2,3.3K
413. GMO OMG,https://www.imdb.com/title/tt2461034/?ref_=sr_t_413,2013,1h 30m,,6.3,1.5K
414. A Master Builder,https://www.imdb.com/title/tt2276069/?ref_=sr_t_414,2013,2h 10m,Not Rated,5.9,1.1K
415. Table No. 21,https://www.imdb.com/title/tt2229842/?ref_=sr_t_415,2013,1h 48m,Not Rated,7.2,15K
416. Reaching for the Moon,https://www.imdb.com/title/tt2217458/?ref_=sr_t_416,2013,1h 58m,Not Rated,7.0,3.6K
417. Ai Weiwei: The Fake Case,https://www.imdb.com/title/tt3281074/?ref_=sr_t_417,2013,1h 26m,Not Rated,6.5,338
418. American Made Movie,https://www.imdb.com/title/tt2710614/?ref_=sr_t_418,2013,1h 22m,G,6.1,123
419. The Dog,https://www.imdb.com/title/tt3091304/?ref_=sr_t_419,2013,1h 41m,Not Rated,6.7,1K
420. Tiny Times 2.0,https://www.imdb.com/title/tt3086582/?ref_=sr_t_420,2013,1h 53m,,3.5,1.2K
421. If You Build It,https://www.imdb.com/title/tt2322482/?ref_=sr_t_421,2013,1h 25m,Not Rated,7.2,215
422. Charlie's Country,https://www.imdb.com/title/tt3244512/?ref_=sr_t_422,2013,1h 48m,Not Rated,7.3,2.9K
423. Andre Gregory: Before and After Dinner,https://www.imdb.com/title/tt2235248/?ref_=sr_t_423,2013,1h 48m,TV-G,6.5,93
424. Concussion,https://www.imdb.com/title/tt2296697/?ref_=sr_t_424,2013,1h 36m,R,5.6,5.9K
425. Interior. Leather Bar.,https://www.imdb.com/title/tt2352488/?ref_=sr_t_425,2013,1h,Not Rated,5.0,2.8K
426. Blood Ties,https://www.imdb.com/title/tt1747958/?ref_=sr_t_426,2013,2h 7m,R,6.5,22K
427. Holla II,https://www.imdb.com/title/tt2158531/?ref_=sr_t_427,2013,1h 30m,R,6.2,129
428. The Last of the Unjust,https://www.imdb.com/title/tt2340784/?ref_=sr_t_428,2013,3h 40m,PG-13,7.3,832
429. CBGB,https://www.imdb.com/title/tt1786751/?ref_=sr_t_429,2013,1h 42m,R,6.6,11K
430. Teenage,https://www.imdb.com/title/tt2196055/?ref_=sr_t_430,2013,1h 18m,Not Rated,6.5,915
431. Killing Season,https://www.imdb.com/title/tt1480295/?ref_=sr_t_431,2013,1h 31m,R,5.4,39K
432. The Short Game,https://www.imdb.com/title/tt2466830/?ref_=sr_t_432,2013,1h 39m,PG,7.3,1.8K
433. Child of God,https://www.imdb.com/title/tt1951095/?ref_=sr_t_433,2013,1h 44m,R,5.4,4.5K
434. The Expedition to the End of the World,https://www.imdb.com/title/tt2530936/?ref_=sr_t_434,2013,1h 30m,Not Rated,6.9,618
435. Herb & Dorothy 50X50,https://www.imdb.com/title/tt2539720/?ref_=sr_t_435,2013,1h 27m,,6.2,64
436. Ip Man: The Final Fight,https://www.imdb.com/title/tt2495118/?ref_=sr_t_436,2013,1h 40m,PG-13,6.1,12K
437. Big Sur,https://www.imdb.com/title/tt1462411/?ref_=sr_t_437,2013,1h 21m,R,5.7,2.1K
438. Savannah,https://www.imdb.com/title/tt1797487/?ref_=sr_t_438,2013,1h 41m,PG-13,5.8,1.8K
439. The Mafia Kills Only in Summer,https://www.imdb.com/title/tt3374966/?ref_=sr_t_439,2013,1h 30m,PG,7.1,9K
440. Redemption,https://www.imdb.com/title/tt1893256/?ref_=sr_t_440,2013,1h 40m,R,6.2,79K
441. Touchy Feely,https://www.imdb.com/title/tt2364949/?ref_=sr_t_441,2013,1h 29m,R,5.3,3.9K
442. Camille Claudel 1915,https://www.imdb.com/title/tt2018086/?ref_=sr_t_442,2013,1h 35m,Not Rated,6.5,4K
443. Underdogs,https://www.imdb.com/title/tt2123342/?ref_=sr_t_443,2013,1h 42m,PG,5.8,1.2K
444. Beneath the Harvest Sky,https://www.imdb.com/title/tt2313896/?ref_=sr_t_444,2013,1h 56m,Not Rated,6.1,1.1K
445. This Ain't No Mouse Music,https://www.imdb.com/title/tt3723828/?ref_=sr_t_445,2013,1h 32m,Not Rated,7.5,109
446. I Give It a Year,https://www.imdb.com/title/tt2244901/?ref_=sr_t_446,2013,1h 37m,R,5.7,40K
447. Filth,https://www.imdb.com/title/tt1450321/?ref_=sr_t_447,2013,1h 37m,R,7.0,118K
448. It Felt Like Love,https://www.imdb.com/title/tt2328922/?ref_=sr_t_448,2013,1h 22m,Unrated,5.8,3K
449. Running from Crazy,https://www.imdb.com/title/tt2451742/?ref_=sr_t_449,2013,1h 40m,Not Rated,6.5,348
450. Big Bad Wolves,https://www.imdb.com/title/tt2309224/?ref_=sr_t_450,2013,1h 50m,Not Rated,6.8,18K
451. A Field in England,https://www.imdb.com/title/tt2375574/?ref_=sr_t_451,2013,1h 30m,Not Rated,6.2,14K
452. For a Woman,https://www.imdb.com/title/tt2176786/?ref_=sr_t_452,2013,1h 50m,,6.6,923
453. At Berkeley,https://www.imdb.com/title/tt3091552/?ref_=sr_t_453,2013,4h 4m,,7.2,734
454. Abuse of Weakness,https://www.imdb.com/title/tt2418372/?ref_=sr_t_454,2013,1h 44m,Unrated,5.9,1.3K
455. Documented,https://www.imdb.com/title/tt3057836/?ref_=sr_t_455,2013,1h 29m,,6.7,165
456. Jimmy P: Psychotherapy of a Plains Indian,https://www.imdb.com/title/tt2210834/?ref_=sr_t_456,2013,1h 57m,Unrated,6.1,3.2K
457. Southern Baptist Sissies,https://www.imdb.com/title/tt2729818/?ref_=sr_t_457,2013,2h 18m,TV-MA,7.3,417
458. Manakamana,https://www.imdb.com/title/tt3103326/?ref_=sr_t_458,2013,1h 58m,Not Rated,6.4,787
459. Fire in the Blood,https://www.imdb.com/title/tt1787067/?ref_=sr_t_459,2013,1h 27m,,7.7,802
460. Hard to Be a God,https://www.imdb.com/title/tt2328813/?ref_=sr_t_460,2013,2h 57m,Not Rated,6.5,6.6K
461. Why Don't You Play in Hell?,https://www.imdb.com/title/tt2409302/?ref_=sr_t_461,2013,2h 9m,Not Rated,7.1,9.2K
462. Closed Curtain,https://www.imdb.com/title/tt2626926/?ref_=sr_t_462,2013,1h 46m,Not Rated,6.5,1.4K
463. Broadway Idiot,https://www.imdb.com/title/tt2689966/?ref_=sr_t_463,2013,1h 20m,Not Rated,7.6,781
464. Adult World,https://www.imdb.com/title/tt1067765/?ref_=sr_t_464,2013,1h 37m,R,6.1,19K
465. The Power of Few,https://www.imdb.com/title/tt0817545/?ref_=sr_t_465,2013,1h 36m,R,5.1,4.3K
466. R100,https://www.imdb.com/title/tt2914838/?ref_=sr_t_466,2013,1h 39m,Unrated,5.9,3K
467. Bastards,https://www.imdb.com/title/tt2821088/?ref_=sr_t_467,2013,1h 40m,Unrated,6.1,3.8K
468. The Last Days on Mars,https://www.imdb.com/title/tt1709143/?ref_=sr_t_468,2013,1h 38m,R,5.5,39K
469. Dear Mr. Watterson,https://www.imdb.com/title/tt2222206/?ref_=sr_t_469,2013,1h 29m,TV-PG,6.3,2.1K
470. Tiny Times,https://www.imdb.com/title/tt3043630/?ref_=sr_t_470,2013,1h 56m,Not Rated,3.3,2.5K
471. Short Peace,https://www.imdb.com/title/tt3392330/?ref_=sr_t_471,2013,1h 12m,TV-MA,6.8,1.9K
472. Grand Piano,https://www.imdb.com/title/tt2039345/?ref_=sr_t_472,2013,1h 30m,R,5.9,20K
473. I Used to Be Darker,https://www.imdb.com/title/tt2147728/?ref_=sr_t_473,2013,1h 29m,Not Rated,5.7,1K
474. Murder Eleven,https://www.imdb.com/title/tt2130136/?ref_=sr_t_474,2013,1h 30m,R,3.7,252
475. May in the Summer,https://www.imdb.com/title/tt2492664/?ref_=sr_t_475,2013,1h 39m,R,5.7,920
476. V/H/S/2,https://www.imdb.com/title/tt2450186/?ref_=sr_t_476,2013,1h 36m,R,6.0,46K
477. Bright Days Ahead,https://www.imdb.com/title/tt2379318/?ref_=sr_t_477,2013,1h 34m,Not Rated,6.3,1.9K
478. Tio Papi,https://www.imdb.com/title/tt1986998/?ref_=sr_t_478,2013,1h 27m,PG,6.1,192
479. Memphis,https://www.imdb.com/title/tt3092606/?ref_=sr_t_479,2013,1h 15m,Unrated,5.3,399
480. The Look of Love,https://www.imdb.com/title/tt1951216/?ref_=sr_t_480,2013,1h 41m,Not Rated,6.0,7.4K
481. The Ghosts in Our Machine,https://www.imdb.com/title/tt2654562/?ref_=sr_t_481,2013,1h 33m,,7.9,691
482. Our Nixon,https://www.imdb.com/title/tt2282662/?ref_=sr_t_482,2013,1h 24m,Not Rated,6.7,670
483. Run & Jump,https://www.imdb.com/title/tt2343158/?ref_=sr_t_483,2013,1h 46m,Unrated,6.2,1.3K
484. Wedding Palace,https://www.imdb.com/title/tt1280725/?ref_=sr_t_484,2013,1h 38m,Not Rated,5.6,261
485. Love and Honor,https://www.imdb.com/title/tt1976989/?ref_=sr_t_485,2013,1h 40m,PG-13,5.7,9.8K
486. Bad Milo,https://www.imdb.com/title/tt2274570/?ref_=sr_t_486,2013,1h 25m,R,5.7,8.1K
487. Going Away,https://www.imdb.com/title/tt2289526/?ref_=sr_t_487,2013,1h 35m,TV-14,6.3,986
488. A Picture of You,https://www.imdb.com/title/tt2351098/?ref_=sr_t_488,2013,1h 23m,,6.3,255
489. Whensday,https://www.imdb.com/title/tt2913948/?ref_=sr_t_489,2013,1h 40m,Not Rated,7.2,27
490. The Kill Team,https://www.imdb.com/title/tt2732932/?ref_=sr_t_490,2013,1h 19m,R,7.0,1.4K
491. Smash & Grab: The Story of the Pink Panthers,https://www.imdb.com/title/tt2250032/?ref_=sr_t_491,2013,1h 29m,Not Rated,6.0,607
492. Test,https://www.imdb.com/title/tt2407380/?ref_=sr_t_492,2013,1h 29m,TV-MA,6.5,1.8K
493. Tasting Menu,https://www.imdb.com/title/tt1826753/?ref_=sr_t_493,2013,1h 25m,PG-13,5.6,552
494. A Single Shot,https://www.imdb.com/title/tt1540741/?ref_=sr_t_494,2013,1h 56m,R,5.7,12K
495. Torn,https://www.imdb.com/title/tt1423636/?ref_=sr_t_495,2013,1h 20m,,5.9,596
496. Who is Dayani Cristal?,https://www.imdb.com/title/tt1847750/?ref_=sr_t_496,2013,1h 29m,Not Rated,6.9,557
497. Journey to the West: Conquering the Demons,https://www.imdb.com/title/tt2017561/?ref_=sr_t_497,2013,1h 50m,PG-13,6.7,14K
498. Jamel Shabazz Street Photographer,https://www.imdb.com/title/tt3116072/?ref_=sr_t_498,2013,1h 22m,TV-MA,7.2,88
499. Dealin' with Idiots,https://www.imdb.com/title/tt2948266/?ref_=sr_t_499,2013,1h 28m,Not Rated,5.4,1.5K
500. Stand Clear of the Closing Doors,https://www.imdb.com/title/tt2405372/?ref_=sr_t_500,2013,1h 42m,Not Rated,6.3,523
501. Cold Comes the Night,https://www.imdb.com/title/tt2511428/?ref_=sr_t_501,2013,1h 30m,R,5.7,10K
502. Hank and Asha,https://www.imdb.com/title/tt2330270/?ref_=sr_t_502,2013,1h 13m,,6.6,477
503. Eastern Boys,https://www.imdb.com/title/tt2991092/?ref_=sr_t_503,2013,2h 8m,Unrated,6.9,3.9K
504. As I Lay Dying,https://www.imdb.com/title/tt1807944/?ref_=sr_t_504,2013,1h 50m,R,5.3,4.2K
505. Levitated Mass,https://www.imdb.com/title/tt2992220/?ref_=sr_t_505,2013,1h 28m,,6.9,182
506. Cheatin',https://www.imdb.com/title/tt2361846/?ref_=sr_t_506,2013,1h 16m,TV-MA,7.0,1K
507. Last Passenger,https://www.imdb.com/title/tt1858481/?ref_=sr_t_507,2013,1h 37m,R,5.7,7.5K
508. The Unbelievers,https://www.imdb.com/title/tt2636522/?ref_=sr_t_508,2013,1h 17m,Not Rated,6.9,6.8K
509. Justice Is Mind,https://www.imdb.com/title/tt2289920/?ref_=sr_t_509,2013,2h 33m,Not Rated,5.1,300
510. A Wedding Invitation,https://www.imdb.com/title/tt2910520/?ref_=sr_t_510,2013,1h 41m,,6.0,532
511. Exhibition,https://www.imdb.com/title/tt2436452/?ref_=sr_t_511,2013,1h 44m,Not Rated,5.8,1.6K
512. Il Futuro,https://www.imdb.com/title/tt1992156/?ref_=sr_t_512,2013,1h 34m,Not Rated,5.9,1.2K
513. This Is Martin Bonner,https://www.imdb.com/title/tt1798291/?ref_=sr_t_513,2013,1h 23m,R,6.6,1K
514. The Pretty One,https://www.imdb.com/title/tt2140577/?ref_=sr_t_514,2013,1h 30m,R,6.3,11K
515. Fifi Howls from Happiness,https://www.imdb.com/title/tt2731398/?ref_=sr_t_515,2013,1h 36m,Unrated,7.7,539
516. Red Obsession,https://www.imdb.com/title/tt2419284/?ref_=sr_t_516,2013,1h 15m,Not Rated,6.6,1.4K
517. The Pleasures of Being Out of Step,https://www.imdb.com/title/tt2312616/?ref_=sr_t_517,2013,1h 27m,Not Rated,7.4,39
518. Special ID,https://www.imdb.com/title/tt2118775/?ref_=sr_t_518,2013,1h 39m,R,5.5,4.6K
519. The Selfish Giant,https://www.imdb.com/title/tt2304426/?ref_=sr_t_519,2013,1h 31m,Not Rated,7.3,13K
520. In No Great Hurry: 13 Lessons in Life with Saul Leiter,https://www.imdb.com/title/tt2222584/?ref_=sr_t_520,2013,1h 15m,Not Rated,7.5,272
521. Little England,https://www.imdb.com/title/tt3253650/?ref_=sr_t_521,2013,2h 12m,Not Rated,7.8,7.9K
522. The French Minister,https://www.imdb.com/title/tt2609222/?ref_=sr_t_522,2013,1h 53m,Not Rated,6.4,4K
523. Of Horses and Men,https://www.imdb.com/title/tt3074732/?ref_=sr_t_523,2013,1h 21m,Not Rated,6.8,3.5K
524. Revenge of the Mekons,https://www.imdb.com/title/tt1322362/?ref_=sr_t_524,2013,1h 35m,Not Rated,7.4,109
525. Emptying the Skies,https://www.imdb.com/title/tt3302498/?ref_=sr_t_525,2013,1h 18m,Not Rated,7.4,99
526. Charlie Countryman,https://www.imdb.com/title/tt1196948/?ref_=sr_t_526,2013,1h 43m,R,6.3,30K
527. 36 Saints,https://www.imdb.com/title/tt2186663/?ref_=sr_t_527,2013,1h 21m,R,2.7,330
528. Living Is Easy with Eyes Closed,https://www.imdb.com/title/tt2896036/?ref_=sr_t_528,2013,1h 48m,Not Rated,7.0,6.7K
529. The Amazing Catfish,https://www.imdb.com/title/tt2414046/?ref_=sr_t_529,2013,1h 29m,Not Rated,7.0,2.1K
530. The Devil's Violinist,https://www.imdb.com/title/tt2401715/?ref_=sr_t_530,2013,2h 2m,R,6.0,3.9K
531. So Young,https://www.imdb.com/title/tt2765340/?ref_=sr_t_531,2013,2h 11m,,6.4,2.3K
532. Midget Zombie Takeover,https://www.imdb.com/title/tt2673854/?ref_=sr_t_532,2013,1h 13m,Not Rated,3.2,145
533. A Resurrection,https://www.imdb.com/title/tt1817276/?ref_=sr_t_533,2013,1h 29m,R,3.9,1.8K
534. Made in Cleveland,https://www.imdb.com/title/tt2261409/?ref_=sr_t_534,2013,1h 34m,Not Rated,4.7,181
535. American Meat,https://www.imdb.com/title/tt1482980/?ref_=sr_t_535,2013,1h 24m,Not Rated,8.0,30
536. Caucus,https://www.imdb.com/title/tt2481246/?ref_=sr_t_536,2013,1h 44m,Not Rated,7.1,65
"537. Norte, the End of History",https://www.imdb.com/title/tt2852432/?ref_=sr_t_537,2013,4h 10m,TV-MA,7.5,2.3K
538. Stray Dogs,https://www.imdb.com/title/tt3119416/?ref_=sr_t_538,2013,2h 18m,Not Rated,6.9,3.2K
539. In the Name Of,https://www.imdb.com/title/tt2650642/?ref_=sr_t_539,2013,1h 42m,Not Rated,6.6,3.4K
540. Birth of the Living Dead,https://www.imdb.com/title/tt2507128/?ref_=sr_t_540,2013,1h 16m,Not Rated,7.0,1.8K
541. Marius,https://www.imdb.com/title/tt1872102/?ref_=sr_t_541,2013,1h 33m,Not Rated,6.7,1.2K
542. Welcome to the Punch,https://www.imdb.com/title/tt1684233/?ref_=sr_t_542,2013,1h 39m,R,6.1,35K
543. Still Life,https://www.imdb.com/title/tt2395417/?ref_=sr_t_543,2013,1h 32m,TV-14,7.4,9.2K
544. Zero Charisma,https://www.imdb.com/title/tt2294965/?ref_=sr_t_544,2013,1h 26m,Not Rated,6.3,2.8K
545. Looking for Maria Sanchez,https://www.imdb.com/title/tt2082155/?ref_=sr_t_545,2013,1h 38m,,6.9,465
546. The Sacrament,https://www.imdb.com/title/tt2383068/?ref_=sr_t_546,2013,1h 39m,R,6.1,22K
547. Ghost Team One,https://www.imdb.com/title/tt2272336/?ref_=sr_t_547,2013,1h 24m,R,4.2,2.4K
548. Cupcakes,https://www.imdb.com/title/tt1935742/?ref_=sr_t_548,2013,1h 32m,Not Rated,6.0,670
549. Faith Connections,https://www.imdb.com/title/tt2768766/?ref_=sr_t_549,2013,1h 55m,Not Rated,7.3,182
550. Big Words,https://www.imdb.com/title/tt2339379/?ref_=sr_t_550,2013,1h 33m,,6.2,294
