Title,Movie Link,Year,Duration,MPA,Rating,Votes
1. The French Connection,https://www.imdb.com/title/tt0067116/?ref_=sr_t_1,1971,1h 44m,R,7.7,140K
2. Diamonds Are Forever,https://www.imdb.com/title/tt0066995/?ref_=sr_t_2,1971,2h,PG,6.5,117K
3. Dirty Harry,https://www.imdb.com/title/tt0066999/?ref_=sr_t_3,1971,1h 42m,R,7.7,173K
4. The Last Picture Show,https://www.imdb.com/title/tt0067328/?ref_=sr_t_4,1971,1h 58m,R,8.0,54K
5. A Clockwork Orange,https://www.imdb.com/title/tt0066921/?ref_=sr_t_5,1971,2h 16m,R,8.2,901K
6. Vanishing Point,https://www.imdb.com/title/tt0067927/?ref_=sr_t_6,1971,1h 39m,R,7.2,31K
7. Escape from the Planet of the Apes,https://www.imdb.com/title/tt0067065/?ref_=sr_t_7,1971,1h 38m,G,6.3,42K
8. Play Misty for Me,https://www.imdb.com/title/tt0067588/?ref_=sr_t_8,1971,1h 42m,R,6.9,33K
9. Fiddler on the Roof,https://www.imdb.com/title/tt0067093/?ref_=sr_t_9,1971,3h 1m,G,8.0,49K
10. THX 1138,https://www.imdb.com/title/tt0066434/?ref_=sr_t_10,1971,1h 26m,GP,6.6,56K
11. Murmur of the Heart,https://www.imdb.com/title/tt0067778/?ref_=sr_t_11,1971,1h 58m,R,7.5,11K
12. The Beguiled,https://www.imdb.com/title/tt0066819/?ref_=sr_t_12,1971,1h 45m,R,7.2,20K
13. Willy Wonka & the Chocolate Factory,https://www.imdb.com/title/tt0067992/?ref_=sr_t_13,1971,1h 40m,G,7.8,234K
14. Octaman,https://www.imdb.com/title/tt0067515/?ref_=sr_t_14,1971,1h 19m,PG,3.3,1.4K
15. Wake in Fright,https://www.imdb.com/title/tt0067541/?ref_=sr_t_15,1971,1h 49m,R,7.6,15K
16. Max and the Junkmen,https://www.imdb.com/title/tt0067409/?ref_=sr_t_16,1971,1h 52m,Not Rated,7.3,3.2K
17. Carnal Knowledge,https://www.imdb.com/title/tt0066892/?ref_=sr_t_17,1971,1h 38m,R,6.9,15K
18. Out 1,https://www.imdb.com/title/tt0246135/?ref_=sr_t_18,1971,12h 56m,Not Rated,7.5,1.6K
19. Bushman,https://www.imdb.com/title/tt0212016/?ref_=sr_t_19,1971,1h 13m,,7.2,146
20. Beware of a Holy Whore,https://www.imdb.com/title/tt0067962/?ref_=sr_t_20,1971,1h 43m,Not Rated,6.6,2.7K
21. Two English Girls,https://www.imdb.com/title/tt0066989/?ref_=sr_t_21,1971,2h 10m,,7.2,6.1K
22. Walkabout,https://www.imdb.com/title/tt0067959/?ref_=sr_t_22,1971,1h 40m,GP,7.6,28K
23. The Devils,https://www.imdb.com/title/tt0066993/?ref_=sr_t_23,1971,1h 51m,R,7.7,19K
24. Bedknobs and Broomsticks,https://www.imdb.com/title/tt0066817/?ref_=sr_t_24,1971,1h 57m,G,7.1,42K
25. The Decameron,https://www.imdb.com/title/tt0065622/?ref_=sr_t_25,1971,1h 51m,R,7.0,13K
26. Straw Dogs,https://www.imdb.com/title/tt0067800/?ref_=sr_t_26,1971,1h 53m,R,7.4,66K
27. Support Your Local Gunfighter,https://www.imdb.com/title/tt0067809/?ref_=sr_t_27,1971,1h 31m,G,6.8,6.6K
28. Klute,https://www.imdb.com/title/tt0067309/?ref_=sr_t_28,1971,1h 54m,R,7.1,31K
"29. Duck, You Sucker!",https://www.imdb.com/title/tt0067140/?ref_=sr_t_29,1971,2h 18m,PG,7.6,39K
30. Vampyros Lesbos,https://www.imdb.com/title/tt0066380/?ref_=sr_t_30,1971,1h 29m,Unrated,5.4,5.4K
31. Harold and Maude,https://www.imdb.com/title/tt0067185/?ref_=sr_t_31,1971,1h 31m,PG,7.9,83K
32. Dad's Army,https://www.imdb.com/title/tt0066963/?ref_=sr_t_32,1971,1h 35m,G,6.9,3.7K
33. Goodbye Uncle Tom,https://www.imdb.com/title/tt0180396/?ref_=sr_t_33,1971,2h 3m,Unrated,6.5,1.9K
34. The Andromeda Strain,https://www.imdb.com/title/tt0066769/?ref_=sr_t_34,1971,2h 11m,G,7.2,41K
35. The Panic in Needle Park,https://www.imdb.com/title/tt0067549/?ref_=sr_t_35,1971,1h 50m,PG,7.1,21K
36. My Uncle Antoine,https://www.imdb.com/title/tt0067439/?ref_=sr_t_36,1971,1h 44m,Not Rated,7.4,3.3K
37. McCabe & Mrs. Miller,https://www.imdb.com/title/tt0067411/?ref_=sr_t_37,1971,2h,R,7.6,29K
38. On the Buses,https://www.imdb.com/title/tt0067528/?ref_=sr_t_38,1971,1h 28m,PG,6.0,2.2K
39. Big Jake,https://www.imdb.com/title/tt0066831/?ref_=sr_t_39,1971,1h 50m,PG-13,7.1,15K
40. Get Carter,https://www.imdb.com/title/tt0067128/?ref_=sr_t_40,1971,1h 52m,R,7.3,38K
41. Summer of '42,https://www.imdb.com/title/tt0067803/?ref_=sr_t_41,1971,1h 44m,PG,7.2,9.4K
42. The Omega Man,https://www.imdb.com/title/tt0067525/?ref_=sr_t_42,1971,1h 38m,PG,6.4,35K
43. Death in Venice,https://www.imdb.com/title/tt0067445/?ref_=sr_t_43,1971,2h 10m,GP,7.3,24K
44. The Big Boss,https://www.imdb.com/title/tt0067824/?ref_=sr_t_44,1971,1h 39m,R,6.9,30K
45. Twins of Evil,https://www.imdb.com/title/tt0069427/?ref_=sr_t_45,1971,1h 27m,R,6.6,6.9K
46. Billy Jack,https://www.imdb.com/title/tt0066832/?ref_=sr_t_46,1971,1h 54m,GP,6.2,6.8K
47. Sunday Bloody Sunday,https://www.imdb.com/title/tt0067805/?ref_=sr_t_47,1971,1h 50m,R,7.0,7.4K
48. Monty Python's and Now for Something Completely Different,https://www.imdb.com/title/tt0066765/?ref_=sr_t_48,1971,1h 28m,PG,7.5,32K
49. The Emigrants,https://www.imdb.com/title/tt0067919/?ref_=sr_t_49,1971,2h 31m,PG,8.0,7.7K
50. A Bay of Blood,https://www.imdb.com/title/tt0067656/?ref_=sr_t_50,1971,1h 24m,R,6.5,13K
51. Trinity Is Still My Name,https://www.imdb.com/title/tt0068154/?ref_=sr_t_51,1971,1h 57m,G,7.2,18K
52. Shaft,https://www.imdb.com/title/tt0067741/?ref_=sr_t_52,1971,1h 40m,R,6.6,22K
53. Daughters of Darkness,https://www.imdb.com/title/tt0067690/?ref_=sr_t_53,1971,1h 27m,R,6.5,7.4K
54. Lust for a Vampire,https://www.imdb.com/title/tt0067367/?ref_=sr_t_54,1971,1h 31m,R,5.7,3.8K
55. Macbeth,https://www.imdb.com/title/tt0067372/?ref_=sr_t_55,1971,2h 20m,R,7.4,15K
56. Two-Lane Blacktop,https://www.imdb.com/title/tt0067893/?ref_=sr_t_56,1971,1h 42m,R,7.2,14K
57. Red Sun,https://www.imdb.com/title/tt0067770/?ref_=sr_t_57,1971,1h 52m,PG,6.8,11K
58. Johnny Got His Gun,https://www.imdb.com/title/tt0067277/?ref_=sr_t_58,1971,1h 51m,PG,7.8,19K
59. Nicholas and Alexandra,https://www.imdb.com/title/tt0067483/?ref_=sr_t_59,1971,3h 3m,PG,7.2,5.8K
60. Maid in Sweden,https://www.imdb.com/title/tt0064624/?ref_=sr_t_60,1971,1h 20m,R,4.4,1.6K
61. The Blood on Satan's Claw,https://www.imdb.com/title/tt0066849/?ref_=sr_t_61,1971,1h 37m,R,6.4,8.1K
62. A Lizard in a Woman's Skin,https://www.imdb.com/title/tt0067361/?ref_=sr_t_62,1971,1h 35m,Not Rated,6.8,6K
63. The Go-Between,https://www.imdb.com/title/tt0067144/?ref_=sr_t_63,1971,1h 56m,PG,7.2,6.7K
64. Man in the Wilderness,https://www.imdb.com/title/tt0067388/?ref_=sr_t_64,1971,1h 44m,PG,6.8,3.6K
65. Pretty Maids All in a Row,https://www.imdb.com/title/tt0067610/?ref_=sr_t_65,1971,1h 31m,R,6.1,2.8K
66. The Hunting Party,https://www.imdb.com/title/tt0067224/?ref_=sr_t_66,1971,1h 51m,R,6.2,3.5K
67. The Abominable Dr. Phibes,https://www.imdb.com/title/tt0066740/?ref_=sr_t_67,1971,1h 34m,PG-13,7.0,17K
68. Swinging Wives,https://www.imdb.com/title/tt0198825/?ref_=sr_t_68,1971,1h 37m,R,4.0,215
69. The Light at the Edge of the World,https://www.imdb.com/title/tt0067345/?ref_=sr_t_69,1971,2h 8m,GP,6.0,1.9K
70. Blood from the Mummy's Tomb,https://www.imdb.com/title/tt0068290/?ref_=sr_t_70,1971,1h 34m,PG,5.6,4K
71. When Eight Bells Toll,https://www.imdb.com/title/tt0067976/?ref_=sr_t_71,1971,1h 34m,GP,6.0,2.8K
72. The Hospital,https://www.imdb.com/title/tt0067217/?ref_=sr_t_72,1971,1h 43m,PG-13,7.1,7.6K
73. Le Mans,https://www.imdb.com/title/tt0067334/?ref_=sr_t_73,1971,1h 46m,G,6.7,12K
74. The Chambermaid's Dream,https://www.imdb.com/title/tt0067121/?ref_=sr_t_74,1971,1h 30m,,5.1,281
75. 10 Rillington Place,https://www.imdb.com/title/tt0066730/?ref_=sr_t_75,1971,1h 51m,GP,7.5,10K
76. She Killed in Ecstasy,https://www.imdb.com/title/tt0066104/?ref_=sr_t_76,1971,1h 20m,Unrated,5.6,2.1K
77. I Drink Your Blood,https://www.imdb.com/title/tt0067229/?ref_=sr_t_77,1971,1h 23m,R,5.9,4.3K
78. Hannie Caulder,https://www.imdb.com/title/tt0068675/?ref_=sr_t_78,1971,1h 25m,R,6.4,4.4K
79. Valdez Is Coming,https://www.imdb.com/title/tt0067921/?ref_=sr_t_79,1971,1h 30m,PG-13,6.7,4.7K
80. Friends,https://www.imdb.com/title/tt0067118/?ref_=sr_t_80,1971,1h 41m,R,6.5,1.2K
81. The Strange Vice of Mrs. Wardh,https://www.imdb.com/title/tt0066412/?ref_=sr_t_81,1971,1h 21m,R,6.9,5.7K
82. Bananas,https://www.imdb.com/title/tt0066808/?ref_=sr_t_82,1971,1h 22m,PG-13,6.9,39K
83. Sometimes a Great Notion,https://www.imdb.com/title/tt0067774/?ref_=sr_t_83,1971,1h 54m,PG,6.9,4.7K
84. Countess Dracula,https://www.imdb.com/title/tt0065580/?ref_=sr_t_84,1971,1h 33m,PG,5.9,5K
85. In the Devil's Garden,https://www.imdb.com/title/tt0067243/?ref_=sr_t_85,1971,1h 31m,R,5.5,856
86. The Shiver of the Vampires,https://www.imdb.com/title/tt0065744/?ref_=sr_t_86,1971,1h 35m,R,5.6,2.4K
87. Melody,https://www.imdb.com/title/tt0067418/?ref_=sr_t_87,1971,1h 43m,G,7.6,3.3K
88. The Cat o' Nine Tails,https://www.imdb.com/title/tt0065761/?ref_=sr_t_88,1971,1h 52m,GP,6.6,13K
89. The Sex Adventures of the Three Musketeers,https://www.imdb.com/title/tt0067739/?ref_=sr_t_89,1971,1h 19m,R,3.0,375
90. The Night Evelyn Came Out of the Grave,https://www.imdb.com/title/tt0067487/?ref_=sr_t_90,1971,1h 43m,R,5.8,3K
91. Willard,https://www.imdb.com/title/tt0067991/?ref_=sr_t_91,1971,1h 35m,PG,6.2,5.9K
92. Emil of Lonneberga,https://www.imdb.com/title/tt0067047/?ref_=sr_t_92,1971,1h 35m,,7.3,4.6K
93. Virgin Witch,https://www.imdb.com/title/tt0069464/?ref_=sr_t_93,1971,1h 28m,R,4.9,1.6K
94. Some of My Best Friends Are...,https://www.imdb.com/title/tt0067771/?ref_=sr_t_94,1971,1h 50m,R,5.8,411
95. A New Leaf,https://www.imdb.com/title/tt0067482/?ref_=sr_t_95,1971,1h 42m,G,7.3,8K
96. The House That Dripped Blood,https://www.imdb.com/title/tt0065854/?ref_=sr_t_96,1971,1h 42m,PG,6.5,8K
97. Lawman,https://www.imdb.com/title/tt0067333/?ref_=sr_t_97,1971,1h 39m,R,7.0,6.4K
98. Taking Off,https://www.imdb.com/title/tt0067820/?ref_=sr_t_98,1971,1h 33m,R,7.4,5K
99. The Anderson Tapes,https://www.imdb.com/title/tt0066767/?ref_=sr_t_99,1971,1h 39m,GP,6.4,9.2K
100. Devil's Nightmare,https://www.imdb.com/title/tt0067592/?ref_=sr_t_100,1971,1h 35m,R,6.0,2.3K
101. Don't Deliver Us from Evil,https://www.imdb.com/title/tt0066040/?ref_=sr_t_101,1971,1h 42m,Unrated,6.7,2.9K
102. 'Doc',https://www.imdb.com/title/tt0067003/?ref_=sr_t_102,1971,1h 36m,PG,6.2,2.1K
"103. Dagmar's Hot Pants, Inc.",https://www.imdb.com/title/tt0068443/?ref_=sr_t_103,1971,1h 34m,X,4.3,431
104. The Sensuous Teenager,https://www.imdb.com/title/tt0065915/?ref_=sr_t_104,1971,1h 43m,R,4.6,331
105. Percy,https://www.imdb.com/title/tt0067568/?ref_=sr_t_105,1971,1h 43m,R,4.5,485
106. The Telephone Book,https://www.imdb.com/title/tt0067839/?ref_=sr_t_106,1971,1h 20m,X,6.6,743
107. The Nightcomers,https://www.imdb.com/title/tt0069007/?ref_=sr_t_107,1971,1h 36m,R,5.8,3K
108. Four Flies on Grey Velvet,https://www.imdb.com/title/tt0066735/?ref_=sr_t_108,1971,1h 44m,PG,6.5,10K
109. Blue Movie,https://www.imdb.com/title/tt0066850/?ref_=sr_t_109,1971,1h 28m,Unrated,5.1,583
110. Schoolgirl's Report '75,https://www.imdb.com/title/tt0067717/?ref_=sr_t_110,1971,1h 31m,,4.4,535
111. Fools' Parade,https://www.imdb.com/title/tt0067109/?ref_=sr_t_111,1971,1h 38m,GP,6.4,1.7K
112. Oasis of Fear,https://www.imdb.com/title/tt0067602/?ref_=sr_t_112,1971,1h 30m,R,6.1,1.1K
113. Sweet Sweetback's Baadasssss Song,https://www.imdb.com/title/tt0067810/?ref_=sr_t_113,1971,1h 37m,R,5.5,6K
114. The Vampire Happening,https://www.imdb.com/title/tt0065762/?ref_=sr_t_114,1971,1h 42m,Not Rated,4.7,803
115. The Night Visitor,https://www.imdb.com/title/tt0066141/?ref_=sr_t_115,1971,1h 46m,PG,6.7,2.1K
116. Black Belly of the Tarantula,https://www.imdb.com/title/tt0069343/?ref_=sr_t_116,1971,1h 29m,R,6.3,3.8K
117. 200 Motels,https://www.imdb.com/title/tt0066732/?ref_=sr_t_117,1971,1h 38m,R,5.6,2.4K
118. The Third Part of the Night,https://www.imdb.com/title/tt0067885/?ref_=sr_t_118,1971,1h 47m,,7.3,2.9K
119. Up Pompeii,https://www.imdb.com/title/tt0067916/?ref_=sr_t_119,1971,1h 30m,R,6.0,1.2K
120. Creatures the World Forgot,https://www.imdb.com/title/tt0066955/?ref_=sr_t_120,1971,1h 35m,PG,4.5,1.1K
121. Spring,https://www.imdb.com/title/tt0066248/?ref_=sr_t_121,1971,1h 25m,,6.4,123
122. The Long Swift Sword of Siegfried,https://www.imdb.com/title/tt0067753/?ref_=sr_t_122,1971,1h 32m,Not Rated,4.2,260
123. Bad Man's River,https://www.imdb.com/title/tt0068246/?ref_=sr_t_123,1971,1h 32m,PG,4.6,1.1K
124. Dr Jekyll & Sister Hyde,https://www.imdb.com/title/tt0068502/?ref_=sr_t_124,1971,1h 34m,PG,6.6,4.1K
125. The Music Lovers,https://www.imdb.com/title/tt0066109/?ref_=sr_t_125,1971,2h 3m,R,7.2,3.2K
126. Love Toy,https://www.imdb.com/title/tt0063244/?ref_=sr_t_126,1971,1h 16m,,4.2,389
127. The Organization,https://www.imdb.com/title/tt0067535/?ref_=sr_t_127,1971,1h 46m,PG-13,6.0,2.3K
128. The Big Doll House,https://www.imdb.com/title/tt0066830/?ref_=sr_t_128,1971,1h 35m,R,5.8,3.2K
129. The Velvet Vampire,https://www.imdb.com/title/tt0067929/?ref_=sr_t_129,1971,1h 20m,R,5.3,1.9K
130. Murphy's War,https://www.imdb.com/title/tt0067458/?ref_=sr_t_130,1971,1h 47m,PG-13,6.7,4.1K
131. The Godson,https://www.imdb.com/title/tt0067145/?ref_=sr_t_131,1971,1h 32m,X,4.3,251
132. The Love Machine,https://www.imdb.com/title/tt0067359/?ref_=sr_t_132,1971,1h 48m,R,4.8,444
133. Fright,https://www.imdb.com/title/tt0067119/?ref_=sr_t_133,1971,1h 27m,PG,5.8,2.2K
134. Lady Frankenstein,https://www.imdb.com/title/tt0067321/?ref_=sr_t_134,1971,1h 39m,R,5.1,2.6K
135. X-Rated Girl,https://www.imdb.com/title/tt0067422/?ref_=sr_t_135,1971,1h 50m,R,6.2,594
136. $,https://www.imdb.com/title/tt0068152/?ref_=sr_t_136,1971,2h 1m,R,6.3,3K
137. Vacation,https://www.imdb.com/title/tt0065161/?ref_=sr_t_137,1971,1h 41m,,5.4,363
138. Short Night of Glass Dolls,https://www.imdb.com/title/tt0067384/?ref_=sr_t_138,1971,1h 37m,Not Rated,6.6,3.8K
139. Let's Scare Jessica to Death,https://www.imdb.com/title/tt0067341/?ref_=sr_t_139,1971,1h 29m,PG-13,6.4,9.6K
140. The Werewolf Versus the Vampire Woman,https://www.imdb.com/title/tt0066160/?ref_=sr_t_140,1971,1h 22m,R,5.3,2.2K
141. Bless the Beasts & Children,https://www.imdb.com/title/tt0068286/?ref_=sr_t_141,1971,1h 49m,GP,6.7,1.6K
142. The Christmas Martian,https://www.imdb.com/title/tt0067400/?ref_=sr_t_142,1971,1h 5m,,4.6,265
143. Catlow,https://www.imdb.com/title/tt0066900/?ref_=sr_t_143,1971,1h 41m,PG-13,5.6,1.4K
144. The Last Valley,https://www.imdb.com/title/tt0065969/?ref_=sr_t_144,1971,2h 8m,PG,7.0,3.7K
145. Cisco Pike,https://www.imdb.com/title/tt0068384/?ref_=sr_t_145,1971,1h 35m,R,6.5,2.1K
146. Cold Turkey,https://www.imdb.com/title/tt0066927/?ref_=sr_t_146,1971,1h 39m,PG-13,6.6,2.5K
147. The Mephisto Waltz,https://www.imdb.com/title/tt0067419/?ref_=sr_t_147,1971,1h 55m,R,6.1,3.4K
148. See No Evil,https://www.imdb.com/title/tt0067727/?ref_=sr_t_148,1971,1h 29m,GP,6.6,4.3K
149. The Last Movie,https://www.imdb.com/title/tt0067327/?ref_=sr_t_149,1971,1h 48m,R,6.1,2.8K
150. Traffic,https://www.imdb.com/title/tt0069400/?ref_=sr_t_150,1971,1h 36m,G,7.0,7.8K
151. The Gang That Couldn't Shoot Straight,https://www.imdb.com/title/tt0067124/?ref_=sr_t_151,1971,1h 36m,PG-13,4.8,1.6K
152. They Have Changed Their Face,https://www.imdb.com/title/tt0067178/?ref_=sr_t_152,1971,1h 36m,,6.6,709
153. Puppet on a Chain,https://www.imdb.com/title/tt0066258/?ref_=sr_t_153,1971,1h 38m,PG,5.9,1.3K
154. The Fifth Cord,https://www.imdb.com/title/tt0067134/?ref_=sr_t_154,1971,1h 33m,Not Rated,6.6,2.7K
"155. Mary, Queen of Scots",https://www.imdb.com/title/tt0067402/?ref_=sr_t_155,1971,2h 8m,PG-13,7.1,5K
156. Blanche,https://www.imdb.com/title/tt0066841/?ref_=sr_t_156,1971,1h 33m,Not Rated,6.5,1.1K
157. Gentlemen of Fortune,https://www.imdb.com/title/tt0068519/?ref_=sr_t_157,1971,1h 28m,TV-13,8.3,13K
158. Blood and Lace,https://www.imdb.com/title/tt0066848/?ref_=sr_t_158,1971,1h 27m,R,5.4,1.3K
159. Godzilla vs. Hedorah,https://www.imdb.com/title/tt0067148/?ref_=sr_t_159,1971,1h 25m,PG,6.1,7K
160. The Boy Friend,https://www.imdb.com/title/tt0066858/?ref_=sr_t_160,1971,2h 17m,G,6.8,3.7K
161. Minnie and Moskowitz,https://www.imdb.com/title/tt0067433/?ref_=sr_t_161,1971,1h 54m,GP,7.2,5.5K
162. Girl Slaves of Morgana Le Fay,https://www.imdb.com/title/tt0206154/?ref_=sr_t_162,1971,1h 26m,Unrated,5.5,848
163. Demons,https://www.imdb.com/title/tt0165473/?ref_=sr_t_163,1971,2h 14m,,7.9,3.1K
164. Making of a Prostitute,https://www.imdb.com/title/tt0358164/?ref_=sr_t_164,1971,1h 25m,,5.0,211
165. Sin,https://www.imdb.com/title/tt0065459/?ref_=sr_t_165,1971,1h 15m,R,4.8,252
166. Born to Win,https://www.imdb.com/title/tt0066856/?ref_=sr_t_166,1971,1h 28m,R,5.8,2.2K
167. Carry on at Your Convenience,https://www.imdb.com/title/tt0066895/?ref_=sr_t_167,1971,1h 30m,Not Rated,6.2,3.7K
168. Women in Cages,https://www.imdb.com/title/tt0067995/?ref_=sr_t_168,1971,1h 21m,R,5.0,2K
169. Cry Uncle,https://www.imdb.com/title/tt0066960/?ref_=sr_t_169,1971,1h 27m,R,4.9,716
170. Pinocchio,https://www.imdb.com/title/tt0067061/?ref_=sr_t_170,1971,1h 14m,R,3.7,244
171. Wild Rovers,https://www.imdb.com/title/tt0067989/?ref_=sr_t_171,1971,2h 16m,GP,6.5,2.1K
172. The Incredible 2-Headed Transplant,https://www.imdb.com/title/tt0067245/?ref_=sr_t_172,1971,1h 28m,R,3.5,1.9K
173. Lady Liberty,https://www.imdb.com/title/tt0068970/?ref_=sr_t_173,1971,1h 35m,PG,5.6,532
174. Skin Game,https://www.imdb.com/title/tt0067763/?ref_=sr_t_174,1971,1h 42m,PG,7.0,2K
175. Summer Affair,https://www.imdb.com/title/tt0076779/?ref_=sr_t_175,1971,1h 31m,R,5.5,251
176. Man of the Year,https://www.imdb.com/title/tt0067212/?ref_=sr_t_176,1971,1h 32m,R,5.1,229
177. The Legend of Frenchie King,https://www.imdb.com/title/tt0067637/?ref_=sr_t_177,1971,1h 34m,R,5.2,1.4K
178. A Touch of Zen,https://www.imdb.com/title/tt0064451/?ref_=sr_t_178,1971,3h 20m,Not Rated,7.5,7.6K
179. The Last Run,https://www.imdb.com/title/tt0067329/?ref_=sr_t_179,1971,1h 35m,GP,6.6,2.7K
180. Who Is Harry Kellerman and Why Is He Saying Those Terrible Things About Me?,https://www.imdb.com/title/tt0067980/?ref_=sr_t_180,1971,1h 48m,R,5.4,1.1K
181. Mourir d'aimer...,https://www.imdb.com/title/tt0066101/?ref_=sr_t_181,1971,1h 41m,PG,7.0,653
182. Villain,https://www.imdb.com/title/tt0067952/?ref_=sr_t_182,1971,1h 38m,R,6.5,2.1K
183. The Working Class Goes to Heaven,https://www.imdb.com/title/tt0066919/?ref_=sr_t_183,1971,2h 5m,,7.6,4.3K
184. Four Times That Night,https://www.imdb.com/title/tt0069141/?ref_=sr_t_184,1971,1h 23m,R,5.7,1K
185. Delusions of Grandeur,https://www.imdb.com/title/tt0067108/?ref_=sr_t_185,1971,1h 25m,PG,7.2,8.3K
186. The Burglars,https://www.imdb.com/title/tt0068347/?ref_=sr_t_186,1971,2h,PG,6.5,3.2K
187. Bleak Moments,https://www.imdb.com/title/tt0066842/?ref_=sr_t_187,1971,1h 51m,,6.9,1.8K
188. Hands of the Ripper,https://www.imdb.com/title/tt0067176/?ref_=sr_t_188,1971,1h 25m,R,6.2,3.2K
189. Zaat,https://www.imdb.com/title/tt0072666/?ref_=sr_t_189,1971,1h 40m,PG,2.2,5.4K
"190. Drive, He Said",https://www.imdb.com/title/tt0068509/?ref_=sr_t_190,1971,1h 30m,R,5.7,1.8K
191. Sacco & Vanzetti,https://www.imdb.com/title/tt0067698/?ref_=sr_t_191,1971,2h 5m,GP,7.8,3.9K
192. Little Murders,https://www.imdb.com/title/tt0067350/?ref_=sr_t_192,1971,1h 48m,PG,6.9,3.7K
193. The Trojan Women,https://www.imdb.com/title/tt0067881/?ref_=sr_t_193,1971,1h 45m,GP,6.9,1.8K
"194. Throw Away Your Books, Rally in the Streets",https://www.imdb.com/title/tt0228853/?ref_=sr_t_194,1971,2h 17m,,7.6,2.4K
195. With These Hands...,https://www.imdb.com/title/tt0069505/?ref_=sr_t_195,1971,1h 33m,,4.8,136
196. The Case of the Scorpion's Tail,https://www.imdb.com/title/tt0066924/?ref_=sr_t_196,1971,1h 35m,Not Rated,6.7,3.7K
"197. Not Tonight, Darling",https://www.imdb.com/title/tt0141667/?ref_=sr_t_197,1971,1h 30m,,3.7,210
198. Fortune and Men's Eyes,https://www.imdb.com/title/tt0067112/?ref_=sr_t_198,1971,1h 42m,R,6.6,583
199. Shoot Out,https://www.imdb.com/title/tt0067750/?ref_=sr_t_199,1971,1h 35m,GP,6.2,2.4K
200. Black Beauty,https://www.imdb.com/title/tt0066834/?ref_=sr_t_200,1971,1h 46m,G,5.4,1.2K
201. Punishment Park,https://www.imdb.com/title/tt0067633/?ref_=sr_t_201,1971,1h 31m,R,7.7,7.9K
202. The Iguana with the Tongue of Fire,https://www.imdb.com/title/tt0067236/?ref_=sr_t_202,1971,1h 36m,Not Rated,5.4,1.1K
203. Kotch,https://www.imdb.com/title/tt0067314/?ref_=sr_t_203,1971,1h 53m,Approved,6.6,1.7K
204. They Might Be Giants,https://www.imdb.com/title/tt0067848/?ref_=sr_t_204,1971,1h 31m,G,6.7,3.4K
205. Long Live Death,https://www.imdb.com/title/tt0066530/?ref_=sr_t_205,1971,1h 30m,Not Rated,6.6,1.6K
206. Secrets,https://www.imdb.com/title/tt0067725/?ref_=sr_t_206,1971,1h 32m,R,5.2,314
"207. Long Ago, Tomorrow",https://www.imdb.com/title/tt0067357/?ref_=sr_t_207,1971,1h 50m,GP,6.9,690
208. Apartment Wife: Affair in the Afternoon,https://www.imdb.com/title/tt0218984/?ref_=sr_t_208,1971,1h 4m,,6.1,37
209. Under Milk Wood,https://www.imdb.com/title/tt0070854/?ref_=sr_t_209,1971,1h 27m,PG,5.8,875
210. The Olsen Gang in Jutland,https://www.imdb.com/title/tt0067524/?ref_=sr_t_210,1971,1h 41m,Not Rated,7.2,2.6K
211. The Night Digger,https://www.imdb.com/title/tt0067486/?ref_=sr_t_211,1971,1h 37m,R,6.3,1.3K
212. Blood Suckers,https://www.imdb.com/title/tt0065887/?ref_=sr_t_212,1971,1h 22m,R,4.0,806
213. The Female Bunch,https://www.imdb.com/title/tt0064321/?ref_=sr_t_213,1971,1h 26m,R,4.3,544
214. Such Good Friends,https://www.imdb.com/title/tt0067801/?ref_=sr_t_214,1971,1h 41m,R,6.0,719
215. Asylum Erotica,https://www.imdb.com/title/tt0066827/?ref_=sr_t_215,1971,1h 29m,,5.1,1.9K
216. The Affair,https://www.imdb.com/title/tt0166843/?ref_=sr_t_216,1971,1h 33m,R,5.1,907
217. Kidnapped,https://www.imdb.com/title/tt0067302/?ref_=sr_t_217,1971,1h 40m,G,6.2,1.6K
218. Fata Morgana,https://www.imdb.com/title/tt0067085/?ref_=sr_t_218,1971,1h 19m,Not Rated,6.7,4.2K
219. Southern Comforts,https://www.imdb.com/title/tt0149022/?ref_=sr_t_219,1971,1h 20m,X,4.6,210
220. Mother Knows Best,https://www.imdb.com/title/tt0251865/?ref_=sr_t_220,1971,1h 5m,,5.5,51
221. The Million Dollar Duck,https://www.imdb.com/title/tt0066728/?ref_=sr_t_221,1971,1h 29m,G,5.8,2.8K
222. J W Coop,https://www.imdb.com/title/tt0067258/?ref_=sr_t_222,1971,1h 52m,PG-13,6.5,605
223. Death Walks on High Heels,https://www.imdb.com/title/tt0067446/?ref_=sr_t_223,1971,1h 48m,Not Rated,6.5,2.4K
224. On Any Sunday,https://www.imdb.com/title/tt0067527/?ref_=sr_t_224,1971,1h 36m,G,7.7,1.6K
225. Making It,https://www.imdb.com/title/tt0067383/?ref_=sr_t_225,1971,1h 37m,R,5.9,149
226. Dracula vs. Frankenstein,https://www.imdb.com/title/tt0067017/?ref_=sr_t_226,1971,1h 31m,GP,3.5,2.3K
227. Emperor Tomato Ketchup,https://www.imdb.com/title/tt0066468/?ref_=sr_t_227,1971,1h 12m,,5.8,792
228. Angels Hard as They Come,https://www.imdb.com/title/tt0066771/?ref_=sr_t_228,1971,1h 27m,R,4.6,569
229. Land of Silence and Darkness,https://www.imdb.com/title/tt0067324/?ref_=sr_t_229,1971,1h 25m,Not Rated,7.9,3.3K
230. Anand,https://www.imdb.com/title/tt0066763/?ref_=sr_t_230,1971,2h 2m,Not Rated,8.1,36K
231. Good Little Girls,https://www.imdb.com/title/tt0066217/?ref_=sr_t_231,1971,1h 30m,,5.0,107
232. The Tales of Beatrix Potter,https://www.imdb.com/title/tt0067570/?ref_=sr_t_232,1971,1h 30m,G,6.8,660
233. The Devil Came from Akasava,https://www.imdb.com/title/tt0067846/?ref_=sr_t_233,1971,1h 24m,,4.8,743
234. Family Life,https://www.imdb.com/title/tt0068569/?ref_=sr_t_234,1971,1h 48m,Not Rated,7.5,2.2K
235. Captain Apache,https://www.imdb.com/title/tt0066886/?ref_=sr_t_235,1971,1h 34m,PG,4.7,1.1K
236. Marta,https://www.imdb.com/title/tt0067010/?ref_=sr_t_236,1971,1h 36m,R,6.1,269
237. Gumshoe,https://www.imdb.com/title/tt0068669/?ref_=sr_t_237,1971,1h 26m,GP,6.4,1.9K
238. Chinatown Voyeur,https://www.imdb.com/title/tt33183722/?ref_=sr_t_238,1971,1h,,,
239. Cold Eyes of Fear,https://www.imdb.com/title/tt0067511/?ref_=sr_t_239,1971,1h 31m,Not Rated,5.4,1K
240. The Saviour,https://www.imdb.com/title/tt0195232/?ref_=sr_t_240,1971,1h 45m,,6.4,289
241. Wat zien ik,https://www.imdb.com/title/tt0067963/?ref_=sr_t_241,1971,1h 30m,R,5.9,1.4K
242. In the Name of the Italian People,https://www.imdb.com/title/tt0067242/?ref_=sr_t_242,1971,1h 43m,,7.5,1.8K
243. Red Sky at Morning,https://www.imdb.com/title/tt0067659/?ref_=sr_t_243,1971,1h 52m,GP,7.0,468
"244. Unman, Wittering and Zigo",https://www.imdb.com/title/tt0067907/?ref_=sr_t_244,1971,1h 42m,GP,7.1,791
245. The Touch of Satan,https://www.imdb.com/title/tt0066476/?ref_=sr_t_245,1971,1h 30m,PG,2.3,3.2K
246. The Young Seducers,https://www.imdb.com/title/tt0066852/?ref_=sr_t_246,1971,1h 19m,R,4.3,327
247. Mrs. Pollifax-Spy,https://www.imdb.com/title/tt0067451/?ref_=sr_t_247,1971,1h 50m,G,5.6,565
248. The Touch,https://www.imdb.com/title/tt0066826/?ref_=sr_t_248,1971,1h 55m,R,6.3,2.3K
249. Something Big,https://www.imdb.com/title/tt0068022/?ref_=sr_t_249,1971,1h 48m,PG-13,5.7,1.1K
250. Love Me Strangely,https://www.imdb.com/title/tt0066501/?ref_=sr_t_250,1971,1h 33m,R,5.5,225
251. Michael the Brave,https://www.imdb.com/title/tt0066078/?ref_=sr_t_251,1971,3h 23m,,8.5,6.6K
252. The Horrible Sexy Vampire,https://www.imdb.com/title/tt0066519/?ref_=sr_t_252,1971,1h 30m,R,4.3,377
253. Twelve Chairs,https://www.imdb.com/title/tt0065670/?ref_=sr_t_253,1971,2h 33m,PG-13,8.2,7.5K
254. A Town Called Hell,https://www.imdb.com/title/tt0067870/?ref_=sr_t_254,1971,1h 35m,R,5.0,900
255. The Brotherhood of Satan,https://www.imdb.com/title/tt0066863/?ref_=sr_t_255,1971,1h 32m,PG,5.5,2K
256. Nights and Loves of Don Juan,https://www.imdb.com/title/tt0066761/?ref_=sr_t_256,1971,1h 45m,,4.4,126
257. Return of Sabata,https://www.imdb.com/title/tt0067672/?ref_=sr_t_257,1971,1h 40m,PG,5.6,2.3K
258. The Salamander,https://www.imdb.com/title/tt0067701/?ref_=sr_t_258,1971,2h 5m,,7.3,901
259. The Apple War,https://www.imdb.com/title/tt0068025/?ref_=sr_t_259,1971,1h 43m,R,6.6,2.2K
"260. 1,000 Convicts and a Woman",https://www.imdb.com/title/tt0066731/?ref_=sr_t_260,1971,1h 32m,R,4.1,292
261. Doctors' Wives,https://www.imdb.com/title/tt0067004/?ref_=sr_t_261,1971,1h 41m,R,4.7,437
262. Bury Me an Angel,https://www.imdb.com/title/tt0066872/?ref_=sr_t_262,1971,1h 29m,R,5.1,355
263. Sayedat al akmar al sawdaa,https://www.imdb.com/title/tt0477749/?ref_=sr_t_263,1971,1h 46m,,4.2,161
264. Carry on Henry VIII,https://www.imdb.com/title/tt0066894/?ref_=sr_t_264,1971,1h 29m,GP,6.2,3.2K
265. The Marriage of a Young Stockbroker,https://www.imdb.com/title/tt0067398/?ref_=sr_t_265,1971,1h 35m,PG,6.1,183
266. The Zodiac Killer,https://www.imdb.com/title/tt0143016/?ref_=sr_t_266,1971,1h 27m,R,4.4,1K
267. 'Tis Pity She's a Whore,https://www.imdb.com/title/tt0069678/?ref_=sr_t_267,1971,1h 31m,X,6.3,504
268. A Gunfight,https://www.imdb.com/title/tt0067168/?ref_=sr_t_268,1971,1h 29m,PG,6.3,1.5K
269. The Hired Hand,https://www.imdb.com/title/tt0067204/?ref_=sr_t_269,1971,1h 30m,R,6.9,3.9K
270. Four Nights of a Dreamer,https://www.imdb.com/title/tt0067641/?ref_=sr_t_270,1971,1h 27m,Not Rated,7.3,3.3K
271. The Seven Minutes,https://www.imdb.com/title/tt0067736/?ref_=sr_t_271,1971,1h 55m,PG,5.5,470
272. Web of the Spider,https://www.imdb.com/title/tt0066132/?ref_=sr_t_272,1971,1h 33m,R,5.5,889
273. Miscellaneous Brigade in the Mountains and at the Sea,https://www.imdb.com/title/tt0123392/?ref_=sr_t_273,1971,1h 40m,,8.6,2.1K
274. Chrome and Hot Leather,https://www.imdb.com/title/tt0066915/?ref_=sr_t_274,1971,1h 31m,PG-13,5.0,613
275. The Fourth Victim,https://www.imdb.com/title/tt0066623/?ref_=sr_t_275,1971,1h 28m,,5.7,592
276. Sur un arbre perché,https://www.imdb.com/title/tt0066423/?ref_=sr_t_276,1971,1h 30m,,6.3,3.6K
277. Zeppelin,https://www.imdb.com/title/tt0068014/?ref_=sr_t_277,1971,1h 40m,G,6.1,1.6K
278. Passion Potion,https://www.imdb.com/title/tt0067126/?ref_=sr_t_278,1971,1h 36m,R,4.2,139
279. Die Screaming Marianne,https://www.imdb.com/title/tt0066996/?ref_=sr_t_279,1971,1h 41m,Not Rated,5.0,934
280. This Stuff'll Kill Ya!,https://www.imdb.com/title/tt0067850/?ref_=sr_t_280,1971,1h 39m,GP,3.8,408
281. Blackie the Pirate,https://www.imdb.com/title/tt0066950/?ref_=sr_t_281,1971,1h 39m,,5.2,2.3K
282. Plaza Suite,https://www.imdb.com/title/tt0067589/?ref_=sr_t_282,1971,1h 54m,PG-13,6.5,2.9K
283. Isle of the Snake People,https://www.imdb.com/title/tt0063142/?ref_=sr_t_283,1971,1h 30m,Unrated,3.4,1.1K
284. Pink Narcissus,https://www.imdb.com/title/tt0067580/?ref_=sr_t_284,1971,1h 5m,Not Rated,6.6,1.7K
285. The Beast in the Cellar,https://www.imdb.com/title/tt0066815/?ref_=sr_t_285,1971,1h 28m,R,4.9,1.2K
286. Swamp Girl,https://www.imdb.com/title/tt0152721/?ref_=sr_t_286,1971,1h 18m,GP,5.1,167
287. Ginger,https://www.imdb.com/title/tt0067133/?ref_=sr_t_287,1971,1h 30m,R,3.9,659
288. The Big Snatch,https://www.imdb.com/title/tt0062730/?ref_=sr_t_288,1971,1h 17m,Not Rated,5.0,219
289. The Magnificent Seven Deadly Sins,https://www.imdb.com/title/tt0067381/?ref_=sr_t_289,1971,1h 47m,Not Rated,5.4,487
290. Sympathy for the Underdog,https://www.imdb.com/title/tt0066806/?ref_=sr_t_290,1971,1h 33m,,7.3,1.1K
291. Haathi Mere Saathi,https://www.imdb.com/title/tt0272118/?ref_=sr_t_291,1971,2h 50m,Not Rated,6.9,1.4K
292. Lake of Dracula,https://www.imdb.com/title/tt0067503/?ref_=sr_t_292,1971,1h 22m,Not Rated,6.2,1.1K
293. Point of Terror,https://www.imdb.com/title/tt0067594/?ref_=sr_t_293,1971,1h 28m,R,3.8,647
294. Night of Dark Shadows,https://www.imdb.com/title/tt0067491/?ref_=sr_t_294,1971,1h 35m,PG,5.4,1.9K
295. The Toy Box,https://www.imdb.com/title/tt0067871/?ref_=sr_t_295,1971,1h 29m,Not Rated,4.5,552
296. Confessions of a Police Captain,https://www.imdb.com/title/tt0066940/?ref_=sr_t_296,1971,1h 32m,PG,7.2,1.8K
297. WR: Mysteries of the Organism,https://www.imdb.com/title/tt0067958/?ref_=sr_t_297,1971,1h 24m,Not Rated,6.7,5.6K
298. The Long Farewell,https://www.imdb.com/title/tt0092905/?ref_=sr_t_298,1971,1h 37m,Not Rated,7.3,1.1K
299. What's the Matter with Helen?,https://www.imdb.com/title/tt0067975/?ref_=sr_t_299,1971,1h 41m,R,6.3,2.4K
300. Haré Rama Haré Krishna,https://www.imdb.com/title/tt0067183/?ref_=sr_t_300,1971,2h 29m,,7.1,885
301. The Butcher of Binbrook,https://www.imdb.com/title/tt0067480/?ref_=sr_t_301,1971,1h 26m,Not Rated,3.9,392
302. Two Males for Alexa,https://www.imdb.com/title/tt0067095/?ref_=sr_t_302,1971,1h 27m,,5.9,323
303. Bedside Dentist,https://www.imdb.com/title/tt0067823/?ref_=sr_t_303,1971,1h 37m,,4.3,232
304. A Touch of Sweden,https://www.imdb.com/title/tt0185726/?ref_=sr_t_304,1971,1h 29m,R,5.0,97
305. The Legend of Spider Forest,https://www.imdb.com/title/tt0067934/?ref_=sr_t_305,1971,1h 31m,PG,4.6,266
306. The Depraved,https://www.imdb.com/title/tt0067076/?ref_=sr_t_306,1971,1h 30m,R,5.0,887
307. The Swingin' Stewardesses,https://www.imdb.com/title/tt0067794/?ref_=sr_t_307,1971,1h 20m,R,3.8,357
308. How Tasty Was My Little Frenchman,https://www.imdb.com/title/tt0066936/?ref_=sr_t_308,1971,1h 24m,Not Rated,6.7,1.2K
309. Someone Behind the Door,https://www.imdb.com/title/tt0067773/?ref_=sr_t_309,1971,1h 37m,GP,5.8,1.8K
310. The Love Garden,https://www.imdb.com/title/tt0123158/?ref_=sr_t_310,1971,1h 12m,,5.3,139
311. I Eat Your Skin,https://www.imdb.com/title/tt0054724/?ref_=sr_t_311,1971,1h 32m,GP,3.6,1.7K
312. The Widow Couderc,https://www.imdb.com/title/tt0067943/?ref_=sr_t_312,1971,1h 32m,TV-14,6.9,2.3K
313. The Love Keys,https://www.imdb.com/title/tt0066843/?ref_=sr_t_313,1971,1h 19m,PG,4.3,31
314. Blue Sextet,https://www.imdb.com/title/tt0066851/?ref_=sr_t_314,1971,1h 30m,R,5.1,88
315. Long Live Robin Hood,https://www.imdb.com/title/tt0065420/?ref_=sr_t_315,1971,1h 43m,G,6.2,441
316. Triple Irons,https://www.imdb.com/title/tt0069518/?ref_=sr_t_316,1971,1h 42m,R,7.2,1.8K
317. Will to Die,https://www.imdb.com/title/tt0066845/?ref_=sr_t_317,1971,1h 22m,R,2.8,927
318. Strawberries Need Rain,https://www.imdb.com/title/tt0066414/?ref_=sr_t_318,1971,1h 25m,R,5.9,104
319. Maddalena,https://www.imdb.com/title/tt0067376/?ref_=sr_t_319,1971,1h 53m,R,5.3,213
320. Love,https://www.imdb.com/title/tt0067814/?ref_=sr_t_320,1971,1h 28m,,7.8,2.3K
321. Below the Belt,https://www.imdb.com/title/tt0132726/?ref_=sr_t_321,1971,1h 29m,,3.8,259
"322. Happy Birthday, Wanda June",https://www.imdb.com/title/tt0067180/?ref_=sr_t_322,1971,1h 45m,R,6.1,375
323. The Murdered House,https://www.imdb.com/title/tt0198360/?ref_=sr_t_323,1971,1h 43m,,7.2,144
324. The Todd Killings,https://www.imdb.com/title/tt0066463/?ref_=sr_t_324,1971,1h 33m,R,6.0,450
325. Murders in the Rue Morgue,https://www.imdb.com/title/tt0067457/?ref_=sr_t_325,1971,1h 27m,PG-13,5.2,1.6K
326. Kill! Kill! Kill! Kill!,https://www.imdb.com/title/tt0068801/?ref_=sr_t_326,1971,1h 53m,R,4.7,390
327. The Great Swindle,https://www.imdb.com/title/tt0066889/?ref_=sr_t_327,1971,1h 30m,R,5.5,215
"328. Simon, King of the Witches",https://www.imdb.com/title/tt0067757/?ref_=sr_t_328,1971,1h 39m,R,5.8,936
329. The Pursuit of Happiness,https://www.imdb.com/title/tt0067634/?ref_=sr_t_329,1971,1h 33m,PG-13,6.3,461
330. Bunny O'Hare,https://www.imdb.com/title/tt0066870/?ref_=sr_t_330,1971,1h 31m,GP,5.6,1.2K
331. Dulcima,https://www.imdb.com/title/tt0067027/?ref_=sr_t_331,1971,1h 38m,PG,6.4,458
332. Mera Gaon Mera Desh,https://www.imdb.com/title/tt0232081/?ref_=sr_t_332,1971,2h 31m,Not Rated,7.1,403
333. A Safe Place,https://www.imdb.com/title/tt0067699/?ref_=sr_t_333,1971,1h 34m,GP,5.0,1.4K
334. Gushing Prayer: A 15-Year-Old Prostitute,https://www.imdb.com/title/tt1467265/?ref_=sr_t_334,1971,1h 12m,,5.4,450
335. Swedish Fly Girls,https://www.imdb.com/title/tt0125038/?ref_=sr_t_335,1971,1h 40m,R,5.3,197
336. Universal Soldier,https://www.imdb.com/title/tt0183948/?ref_=sr_t_336,1971,1h 34m,,4.2,229
337. The Deadly Trap,https://www.imdb.com/title/tt0067382/?ref_=sr_t_337,1971,1h 36m,PG,5.6,664
338. Please Sir!,https://www.imdb.com/title/tt0067591/?ref_=sr_t_338,1971,1h 40m,,6.1,878
339. Private Road,https://www.imdb.com/title/tt0067620/?ref_=sr_t_339,1971,1h 29m,,6.3,257
340. Daisy Town,https://www.imdb.com/title/tt0145891/?ref_=sr_t_340,1971,1h 11m,TV-Y,6.9,2.1K
341. Quadroon,https://www.imdb.com/title/tt0069138/?ref_=sr_t_341,1971,1h 30m,R,5.1,122
342. Gamera vs. Zigra,https://www.imdb.com/title/tt0067123/?ref_=sr_t_342,1971,1h 27m,Not Rated,3.6,2K
343. The Perfect Arrangement,https://www.imdb.com/title/tt0067569/?ref_=sr_t_343,1971,1h 5m,R,5.3,52
344. Malkoçoglu Ölüm Fedaileri,https://www.imdb.com/title/tt0392396/?ref_=sr_t_344,1971,1h 21m,,6.1,937
345. Zachariah,https://www.imdb.com/title/tt0068011/?ref_=sr_t_345,1971,1h 33m,PG,5.8,810
346. Mere Apne,https://www.imdb.com/title/tt0067421/?ref_=sr_t_346,1971,2h 44m,Not Rated,7.6,679
347. The Resort Girls,https://www.imdb.com/title/tt0067918/?ref_=sr_t_347,1971,1h 42m,R,4.7,81
348. Kennen Sie Urban?,https://www.imdb.com/title/tt0067298/?ref_=sr_t_348,1971,1h 36m,,6.7,20
349. Evdokia,https://www.imdb.com/title/tt0067068/?ref_=sr_t_349,1971,1h 37m,,7.0,882
350. Angels' Wild Women,https://www.imdb.com/title/tt0068211/?ref_=sr_t_350,1971,1h 25m,R,3.7,500
351. Fiebre,https://www.imdb.com/title/tt0065719/?ref_=sr_t_351,1971,1h 30m,X,5.3,125
352. Just Before Nightfall,https://www.imdb.com/title/tt0073221/?ref_=sr_t_352,1971,1h 40m,PG,7.2,2.3K
353. The Hard Ride,https://www.imdb.com/title/tt0065815/?ref_=sr_t_353,1971,1h 33m,PG,5.3,380
354. The Horsemen,https://www.imdb.com/title/tt0067216/?ref_=sr_t_354,1971,1h 49m,PG,6.2,1.4K
355. How to Frame a Figg,https://www.imdb.com/title/tt0067219/?ref_=sr_t_355,1971,1h 43m,G,6.4,1.1K
356. Raid on Rommel,https://www.imdb.com/title/tt0067650/?ref_=sr_t_356,1971,1h 39m,GP,5.4,2.5K
357. Joe Cocker: Mad Dogs & Englishmen,https://www.imdb.com/title/tt0067275/?ref_=sr_t_357,1971,1h 57m,GP,7.4,336
358. Fleur bleue,https://www.imdb.com/title/tt0067103/?ref_=sr_t_358,1971,1h 21m,,5.6,184
359. Obszönitäten,https://www.imdb.com/title/tt0067510/?ref_=sr_t_359,1971,1h 17m,,4.4,53
360. Secret Rites,https://www.imdb.com/title/tt0257119/?ref_=sr_t_360,1971,1h 33m,R,4.8,195
361. Without Apparent Motive,https://www.imdb.com/title/tt0069219/?ref_=sr_t_361,1971,1h 40m,PG,6.3,992
362. Rum Runners,https://www.imdb.com/title/tt0066857/?ref_=sr_t_362,1971,2h 15m,Not Rated,5.5,670
363. The Naked Countess,https://www.imdb.com/title/tt0198799/?ref_=sr_t_363,1971,1h 25m,R,5.1,114
364. The Barefoot Executive,https://www.imdb.com/title/tt0066811/?ref_=sr_t_364,1971,1h 36m,G,5.9,2.1K
365. The Legend of Doom House,https://www.imdb.com/title/tt0067386/?ref_=sr_t_365,1971,2h 5m,,6.6,1.7K
366. A Greek Woman in the Harem,https://www.imdb.com/title/tt0206938/?ref_=sr_t_366,1971,1h 45m,,6.8,1.1K
367. Evel Knievel,https://www.imdb.com/title/tt0067069/?ref_=sr_t_367,1971,1h 28m,GP,5.2,1.1K
368. Private Duty Nurses,https://www.imdb.com/title/tt0067618/?ref_=sr_t_368,1971,1h 20m,R,4.5,292
369. Preacherman,https://www.imdb.com/title/tt0067606/?ref_=sr_t_369,1971,1h 27m,R,4.6,260
370. The Grissom Gang,https://www.imdb.com/title/tt0067162/?ref_=sr_t_370,1971,2h 8m,R,6.7,1.5K
371. Honey Britches,https://www.imdb.com/title/tt0090928/?ref_=sr_t_371,1971,1h 25m,R,2.9,709
372. Grease,https://www.imdb.com/title/tt6687650/?ref_=sr_t_372,1971,,,5.7,28
373. Caravan,https://www.imdb.com/title/tt0066888/?ref_=sr_t_373,1971,2h 41m,,6.7,346
374. The Yes Girls,https://www.imdb.com/title/tt0068002/?ref_=sr_t_374,1971,1h 26m,,4.8,48
375. Prostitution Pornography USA,https://www.imdb.com/title/tt0371893/?ref_=sr_t_375,1971,1h 18m,X,5.5,64
"376. I, Monster",https://www.imdb.com/title/tt0068727/?ref_=sr_t_376,1971,1h 15m,PG,5.7,2.1K
377. The Corpse Grinders,https://www.imdb.com/title/tt0068414/?ref_=sr_t_377,1971,1h 12m,R,4.0,1.7K
378. Sometimes Aunt Martha Does Dreadful Things,https://www.imdb.com/title/tt0179471/?ref_=sr_t_378,1971,1h 35m,R,5.0,664
379. Masquerade,https://www.imdb.com/title/tt0067405/?ref_=sr_t_379,1971,1h 26m,Not Rated,5.9,289
380. Beast of the Yellow Night,https://www.imdb.com/title/tt0066816/?ref_=sr_t_380,1971,1h 27m,R,3.5,965
"381. You Are a Widow, Sir!",https://www.imdb.com/title/tt0065331/?ref_=sr_t_381,1971,1h 37m,,7.4,885
382. Hausfrauen-Report,https://www.imdb.com/title/tt0384158/?ref_=sr_t_382,1971,1h 21m,,3.8,96
383. Love Under 17,https://www.imdb.com/title/tt0065983/?ref_=sr_t_383,1971,1h 27m,R,5.7,57
384. Growing Up Female,https://www.imdb.com/title/tt0951280/?ref_=sr_t_384,1971,50m,,7.0,149
385. Things Fall Apart,https://www.imdb.com/title/tt0208779/?ref_=sr_t_385,1971,1h 30m,,7.9,65
386. Who Says I Can't Ride a Rainbow!,https://www.imdb.com/title/tt0067982/?ref_=sr_t_386,1971,1h 25m,G,5.9,97
387. Der lüsterne Türke,https://www.imdb.com/title/tt0067369/?ref_=sr_t_387,1971,1h 21m,,4.3,117
388. Le Chat,https://www.imdb.com/title/tt0066906/?ref_=sr_t_388,1971,1h 26m,,7.5,2.5K
389. Girl Stroke Boy,https://www.imdb.com/title/tt0067137/?ref_=sr_t_389,1971,1h 26m,Not Rated,6.1,179
390. Office Girls,https://www.imdb.com/title/tt0067062/?ref_=sr_t_390,1971,1h 26m,R,4.3,214
391. Woman of Fire,https://www.imdb.com/title/tt0262415/?ref_=sr_t_391,1971,1h 38m,G,6.5,256
392. Werewolves on Wheels,https://www.imdb.com/title/tt0067972/?ref_=sr_t_392,1971,1h 20m,R,4.3,1.6K
393. The Rogue,https://www.imdb.com/title/tt0123195/?ref_=sr_t_393,1971,1h 24m,R,4.9,95
394. Crucible of Terror,https://www.imdb.com/title/tt0066958/?ref_=sr_t_394,1971,1h 31m,Not Rated,4.4,768
395. Sex Family,https://www.imdb.com/title/tt0291466/?ref_=sr_t_395,1971,1h 13m,,5.4,53
396. The Jesus Trip,https://www.imdb.com/title/tt0067268/?ref_=sr_t_396,1971,1h 24m,GP,5.8,117
397. El profe,https://www.imdb.com/title/tt0161931/?ref_=sr_t_397,1971,2h,,6.8,601
398. Adrift,https://www.imdb.com/title/tt0065117/?ref_=sr_t_398,1971,1h 48m,R,6.9,227
399. Angels of Terror,https://www.imdb.com/title/tt0067868/?ref_=sr_t_399,1971,1h 29m,,5.4,603
400. Ekeino to kalokairi...,https://www.imdb.com/title/tt0206711/?ref_=sr_t_400,1971,1h 19m,,6.2,323
401. The American Dreamer,https://www.imdb.com/title/tt0177516/?ref_=sr_t_401,1971,1h 21m,Not Rated,6.6,468
402. Tarkan: Viking Kani,https://www.imdb.com/title/tt0274932/?ref_=sr_t_402,1971,1h 26m,,6.4,2.5K
403. The Bloodstained Butterfly,https://www.imdb.com/title/tt0067084/?ref_=sr_t_403,1971,1h 39m,Not Rated,6.3,2.1K
404. The Return of Count Yorga,https://www.imdb.com/title/tt0067671/?ref_=sr_t_404,1971,1h 37m,R,5.6,1.6K
405. The Plot Against Harry,https://www.imdb.com/title/tt0064820/?ref_=sr_t_405,1971,1h 21m,,6.9,554
406. Vuelo 701,https://www.imdb.com/title/tt0243012/?ref_=sr_t_406,1971,1h 25m,,5.5,17
407. Going Home,https://www.imdb.com/title/tt0067146/?ref_=sr_t_407,1971,1h 37m,GP,5.9,699
408. They Call Him Cemetery,https://www.imdb.com/title/tt0067142/?ref_=sr_t_408,1971,1h 28m,Not Rated,6.2,517
409. The Peace Killers,https://www.imdb.com/title/tt0067559/?ref_=sr_t_409,1971,1h 28m,R,5.4,422
410. Erika's Hot Summer,https://www.imdb.com/title/tt0065701/?ref_=sr_t_410,1971,1h 5m,,4.1,113
411. Raped on the Beach,https://www.imdb.com/title/tt0153554/?ref_=sr_t_411,1971,1h 23m,,5.2,97
412. Fastbreak,https://www.imdb.com/title/tt1415193/?ref_=sr_t_412,1971,,,,
413. Desert of Fire,https://www.imdb.com/title/tt0066985/?ref_=sr_t_413,1971,1h 25m,,4.8,81
414. Lady Chatterly Versus Fanny Hill,https://www.imdb.com/title/tt0065756/?ref_=sr_t_414,1971,1h 31m,R,3.4,219
415. Von Richthofen and Brown,https://www.imdb.com/title/tt0067658/?ref_=sr_t_415,1971,1h 37m,PG-13,6.0,1.4K
416. The Blue Hour,https://www.imdb.com/title/tt3369134/?ref_=sr_t_416,1971,1h 23m,X,3.7,118
417. Blindman,https://www.imdb.com/title/tt0066844/?ref_=sr_t_417,1971,1h 45m,R,6.2,1.4K
418. The Night Driver,https://www.imdb.com/title/tt27774470/?ref_=sr_t_418,1971,1h 18m,,5.4,43
419. Flight of the Doves,https://www.imdb.com/title/tt0067104/?ref_=sr_t_419,1971,1h 45m,G,6.3,629
420. The Cult,https://www.imdb.com/title/tt0197664/?ref_=sr_t_420,1971,1h 9m,R,4.9,116
421. Women in Revolt,https://www.imdb.com/title/tt0129631/?ref_=sr_t_421,1971,1h 37m,X,5.7,835
"422. Ready, Willing and Able",https://www.imdb.com/title/tt0067777/?ref_=sr_t_422,1971,1h 22m,R,4.6,146
"423. Blue Water, White Death",https://www.imdb.com/title/tt0146496/?ref_=sr_t_423,1971,1h 39m,G,7.1,452
424. The Ceremony,https://www.imdb.com/title/tt0066639/?ref_=sr_t_424,1971,2h 3m,,7.2,1.3K
425. T.R. Baskin,https://www.imdb.com/title/tt0067817/?ref_=sr_t_425,1971,1h 30m,GP,6.4,390
426. House of the Black Death,https://www.imdb.com/title/tt0059285/?ref_=sr_t_426,1971,1h 29m,GP,3.4,388
427. When Men Carried Clubs and Women Played Ding-Dong,https://www.imdb.com/title/tt0067638/?ref_=sr_t_427,1971,1h 40m,R,4.0,200
428. Terror at Orgy Castle,https://www.imdb.com/title/tt0067843/?ref_=sr_t_428,1971,1h 3m,,3.7,327
429. Battal Gazi Destani,https://www.imdb.com/title/tt0182765/?ref_=sr_t_429,1971,1h 37m,,6.4,1.9K
"430. It Is Not the Homosexual Who Is Perverse, But the Society in Which He Lives",https://www.imdb.com/title/tt0066136/?ref_=sr_t_430,1971,1h 7m,,6.6,600
431. Josefine Mutzenbacher II - Meine 365 Liebhaber,https://www.imdb.com/title/tt0067279/?ref_=sr_t_431,1971,1h 22m,,4.3,66
432. Snow White and the Seven Dwarfs,https://www.imdb.com/title/tt0151886/?ref_=sr_t_432,1971,1h 32m,,4.9,458
433. Liebesmarkt in Dänemark,https://www.imdb.com/title/tt0156740/?ref_=sr_t_433,1971,1h 18m,,4.2,44
434. The Designated Victim,https://www.imdb.com/title/tt0067956/?ref_=sr_t_434,1971,1h 45m,R,6.6,891
435. The Cut-Throats,https://www.imdb.com/title/tt0128484/?ref_=sr_t_435,1971,1h 15m,R,4.2,230
436. The Hand of Pleasure,https://www.imdb.com/title/tt0067175/?ref_=sr_t_436,1971,1h 2m,,3.2,212
437. The Miscellaneous Brigade on the Watch,https://www.imdb.com/title/tt0123390/?ref_=sr_t_437,1971,1h 35m,,8.6,2K
438. Sex of the Devil,https://www.imdb.com/title/tt0067879/?ref_=sr_t_438,1971,1h 33m,,5.1,89
439. The Revolutionary,https://www.imdb.com/title/tt0201595/?ref_=sr_t_439,1971,1h 35m,,5.3,222
440. School of Erotic Enjoyment,https://www.imdb.com/title/tt0067255/?ref_=sr_t_440,1971,1h 36m,,4.3,54
441. The Swashbuckler,https://www.imdb.com/title/tt0067397/?ref_=sr_t_441,1971,1h 38m,Not Rated,6.5,1.7K
442. Caged Men,https://www.imdb.com/title/tt0207365/?ref_=sr_t_442,1971,1h 37m,R,6.2,102
443. Parwana,https://www.imdb.com/title/tt0067555/?ref_=sr_t_443,1971,1h 33m,,6.8,242
444. Winter Comes Early,https://www.imdb.com/title/tt0068564/?ref_=sr_t_444,1971,1h 52m,PG,5.5,263
445. The Mad Butcher,https://www.imdb.com/title/tt0067799/?ref_=sr_t_445,1971,1h 21m,R,5.3,481
446. Brother John,https://www.imdb.com/title/tt0068317/?ref_=sr_t_446,1971,1h 35m,PG,6.4,856
447. Don't Turn the Other Cheek!,https://www.imdb.com/title/tt0067303/?ref_=sr_t_447,1971,1h 43m,PG,5.8,680
448. Mira,https://www.imdb.com/title/tt0067436/?ref_=sr_t_448,1971,1h 35m,R,6.2,559
449. Quest for Love,https://www.imdb.com/title/tt0067645/?ref_=sr_t_449,1971,1h 27m,Not Rated,6.6,591
450. Veruschka - Poetry of a Woman,https://www.imdb.com/title/tt0067942/?ref_=sr_t_450,1971,1h 32m,,6.5,102
451. Brute Corps,https://www.imdb.com/title/tt0184310/?ref_=sr_t_451,1971,1h 27m,R,5.6,233
452. Husbands-Report,https://www.imdb.com/title/tt0067041/?ref_=sr_t_452,1971,1h 18m,,4.7,54
453. Dushmun,https://www.imdb.com/title/tt0138411/?ref_=sr_t_453,1971,2h 57m,Not Rated,7.4,276
454. The Incredible Invasion,https://www.imdb.com/title/tt0063132/?ref_=sr_t_454,1971,1h 30m,,3.3,311
455. Shoot the Living and Pray for the Dead,https://www.imdb.com/title/tt0066240/?ref_=sr_t_455,1971,1h 30m,PG-13,6.2,843
456. Chinmoku,https://www.imdb.com/title/tt0067755/?ref_=sr_t_456,1971,2h 9m,,7.1,1.2K
457. Chain Gang Women,https://www.imdb.com/title/tt0066905/?ref_=sr_t_457,1971,1h 25m,R,4.0,304
458. Kal Aaj Aur Kal,https://www.imdb.com/title/tt0330505/?ref_=sr_t_458,1971,2h 36m,,6.5,353
459. Pastel de sangre,https://www.imdb.com/title/tt0067556/?ref_=sr_t_459,1971,1h 29m,,4.5,111
460. Paraya Dhan,https://www.imdb.com/title/tt0067553/?ref_=sr_t_460,1971,,,6.4,72
461. Battle of Okinawa,https://www.imdb.com/title/tt0067523/?ref_=sr_t_461,1971,2h 29m,TV-14,6.9,478
462. Rape,https://www.imdb.com/title/tt0146344/?ref_=sr_t_462,1971,1h 36m,,6.7,117
463. Clay Pigeon,https://www.imdb.com/title/tt0066920/?ref_=sr_t_463,1971,1h 33m,R,5.1,189
464. Luminous Procuress,https://www.imdb.com/title/tt0163727/?ref_=sr_t_464,1971,1h 14m,,5.2,178
465. The Lady Hermit,https://www.imdb.com/title/tt0067322/?ref_=sr_t_465,1971,1h 45m,,7.2,456
466. The Love-Thrill Murders,https://www.imdb.com/title/tt0138121/?ref_=sr_t_466,1971,1h 32m,R,4.1,247
"467. 'Ctyri vrazdy stací, drahousku'",https://www.imdb.com/title/tt0065600/?ref_=sr_t_467,1971,1h 43m,,7.4,835
468. The Double,https://www.imdb.com/title/tt0066945/?ref_=sr_t_468,1971,1h 28m,,5.4,308
469. Jo,https://www.imdb.com/title/tt0067274/?ref_=sr_t_469,1971,1h 25m,,7.1,3.8K
470. Up Your Alley,https://www.imdb.com/title/tt0175284/?ref_=sr_t_470,1971,1h 10m,R,4.9,86
471. Raphaël ou le débauché,https://www.imdb.com/title/tt0067652/?ref_=sr_t_471,1971,1h 40m,,7.1,464
472. Bread,https://www.imdb.com/title/tt0233375/?ref_=sr_t_472,1971,1h 19m,,5.1,151
473. Teenage Sex Report,https://www.imdb.com/title/tt0067465/?ref_=sr_t_473,1971,1h 35m,R,4.7,118
474. Niklas och figuren,https://www.imdb.com/title/tt0067495/?ref_=sr_t_474,1971,1h 30m,,5.8,54
475. Romance of a Horsethief,https://www.imdb.com/title/tt0067686/?ref_=sr_t_475,1971,1h 41m,GP,5.1,292
476. Anubhav,https://www.imdb.com/title/tt0156290/?ref_=sr_t_476,1971,2h 19m,,7.5,198
477. Señora necesitada busca joven bien dotado,https://www.imdb.com/title/tt0079885/?ref_=sr_t_477,1971,1h 25m,,3.8,50
478. Black Killer,https://www.imdb.com/title/tt0066835/?ref_=sr_t_478,1971,1h 25m,,5.4,483
479. Die tollen Tanten schlagen zu,https://www.imdb.com/title/tt0069391/?ref_=sr_t_479,1971,1h 35m,,3.3,126
480. Midnite Plowboy,https://www.imdb.com/title/tt0126428/?ref_=sr_t_480,1971,1h 11m,,4.5,236
481. Easy Down There!,https://www.imdb.com/title/tt0067014/?ref_=sr_t_481,1971,1h 30m,,5.1,321
482. The End of Man,https://www.imdb.com/title/tt0067099/?ref_=sr_t_482,1971,1h 19m,,5.7,463
483. Together,https://www.imdb.com/title/tt0067862/?ref_=sr_t_483,1971,1h 12m,R,5.8,206
484. Loving and Laughing,https://www.imdb.com/title/tt0067360/?ref_=sr_t_484,1971,1h 30m,R,5.5,77
485. Nippon porno hakusho,https://www.imdb.com/title/tt9036318/?ref_=sr_t_485,1971,1h 19m,,,
486. Who Killed Mary Whats'ername?,https://www.imdb.com/title/tt0067981/?ref_=sr_t_486,1971,1h 30m,PG,6.0,216
487. A Severed Head,https://www.imdb.com/title/tt0067738/?ref_=sr_t_487,1971,1h 38m,R,5.3,444
488. Far til fire i højt humør,https://www.imdb.com/title/tt0124533/?ref_=sr_t_488,1971,1h 36m,Not Rated,3.6,196
489. The Devil with Seven Faces,https://www.imdb.com/title/tt0068292/?ref_=sr_t_489,1971,1h 30m,,4.5,580
490. The Murder of Fred Hampton,https://www.imdb.com/title/tt0067456/?ref_=sr_t_490,1971,1h 28m,Not Rated,7.5,596
491. Bello onesto emigrato Australia sposerebbe compaesana illibata,https://www.imdb.com/title/tt0066824/?ref_=sr_t_491,1971,1h 53m,,6.9,1.3K
492. Les amis,https://www.imdb.com/title/tt0065393/?ref_=sr_t_492,1971,1h 33m,,7.1,232
493. B.S. I Love You,https://www.imdb.com/title/tt0066803/?ref_=sr_t_493,1971,1h 39m,R,4.0,129
494. The Adventures of Pinocchio,https://www.imdb.com/title/tt0287351/?ref_=sr_t_494,1971,1h 30m,G,6.9,255
495. The Manipulator,https://www.imdb.com/title/tt0066802/?ref_=sr_t_495,1971,1h 25m,R,3.9,344
496. Andaz,https://www.imdb.com/title/tt0066766/?ref_=sr_t_496,1971,2h 46m,,6.6,349
497. Après-ski,https://www.imdb.com/title/tt0204143/?ref_=sr_t_497,1971,1h 45m,,3.7,141
498. El Cristo del Océano,https://www.imdb.com/title/tt0066956/?ref_=sr_t_498,1971,1h 14m,,6.5,121
499. Hollywood Babylon,https://www.imdb.com/title/tt0125148/?ref_=sr_t_499,1971,1h 27m,X,4.5,158
500. Guns for Dollars,https://www.imdb.com/title/tt0069366/?ref_=sr_t_500,1971,1h 34m,PG,5.8,478
"501. The Case Is Closed, Forget It",https://www.imdb.com/title/tt0067256/?ref_=sr_t_501,1971,1h 46m,,7.2,779
502. Eggshells,https://www.imdb.com/title/tt0404011/?ref_=sr_t_502,1971,1h 29m,R,5.5,528
503. Guddi,https://www.imdb.com/title/tt0067164/?ref_=sr_t_503,1971,2h 1m,Not Rated,7.2,1.2K
504. Jennifer on My Mind,https://www.imdb.com/title/tt0067266/?ref_=sr_t_504,1971,1h 30m,R,4.0,503
505. Star Spangled Girl,https://www.imdb.com/title/tt0067787/?ref_=sr_t_505,1971,1h 33m,G,5.3,236
506. The Christian Licorice Store,https://www.imdb.com/title/tt0066913/?ref_=sr_t_506,1971,1h 30m,R,5.1,141
507. I Hate Mondays,https://www.imdb.com/title/tt0067484/?ref_=sr_t_507,1971,1h 38m,,7.5,2.4K
508. Inn of the Frightened People,https://www.imdb.com/title/tt0067248/?ref_=sr_t_508,1971,1h 29m,R,6.1,562
509. The Headless Eyes,https://www.imdb.com/title/tt0067192/?ref_=sr_t_509,1971,1h 18m,X,4.1,569
510. Deviation,https://www.imdb.com/title/tt0066990/?ref_=sr_t_510,1971,1h 29m,,5.9,197
511. Catch Me a Spy,https://www.imdb.com/title/tt0067297/?ref_=sr_t_511,1971,1h 34m,R,5.2,455
512. Mandara,https://www.imdb.com/title/tt0229553/?ref_=sr_t_512,1971,2h 12m,Not Rated,6.5,555
513. Popsy Pop,https://www.imdb.com/title/tt0065506/?ref_=sr_t_513,1971,1h 16m,PG,4.3,160
514. Haiducii lui Saptecai,https://www.imdb.com/title/tt0129980/?ref_=sr_t_514,1971,1h 29m,,7.4,425
"515. Hahó, Öcsi!",https://www.imdb.com/title/tt0121339/?ref_=sr_t_515,1971,1h 30m,,6.4,214
516. The Moon and the Sledgehammer,https://www.imdb.com/title/tt0430374/?ref_=sr_t_516,1971,1h 5m,,7.0,149
517. Zatoichi and the One-Armed Swordsman,https://www.imdb.com/title/tt0066602/?ref_=sr_t_517,1971,1h 34m,Not Rated,7.1,1.8K
"518. The Young, Erotic Fanny Hill",https://www.imdb.com/title/tt0066596/?ref_=sr_t_518,1971,1h 20m,X,6.7,39
519. Near Orouet,https://www.imdb.com/title/tt0070007/?ref_=sr_t_519,1971,2h 30m,,7.4,510
520. Wild Riders,https://www.imdb.com/title/tt0067988/?ref_=sr_t_520,1971,1h 31m,R,4.6,279
521. The Sporting Club,https://www.imdb.com/title/tt0067783/?ref_=sr_t_521,1971,1h 47m,R,5.2,134
522. Stork,https://www.imdb.com/title/tt0067795/?ref_=sr_t_522,1971,1h 25m,,5.7,217
523. The Feast of Satan,https://www.imdb.com/title/tt0066757/?ref_=sr_t_523,1971,1h 30m,PG,4.6,213
524. Glen and Randa,https://www.imdb.com/title/tt0067141/?ref_=sr_t_524,1971,1h 33m,R,5.3,690
525. B.D. în alerta - Vaduve cu termen redus,https://www.imdb.com/title/tt3056888/?ref_=sr_t_525,1971,1h 35m,,8.6,332
526. In the Eye of the Hurricane,https://www.imdb.com/title/tt0067520/?ref_=sr_t_526,1971,1h 40m,,6.2,630
527. Brain of Blood,https://www.imdb.com/title/tt0068313/?ref_=sr_t_527,1971,1h 27m,GP,3.1,1K
528. Dost Aur Dushman,https://www.imdb.com/title/tt0367674/?ref_=sr_t_528,1971,,,6.0,11
529. Er più: storia d'amore e di coltello,https://www.imdb.com/title/tt0067056/?ref_=sr_t_529,1971,1h 46m,,5.9,498
530. The Gatling Gun,https://www.imdb.com/title/tt0070091/?ref_=sr_t_530,1971,1h 33m,PG,4.8,445
531. Say Hello to Yesterday,https://www.imdb.com/title/tt0067711/?ref_=sr_t_531,1971,1h 36m,GP,5.7,208
532. Bleep,https://www.imdb.com/title/tt0316735/?ref_=sr_t_532,1971,1h 30m,R,6.9,11
533. The Ski Bum,https://www.imdb.com/title/tt0067761/?ref_=sr_t_533,1971,1h 35m,R,4.7,141
534. Foxy Lady,https://www.imdb.com/title/tt0212952/?ref_=sr_t_534,1971,1h 25m,,4.1,57
535. Emitai,https://www.imdb.com/title/tt0067048/?ref_=sr_t_535,1971,1h 43m,Not Rated,7.1,564
536. The Insatiable,https://www.imdb.com/title/tt0221278/?ref_=sr_t_536,1971,1h 26m,,6.2,87
537. Tere Mere Sapne,https://www.imdb.com/title/tt0067840/?ref_=sr_t_537,1971,2h 55m,,7.6,286
538. Between Miracles,https://www.imdb.com/title/tt0067565/?ref_=sr_t_538,1971,2h 2m,,7.1,630
539. Scandalous John,https://www.imdb.com/title/tt0067712/?ref_=sr_t_539,1971,1h 53m,G,5.8,189
540. The Day of the Wolves,https://www.imdb.com/title/tt0069948/?ref_=sr_t_540,1971,1h 35m,G,5.8,380
541. Sinbad,https://www.imdb.com/title/tt0067815/?ref_=sr_t_541,1971,1h 30m,,7.5,1.8K
542. Turkish the Wizard of Oz,https://www.imdb.com/title/tt0066801/?ref_=sr_t_542,1971,1h 40m,,4.5,325
543. Is There Sex After Death?,https://www.imdb.com/title/tt0125263/?ref_=sr_t_543,1971,1h 42m,R,4.8,213
544. Joe Hill,https://www.imdb.com/title/tt0067276/?ref_=sr_t_544,1971,1h 54m,GP,7.3,953
545. Bilyy ptakh z chornoyu oznakoyu,https://www.imdb.com/title/tt0165636/?ref_=sr_t_545,1971,1h 39m,,7.5,642
546. Blood Shack,https://www.imdb.com/title/tt0066846/?ref_=sr_t_546,1971,55m,Not Rated,2.9,677
547. Ein Käfer geht aufs Ganze,https://www.imdb.com/title/tt0067318/?ref_=sr_t_547,1971,1h 23m,G,4.7,256
548. Dan duzi od godine,https://www.imdb.com/title/tt0179748/?ref_=sr_t_548,1971,1h 22m,,6.7,31
549. Mehboob Ki Mehndi,https://www.imdb.com/title/tt0266757/?ref_=sr_t_549,1971,2h 31m,,6.9,160
"550. Fresh, Young and Sexy",https://www.imdb.com/title/tt0067718/?ref_=sr_t_550,1971,1h 25m,,5.1,62
