Title,Movie Link,Year,Duration,MPA,Rating,Votes
1. Kramer vs. Kramer,https://www.imdb.com/title/tt0079417/?ref_=sr_t_1,1979,1h 45m,PG,7.8,159K
2. Apocalypse Now,https://www.imdb.com/title/tt0078788/?ref_=sr_t_2,1979,2h 27m,R,8.4,731K
3. The Amityville Horror,https://www.imdb.com/title/tt0078767/?ref_=sr_t_3,1979,1h 57m,R,6.2,46K
4. Rocky II,https://www.imdb.com/title/tt0079817/?ref_=sr_t_4,1979,1h 59m,PG,7.3,237K
5. Alien,https://www.imdb.com/title/tt0078748/?ref_=sr_t_5,1979,1h 57m,R,8.5,998K
6. Star Trek: The Motion Picture,https://www.imdb.com/title/tt0079945/?ref_=sr_t_6,1979,2h 23m,G,6.4,99K
7. 10,https://www.imdb.com/title/tt0078721/?ref_=sr_t_7,1979,2h 2m,R,6.1,20K
8. The Jerk,https://www.imdb.com/title/tt0079367/?ref_=sr_t_8,1979,1h 34m,R,7.1,66K
9. Moonraker,https://www.imdb.com/title/tt0079574/?ref_=sr_t_9,1979,2h 6m,PG,6.3,112K
10. The Muppet Movie,https://www.imdb.com/title/tt0079588/?ref_=sr_t_10,1979,1h 35m,G,7.6,40K
11. The Electric Horseman,https://www.imdb.com/title/tt0079100/?ref_=sr_t_11,1979,2h 1m,PG,6.4,10K
12. The China Syndrome,https://www.imdb.com/title/tt0078966/?ref_=sr_t_12,1979,2h 2m,PG,7.4,34K
13. Love at First Bite,https://www.imdb.com/title/tt0079489/?ref_=sr_t_13,1979,1h 36m,PG,6.1,6.6K
14. Meatballs,https://www.imdb.com/title/tt0079540/?ref_=sr_t_14,1979,1h 34m,PG,6.2,25K
15. Escape from Alcatraz,https://www.imdb.com/title/tt0079116/?ref_=sr_t_15,1979,1h 52m,PG,7.6,151K
16. The Main Event,https://www.imdb.com/title/tt0079510/?ref_=sr_t_16,1979,1h 52m,PG,5.6,3.4K
17. Manhattan,https://www.imdb.com/title/tt0079522/?ref_=sr_t_17,1979,1h 36m,R,7.8,150K
18. All That Jazz,https://www.imdb.com/title/tt0078754/?ref_=sr_t_18,1979,2h 3m,R,7.8,37K
19. The Black Stallion,https://www.imdb.com/title/tt0078872/?ref_=sr_t_19,1979,1h 58m,G,7.4,14K
20. The Black Hole,https://www.imdb.com/title/tt0078869/?ref_=sr_t_20,1979,1h 38m,PG,5.9,29K
21. Starting Over,https://www.imdb.com/title/tt0079948/?ref_=sr_t_21,1979,1h 45m,R,6.4,3.4K
22. And Justice for All,https://www.imdb.com/title/tt0078718/?ref_=sr_t_22,1979,1h 59m,R,7.4,42K
23. 1941,https://www.imdb.com/title/tt0078723/?ref_=sr_t_23,1979,1h 58m,PG,5.8,37K
24. The Champ,https://www.imdb.com/title/tt0078950/?ref_=sr_t_24,1979,2h 1m,PG,6.8,9.5K
25. Being There,https://www.imdb.com/title/tt0078841/?ref_=sr_t_25,1979,2h 10m,PG,7.9,80K
26. The Rose,https://www.imdb.com/title/tt0079826/?ref_=sr_t_26,1979,2h 5m,R,6.9,9.5K
27. Going in Style,https://www.imdb.com/title/tt0079219/?ref_=sr_t_27,1979,1h 37m,PG,7.1,4.2K
28. North Dallas Forty,https://www.imdb.com/title/tt0079640/?ref_=sr_t_28,1979,1h 59m,R,6.9,6.2K
29. The Warriors,https://www.imdb.com/title/tt0080120/?ref_=sr_t_29,1979,1h 33m,R,7.5,114K
30. Norma Rae,https://www.imdb.com/title/tt0079638/?ref_=sr_t_30,1979,1h 54m,PG,7.3,13K
31. Buck Rogers in the 25th Century,https://www.imdb.com/title/tt0077278/?ref_=sr_t_31,1979,1h 29m,PG,6.5,7.2K
32. When a Stranger Calls,https://www.imdb.com/title/tt0080130/?ref_=sr_t_32,1979,1h 37m,R,6.4,15K
33. The Apple Dumpling Gang Rides Again,https://www.imdb.com/title/tt0078790/?ref_=sr_t_33,1979,1h 28m,G,6.0,3.4K
34. Monty Python's Life of Brian,https://www.imdb.com/title/tt0079470/?ref_=sr_t_34,1979,1h 34m,R,8.0,426K
35. Dracula,https://www.imdb.com/title/tt0079073/?ref_=sr_t_35,1979,1h 49m,R,6.5,12K
36. Tess,https://www.imdb.com/title/tt0080009/?ref_=sr_t_36,1979,3h 6m,PG,7.3,19K
37. The Seduction of Joe Tynan,https://www.imdb.com/title/tt0079875/?ref_=sr_t_37,1979,1h 48m,R,6.1,1.9K
38. Prophecy,https://www.imdb.com/title/tt0079758/?ref_=sr_t_38,1979,1h 42m,PG,5.6,6.4K
39. Breaking Away,https://www.imdb.com/title/tt0078902/?ref_=sr_t_39,1979,1h 41m,PG,7.7,26K
40. Hair,https://www.imdb.com/title/tt0079261/?ref_=sr_t_40,1979,2h 1m,PG,7.5,42K
41. More American Graffiti,https://www.imdb.com/title/tt0079576/?ref_=sr_t_41,1979,1h 50m,PG,5.4,5.2K
42. Roller Boogie,https://www.imdb.com/title/tt0079822/?ref_=sr_t_42,1979,1h 43m,PG,4.7,2.2K
43. The Concorde... Airport '79,https://www.imdb.com/title/tt0078740/?ref_=sr_t_43,1979,1h 53m,PG,4.5,7.2K
44. Phantasm,https://www.imdb.com/title/tt0079714/?ref_=sr_t_44,1979,1h 29m,R,6.6,43K
45. The Promise,https://www.imdb.com/title/tt0079756/?ref_=sr_t_45,1979,1h 37m,PG,6.4,858
46. The Onion Field,https://www.imdb.com/title/tt0079668/?ref_=sr_t_46,1979,2h 6m,R,6.8,5.9K
47. The Frisco Kid,https://www.imdb.com/title/tt0079180/?ref_=sr_t_47,1979,1h 59m,PG,6.3,12K
48. Mad Max,https://www.imdb.com/title/tt0079501/?ref_=sr_t_48,1979,1h 28m,R,6.8,236K
49. Meteor,https://www.imdb.com/title/tt0079550/?ref_=sr_t_49,1979,1h 48m,PG,5.1,8.6K
50. The Fish That Saved Pittsburgh,https://www.imdb.com/title/tt0079154/?ref_=sr_t_50,1979,1h 42m,PG,5.3,1.3K
51. Bloodline,https://www.imdb.com/title/tt0078879/?ref_=sr_t_51,1979,1h 56m,R,4.6,2K
52. The Prisoner of Zenda,https://www.imdb.com/title/tt0079753/?ref_=sr_t_52,1979,1h 48m,PG,5.2,1.4K
53. Agatha,https://www.imdb.com/title/tt0078736/?ref_=sr_t_53,1979,1h 45m,PG,6.2,3.7K
54. Americathon,https://www.imdb.com/title/tt0078766/?ref_=sr_t_54,1979,1h 26m,PG,4.5,985
55. Running,https://www.imdb.com/title/tt0079832/?ref_=sr_t_55,1979,1h 42m,PG,5.9,850
56. Cuba,https://www.imdb.com/title/tt0079013/?ref_=sr_t_56,1979,2h 2m,R,5.6,3.1K
57. Butch and Sundance: The Early Days,https://www.imdb.com/title/tt0078919/?ref_=sr_t_57,1979,1h 55m,PG,5.7,1.8K
58. Players,https://www.imdb.com/title/tt0079723/?ref_=sr_t_58,1979,2h,PG,4.2,343
59. The Great Santini,https://www.imdb.com/title/tt0079239/?ref_=sr_t_59,1979,1h 55m,PG,7.1,7.2K
60. Yanks,https://www.imdb.com/title/tt0080157/?ref_=sr_t_60,1979,2h 18m,R,6.4,3.8K
61. Guyana: Cult of the Damned,https://www.imdb.com/title/tt0080833/?ref_=sr_t_61,1979,1h 30m,R,5.5,603
62. Lost and Found,https://www.imdb.com/title/tt0079486/?ref_=sr_t_62,1979,1h 46m,PG,4.9,420
63. Hanover Street,https://www.imdb.com/title/tt0079268/?ref_=sr_t_63,1979,1h 49m,PG,6.0,6.1K
64. Voices,https://www.imdb.com/title/tt0080103/?ref_=sr_t_64,1979,1h 46m,PG,6.7,346
65. Wanda Nevada,https://www.imdb.com/title/tt0080116/?ref_=sr_t_65,1979,1h 47m,PG,5.5,1.6K
66. Sunburn,https://www.imdb.com/title/tt0079966/?ref_=sr_t_66,1979,1h 45m,PG,5.0,858
67. Rich Kids,https://www.imdb.com/title/tt0079806/?ref_=sr_t_67,1979,1h 41m,PG,6.4,695
68. Walk Proud,https://www.imdb.com/title/tt0080114/?ref_=sr_t_68,1979,1h 42m,PG,5.4,384
69. Last Embrace,https://www.imdb.com/title/tt0079437/?ref_=sr_t_69,1979,1h 42m,R,6.0,3.5K
70. Goldengirl,https://www.imdb.com/title/tt0079225/?ref_=sr_t_70,1979,1h 44m,PG,4.9,544
71. From Mao to Mozart: Isaac Stern in China,https://www.imdb.com/title/tt0080762/?ref_=sr_t_71,1979,1h 24m,G,7.4,528
72. Winter Kills,https://www.imdb.com/title/tt0080139/?ref_=sr_t_72,1979,1h 37m,R,6.2,3.7K
73. The Passage,https://www.imdb.com/title/tt0079700/?ref_=sr_t_73,1979,1h 38m,R,6.0,2.4K
74. City on Fire,https://www.imdb.com/title/tt0078976/?ref_=sr_t_74,1979,1h 46m,R,4.4,1.7K
"75. A Man, a Woman and a Bank",https://www.imdb.com/title/tt0079520/?ref_=sr_t_75,1979,1h 40m,PG,5.8,552
76. Beyond the Reef,https://www.imdb.com/title/tt0082070/?ref_=sr_t_76,1979,1h 31m,PG,4.7,237
77. Fast Charlie... the Moonbeam Rider,https://www.imdb.com/title/tt0079137/?ref_=sr_t_77,1979,1h 39m,PG,5.4,237
78. The Human Factor,https://www.imdb.com/title/tt0080903/?ref_=sr_t_78,1979,1h 55m,R,6.1,1.7K
79. Real Life,https://www.imdb.com/title/tt0079781/?ref_=sr_t_79,1979,1h 39m,PG,7.0,4.2K
80. Stalker,https://www.imdb.com/title/tt0079944/?ref_=sr_t_80,1979,2h 42m,Not Rated,8.0,149K
81. Ziggy Stardust and the Spiders from Mars,https://www.imdb.com/title/tt0086643/?ref_=sr_t_81,1979,1h 30m,PG,7.5,3.1K
82. Lupin III: The Castle of Cagliostro,https://www.imdb.com/title/tt0079833/?ref_=sr_t_82,1979,1h 42m,,7.6,34K
83. Home Movies,https://www.imdb.com/title/tt0079302/?ref_=sr_t_83,1979,1h 30m,PG,5.0,1.1K
84. An Almost Perfect Affair,https://www.imdb.com/title/tt0078757/?ref_=sr_t_84,1979,1h 33m,PG,5.3,381
85. Christ Stopped at Eboli,https://www.imdb.com/title/tt0079010/?ref_=sr_t_85,1979,2h 30m,,7.7,3.4K
86. The Wanderers,https://www.imdb.com/title/tt0080117/?ref_=sr_t_86,1979,1h 52m,R,7.3,13K
87. The Wobblies,https://www.imdb.com/title/tt0080142/?ref_=sr_t_87,1979,1h 29m,Not Rated,7.3,192
88. Vengeance Is Mine,https://www.imdb.com/title/tt0079182/?ref_=sr_t_88,1979,2h 19m,Not Rated,7.7,7.5K
89. The Marriage of Maria Braun,https://www.imdb.com/title/tt0079095/?ref_=sr_t_89,1979,2h,R,7.7,15K
90. Legend of the Mountain,https://www.imdb.com/title/tt0079886/?ref_=sr_t_90,1979,3h 12m,Not Rated,7.4,1.3K
91. Scum,https://www.imdb.com/title/tt0079871/?ref_=sr_t_91,1979,1h 38m,R,7.6,14K
92. Serie Noire,https://www.imdb.com/title/tt0079980/?ref_=sr_t_92,1979,1h 56m,Not Rated,7.3,3.6K
93. Love on the Run,https://www.imdb.com/title/tt0078771/?ref_=sr_t_93,1979,1h 34m,PG,7.0,7.7K
94. Nosferatu the Vampyre,https://www.imdb.com/title/tt0079641/?ref_=sr_t_94,1979,1h 47m,PG,7.4,44K
95. Caligula,https://www.imdb.com/title/tt0080491/?ref_=sr_t_95,1979,2h 36m,X,5.3,40K
96. Quadrophenia,https://www.imdb.com/title/tt0079766/?ref_=sr_t_96,1979,2h,R,7.2,21K
97. Escape to Athena,https://www.imdb.com/title/tt0079117/?ref_=sr_t_97,1979,2h 5m,PG,5.7,6.1K
98. The Tin Drum,https://www.imdb.com/title/tt0078875/?ref_=sr_t_98,1979,2h 22m,R,7.4,27K
99. Hardcore,https://www.imdb.com/title/tt0079271/?ref_=sr_t_99,1979,1h 48m,R,7.1,15K
100. Time After Time,https://www.imdb.com/title/tt0080025/?ref_=sr_t_100,1979,1h 52m,PG,7.0,21K
101. Laura,https://www.imdb.com/title/tt0079449/?ref_=sr_t_101,1979,1h 35m,R,5.6,1.5K
102. Beneath the Valley of the Ultra-Vixens,https://www.imdb.com/title/tt0078846/?ref_=sr_t_102,1979,1h 33m,X,5.4,3.4K
103. Mimi,https://www.imdb.com/title/tt0079077/?ref_=sr_t_103,1979,1h 50m,,5.3,257
104. The Brood,https://www.imdb.com/title/tt0078908/?ref_=sr_t_104,1979,1h 32m,R,6.8,36K
105. Six Swedish Girls in a Boarding School,https://www.imdb.com/title/tt0079873/?ref_=sr_t_105,1979,1h 30m,R,5.0,682
106. Confessions from the David Galaxy Affair,https://www.imdb.com/title/tt0078991/?ref_=sr_t_106,1979,1h 37m,,3.2,253
107. Tourist Trap,https://www.imdb.com/title/tt0080040/?ref_=sr_t_107,1979,1h 30m,PG,6.0,14K
108. Zombie,https://www.imdb.com/title/tt0080057/?ref_=sr_t_108,1979,1h 31m,R,6.8,32K
109. Luna,https://www.imdb.com/title/tt0079495/?ref_=sr_t_109,1979,2h 22m,R,6.4,5.6K
110. Over the Edge,https://www.imdb.com/title/tt0079688/?ref_=sr_t_110,1979,1h 35m,PG,7.3,8.6K
111. Rock 'n' Roll High School,https://www.imdb.com/title/tt0079813/?ref_=sr_t_111,1979,1h 33m,PG,6.6,12K
112. The Adolescent,https://www.imdb.com/title/tt0077123/?ref_=sr_t_112,1979,1h 30m,PG,6.2,393
113. Images in a Convent,https://www.imdb.com/title/tt0165325/?ref_=sr_t_113,1979,1h 43m,,5.4,1.1K
114. Fascination,https://www.imdb.com/title/tt0079135/?ref_=sr_t_114,1979,1h 20m,Not Rated,6.0,3.7K
115. Steel,https://www.imdb.com/title/tt0081558/?ref_=sr_t_115,1979,1h 42m,PG,6.0,812
116. Human Experiments,https://www.imdb.com/title/tt0080902/?ref_=sr_t_116,1979,1h 26m,R,4.5,941
117. Zulu Dawn,https://www.imdb.com/title/tt0080180/?ref_=sr_t_117,1979,1h 38m,PG,6.6,7.9K
118. Microwave Massacre,https://www.imdb.com/title/tt0085937/?ref_=sr_t_118,1979,1h 16m,Not Rated,4.2,3.3K
119. The In-Laws,https://www.imdb.com/title/tt0079336/?ref_=sr_t_119,1979,1h 43m,PG,7.3,10K
120. Murder by Decree,https://www.imdb.com/title/tt0079592/?ref_=sr_t_120,1979,2h 4m,PG,6.8,6.9K
121. The Villain,https://www.imdb.com/title/tt0080097/?ref_=sr_t_121,1979,1h 29m,PG,5.3,8K
122. The Double McGuffin,https://www.imdb.com/title/tt0079070/?ref_=sr_t_122,1979,1h 41m,PG,6.5,481
123. Gas Pump Girls,https://www.imdb.com/title/tt0077597/?ref_=sr_t_123,1979,1h 26m,R,4.8,996
124. The Shape of Things to Come,https://www.imdb.com/title/tt0079894/?ref_=sr_t_124,1979,1h 38m,PG,3.2,1.4K
125. Beyond the Poseidon Adventure,https://www.imdb.com/title/tt0078856/?ref_=sr_t_125,1979,1h 54m,PG,4.7,6K
126. ...And Give Us Our Daily Sex,https://www.imdb.com/title/tt0079515/?ref_=sr_t_126,1979,1h 24m,,4.2,340
127. The Olsen Gang Never Surrenders,https://www.imdb.com/title/tt0079662/?ref_=sr_t_127,1979,1h 48m,Not Rated,6.8,1.8K
128. Beyond the Darkness,https://www.imdb.com/title/tt0078916/?ref_=sr_t_128,1979,1h 34m,Unrated,6.2,5.9K
129. Tim,https://www.imdb.com/title/tt0080024/?ref_=sr_t_129,1979,1h 49m,Not Rated,6.4,3.8K
130. Squeeze Play,https://www.imdb.com/title/tt0081552/?ref_=sr_t_130,1979,1h 36m,R,4.1,554
131. Immoral Women,https://www.imdb.com/title/tt0079320/?ref_=sr_t_131,1979,1h 54m,,5.2,909
132. Woyzeck,https://www.imdb.com/title/tt0080149/?ref_=sr_t_132,1979,1h 22m,Not Rated,7.0,11K
133. California Dreaming,https://www.imdb.com/title/tt0078928/?ref_=sr_t_133,1979,1h 32m,R,5.8,951
134. The Bitch,https://www.imdb.com/title/tt0078867/?ref_=sr_t_134,1979,1h 29m,R,3.8,1.3K
135. The Jesus Film,https://www.imdb.com/title/tt0079368/?ref_=sr_t_135,1979,1h 57m,G,7.1,2.8K
136. Giallo in Venice,https://www.imdb.com/title/tt0079207/?ref_=sr_t_136,1979,1h 38m,,5.2,1.4K
137. H.O.T.S.,https://www.imdb.com/title/tt0079257/?ref_=sr_t_137,1979,1h 38m,R,4.6,2K
138. A Little Romance,https://www.imdb.com/title/tt0079477/?ref_=sr_t_138,1979,1h 50m,PG,7.4,6.7K
139. Skatetown U.S.A.,https://www.imdb.com/title/tt0079912/?ref_=sr_t_139,1979,1h 38m,PG,4.9,772
140. Pleasure Shop on 7th Avenue,https://www.imdb.com/title/tt0079737/?ref_=sr_t_140,1979,1h 29m,,4.9,359
141. The Lady in Red,https://www.imdb.com/title/tt0079429/?ref_=sr_t_141,1979,1h 33m,R,6.3,1.5K
142. Scavenger Hunt,https://www.imdb.com/title/tt0079858/?ref_=sr_t_142,1979,1h 56m,PG,5.8,3.1K
143. Nutcracker Fantasy,https://www.imdb.com/title/tt0079648/?ref_=sr_t_143,1979,1h 22m,G,6.8,307
144. The Great American Girl Robbery,https://www.imdb.com/title/tt0078960/?ref_=sr_t_144,1979,1h 27m,R,4.7,585
145. The Visitor,https://www.imdb.com/title/tt0080100/?ref_=sr_t_145,1979,1h 48m,R,5.2,4.7K
146. The Driller Killer,https://www.imdb.com/title/tt0079082/?ref_=sr_t_146,1979,1h 36m,Not Rated,5.2,8.8K
147. The Killer Nun,https://www.imdb.com/title/tt0078343/?ref_=sr_t_147,1979,1h 28m,Not Rated,5.0,2.4K
148. Malibu High,https://www.imdb.com/title/tt0079514/?ref_=sr_t_148,1979,1h 30m,R,5.1,1.2K
149. I Am Maria,https://www.imdb.com/title/tt0079359/?ref_=sr_t_149,1979,1h 34m,,6.0,128
150. Don't Go in the House,https://www.imdb.com/title/tt0080646/?ref_=sr_t_150,1979,1h 22m,R,5.6,5.5K
151. Ashanti,https://www.imdb.com/title/tt0078801/?ref_=sr_t_151,1979,1h 58m,R,5.4,2.2K
152. French Fried Vacation 2,https://www.imdb.com/title/tt0078907/?ref_=sr_t_152,1979,1h 30m,Not Rated,7.4,9.5K
153. Hot Stuff,https://www.imdb.com/title/tt0079308/?ref_=sr_t_153,1979,1h 31m,PG,6.2,1.5K
154. The Day Time Ended,https://www.imdb.com/title/tt0080596/?ref_=sr_t_154,1979,1h 19m,PG,3.5,2.2K
155. Demon Pond,https://www.imdb.com/title/tt0079041/?ref_=sr_t_155,1979,2h 3m,Not Rated,7.1,725
156. Chilly Scenes of Winter,https://www.imdb.com/title/tt0079278/?ref_=sr_t_156,1979,1h 35m,PG,7.0,1.8K
157. Junoon,https://www.imdb.com/title/tt0077783/?ref_=sr_t_157,1979,2h 21m,,7.6,584
158. My Brilliant Career,https://www.imdb.com/title/tt0079596/?ref_=sr_t_158,1979,1h 40m,G,7.1,5K
159. Firepower,https://www.imdb.com/title/tt0079153/?ref_=sr_t_159,1979,1h 44m,R,5.1,1.2K
160. Skin Deep,https://www.imdb.com/title/tt0079880/?ref_=sr_t_160,1979,1h 37m,,5.2,301
161. Seven,https://www.imdb.com/title/tt0079882/?ref_=sr_t_161,1979,1h 40m,R,5.8,963
162. Porridge,https://www.imdb.com/title/tt0079738/?ref_=sr_t_162,1979,1h 33m,,7.2,3.5K
163. Quintet,https://www.imdb.com/title/tt0079770/?ref_=sr_t_163,1979,1h 58m,R,5.0,3.7K
164. Dominique,https://www.imdb.com/title/tt0077450/?ref_=sr_t_164,1979,1h 35m,PG,5.5,1.3K
165. The Tempest,https://www.imdb.com/title/tt0081613/?ref_=sr_t_165,1979,1h 35m,R,6.4,1.3K
166. Wise Blood,https://www.imdb.com/title/tt0080140/?ref_=sr_t_166,1979,1h 46m,PG,6.9,6.6K
167. The Day After Halloween,https://www.imdb.com/title/tt0079917/?ref_=sr_t_167,1979,1h 32m,R,5.4,805
"168. Good Luck, Miss Wyckoff",https://www.imdb.com/title/tt0079228/?ref_=sr_t_168,1979,1h 45m,R,6.0,510
169. Thirst,https://www.imdb.com/title/tt0080016/?ref_=sr_t_169,1979,1h 35m,R,5.8,1.8K
170. I'm for the Hippopotamus,https://www.imdb.com/title/tt0079351/?ref_=sr_t_170,1979,1h 32m,,6.6,9.7K
171. Arabian Adventure,https://www.imdb.com/title/tt0078792/?ref_=sr_t_171,1979,1h 38m,G,5.7,1.2K
172. The Island of the Fishmen,https://www.imdb.com/title/tt0081467/?ref_=sr_t_172,1979,1h 21m,R,5.3,2.6K
173. The Prince and the Evening Star,https://www.imdb.com/title/tt0176048/?ref_=sr_t_173,1979,1h 26m,,6.9,938
174. Saint Jack,https://www.imdb.com/title/tt0079843/?ref_=sr_t_174,1979,1h 52m,R,7.0,3K
"175. You're Out of Your Mind, Maggie",https://www.imdb.com/title/tt0079087/?ref_=sr_t_175,1979,1h 44m,,6.5,2K
176. National Class Category Up to 785 Ccm,https://www.imdb.com/title/tt0079606/?ref_=sr_t_176,1979,1h 45m,,8.4,4.3K
177. The Traveller,https://www.imdb.com/title/tt0078930/?ref_=sr_t_177,1979,1h 32m,,6.3,526
"178. Just You and Me, Kid",https://www.imdb.com/title/tt0079384/?ref_=sr_t_178,1979,1h 35m,PG,6.0,1.1K
179. A Force of One,https://www.imdb.com/title/tt0079168/?ref_=sr_t_179,1979,1h 30m,PG,5.1,4.5K
180. Avalanche Express,https://www.imdb.com/title/tt0078812/?ref_=sr_t_180,1979,1h 28m,PG,4.9,1.9K
181. Cop or Hood,https://www.imdb.com/title/tt0077563/?ref_=sr_t_181,1979,1h 47m,PG,6.5,3.2K
182. The Dark,https://www.imdb.com/title/tt0079027/?ref_=sr_t_182,1979,1h 32m,R,4.2,2K
183. The Lady Vanishes,https://www.imdb.com/title/tt0079428/?ref_=sr_t_183,1979,1h 35m,PG,6.0,3.1K
184. Bear Island,https://www.imdb.com/title/tt0078836/?ref_=sr_t_184,1979,1h 58m,PG,5.8,2.8K
185. Killer Fish,https://www.imdb.com/title/tt0077800/?ref_=sr_t_185,1979,1h 41m,PG,4.2,2.5K
186. The Silent Scream,https://www.imdb.com/title/tt0081515/?ref_=sr_t_186,1979,1h 27m,R,5.8,2.2K
187. The Sheriff and the Satellite Kid,https://www.imdb.com/title/tt0079859/?ref_=sr_t_187,1979,1h 33m,,6.1,4.4K
188. Cindy's Love Games,https://www.imdb.com/title/tt0078760/?ref_=sr_t_188,1979,1h 26m,,4.2,146
189. Et la tendresse?... Bordel!,https://www.imdb.com/title/tt0079121/?ref_=sr_t_189,1979,1h 35m,,6.0,396
190. Galaxy Express 999,https://www.imdb.com/title/tt0080772/?ref_=sr_t_190,1979,2h 9m,PG,7.4,2.5K
191. The Humanoid,https://www.imdb.com/title/tt0080058/?ref_=sr_t_191,1979,1h 40m,,3.9,1.2K
192. Camera Buff,https://www.imdb.com/title/tt0078763/?ref_=sr_t_192,1979,1h 52m,Not Rated,7.8,8.6K
193. Old Boyfriends,https://www.imdb.com/title/tt0079660/?ref_=sr_t_193,1979,1h 43m,R,5.8,672
194. Arrebato,https://www.imdb.com/title/tt0078797/?ref_=sr_t_194,1979,1h 55m,Unrated,6.8,3.6K
195. Love and Bullets,https://www.imdb.com/title/tt0079488/?ref_=sr_t_195,1979,1h 43m,PG,5.6,2.4K
196. Nightwing,https://www.imdb.com/title/tt0079631/?ref_=sr_t_196,1979,1h 45m,PG,5.2,1.8K
197. Unidentified Flying Oddball,https://www.imdb.com/title/tt0080062/?ref_=sr_t_197,1979,1h 33m,G,5.2,1.4K
198. Spaced Out,https://www.imdb.com/title/tt0079937/?ref_=sr_t_198,1979,1h 24m,R,4.4,783
199. A Woman Like Eve,https://www.imdb.com/title/tt0080109/?ref_=sr_t_199,1979,1h 53m,,6.1,536
200. Fast Company,https://www.imdb.com/title/tt0079138/?ref_=sr_t_200,1979,1h 31m,R,5.4,2.7K
201. Tapage nocturne,https://www.imdb.com/title/tt0134993/?ref_=sr_t_201,1979,1h 37m,,5.4,300
202. Chapter Two,https://www.imdb.com/title/tt0078952/?ref_=sr_t_202,1979,2h 4m,PG,6.0,1.3K
203. Angels' Brigade,https://www.imdb.com/title/tt0078778/?ref_=sr_t_203,1979,1h 37m,PG,2.2,2.1K
204. Collections privées,https://www.imdb.com/title/tt0228149/?ref_=sr_t_204,1979,1h 43m,Unrated,5.2,421
205. Repmånad eller Hur man gör pojkar av män,https://www.imdb.com/title/tt0079794/?ref_=sr_t_205,1979,1h 25m,,6.5,4.2K
206. The Bugs Bunny/Road-Runner Movie,https://www.imdb.com/title/tt0078915/?ref_=sr_t_206,1979,1h 38m,G,7.3,4.6K
207. Gol Maal,https://www.imdb.com/title/tt0079221/?ref_=sr_t_207,1979,2h,Not Rated,8.5,21K
208. She's 19 and Ready,https://www.imdb.com/title/tt0079967/?ref_=sr_t_208,1979,1h 3m,R,4.1,138
209. The Fearless Hyena,https://www.imdb.com/title/tt0079315/?ref_=sr_t_209,1979,1h 38m,R,6.6,5.6K
210. The North Avenue Irregulars,https://www.imdb.com/title/tt0079639/?ref_=sr_t_210,1979,1h 40m,G,6.7,1.4K
211. Lady Oscar,https://www.imdb.com/title/tt0077827/?ref_=sr_t_211,1979,2h 4m,,5.8,686
212. The Fifth Musketeer,https://www.imdb.com/title/tt0079152/?ref_=sr_t_212,1979,1h 44m,PG,5.3,885
213. Cocaine Cowboys,https://www.imdb.com/title/tt0078980/?ref_=sr_t_213,1979,1h 27m,R,4.4,481
214. Fast Break,https://www.imdb.com/title/tt0079136/?ref_=sr_t_214,1979,1h 47m,PG,6.1,888
215. Buffet Froid,https://www.imdb.com/title/tt0078913/?ref_=sr_t_215,1979,1h 29m,Not Rated,7.2,6.7K
216. Boulevard Nights,https://www.imdb.com/title/tt0078898/?ref_=sr_t_216,1979,1h 42m,R,6.5,830
217. The Great Alligator,https://www.imdb.com/title/tt0079156/?ref_=sr_t_217,1979,1h 29m,Not Rated,4.5,1.5K
218. Kesse Teens und irre Typen,https://www.imdb.com/title/tt0079397/?ref_=sr_t_218,1979,1h 27m,,4.1,43
219. Don't Go Near the Park,https://www.imdb.com/title/tt0082276/?ref_=sr_t_219,1979,1h 20m,R,3.5,897
220. Breakthrough,https://www.imdb.com/title/tt0078320/?ref_=sr_t_220,1979,1h 55m,PG,5.0,1.5K
221. How to Seduce Your Teacher,https://www.imdb.com/title/tt0077852/?ref_=sr_t_221,1979,1h 33m,,4.6,388
222. The Clonus Horror,https://www.imdb.com/title/tt0078062/?ref_=sr_t_222,1979,1h 30m,R,4.0,2.7K
223. I... For Icarus,https://www.imdb.com/title/tt0079322/?ref_=sr_t_223,1979,2h 3m,,7.8,4.8K
224. Queen of the Blues,https://www.imdb.com/title/tt0079768/?ref_=sr_t_224,1979,1h 2m,,2.9,185
225. Nea Marin miliardar,https://www.imdb.com/title/tt0079615/?ref_=sr_t_225,1979,1h 28m,,8.3,4K
226. Nocturna,https://www.imdb.com/title/tt0079635/?ref_=sr_t_226,1979,1h 25m,R,4.3,352
227. Heartland,https://www.imdb.com/title/tt0082508/?ref_=sr_t_227,1979,1h 36m,PG,7.2,1.3K
228. Home Before Midnight,https://www.imdb.com/title/tt0079301/?ref_=sr_t_228,1979,1h 51m,,5.9,299
229. Dragon Fist,https://www.imdb.com/title/tt0079484/?ref_=sr_t_229,1979,1h 37m,Not Rated,6.1,2.8K
230. Joi Baba Felunath: The Elephant God,https://www.imdb.com/title/tt0077775/?ref_=sr_t_230,1979,1h 52m,,7.9,2.4K
231. Schneeweißchen und Rosenrot,https://www.imdb.com/title/tt0210964/?ref_=sr_t_231,1979,1h 10m,,6.6,485
232. The Riddle of the Sands,https://www.imdb.com/title/tt0079808/?ref_=sr_t_232,1979,1h 42m,PG,6.4,1.4K
233. Summer Camp,https://www.imdb.com/title/tt0079965/?ref_=sr_t_233,1979,1h 25m,R,3.7,590
234. The Bell Jar,https://www.imdb.com/title/tt0078843/?ref_=sr_t_234,1979,1h 47m,R,5.2,314
235. Midnight Dolls,https://www.imdb.com/title/tt0257946/?ref_=sr_t_235,1979,1h 55m,,7.1,90
236. The Sadist of Notre Dame,https://www.imdb.com/title/tt3452710/?ref_=sr_t_236,1979,1h 34m,,5.1,271
237. Train Station Pickups,https://www.imdb.com/title/tt0079864/?ref_=sr_t_237,1979,1h 36m,,5.4,219
"238. Mulher, Mulher",https://www.imdb.com/title/tt0256946/?ref_=sr_t_238,1979,1h 40m,,6.2,86
239. Olsenbanden og Dynamitt-Harry mot nye høyder,https://www.imdb.com/title/tt0079661/?ref_=sr_t_239,1979,1h 39m,,6.4,830
240. Un uomo in ginocchio,https://www.imdb.com/title/tt0078445/?ref_=sr_t_240,1979,1h 50m,,7.2,535
241. Zwei Däninnen in Lederhosen,https://www.imdb.com/title/tt0080182/?ref_=sr_t_241,1979,1h 32m,,4.6,82
242. Savage Weekend,https://www.imdb.com/title/tt0079855/?ref_=sr_t_242,1979,1h 28m,R,4.5,1.9K
243. The Kid with the Golden Arm,https://www.imdb.com/title/tt0079372/?ref_=sr_t_243,1979,1h 26m,R,7.0,1.8K
244. Cicciolina amore mio,https://www.imdb.com/title/tt0078971/?ref_=sr_t_244,1979,1h 25m,,4.3,135
245. Delirium,https://www.imdb.com/title/tt0079039/?ref_=sr_t_245,1979,1h 28m,R,4.6,897
246. Rape Climax: Skinning,https://www.imdb.com/title/tt0287387/?ref_=sr_t_246,1979,1h 8m,,4.8,12
247. Maula Jat,https://www.imdb.com/title/tt0239608/?ref_=sr_t_247,1979,2h 36m,,7.7,582
248. Going Steady,https://www.imdb.com/title/tt0079218/?ref_=sr_t_248,1979,1h 40m,R,5.6,1.9K
249. I Want To,https://www.imdb.com/title/tt0083050/?ref_=sr_t_249,1979,1h 25m,,6.4,1.2K
250. Forbidden Letters,https://www.imdb.com/title/tt0074541/?ref_=sr_t_250,1979,1h 10m,X,7.4,111
251. Fyre,https://www.imdb.com/title/tt0077589/?ref_=sr_t_251,1979,1h 30m,R,4.5,121
252. Dead Mountaineer's Hotel,https://www.imdb.com/title/tt0204526/?ref_=sr_t_252,1979,1h 24m,,6.6,1.7K
253. Black Jack,https://www.imdb.com/title/tt0078870/?ref_=sr_t_253,1979,1h 45m,R,6.7,802
254. Angel Guts: Nami,https://www.imdb.com/title/tt0224238/?ref_=sr_t_254,1979,1h 38m,,6.1,275
255. C.H.O.M.P.S.,https://www.imdb.com/title/tt0078924/?ref_=sr_t_255,1979,1h 29m,PG,4.9,1K
256. Day of the Assassin,https://www.imdb.com/title/tt0079031/?ref_=sr_t_256,1979,1h 34m,Not Rated,4.2,260
257. The Europeans,https://www.imdb.com/title/tt0079123/?ref_=sr_t_257,1979,1h 30m,,6.1,1.2K
258. Tilt,https://www.imdb.com/title/tt0078400/?ref_=sr_t_258,1979,1h 51m,PG,5.1,465
259. Kaala Patthar,https://www.imdb.com/title/tt0079386/?ref_=sr_t_259,1979,2h 56m,Not Rated,7.6,2.9K
260. Lovers and Liars,https://www.imdb.com/title/tt0080094/?ref_=sr_t_260,1979,2h,R,4.8,577
261. Vlad Tepes,https://www.imdb.com/title/tt0141966/?ref_=sr_t_261,1979,1h 54m,,7.5,1.3K
262. The Gendarme and the Extra-Terrestrials,https://www.imdb.com/title/tt0079200/?ref_=sr_t_262,1979,1h 36m,,6.3,9.8K
263. Incoming Freshmen,https://www.imdb.com/title/tt0079338/?ref_=sr_t_263,1979,1h 24m,R,4.2,132
264. Eagle's Wing,https://www.imdb.com/title/tt0079094/?ref_=sr_t_264,1979,1h 51m,PG,5.9,974
265. Can You Be with 5 Girls at Once?,https://www.imdb.com/title/tt0080183/?ref_=sr_t_265,1979,1h 40m,,5.8,56
"266. Scusi, lei è normale?",https://www.imdb.com/title/tt0079872/?ref_=sr_t_266,1979,1h 30m,,4.7,139
"267. Conan, the Boy in Future",https://www.imdb.com/title/tt8942902/?ref_=sr_t_267,1979,2h 2m,,7.9,184
268. The Man Who Stole the Sun,https://www.imdb.com/title/tt0194426/?ref_=sr_t_268,1979,2h 27m,Not Rated,7.5,1.4K
269. Égigérö fü,https://www.imdb.com/title/tt0121929/?ref_=sr_t_269,1979,1h 20m,,7.8,538
270. Ravagers,https://www.imdb.com/title/tt0079777/?ref_=sr_t_270,1979,1h 30m,PG,4.6,581
271. Mistress of the Apes,https://www.imdb.com/title/tt0082758/?ref_=sr_t_271,1979,1h 24m,R,3.5,261
272. King Frat,https://www.imdb.com/title/tt0079406/?ref_=sr_t_272,1979,1h 25m,R,4.3,690
273. Memoirs of a French Whore,https://www.imdb.com/title/tt0079091/?ref_=sr_t_273,1979,1h 40m,X,6.4,702
274. Up Yours,https://www.imdb.com/title/tt0260482/?ref_=sr_t_274,1979,1h 27m,R,4.8,87
275. Birth of the Beatles,https://www.imdb.com/title/tt0078865/?ref_=sr_t_275,1979,1h 44m,,6.4,729
276. Night Nurse,https://www.imdb.com/title/tt0077732/?ref_=sr_t_276,1979,1h 35m,,5.4,483
277. Effects,https://www.imdb.com/title/tt0077485/?ref_=sr_t_277,1979,1h 24m,R,5.3,1K
278. Bog,https://www.imdb.com/title/tt0077254/?ref_=sr_t_278,1979,1h 26m,PG,3.2,975
279. Knockabout,https://www.imdb.com/title/tt0080166/?ref_=sr_t_279,1979,1h 32m,PG-13,7.2,1.6K
280. The Runner Stumbles,https://www.imdb.com/title/tt0079831/?ref_=sr_t_280,1979,1h 49m,PG,6.1,370
281. Jaguar Lives!,https://www.imdb.com/title/tt0079362/?ref_=sr_t_281,1979,1h 30m,PG,4.2,573
282. Quincy's Quest,https://www.imdb.com/title/tt0290819/?ref_=sr_t_282,1979,1h 20m,G,7.4,164
283. The Kids Are Alright,https://www.imdb.com/title/tt0079400/?ref_=sr_t_283,1979,1h 49m,PG,8.0,4K
284. Ogro,https://www.imdb.com/title/tt0079655/?ref_=sr_t_284,1979,1h 55m,,7.1,1.1K
285. L'insegnante balla... con tutta la classe,https://www.imdb.com/title/tt0077736/?ref_=sr_t_285,1979,1h 23m,,4.6,277
286. Crocodile,https://www.imdb.com/title/tt0377707/?ref_=sr_t_286,1979,1h 32m,R,3.4,367
287. Ernesto,https://www.imdb.com/title/tt0079111/?ref_=sr_t_287,1979,1h 34m,R,6.9,601
288. Tigers in Lipstick,https://www.imdb.com/title/tt0079463/?ref_=sr_t_288,1979,1h 23m,R,4.5,423
289. Prince Nezha's Triumph Against Dragon King,https://www.imdb.com/title/tt0354770/?ref_=sr_t_289,1979,1h 1m,,7.7,1.4K
290. L'infermiera nella corsia dei militari,https://www.imdb.com/title/tt0080922/?ref_=sr_t_290,1979,1h 29m,,4.6,332
291. That Sinking Feeling,https://www.imdb.com/title/tt0080012/?ref_=sr_t_291,1979,1h 33m,PG,6.7,1.3K
292. Noorie,https://www.imdb.com/title/tt0309926/?ref_=sr_t_292,1979,2h,Not Rated,6.2,346
293. Mad Monkey Kung Fu,https://www.imdb.com/title/tt0079147/?ref_=sr_t_293,1979,1h 56m,R,6.7,1.2K
294. The Magnificent Butcher,https://www.imdb.com/title/tt0079472/?ref_=sr_t_294,1979,1h 48m,PG-13,7.2,2.7K
295. Star Odyssey,https://www.imdb.com/title/tt0078317/?ref_=sr_t_295,1979,1h 43m,,2.8,784
296. Perros callejeros II,https://www.imdb.com/title/tt0362969/?ref_=sr_t_296,1979,1h 40m,,5.4,357
297. Adventures of the Wilderness Family 3,https://www.imdb.com/title/tt0079580/?ref_=sr_t_297,1979,1h 40m,G,6.4,654
298. French Postcards,https://www.imdb.com/title/tt0079176/?ref_=sr_t_298,1979,1h 35m,PG,5.8,868
299. Stone Cold Dead,https://www.imdb.com/title/tt0081563/?ref_=sr_t_299,1979,1h 48m,R,5.2,645
300. Bacanal en directo,https://www.imdb.com/title/tt0078822/?ref_=sr_t_300,1979,1h 19m,,4.1,67
301. Wolf Lake,https://www.imdb.com/title/tt0078508/?ref_=sr_t_301,1979,1h 28m,R,6.2,461
302. Autumn Marathon,https://www.imdb.com/title/tt0079679/?ref_=sr_t_302,1979,1h 30m,,7.8,3.8K
303. Hothead,https://www.imdb.com/title/tt0079002/?ref_=sr_t_303,1979,1h 29m,,7.2,2.3K
"304. When You Comin' Back, Red Ryder?",https://www.imdb.com/title/tt0080129/?ref_=sr_t_304,1979,1h 58m,R,6.9,518
305. Supermen Dönüyor,https://www.imdb.com/title/tt0392818/?ref_=sr_t_305,1979,1h 7m,,3.5,710
306. Dracula Blows His Cool,https://www.imdb.com/title/tt0079230/?ref_=sr_t_306,1979,1h 30m,R,4.2,210
307. Anti-Clock,https://www.imdb.com/title/tt0166996/?ref_=sr_t_307,1979,1h 36m,,6.1,251
308. Fearless Coward,https://www.imdb.com/title/tt0252611/?ref_=sr_t_308,1979,1h 17m,,8.1,7.6K
309. Siberiade,https://www.imdb.com/title/tt0079907/?ref_=sr_t_309,1979,3h 10m,,7.9,2.4K
310. Van Nuys Blvd.,https://www.imdb.com/title/tt0080081/?ref_=sr_t_310,1979,1h 33m,R,5.1,618
311. Baton Baton Mein,https://www.imdb.com/title/tt0157339/?ref_=sr_t_311,1979,1h 52m,,7.5,1.4K
312. Angel Guts: Red Classroom,https://www.imdb.com/title/tt0224235/?ref_=sr_t_312,1979,1h 19m,,5.9,379
313. Jovana Lukina,https://www.imdb.com/title/tt0173945/?ref_=sr_t_313,1979,1h 39m,,7.1,241
314. The Ceremony of the Senses,https://www.imdb.com/title/tt0162230/?ref_=sr_t_314,1979,1h 30m,,4.9,82
315. Dr. Jekyll Likes Them Hot,https://www.imdb.com/title/tt0079068/?ref_=sr_t_315,1979,1h 47m,,5.1,436
316. Süper Selami,https://www.imdb.com/title/tt0392816/?ref_=sr_t_316,1979,,,5.9,104
317. The Ninth Heart,https://www.imdb.com/title/tt0081238/?ref_=sr_t_317,1979,1h 30m,,6.6,291
318. Félicité,https://www.imdb.com/title/tt0218289/?ref_=sr_t_318,1979,1h 35m,,6.8,33
319. The Brontë Sisters,https://www.imdb.com/title/tt0079920/?ref_=sr_t_319,1979,2h,Not Rated,6.4,1.2K
320. Mani di velluto,https://www.imdb.com/title/tt0079523/?ref_=sr_t_320,1979,1h 38m,,6.4,1.5K
321. Up from the Depths,https://www.imdb.com/title/tt0080066/?ref_=sr_t_321,1979,1h 25m,R,3.3,1K
322. Ahsaas,https://www.imdb.com/title/tt0078739/?ref_=sr_t_322,1979,2h 24m,,5.6,59
323. Take Down,https://www.imdb.com/title/tt0078358/?ref_=sr_t_323,1979,1h 47m,PG,6.0,268
324. Den åttonde dagen,https://www.imdb.com/title/tt0080185/?ref_=sr_t_324,1979,1h 36m,,5.9,66
325. Johnny Larsen,https://www.imdb.com/title/tt0123928/?ref_=sr_t_325,1979,1h 40m,,6.7,290
326. The Gambler,https://www.imdb.com/title/tt0079984/?ref_=sr_t_326,1979,1h 58m,,6.9,65
327. Return of the Dead,https://www.imdb.com/title/tt0079801/?ref_=sr_t_327,1979,1h 38m,,6.4,86
328. Undercover Lover,https://www.imdb.com/title/tt0079632/?ref_=sr_t_328,1979,1h 18m,R,4.3,149
"329. Cola, Candy, Chocolate",https://www.imdb.com/title/tt0078982/?ref_=sr_t_329,1979,1h 22m,,4.4,145
330. Zum Gasthof der spritzigen Mädchen,https://www.imdb.com/title/tt0080181/?ref_=sr_t_330,1979,1h 27m,,5.0,94
331. Richard Pryor: Live in Concert,https://www.imdb.com/title/tt0079807/?ref_=sr_t_331,1979,1h 18m,Not Rated,8.0,6K
332. El chanfle,https://www.imdb.com/title/tt0222962/?ref_=sr_t_332,1979,1h 46m,,6.5,777
333. Mr. Natwarlal,https://www.imdb.com/title/tt0079584/?ref_=sr_t_333,1979,2h 28m,,6.5,1.5K
334. Jaani Dushman,https://www.imdb.com/title/tt0079355/?ref_=sr_t_334,1979,2h 34m,Not Rated,6.1,647
335. Amor Bandido,https://www.imdb.com/title/tt0078768/?ref_=sr_t_335,1979,1h 35m,,6.6,309
336. Disco Godfather,https://www.imdb.com/title/tt0074412/?ref_=sr_t_336,1979,1h 38m,R,5.2,1.8K
337. The Odd Angry Shot,https://www.imdb.com/title/tt0079652/?ref_=sr_t_337,1979,1h 32m,Unrated,6.7,1.4K
338. Alexandria... Why?,https://www.imdb.com/title/tt0077751/?ref_=sr_t_338,1979,2h 13m,Not Rated,7.3,2.1K
339. Krigernes børn,https://www.imdb.com/title/tt0145036/?ref_=sr_t_339,1979,1h 24m,,4.6,41
340. The Magician of Lublin,https://www.imdb.com/title/tt0079504/?ref_=sr_t_340,1979,1h 45m,R,5.8,189
341. Autumn Born,https://www.imdb.com/title/tt0078811/?ref_=sr_t_341,1979,1h 14m,R,3.5,229
342. Supersonic Man,https://www.imdb.com/title/tt0079971/?ref_=sr_t_342,1979,1h 28m,Not Rated,3.1,1.1K
343. Nightmares,https://www.imdb.com/title/tt0080176/?ref_=sr_t_343,1979,1h 40m,,6.7,305
344. Öttür Kusu Ömer,https://www.imdb.com/title/tt4023262/?ref_=sr_t_344,1979,,,3.6,17
345. A Perfect Couple,https://www.imdb.com/title/tt0079710/?ref_=sr_t_345,1979,1h 50m,PG,5.9,1K
346. Dance of the Drunken Mantis,https://www.imdb.com/title/tt0079609/?ref_=sr_t_346,1979,1h 34m,Not Rated,6.9,858
347. Manzil,https://www.imdb.com/title/tt0079526/?ref_=sr_t_347,1979,1h 53m,Not Rated,6.9,360
348. Ashram in Poona,https://www.imdb.com/title/tt0210546/?ref_=sr_t_348,1979,1h 23m,,5.9,63
349. A Certain Sacrifice,https://www.imdb.com/title/tt0088896/?ref_=sr_t_349,1979,1h,Unrated,2.3,827
350. Yesterday's Hero,https://www.imdb.com/title/tt0080158/?ref_=sr_t_350,1979,1h 35m,Not Rated,5.1,275
351. The Little Dragons,https://www.imdb.com/title/tt0081061/?ref_=sr_t_351,1979,1h 30m,PG,4.3,307
352. Penitentiary,https://www.imdb.com/title/tt0079709/?ref_=sr_t_352,1979,1h 39m,R,5.7,1.3K
353. Baby Love,https://www.imdb.com/title/tt0078819/?ref_=sr_t_353,1979,1h 20m,,3.9,95
354. Wolfman,https://www.imdb.com/title/tt0141996/?ref_=sr_t_354,1979,1h 42m,PG,3.0,458
355. Meetings with Remarkable Men,https://www.imdb.com/title/tt0079542/?ref_=sr_t_355,1979,1h 48m,G,7.2,1.2K
356. Swap Meet,https://www.imdb.com/title/tt0079974/?ref_=sr_t_356,1979,1h 25m,R,3.9,168
357. Beautiful Girl Hunter,https://www.imdb.com/title/tt0225458/?ref_=sr_t_357,1979,1h 40m,Unrated,5.9,1.1K
358. Adventures of the Polar Cubs,https://www.imdb.com/title/tt0202393/?ref_=sr_t_358,1979,1h 18m,,6.7,63
359. The World Is Full of Married Men,https://www.imdb.com/title/tt0080147/?ref_=sr_t_359,1979,1h 47m,R,4.3,176
360. A Policewoman on the Porno Squad,https://www.imdb.com/title/tt0079734/?ref_=sr_t_360,1979,1h 30m,,4.5,317
361. The Dogs,https://www.imdb.com/title/tt0077324/?ref_=sr_t_361,1979,1h 40m,,6.4,684
362. Nous étions un seul homme,https://www.imdb.com/title/tt0082829/?ref_=sr_t_362,1979,1h 31m,Unrated,6.4,662
363. Aim for the Ace!,https://www.imdb.com/title/tt7523106/?ref_=sr_t_363,1979,1h 28m,,6.9,84
364. The Butterfly Murders,https://www.imdb.com/title/tt0079051/?ref_=sr_t_364,1979,1h 28m,Not Rated,6.4,911
365. Lobster for Breakfast,https://www.imdb.com/title/tt0083574/?ref_=sr_t_365,1979,1h 32m,R,5.5,261
366. Joni,https://www.imdb.com/title/tt0080966/?ref_=sr_t_366,1979,1h 15m,G,6.6,404
367. Las cariñosas,https://www.imdb.com/title/tt0257468/?ref_=sr_t_367,1979,1h 45m,,4.9,47
368. Concorde Affaire '79,https://www.imdb.com/title/tt0078989/?ref_=sr_t_368,1979,1h 36m,,5.5,664
369. The Mystery of Chess Boxing,https://www.imdb.com/title/tt0199813/?ref_=sr_t_369,1979,1h 30m,Not Rated,6.7,789
370. The House by the Edge of the Lake,https://www.imdb.com/title/tt0077430/?ref_=sr_t_370,1979,1h 30m,,5.2,204
371. Mr. Mike's Mondo Video,https://www.imdb.com/title/tt0079583/?ref_=sr_t_371,1979,1h 15m,R,4.9,589
372. Punk Rock,https://www.imdb.com/title/tt4970598/?ref_=sr_t_372,1979,1h 37m,R,4.7,71
373. The Hussy,https://www.imdb.com/title/tt0079086/?ref_=sr_t_373,1979,1h 30m,,6.8,711
374. Traffic Jam,https://www.imdb.com/title/tt0077734/?ref_=sr_t_374,1979,2h 8m,,6.9,1.2K
375. Heiße Träume auf der Schulbank,https://www.imdb.com/title/tt0079283/?ref_=sr_t_375,1979,1h 9m,,5.3,40
376. A Life of Sin,https://www.imdb.com/title/tt0100026/?ref_=sr_t_376,1979,1h 52m,R,4.5,123
377. Tarka the Otter,https://www.imdb.com/title/tt0079988/?ref_=sr_t_377,1979,1h 31m,G,6.7,485
378. The Medic,https://www.imdb.com/title/tt0080038/?ref_=sr_t_378,1979,1h 30m,,5.2,675
379. Hazal,https://www.imdb.com/title/tt0206004/?ref_=sr_t_379,1979,1h 30m,,6.6,220
380. Photos scandale,https://www.imdb.com/title/tt0079716/?ref_=sr_t_380,1979,1h 22m,,4.2,86
381. From Hell to Victory,https://www.imdb.com/title/tt0079019/?ref_=sr_t_381,1979,1h 40m,PG,5.3,512
382. Org,https://www.imdb.com/title/tt0078039/?ref_=sr_t_382,1979,2h 57m,,6.6,120
383. The Crippled Masters,https://www.imdb.com/title/tt0122029/?ref_=sr_t_383,1979,1h 30m,R,5.7,1.1K
384. The Evictors,https://www.imdb.com/title/tt0079128/?ref_=sr_t_384,1979,1h 32m,PG,5.4,1.4K
385. The Hollywood Strangler Meets the Skid Row Slasher,https://www.imdb.com/title/tt0079300/?ref_=sr_t_385,1979,1h 12m,R,3.7,582
386. Mission Galactica: The Cylon Attack,https://www.imdb.com/title/tt0077937/?ref_=sr_t_386,1979,1h 48m,G,6.9,2K
387. Hell,https://www.imdb.com/title/tt0202931/?ref_=sr_t_387,1979,2h 11m,,6.4,192
388. Zoom Up: Rape Site,https://www.imdb.com/title/tt0288906/?ref_=sr_t_388,1979,1h 7m,,5.1,196
389. Milo-Milo,https://www.imdb.com/title/tt0079557/?ref_=sr_t_389,1979,1h 43m,,5.4,83
390. Dove vai se il vizietto non ce l'hai?,https://www.imdb.com/title/tt0079072/?ref_=sr_t_390,1979,1h 26m,,5.1,219
391. The Tehran Incident,https://www.imdb.com/title/tt0076395/?ref_=sr_t_391,1979,1h 37m,Not Rated,3.0,330
392. Atrocious Tales of Love and Death,https://www.imdb.com/title/tt0077611/?ref_=sr_t_392,1979,1h 54m,,6.1,472
393. Screams of a Winter Night,https://www.imdb.com/title/tt0079869/?ref_=sr_t_393,1979,1h 31m,PG,4.7,843
394. Promises in the Dark,https://www.imdb.com/title/tt0079757/?ref_=sr_t_394,1979,1h 58m,PG,6.5,347
395. The Outsider,https://www.imdb.com/title/tt0079687/?ref_=sr_t_395,1979,2h 2m,R,6.9,329
396. Radio On,https://www.imdb.com/title/tt0079773/?ref_=sr_t_396,1979,1h 44m,,6.5,1.2K
397. Raining in the Mountain,https://www.imdb.com/title/tt0192213/?ref_=sr_t_397,1979,2h,,7.3,1.6K
398. La vedova del trullo,https://www.imdb.com/title/tt0080085/?ref_=sr_t_398,1979,1h 29m,,4.7,65
"399. Sabato, domenica e venerdì",https://www.imdb.com/title/tt0079837/?ref_=sr_t_399,1979,1h 48m,,5.2,404
400. Vavilon XX,https://www.imdb.com/title/tt0080083/?ref_=sr_t_400,1979,1h 40m,,7.6,377
401. Kummatty,https://www.imdb.com/title/tt0079422/?ref_=sr_t_401,1979,1h 30m,,7.3,387
402. Pilot Pirx's Inquest,https://www.imdb.com/title/tt0080010/?ref_=sr_t_402,1979,1h 35m,,6.4,1.1K
403. Abbot of Shaolin,https://www.imdb.com/title/tt0079892/?ref_=sr_t_403,1979,1h 24m,R,6.4,356
404. Hurricane,https://www.imdb.com/title/tt0079319/?ref_=sr_t_404,1979,2h,PG,4.7,718
405. The Quatermass Conclusion,https://www.imdb.com/title/tt0823523/?ref_=sr_t_405,1979,1h 42m,,5.7,296
406. Günahkar Kadin,https://www.imdb.com/title/tt2496496/?ref_=sr_t_406,1979,1h 34m,,5.5,12
407. Death of Hitch-Hikers,https://www.imdb.com/title/tt0240906/?ref_=sr_t_407,1979,1h 27m,,6.1,156
408. Die Hamburger Krankheit,https://www.imdb.com/title/tt0079264/?ref_=sr_t_408,1979,1h 57m,,6.1,503
409. Il corpo della ragassa,https://www.imdb.com/title/tt0079001/?ref_=sr_t_409,1979,1h 35m,,5.9,111
410. Sunnyside,https://www.imdb.com/title/tt0079968/?ref_=sr_t_410,1979,1h 40m,R,5.3,103
411. Bolo,https://www.imdb.com/title/tt0164441/?ref_=sr_t_411,1979,1h 30m,PG-13,4.9,149
412. Neues vom Räuber Hotzenplotz,https://www.imdb.com/title/tt0079620/?ref_=sr_t_412,1979,1h 43m,,6.5,47
"413. La liceale, il diavolo e l'acquasanta",https://www.imdb.com/title/tt0079467/?ref_=sr_t_413,1979,1h 35m,,4.7,262
414. Racquet,https://www.imdb.com/title/tt0079771/?ref_=sr_t_414,1979,1h 27m,R,3.4,229
415. The Psychotronic Man,https://www.imdb.com/title/tt0164143/?ref_=sr_t_415,1979,1h 30m,PG,3.0,537
416. Ring of Darkness,https://www.imdb.com/title/tt0131510/?ref_=sr_t_416,1979,1h 27m,,4.6,427
417. Suhaag,https://www.imdb.com/title/tt0079963/?ref_=sr_t_417,1979,2h 44m,Not Rated,6.5,1.3K
418. Natural Enemies,https://www.imdb.com/title/tt0079613/?ref_=sr_t_418,1979,1h 40m,R,6.9,394
419. Convoi de filles,https://www.imdb.com/title/tt0165697/?ref_=sr_t_419,1979,1h 28m,,3.3,163
420. El sexo me da risa,https://www.imdb.com/title/tt0258145/?ref_=sr_t_420,1979,1h 25m,,4.8,70
"421. Isa Para Sa Lahat, Lahat Para Sa Isa",https://www.imdb.com/title/tt0444194/?ref_=sr_t_421,1979,1h 57m,,8.0,13
422. Sargam,https://www.imdb.com/title/tt0246914/?ref_=sr_t_422,1979,2h 25m,Not Rated,6.5,210
423. Plague,https://www.imdb.com/title/tt0078088/?ref_=sr_t_423,1979,1h 28m,PG,4.8,341
424. Una rata en la oscuridad,https://www.imdb.com/title/tt0290038/?ref_=sr_t_424,1979,1h 25m,,5.7,98
425. What Will Happen Now,https://www.imdb.com/title/tt0469802/?ref_=sr_t_425,1979,1h 23m,,7.5,3.4K
426. Erótica,https://www.imdb.com/title/tt0077512/?ref_=sr_t_426,1979,1h 22m,,5.0,131
427. The American Success Company,https://www.imdb.com/title/tt0078765/?ref_=sr_t_427,1979,1h 31m,PG,5.4,448
428. Don Giovanni,https://www.imdb.com/title/tt0079063/?ref_=sr_t_428,1979,2h 56m,,7.6,1.3K
429. Dreamer,https://www.imdb.com/title/tt0079080/?ref_=sr_t_429,1979,1h 30m,PG,5.4,243
430. Manaos,https://www.imdb.com/title/tt0077900/?ref_=sr_t_430,1979,1h 33m,,5.1,204
431. Family Nest,https://www.imdb.com/title/tt0077383/?ref_=sr_t_431,1979,1h 48m,,7.2,1.5K
432. The Prize Fighter,https://www.imdb.com/title/tt0079754/?ref_=sr_t_432,1979,1h 39m,PG,5.6,405
433. Blue Bird,https://www.imdb.com/title/tt0078874/?ref_=sr_t_433,1979,1h 36m,,6.0,157
434. Salawahan,https://www.imdb.com/title/tt0474912/?ref_=sr_t_434,1979,1h 56m,,7.2,26
435. King Solomon's Treasure,https://www.imdb.com/title/tt0076270/?ref_=sr_t_435,1979,1h 28m,,3.8,339
436. Il giocattolo,https://www.imdb.com/title/tt0079211/?ref_=sr_t_436,1979,1h 58m,,7.0,385
437. La patata bollente,https://www.imdb.com/title/tt0079702/?ref_=sr_t_437,1979,1h 39m,,6.4,716
438. Womanlight,https://www.imdb.com/title/tt0078978/?ref_=sr_t_438,1979,1h 38m,,6.4,984
439. Snake in the Monkey's Shadow,https://www.imdb.com/title/tt0079311/?ref_=sr_t_439,1979,1h 40m,R,6.7,521
440. Stroke of Death,https://www.imdb.com/title/tt0078969/?ref_=sr_t_440,1979,1h 33m,R,6.4,439
441. The Glove,https://www.imdb.com/title/tt0077614/?ref_=sr_t_441,1979,1h 32m,R,5.3,463
442. Boardwalk,https://www.imdb.com/title/tt0078886/?ref_=sr_t_442,1979,1h 38m,,6.1,207
443. Libidine,https://www.imdb.com/title/tt0125831/?ref_=sr_t_443,1979,1h 27m,,4.4,110
444. Assassination on the Tiber,https://www.imdb.com/title/tt0078802/?ref_=sr_t_444,1979,1h 36m,,6.1,411
445. Rend mig i traditionerne,https://www.imdb.com/title/tt0079792/?ref_=sr_t_445,1979,1h 45m,,5.9,222
446. The Great Gambler,https://www.imdb.com/title/tt0079236/?ref_=sr_t_446,1979,2h 41m,,6.4,753
447. L'anello matrimoniale,https://www.imdb.com/title/tt0077167/?ref_=sr_t_447,1979,1h 55m,,4.5,50
448. L'enfant secret,https://www.imdb.com/title/tt0085489/?ref_=sr_t_448,1979,1h 32m,,6.5,715
449. Een vrouw tussen hond en wolf,https://www.imdb.com/title/tt0080110/?ref_=sr_t_449,1979,1h 51m,,6.2,340
450. Last Hurrah for Chivalry,https://www.imdb.com/title/tt0077655/?ref_=sr_t_450,1979,1h 46m,Not Rated,7.0,2K
451. Three-Way Weekend,https://www.imdb.com/title/tt0259654/?ref_=sr_t_451,1979,1h 18m,R,4.9,66
452. Baby Snakes,https://www.imdb.com/title/tt0078820/?ref_=sr_t_452,1979,2h 44m,R,8.0,942
453. Ticket of No Return,https://www.imdb.com/title/tt0078861/?ref_=sr_t_453,1979,1h 48m,,6.6,615
454. Pensione Amore - SerVizio completo,https://www.imdb.com/title/tt0131533/?ref_=sr_t_454,1979,1h 25m,,4.9,91
455. Dr. Jekyll's Dungeon of Death,https://www.imdb.com/title/tt0083849/?ref_=sr_t_455,1979,1h 32m,R,3.1,401
456. Yusuf and Kenan,https://www.imdb.com/title/tt0395824/?ref_=sr_t_456,1979,1h 16m,,7.4,1.5K
457. Vetagadu,https://www.imdb.com/title/tt0187581/?ref_=sr_t_457,1979,2h 41m,,6.6,127
458. Dirty Ho,https://www.imdb.com/title/tt0079432/?ref_=sr_t_458,1979,1h 43m,R,7.1,1.6K
459. Dedicato al mare Egeo,https://www.imdb.com/title/tt0079037/?ref_=sr_t_459,1979,1h 49m,,6.3,74
460. Klondike Fever,https://www.imdb.com/title/tt0081004/?ref_=sr_t_460,1979,1h 59m,PG,5.5,248
461. The Bermuda Triangle,https://www.imdb.com/title/tt0077224/?ref_=sr_t_461,1979,1h 33m,G,5.4,260
462. The Third Generation,https://www.imdb.com/title/tt0079083/?ref_=sr_t_462,1979,1h 51m,,6.7,2.9K
463. Libidomania,https://www.imdb.com/title/tt0261985/?ref_=sr_t_463,1979,1h 19m,,4.8,164
464. The Wild West,https://www.imdb.com/title/tt10951700/?ref_=sr_t_464,1979,1h 40m,PG,8.0,20
465. Naná,https://www.imdb.com/title/tt0089667/?ref_=sr_t_465,1979,1h 40m,,7.0,45
466. Derek and Clive Get the Horn,https://www.imdb.com/title/tt0216682/?ref_=sr_t_466,1979,1h 29m,Unrated,7.1,458
467. Karpuzcu,https://www.imdb.com/title/tt1187028/?ref_=sr_t_467,1979,,,5.2,42
468. Jurmana,https://www.imdb.com/title/tt0079382/?ref_=sr_t_468,1979,2h 19m,,6.9,238
469. Histórias Que Nossas Babás Não Contavam,https://www.imdb.com/title/tt0225944/?ref_=sr_t_469,1979,1h 37m,,4.7,252
470. 4 hembras y un macho menos,https://www.imdb.com/title/tt0244943/?ref_=sr_t_470,1979,,,5.8,21
471. Son of Hitler,https://www.imdb.com/title/tt0077686/?ref_=sr_t_471,1979,1h 32m,,5.1,129
472. Five Evenings,https://www.imdb.com/title/tt0079764/?ref_=sr_t_472,1979,1h 48m,,7.6,1.5K
473. The Shadow Boxing,https://www.imdb.com/title/tt0079527/?ref_=sr_t_473,1979,1h 41m,,6.3,165
474. Midnight Blue,https://www.imdb.com/title/tt0128347/?ref_=sr_t_474,1979,1h 23m,,4.3,123
475. Play Motel,https://www.imdb.com/title/tt0148615/?ref_=sr_t_475,1979,1h 33m,X,4.8,726
476. Heart to Heart,https://www.imdb.com/title/tt0077364/?ref_=sr_t_476,1979,1h 50m,,6.6,152
477. Monique,https://www.imdb.com/title/tt0332270/?ref_=sr_t_477,1979,1h 33m,R,5.2,56
478. To Kill a Mastermind,https://www.imdb.com/title/tt0080028/?ref_=sr_t_478,1979,1h 39m,,7.1,100
479. Partizanska eskadrila,https://www.imdb.com/title/tt0078832/?ref_=sr_t_479,1979,2h 10m,,6.6,973
480. Que Viva Mexico,https://www.imdb.com/title/tt0079020/?ref_=sr_t_480,1979,1h 30m,Not Rated,7.4,1.9K
481. Ang agimat ni Pepe,https://www.imdb.com/title/tt0496473/?ref_=sr_t_481,1979,,,6.1,13
482. Amor libre,https://www.imdb.com/title/tt0077160/?ref_=sr_t_482,1979,1h 37m,,6.8,130
483. Jukyusai no chizu,https://www.imdb.com/title/tt0255281/?ref_=sr_t_483,1979,1h 50m,,6.9,161
484. Ninaithale Inikkum,https://www.imdb.com/title/tt0154145/?ref_=sr_t_484,1979,2h 21m,,6.7,317
485. El sexo ataca (1ª jornada),https://www.imdb.com/title/tt0073687/?ref_=sr_t_485,1979,1h 21m,,3.3,25
486. Nackt und heiß auf Mykonos,https://www.imdb.com/title/tt0177032/?ref_=sr_t_486,1979,1h 27m,R,4.3,46
487. The Golden Lady,https://www.imdb.com/title/tt0079224/?ref_=sr_t_487,1979,1h 31m,TV-14,4.5,91
488. The Kung Fu Instructor,https://www.imdb.com/title/tt0079371/?ref_=sr_t_488,1979,1h 44m,R,6.5,365
489. Hamare Tumhare,https://www.imdb.com/title/tt0079263/?ref_=sr_t_489,1979,,,6.4,59
490. Rust Never Sleeps,https://www.imdb.com/title/tt0079834/?ref_=sr_t_490,1979,1h 48m,PG,8.1,1K
491. The Year of the Plague,https://www.imdb.com/title/tt0077195/?ref_=sr_t_491,1979,1h 49m,,6.6,162
492. The Island of Prohibited Pleasures,https://www.imdb.com/title/tt0197573/?ref_=sr_t_492,1979,1h 36m,,5.2,176
493. Mama Turns 100,https://www.imdb.com/title/tt0079517/?ref_=sr_t_493,1979,1h 40m,Not Rated,7.1,1.4K
494. The Man to Kill,https://www.imdb.com/title/tt0169716/?ref_=sr_t_494,1979,1h 45m,,7.0,346
495. Game for Vultures,https://www.imdb.com/title/tt0079191/?ref_=sr_t_495,1979,1h 53m,R,4.4,399
496. Simhasan,https://www.imdb.com/title/tt0191456/?ref_=sr_t_496,1979,2h 50m,,8.4,241
497. Expertos en Pinchazos,https://www.imdb.com/title/tt0198465/?ref_=sr_t_497,1979,1h 30m,,6.0,211
"498. Iracema, a Virgem dos Lábios de Mel",https://www.imdb.com/title/tt0184619/?ref_=sr_t_498,1979,1h 38m,,5.5,59
499. Ta kourelia tragoudane akoma...,https://www.imdb.com/title/tt0094097/?ref_=sr_t_499,1979,2h 3m,,7.3,1.1K
500. Tatsu no ko Tarô,https://www.imdb.com/title/tt0061069/?ref_=sr_t_500,1979,1h 15m,,7.5,941
