Title,Movie Link,Year,Duration,MPA,Rating,Votes
1. Star Wars: Episode VI - Return of the Jedi,https://www.imdb.com/title/tt0086190/?ref_=sr_t_1,1983,2h 11m,PG,8.3,1.1M
2. Terms of Endearment,https://www.imdb.com/title/tt0086425/?ref_=sr_t_2,1983,2h 12m,PG,7.4,67K
3. Flashdance,https://www.imdb.com/title/tt0085549/?ref_=sr_t_3,1983,1h 35m,R,6.2,61K
4. Trading Places,https://www.imdb.com/title/tt0086465/?ref_=sr_t_4,1983,1h 56m,R,7.5,172K
5. WarGames,https://www.imdb.com/title/tt0086567/?ref_=sr_t_5,1983,1h 54m,PG,7.1,114K
6. Octopussy,https://www.imdb.com/title/tt0086034/?ref_=sr_t_6,1983,2h 11m,PG,6.5,116K
7. Sudden Impact,https://www.imdb.com/title/tt0086383/?ref_=sr_t_7,1983,1h 57m,R,6.6,50K
8. Staying Alive,https://www.imdb.com/title/tt0086361/?ref_=sr_t_8,1983,1h 33m,PG,4.8,18K
9. Mr. Mom,https://www.imdb.com/title/tt0085970/?ref_=sr_t_9,1983,1h 31m,PG,6.6,29K
10. Risky Business,https://www.imdb.com/title/tt0086200/?ref_=sr_t_10,1983,1h 39m,R,6.8,103K
11. Vacation,https://www.imdb.com/title/tt0085995/?ref_=sr_t_11,1983,1h 38m,R,7.3,123K
12. Superman III,https://www.imdb.com/title/tt0086393/?ref_=sr_t_12,1983,2h 5m,PG,5.0,77K
13. The Big Chill,https://www.imdb.com/title/tt0085244/?ref_=sr_t_13,1983,1h 45m,R,7.1,43K
14. Never Say Never Again,https://www.imdb.com/title/tt0086006/?ref_=sr_t_14,1983,2h 14m,PG,6.1,75K
15. Scarface,https://www.imdb.com/title/tt0086250/?ref_=sr_t_15,1983,2h 50m,R,8.3,947K
16. Jaws 3-D,https://www.imdb.com/title/tt0085750/?ref_=sr_t_16,1983,1h 39m,PG,3.7,50K
17. Blue Thunder,https://www.imdb.com/title/tt0085255/?ref_=sr_t_17,1983,1h 49m,R,6.4,24K
18. Yentl,https://www.imdb.com/title/tt0086619/?ref_=sr_t_18,1983,2h 13m,PG,6.6,16K
19. Silkwood,https://www.imdb.com/title/tt0086312/?ref_=sr_t_19,1983,2h 11m,R,7.1,23K
20. Psycho II,https://www.imdb.com/title/tt0086154/?ref_=sr_t_20,1983,1h 53m,R,6.6,33K
21. Porky's II: The Next Day,https://www.imdb.com/title/tt0086129/?ref_=sr_t_21,1983,1h 38m,R,5.0,13K
22. Uncommon Valor,https://www.imdb.com/title/tt0086508/?ref_=sr_t_22,1983,1h 45m,R,6.3,12K
23. Never Cry Wolf,https://www.imdb.com/title/tt0086005/?ref_=sr_t_23,1983,1h 45m,PG,7.5,9K
24. Twilight Zone: The Movie,https://www.imdb.com/title/tt0086491/?ref_=sr_t_24,1983,1h 41m,PG,6.4,42K
25. Easy Money,https://www.imdb.com/title/tt0085470/?ref_=sr_t_25,1983,1h 35m,R,6.2,11K
26. High Road to China,https://www.imdb.com/title/tt0085678/?ref_=sr_t_26,1983,1h 45m,PG,6.0,6.2K
27. The Outsiders,https://www.imdb.com/title/tt0086066/?ref_=sr_t_27,1983,1h 31m,PG,7.0,102K
28. Spring Break,https://www.imdb.com/title/tt0086352/?ref_=sr_t_28,1983,1h 42m,R,4.9,3.6K
29. Two of a Kind,https://www.imdb.com/title/tt0086494/?ref_=sr_t_29,1983,1h 28m,PG,4.7,4.8K
30. My Tutor,https://www.imdb.com/title/tt0085980/?ref_=sr_t_30,1983,1h 37m,R,5.2,4.2K
31. Class,https://www.imdb.com/title/tt0085346/?ref_=sr_t_31,1983,1h 38m,R,6.0,13K
32. The Right Stuff,https://www.imdb.com/title/tt0086197/?ref_=sr_t_32,1983,3h 13m,PG,7.8,67K
33. Cujo,https://www.imdb.com/title/tt0085382/?ref_=sr_t_33,1983,1h 33m,R,6.1,53K
34. Christine,https://www.imdb.com/title/tt0085333/?ref_=sr_t_34,1983,1h 50m,R,6.8,96K
35. A Christmas Story,https://www.imdb.com/title/tt0085334/?ref_=sr_t_35,1983,1h 33m,PG,7.9,174K
36. The Dead Zone,https://www.imdb.com/title/tt0085407/?ref_=sr_t_36,1983,1h 43m,R,7.2,80K
37. Hot Dog... The Movie,https://www.imdb.com/title/tt0087425/?ref_=sr_t_37,1983,1h 36m,R,5.1,4.1K
38. Breathless,https://www.imdb.com/title/tt0085276/?ref_=sr_t_38,1983,1h 40m,R,6.0,11K
39. Max Dugan Returns,https://www.imdb.com/title/tt0085919/?ref_=sr_t_39,1983,1h 38m,PG,6.7,4.1K
40. Angel,https://www.imdb.com/title/tt0086896/?ref_=sr_t_40,1983,1h 34m,R,5.8,4.9K
41. Valley Girl,https://www.imdb.com/title/tt0086525/?ref_=sr_t_41,1983,1h 39m,R,6.4,19K
42. All the Right Moves,https://www.imdb.com/title/tt0085154/?ref_=sr_t_42,1983,1h 31m,R,6.0,21K
43. Krull,https://www.imdb.com/title/tt0085811/?ref_=sr_t_43,1983,2h 1m,PG,6.1,37K
44. Spacehunter: Adventures in the Forbidden Zone,https://www.imdb.com/title/tt0086346/?ref_=sr_t_44,1983,1h 30m,PG,5.5,6.8K
45. D.C. Cab,https://www.imdb.com/title/tt0085387/?ref_=sr_t_45,1983,1h 40m,R,5.5,5.4K
46. Gorky Park,https://www.imdb.com/title/tt0085615/?ref_=sr_t_46,1983,2h 8m,R,6.7,17K
47. Still Smokin,https://www.imdb.com/title/tt0086366/?ref_=sr_t_47,1983,1h 31m,R,5.4,8.2K
48. Monty Python's the Meaning of Life,https://www.imdb.com/title/tt0085959/?ref_=sr_t_48,1983,1h 47m,R,7.5,127K
49. Educating Rita,https://www.imdb.com/title/tt0085478/?ref_=sr_t_49,1983,1h 50m,PG,7.2,15K
50. Private School,https://www.imdb.com/title/tt0086143/?ref_=sr_t_50,1983,1h 29m,R,5.3,7.5K
51. The Survivors,https://www.imdb.com/title/tt0086397/?ref_=sr_t_51,1983,1h 43m,R,5.8,5.9K
52. Revenge of the Ninja,https://www.imdb.com/title/tt0086192/?ref_=sr_t_52,1983,1h 30m,R,6.0,6.1K
53. To Be or Not to Be,https://www.imdb.com/title/tt0086450/?ref_=sr_t_53,1983,1h 47m,PG,6.8,12K
54. Stroker Ace,https://www.imdb.com/title/tt0086379/?ref_=sr_t_54,1983,1h 36m,PG,4.9,4.4K
55. Lone Wolf McQuade,https://www.imdb.com/title/tt0085862/?ref_=sr_t_55,1983,1h 47m,PG,6.3,15K
56. The Black Stallion Returns,https://www.imdb.com/title/tt0085248/?ref_=sr_t_56,1983,1h 43m,PG,5.9,2.5K
57. Deathstalker,https://www.imdb.com/title/tt0087127/?ref_=sr_t_57,1983,1h 20m,R,4.6,6.8K
58. Zelig,https://www.imdb.com/title/tt0086637/?ref_=sr_t_58,1983,1h 19m,PG,7.6,45K
59. The Lords of Discipline,https://www.imdb.com/title/tt0085867/?ref_=sr_t_59,1983,1h 42m,R,6.6,3K
60. The Man Who Loved Women,https://www.imdb.com/title/tt0085891/?ref_=sr_t_60,1983,1h 50m,R,5.3,2.6K
61. Hercules,https://www.imdb.com/title/tt0085672/?ref_=sr_t_61,1983,1h 38m,PG,4.1,4.6K
62. Doctor Detroit,https://www.imdb.com/title/tt0085450/?ref_=sr_t_62,1983,1h 29m,R,5.2,6.3K
63. Deal of the Century,https://www.imdb.com/title/tt0085412/?ref_=sr_t_63,1983,1h 39m,PG,4.6,4.5K
64. The Man with Two Brains,https://www.imdb.com/title/tt0085894/?ref_=sr_t_64,1983,1h 33m,R,6.4,28K
65. Brainstorm,https://www.imdb.com/title/tt0085271/?ref_=sr_t_65,1983,1h 46m,PG,6.4,14K
66. Lovesick,https://www.imdb.com/title/tt0085873/?ref_=sr_t_66,1983,1h 35m,PG,5.2,967
67. Without a Trace,https://www.imdb.com/title/tt0086593/?ref_=sr_t_67,1983,2h,PG,7.1,2.4K
68. Bad Boys,https://www.imdb.com/title/tt0085210/?ref_=sr_t_68,1983,2h 3m,R,7.2,18K
69. Strange Brew,https://www.imdb.com/title/tt0086373/?ref_=sr_t_69,1983,1h 30m,PG,6.6,19K
70. Tender Mercies,https://www.imdb.com/title/tt0086423/?ref_=sr_t_70,1983,1h 32m,PG,7.3,12K
71. Something Wicked This Way Comes,https://www.imdb.com/title/tt0086336/?ref_=sr_t_71,1983,1h 35m,PG,6.7,11K
72. 10 to Midnight,https://www.imdb.com/title/tt0085121/?ref_=sr_t_72,1983,1h 41m,R,6.3,9.8K
73. Romantic Comedy,https://www.imdb.com/title/tt0086205/?ref_=sr_t_73,1983,1h 43m,PG,5.3,1K
74. Nightmares,https://www.imdb.com/title/tt0086014/?ref_=sr_t_74,1983,1h 39m,R,5.7,3.8K
75. The Golden Seal,https://www.imdb.com/title/tt0085608/?ref_=sr_t_75,1983,1h 34m,PG,5.4,381
76. The Osterman Weekend,https://www.imdb.com/title/tt0086058/?ref_=sr_t_76,1983,1h 43m,R,5.8,9.6K
77. Star 80,https://www.imdb.com/title/tt0086355/?ref_=sr_t_77,1983,1h 43m,R,6.8,8.4K
78. The Sting II,https://www.imdb.com/title/tt0086370/?ref_=sr_t_78,1983,1h 41m,PG,4.9,2.5K
79. Amityville 3-D,https://www.imdb.com/title/tt0085159/?ref_=sr_t_79,1983,1h 45m,PG,4.2,7.8K
80. Chained Heat,https://www.imdb.com/title/tt0085318/?ref_=sr_t_80,1983,1h 35m,R,5.0,2.7K
81. Beyond the Limit,https://www.imdb.com/title/tt0085236/?ref_=sr_t_81,1983,1h 44m,R,5.7,1.6K
82. The Hunger,https://www.imdb.com/title/tt0085701/?ref_=sr_t_82,1983,1h 37m,R,6.6,30K
83. Local Hero,https://www.imdb.com/title/tt0085859/?ref_=sr_t_83,1983,1h 51m,PG,7.3,28K
84. Under Fire,https://www.imdb.com/title/tt0086510/?ref_=sr_t_84,1983,2h 8m,R,7.0,8.8K
85. Smokey and the Bandit Part 3,https://www.imdb.com/title/tt0086325/?ref_=sr_t_85,1983,1h 25m,PG,3.5,9.9K
86. A Night in Heaven,https://www.imdb.com/title/tt0086011/?ref_=sr_t_86,1983,1h 23m,R,4.3,1.5K
87. The Star Chamber,https://www.imdb.com/title/tt0086356/?ref_=sr_t_87,1983,1h 49m,R,6.3,7.9K
88. The Dresser,https://www.imdb.com/title/tt0085461/?ref_=sr_t_88,1983,1h 58m,PG,7.5,5.8K
89. Metalstorm: The Destruction of Jared-Syn,https://www.imdb.com/title/tt0085935/?ref_=sr_t_89,1983,1h 24m,PG,3.9,2K
90. Love Letters,https://www.imdb.com/title/tt0085871/?ref_=sr_t_90,1983,1h 28m,R,5.8,1K
91. Eddie and the Cruisers,https://www.imdb.com/title/tt0085475/?ref_=sr_t_91,1983,1h 35m,PG,6.9,8.8K
92. Curse of the Pink Panther,https://www.imdb.com/title/tt0085384/?ref_=sr_t_92,1983,1h 49m,PG,4.3,6.9K
93. Trenchcoat,https://www.imdb.com/title/tt0086476/?ref_=sr_t_93,1983,1h 31m,PG,5.3,560
94. Yellowbeard,https://www.imdb.com/title/tt0086618/?ref_=sr_t_94,1983,1h 36m,PG,5.9,8.7K
95. The Keep,https://www.imdb.com/title/tt0085780/?ref_=sr_t_95,1983,1h 36m,R,5.7,15K
96. Entre Nous,https://www.imdb.com/title/tt0085370/?ref_=sr_t_96,1983,1h 50m,PG,7.0,2.3K
97. Joysticks,https://www.imdb.com/title/tt0085764/?ref_=sr_t_97,1983,1h 28m,R,4.5,2.8K
98. Running Brave,https://www.imdb.com/title/tt0086220/?ref_=sr_t_98,1983,1h 46m,PG,6.7,795
"99. Careful, He Might Hear You",https://www.imdb.com/title/tt0085295/?ref_=sr_t_99,1983,1h 50m,PG,6.9,887
100. Phar Lap,https://www.imdb.com/title/tt0086102/?ref_=sr_t_100,1983,1h 47m,PG,7.2,2K
101. Yor: The Hunter from the Future,https://www.imdb.com/title/tt0084935/?ref_=sr_t_101,1983,1h 28m,PG,4.3,3.6K
102. Rumble Fish,https://www.imdb.com/title/tt0086216/?ref_=sr_t_102,1983,1h 34m,R,7.1,39K
103. The Man Who Wasn't There,https://www.imdb.com/title/tt0085892/?ref_=sr_t_103,1983,1h 51m,R,3.9,711
104. Table for Five,https://www.imdb.com/title/tt0086405/?ref_=sr_t_104,1983,2h 2m,PG,6.1,874
105. Tough Enough,https://www.imdb.com/title/tt0086461/?ref_=sr_t_105,1983,1h 46m,PG,5.5,962
"106. Man, Woman and Child",https://www.imdb.com/title/tt0085895/?ref_=sr_t_106,1983,1h 39m,PG,6.3,467
107. Merry Christmas Mr. Lawrence,https://www.imdb.com/title/tt0085933/?ref_=sr_t_107,1983,2h 3m,R,7.2,21K
108. Videodrome,https://www.imdb.com/title/tt0086541/?ref_=sr_t_108,1983,1h 27m,R,7.2,107K
109. Screwballs,https://www.imdb.com/title/tt0086264/?ref_=sr_t_109,1983,1h 20m,R,4.6,3.8K
110. Testament,https://www.imdb.com/title/tt0086429/?ref_=sr_t_110,1983,1h 30m,PG,6.9,7.4K
111. Nate and Hayes,https://www.imdb.com/title/tt0085994/?ref_=sr_t_111,1983,1h 39m,PG,6.1,2.4K
112. Baby It's You,https://www.imdb.com/title/tt0085208/?ref_=sr_t_112,1983,1h 45m,R,6.4,2.2K
113. Exposed,https://www.imdb.com/title/tt0085513/?ref_=sr_t_113,1983,1h 40m,R,5.0,975
114. Heat and Dust,https://www.imdb.com/title/tt0084058/?ref_=sr_t_114,1983,2h 10m,R,6.5,2.2K
115. Stryker,https://www.imdb.com/title/tt0086381/?ref_=sr_t_115,1983,1h 26m,R,4.3,873
116. Get Crazy,https://www.imdb.com/title/tt0085551/?ref_=sr_t_116,1983,1h 32m,R,6.6,1.5K
117. Lianna,https://www.imdb.com/title/tt0085838/?ref_=sr_t_117,1983,1h 50m,R,6.9,1.9K
118. Sahara,https://www.imdb.com/title/tt0086232/?ref_=sr_t_118,1983,1h 51m,PG,4.9,2.1K
119. Strange Invaders,https://www.imdb.com/title/tt0086374/?ref_=sr_t_119,1983,1h 34m,PG,5.4,3.6K
120. Gabriela,https://www.imdb.com/title/tt0085575/?ref_=sr_t_120,1983,1h 39m,R,6.2,1.3K
121. Eddie Macon's Run,https://www.imdb.com/title/tt0085473/?ref_=sr_t_121,1983,1h 35m,PG,5.6,1.4K
122. The Lonely Lady,https://www.imdb.com/title/tt0085863/?ref_=sr_t_122,1983,1h 32m,R,3.1,1.3K
123. Of Unknown Origin,https://www.imdb.com/title/tt0086036/?ref_=sr_t_123,1983,1h 28m,R,6.1,4K
124. Getting It On,https://www.imdb.com/title/tt0085588/?ref_=sr_t_124,1983,1h 36m,R,3.7,361
125. Fire and Ice,https://www.imdb.com/title/tt0085542/?ref_=sr_t_125,1983,1h 21m,PG,6.5,13K
126. The Wicked Lady,https://www.imdb.com/title/tt0086582/?ref_=sr_t_126,1983,1h 38m,R,4.8,1.5K
127. The Pirates of Penzance,https://www.imdb.com/title/tt0086112/?ref_=sr_t_127,1983,1h 52m,G,7.1,4K
128. Daniel,https://www.imdb.com/title/tt0085398/?ref_=sr_t_128,1983,2h 10m,R,6.6,1.7K
129. Streamers,https://www.imdb.com/title/tt0086377/?ref_=sr_t_129,1983,1h 58m,R,6.5,2.2K
130. Nostalghia,https://www.imdb.com/title/tt0086022/?ref_=sr_t_130,1983,2h 5m,Not Rated,7.9,31K
131. Heart Like a Wheel,https://www.imdb.com/title/tt0085656/?ref_=sr_t_131,1983,1h 53m,PG,6.7,1.6K
132. Eureka,https://www.imdb.com/title/tt0083906/?ref_=sr_t_132,1983,2h 10m,R,5.9,3.9K
133. Slayground,https://www.imdb.com/title/tt0088135/?ref_=sr_t_133,1983,1h 29m,R,4.9,503
134. Sans Soleil,https://www.imdb.com/title/tt0084628/?ref_=sr_t_134,1983,1h 40m,Not Rated,7.7,12K
135. Rock & Rule,https://www.imdb.com/title/tt0086203/?ref_=sr_t_135,1983,1h 17m,PG,6.4,4.2K
136. El Norte,https://www.imdb.com/title/tt0085482/?ref_=sr_t_136,1983,2h 21m,R,7.7,5.8K
137. My Brother's Wedding,https://www.imdb.com/title/tt0087763/?ref_=sr_t_137,1983,1h 55m,Not Rated,7.1,1.1K
138. Summerspell,https://www.imdb.com/title/tt0086387/?ref_=sr_t_138,1983,1h 40m,Not Rated,5.1,122
139. Confidentially Yours,https://www.imdb.com/title/tt0086551/?ref_=sr_t_139,1983,1h 50m,PG,7.2,7.7K
140. Sleepaway Camp,https://www.imdb.com/title/tt0086320/?ref_=sr_t_140,1983,1h 24m,R,6.2,40K
141. BMX Bandits,https://www.imdb.com/title/tt0085204/?ref_=sr_t_141,1983,1h 28m,PG,5.5,6.3K
142. Angst,https://www.imdb.com/title/tt0165623/?ref_=sr_t_142,1983,1h 27m,Not Rated,7.2,14K
143. The Key,https://www.imdb.com/title/tt0085328/?ref_=sr_t_143,1983,1h 56m,R,5.4,3.4K
144. Nana,https://www.imdb.com/title/tt0084387/?ref_=sr_t_144,1983,1h 32m,R,4.5,761
145. Suburbia,https://www.imdb.com/title/tt0086589/?ref_=sr_t_145,1983,1h 34m,R,6.9,6.3K
146. Pauline at the Beach,https://www.imdb.com/title/tt0086087/?ref_=sr_t_146,1983,1h 35m,R,7.3,11K
147. Cries of Pleasure,https://www.imdb.com/title/tt0085582/?ref_=sr_t_147,1983,1h 26m,Not Rated,4.7,337
148. First Desires,https://www.imdb.com/title/tt0086136/?ref_=sr_t_148,1983,1h 33m,,4.5,1.3K
149. Human Animals,https://www.imdb.com/title/tt0083563/?ref_=sr_t_149,1983,1h 37m,Not Rated,5.1,360
150. Bush Christmas,https://www.imdb.com/title/tt0085282/?ref_=sr_t_150,1983,1h 31m,Not Rated,5.1,433
151. Go for It,https://www.imdb.com/title/tt0085601/?ref_=sr_t_151,1983,1h 47m,TV-PG,7.1,11K
152. American Taboo,https://www.imdb.com/title/tt0083547/?ref_=sr_t_152,1983,1h 34m,R,4.6,292
153. Hundra,https://www.imdb.com/title/tt0087436/?ref_=sr_t_153,1983,1h 30m,Not Rated,4.6,1.3K
154. Fanny Hill,https://www.imdb.com/title/tt0087237/?ref_=sr_t_154,1983,1h 38m,R,5.2,1.1K
155. One Deadly Summer,https://www.imdb.com/title/tt0086655/?ref_=sr_t_155,1983,2h 13m,R,7.2,5.6K
156. Curtains,https://www.imdb.com/title/tt0085385/?ref_=sr_t_156,1983,1h 29m,R,5.6,6.1K
157. Sweet Sixteen,https://www.imdb.com/title/tt0083146/?ref_=sr_t_157,1983,1h 30m,R,5.1,2.7K
158. Barefoot Gen,https://www.imdb.com/title/tt0085218/?ref_=sr_t_158,1983,1h 23m,TV-PG,8.0,9.6K
159. I Enjoy the World with You,https://www.imdb.com/title/tt0084620/?ref_=sr_t_159,1983,1h 22m,,7.6,1.6K
160. Project A,https://www.imdb.com/title/tt0085127/?ref_=sr_t_160,1983,1h 45m,PG-13,7.2,19K
161. Zappa,https://www.imdb.com/title/tt0088445/?ref_=sr_t_161,1983,1h 43m,Not Rated,7.3,3.1K
162. Mandi,https://www.imdb.com/title/tt0085896/?ref_=sr_t_162,1983,2h 47m,,7.5,990
163. Diamonds of Kilimandjaro,https://www.imdb.com/title/tt0086428/?ref_=sr_t_163,1983,1h 23m,Not Rated,3.7,865
164. The 4th Man,https://www.imdb.com/title/tt0086543/?ref_=sr_t_164,1983,1h 42m,Unrated,7.2,8.8K
165. Vacanze di Natale,https://www.imdb.com/title/tt0205493/?ref_=sr_t_165,1983,1h 37m,,6.1,1.7K
166. The Ship Sails On,https://www.imdb.com/title/tt0087188/?ref_=sr_t_166,1983,2h 8m,PG,7.5,7K
167. The Exterminators of the Year 3000,https://www.imdb.com/title/tt0085514/?ref_=sr_t_167,1983,1h 43m,R,5.1,1.4K
168. The Lift,https://www.imdb.com/title/tt0087622/?ref_=sr_t_168,1983,1h 35m,R,6.1,8.1K
169. The Third Prince,https://www.imdb.com/title/tt0227684/?ref_=sr_t_169,1983,1h 24m,,6.5,569
170. The First Turn-On!!,https://www.imdb.com/title/tt0085547/?ref_=sr_t_170,1983,1h 28m,R,4.3,970
171. El Sur,https://www.imdb.com/title/tt0084740/?ref_=sr_t_171,1983,1h 35m,Not Rated,7.8,6.6K
172. Dark Habits,https://www.imdb.com/title/tt0085496/?ref_=sr_t_172,1983,1h 54m,Not Rated,6.5,8.7K
173. Conquest,https://www.imdb.com/title/tt0085356/?ref_=sr_t_173,1983,1h 28m,R,5.2,3K
174. Eyes of Fire,https://www.imdb.com/title/tt0085515/?ref_=sr_t_174,1983,1h 26m,R,6.2,2.5K
175. Mausoleum,https://www.imdb.com/title/tt0085918/?ref_=sr_t_175,1983,1h 36m,R,5.1,3.3K
176. Adam and Eve,https://www.imdb.com/title/tt0083520/?ref_=sr_t_176,1983,1h 31m,TV-MA,4.3,433
177. The Prey,https://www.imdb.com/title/tt0086137/?ref_=sr_t_177,1983,1h 20m,R,4.4,2K
178. The Final Terror,https://www.imdb.com/title/tt0082379/?ref_=sr_t_178,1983,1h 24m,R,5.2,4K
179. Spasms,https://www.imdb.com/title/tt0086349/?ref_=sr_t_179,1983,1h 30m,R,4.4,1.4K
180. L'Argent,https://www.imdb.com/title/tt0085180/?ref_=sr_t_180,1983,1h 25m,Not Rated,7.4,12K
181. First Name: Carmen,https://www.imdb.com/title/tt0086153/?ref_=sr_t_181,1983,1h 25m,R,6.3,4.7K
182. The Ballad of Narayama,https://www.imdb.com/title/tt0084390/?ref_=sr_t_182,1983,2h 10m,Not Rated,7.8,9.4K
183. Cross Creek,https://www.imdb.com/title/tt0085380/?ref_=sr_t_183,1983,2h 7m,PG,6.9,2.2K
184. Variety,https://www.imdb.com/title/tt0090251/?ref_=sr_t_184,1983,1h 40m,Not Rated,6.1,1.4K
185. Salt & Gold,https://www.imdb.com/title/tt0171765/?ref_=sr_t_185,1983,1h 40m,,6.8,490
186. The Jigsaw Man,https://www.imdb.com/title/tt0085755/?ref_=sr_t_186,1983,1h 34m,PG,5.1,2.2K
187. Night of Open Sex,https://www.imdb.com/title/tt0086020/?ref_=sr_t_187,1983,1h 34m,Not Rated,4.8,225
188. 2020 Texas Gladiators,https://www.imdb.com/title/tt0083565/?ref_=sr_t_188,1983,1h 31m,Not Rated,4.5,868
189. All in Good Taste,https://www.imdb.com/title/tt0128037/?ref_=sr_t_189,1983,1h 25m,,2.8,534
190. Macumba Sexual,https://www.imdb.com/title/tt0085883/?ref_=sr_t_190,1983,1h 20m,Unrated,4.8,806
191. Black Venus,https://www.imdb.com/title/tt0085249/?ref_=sr_t_191,1983,1h 20m,R,4.5,539
192. The Story of Piera,https://www.imdb.com/title/tt0086372/?ref_=sr_t_192,1983,1h 45m,,6.1,884
193. Cecilia,https://www.imdb.com/title/tt0212049/?ref_=sr_t_193,1983,1h 37m,Not Rated,4.3,561
194. Warriors of the Wasteland,https://www.imdb.com/title/tt0084424/?ref_=sr_t_194,1983,1h 31m,R,4.6,3.2K
195. Dagger Eyes,https://www.imdb.com/title/tt0085983/?ref_=sr_t_195,1983,1h 24m,,5.6,385
196. Extra Terrestrial Visitors,https://www.imdb.com/title/tt0086026/?ref_=sr_t_196,1983,1h 24m,,2.1,4.8K
197. Beauty and the Beast,https://www.imdb.com/title/tt0086318/?ref_=sr_t_197,1983,1h 27m,,7.0,646
198. Let's Do It!,https://www.imdb.com/title/tt0084241/?ref_=sr_t_198,1983,1h 22m,R,4.5,190
199. To Our Loves,https://www.imdb.com/title/tt0086650/?ref_=sr_t_199,1983,1h 39m,R,7.1,7.4K
200. 2019: After the Fall of New York,https://www.imdb.com/title/tt0085125/?ref_=sr_t_200,1983,1h 36m,R,5.5,3.4K
201. The Seven Magnificent Gladiators,https://www.imdb.com/title/tt0086289/?ref_=sr_t_201,1983,1h 23m,PG,3.7,613
202. Danton,https://www.imdb.com/title/tt0083789/?ref_=sr_t_202,1983,2h 16m,PG,7.4,7.9K
203. Prisoners of the Lost Universe,https://www.imdb.com/title/tt0086141/?ref_=sr_t_203,1983,1h 34m,,3.8,2.1K
204. The Return of Captain Invincible,https://www.imdb.com/title/tt0086189/?ref_=sr_t_204,1983,1h 30m,PG,5.6,1.1K
205. A Summer in Saint Tropez,https://www.imdb.com/title/tt0088202/?ref_=sr_t_205,1983,59m,,5.1,578
206. Stuck on You!,https://www.imdb.com/title/tt0088199/?ref_=sr_t_206,1983,1h 28m,R,4.1,690
207. La casa de las mujeres perdidas,https://www.imdb.com/title/tt0085305/?ref_=sr_t_207,1983,1h 30m,,4.7,287
208. Frightmare,https://www.imdb.com/title/tt0083973/?ref_=sr_t_208,1983,1h 26m,R,4.6,1.9K
209. Deadly Circuit,https://www.imdb.com/title/tt0084358/?ref_=sr_t_209,1983,2h,,6.9,3K
210. Going Berserk,https://www.imdb.com/title/tt0085603/?ref_=sr_t_210,1983,1h 25m,R,5.1,2.1K
211. House of the Long Shadows,https://www.imdb.com/title/tt0085693/?ref_=sr_t_211,1983,1h 40m,PG,6.2,4.9K
212. Mountaintop Motel Massacre,https://www.imdb.com/title/tt0091560/?ref_=sr_t_212,1983,1h 35m,R,4.6,1.9K
213. Hearts and Armour,https://www.imdb.com/title/tt0086074/?ref_=sr_t_213,1983,1h 38m,R,5.6,757
214. The Deadly Spawn,https://www.imdb.com/title/tt0087998/?ref_=sr_t_214,1983,1h 21m,R,5.9,5.5K
215. Women's Prison Massacre,https://www.imdb.com/title/tt0085250/?ref_=sr_t_215,1983,1h 29m,Not Rated,4.6,1.3K
216. Independence Day,https://www.imdb.com/title/tt0085724/?ref_=sr_t_216,1983,1h 50m,R,6.5,589
217. Boggy Creek II: And the Legend Continues,https://www.imdb.com/title/tt0088772/?ref_=sr_t_217,1983,1h 31m,PG,2.5,3.8K
218. Winners & Sinners,https://www.imdb.com/title/tt0086605/?ref_=sr_t_218,1983,1h 48m,PG-13,6.6,5.9K
219. G,https://www.imdb.com/title/tt0085574/?ref_=sr_t_219,1983,1h 49m,,5.3,1.6K
220. A Blade in the Dark,https://www.imdb.com/title/tt0085303/?ref_=sr_t_220,1983,1h 48m,Unrated,5.9,4.2K
221. Escape from the Bronx,https://www.imdb.com/title/tt0089104/?ref_=sr_t_221,1983,1h 29m,R,4.7,3.2K
222. O Início do Sexo,https://www.imdb.com/title/tt0493730/?ref_=sr_t_222,1983,1h 20m,X,4.9,49
223. Better Late Than Never,https://www.imdb.com/title/tt0083647/?ref_=sr_t_223,1983,1h 29m,PG,5.5,188
224. Ardh Satya,https://www.imdb.com/title/tt0085178/?ref_=sr_t_224,1983,2h 10m,,8.1,2.1K
225. Jaane Bhi Do Yaaro,https://www.imdb.com/title/tt0085743/?ref_=sr_t_225,1983,2h 12m,Not Rated,8.3,15K
226. Unico in the Island of Magic,https://www.imdb.com/title/tt0086515/?ref_=sr_t_226,1983,1h 31m,PG,7.6,612
227. The Moon in the Gutter,https://www.imdb.com/title/tt0085878/?ref_=sr_t_227,1983,2h 17m,R,5.9,1.6K
228. Endgame - Bronx lotta finale,https://www.imdb.com/title/tt0089091/?ref_=sr_t_228,1983,1h 38m,TV-14,5.2,1.5K
229. Thor the Conqueror,https://www.imdb.com/title/tt0200211/?ref_=sr_t_229,1983,1h 31m,R,3.2,479
230. Space Raiders,https://www.imdb.com/title/tt0086345/?ref_=sr_t_230,1983,1h 24m,PG,4.5,1.7K
"231. Reuben, Reuben",https://www.imdb.com/title/tt0084591/?ref_=sr_t_231,1983,1h 41m,R,6.8,1.4K
232. The Blade Master,https://www.imdb.com/title/tt0086972/?ref_=sr_t_232,1983,1h 32m,PG,2.3,3.9K
233. Rocking Silver,https://www.imdb.com/title/tt0086204/?ref_=sr_t_233,1983,1h 34m,,6.1,116
234. Antarctica,https://www.imdb.com/title/tt0085991/?ref_=sr_t_234,1983,2h 23m,G,7.6,1.8K
235. Six Swedish Girls in the Alps,https://www.imdb.com/title/tt0086267/?ref_=sr_t_235,1983,1h 30m,,4.5,291
236. Carmen,https://www.imdb.com/title/tt0085297/?ref_=sr_t_236,1983,1h 42m,R,7.4,3.7K
237. Wavelength,https://www.imdb.com/title/tt0086571/?ref_=sr_t_237,1983,1h 27m,PG,5.6,964
238. Olivia,https://www.imdb.com/title/tt0082841/?ref_=sr_t_238,1983,1h 25m,Not Rated,5.2,937
239. Angel of H.E.A.T.,https://www.imdb.com/title/tt0085167/?ref_=sr_t_239,1983,1h 33m,R,4.0,522
"240. Another Time, Another Place",https://www.imdb.com/title/tt0036606/?ref_=sr_t_240,1983,1h 58m,R,6.4,366
241. Legend of the Eight Samurai,https://www.imdb.com/title/tt0086244/?ref_=sr_t_241,1983,2h 13m,,6.4,1.4K
242. Imps*,https://www.imdb.com/title/tt1330618/?ref_=sr_t_242,1983,1h 20m,Not Rated,3.9,304
243. Hot Panties,https://www.imdb.com/title/tt0082102/?ref_=sr_t_243,1983,1h 20m,,4.0,92
244. Beauty in Rope Hell,https://www.imdb.com/title/tt0285498/?ref_=sr_t_244,1983,1h 17m,,5.7,148
245. Golgo 13: The Professional,https://www.imdb.com/title/tt0086148/?ref_=sr_t_245,1983,1h 31m,Not Rated,6.8,3.5K
246. The Wolf,https://www.imdb.com/title/tt0086585/?ref_=sr_t_246,1983,1h 43m,TV-MA,5.9,760
247. Treasure of the Four Crowns,https://www.imdb.com/title/tt0084781/?ref_=sr_t_247,1983,1h 37m,PG,4.2,793
248. Glykia symmoria,https://www.imdb.com/title/tt0085599/?ref_=sr_t_248,1983,2h 34m,,7.4,1.8K
249. Arohan,https://www.imdb.com/title/tt0083575/?ref_=sr_t_249,1983,2h 24m,Not Rated,7.6,88
250. Warrior of the Lost World,https://www.imdb.com/title/tt0088380/?ref_=sr_t_250,1983,1h 32m,R,2.7,2.9K
251. The ComDads,https://www.imdb.com/title/tt0085354/?ref_=sr_t_251,1983,1h 32m,PG,6.9,7K
252. Crime and Punishment,https://www.imdb.com/title/tt0086199/?ref_=sr_t_252,1983,1h 33m,Not Rated,7.0,3.3K
253. The Throne of Fire,https://www.imdb.com/title/tt0090166/?ref_=sr_t_253,1983,1h 29m,,3.5,487
"254. Hong Kong, Hong Kong",https://www.imdb.com/title/tt0125784/?ref_=sr_t_254,1983,1h 23m,,6.7,197
255. Balkan ekspres,https://www.imdb.com/title/tt0085215/?ref_=sr_t_255,1983,1h 42m,,7.8,2.9K
256. The Inheritors,https://www.imdb.com/title/tt0083894/?ref_=sr_t_256,1983,1h 30m,TV-MA,6.6,291
257. Joy,https://www.imdb.com/title/tt0085763/?ref_=sr_t_257,1983,1h 42m,R,5.0,288
258. The Wounded Man,https://www.imdb.com/title/tt0084085/?ref_=sr_t_258,1983,1h 49m,Unrated,6.6,1.4K
259. Beauty Rope Cosmetology,https://www.imdb.com/title/tt0285497/?ref_=sr_t_259,1983,1h 9m,,6.1,65
260. Betrayal,https://www.imdb.com/title/tt0085234/?ref_=sr_t_260,1983,1h 35m,R,6.9,1.8K
261. Covergirl,https://www.imdb.com/title/tt0085371/?ref_=sr_t_261,1983,1h 33m,R,4.6,142
262. Twice Upon a Time,https://www.imdb.com/title/tt0086489/?ref_=sr_t_262,1983,1h 14m,PG,6.9,1.3K
263. Scalps,https://www.imdb.com/title/tt0086248/?ref_=sr_t_263,1983,1h 22m,R,3.9,1.6K
264. Born in Flames,https://www.imdb.com/title/tt0085267/?ref_=sr_t_264,1983,1h 19m,Not Rated,6.5,2.2K
265. Andhaa Kaanoon,https://www.imdb.com/title/tt0085165/?ref_=sr_t_265,1983,2h 35m,,6.2,860
266. Le battant,https://www.imdb.com/title/tt0083625/?ref_=sr_t_266,1983,2h 1m,,6.3,1.5K
267. Of the Flesh,https://www.imdb.com/title/tt0312863/?ref_=sr_t_267,1983,2h 3m,TV-MA,7.1,467
268. Le ruffian,https://www.imdb.com/title/tt0086214/?ref_=sr_t_268,1983,1h 48m,,6.0,921
"269. Somewhere, Tomorrow",https://www.imdb.com/title/tt0086337/?ref_=sr_t_269,1983,1h 31m,PG,5.9,696
270. Als je begrijpt wat ik bedoel,https://www.imdb.com/title/tt0188404/?ref_=sr_t_270,1983,1h 24m,,7.4,1.7K
271. Deep in the Heart,https://www.imdb.com/title/tt0085418/?ref_=sr_t_271,1983,1h 41m,R,6.4,497
272. Young Warriors,https://www.imdb.com/title/tt0086625/?ref_=sr_t_272,1983,1h 45m,R,4.6,622
273. Rembetiko,https://www.imdb.com/title/tt0086182/?ref_=sr_t_273,1983,1h 50m,,8.1,3.2K
274. Baby Love,https://www.imdb.com/title/tt0086926/?ref_=sr_t_274,1983,1h 25m,R,5.4,1.2K
275. The Beautiful Prisoner,https://www.imdb.com/title/tt0085226/?ref_=sr_t_275,1983,1h 28m,Not Rated,6.3,1.5K
276. Island Fury,https://www.imdb.com/title/tt0086119/?ref_=sr_t_276,1983,1h 28m,Unrated,3.8,249
277. The Boxer's Omen,https://www.imdb.com/title/tt0085951/?ref_=sr_t_277,1983,1h 39m,Not Rated,7.0,2.1K
278. Art of Love,https://www.imdb.com/title/tt0085182/?ref_=sr_t_278,1983,1h 32m,,4.4,326
279. Land of Plenty,https://www.imdb.com/title/tt0126286/?ref_=sr_t_279,1983,1h 46m,,6.6,92
280. Bullshot Crummond,https://www.imdb.com/title/tt0085279/?ref_=sr_t_280,1983,1h 35m,PG,5.9,734
281. Erotic Images,https://www.imdb.com/title/tt0089098/?ref_=sr_t_281,1983,1h 33m,R,5.6,86
282. The Last Battle,https://www.imdb.com/title/tt0085426/?ref_=sr_t_282,1983,1h 32m,R,6.7,6.7K
283. Surf II,https://www.imdb.com/title/tt0088207/?ref_=sr_t_283,1983,1h 26m,R,5.3,1.2K
284. Siege,https://www.imdb.com/title/tt0086276/?ref_=sr_t_284,1983,1h 24m,R,6.6,1.4K
285. The Last Affair,https://www.imdb.com/title/tt0085697/?ref_=sr_t_285,1983,1h 29m,,5.7,94
286. Skullduggery,https://www.imdb.com/title/tt0079915/?ref_=sr_t_286,1983,1h 35m,R,2.6,453
287. Order of Death,https://www.imdb.com/title/tt0085366/?ref_=sr_t_287,1983,1h 53m,R,5.5,1.2K
288. Ironmaster,https://www.imdb.com/title/tt0084036/?ref_=sr_t_288,1983,1h 38m,,4.6,1.1K
289. Topsy Turvy,https://www.imdb.com/title/tt0086498/?ref_=sr_t_289,1983,1h 32m,,5.1,253
290. Zu: Warriors from the Magic Mountain,https://www.imdb.com/title/tt0086308/?ref_=sr_t_290,1983,1h 38m,Unrated,6.6,3.2K
291. Atlantis Interceptors,https://www.imdb.com/title/tt0086135/?ref_=sr_t_291,1983,1h 38m,Unrated,4.8,2.4K
292. The Devonsville Terror,https://www.imdb.com/title/tt0085434/?ref_=sr_t_292,1983,1h 22m,Not Rated,4.9,1.5K
293. Ek Jaan Hain Hum,https://www.imdb.com/title/tt0379272/?ref_=sr_t_293,1983,2h 31m,Not Rated,5.5,113
294. Savage Attraction,https://www.imdb.com/title/tt0085689/?ref_=sr_t_294,1983,1h 33m,R,5.4,405
295. Keep Waiting for Me,https://www.imdb.com/title/tt0189506/?ref_=sr_t_295,1983,1h 30m,TV-MA,6.3,106
296. State buoni se potete,https://www.imdb.com/title/tt0086358/?ref_=sr_t_296,1983,1h 55m,,8.0,1.5K
297. The Alchemist,https://www.imdb.com/title/tt0088691/?ref_=sr_t_297,1983,1h 18m,R,3.8,688
298. Gramps Is in the Resistance,https://www.imdb.com/title/tt0086079/?ref_=sr_t_298,1983,1h 42m,,6.7,3.5K
299. The Girl and the Rapist,https://www.imdb.com/title/tt0279223/?ref_=sr_t_299,1983,1h 18m,,4.4,163
"300. Blue Mountains, or Unbelievable Story",https://www.imdb.com/title/tt0087349/?ref_=sr_t_300,1983,1h 37m,,8.6,2.4K
301. American Nightmare,https://www.imdb.com/title/tt0085156/?ref_=sr_t_301,1983,1h 28m,R,5.2,593
302. Colegialas lesbianas y el placer de pervertir,https://www.imdb.com/title/tt0083742/?ref_=sr_t_302,1983,1h 16m,,5.3,79
303. Avtaar,https://www.imdb.com/title/tt0233264/?ref_=sr_t_303,1983,2h 30m,Not Rated,7.3,770
304. The Girl Who Leapt Through Time,https://www.imdb.com/title/tt0086456/?ref_=sr_t_304,1983,1h 44m,,6.5,1K
305. Rio Babilonia,https://www.imdb.com/title/tt0143837/?ref_=sr_t_305,1983,1h 55m,,5.4,368
306. Woh 7 Din,https://www.imdb.com/title/tt0086597/?ref_=sr_t_306,1983,2h 19m,,7.5,1.3K
307. A Brutal Game,https://www.imdb.com/title/tt0086505/?ref_=sr_t_307,1983,1h 30m,Not Rated,6.8,681
308. Acqua e sapone,https://www.imdb.com/title/tt0086850/?ref_=sr_t_308,1983,1h 49m,PG,6.6,1.9K
309. Treasures of the Snow,https://www.imdb.com/title/tt0129454/?ref_=sr_t_309,1983,1h 48m,,6.8,286
310. The Wall,https://www.imdb.com/title/tt0090982/?ref_=sr_t_310,1983,1h 57m,Not Rated,7.9,4.5K
311. Masoom,https://www.imdb.com/title/tt0085913/?ref_=sr_t_311,1983,2h 45m,Not Rated,8.4,4.5K
312. Bill Cosby: Himself,https://www.imdb.com/title/tt0083652/?ref_=sr_t_312,1983,1h 45m,PG,8.1,3.7K
"313. Botas negras, látigo de cuero",https://www.imdb.com/title/tt0085270/?ref_=sr_t_313,1983,1h 29m,,4.9,184
314. A Woman in Flames,https://www.imdb.com/title/tt0083949/?ref_=sr_t_314,1983,1h 46m,Not Rated,5.9,653
315. Revenge of the Dead,https://www.imdb.com/title/tt0086636/?ref_=sr_t_315,1983,1h 29m,R,6.1,2.5K
316. Village of Doom,https://www.imdb.com/title/tt0229820/?ref_=sr_t_316,1983,1h 55m,,6.6,215
317. Spring Symphony,https://www.imdb.com/title/tt0085568/?ref_=sr_t_317,1983,1h 43m,PG-13,6.1,378
318. Triumphs of a Man Called Horse,https://www.imdb.com/title/tt0084826/?ref_=sr_t_318,1983,1h 26m,PG,5.3,728
319. Thunder,https://www.imdb.com/title/tt0086434/?ref_=sr_t_319,1983,1h 26m,R,5.3,644
"320. So Long, Stooge",https://www.imdb.com/title/tt0086420/?ref_=sr_t_320,1983,1h 40m,,7.3,3.3K
321. Osowareru onna kyôshi,https://www.imdb.com/title/tt0226270/?ref_=sr_t_321,1983,1h 8m,,5.5,36
322. Cracking Up,https://www.imdb.com/title/tt0085375/?ref_=sr_t_322,1983,1h 29m,PG,5.7,1.1K
323. Foxfire Light,https://www.imdb.com/title/tt0083965/?ref_=sr_t_323,1983,1h 42m,PG,4.7,338
324. Thieves and Robbers,https://www.imdb.com/title/tt0083715/?ref_=sr_t_324,1983,1h 41m,,5.6,2.3K
325. Qayamat,https://www.imdb.com/title/tt0366928/?ref_=sr_t_325,1983,2h 19m,,6.1,89
326. The Boys from Fengkuei,https://www.imdb.com/title/tt0085533/?ref_=sr_t_326,1983,1h 39m,,7.3,2K
327. Farewell,https://www.imdb.com/title/tt0086149/?ref_=sr_t_327,1983,2h 1m,,7.5,795
328. Fantasy Mission Force,https://www.imdb.com/title/tt0079509/?ref_=sr_t_328,1983,1h 30m,R,4.5,2.1K
329. Hero,https://www.imdb.com/title/tt0123102/?ref_=sr_t_329,1983,2h 53m,Not Rated,6.7,989
330. El pico,https://www.imdb.com/title/tt0086104/?ref_=sr_t_330,1983,1h 50m,,6.8,1.2K
331. Lesbians in Uniforms,https://www.imdb.com/title/tt0227464/?ref_=sr_t_331,1983,1h 9m,,5.0,172
332. Nyi Ageng Ratu Pemikat,https://www.imdb.com/title/tt8635166/?ref_=sr_t_332,1983,1h 23m,,7.8,164
333. Le Bal,https://www.imdb.com/title/tt0085213/?ref_=sr_t_333,1983,1h 49m,,7.6,3.1K
334. Lady Tarzan,https://www.imdb.com/title/tt0320573/?ref_=sr_t_334,1983,2h 3m,Not Rated,6.3,38
335. A Caribbean Mystery,https://www.imdb.com/title/tt0085296/?ref_=sr_t_335,1983,1h 32m,Not Rated,6.3,864
336. Hells Angels Forever,https://www.imdb.com/title/tt0085665/?ref_=sr_t_336,1983,1h 33m,R,6.2,240
337. Manju,https://www.imdb.com/title/tt0246771/?ref_=sr_t_337,1983,,,6.5,8
338. Otto er et næsehorn,https://www.imdb.com/title/tt0086064/?ref_=sr_t_338,1983,1h 30m,,6.1,522
339. Sugar Pie Lady,https://www.imdb.com/title/tt0494823/?ref_=sr_t_339,1983,1h 30m,,7.9,7K
340. Betaab,https://www.imdb.com/title/tt0254179/?ref_=sr_t_340,1983,2h 42m,,6.5,710
341. Daliás idök,https://www.imdb.com/title/tt0847478/?ref_=sr_t_341,1983,1h 24m,,7.3,294
342. Party Party,https://www.imdb.com/title/tt0086081/?ref_=sr_t_342,1983,1h 40m,,6.5,473
343. In the White City,https://www.imdb.com/title/tt0085400/?ref_=sr_t_343,1983,1h 48m,,7.3,1.5K
344. The Demons of Ludlow,https://www.imdb.com/title/tt0223128/?ref_=sr_t_344,1983,1h 32m,Unrated,3.8,966
345. Dogs of Hell,https://www.imdb.com/title/tt0131359/?ref_=sr_t_345,1983,1h 29m,R,4.1,411
346. New Wave,https://www.imdb.com/title/tt0254625/?ref_=sr_t_346,1983,1h 42m,,5.0,171
347. Shaolin and Wu Tang,https://www.imdb.com/title/tt0083062/?ref_=sr_t_347,1983,1h 27m,Unrated,7.1,1.1K
348. A Season in Hakkari,https://www.imdb.com/title/tt0084045/?ref_=sr_t_348,1983,1h 50m,,7.4,1.4K
349. Stacy's Knights,https://www.imdb.com/title/tt0084723/?ref_=sr_t_349,1983,1h 40m,PG,4.6,538
350. The Story of the Voyages,https://www.imdb.com/title/tt0141830/?ref_=sr_t_350,1983,1h 41m,,7.8,1.1K
351. Time for Loving,https://www.imdb.com/title/tt0086240/?ref_=sr_t_351,1983,1h 34m,,6.1,1.2K
352. Utu,https://www.imdb.com/title/tt0086497/?ref_=sr_t_352,1983,1h 44m,R,6.9,1.4K
353. Panic Beats,https://www.imdb.com/title/tt0085824/?ref_=sr_t_353,1983,1h 34m,,5.7,738
354. Fearless Hyena 2,https://www.imdb.com/title/tt0085864/?ref_=sr_t_354,1983,1h 34m,Not Rated,5.0,2K
355. A Railway Station for Two,https://www.imdb.com/title/tt0084873/?ref_=sr_t_355,1983,2h 21m,,7.8,3.8K
356. Pornographic Ukiyo-e,https://www.imdb.com/title/tt0287702/?ref_=sr_t_356,1983,1h 13m,,7.5,20
"357. That Day, on the Beach",https://www.imdb.com/title/tt0085635/?ref_=sr_t_357,1983,2h 46m,Not Rated,7.6,1.6K
358. Blödaren,https://www.imdb.com/title/tt0302356/?ref_=sr_t_358,1983,1h 18m,,2.7,230
359. Seeding of a Ghost,https://www.imdb.com/title/tt0086640/?ref_=sr_t_359,1983,1h 28m,,6.5,1.1K
360. Segni particolari: bellissimo,https://www.imdb.com/title/tt0086274/?ref_=sr_t_360,1983,1h 35m,,6.0,1.1K
361. Éducation anglaise,https://www.imdb.com/title/tt0084961/?ref_=sr_t_361,1983,1h 30m,,4.6,240
362. Holy Flame of the Martial World,https://www.imdb.com/title/tt0086607/?ref_=sr_t_362,1983,1h 25m,,6.8,519
363. Sexo Animal,https://www.imdb.com/title/tt0329586/?ref_=sr_t_363,1983,1h 45m,,7.7,15
364. Urusei Yatsura: Only You,https://www.imdb.com/title/tt0086520/?ref_=sr_t_364,1983,1h 41m,,6.6,826
365. Budak Nafsu,https://www.imdb.com/title/tt1037706/?ref_=sr_t_365,1983,1h 34m,,7.8,338
366. Femmes,https://www.imdb.com/title/tt0084365/?ref_=sr_t_366,1983,1h 26m,,4.3,191
367. The Makioka Sisters,https://www.imdb.com/title/tt0086242/?ref_=sr_t_367,1983,2h 20m,Not Rated,7.2,1.8K
368. Forbidden Relations,https://www.imdb.com/title/tt0084871/?ref_=sr_t_368,1983,1h 32m,R,6.2,184
369. Violentadores de Meninas Virgens,https://www.imdb.com/title/tt0442555/?ref_=sr_t_369,1983,1h 22m,,4.4,115
370. Daffy Duck's Movie: Fantastic Island,https://www.imdb.com/title/tt0085390/?ref_=sr_t_370,1983,1h 18m,G,7.0,2.2K
371. Code of Hunting,https://www.imdb.com/title/tt0085368/?ref_=sr_t_371,1983,1h 49m,,6.3,478
372. Kamp Tawanan Wanita,https://www.imdb.com/title/tt0122309/?ref_=sr_t_372,1983,1h 36m,,4.7,51
373. Rang Birangi,https://www.imdb.com/title/tt0086170/?ref_=sr_t_373,1983,3h,,7.2,635
374. Screamtime,https://www.imdb.com/title/tt0086263/?ref_=sr_t_374,1983,1h 29m,R,4.9,1.1K
375. Brussels by Night,https://www.imdb.com/title/tt0088861/?ref_=sr_t_375,1983,1h 27m,,6.5,801
376. Katha,https://www.imdb.com/title/tt0085776/?ref_=sr_t_376,1983,2h 21m,,7.7,1.4K
377. Bastard Swordsman,https://www.imdb.com/title/tt0078393/?ref_=sr_t_377,1983,1h 29m,,7.1,463
378. Duel to the Death,https://www.imdb.com/title/tt0084924/?ref_=sr_t_378,1983,1h 26m,R,7.2,2.5K
379. Can She Bake a Cherry Pie?,https://www.imdb.com/title/tt0085287/?ref_=sr_t_379,1983,1h 30m,R,5.5,408
380. Za humny je drak,https://www.imdb.com/title/tt0086627/?ref_=sr_t_380,1983,1h 31m,,5.8,134
381. El currante,https://www.imdb.com/title/tt0085383/?ref_=sr_t_381,1983,1h 30m,,4.4,220
382. Razia Sultan,https://www.imdb.com/title/tt0152148/?ref_=sr_t_382,1983,2h 56m,,6.2,242
383. Sheer Madness,https://www.imdb.com/title/tt0085666/?ref_=sr_t_383,1983,1h 45m,Not Rated,6.6,314
384. Debauchery,https://www.imdb.com/title/tt0286932/?ref_=sr_t_384,1983,1h 10m,Not Rated,5.4,184
"385. Idi mi, dodji mi",https://www.imdb.com/title/tt0085712/?ref_=sr_t_385,1983,1h 32m,,7.2,1.3K
386. She Cat,https://www.imdb.com/title/tt0226135/?ref_=sr_t_386,1983,1h 26m,,4.5,177
387. Erendira,https://www.imdb.com/title/tt0085501/?ref_=sr_t_387,1983,1h 43m,,6.7,700
388. Heartbreaker,https://www.imdb.com/title/tt0085659/?ref_=sr_t_388,1983,1h 30m,R,4.2,137
389. The Challenge of the Lady Ninja,https://www.imdb.com/title/tt0165136/?ref_=sr_t_389,1983,1h 32m,,5.7,183
390. The Funny Farm,https://www.imdb.com/title/tt0083978/?ref_=sr_t_390,1983,1h 34m,R,4.8,150
391. Children of Darkness,https://www.imdb.com/title/tt0085329/?ref_=sr_t_391,1983,57m,,7.9,454
392. The Last Tiger,https://www.imdb.com/title/tt3499052/?ref_=sr_t_392,1983,1h 25m,,,
393. The Beast and the Magic Sword,https://www.imdb.com/title/tt0085233/?ref_=sr_t_393,1983,2h,Not Rated,5.8,447
394. Coolie,https://www.imdb.com/title/tt0085361/?ref_=sr_t_394,1983,2h 57m,Not Rated,6.6,2.7K
395. Peccati a Venezia,https://www.imdb.com/title/tt0131524/?ref_=sr_t_395,1983,1h 30m,,4.0,58
396. Dirndljagd am Kilimandscharo,https://www.imdb.com/title/tt0085441/?ref_=sr_t_396,1983,1h 25m,,2.7,263
397. Sadma,https://www.imdb.com/title/tt0086230/?ref_=sr_t_397,1983,2h 21m,,8.3,3.6K
398. The Wild Duck,https://www.imdb.com/title/tt0086586/?ref_=sr_t_398,1983,1h 35m,PG,5.9,290
399. Film Hi Film,https://www.imdb.com/title/tt0361617/?ref_=sr_t_399,1983,2h 13m,,6.0,37
400. Thoongathey Tambi Thoongathey,https://www.imdb.com/title/tt0322816/?ref_=sr_t_400,1983,2h 17m,,6.5,147
401. Long Da Lishkara,https://www.imdb.com/title/tt0308513/?ref_=sr_t_401,1983,2h 23m,,8.6,94
402. Burroughs: The Movie,https://www.imdb.com/title/tt3581384/?ref_=sr_t_402,1983,1h 30m,Not Rated,7.0,838
403. Ken Arok - Ken Dedes,https://www.imdb.com/title/tt1729204/?ref_=sr_t_403,1983,1h 47m,,7.8,286
404. I Am the Cheese,https://www.imdb.com/title/tt0085706/?ref_=sr_t_404,1983,1h 40m,PG,5.8,328
405. Now and Forever,https://www.imdb.com/title/tt0086024/?ref_=sr_t_405,1983,1h 29m,R,4.8,177
406. Revenge in the House of Usher,https://www.imdb.com/title/tt0084592/?ref_=sr_t_406,1983,1h 33m,Not Rated,3.4,592
407. Shaolin vs. Lama,https://www.imdb.com/title/tt0086304/?ref_=sr_t_407,1983,1h 28m,,7.0,756
408. Moon Madness,https://www.imdb.com/title/tt0184748/?ref_=sr_t_408,1983,1h 22m,,5.7,132
409. Remedy,https://www.imdb.com/title/tt0353347/?ref_=sr_t_409,1983,1h 28m,,7.2,875
410. Gecenin Sonu,https://www.imdb.com/title/tt2177559/?ref_=sr_t_410,1983,1h 33m,,5.4,93
411. Life Is a Bed of Roses,https://www.imdb.com/title/tt0086542/?ref_=sr_t_411,1983,1h 50m,PG,6.2,1.3K
412. Midnite Spares,https://www.imdb.com/title/tt0085939/?ref_=sr_t_412,1983,1h 27m,,5.1,297
413. El día del compadre,https://www.imdb.com/title/tt0338945/?ref_=sr_t_413,1983,1h 45m,,5.9,60
414. The Last Blood,https://www.imdb.com/title/tt0086459/?ref_=sr_t_414,1983,1h 30m,TV-14,5.3,323
415. Last Plane Out,https://www.imdb.com/title/tt0085823/?ref_=sr_t_415,1983,1h 32m,PG,4.4,202
416. The Ploughman's Lunch,https://www.imdb.com/title/tt0086122/?ref_=sr_t_416,1983,1h 47m,R,6.2,525
417. Günesin Tutuldugu Gün,https://www.imdb.com/title/tt0494956/?ref_=sr_t_417,1983,1h 36m,,5.6,94
418. All the Wrong Spies,https://www.imdb.com/title/tt0086594/?ref_=sr_t_418,1983,1h 42m,,6.5,199
419. Carne de tu carne,https://www.imdb.com/title/tt0085299/?ref_=sr_t_419,1983,1h 34m,,6.3,335
420. Munthanai Mudichu,https://www.imdb.com/title/tt0155891/?ref_=sr_t_420,1983,2h 30m,,7.4,265
421. Maga Maharaju,https://www.imdb.com/title/tt0246053/?ref_=sr_t_421,1983,,,6.7,43
422. Pallavi Anu Pallavi,https://www.imdb.com/title/tt0086075/?ref_=sr_t_422,1983,,,7.4,291
423. God's Crooked Lines,https://www.imdb.com/title/tt0224005/?ref_=sr_t_423,1983,1h 43m,,5.3,138
424. Un povero ricco,https://www.imdb.com/title/tt0189021/?ref_=sr_t_424,1983,1h 32m,,6.1,737
425. Conrad: The Factory-Made Boy,https://www.imdb.com/title/tt0084220/?ref_=sr_t_425,1983,1h 20m,,7.3,75
426. Doctor Yes: The Hyannis Affair,https://www.imdb.com/title/tt0183007/?ref_=sr_t_426,1983,1h 45m,,5.2,77
427. Le Marginal,https://www.imdb.com/title/tt0085900/?ref_=sr_t_427,1983,1h 43m,Not Rated,6.4,3.6K
428. Igmanski mars,https://www.imdb.com/title/tt0085713/?ref_=sr_t_428,1983,1h 37m,,6.7,497
429. Snezenky a machri,https://www.imdb.com/title/tt0175184/?ref_=sr_t_429,1983,1h 22m,,7.2,629
430. The Street Player,https://www.imdb.com/title/tt0327835/?ref_=sr_t_430,1983,2h 28m,,7.6,1.8K
431. Pink Curtain 3,https://www.imdb.com/title/tt0227270/?ref_=sr_t_431,1983,1h 12m,,6.5,30
432. The Lady Is the Boss,https://www.imdb.com/title/tt0085321/?ref_=sr_t_432,1983,1h 26m,,6.3,168
433. Kirot,https://www.imdb.com/title/tt0442291/?ref_=sr_t_433,1983,,,4.0,13
434. Mahaan,https://www.imdb.com/title/tt0085886/?ref_=sr_t_434,1983,3h 1m,,6.0,542
435. Pukar,https://www.imdb.com/title/tt0086156/?ref_=sr_t_435,1983,2h 41m,Not Rated,5.8,388
436. Putt Jattan De,https://www.imdb.com/title/tt0302952/?ref_=sr_t_436,1983,2h 3m,,8.0,87
437. The Fashioned in Saint-Tropez,https://www.imdb.com/title/tt0085272/?ref_=sr_t_437,1983,1h 25m,,3.9,354
438. Crusher Joe: The Movie,https://www.imdb.com/title/tt0158568/?ref_=sr_t_438,1983,2h 12m,,7.0,379
439. Utopia,https://www.imdb.com/title/tt0135032/?ref_=sr_t_439,1983,3h 18m,,7.6,385
440. Patsany,https://www.imdb.com/title/tt0086462/?ref_=sr_t_440,1983,1h 30m,Not Rated,7.5,485
441. Sunshine Reggae auf Ibiza,https://www.imdb.com/title/tt0086390/?ref_=sr_t_441,1983,1h 26m,,3.5,547
442. You Disturb Me,https://www.imdb.com/title/tt0086483/?ref_=sr_t_442,1983,1h 36m,,6.5,715
443. Red Spell Spells Red,https://www.imdb.com/title/tt0085609/?ref_=sr_t_443,1983,1h 33m,,5.8,214
444. Dance of the Dwarfs,https://www.imdb.com/title/tt0085396/?ref_=sr_t_444,1983,1h 33m,PG,3.9,346
445. Regina Roma,https://www.imdb.com/title/tt0084579/?ref_=sr_t_445,1983,1h 26m,,5.1,306
446. The Prodigal,https://www.imdb.com/title/tt0086146/?ref_=sr_t_446,1983,1h 49m,PG,5.6,157
"447. Occhio, malocchio, prezzemolo e finocchio",https://www.imdb.com/title/tt0086033/?ref_=sr_t_447,1983,1h 40m,,6.0,711
448. Yôkirô,https://www.imdb.com/title/tt0203224/?ref_=sr_t_448,1983,2h 24m,,6.9,368
449. The Family Game,https://www.imdb.com/title/tt0087545/?ref_=sr_t_449,1983,1h 47m,,7.1,1.2K
450. Adi Shankaracharya,https://www.imdb.com/title/tt0085138/?ref_=sr_t_450,1983,2h 10m,Not Rated,7.7,324
451. Deadly Force,https://www.imdb.com/title/tt0085409/?ref_=sr_t_451,1983,1h 35m,R,4.9,514
452. Manji,https://www.imdb.com/title/tt0227028/?ref_=sr_t_452,1983,1h 35m,,5.9,132
453. Pudumai Penn,https://www.imdb.com/title/tt0155978/?ref_=sr_t_453,1983,2h 23m,Not Rated,7.3,58
454. Mad Mission Part 2: Aces Go Places,https://www.imdb.com/title/tt0086646/?ref_=sr_t_454,1983,1h 40m,,6.6,1.4K
455. Master of the World,https://www.imdb.com/title/tt0086072/?ref_=sr_t_455,1983,1h 45m,Not Rated,3.8,248
456. Himmatwala,https://www.imdb.com/title/tt0187150/?ref_=sr_t_456,1983,2h 59m,Not Rated,4.7,397
457. Haram,https://www.imdb.com/title/tt0427333/?ref_=sr_t_457,1983,1h 23m,,4.1,219
458. The Nun and the Torturer,https://www.imdb.com/title/tt0256762/?ref_=sr_t_458,1983,1h 25m,,4.9,106
459. A Polish Vampire in Burbank,https://www.imdb.com/title/tt0089823/?ref_=sr_t_459,1983,1h 20m,Not Rated,4.8,356
460. Edith and Marcel,https://www.imdb.com/title/tt0085477/?ref_=sr_t_460,1983,2h 50m,TV-G,5.9,422
461. My Breakfast with Blassie,https://www.imdb.com/title/tt0085979/?ref_=sr_t_461,1983,1h,Not Rated,6.8,639
462. Abuse,https://www.imdb.com/title/tt0083517/?ref_=sr_t_462,1983,1h 34m,Not Rated,6.5,175
463. Man of Flowers,https://www.imdb.com/title/tt0085893/?ref_=sr_t_463,1983,1h 31m,,7.1,676
464. Massagem for Men,https://www.imdb.com/title/tt0456533/?ref_=sr_t_464,1983,1h 26m,,4.8,11
465. The Gold Diggers,https://www.imdb.com/title/tt0085606/?ref_=sr_t_465,1983,1h 29m,,6.0,380
466. The Store,https://www.imdb.com/title/tt0086371/?ref_=sr_t_466,1983,1h 58m,,7.3,351
467. My Therapist,https://www.imdb.com/title/tt0087768/?ref_=sr_t_467,1983,1h 25m,,5.3,86
468. The Prize of Peril,https://www.imdb.com/title/tt0084540/?ref_=sr_t_468,1983,1h 38m,,6.8,1.5K
469. The Power of Emotion,https://www.imdb.com/title/tt0085882/?ref_=sr_t_469,1983,1h 55m,,6.7,179
470. Grunt!,https://www.imdb.com/title/tt0085625/?ref_=sr_t_470,1983,1h 30m,,2.7,150
471. The Prodigal Planet,https://www.imdb.com/title/tt0086145/?ref_=sr_t_471,1983,2h 6m,TV-PG,4.5,282
472. L'africain,https://www.imdb.com/title/tt0085141/?ref_=sr_t_472,1983,1h 41m,,6.2,963
473. Uchû senkan Yamato: Kanketsuhen,https://www.imdb.com/title/tt0140648/?ref_=sr_t_473,1983,2h 32m,,7.0,244
474. Shaolin Intruders,https://www.imdb.com/title/tt0201060/?ref_=sr_t_474,1983,1h 29m,Not Rated,7.1,447
475. Bonnie and Clyde Italian Style,https://www.imdb.com/title/tt0083676/?ref_=sr_t_475,1983,1h 37m,,5.6,564
476. Sagara Sangamam,https://www.imdb.com/title/tt0086231/?ref_=sr_t_476,1983,2h 40m,,8.8,3.7K
477. City of Pirates,https://www.imdb.com/title/tt0086545/?ref_=sr_t_477,1983,1h 51m,Not Rated,7.3,1.1K
478. Kalaakaar,https://www.imdb.com/title/tt0187195/?ref_=sr_t_478,1983,2h 24m,,5.4,132
479. Mystery Mansion,https://www.imdb.com/title/tt0091587/?ref_=sr_t_479,1983,1h 35m,PG,4.5,154
480. Thieves After Dark,https://www.imdb.com/title/tt0086557/?ref_=sr_t_480,1983,1h 38m,,5.7,239
481. Painter Babu,https://www.imdb.com/title/tt0371058/?ref_=sr_t_481,1983,2h 29m,,3.6,29
482. The Killing of Satan,https://www.imdb.com/title/tt0085792/?ref_=sr_t_482,1983,1h 30m,,4.7,477
483. Blue Skies Again,https://www.imdb.com/title/tt0085254/?ref_=sr_t_483,1983,1h 36m,PG,5.3,237
484. For Those I Loved,https://www.imdb.com/title/tt0085190/?ref_=sr_t_484,1983,2h 25m,,7.1,583
485. White Snake Enchantment,https://www.imdb.com/title/tt0349523/?ref_=sr_t_485,1983,1h 58m,,6.1,46
486. The Revolt of Job,https://www.imdb.com/title/tt0085767/?ref_=sr_t_486,1983,1h 38m,,7.5,733
487. Killing of the Flesh,https://www.imdb.com/title/tt0083811/?ref_=sr_t_487,1983,1h 32m,,4.2,128
488. The Boys in Blue,https://www.imdb.com/title/tt0186896/?ref_=sr_t_488,1983,1h 31m,Approved,4.5,560
489. Scusate il ritardo,https://www.imdb.com/title/tt0084646/?ref_=sr_t_489,1983,1h 52m,,7.3,1.2K
490. Halo taxi,https://www.imdb.com/title/tt0085637/?ref_=sr_t_490,1983,1h 38m,,6.8,473
491. La crime,https://www.imdb.com/title/tt0085378/?ref_=sr_t_491,1983,1h 43m,,5.7,310
492. Bank Under Siege,https://www.imdb.com/title/tt0083581/?ref_=sr_t_492,1983,1h 34m,,5.1,96
493. Agítese antes de usarla,https://www.imdb.com/title/tt0085143/?ref_=sr_t_493,1983,1h 21m,,4.3,211
494. Fantozzi subisce ancora,https://www.imdb.com/title/tt0085524/?ref_=sr_t_494,1983,1h 25m,,6.4,2.6K
495. Twinkle Twinkle Little Star,https://www.imdb.com/title/tt0086609/?ref_=sr_t_495,1983,1h 32m,,5.2,97
496. Private Manoeuvres,https://www.imdb.com/title/tt0152257/?ref_=sr_t_496,1983,1h 30m,Not Rated,4.4,413
497. Hoteru hime,https://www.imdb.com/title/tt3385230/?ref_=sr_t_497,1983,1h 6m,,5.5,32
"498. Love Hard, Love Deep",https://www.imdb.com/title/tt0287630/?ref_=sr_t_498,1983,1h 8m,,4.6,137
499. The Erotic and Wacky Tunnel of Time,https://www.imdb.com/title/tt0085504/?ref_=sr_t_499,1983,1h 19m,,5.5,50
500. The Passing,https://www.imdb.com/title/tt0365617/?ref_=sr_t_500,1983,1h 36m,Not Rated,5.6,311
