Title,Movie Link,Year,Duration,MPA,Rating,Votes
1. Spider-Man 3,https://www.imdb.com/title/tt0413300/?ref_=sr_t_1,2007,2h 19m,PG-13,6.3,657K
2. Shrek the Third,https://www.imdb.com/title/tt0413267/?ref_=sr_t_2,2007,1h 33m,PG,6.1,341K
3. Transformers,https://www.imdb.com/title/tt0418279/?ref_=sr_t_3,2007,2h 24m,PG-13,7.1,690K
4. Pirates of the Caribbean: At World's End,https://www.imdb.com/title/tt0449088/?ref_=sr_t_4,2007,2h 49m,PG-13,7.1,710K
5. Harry Potter and the Order of the Phoenix,https://www.imdb.com/title/tt0373889/?ref_=sr_t_5,2007,2h 18m,PG-13,7.5,655K
6. I Am Legend,https://www.imdb.com/title/tt0480249/?ref_=sr_t_6,2007,1h 41m,PG-13,7.2,838K
7. The Bourne Ultimatum,https://www.imdb.com/title/tt0440963/?ref_=sr_t_7,2007,1h 55m,PG-13,8.0,667K
8. National Treasure: Book of Secrets,https://www.imdb.com/title/tt0465234/?ref_=sr_t_8,2007,2h 4m,PG,6.5,259K
9. Alvin and the Chipmunks,https://www.imdb.com/title/tt0952640/?ref_=sr_t_9,2007,1h 32m,PG,5.3,98K
10. Ratatouille,https://www.imdb.com/title/tt0382932/?ref_=sr_t_10,2007,1h 51m,G,8.1,864K
11. The Simpsons Movie,https://www.imdb.com/title/tt0462538/?ref_=sr_t_11,2007,1h 27m,PG-13,7.3,355K
12. Wild Hogs,https://www.imdb.com/title/tt0486946/?ref_=sr_t_12,2007,1h 40m,PG-13,5.8,125K
13. Knocked Up,https://www.imdb.com/title/tt0478311/?ref_=sr_t_13,2007,2h 9m,R,6.9,390K
14. Juno,https://www.imdb.com/title/tt0467406/?ref_=sr_t_14,2007,1h 36m,PG-13,7.4,558K
15. Rush Hour 3,https://www.imdb.com/title/tt0293564/?ref_=sr_t_15,2007,1h 31m,PG-13,6.2,188K
16. Live Free or Die Hard,https://www.imdb.com/title/tt0337978/?ref_=sr_t_16,2007,2h 8m,PG-13,7.1,426K
17. Fantastic Four: Rise of the Silver Surfer,https://www.imdb.com/title/tt0486576/?ref_=sr_t_17,2007,1h 32m,PG,5.6,283K
18. American Gangster,https://www.imdb.com/title/tt0765429/?ref_=sr_t_18,2007,2h 37m,R,7.8,466K
19. Enchanted,https://www.imdb.com/title/tt0461770/?ref_=sr_t_19,2007,1h 47m,PG,7.1,221K
20. Bee Movie,https://www.imdb.com/title/tt0389790/?ref_=sr_t_20,2007,1h 31m,PG,6.1,185K
21. Superbad,https://www.imdb.com/title/tt0829482/?ref_=sr_t_21,2007,1h 53m,R,7.6,653K
22. I Now Pronounce You Chuck & Larry,https://www.imdb.com/title/tt0762107/?ref_=sr_t_22,2007,1h 55m,PG-13,5.9,156K
23. Hairspray,https://www.imdb.com/title/tt0427327/?ref_=sr_t_23,2007,1h 57m,PG,6.7,141K
24. Blades of Glory,https://www.imdb.com/title/tt0445934/?ref_=sr_t_24,2007,1h 33m,PG-13,6.3,180K
25. Ocean's Thirteen,https://www.imdb.com/title/tt0496806/?ref_=sr_t_25,2007,2h 2m,PG-13,6.9,374K
26. Ghost Rider,https://www.imdb.com/title/tt0259324/?ref_=sr_t_26,2007,1h 50m,PG-13,5.3,258K
27. Paranormal Activity,https://www.imdb.com/title/tt1179904/?ref_=sr_t_27,2007,1h 26m,R,6.3,263K
28. Evan Almighty,https://www.imdb.com/title/tt0413099/?ref_=sr_t_28,2007,1h 36m,PG,5.4,158K
29. Meet the Robinsons,https://www.imdb.com/title/tt0396555/?ref_=sr_t_29,2007,1h 35m,G,6.8,115K
30. Norbit,https://www.imdb.com/title/tt0477051/?ref_=sr_t_30,2007,1h 42m,PG-13,4.2,82K
31. The Bucket List,https://www.imdb.com/title/tt0825232/?ref_=sr_t_31,2007,1h 37m,PG-13,7.4,264K
32. The Game Plan,https://www.imdb.com/title/tt0492956/?ref_=sr_t_32,2007,1h 50m,PG,6.4,102K
33. Beowulf,https://www.imdb.com/title/tt0442933/?ref_=sr_t_33,2007,1h 55m,PG-13,6.3,176K
34. Bridge to Terabithia,https://www.imdb.com/title/tt0398808/?ref_=sr_t_34,2007,1h 36m,PG,7.2,179K
35. Disturbia,https://www.imdb.com/title/tt0486822/?ref_=sr_t_35,2007,1h 45m,PG-13,6.8,263K
36. No Country for Old Men,https://www.imdb.com/title/tt0477348/?ref_=sr_t_36,2007,2h 2m,R,8.2,1.1M
37. Fred Claus,https://www.imdb.com/title/tt0486583/?ref_=sr_t_37,2007,1h 56m,PG,5.7,49K
38. 1408,https://www.imdb.com/title/tt0450385/?ref_=sr_t_38,2007,1h 44m,PG-13,6.8,301K
39. The Golden Compass,https://www.imdb.com/title/tt0385752/?ref_=sr_t_39,2007,1h 53m,PG-13,6.1,199K
40. Charlie Wilson's War,https://www.imdb.com/title/tt0472062/?ref_=sr_t_40,2007,1h 42m,R,7.0,127K
41. Saw IV,https://www.imdb.com/title/tt0890870/?ref_=sr_t_41,2007,1h 33m,R,5.9,169K
42. Stomp the Yard,https://www.imdb.com/title/tt0775539/?ref_=sr_t_42,2007,1h 55m,PG-13,5.4,27K
43. Surf's Up,https://www.imdb.com/title/tt0423294/?ref_=sr_t_43,2007,1h 25m,PG,6.7,95K
44. Halloween,https://www.imdb.com/title/tt0373883/?ref_=sr_t_44,2007,1h 49m,R,6.0,134K
45. Why Did I Get Married?,https://www.imdb.com/title/tt0906108/?ref_=sr_t_45,2007,1h 53m,PG-13,5.9,14K
46. TMNT,https://www.imdb.com/title/tt0453556/?ref_=sr_t_46,2007,1h 27m,PG,6.2,70K
47. P.S. I Love You,https://www.imdb.com/title/tt0431308/?ref_=sr_t_47,2007,2h 6m,PG-13,7.0,221K
48. 3:10 to Yuma,https://www.imdb.com/title/tt0381849/?ref_=sr_t_48,2007,2h 2m,R,7.6,339K
49. Sweeney Todd: The Demon Barber of Fleet Street,https://www.imdb.com/title/tt0408236/?ref_=sr_t_49,2007,1h 56m,R,7.3,394K
50. Atonement,https://www.imdb.com/title/tt0783233/?ref_=sr_t_50,2007,2h 3m,R,7.8,308K
51. Resident Evil: Extinction,https://www.imdb.com/title/tt0432021/?ref_=sr_t_51,2007,1h 34m,R,6.2,209K
52. Music and Lyrics,https://www.imdb.com/title/tt0758766/?ref_=sr_t_52,2007,1h 44m,PG-13,6.5,109K
53. Are We Done Yet?,https://www.imdb.com/title/tt0422774/?ref_=sr_t_53,2007,1h 32m,PG,4.3,23K
54. This Christmas,https://www.imdb.com/title/tt0937375/?ref_=sr_t_54,2007,1h 57m,PG-13,6.4,11K
55. Michael Clayton,https://www.imdb.com/title/tt0465538/?ref_=sr_t_55,2007,1h 59m,R,7.2,177K
56. Premonition,https://www.imdb.com/title/tt0477071/?ref_=sr_t_56,2007,1h 36m,PG-13,5.9,83K
57. Dan in Real Life,https://www.imdb.com/title/tt0480242/?ref_=sr_t_57,2007,1h 38m,PG-13,6.8,108K
58. The Kingdom,https://www.imdb.com/title/tt0431197/?ref_=sr_t_58,2007,1h 50m,R,7.0,134K
59. Shooter,https://www.imdb.com/title/tt0822854/?ref_=sr_t_59,2007,2h 4m,R,7.1,363K
60. License to Wed,https://www.imdb.com/title/tt0762114/?ref_=sr_t_60,2007,1h 31m,PG-13,5.3,41K
61. Underdog,https://www.imdb.com/title/tt0467110/?ref_=sr_t_61,2007,1h 24m,PG,4.8,23K
62. No Reservations,https://www.imdb.com/title/tt0481141/?ref_=sr_t_62,2007,1h 44m,PG,6.3,81K
63. Because I Said So,https://www.imdb.com/title/tt0490084/?ref_=sr_t_63,2007,1h 42m,PG-13,5.6,41K
64. Aliens vs. Predator: Requiem,https://www.imdb.com/title/tt0758730/?ref_=sr_t_64,2007,1h 34m,R,4.6,139K
65. The Water Horse,https://www.imdb.com/title/tt0760329/?ref_=sr_t_65,2007,1h 52m,PG,6.4,44K
66. There Will Be Blood,https://www.imdb.com/title/tt0469494/?ref_=sr_t_66,2007,2h 38m,R,8.2,659K
67. Epic Movie,https://www.imdb.com/title/tt0799949/?ref_=sr_t_67,2007,1h 26m,PG-13,2.4,111K
68. Hitman,https://www.imdb.com/title/tt0465494/?ref_=sr_t_68,2007,1h 34m,R,6.2,182K
69. 30 Days of Night,https://www.imdb.com/title/tt0389722/?ref_=sr_t_69,2007,1h 53m,R,6.6,194K
70. Fracture,https://www.imdb.com/title/tt0488120/?ref_=sr_t_70,2007,1h 53m,R,7.2,225K
71. Stardust,https://www.imdb.com/title/tt0486655/?ref_=sr_t_71,2007,2h 7m,PG-13,7.6,290K
72. The Brave One,https://www.imdb.com/title/tt0476964/?ref_=sr_t_72,2007,2h 2m,R,6.7,64K
73. The Heartbreak Kid,https://www.imdb.com/title/tt0408839/?ref_=sr_t_73,2007,1h 56m,R,5.8,98K
74. Freedom Writers,https://www.imdb.com/title/tt0463998/?ref_=sr_t_74,2007,2h 3m,PG-13,7.6,87K
75. The Messengers,https://www.imdb.com/title/tt0425430/?ref_=sr_t_75,2007,1h 30m,PG-13,5.3,42K
76. The Number 23,https://www.imdb.com/title/tt0481369/?ref_=sr_t_76,2007,1h 38m,R,6.4,216K
77. Good Luck Chuck,https://www.imdb.com/title/tt0452625/?ref_=sr_t_77,2007,1h 36m,R,5.6,96K
78. Mr. Bean's Holiday,https://www.imdb.com/title/tt0453451/?ref_=sr_t_78,2007,1h 30m,G,6.4,137K
79. Breach,https://www.imdb.com/title/tt0401997/?ref_=sr_t_79,2007,1h 50m,PG-13,7.0,63K
80. Zodiac,https://www.imdb.com/title/tt0443706/?ref_=sr_t_80,2007,2h 37m,R,7.7,623K
81. Balls of Fury,https://www.imdb.com/title/tt0424823/?ref_=sr_t_81,2007,1h 30m,PG-13,5.4,46K
82. Mr. Magorium's Wonder Emporium,https://www.imdb.com/title/tt0457419/?ref_=sr_t_82,2007,1h 33m,G,6.2,48K
83. Earth,https://www.imdb.com/title/tt0393597/?ref_=sr_t_83,2007,1h 30m,G,7.9,15K
84. August Rush,https://www.imdb.com/title/tt0426931/?ref_=sr_t_84,2007,1h 54m,PG,7.4,112K
85. Daddy's Little Girls,https://www.imdb.com/title/tt0778661/?ref_=sr_t_85,2007,1h 40m,PG-13,5.9,8.5K
86. The Great Debaters,https://www.imdb.com/title/tt0427309/?ref_=sr_t_86,2007,2h 6m,PG-13,7.5,64K
87. 28 Weeks Later,https://www.imdb.com/title/tt0463854/?ref_=sr_t_87,2007,1h 40m,R,6.9,304K
88. We Own the Night,https://www.imdb.com/title/tt0498399/?ref_=sr_t_88,2007,1h 57m,R,6.8,94K
89. Mr. Brooks,https://www.imdb.com/title/tt0780571/?ref_=sr_t_89,2007,2h,R,7.3,159K
90. Hannibal Rising,https://www.imdb.com/title/tt0367959/?ref_=sr_t_90,2007,2h 1m,R,6.1,118K
91. The Nanny Diaries,https://www.imdb.com/title/tt0489237/?ref_=sr_t_91,2007,1h 45m,PG-13,6.2,65K
92. Mr. Woodcock,https://www.imdb.com/title/tt0419984/?ref_=sr_t_92,2007,1h 27m,PG-13,5.2,37K
93. Nancy Drew,https://www.imdb.com/title/tt0479500/?ref_=sr_t_93,2007,1h 39m,PG,5.9,22K
94. The Mist,https://www.imdb.com/title/tt0884328/?ref_=sr_t_94,2007,2h 6m,R,7.1,353K
95. The Reaping,https://www.imdb.com/title/tt0444682/?ref_=sr_t_95,2007,1h 39m,R,5.6,45K
96. Grindhouse,https://www.imdb.com/title/tt0462322/?ref_=sr_t_96,2007,3h 11m,R,7.5,193K
97. Across the Universe,https://www.imdb.com/title/tt0445922/?ref_=sr_t_97,2007,2h 13m,PG-13,7.3,116K
98. Sicko,https://www.imdb.com/title/tt0386032/?ref_=sr_t_98,2007,2h 3m,PG-13,8.0,77K
99. Perfect Stranger,https://www.imdb.com/title/tt0457433/?ref_=sr_t_99,2007,1h 49m,R,5.7,52K
100. Hot Fuzz,https://www.imdb.com/title/tt0425112/?ref_=sr_t_100,2007,2h 1m,R,7.8,547K
101. War,https://www.imdb.com/title/tt0499556/?ref_=sr_t_101,2007,1h 43m,R,6.2,98K
102. The Last Mimzy,https://www.imdb.com/title/tt0768212/?ref_=sr_t_102,2007,1h 30m,PG,6.2,22K
103. The Hills Have Eyes 2,https://www.imdb.com/title/tt0800069/?ref_=sr_t_103,2007,1h 29m,R,5.1,69K
104. The Invisible,https://www.imdb.com/title/tt0435670/?ref_=sr_t_104,2007,1h 42m,PG-13,6.1,37K
105. Reno 911!: Miami,https://www.imdb.com/title/tt0499554/?ref_=sr_t_105,2007,1h 24m,R,5.9,28K
106. Gone Baby Gone,https://www.imdb.com/title/tt0452623/?ref_=sr_t_106,2007,1h 54m,R,7.6,299K
107. Reign Over Me,https://www.imdb.com/title/tt0490204/?ref_=sr_t_107,2007,2h 4m,R,7.4,101K
108. Vacancy,https://www.imdb.com/title/tt0452702/?ref_=sr_t_108,2007,1h 25m,R,6.2,110K
109. Georgia Rule,https://www.imdb.com/title/tt0791304/?ref_=sr_t_109,2007,1h 53m,R,5.9,28K
110. Waitress,https://www.imdb.com/title/tt0473308/?ref_=sr_t_110,2007,1h 48m,PG-13,7.0,50K
111. Becoming Jane,https://www.imdb.com/title/tt0416508/?ref_=sr_t_111,2007,2h,PG,7.0,66K
112. Into the Wild,https://www.imdb.com/title/tt0758758/?ref_=sr_t_112,2007,2h 28m,R,8.1,671K
113. Walk Hard: The Dewey Cox Story,https://www.imdb.com/title/tt0841046/?ref_=sr_t_113,2007,1h 36m,R,6.8,79K
114. Next,https://www.imdb.com/title/tt0435705/?ref_=sr_t_114,2007,1h 36m,PG-13,6.2,169K
115. Hostel: Part II,https://www.imdb.com/title/tt0498353/?ref_=sr_t_115,2007,1h 34m,R,5.5,98K
116. Eastern Promises,https://www.imdb.com/title/tt0765443/?ref_=sr_t_116,2007,1h 40m,R,7.6,268K
117. 88 Minutes,https://www.imdb.com/title/tt0411061/?ref_=sr_t_117,2007,1h 48m,R,5.9,79K
118. Dead Silence,https://www.imdb.com/title/tt0455760/?ref_=sr_t_118,2007,1h 29m,R,6.1,104K
119. The Hitcher,https://www.imdb.com/title/tt0455960/?ref_=sr_t_119,2007,1h 24m,R,5.6,46K
120. Elizabeth: The Golden Age,https://www.imdb.com/title/tt0414055/?ref_=sr_t_120,2007,1h 54m,PG-13,6.8,76K
121. The Kite Runner,https://www.imdb.com/title/tt0419887/?ref_=sr_t_121,2007,2h 8m,PG-13,7.6,83K
122. The Invasion,https://www.imdb.com/title/tt0427392/?ref_=sr_t_122,2007,1h 39m,PG-13,5.9,85K
123. Lions for Lambs,https://www.imdb.com/title/tt0891527/?ref_=sr_t_123,2007,1h 32m,R,6.2,54K
124. Awake,https://www.imdb.com/title/tt0211933/?ref_=sr_t_124,2007,1h 24m,R,6.5,82K
125. Hot Rod,https://www.imdb.com/title/tt0787475/?ref_=sr_t_125,2007,1h 28m,PG-13,6.7,95K
126. Firehouse Dog,https://www.imdb.com/title/tt0476995/?ref_=sr_t_126,2007,1h 51m,PG,5.5,6.4K
127. Fly Me to the Moon 3D,https://www.imdb.com/title/tt0486321/?ref_=sr_t_127,2007,1h 24m,G,4.5,4.9K
128. The Comebacks,https://www.imdb.com/title/tt0790804/?ref_=sr_t_128,2007,1h 24m,PG-13,4.3,12K
129. Daddy Day Camp,https://www.imdb.com/title/tt0462244/?ref_=sr_t_129,2007,1h 33m,PG,3.2,18K
130. Shoot 'Em Up,https://www.imdb.com/title/tt0465602/?ref_=sr_t_130,2007,1h 26m,R,6.6,156K
131. Under the Same Moon,https://www.imdb.com/title/tt0796307/?ref_=sr_t_131,2007,1h 46m,PG-13,7.3,7.6K
132. I Think I Love My Wife,https://www.imdb.com/title/tt0770772/?ref_=sr_t_132,2007,1h 30m,R,5.5,18K
133. Evening,https://www.imdb.com/title/tt0765447/?ref_=sr_t_133,2007,1h 57m,PG-13,6.4,14K
134. The Darjeeling Limited,https://www.imdb.com/title/tt0838221/?ref_=sr_t_134,2007,1h 31m,R,7.2,221K
135. Sydney White,https://www.imdb.com/title/tt0815244/?ref_=sr_t_135,2007,1h 48m,PG-13,6.2,52K
136. In the Land of Women,https://www.imdb.com/title/tt0419843/?ref_=sr_t_136,2007,1h 37m,PG-13,6.4,33K
137. Dragon Wars: D-War,https://www.imdb.com/title/tt0372873/?ref_=sr_t_137,2007,1h 47m,PG-13,3.5,26K
138. Primeval,https://www.imdb.com/title/tt0772193/?ref_=sr_t_138,2007,1h 33m,R,4.8,15K
139. U2 3D,https://www.imdb.com/title/tt0892375/?ref_=sr_t_139,2007,1h 25m,G,8.4,2.9K
140. La Vie En Rose,https://www.imdb.com/title/tt0450188/?ref_=sr_t_140,2007,2h 20m,PG-13,7.5,92K
141. Pathfinder,https://www.imdb.com/title/tt0446013/?ref_=sr_t_141,2007,1h 39m,R,5.4,47K
142. Bratz,https://www.imdb.com/title/tt0804452/?ref_=sr_t_142,2007,1h 50m,PG,3.1,25K
143. Rendition,https://www.imdb.com/title/tt0804522/?ref_=sr_t_143,2007,2h 2m,R,6.8,59K
144. Death Sentence,https://www.imdb.com/title/tt0804461/?ref_=sr_t_144,2007,1h 45m,R,6.7,76K
145. The Visitor,https://www.imdb.com/title/tt0857191/?ref_=sr_t_145,2007,1h 44m,PG-13,7.6,45K
146. A Mighty Heart,https://www.imdb.com/title/tt0829459/?ref_=sr_t_146,2007,1h 48m,R,6.6,28K
147. The Seeker: The Dark Is Rising,https://www.imdb.com/title/tt0484562/?ref_=sr_t_147,2007,1h 39m,PG,4.8,16K
148. Death at a Funeral,https://www.imdb.com/title/tt0795368/?ref_=sr_t_148,2007,1h 30m,R,7.3,123K
149. Code Name: The Cleaner,https://www.imdb.com/title/tt0462229/?ref_=sr_t_149,2007,1h 24m,PG-13,4.6,12K
150. Delta Farce,https://www.imdb.com/title/tt0800003/?ref_=sr_t_150,2007,1h 30m,PG-13,3.7,12K
151. Martian Child,https://www.imdb.com/title/tt0415965/?ref_=sr_t_151,2007,1h 46m,PG,6.7,21K
152. I Know Who Killed Me,https://www.imdb.com/title/tt0897361/?ref_=sr_t_152,2007,1h 45m,R,3.6,31K
153. The Condemned,https://www.imdb.com/title/tt0443473/?ref_=sr_t_153,2007,1h 53m,R,6.0,55K
154. The Orphanage,https://www.imdb.com/title/tt0464141/?ref_=sr_t_154,2007,1h 45m,R,7.4,166K
155. Before the Devil Knows You're Dead,https://www.imdb.com/title/tt0292963/?ref_=sr_t_155,2007,1h 57m,R,7.3,115K
156. How She Move,https://www.imdb.com/title/tt0770810/?ref_=sr_t_156,2007,1h 34m,PG-13,3.6,6.8K
157. Pride,https://www.imdb.com/title/tt0475355/?ref_=sr_t_157,2007,1h 44m,PG,6.3,7K
158. Redline,https://www.imdb.com/title/tt0780595/?ref_=sr_t_158,2007,1h 35m,PG-13,4.0,9.2K
159. In the Valley of Elah,https://www.imdb.com/title/tt0478134/?ref_=sr_t_159,2007,2h 1m,R,7.2,76K
160. The Savages,https://www.imdb.com/title/tt0775529/?ref_=sr_t_160,2007,1h 53m,R,7.1,39K
161. Run Fatboy Run,https://www.imdb.com/title/tt0425413/?ref_=sr_t_161,2007,1h 40m,PG-13,6.5,70K
162. The Diving Bell and the Butterfly,https://www.imdb.com/title/tt0401383/?ref_=sr_t_162,2007,1h 52m,PG-13,8.0,111K
163. Lars and the Real Girl,https://www.imdb.com/title/tt0805564/?ref_=sr_t_163,2007,1h 46m,PG-13,7.3,160K
164. The Last Legion,https://www.imdb.com/title/tt0462396/?ref_=sr_t_164,2007,1h 41m,PG-13,5.4,37K
165. Feel the Noise,https://www.imdb.com/title/tt0756703/?ref_=sr_t_165,2007,1h 26m,PG-13,3.0,4.8K
166. The Perfect Holiday,https://www.imdb.com/title/tt0841032/?ref_=sr_t_166,2007,1h 36m,PG,4.8,3.4K
167. Lucky You,https://www.imdb.com/title/tt0338216/?ref_=sr_t_167,2007,2h 4m,PG-13,5.9,21K
168. Who's Your Caddy?,https://www.imdb.com/title/tt0785077/?ref_=sr_t_168,2007,1h 33m,PG-13,2.3,16K
169. Mongol: The Rise of Genghis Khan,https://www.imdb.com/title/tt0416044/?ref_=sr_t_169,2007,2h 6m,R,7.2,50K
170. Aqua Teen Hunger Force Colon Movie Film for Theaters,https://www.imdb.com/title/tt0455326/?ref_=sr_t_170,2007,1h 26m,R,6.7,15K
171. The Counterfeiters,https://www.imdb.com/title/tt0813547/?ref_=sr_t_171,2007,1h 39m,R,7.5,48K
172. In the Name of the King: A Dungeon Siege Tale,https://www.imdb.com/title/tt0460780/?ref_=sr_t_172,2007,2h 7m,PG-13,3.8,52K
173. Love in the Time of Cholera,https://www.imdb.com/title/tt0484740/?ref_=sr_t_173,2007,2h 19m,R,6.4,24K
"174. Lust, Caution",https://www.imdb.com/title/tt0808357/?ref_=sr_t_174,2007,2h 37m,NC-17,7.5,46K
175. The Lookout,https://www.imdb.com/title/tt0427470/?ref_=sr_t_175,2007,1h 39m,R,6.9,61K
176. Talk to Me,https://www.imdb.com/title/tt0796368/?ref_=sr_t_176,2007,1h 58m,R,7.3,10K
177. Kickin' It Old Skool,https://www.imdb.com/title/tt0772178/?ref_=sr_t_177,2007,1h 47m,PG-13,4.6,7.5K
178. Persepolis,https://www.imdb.com/title/tt0808417/?ref_=sr_t_178,2007,1h 36m,PG-13,8.0,102K
179. Two Days in Paris,https://www.imdb.com/title/tt0841044/?ref_=sr_t_179,2007,1h 36m,R,6.7,32K
180. I'm Not There,https://www.imdb.com/title/tt0368794/?ref_=sr_t_180,2007,2h 15m,R,6.8,62K
181. Ladrón que roba a ladrón,https://www.imdb.com/title/tt0859760/?ref_=sr_t_181,2007,1h 38m,PG-13,6.6,2K
182. P2,https://www.imdb.com/title/tt0804516/?ref_=sr_t_182,2007,1h 38m,R,5.9,38K
183. Young@Heart,https://www.imdb.com/title/tt1047007/?ref_=sr_t_183,2007,1h 47m,PG,7.9,4.1K
184. Charlie Bartlett,https://www.imdb.com/title/tt0423977/?ref_=sr_t_184,2007,1h 37m,R,6.9,67K
185. The Assassination of Jesse James by the Coward Robert Ford,https://www.imdb.com/title/tt0443680/?ref_=sr_t_185,2007,2h 40m,R,7.5,196K
186. Nitro,https://www.imdb.com/title/tt0790602/?ref_=sr_t_186,2007,1h 45m,R,5.3,1.9K
187. Then She Found Me,https://www.imdb.com/title/tt0455805/?ref_=sr_t_187,2007,1h 40m,R,5.9,10K
188. Sunshine,https://www.imdb.com/title/tt0448134/?ref_=sr_t_188,2007,1h 47m,R,7.2,273K
189. Om Shanti Om,https://www.imdb.com/title/tt1024943/?ref_=sr_t_189,2007,2h 42m,Not Rated,6.8,52K
190. The Jane Austen Book Club,https://www.imdb.com/title/tt0866437/?ref_=sr_t_190,2007,1h 46m,PG-13,6.7,29K
191. Blood and Chocolate,https://www.imdb.com/title/tt0397044/?ref_=sr_t_191,2007,1h 38m,PG-13,5.3,18K
192. Feast of Love,https://www.imdb.com/title/tt0800027/?ref_=sr_t_192,2007,1h 37m,R,6.5,17K
193. Things We Lost in the Fire,https://www.imdb.com/title/tt0469623/?ref_=sr_t_193,2007,1h 58m,R,7.1,30K
194. Resurrecting the Champ,https://www.imdb.com/title/tt0416185/?ref_=sr_t_194,2007,1h 52m,PG-13,6.7,21K
195. Illegal Tender,https://www.imdb.com/title/tt0775488/?ref_=sr_t_195,2007,1h 48m,R,5.4,2.8K
196. The Band's Visit,https://www.imdb.com/title/tt1032856/?ref_=sr_t_196,2007,1h 27m,PG-13,7.5,14K
197. Gracie,https://www.imdb.com/title/tt0441007/?ref_=sr_t_197,2007,1h 35m,PG-13,6.1,4.4K
"198. My Daughter, My Angel",https://www.imdb.com/title/tt0456521/?ref_=sr_t_198,2007,1h 25m,R,6.1,1.1K
199. Captivity,https://www.imdb.com/title/tt0374563/?ref_=sr_t_199,2007,1h 36m,R,4.6,24K
200. You Kill Me,https://www.imdb.com/title/tt0796375/?ref_=sr_t_200,2007,1h 33m,R,6.4,19K
201. Guru,https://www.imdb.com/title/tt0499375/?ref_=sr_t_201,2007,2h 46m,Not Rated,7.7,25K
202. Margot at the Wedding,https://www.imdb.com/title/tt0757361/?ref_=sr_t_202,2007,1h 31m,R,6.0,23K
203. Roman de gare,https://www.imdb.com/title/tt0889652/?ref_=sr_t_203,2007,1h 43m,R,7.1,2.7K
204. Salaam-E-Ishq,https://www.imdb.com/title/tt0485272/?ref_=sr_t_204,2007,3h 36m,Not Rated,5.2,5.9K
205. Son of Rambow,https://www.imdb.com/title/tt0845046/?ref_=sr_t_205,2007,1h 36m,PG-13,7.0,33K
206. Battle for Terra,https://www.imdb.com/title/tt0858486/?ref_=sr_t_206,2007,1h 25m,PG,6.5,12K
207. Year of the Dog,https://www.imdb.com/title/tt0756729/?ref_=sr_t_207,2007,1h 37m,PG-13,6.0,6.7K
208. Married Life,https://www.imdb.com/title/tt0804505/?ref_=sr_t_208,2007,1h 31m,PG-13,6.2,9.9K
209. Days of Darkness,https://www.imdb.com/title/tt0819953/?ref_=sr_t_209,2007,1h 44m,,6.8,3.2K
210. Heyy Babyy,https://www.imdb.com/title/tt0806088/?ref_=sr_t_210,2007,2h 24m,Not Rated,6.1,16K
211. No End in Sight,https://www.imdb.com/title/tt0912593/?ref_=sr_t_211,2007,1h 42m,Not Rated,8.2,8.7K
212. Funny Games,https://www.imdb.com/title/tt0808279/?ref_=sr_t_212,2007,1h 51m,R,6.5,106K
213. Eklavya: The Royal Guard,https://www.imdb.com/title/tt0459605/?ref_=sr_t_213,2007,1h 45m,Not Rated,6.0,3.5K
214. Like Stars on Earth,https://www.imdb.com/title/tt0986264/?ref_=sr_t_214,2007,2h 42m,PG,8.3,214K
215. Namastey London,https://www.imdb.com/title/tt0795434/?ref_=sr_t_215,2007,2h 8m,,7.1,23K
216. Flawless,https://www.imdb.com/title/tt0780516/?ref_=sr_t_216,2007,1h 48m,PG-13,6.7,27K
"217. 4 Months, 3 Weeks and 2 Days",https://www.imdb.com/title/tt1032846/?ref_=sr_t_217,2007,1h 53m,Not Rated,7.9,64K
218. The Final Season,https://www.imdb.com/title/tt0449018/?ref_=sr_t_218,2007,1h 59m,PG,6.5,2.8K
219. In the Shadow of the Moon,https://www.imdb.com/title/tt0925248/?ref_=sr_t_219,2007,1h 40m,PG,8.0,7K
220. Chak De! India,https://www.imdb.com/title/tt0871510/?ref_=sr_t_220,2007,2h 33m,Not Rated,8.1,86K
221. Silk,https://www.imdb.com/title/tt0494834/?ref_=sr_t_221,2007,1h 47m,R,5.8,12K
222. Bhool Bhulaiyaa,https://www.imdb.com/title/tt0995031/?ref_=sr_t_222,2007,2h 39m,Not Rated,7.5,35K
223. Brick Lane,https://www.imdb.com/title/tt0940585/?ref_=sr_t_223,2007,1h 42m,PG-13,6.6,3.3K
224. When Did You Last See Your Father?,https://www.imdb.com/title/tt0829098/?ref_=sr_t_224,2007,1h 32m,PG-13,6.8,4.7K
225. September Dawn,https://www.imdb.com/title/tt0473700/?ref_=sr_t_225,2007,1h 51m,R,5.8,3.1K
226. Partner,https://www.imdb.com/title/tt0807758/?ref_=sr_t_226,2007,2h 35m,Not Rated,5.8,14K
227. Caramel,https://www.imdb.com/title/tt0825236/?ref_=sr_t_227,2007,1h 35m,PG,7.1,15K
228. Before the Rains,https://www.imdb.com/title/tt0870195/?ref_=sr_t_228,2007,1h 38m,PG-13,6.5,2.2K
229. My Aunt Aline,https://www.imdb.com/title/tt1063628/?ref_=sr_t_229,2007,1h 40m,,5.4,110
230. Cassandra's Dream,https://www.imdb.com/title/tt0795493/?ref_=sr_t_230,2007,1h 48m,PG-13,6.6,54K
231. The Hunting Party,https://www.imdb.com/title/tt0455782/?ref_=sr_t_231,2007,1h 41m,R,6.8,26K
232. Diary of the Dead,https://www.imdb.com/title/tt0848557/?ref_=sr_t_232,2007,1h 35m,R,5.5,50K
233. Broken English,https://www.imdb.com/title/tt0772157/?ref_=sr_t_233,2007,1h 33m,PG-13,6.3,7.2K
234. The Ten Commandments,https://www.imdb.com/title/tt0955411/?ref_=sr_t_234,2007,1h 28m,PG,2.9,2.5K
235. Encounters at the End of the World,https://www.imdb.com/title/tt1093824/?ref_=sr_t_235,2007,1h 39m,G,7.7,20K
236. The Brothers Solomon,https://www.imdb.com/title/tt0784972/?ref_=sr_t_236,2007,1h 33m,R,5.3,12K
237. Starting Out in the Evening,https://www.imdb.com/title/tt0758784/?ref_=sr_t_237,2007,1h 51m,PG-13,6.9,3.4K
238. Saawariya,https://www.imdb.com/title/tt0758053/?ref_=sr_t_238,2007,2h 22m,PG,5.2,8.6K
239. Ta Ra Rum Pum,https://www.imdb.com/title/tt0833553/?ref_=sr_t_239,2007,2h 33m,Not Rated,5.7,5.8K
240. Control,https://www.imdb.com/title/tt0421082/?ref_=sr_t_240,2007,2h 2m,R,7.6,70K
241. My Blueberry Nights,https://www.imdb.com/title/tt0765120/?ref_=sr_t_241,2007,1h 35m,PG-13,6.6,57K
242. Sarah Landon and the Paranormal Hour,https://www.imdb.com/title/tt0990376/?ref_=sr_t_242,2007,1h 21m,PG,3.8,735
243. The Last Mistress,https://www.imdb.com/title/tt0437526/?ref_=sr_t_243,2007,1h 49m,Unrated,6.2,3.9K
244. Up the Yangtze,https://www.imdb.com/title/tt1114277/?ref_=sr_t_244,2007,1h 33m,Not Rated,7.5,2K
245. The Wonder of it All,https://www.imdb.com/title/tt0928406/?ref_=sr_t_245,2007,1h 22m,,7.2,223
246. The Ten,https://www.imdb.com/title/tt0811106/?ref_=sr_t_246,2007,1h 36m,R,4.9,17K
247. The Edge of Heaven,https://www.imdb.com/title/tt0880502/?ref_=sr_t_247,2007,2h 2m,Not Rated,7.7,34K
248. Rocket Science,https://www.imdb.com/title/tt0477078/?ref_=sr_t_248,2007,1h 41m,R,6.5,14K
249. The 11th Hour,https://www.imdb.com/title/tt0492931/?ref_=sr_t_249,2007,1h 35m,PG,7.2,6K
250. Cheeni Kum,https://www.imdb.com/title/tt0976026/?ref_=sr_t_250,2007,2h 20m,,6.8,5.8K
251. Jhoom Barabar Jhoom,https://www.imdb.com/title/tt0833476/?ref_=sr_t_251,2007,2h 18m,Not Rated,3.7,3.6K
252. The King of Kong: A Fistful of Quarters,https://www.imdb.com/title/tt0923752/?ref_=sr_t_252,2007,1h 19m,PG-13,8.0,38K
253. Laaga Chunari Mein Daag: Journey of a Woman,https://www.imdb.com/title/tt0985636/?ref_=sr_t_253,2007,2h 2m,Not Rated,5.4,2.8K
254. Fugitive Pieces,https://www.imdb.com/title/tt0765451/?ref_=sr_t_254,2007,1h 44m,R,6.9,2.7K
255. Molière,https://www.imdb.com/title/tt0796335/?ref_=sr_t_255,2007,2h,PG-13,7.1,6.6K
256. A Secret,https://www.imdb.com/title/tt0490234/?ref_=sr_t_256,2007,1h 45m,Not Rated,6.8,3.4K
257. Nobel Son,https://www.imdb.com/title/tt0483756/?ref_=sr_t_257,2007,1h 50m,R,6.1,6.2K
258. Shall We Kiss?,https://www.imdb.com/title/tt0920473/?ref_=sr_t_258,2007,1h 36m,Unrated,6.7,2.7K
259. Paranoid Park,https://www.imdb.com/title/tt0842929/?ref_=sr_t_259,2007,1h 25m,R,6.6,32K
260. Aaja Nachle,https://www.imdb.com/title/tt0986213/?ref_=sr_t_260,2007,2h 17m,Not Rated,6.2,3.6K
261. Joshua,https://www.imdb.com/title/tt0808331/?ref_=sr_t_261,2007,1h 46m,R,5.8,14K
262. Flight of the Red Balloon,https://www.imdb.com/title/tt0826711/?ref_=sr_t_262,2007,1h 55m,Not Rated,6.5,4.2K
263. The Stone Angel,https://www.imdb.com/title/tt0847897/?ref_=sr_t_263,2007,1h 56m,R,6.1,1.8K
264. Brooklyn Rules,https://www.imdb.com/title/tt0283503/?ref_=sr_t_264,2007,1h 39m,R,6.3,6K
265. The Hammer,https://www.imdb.com/title/tt0814130/?ref_=sr_t_265,2007,1h 28m,R,7.1,6.3K
266. Savage Grace,https://www.imdb.com/title/tt0379976/?ref_=sr_t_266,2007,1h 37m,Not Rated,5.7,12K
267. Interview,https://www.imdb.com/title/tt0480269/?ref_=sr_t_267,2007,1h 24m,R,6.8,14K
268. A Girl Cut in Two,https://www.imdb.com/title/tt0901485/?ref_=sr_t_268,2007,1h 55m,Not Rated,6.2,3.8K
269. Snow Angels,https://www.imdb.com/title/tt0453548/?ref_=sr_t_269,2007,1h 47m,R,6.8,13K
270. The Little Traitor,https://www.imdb.com/title/tt0818170/?ref_=sr_t_270,2007,1h 28m,TV-PG,6.9,1.1K
271. The Last Sin Eater,https://www.imdb.com/title/tt0810928/?ref_=sr_t_271,2007,1h 57m,PG-13,5.6,2K
272. Into the Arms of Strangers,https://www.imdb.com/title/tt0979900/?ref_=sr_t_272,2007,1h 33m,Not Rated,5.5,138
273. Introducing the Dwights,https://www.imdb.com/title/tt0432264/?ref_=sr_t_273,2007,1h 45m,R,6.4,2K
274. Towelhead,https://www.imdb.com/title/tt0787523/?ref_=sr_t_274,2007,2h 4m,R,6.9,12K
275. Everybody Wants to Be Italian,https://www.imdb.com/title/tt0790657/?ref_=sr_t_275,2007,1h 45m,R,5.7,2K
276. Teeth,https://www.imdb.com/title/tt0780622/?ref_=sr_t_276,2007,1h 34m,R,5.4,48K
277. Sleuth,https://www.imdb.com/title/tt0857265/?ref_=sr_t_277,2007,1h 28m,R,6.3,33K
278. Jellyfish,https://www.imdb.com/title/tt0807721/?ref_=sr_t_278,2007,1h 18m,Unrated,7.0,2.8K
279. City of Men,https://www.imdb.com/title/tt0870090/?ref_=sr_t_279,2007,1h 46m,R,7.2,17K
280. For the Bible Tells Me So,https://www.imdb.com/title/tt0912583/?ref_=sr_t_280,2007,1h 35m,Unrated,7.8,4.5K
281. The Life Before Her Eyes,https://www.imdb.com/title/tt0815178/?ref_=sr_t_281,2007,1h 30m,R,6.2,15K
282. O'Horten,https://www.imdb.com/title/tt0962774/?ref_=sr_t_282,2007,1h 30m,PG-13,6.7,4K
283. Crazy Love,https://www.imdb.com/title/tt0790706/?ref_=sr_t_283,2007,1h 32m,PG-13,7.0,2.9K
284. Passage to Zarahemla,https://www.imdb.com/title/tt0479974/?ref_=sr_t_284,2007,1h 30m,PG-13,5.3,326
285. Shootout at Lokhandwala,https://www.imdb.com/title/tt0811066/?ref_=sr_t_285,2007,2h 2m,,7.1,11K
286. The Duchess of Langeais,https://www.imdb.com/title/tt0781435/?ref_=sr_t_286,2007,2h 17m,Unrated,6.5,1.5K
287. Taxi to the Dark Side,https://www.imdb.com/title/tt0854678/?ref_=sr_t_287,2007,1h 46m,R,7.5,17K
288. Planet B-Boy,https://www.imdb.com/title/tt0770796/?ref_=sr_t_288,2007,1h 35m,Unrated,7.6,1K
289. Surfwise,https://www.imdb.com/title/tt0479547/?ref_=sr_t_289,2007,1h 33m,R,7.1,1.7K
290. King of California,https://www.imdb.com/title/tt0388182/?ref_=sr_t_290,2007,1h 33m,PG-13,6.6,24K
291. Honeydripper,https://www.imdb.com/title/tt0829193/?ref_=sr_t_291,2007,2h 4m,PG-13,6.7,2.2K
292. The Grocer's Son,https://www.imdb.com/title/tt0864770/?ref_=sr_t_292,2007,1h 36m,Not Rated,7.0,2.6K
293. Steep,https://www.imdb.com/title/tt1003118/?ref_=sr_t_293,2007,1h 32m,PG,7.2,701
294. Mrs. Worthington's Party,https://www.imdb.com/title/tt1109499/?ref_=sr_t_294,2007,1h 30m,PG,6.0,742
295. Mio fratello è figlio unico,https://www.imdb.com/title/tt0846040/?ref_=sr_t_295,2007,1h 48m,R,7.0,6.8K
296. The Signal,https://www.imdb.com/title/tt0780607/?ref_=sr_t_296,2007,1h 43m,R,6.0,22K
297. Joe Strummer: The Future Is Unwritten,https://www.imdb.com/title/tt0800099/?ref_=sr_t_297,2007,2h 4m,Not Rated,7.5,4.3K
298. Youth Without Youth,https://www.imdb.com/title/tt0481797/?ref_=sr_t_298,2007,2h 4m,R,6.1,14K
299. The Legend of God's Gun,https://www.imdb.com/title/tt1073221/?ref_=sr_t_299,2007,1h 18m,R,3.7,204
"300. Gandhi, My Father",https://www.imdb.com/title/tt0459293/?ref_=sr_t_300,2007,2h 16m,Not Rated,7.3,1.7K
301. Chaos Theory,https://www.imdb.com/title/tt0460745/?ref_=sr_t_301,2007,1h 27m,PG-13,6.6,34K
302. My Kid Could Paint That,https://www.imdb.com/title/tt0912592/?ref_=sr_t_302,2007,1h 22m,PG-13,7.1,3.5K
303. Goal II: Living the Dream,https://www.imdb.com/title/tt0473360/?ref_=sr_t_303,2007,1h 55m,PG-13,5.8,35K
304. Battle in Seattle,https://www.imdb.com/title/tt0850253/?ref_=sr_t_304,2007,1h 38m,R,6.6,15K
305. Surviving My Mother,https://www.imdb.com/title/tt0870222/?ref_=sr_t_305,2007,1h 35m,,5.7,287
306. Eagle vs Shark,https://www.imdb.com/title/tt0494222/?ref_=sr_t_306,2007,1h 28m,R,6.7,27K
307. Dus Kahaniyaan,https://www.imdb.com/title/tt0823451/?ref_=sr_t_307,2007,1h 50m,Not Rated,5.7,1.7K
308. Chris & Don: A Love Story,https://www.imdb.com/title/tt1138002/?ref_=sr_t_308,2007,1h 30m,Not Rated,7.8,1K
309. Trade,https://www.imdb.com/title/tt0399095/?ref_=sr_t_309,2007,2h,R,7.3,18K
310. My Father My Lord,https://www.imdb.com/title/tt1002765/?ref_=sr_t_310,2007,1h 12m,Not Rated,6.8,503
311. What Would Jesus Buy?,https://www.imdb.com/title/tt0939681/?ref_=sr_t_311,2007,1h 31m,PG,6.3,1.2K
312. Constantine's Sword,https://www.imdb.com/title/tt0902270/?ref_=sr_t_312,2007,1h 33m,Not Rated,7.2,879
313. Chicago 10,https://www.imdb.com/title/tt0905979/?ref_=sr_t_313,2007,1h 50m,R,7.3,1.5K
314. My Name Is Bruce,https://www.imdb.com/title/tt0489235/?ref_=sr_t_314,2007,1h 24m,R,6.1,25K
315. In Search of a Midnight Kiss,https://www.imdb.com/title/tt0989000/?ref_=sr_t_315,2007,1h 30m,Not Rated,7.2,8.4K
316. Mister Lonely,https://www.imdb.com/title/tt0475984/?ref_=sr_t_316,2007,1h 52m,Not Rated,6.4,8.5K
317. Dhamaal,https://www.imdb.com/title/tt0845448/?ref_=sr_t_317,2007,2h 16m,,7.5,19K
318. Nanking,https://www.imdb.com/title/tt0893356/?ref_=sr_t_318,2007,1h 28m,R,7.7,3.6K
319. My Winnipeg,https://www.imdb.com/title/tt1093842/?ref_=sr_t_319,2007,1h 20m,Not Rated,7.5,5.8K
320. Girls Rock!,https://www.imdb.com/title/tt1028539/?ref_=sr_t_320,2007,1h 30m,PG,6.8,171
321. Bra Boys,https://www.imdb.com/title/tt0951318/?ref_=sr_t_321,2007,1h 30m,R,6.1,1.4K
322. Music Within,https://www.imdb.com/title/tt0422783/?ref_=sr_t_322,2007,1h 34m,R,7.2,6.1K
323. ShowBusiness: The Road to Broadway,https://www.imdb.com/title/tt0456004/?ref_=sr_t_323,2007,1h 42m,PG,7.8,404
324. Life in a Metro,https://www.imdb.com/title/tt0800956/?ref_=sr_t_324,2007,2h 12m,,7.4,13K
325. Shelter,https://www.imdb.com/title/tt0942384/?ref_=sr_t_325,2007,1h 37m,R,7.6,25K
326. The List,https://www.imdb.com/title/tt0762115/?ref_=sr_t_326,2007,1h 45m,PG,3.8,1.8K
327. The Devil Came on Horseback,https://www.imdb.com/title/tt0912580/?ref_=sr_t_327,2007,1h 25m,,7.7,1.6K
328. Hounddog,https://www.imdb.com/title/tt0415856/?ref_=sr_t_328,2007,1h 38m,R,6.2,6.6K
329. Fados,https://www.imdb.com/title/tt1056422/?ref_=sr_t_329,2007,1h 30m,Unrated,7.1,850
330. The Warlords,https://www.imdb.com/title/tt0913968/?ref_=sr_t_330,2007,2h 6m,R,7.0,28K
331. Alexandra,https://www.imdb.com/title/tt1034427/?ref_=sr_t_331,2007,1h 35m,Not Rated,6.8,2.8K
332. Americanizing Shelley,https://www.imdb.com/title/tt0485185/?ref_=sr_t_332,2007,1h 30m,PG,4.5,666
333. Dhan Dhana Dhan Goal,https://www.imdb.com/title/tt1120897/?ref_=sr_t_333,2007,2h 47m,,5.1,2.9K
334. 12,https://www.imdb.com/title/tt0488478/?ref_=sr_t_334,2007,2h 39m,PG-13,7.6,16K
335. Chop Shop,https://www.imdb.com/title/tt0990404/?ref_=sr_t_335,2007,1h 24m,Unrated,7.2,4.8K
336. The First Saturday in May,https://www.imdb.com/title/tt1003115/?ref_=sr_t_336,2007,1h 36m,PG-13,7.0,145
"337. War Eagle, Arkansas",https://www.imdb.com/title/tt0840406/?ref_=sr_t_337,2007,1h 33m,PG-13,6.2,310
338. Manda Bala (Send a Bullet),https://www.imdb.com/title/tt0912590/?ref_=sr_t_338,2007,1h 25m,Unrated,7.2,1.2K
339. The Secrets,https://www.imdb.com/title/tt0782867/?ref_=sr_t_339,2007,2h 7m,R,7.0,2.3K
340. Reservation Road,https://www.imdb.com/title/tt0831884/?ref_=sr_t_340,2007,1h 42m,R,6.6,25K
341. Katyn,https://www.imdb.com/title/tt0879843/?ref_=sr_t_341,2007,2h 1m,Not Rated,7.1,18K
342. The Grand,https://www.imdb.com/title/tt0427998/?ref_=sr_t_342,2007,1h 44m,R,5.9,6.1K
343. The Other End of the Line,https://www.imdb.com/title/tt1049405/?ref_=sr_t_343,2007,1h 46m,PG-13,6.1,6.4K
344. War Dance,https://www.imdb.com/title/tt0912599/?ref_=sr_t_344,2007,1h 45m,PG-13,7.8,1.2K
345. Rise: Blood Hunter,https://www.imdb.com/title/tt0389328/?ref_=sr_t_345,2007,1h 37m,R,4.9,13K
346. Boy A,https://www.imdb.com/title/tt1078188/?ref_=sr_t_346,2007,1h 46m,R,7.6,39K
347. Days and Clouds,https://www.imdb.com/title/tt0887732/?ref_=sr_t_347,2007,1h 58m,Unrated,6.9,2.3K
348. Darfur Now,https://www.imdb.com/title/tt0988102/?ref_=sr_t_348,2007,1h 38m,PG,6.7,779
349. Trumbo,https://www.imdb.com/title/tt0889671/?ref_=sr_t_349,2007,1h 36m,PG-13,7.4,1.3K
350. Jimmy Carter Man from Plains,https://www.imdb.com/title/tt0913958/?ref_=sr_t_350,2007,2h 5m,PG,7.2,972
351. Evangelion: 1.0 You Are (Not) Alone,https://www.imdb.com/title/tt0923811/?ref_=sr_t_351,2007,1h 38m,PG-13,7.5,29K
352. A Jihad for Love,https://www.imdb.com/title/tt0780046/?ref_=sr_t_352,2007,1h 21m,Unrated,6.4,724
353. King Corn,https://www.imdb.com/title/tt1112115/?ref_=sr_t_353,2007,1h 28m,Unrated,7.0,2.1K
354. Tortilla Heaven,https://www.imdb.com/title/tt0227671/?ref_=sr_t_354,2007,1h 38m,PG-13,5.3,464
355. Mr. Untouchable,https://www.imdb.com/title/tt1086340/?ref_=sr_t_355,2007,1h 32m,R,6.6,968
356. Love Songs,https://www.imdb.com/title/tt0996605/?ref_=sr_t_356,2007,1h 31m,Unrated,7.0,10K
357. Rolling,https://www.imdb.com/title/tt0469966/?ref_=sr_t_357,2007,1h 30m,Not Rated,5.4,459
358. Beaufort,https://www.imdb.com/title/tt0758732/?ref_=sr_t_358,2007,2h 11m,Unrated,6.7,4.9K
359. Québec sur ordonnance,https://www.imdb.com/title/tt1127710/?ref_=sr_t_359,2007,1h 30m,,4.9,43
360. Frontier(s),https://www.imdb.com/title/tt0814685/?ref_=sr_t_360,2007,1h 48m,NC-17,6.2,29K
361. Borderland,https://www.imdb.com/title/tt0452592/?ref_=sr_t_361,2007,1h 45m,R,5.6,11K
362. The Deaths of Ian Stone,https://www.imdb.com/title/tt0810823/?ref_=sr_t_362,2007,1h 27m,R,5.5,14K
363. Lake Dead,https://www.imdb.com/title/tt0839880/?ref_=sr_t_363,2007,1h 30m,R,4.1,3.9K
364. High Stitches,https://www.imdb.com/title/tt0475417/?ref_=sr_t_364,2007,1h 33m,R,4.0,3.9K
365. Tooth and Nail,https://www.imdb.com/title/tt0922642/?ref_=sr_t_365,2007,1h 34m,R,4.7,4K
366. Greetings from the Shore,https://www.imdb.com/title/tt0493421/?ref_=sr_t_366,2007,1h 56m,R,5.9,608
367. The Pool,https://www.imdb.com/title/tt0911024/?ref_=sr_t_367,2007,1h 38m,Unrated,7.2,902
368. Dedication,https://www.imdb.com/title/tt0490579/?ref_=sr_t_368,2007,1h 35m,R,6.6,7.3K
369. The Unforeseen,https://www.imdb.com/title/tt0912596/?ref_=sr_t_369,2007,1h 28m,Not Rated,7.0,375
370. Stranded,https://www.imdb.com/title/tt1157720/?ref_=sr_t_370,2007,2h 10m,Unrated,8.0,1.5K
371. Pete Seeger: The Power of Song,https://www.imdb.com/title/tt1003116/?ref_=sr_t_371,2007,1h 33m,PG,8.4,489
372. How to Cook Your Life,https://www.imdb.com/title/tt0943512/?ref_=sr_t_372,2007,1h 34m,PG-13,5.9,350
373. The Secret of the Grain,https://www.imdb.com/title/tt0487419/?ref_=sr_t_373,2007,2h 31m,Not Rated,7.4,8K
374. Water Lilies,https://www.imdb.com/title/tt0869977/?ref_=sr_t_374,2007,1h 25m,,6.7,14K
375. Kabluey,https://www.imdb.com/title/tt0816545/?ref_=sr_t_375,2007,1h 26m,PG-13,6.5,4.6K
376. Save Me,https://www.imdb.com/title/tt0772200/?ref_=sr_t_376,2007,1h 36m,Not Rated,6.7,2.2K
377. The Walker,https://www.imdb.com/title/tt0783608/?ref_=sr_t_377,2007,1h 48m,R,5.8,6K
378. Cover,https://www.imdb.com/title/tt0765460/?ref_=sr_t_378,2007,1h 38m,PG-13,5.3,727
379. The Witnesses,https://www.imdb.com/title/tt0487273/?ref_=sr_t_379,2007,1h 52m,Not Rated,6.9,2.9K
380. How About You,https://www.imdb.com/title/tt0887745/?ref_=sr_t_380,2007,1h 27m,Not Rated,6.6,1.8K
381. Love Comes Lately,https://www.imdb.com/title/tt0787500/?ref_=sr_t_381,2007,1h 26m,Not Rated,5.5,355
382. Ping Pong Playa,https://www.imdb.com/title/tt0991167/?ref_=sr_t_382,2007,1h 36m,PG-13,5.9,3.1K
383. Fear(s) of the Dark,https://www.imdb.com/title/tt0792986/?ref_=sr_t_383,2007,1h 23m,Unrated,6.6,3.3K
384. A Thousand Years of Good Prayers,https://www.imdb.com/title/tt0838233/?ref_=sr_t_384,2007,1h 23m,Unrated,6.7,1.2K
385. America the Beautiful,https://www.imdb.com/title/tt1040007/?ref_=sr_t_385,2007,1h 45m,PG-13,6.8,484
386. August Evening,https://www.imdb.com/title/tt1020936/?ref_=sr_t_386,2007,2h 8m,PG-13,6.8,289
387. Shoot Down,https://www.imdb.com/title/tt1010046/?ref_=sr_t_387,2007,1h 25m,PG-13,5.8,64
388. Nishabd,https://www.imdb.com/title/tt0824375/?ref_=sr_t_388,2007,1h 50m,Not Rated,5.4,1.8K
389. A Four Letter Word,https://www.imdb.com/title/tt0835034/?ref_=sr_t_389,2007,1h 27m,Unrated,5.3,921
390. Body of War,https://www.imdb.com/title/tt1068634/?ref_=sr_t_390,2007,1h 27m,Unrated,7.8,578
391. Zoo,https://www.imdb.com/title/tt0874423/?ref_=sr_t_391,2007,1h 15m,Unrated,5.5,3K
392. Stuck,https://www.imdb.com/title/tt0758786/?ref_=sr_t_392,2007,1h 25m,R,6.5,10K
393. Lagerfeld Confidential,https://www.imdb.com/title/tt0809439/?ref_=sr_t_393,2007,1h 29m,,6.6,963
394. Redacted,https://www.imdb.com/title/tt0937237/?ref_=sr_t_394,2007,1h 30m,R,6.1,11K
395. A Plumm Summer,https://www.imdb.com/title/tt0834941/?ref_=sr_t_395,2007,1h 39m,PG,6.0,438
396. The Nines,https://www.imdb.com/title/tt0810988/?ref_=sr_t_396,2007,1h 40m,R,6.2,35K
397. Skills Like This,https://www.imdb.com/title/tt0800205/?ref_=sr_t_397,2007,1h 28m,Not Rated,5.8,521
398. Meet Bill,https://www.imdb.com/title/tt0790623/?ref_=sr_t_398,2007,1h 33m,R,6.2,21K
399. A Casa de Alice,https://www.imdb.com/title/tt0984175/?ref_=sr_t_399,2007,1h 32m,Unrated,6.9,680
400. Hallam Foe,https://www.imdb.com/title/tt0466816/?ref_=sr_t_400,2007,1h 35m,R,6.9,13K
401. Silent Light,https://www.imdb.com/title/tt0841925/?ref_=sr_t_401,2007,2h 16m,Not Rated,7.2,6.9K
402. What We Do Is Secret,https://www.imdb.com/title/tt0384683/?ref_=sr_t_402,2007,1h 32m,R,6.3,2.1K
403. Mother of Tears,https://www.imdb.com/title/tt0804507/?ref_=sr_t_403,2007,1h 42m,R,5.0,11K
404. Chapter 27,https://www.imdb.com/title/tt0488988/?ref_=sr_t_404,2007,1h 24m,R,5.6,12K
405. Blood of My Blood,https://www.imdb.com/title/tt0834938/?ref_=sr_t_405,2007,1h 50m,TV-MA,6.8,1.2K
406. Finishing the Game,https://www.imdb.com/title/tt0843850/?ref_=sr_t_406,2007,1h 24m,Not Rated,5.8,1.9K
407. Billy the Kid,https://www.imdb.com/title/tt0971160/?ref_=sr_t_407,2007,1h 24m,PG-13,7.2,608
408. Strength and Honour,https://www.imdb.com/title/tt0787515/?ref_=sr_t_408,2007,1h 35m,R,5.1,1.6K
409. Grace Is Gone,https://www.imdb.com/title/tt0772168/?ref_=sr_t_409,2007,1h 25m,PG-13,6.7,9.8K
410. December Boys,https://www.imdb.com/title/tt0465436/?ref_=sr_t_410,2007,1h 45m,PG-13,6.5,13K
411. Sukiyaki Western Django,https://www.imdb.com/title/tt0906665/?ref_=sr_t_411,2007,2h 1m,R,6.1,16K
412. Boarding Gate,https://www.imdb.com/title/tt0493402/?ref_=sr_t_412,2007,1h 46m,R,5.1,4.2K
413. Alice Neel,https://www.imdb.com/title/tt0914358/?ref_=sr_t_413,2007,1h 21m,Not Rated,7.2,158
414. XXY,https://www.imdb.com/title/tt0995829/?ref_=sr_t_414,2007,1h 26m,Not Rated,7.0,15K
415. Terror's Advocate,https://www.imdb.com/title/tt1032854/?ref_=sr_t_415,2007,2h 15m,Unrated,7.1,1.7K
416. Owl and the Sparrow,https://www.imdb.com/title/tt0971162/?ref_=sr_t_416,2007,1h 37m,PG,7.4,976
417. Breakfast with Scot,https://www.imdb.com/title/tt0910847/?ref_=sr_t_417,2007,1h 35m,PG-13,6.7,3.3K
418. Shotgun Stories,https://www.imdb.com/title/tt0952682/?ref_=sr_t_418,2007,1h 32m,PG-13,7.1,12K
419. Just Another Love Story,https://www.imdb.com/title/tt1024942/?ref_=sr_t_419,2007,1h 40m,Not Rated,7.1,5K
420. Randy and the Mob,https://www.imdb.com/title/tt0466943/?ref_=sr_t_420,2007,1h 31m,PG,5.8,414
421. The Babysitters,https://www.imdb.com/title/tt0796302/?ref_=sr_t_421,2007,1h 28m,R,5.6,13K
422. Irina Palm,https://www.imdb.com/title/tt0762110/?ref_=sr_t_422,2007,1h 43m,R,7.2,7.8K
423. Moving McAllister,https://www.imdb.com/title/tt0444672/?ref_=sr_t_423,2007,1h 29m,PG-13,5.2,3.9K
424. Moving Midway,https://www.imdb.com/title/tt1051245/?ref_=sr_t_424,2007,1h 35m,Not Rated,7.2,184
425. Big Man Japan,https://www.imdb.com/title/tt0997147/?ref_=sr_t_425,2007,1h 53m,PG-13,6.2,4.1K
426. Bliss,https://www.imdb.com/title/tt0978649/?ref_=sr_t_426,2007,2h 3m,,7.5,7.9K
427. Loins of Punjab Presents,https://www.imdb.com/title/tt1012757/?ref_=sr_t_427,2007,1h 28m,Not Rated,7.1,810
428. Refusenik,https://www.imdb.com/title/tt1187354/?ref_=sr_t_428,2007,2h,,8.1,46
429. Timecrimes,https://www.imdb.com/title/tt0480669/?ref_=sr_t_429,2007,1h 32m,R,7.1,71K
430. Moondance Alexander,https://www.imdb.com/title/tt0828065/?ref_=sr_t_430,2007,1h 34m,G,6.2,1.5K
431. Wind Chill,https://www.imdb.com/title/tt0486051/?ref_=sr_t_431,2007,1h 31m,R,5.8,26K
432. Your Mommy Kills Animals!,https://www.imdb.com/title/tt0952693/?ref_=sr_t_432,2007,1h 45m,R,6.6,211
433. Lou Reed: Berlin,https://www.imdb.com/title/tt1093836/?ref_=sr_t_433,2007,1h 25m,PG-13,7.3,876
434. The Tracey Fragments,https://www.imdb.com/title/tt0801526/?ref_=sr_t_434,2007,1h 17m,R,6.0,7.7K
435. Kiss the Bride,https://www.imdb.com/title/tt0893346/?ref_=sr_t_435,2007,1h 40m,R,5.6,1.7K
436. Yella,https://www.imdb.com/title/tt0806686/?ref_=sr_t_436,2007,1h 29m,Not Rated,6.7,4.4K
437. Dark Matter,https://www.imdb.com/title/tt0416675/?ref_=sr_t_437,2007,1h 28m,R,6.0,3.7K
438. I Have Never Forgotten You: The Life & Legacy of Simon Wiesenthal,https://www.imdb.com/title/tt0763852/?ref_=sr_t_438,2007,1h 45m,PG-13,7.9,754
439. Expired,https://www.imdb.com/title/tt0488535/?ref_=sr_t_439,2007,1h 47m,R,6.1,1.6K
440. Before I Forget,https://www.imdb.com/title/tt0846668/?ref_=sr_t_440,2007,1h 48m,Unrated,5.9,516
441. The Dukes,https://www.imdb.com/title/tt0470737/?ref_=sr_t_441,2007,1h 36m,PG-13,5.9,492
442. The Air I Breathe,https://www.imdb.com/title/tt0485851/?ref_=sr_t_442,2007,1h 35m,R,6.7,35K
443. Naked Boys Singing!,https://www.imdb.com/title/tt0928413/?ref_=sr_t_443,2007,1h 35m,Not Rated,5.9,830
444. Hattrick,https://www.imdb.com/title/tt0979891/?ref_=sr_t_444,2007,1h 50m,,4.3,536
445. On Broadway,https://www.imdb.com/title/tt0796339/?ref_=sr_t_445,2007,1h 38m,PG,5.8,329
446. Sex and Death 101,https://www.imdb.com/title/tt0497972/?ref_=sr_t_446,2007,1h 57m,R,5.9,12K
447. Arnolds Park,https://www.imdb.com/title/tt1074931/?ref_=sr_t_447,2007,1h 43m,PG-13,3.9,138
448. Arranged,https://www.imdb.com/title/tt0848542/?ref_=sr_t_448,2007,1h 30m,Not Rated,7.3,3.1K
449. Hannah Takes the Stairs,https://www.imdb.com/title/tt0841108/?ref_=sr_t_449,2007,1h 23m,Not Rated,5.6,2.4K
450. Celebration,https://www.imdb.com/title/tt0970174/?ref_=sr_t_450,2007,1h 14m,,6.5,245
451. The Good Night,https://www.imdb.com/title/tt0484111/?ref_=sr_t_451,2007,1h 33m,R,5.7,8.8K
452. Rails & Ties,https://www.imdb.com/title/tt0822849/?ref_=sr_t_452,2007,1h 41m,PG-13,6.7,4.3K
453. Great World of Sound,https://www.imdb.com/title/tt0826547/?ref_=sr_t_453,2007,1h 46m,R,6.7,1.3K
454. Lovesickness,https://www.imdb.com/title/tt0790709/?ref_=sr_t_454,2007,1h 21m,R,7.0,662
"455. You, the Living",https://www.imdb.com/title/tt0445336/?ref_=sr_t_455,2007,1h 35m,Not Rated,7.4,17K
456. The Cry,https://www.imdb.com/title/tt0808210/?ref_=sr_t_456,2007,1h 23m,R,2.7,588
457. Meeting Resistance,https://www.imdb.com/title/tt0823219/?ref_=sr_t_457,2007,1h 24m,Not Rated,7.8,89
458. The First Basket,https://www.imdb.com/title/tt1171238/?ref_=sr_t_458,2007,1h 26m,Not Rated,7.1,44
459. Glass,https://www.imdb.com/title/tt1092004/?ref_=sr_t_459,2007,1h 59m,Not Rated,7.3,782
460. Steal a Pencil for Me,https://www.imdb.com/title/tt1045889/?ref_=sr_t_460,2007,1h 34m,Not Rated,7.5,433
461. What Love Is,https://www.imdb.com/title/tt0439876/?ref_=sr_t_461,2007,1h 33m,R,5.3,1.6K
462. Severed Ways: The Norse Discovery of America,https://www.imdb.com/title/tt1062965/?ref_=sr_t_462,2007,1h 47m,Not Rated,4.3,569
463. Buddha Mar Gaya,https://www.imdb.com/title/tt1083447/?ref_=sr_t_463,2007,1h 33m,Not Rated,3.0,431
464. Itty Bitty Titty Committee,https://www.imdb.com/title/tt0496328/?ref_=sr_t_464,2007,1h 27m,Not Rated,5.4,3.1K
465. Am Limit,https://www.imdb.com/title/tt0959282/?ref_=sr_t_465,2007,1h 35m,Not Rated,7.1,724
466. The World Unseen,https://www.imdb.com/title/tt1048174/?ref_=sr_t_466,2007,1h 33m,PG-13,6.6,4.8K
467. Holding Trevor,https://www.imdb.com/title/tt0960770/?ref_=sr_t_467,2007,1h 28m,R,5.4,1.5K
468. Day Zero,https://www.imdb.com/title/tt0768183/?ref_=sr_t_468,2007,1h 32m,R,5.9,3K
469. Noise,https://www.imdb.com/title/tt0425308/?ref_=sr_t_469,2007,1h 32m,Not Rated,6.1,4.6K
470. Look,https://www.imdb.com/title/tt0810951/?ref_=sr_t_470,2007,1h 42m,R,6.6,1.9K
471. Time,https://www.imdb.com/title/tt0997185/?ref_=sr_t_471,2007,2h 5m,Not Rated,4.3,175
472. Quiet City,https://www.imdb.com/title/tt0914382/?ref_=sr_t_472,2007,1h 18m,Unrated,6.3,1.5K
473. Descent,https://www.imdb.com/title/tt0463027/?ref_=sr_t_473,2007,1h 44m,NC-17,4.7,3.3K
474. Cthulhu,https://www.imdb.com/title/tt0478126/?ref_=sr_t_474,2007,1h 40m,R,4.6,2.3K
475. All Hat,https://www.imdb.com/title/tt0903131/?ref_=sr_t_475,2007,1h 29m,R,5.1,598
476. The Education of Charlie Banks,https://www.imdb.com/title/tt0783515/?ref_=sr_t_476,2007,1h 40m,R,6.5,5.3K
477. Never Forever,https://www.imdb.com/title/tt0817544/?ref_=sr_t_477,2007,1h 44m,R,6.4,1.7K
478. Desert Bayou,https://www.imdb.com/title/tt0899238/?ref_=sr_t_478,2007,1h 30m,Unrated,6.4,49
479. Full of It,https://www.imdb.com/title/tt0446752/?ref_=sr_t_479,2007,1h 33m,PG-13,5.5,3.5K
480. Ripple Effect,https://www.imdb.com/title/tt0479140/?ref_=sr_t_480,2007,1h 27m,R,4.9,775
481. And Then Came Love,https://www.imdb.com/title/tt0825346/?ref_=sr_t_481,2007,1h 30m,Not Rated,4.7,570
482. Protagonist,https://www.imdb.com/title/tt0905361/?ref_=sr_t_482,2007,1h 30m,R,7.3,574
483. Blind Mountain,https://www.imdb.com/title/tt1020972/?ref_=sr_t_483,2007,1h 35m,,7.5,2.1K
484. My Mexican Shivah,https://www.imdb.com/title/tt0459468/?ref_=sr_t_484,2007,1h 38m,Not Rated,6.7,252
485. Skid Marks,https://www.imdb.com/title/tt0775536/?ref_=sr_t_485,2007,1h 25m,R,3.3,686
486. The Living Wake,https://www.imdb.com/title/tt0489212/?ref_=sr_t_486,2007,1h 31m,PG-13,6.0,983
487. The Go-Getter,https://www.imdb.com/title/tt0479289/?ref_=sr_t_487,2007,1h 33m,R,6.5,5.3K
488. Counter Investigation,https://www.imdb.com/title/tt0825239/?ref_=sr_t_488,2007,1h 25m,Not Rated,6.7,3.9K
489. Angels in the Dust,https://www.imdb.com/title/tt0494203/?ref_=sr_t_489,2007,1h 35m,Unrated,7.7,154
490. Operation Filmmaker,https://www.imdb.com/title/tt0984213/?ref_=sr_t_490,2007,1h 32m,Not Rated,7.0,339
491. Sputnik Fever,https://www.imdb.com/title/tt0937239/?ref_=sr_t_491,2007,1h 27m,Not Rated,7.5,134
492. Lost in Beijing,https://www.imdb.com/title/tt0949489/?ref_=sr_t_492,2007,1h 52m,,6.7,2.4K
493. Rogue,https://www.imdb.com/title/tt0479528/?ref_=sr_t_493,2007,1h 39m,R,6.2,34K
494. Battle for Haditha,https://www.imdb.com/title/tt0870211/?ref_=sr_t_494,2007,1h 37m,R,6.9,7.6K
495. If I Didn't Care,https://www.imdb.com/title/tt0495036/?ref_=sr_t_495,2007,1h 15m,,4.7,257
496. Smiley Face,https://www.imdb.com/title/tt0780608/?ref_=sr_t_496,2007,1h 25m,R,5.8,20K
497. YPF,https://www.imdb.com/title/tt0913445/?ref_=sr_t_497,2007,1h 27m,Not Rated,6.2,20K
498. Slipstream,https://www.imdb.com/title/tt0499570/?ref_=sr_t_498,2007,1h 36m,R,4.8,4.9K
499. Black White + Gray: A Portrait of Sam Wagstaff and Robert Mapplethorpe,https://www.imdb.com/title/tt1003113/?ref_=sr_t_499,2007,1h 17m,Not Rated,7.0,299
500. Elite Squad,https://www.imdb.com/title/tt0861739/?ref_=sr_t_500,2007,1h 55m,R,8.0,113K
501. Closing Escrow,https://www.imdb.com/title/tt0473015/?ref_=sr_t_501,2007,1h 33m,PG,5.4,541
502. Without the King,https://www.imdb.com/title/tt0997233/?ref_=sr_t_502,2007,1h 23m,,6.8,149
503. Amexicano,https://www.imdb.com/title/tt0867241/?ref_=sr_t_503,2007,1h 24m,PG-13,6.9,301
504. Blind Date,https://www.imdb.com/title/tt0480268/?ref_=sr_t_504,2007,1h 20m,TV-MA,5.6,977
505. Weirdsville,https://www.imdb.com/title/tt0758798/?ref_=sr_t_505,2007,1h 30m,R,6.2,4.5K
506. Spinning Into Butter,https://www.imdb.com/title/tt0469976/?ref_=sr_t_506,2007,1h 26m,R,4.4,996
507. A Walk to Beautiful,https://www.imdb.com/title/tt0892112/?ref_=sr_t_507,2007,1h 25m,Not Rated,8.1,205
508. Middonaito îguru,https://www.imdb.com/title/tt0997167/?ref_=sr_t_508,2007,2h 12m,,4.5,153
509. Quantum Hoops,https://www.imdb.com/title/tt1135944/?ref_=sr_t_509,2007,1h 25m,Unrated,7.9,96
510. The Camden 28,https://www.imdb.com/title/tt0808190/?ref_=sr_t_510,2007,1h 23m,Not Rated,7.3,116
511. Anamorph,https://www.imdb.com/title/tt0497323/?ref_=sr_t_511,2007,1h 43m,R,5.4,9.9K
512. Black Irish,https://www.imdb.com/title/tt0455915/?ref_=sr_t_512,2007,1h 35m,R,6.9,2.7K
513. Operation Homecoming: Writing the Wartime Experience,https://www.imdb.com/title/tt0970184/?ref_=sr_t_513,2007,1h 21m,,7.2,446
514. Take,https://www.imdb.com/title/tt0815138/?ref_=sr_t_514,2007,1h 38m,R,5.8,1.7K
515. Skid Row,https://www.imdb.com/title/tt0795381/?ref_=sr_t_515,2007,1h 20m,R,6.4,322
516. One Piece: Episode of Alabasta - The Desert Princess and the Pirates,https://www.imdb.com/title/tt1037116/?ref_=sr_t_516,2007,1h 30m,PG-13,6.8,2.4K
517. Blonde Ambition,https://www.imdb.com/title/tt0887719/?ref_=sr_t_517,2007,1h 33m,PG-13,3.9,6.2K
518. Waiting for Dublin,https://www.imdb.com/title/tt0905642/?ref_=sr_t_518,2007,1h 23m,,4.6,211
519. Choose Connor,https://www.imdb.com/title/tt0495026/?ref_=sr_t_519,2007,1h 49m,Unrated,6.4,336
520. Mr. Blue Sky,https://www.imdb.com/title/tt0852984/?ref_=sr_t_520,2007,1h 24m,,7.2,73
521. The Fall of Night,https://www.imdb.com/title/tt0404034/?ref_=sr_t_521,2007,PG-13,,6.0,36
522. Death Defying Acts,https://www.imdb.com/title/tt0472071/?ref_=sr_t_522,2007,1h 37m,PG,5.8,11K
523. Fired!,https://www.imdb.com/title/tt0816238/?ref_=sr_t_523,2007,1h 11m,Unrated,5.6,421
524. Dog Days of Summer,https://www.imdb.com/title/tt0475255/?ref_=sr_t_524,2007,1h 28m,Not Rated,5.6,466
525. La question humaine,https://www.imdb.com/title/tt0765141/?ref_=sr_t_525,2007,2h 23m,Not Rated,6.2,1.2K
526. A Lawyer Walks Into a Bar...,https://www.imdb.com/title/tt0914850/?ref_=sr_t_526,2007,1h 32m,Not Rated,6.6,196
527. Flash Point,https://www.imdb.com/title/tt0992911/?ref_=sr_t_527,2007,1h 28m,R,6.7,14K
528. Turn the River,https://www.imdb.com/title/tt0811128/?ref_=sr_t_528,2007,1h 32m,R,5.8,2K
529. The Inner Life of Martin Frost,https://www.imdb.com/title/tt0479074/?ref_=sr_t_529,2007,1h 34m,,5.1,741
530. Poisoned by Polonium: The Litvinenko File,https://www.imdb.com/title/tt1038914/?ref_=sr_t_530,2007,1h 45m,Not Rated,7.2,398
531. Everything's Cool,https://www.imdb.com/title/tt0810970/?ref_=sr_t_531,2007,1h 29m,Not Rated,6.8,229
532. Mad Detective,https://www.imdb.com/title/tt0969269/?ref_=sr_t_532,2007,1h 29m,Not Rated,7.1,8.3K
533. Unrelated,https://www.imdb.com/title/tt1107850/?ref_=sr_t_533,2007,1h 40m,Not Rated,6.7,3.1K
534. Wonderful Town,https://www.imdb.com/title/tt1135992/?ref_=sr_t_534,2007,1h 32m,Not Rated,6.5,950
"535. Romulus, My Father",https://www.imdb.com/title/tt0462023/?ref_=sr_t_535,2007,1h 44m,R,6.6,4.4K
536. Twisted: A Balloonamentary,https://www.imdb.com/title/tt0971177/?ref_=sr_t_536,2007,1h 19m,,8.1,43
537. Heavy Metal in Baghdad,https://www.imdb.com/title/tt1092007/?ref_=sr_t_537,2007,1h 24m,R,7.6,1.2K
538. Where God Left His Shoes,https://www.imdb.com/title/tt0756725/?ref_=sr_t_538,2007,1h 36m,Not Rated,7.1,1.2K
539. Genghis Khan: To the Ends of the Earth and Sea,https://www.imdb.com/title/tt0770722/?ref_=sr_t_539,2007,2h 16m,R,6.2,913
540. Fraude: México 2006,https://www.imdb.com/title/tt1132585/?ref_=sr_t_540,2007,1h 50m,,6.7,387
541. Vivere,https://www.imdb.com/title/tt0497467/?ref_=sr_t_541,2007,1h 37m,R,6.2,204
542. Death of a Ghost Hunter,https://www.imdb.com/title/tt1160317/?ref_=sr_t_542,2007,1h 47m,Not Rated,4.3,2.2K
543. The Price of Sugar,https://www.imdb.com/title/tt1045874/?ref_=sr_t_543,2007,1h 30m,Unrated,7.4,210
544. American Fork,https://www.imdb.com/title/tt0790612/?ref_=sr_t_544,2007,1h 24m,PG-13,6.2,717
545. Vexille,https://www.imdb.com/title/tt0970472/?ref_=sr_t_545,2007,1h 49m,PG-13,6.7,7.9K
546. Devil Girl,https://www.imdb.com/title/tt0814077/?ref_=sr_t_546,2007,1h 23m,Not Rated,3.7,216
547. American Zombie,https://www.imdb.com/title/tt0765430/?ref_=sr_t_547,2007,1h 36m,Not Rated,5.0,1.2K
548. Spiral,https://www.imdb.com/title/tt0491162/?ref_=sr_t_548,2007,1h 30m,PG-13,6.3,4K
549. Shrooms,https://www.imdb.com/title/tt0492486/?ref_=sr_t_549,2007,1h 24m,Not Rated,4.6,18K
550. Blood Ties,https://www.imdb.com/title/tt1075636/?ref_=sr_t_550,2007,1h 33m,Not Rated,7.2,79
