Title,Movie Link,Year,Duration,MPA,Rating,Votes
1. Independence Day,https://www.imdb.com/title/tt0116629/?ref_=sr_t_1,1996,2h 25m,PG-13,7.0,620K
2. Twister,https://www.imdb.com/title/tt0117998/?ref_=sr_t_2,1996,1h 53m,PG-13,6.5,241K
3. Mission: Impossible,https://www.imdb.com/title/tt0117060/?ref_=sr_t_3,1996,1h 50m,PG-13,7.2,482K
4. Jerry Maguire,https://www.imdb.com/title/tt0116695/?ref_=sr_t_4,1996,2h 19m,R,7.3,294K
5. Ransom,https://www.imdb.com/title/tt0117438/?ref_=sr_t_5,1996,2h 1m,R,6.7,138K
6. 101 Dalmatians,https://www.imdb.com/title/tt0115433/?ref_=sr_t_6,1996,1h 43m,G,5.8,120K
7. The Rock,https://www.imdb.com/title/tt0117500/?ref_=sr_t_7,1996,2h 16m,R,7.4,366K
8. The Nutty Professor,https://www.imdb.com/title/tt0117218/?ref_=sr_t_8,1996,1h 35m,PG-13,5.7,126K
9. The Birdcage,https://www.imdb.com/title/tt0115685/?ref_=sr_t_9,1996,1h 57m,R,7.2,105K
10. A Time to Kill,https://www.imdb.com/title/tt0117913/?ref_=sr_t_10,1996,2h 29m,R,7.5,187K
11. The First Wives Club,https://www.imdb.com/title/tt0116313/?ref_=sr_t_11,1996,1h 43m,PG,6.4,56K
12. Phenomenon,https://www.imdb.com/title/tt0117333/?ref_=sr_t_12,1996,2h 3m,PG,6.4,86K
13. Scream,https://www.imdb.com/title/tt0117571/?ref_=sr_t_13,1996,1h 51m,R,7.4,409K
14. Eraser,https://www.imdb.com/title/tt0116213/?ref_=sr_t_14,1996,1h 55m,R,6.2,120K
15. The Hunchback of Notre Dame,https://www.imdb.com/title/tt0116583/?ref_=sr_t_15,1996,1h 31m,G,7.0,176K
16. Michael,https://www.imdb.com/title/tt0117038/?ref_=sr_t_16,1996,1h 45m,PG,5.7,46K
17. Star Trek: First Contact,https://www.imdb.com/title/tt0117731/?ref_=sr_t_17,1996,1h 51m,PG-13,7.6,134K
18. Space Jam,https://www.imdb.com/title/tt0117705/?ref_=sr_t_18,1996,1h 28m,PG,6.5,219K
19. The English Patient,https://www.imdb.com/title/tt0116209/?ref_=sr_t_19,1996,2h 42m,R,7.4,207K
20. Broken Arrow,https://www.imdb.com/title/tt0115759/?ref_=sr_t_20,1996,1h 48m,R,6.1,107K
21. Beavis and Butt-Head Do America,https://www.imdb.com/title/tt0115641/?ref_=sr_t_21,1996,1h 21m,PG-13,6.8,61K
22. Jingle All the Way,https://www.imdb.com/title/tt0116705/?ref_=sr_t_22,1996,1h 29m,PG,5.8,122K
23. The Cable Guy,https://www.imdb.com/title/tt0115798/?ref_=sr_t_23,1996,1h 36m,PG-13,6.1,182K
24. Courage Under Fire,https://www.imdb.com/title/tt0115956/?ref_=sr_t_24,1996,1h 56m,R,6.6,61K
25. Jack,https://www.imdb.com/title/tt0116669/?ref_=sr_t_25,1996,1h 53m,PG-13,5.8,65K
26. Executive Decision,https://www.imdb.com/title/tt0116253/?ref_=sr_t_26,1996,2h 13m,R,6.5,63K
27. Primal Fear,https://www.imdb.com/title/tt0117381/?ref_=sr_t_27,1996,2h 9m,R,7.7,255K
28. Tin Cup,https://www.imdb.com/title/tt0117918/?ref_=sr_t_28,1996,2h 15m,R,6.4,54K
29. Sleepers,https://www.imdb.com/title/tt0117665/?ref_=sr_t_29,1996,2h 27m,R,7.5,243K
30. DragonHeart,https://www.imdb.com/title/tt0116136/?ref_=sr_t_30,1996,1h 43m,PG-13,6.4,103K
31. Up Close & Personal,https://www.imdb.com/title/tt0118055/?ref_=sr_t_31,1996,2h 4m,PG-13,6.1,16K
32. Evita,https://www.imdb.com/title/tt0116250/?ref_=sr_t_32,1996,2h 15m,PG,6.3,38K
33. The Preacher's Wife,https://www.imdb.com/title/tt0117372/?ref_=sr_t_33,1996,2h 3m,PG,5.7,14K
34. Romeo + Juliet,https://www.imdb.com/title/tt0117509/?ref_=sr_t_34,1996,2h,PG-13,6.7,249K
35. One Fine Day,https://www.imdb.com/title/tt0117247/?ref_=sr_t_35,1996,1h 48m,PG,6.5,49K
36. The Mirror Has Two Faces,https://www.imdb.com/title/tt0117057/?ref_=sr_t_36,1996,2h 6m,PG-13,6.6,24K
37. Happy Gilmore,https://www.imdb.com/title/tt0116483/?ref_=sr_t_37,1996,1h 32m,PG-13,7.0,258K
38. The Ghost and the Darkness,https://www.imdb.com/title/tt0116409/?ref_=sr_t_38,1996,1h 50m,R,6.8,67K
39. Mars Attacks!,https://www.imdb.com/title/tt0116996/?ref_=sr_t_39,1996,1h 46m,PG-13,6.4,250K
40. Set It Off,https://www.imdb.com/title/tt0117603/?ref_=sr_t_40,1996,2h 3m,R,6.9,19K
41. Shine,https://www.imdb.com/title/tt0117631/?ref_=sr_t_41,1996,1h 45m,PG-13,7.6,57K
42. The Truth About Cats & Dogs,https://www.imdb.com/title/tt0117979/?ref_=sr_t_42,1996,1h 37m,PG-13,6.3,29K
43. A Thin Line Between Love and Hate,https://www.imdb.com/title/tt0117891/?ref_=sr_t_43,1996,1h 48m,R,5.6,5.6K
44. Muppet Treasure Island,https://www.imdb.com/title/tt0117110/?ref_=sr_t_44,1996,1h 39m,G,6.9,28K
45. Matilda,https://www.imdb.com/title/tt0117008/?ref_=sr_t_45,1996,1h 38m,PG,7.0,182K
46. The Long Kiss Goodnight,https://www.imdb.com/title/tt0116908/?ref_=sr_t_46,1996,2h 1m,R,6.8,88K
47. Striptease,https://www.imdb.com/title/tt0117765/?ref_=sr_t_47,1996,1h 55m,R,4.6,49K
48. Daylight,https://www.imdb.com/title/tt0116040/?ref_=sr_t_48,1996,1h 54m,PG-13,6.0,78K
49. Homeward Bound II: Lost in San Francisco,https://www.imdb.com/title/tt0116552/?ref_=sr_t_49,1996,1h 28m,G,5.9,17K
50. Black Sheep,https://www.imdb.com/title/tt0115697/?ref_=sr_t_50,1996,1h 27m,PG-13,6.2,44K
51. Eddie,https://www.imdb.com/title/tt0116168/?ref_=sr_t_51,1996,1h 40m,PG-13,5.2,12K
52. Sgt. Bilko,https://www.imdb.com/title/tt0117608/?ref_=sr_t_52,1996,1h 34m,PG,5.8,24K
53. James and the Giant Peach,https://www.imdb.com/title/tt0116683/?ref_=sr_t_53,1996,1h 19m,PG,6.7,76K
54. The Island of Dr. Moreau,https://www.imdb.com/title/tt0116654/?ref_=sr_t_54,1996,1h 36m,PG-13,4.6,36K
55. Spy Hard,https://www.imdb.com/title/tt0117723/?ref_=sr_t_55,1996,1h 21m,PG-13,5.3,41K
56. Eye for an Eye,https://www.imdb.com/title/tt0116260/?ref_=sr_t_56,1996,1h 41m,R,6.2,19K
57. Harriet the Spy,https://www.imdb.com/title/tt0116493/?ref_=sr_t_57,1996,1h 40m,PG,6.0,11K
58. First Kid,https://www.imdb.com/title/tt0116311/?ref_=sr_t_58,1996,1h 41m,PG,5.2,12K
59. That Thing You Do!,https://www.imdb.com/title/tt0117887/?ref_=sr_t_59,1996,1h 48m,PG,7.0,75K
60. From Dusk Till Dawn,https://www.imdb.com/title/tt0116367/?ref_=sr_t_60,1996,1h 48m,R,7.2,350K
61. Down Periscope,https://www.imdb.com/title/tt0116130/?ref_=sr_t_61,1996,1h 32m,PG-13,6.2,28K
62. Escape from L.A.,https://www.imdb.com/title/tt0116225/?ref_=sr_t_62,1996,1h 41m,R,5.7,82K
63. Fly Away Home,https://www.imdb.com/title/tt0116329/?ref_=sr_t_63,1996,1h 47m,PG,6.9,28K
64. Kingpin,https://www.imdb.com/title/tt0116778/?ref_=sr_t_64,1996,1h 54m,PG-13,6.9,93K
65. The Craft,https://www.imdb.com/title/tt0115963/?ref_=sr_t_65,1996,1h 41m,R,6.5,113K
66. Fargo,https://www.imdb.com/title/tt0116282/?ref_=sr_t_66,1996,1h 38m,R,8.1,743K
67. Sling Blade,https://www.imdb.com/title/tt0117666/?ref_=sr_t_67,1996,2h 15m,R,8.0,101K
68. D3: The Mighty Ducks,https://www.imdb.com/title/tt0116000/?ref_=sr_t_68,1996,1h 44m,PG,5.5,29K
69. The Juror,https://www.imdb.com/title/tt0116731/?ref_=sr_t_69,1996,1h 58m,R,5.7,21K
70. My Fellow Americans,https://www.imdb.com/title/tt0117119/?ref_=sr_t_70,1996,1h 41m,PG-13,6.5,16K
71. Emma,https://www.imdb.com/title/tt0116191/?ref_=sr_t_71,1996,2h,PG,6.6,43K
72. The Quest,https://www.imdb.com/title/tt0117420/?ref_=sr_t_72,1996,1h 35m,PG-13,5.6,29K
73. Bulletproof,https://www.imdb.com/title/tt0115783/?ref_=sr_t_73,1996,1h 24m,R,5.8,41K
74. A Very Brady Sequel,https://www.imdb.com/title/tt0118073/?ref_=sr_t_74,1996,1h 30m,PG-13,5.9,12K
75. High School High,https://www.imdb.com/title/tt0116531/?ref_=sr_t_75,1996,1h 26m,PG-13,5.6,14K
76. Chain Reaction,https://www.imdb.com/title/tt0115857/?ref_=sr_t_76,1996,1h 47m,PG-13,5.7,57K
77. Multiplicity,https://www.imdb.com/title/tt0117108/?ref_=sr_t_77,1996,1h 57m,PG-13,6.1,36K
78. Fear,https://www.imdb.com/title/tt0116287/?ref_=sr_t_78,1996,1h 37m,R,6.2,57K
79. The Glimmer Man,https://www.imdb.com/title/tt0116421/?ref_=sr_t_79,1996,1h 31m,R,5.4,22K
80. City Hall,https://www.imdb.com/title/tt0115907/?ref_=sr_t_80,1996,1h 51m,R,6.2,23K
81. The People vs. Larry Flynt,https://www.imdb.com/title/tt0117318/?ref_=sr_t_81,1996,2h 10m,R,7.3,103K
82. Don't Be a Menace to South Central While Drinking Your Juice in the Hood,https://www.imdb.com/title/tt0116126/?ref_=sr_t_82,1996,1h 29m,R,6.5,64K
83. Flipper,https://www.imdb.com/title/tt0116322/?ref_=sr_t_83,1996,1h 35m,PG,5.3,12K
84. Mother,https://www.imdb.com/title/tt0117091/?ref_=sr_t_84,1996,1h 44m,PG-13,6.9,7.1K
85. Bed of Roses,https://www.imdb.com/title/tt0115644/?ref_=sr_t_85,1996,1h 27m,PG,6.1,8.9K
86. Kazaam,https://www.imdb.com/title/tt0116756/?ref_=sr_t_86,1996,1h 33m,PG,3.1,26K
87. The Fan,https://www.imdb.com/title/tt0116277/?ref_=sr_t_87,1996,1h 56m,R,5.9,52K
88. Last Man Standing,https://www.imdb.com/title/tt0116830/?ref_=sr_t_88,1996,1h 41m,R,6.4,62K
89. The Crow: City of Angels,https://www.imdb.com/title/tt0115986/?ref_=sr_t_89,1996,1h 24m,R,4.6,23K
90. Extreme Measures,https://www.imdb.com/title/tt0116259/?ref_=sr_t_90,1996,1h 58m,R,6.2,21K
91. The Phantom,https://www.imdb.com/title/tt0117331/?ref_=sr_t_91,1996,1h 40m,PG,5.1,36K
92. Fled,https://www.imdb.com/title/tt0116320/?ref_=sr_t_92,1996,1h 38m,R,5.4,10K
93. Diabolique,https://www.imdb.com/title/tt0116095/?ref_=sr_t_93,1996,1h 47m,R,5.5,16K
94. The Frighteners,https://www.imdb.com/title/tt0116365/?ref_=sr_t_94,1996,1h 50m,R,7.1,98K
95. Trainspotting,https://www.imdb.com/title/tt0117951/?ref_=sr_t_95,1996,1h 33m,R,8.1,741K
96. First Strike,https://www.imdb.com/title/tt0116704/?ref_=sr_t_96,1996,1h 47m,PG-13,6.6,23K
97. Thinner,https://www.imdb.com/title/tt0117894/?ref_=sr_t_97,1996,1h 33m,R,5.8,35K
98. The Adventures of Pinocchio,https://www.imdb.com/title/tt0115472/?ref_=sr_t_98,1996,1h 36m,G,5.2,6.4K
99. The Substitute,https://www.imdb.com/title/tt0117774/?ref_=sr_t_99,1996,1h 54m,R,6.0,17K
100. Flirting with Disaster,https://www.imdb.com/title/tt0116324/?ref_=sr_t_100,1996,1h 32m,R,6.7,20K
101. The Chamber,https://www.imdb.com/title/tt0115862/?ref_=sr_t_101,1996,1h 53m,R,6.0,16K
102. Maximum Risk,https://www.imdb.com/title/tt0117011/?ref_=sr_t_102,1996,1h 41m,R,5.6,25K
103. In Love and War,https://www.imdb.com/title/tt0116621/?ref_=sr_t_103,1996,1h 53m,PG-13,5.9,9.3K
104. The Arrival,https://www.imdb.com/title/tt0115571/?ref_=sr_t_104,1996,1h 55m,PG-13,6.2,39K
105. Bio-Dome,https://www.imdb.com/title/tt0115683/?ref_=sr_t_105,1996,1h 28m,PG-13,4.4,30K
106. Secrets & Lies,https://www.imdb.com/title/tt0117589/?ref_=sr_t_106,1996,2h 16m,R,8.0,49K
107. Ghosts of Mississippi,https://www.imdb.com/title/tt0116410/?ref_=sr_t_107,1996,2h 10m,PG-13,6.7,12K
108. The Associate,https://www.imdb.com/title/tt0115580/?ref_=sr_t_108,1996,1h 54m,PG-13,6.1,9.3K
109. Mr. Wrong,https://www.imdb.com/title/tt0117102/?ref_=sr_t_109,1996,1h 36m,PG-13,3.8,5.5K
110. Marvin's Room,https://www.imdb.com/title/tt0116999/?ref_=sr_t_110,1996,1h 38m,PG-13,6.7,31K
111. The Evening Star,https://www.imdb.com/title/tt0116240/?ref_=sr_t_111,1996,2h 9m,PG-13,5.9,5.1K
112. The Spitfire Grill,https://www.imdb.com/title/tt0117718/?ref_=sr_t_112,1996,1h 57m,PG-13,7.0,7.4K
113. Black Mask,https://www.imdb.com/title/tt0115693/?ref_=sr_t_113,1996,1h 39m,R,6.0,13K
114. Lone Star,https://www.imdb.com/title/tt0116905/?ref_=sr_t_114,1996,2h 15m,R,7.4,34K
115. Big Night,https://www.imdb.com/title/tt0115678/?ref_=sr_t_115,1996,1h 49m,R,7.3,24K
116. Alaska,https://www.imdb.com/title/tt0115493/?ref_=sr_t_116,1996,1h 49m,PG,5.8,5.9K
117. Mulholland Falls,https://www.imdb.com/title/tt0117107/?ref_=sr_t_117,1996,1h 47m,R,6.3,20K
118. 2 Days in the Valley,https://www.imdb.com/title/tt0115438/?ref_=sr_t_118,1996,1h 44m,R,6.5,22K
119. Michael Collins,https://www.imdb.com/title/tt0117039/?ref_=sr_t_119,1996,2h 13m,R,7.1,35K
120. Two If by Sea,https://www.imdb.com/title/tt0118002/?ref_=sr_t_120,1996,1h 36m,R,5.3,6.5K
121. Beautiful Girls,https://www.imdb.com/title/tt0115639/?ref_=sr_t_121,1996,1h 52m,R,7.1,35K
122. White Squall,https://www.imdb.com/title/tt0118158/?ref_=sr_t_122,1996,2h 9m,PG-13,6.6,26K
123. Sunset Park,https://www.imdb.com/title/tt0117784/?ref_=sr_t_123,1996,1h 39m,R,5.9,1.9K
124. A Family Thing,https://www.imdb.com/title/tt0116275/?ref_=sr_t_124,1996,1h 49m,PG-13,7.1,4.4K
125. Mrs. Winterbourne,https://www.imdb.com/title/tt0117104/?ref_=sr_t_125,1996,1h 45m,PG-13,6.2,8.9K
126. Night Falls on Manhattan,https://www.imdb.com/title/tt0119783/?ref_=sr_t_126,1996,1h 53m,R,6.6,9.1K
127. Dunston Checks In,https://www.imdb.com/title/tt0116151/?ref_=sr_t_127,1996,1h 28m,PG,5.4,14K
128. Everyone Says I Love You,https://www.imdb.com/title/tt0116242/?ref_=sr_t_128,1996,1h 41m,R,6.7,40K
129. She's the One,https://www.imdb.com/title/tt0117628/?ref_=sr_t_129,1996,1h 36m,R,6.0,19K
130. Shall We Dance?,https://www.imdb.com/title/tt0117615/?ref_=sr_t_130,1996,2h 16m,PG,7.7,12K
131. Hellraiser: Bloodline,https://www.imdb.com/title/tt0116514/?ref_=sr_t_131,1996,1h 25m,R,5.1,25K
132. Celtic Pride,https://www.imdb.com/title/tt0115851/?ref_=sr_t_132,1996,1h 31m,PG-13,5.3,11K
133. Before and After,https://www.imdb.com/title/tt0115645/?ref_=sr_t_133,1996,1h 48m,PG-13,6.1,11K
134. All Dogs Go to Heaven 2,https://www.imdb.com/title/tt0115509/?ref_=sr_t_134,1996,1h 22m,G,5.5,6.9K
135. The Rich Man's Wife,https://www.imdb.com/title/tt0117473/?ref_=sr_t_135,1996,1h 35m,R,5.3,3.5K
136. Larger Than Life,https://www.imdb.com/title/tt0116823/?ref_=sr_t_136,1996,1h 33m,PG,5.6,8K
137. The Great White Hype,https://www.imdb.com/title/tt0116448/?ref_=sr_t_137,1996,1h 31m,R,5.5,11K
138. The Crucible,https://www.imdb.com/title/tt0115988/?ref_=sr_t_138,1996,2h 4m,PG-13,6.8,41K
139. Dear God,https://www.imdb.com/title/tt0116059/?ref_=sr_t_139,1996,1h 52m,PG,5.5,4.3K
140. House Arrest,https://www.imdb.com/title/tt0116571/?ref_=sr_t_140,1996,1h 48m,PG,5.8,9.4K
141. Last Dance,https://www.imdb.com/title/tt0116827/?ref_=sr_t_141,1996,1h 43m,R,5.7,4.8K
142. Bordello of Blood,https://www.imdb.com/title/tt0117826/?ref_=sr_t_142,1996,1h 27m,R,5.4,16K
143. Kolya,https://www.imdb.com/title/tt0116790/?ref_=sr_t_143,1996,1h 51m,PG-13,7.7,16K
144. Get on the Bus,https://www.imdb.com/title/tt0116404/?ref_=sr_t_144,1996,2h,R,6.9,6.2K
145. Mary Reilly,https://www.imdb.com/title/tt0117002/?ref_=sr_t_145,1996,1h 48m,R,5.8,16K
146. The Pallbearer,https://www.imdb.com/title/tt0117283/?ref_=sr_t_146,1996,1h 38m,PG-13,5.0,12K
147. Jane Eyre,https://www.imdb.com/title/tt0116684/?ref_=sr_t_147,1996,1h 52m,PG,6.8,10K
148. Solo,https://www.imdb.com/title/tt0117688/?ref_=sr_t_148,1996,1h 34m,PG-13,4.1,4.6K
149. Heaven's Prisoners,https://www.imdb.com/title/tt0116508/?ref_=sr_t_149,1996,2h 12m,R,5.8,5.9K
150. Girl 6,https://www.imdb.com/title/tt0116414/?ref_=sr_t_150,1996,1h 48m,R,5.3,6.7K
151. Stealing Beauty,https://www.imdb.com/title/tt0117737/?ref_=sr_t_151,1996,1h 58m,R,6.5,31K
152. Hamlet,https://www.imdb.com/title/tt0116477/?ref_=sr_t_152,1996,4h 2m,PG-13,7.7,41K
153. Joe's Apartment,https://www.imdb.com/title/tt0116707/?ref_=sr_t_153,1996,1h 20m,PG-13,5.5,15K
154. Swingers,https://www.imdb.com/title/tt0117802/?ref_=sr_t_154,1996,1h 36m,R,7.2,90K
155. Ed,https://www.imdb.com/title/tt0116165/?ref_=sr_t_155,1996,1h 34m,PG,2.8,9K
156. Bogus,https://www.imdb.com/title/tt0115725/?ref_=sr_t_156,1996,1h 50m,PG,5.4,7.2K
157. To Gillian on Her 37th Birthday,https://www.imdb.com/title/tt0117924/?ref_=sr_t_157,1996,1h 33m,PG-13,5.8,5.2K
158. Kama Sutra: A Tale of Love,https://www.imdb.com/title/tt0116743/?ref_=sr_t_158,1996,1h 54m,,6.0,12K
159. Breaking the Waves,https://www.imdb.com/title/tt0115751/?ref_=sr_t_159,1996,2h 33m,R,7.8,73K
160. Bound,https://www.imdb.com/title/tt0115736/?ref_=sr_t_160,1996,1h 49m,R,7.3,63K
161. Barb Wire,https://www.imdb.com/title/tt0115624/?ref_=sr_t_161,1996,1h 38m,R,3.5,32K
162. Original Gangstas,https://www.imdb.com/title/tt0117260/?ref_=sr_t_162,1996,1h 39m,R,5.7,2.1K
163. The Portrait of a Lady,https://www.imdb.com/title/tt0117364/?ref_=sr_t_163,1996,2h 24m,PG-13,6.2,13K
164. The Trigger Effect,https://www.imdb.com/title/tt0117965/?ref_=sr_t_164,1996,1h 34m,R,5.7,8.2K
165. Moll Flanders,https://www.imdb.com/title/tt0117071/?ref_=sr_t_165,1996,2h 3m,PG-13,6.4,4.6K
166. Carpool,https://www.imdb.com/title/tt0115836/?ref_=sr_t_166,1996,1h 29m,PG,5.0,5.4K
167. Feeling Minnesota,https://www.imdb.com/title/tt0116289/?ref_=sr_t_167,1996,1h 39m,R,5.4,12K
168. Basquiat,https://www.imdb.com/title/tt0115632/?ref_=sr_t_168,1996,1h 47m,R,6.9,23K
169. Waiting for Guffman,https://www.imdb.com/title/tt0118111/?ref_=sr_t_169,1996,1h 24m,R,7.4,31K
170. Unforgettable,https://www.imdb.com/title/tt0118040/?ref_=sr_t_170,1996,1h 57m,R,6.0,6.1K
171. When We Were Kings,https://www.imdb.com/title/tt0118147/?ref_=sr_t_171,1996,1h 28m,PG,7.9,20K
172. Crash,https://www.imdb.com/title/tt0115964/?ref_=sr_t_172,1996,1h 40m,NC-17,6.4,68K
173. Kids in the Hall: Brain Candy,https://www.imdb.com/title/tt0116768/?ref_=sr_t_173,1996,1h 29m,R,6.9,9.6K
174. Brassed Off,https://www.imdb.com/title/tt0115744/?ref_=sr_t_174,1996,1h 48m,R,7.2,21K
175. The Stupids,https://www.imdb.com/title/tt0117768/?ref_=sr_t_175,1996,1h 34m,PG,4.3,7.3K
176. If Lucy Fell,https://www.imdb.com/title/tt0116606/?ref_=sr_t_176,1996,1h 32m,R,4.9,4.4K
177. Faithful,https://www.imdb.com/title/tt0116269/?ref_=sr_t_177,1996,1h 31m,R,5.7,2.3K
178. The Daytrippers,https://www.imdb.com/title/tt0116041/?ref_=sr_t_178,1996,1h 27m,R,7.0,7.7K
179. Snowriders,https://www.imdb.com/title/tt0117677/?ref_=sr_t_179,1996,1h 36m,Unrated,7.8,58
180. Big Bully,https://www.imdb.com/title/tt0115676/?ref_=sr_t_180,1996,1h 30m,PG,4.8,5.7K
181. Surviving Picasso,https://www.imdb.com/title/tt0117791/?ref_=sr_t_181,1996,2h 5m,R,6.3,8K
182. Ridicule,https://www.imdb.com/title/tt0117477/?ref_=sr_t_182,1996,1h 42m,R,7.3,8.3K
183. Race the Sun,https://www.imdb.com/title/tt0117427/?ref_=sr_t_183,1996,1h 40m,PG,5.4,3.4K
184. I Shot Andy Warhol,https://www.imdb.com/title/tt0116594/?ref_=sr_t_184,1996,1h 43m,R,6.6,7.2K
185. Beautiful Thing,https://www.imdb.com/title/tt0115640/?ref_=sr_t_185,1996,1h 30m,R,7.6,26K
186. When the Cat's Away,https://www.imdb.com/title/tt0115856/?ref_=sr_t_186,1996,1h 31m,R,6.9,3.7K
187. Microcosmos,https://www.imdb.com/title/tt0117040/?ref_=sr_t_187,1996,1h 20m,Not Rated,7.9,12K
188. Looking for Richard,https://www.imdb.com/title/tt0116913/?ref_=sr_t_188,1996,1h 51m,PG-13,7.3,8.7K
189. Phat Beach,https://www.imdb.com/title/tt0117332/?ref_=sr_t_189,1996,1h 29m,R,4.0,1.1K
190. Kansas City,https://www.imdb.com/title/tt0116745/?ref_=sr_t_190,1996,1h 56m,R,6.3,5.6K
191. Ponette,https://www.imdb.com/title/tt0117359/?ref_=sr_t_191,1996,1h 37m,Not Rated,7.5,4.8K
192. Walking and Talking,https://www.imdb.com/title/tt0118113/?ref_=sr_t_192,1996,1h 26m,R,6.7,4K
193. The Funeral,https://www.imdb.com/title/tt0116378/?ref_=sr_t_193,1996,1h 39m,R,6.6,9.6K
194. Temptress Moon,https://www.imdb.com/title/tt0116295/?ref_=sr_t_194,1996,2h 10m,R,6.6,2.1K
195. Blood and Wine,https://www.imdb.com/title/tt0115710/?ref_=sr_t_195,1996,1h 41m,R,6.0,11K
196. Bad Moon,https://www.imdb.com/title/tt0115610/?ref_=sr_t_196,1996,1h 20m,R,5.8,8.8K
197. Thieves,https://www.imdb.com/title/tt0118100/?ref_=sr_t_197,1996,1h 57m,R,6.7,2.3K
198. Shiloh,https://www.imdb.com/title/tt0120118/?ref_=sr_t_198,1996,1h 33m,PG,6.3,3.9K
199. Mystery Science Theater 3000: The Movie,https://www.imdb.com/title/tt0117128/?ref_=sr_t_199,1996,1h 13m,PG-13,7.2,19K
200. Female Perversions,https://www.imdb.com/title/tt0116293/?ref_=sr_t_200,1996,2h,R,5.3,2.7K
201. Children of the Revolution,https://www.imdb.com/title/tt0115886/?ref_=sr_t_201,1996,1h 41m,R,6.3,2.4K
202. Prisoner of the Mountains,https://www.imdb.com/title/tt0116754/?ref_=sr_t_202,1996,1h 39m,R,7.5,4.8K
203. Box of Moonlight,https://www.imdb.com/title/tt0115738/?ref_=sr_t_203,1996,1h 52m,R,7.1,6.2K
204. Trees Lounge,https://www.imdb.com/title/tt0117958/?ref_=sr_t_204,1996,1h 35m,R,7.1,18K
205. The Van,https://www.imdb.com/title/tt0118064/?ref_=sr_t_205,1996,1h 40m,R,6.7,4.9K
206. A Chef in Love,https://www.imdb.com/title/tt0117050/?ref_=sr_t_206,1996,1h 40m,PG-13,6.6,842
207. Bloodsport 2,https://www.imdb.com/title/tt0112536/?ref_=sr_t_207,1996,1h 30m,R,4.8,3.9K
208. Some Mother's Son,https://www.imdb.com/title/tt0117690/?ref_=sr_t_208,1996,1h 52m,R,7.2,3.1K
209. American Buffalo,https://www.imdb.com/title/tt0115530/?ref_=sr_t_209,1996,1h 28m,R,5.8,4.1K
210. Grace of My Heart,https://www.imdb.com/title/tt0116442/?ref_=sr_t_210,1996,1h 56m,R,6.7,4.1K
211. SubUrbia,https://www.imdb.com/title/tt0120238/?ref_=sr_t_211,1996,2h 1m,R,6.7,11K
212. It's My Party,https://www.imdb.com/title/tt0113443/?ref_=sr_t_212,1996,1h 50m,R,7.1,3.3K
213. Love Serenade,https://www.imdb.com/title/tt0116930/?ref_=sr_t_213,1996,1h 41m,R,6.7,1.7K
214. The Promise,https://www.imdb.com/title/tt0117398/?ref_=sr_t_214,1996,1h 30m,Not Rated,7.7,8.7K
215. Twelfth Night,https://www.imdb.com/title/tt0117991/?ref_=sr_t_215,1996,2h 14m,PG,7.1,6.5K
216. Bottle Rocket,https://www.imdb.com/title/tt0115734/?ref_=sr_t_216,1996,1h 31m,R,6.9,85K
217. Broken English,https://www.imdb.com/title/tt0115760/?ref_=sr_t_217,1996,1h 32m,NC-17,6.4,758
218. Gabbeh,https://www.imdb.com/title/tt0116384/?ref_=sr_t_218,1996,1h 15m,Not Rated,6.9,3.8K
219. Boys,https://www.imdb.com/title/tt0115742/?ref_=sr_t_219,1996,1h 26m,PG-13,4.9,3.9K
220. Girls Town,https://www.imdb.com/title/tt0116418/?ref_=sr_t_220,1996,1h 30m,R,6.4,821
221. Manny & Lo,https://www.imdb.com/title/tt0116985/?ref_=sr_t_221,1996,1h 28m,R,6.6,2.3K
222. Bitter Sugar,https://www.imdb.com/title/tt0115600/?ref_=sr_t_222,1996,1h 15m,,7.0,648
223. The Eighth Day,https://www.imdb.com/title/tt0116581/?ref_=sr_t_223,1996,1h 58m,,7.5,10K
224. Jude,https://www.imdb.com/title/tt0116722/?ref_=sr_t_224,1996,2h 3m,R,6.9,11K
225. Mother Night,https://www.imdb.com/title/tt0117093/?ref_=sr_t_225,1996,1h 54m,R,7.1,5.7K
226. The Whole Wide World,https://www.imdb.com/title/tt0118163/?ref_=sr_t_226,1996,1h 51m,PG,7.0,4.2K
227. Albino Alligator,https://www.imdb.com/title/tt0115495/?ref_=sr_t_227,1996,1h 34m,R,6.1,8.7K
228. Kissed,https://www.imdb.com/title/tt0116783/?ref_=sr_t_228,1996,1h 18m,,6.4,4.1K
229. Lilies,https://www.imdb.com/title/tt0116882/?ref_=sr_t_229,1996,1h 35m,R,7.3,2.9K
230. Different for Girls,https://www.imdb.com/title/tt0116102/?ref_=sr_t_230,1996,1h 32m,R,7.0,2.1K
231. Freeway,https://www.imdb.com/title/tt0116361/?ref_=sr_t_231,1996,1h 44m,R,6.8,33K
232. Love and Other Catastrophes,https://www.imdb.com/title/tt0116931/?ref_=sr_t_232,1996,1h 18m,R,6.4,2.1K
233. Carried Away,https://www.imdb.com/title/tt0115837/?ref_=sr_t_233,1996,1h 49m,R,6.3,1.8K
234. Citizen Ruth,https://www.imdb.com/title/tt0115906/?ref_=sr_t_234,1996,1h 46m,R,7.0,9.3K
235. Irma Vep,https://www.imdb.com/title/tt0116650/?ref_=sr_t_235,1996,1h 39m,Not Rated,7.0,10K
236. Unhook the Stars,https://www.imdb.com/title/tt0118044/?ref_=sr_t_236,1996,1h 43m,R,6.5,2.4K
237. Foxfire,https://www.imdb.com/title/tt0116353/?ref_=sr_t_237,1996,1h 42m,R,6.1,9.9K
238. Hollow Reed,https://www.imdb.com/title/tt0113314/?ref_=sr_t_238,1996,1h 44m,R,7.2,1.2K
239. Hard Eight,https://www.imdb.com/title/tt0119256/?ref_=sr_t_239,1996,1h 41m,R,7.1,56K
240. Santa with Muscles,https://www.imdb.com/title/tt0117550/?ref_=sr_t_240,1996,1h 37m,PG,2.6,9.8K
241. Ayn Rand: A Sense of Life,https://www.imdb.com/title/tt0118662/?ref_=sr_t_241,1996,2h 25m,Not Rated,6.5,657
242. A Summer's Tale,https://www.imdb.com/title/tt0115940/?ref_=sr_t_242,1996,1h 53m,G,7.6,11K
243. Getting Away with Murder,https://www.imdb.com/title/tt0116405/?ref_=sr_t_243,1996,1h 31m,R,4.7,1.5K
244. Infinity,https://www.imdb.com/title/tt0116635/?ref_=sr_t_244,1996,1h 59m,PG,6.1,2K
245. Beyond Silence,https://www.imdb.com/title/tt0116692/?ref_=sr_t_245,1996,1h 49m,PG-13,7.4,4.7K
246. Hotel de Love,https://www.imdb.com/title/tt0116565/?ref_=sr_t_246,1996,1h 36m,R,6.1,686
247. X,https://www.imdb.com/title/tt0118200/?ref_=sr_t_247,1996,1h 40m,R,6.1,2.9K
248. A Perfect Candidate,https://www.imdb.com/title/tt0117320/?ref_=sr_t_248,1996,1h 45m,,7.3,295
249. Mad Dog Time,https://www.imdb.com/title/tt0116953/?ref_=sr_t_249,1996,1h 33m,R,5.4,3.8K
250. Ed's Next Move,https://www.imdb.com/title/tt0116167/?ref_=sr_t_250,1996,1h 28m,R,6.3,483
251. The Secret Agent,https://www.imdb.com/title/tt0117582/?ref_=sr_t_251,1996,1h 35m,R,5.6,2.6K
252. Family Resemblances,https://www.imdb.com/title/tt0118015/?ref_=sr_t_252,1996,1h 50m,Not Rated,7.4,5.6K
253. Ripe,https://www.imdb.com/title/tt0117482/?ref_=sr_t_253,1996,1h 32m,R,4.7,1.1K
254. August,https://www.imdb.com/title/tt0115591/?ref_=sr_t_254,1996,1h 34m,PG,5.8,885
255. Love Is All There Is,https://www.imdb.com/title/tt0116928/?ref_=sr_t_255,1996,1h 45m,R,5.0,1.5K
256. Intimate Relations,https://www.imdb.com/title/tt0116643/?ref_=sr_t_256,1996,1h 45m,R,6.2,843
257. Reggie's Prayer,https://www.imdb.com/title/tt0117457/?ref_=sr_t_257,1996,1h 34m,Not Rated,4.6,200
258. Follow Me Home,https://www.imdb.com/title/tt0119138/?ref_=sr_t_258,1996,1h 40m,Unrated,6.7,236
259. Will It Snow for Christmas?,https://www.imdb.com/title/tt0118201/?ref_=sr_t_259,1996,1h 30m,,7.0,901
260. The Ogre,https://www.imdb.com/title/tt0118043/?ref_=sr_t_260,1996,1h 58m,R,6.8,2.7K
261. Johns,https://www.imdb.com/title/tt0116714/?ref_=sr_t_261,1996,1h 36m,R,6.3,1.9K
262. The Line King: The Al Hirschfeld Story,https://www.imdb.com/title/tt0116886/?ref_=sr_t_262,1996,1h 26m,Not Rated,7.3,446
263. Hamsun,https://www.imdb.com/title/tt0116480/?ref_=sr_t_263,1996,2h 39m,Not Rated,7.2,1.7K
264. Curdled,https://www.imdb.com/title/tt0115994/?ref_=sr_t_264,1996,1h 28m,R,5.9,5.7K
265. The War at Home,https://www.imdb.com/title/tt0118117/?ref_=sr_t_265,1996,2h 3m,R,6.9,2.7K
266. Bandwagon,https://www.imdb.com/title/tt0112454/?ref_=sr_t_266,1996,1h 43m,Not Rated,7.1,681
267. Wedding Bell Blues,https://www.imdb.com/title/tt0118127/?ref_=sr_t_267,1996,1h 42m,R,5.1,516
268. Mandela,https://www.imdb.com/title/tt0116980/?ref_=sr_t_268,1996,1h 58m,,7.0,408
269. Good Luck,https://www.imdb.com/title/tt0116439/?ref_=sr_t_269,1996,1h 32m,R,6.1,555
270. Cosi,https://www.imdb.com/title/tt0115951/?ref_=sr_t_270,1996,1h 40m,R,6.6,2.3K
271. Man with a Plan,https://www.imdb.com/title/tt0113758/?ref_=sr_t_271,1996,1h 29m,,8.1,150
272. Head Above Water,https://www.imdb.com/title/tt0116502/?ref_=sr_t_272,1996,1h 32m,PG-13,6.0,8.4K
273. The Substance of Fire,https://www.imdb.com/title/tt0117773/?ref_=sr_t_273,1996,1h 37m,R,6.0,695
274. Gray's Anatomy,https://www.imdb.com/title/tt0116447/?ref_=sr_t_274,1996,1h 20m,Not Rated,6.8,2.6K
275. I'm Not Rappaport,https://www.imdb.com/title/tt0116601/?ref_=sr_t_275,1996,2h 15m,PG-13,6.5,1.9K
276. The Winner,https://www.imdb.com/title/tt0118174/?ref_=sr_t_276,1996,1h 32m,R,4.7,945
277. Carla's Song,https://www.imdb.com/title/tt0115832/?ref_=sr_t_277,1996,2h 7m,TV-MA,6.8,3.6K
278. For Ever Mozart,https://www.imdb.com/title/tt0116334/?ref_=sr_t_278,1996,1h 24m,Not Rated,6.1,1.2K
279. Dream for an Insomniac,https://www.imdb.com/title/tt0116141/?ref_=sr_t_279,1996,1h 30m,R,5.9,3K
280. Naked Acts,https://www.imdb.com/title/tt0119755/?ref_=sr_t_280,1996,1h 27m,R,6.2,57
281. Normal Life,https://www.imdb.com/title/tt0117202/?ref_=sr_t_281,1996,1h 41m,R,6.2,2.6K
282. The Last Big Thing,https://www.imdb.com/title/tt0161743/?ref_=sr_t_282,1996,1h 38m,R,6.4,431
283. The Sunchaser,https://www.imdb.com/title/tt0117781/?ref_=sr_t_283,1996,2h 2m,R,6.1,5.4K
284. Trojan Eddie,https://www.imdb.com/title/tt0117969/?ref_=sr_t_284,1996,1h 45m,,6.1,333
"285. I Love You, I Love You Not",https://www.imdb.com/title/tt0116592/?ref_=sr_t_285,1996,1h 28m,PG-13,5.3,2.9K
286. The Leading Man,https://www.imdb.com/title/tt0116845/?ref_=sr_t_286,1996,1h 40m,R,5.6,1.6K
287. Girlfriends,https://www.imdb.com/title/tt0164610/?ref_=sr_t_287,1996,,,8.6,10
288. Comrades: Almost a Love Story,https://www.imdb.com/title/tt0117905/?ref_=sr_t_288,1996,1h 58m,,8.1,8.2K
289. Breathing Room,https://www.imdb.com/title/tt0115754/?ref_=sr_t_289,1996,1h 30m,R,5.0,157
290. Hard Core Logo,https://www.imdb.com/title/tt0116488/?ref_=sr_t_290,1996,1h 32m,R,7.2,2.9K
291. Hit Me,https://www.imdb.com/title/tt0116538/?ref_=sr_t_291,1996,2h 5m,R,5.4,527
292. Schizopolis,https://www.imdb.com/title/tt0117561/?ref_=sr_t_292,1996,1h 36m,Not Rated,6.7,6.2K
293. I Was a Jewish Sex Worker,https://www.imdb.com/title/tt0116595/?ref_=sr_t_293,1996,1h 12m,,6.2,28
294. The Last of the High Kings,https://www.imdb.com/title/tt0116833/?ref_=sr_t_294,1996,1h 43m,R,6.1,2K
295. Devil's Island,https://www.imdb.com/title/tt0116116/?ref_=sr_t_295,1996,1h 39m,,7.1,1.1K
296. The Other Side of Sunday,https://www.imdb.com/title/tt0117817/?ref_=sr_t_296,1996,1h 43m,PG-13,6.9,1.3K
297. The Empty Mirror,https://www.imdb.com/title/tt0116192/?ref_=sr_t_297,1996,1h 58m,PG-13,5.7,363
298. Stella Does Tricks,https://www.imdb.com/title/tt0117739/?ref_=sr_t_298,1996,1h 39m,Not Rated,6.3,681
299. Eden,https://www.imdb.com/title/tt0119049/?ref_=sr_t_299,1996,1h 46m,R,5.7,367
300. Guy,https://www.imdb.com/title/tt0116465/?ref_=sr_t_300,1996,1h 34m,R,6.1,600
301. Childhood's End,https://www.imdb.com/title/tt0115880/?ref_=sr_t_301,1996,1h 55m,Unrated,4.7,253
302. I'm Crazy About Iris Blond,https://www.imdb.com/title/tt0117695/?ref_=sr_t_302,1996,1h 50m,R,6.2,1.5K
303. Tell the Truth and Run: George Seldes and the American Press,https://www.imdb.com/title/tt0117873/?ref_=sr_t_303,1996,1h 30m,Not Rated,7.7,148
304. The Shot,https://www.imdb.com/title/tt0117638/?ref_=sr_t_304,1996,1h 23m,R,5.6,66
305. The Watermelon Woman,https://www.imdb.com/title/tt0118125/?ref_=sr_t_305,1996,1h 25m,Unrated,7.1,4K
306. American Strays,https://www.imdb.com/title/tt0115531/?ref_=sr_t_306,1996,1h 37m,R,5.2,753
307. Pusher,https://www.imdb.com/title/tt0117407/?ref_=sr_t_307,1996,1h 50m,Not Rated,7.3,46K
"308. Pretty Village, Pretty Flame",https://www.imdb.com/title/tt0116860/?ref_=sr_t_308,1996,1h 55m,,8.6,18K
309. Santa Claws,https://www.imdb.com/title/tt0117549/?ref_=sr_t_309,1996,1h 23m,R,3.1,914
310. The Apartment,https://www.imdb.com/title/tt0115561/?ref_=sr_t_310,1996,1h 56m,R,7.3,16K
311. Space Truckers,https://www.imdb.com/title/tt0120199/?ref_=sr_t_311,1996,1h 35m,PG-13,5.4,9.1K
312. Thesis,https://www.imdb.com/title/tt0117883/?ref_=sr_t_312,1996,2h 5m,R,7.4,44K
313. Day of the Warrior,https://www.imdb.com/title/tt0116039/?ref_=sr_t_313,1996,1h 36m,R,3.8,1.7K
314. Bastard Out of Carolina,https://www.imdb.com/title/tt0115633/?ref_=sr_t_314,1996,1h 38m,R,7.3,4.9K
315. The Dentist,https://www.imdb.com/title/tt0116075/?ref_=sr_t_315,1996,1h 32m,R,5.4,11K
316. Paradise Lost: The Child Murders at Robin Hood Hills,https://www.imdb.com/title/tt0117293/?ref_=sr_t_316,1996,2h 30m,Not Rated,8.2,19K
317. Pinocchio's Revenge,https://www.imdb.com/title/tt0117342/?ref_=sr_t_317,1996,1h 36m,R,4.1,2.5K
318. Tromeo and Juliet,https://www.imdb.com/title/tt0114733/?ref_=sr_t_318,1996,1h 47m,R,6.0,7K
319. Bullet,https://www.imdb.com/title/tt0115781/?ref_=sr_t_319,1996,1h 36m,R,6.4,9.2K
320. Larry Mahoney,https://www.imdb.com/title/tt28642224/?ref_=sr_t_320,1996,,,,
321. The Bandit,https://www.imdb.com/title/tt0116231/?ref_=sr_t_321,1996,2h 8m,Not Rated,8.1,73K
322. Babe Watch: Forbidden Parody,https://www.imdb.com/title/tt0115604/?ref_=sr_t_322,1996,1h 33m,Not Rated,3.0,362
323. Friend of the Family II,https://www.imdb.com/title/tt0126312/?ref_=sr_t_323,1996,1h 23m,Unrated,4.4,462
324. Riot,https://www.imdb.com/title/tt0117481/?ref_=sr_t_324,1996,1h 34m,R,5.4,582
325. Naked Souls,https://www.imdb.com/title/tt0113926/?ref_=sr_t_325,1996,1h 25m,R,3.3,1.9K
326. Femalien,https://www.imdb.com/title/tt0116294/?ref_=sr_t_326,1996,1h 29m,R,4.7,1.1K
327. Mr. Toad's Wild Ride,https://www.imdb.com/title/tt0118172/?ref_=sr_t_327,1996,1h 28m,PG,6.2,3.5K
328. Masseuse,https://www.imdb.com/title/tt0117005/?ref_=sr_t_328,1996,1h 33m,R,3.5,557
329. Electra,https://www.imdb.com/title/tt0112942/?ref_=sr_t_329,1996,1h 27m,R,3.3,1K
330. The Hunters,https://www.imdb.com/title/tt0116736/?ref_=sr_t_330,1996,1h 53m,R,7.0,9.7K
331. Repligator,https://www.imdb.com/title/tt0146233/?ref_=sr_t_331,1996,1h 26m,Not Rated,3.0,480
332. Little Witches,https://www.imdb.com/title/tt0116897/?ref_=sr_t_332,1996,1h 30m,R,4.0,1.8K
333. The Cyclone,https://www.imdb.com/title/tt0115899/?ref_=sr_t_333,1996,1h 33m,,6.8,5.2K
334. No Way Home,https://www.imdb.com/title/tt0117194/?ref_=sr_t_334,1996,1h 39m,R,6.7,1.9K
335. The Stendhal Syndrome,https://www.imdb.com/title/tt0117658/?ref_=sr_t_335,1996,1h 53m,Not Rated,6.0,9.4K
336. Ellinors bröllop,https://www.imdb.com/title/tt0116188/?ref_=sr_t_336,1996,1h 31m,,4.6,101
337. Drifting Clouds,https://www.imdb.com/title/tt0116752/?ref_=sr_t_337,1996,1h 35m,Not Rated,7.6,9.6K
338. Loch Ness,https://www.imdb.com/title/tt0113682/?ref_=sr_t_338,1996,1h 41m,PG,5.5,5K
339. Playback,https://www.imdb.com/title/tt0114142/?ref_=sr_t_339,1996,1h 32m,R,4.2,533
340. Perfect Love,https://www.imdb.com/title/tt0117296/?ref_=sr_t_340,1996,1h 50m,Unrated,6.2,583
341. Tales of Erotica,https://www.imdb.com/title/tt0117827/?ref_=sr_t_341,1996,2h 50m,R,4.5,339
342. Indian,https://www.imdb.com/title/tt0116630/?ref_=sr_t_342,1996,3h 5m,,8.1,15K
343. The Green Planet,https://www.imdb.com/title/tt0115650/?ref_=sr_t_343,1996,1h 39m,,7.1,5.7K
344. Huntress: Spirit of the Night,https://www.imdb.com/title/tt0113361/?ref_=sr_t_344,1996,1h 26m,R,4.0,582
345. Ebola Syndrome,https://www.imdb.com/title/tt0116163/?ref_=sr_t_345,1996,1h 38m,Not Rated,6.5,5.1K
346. How the Toys Saved Christmas,https://www.imdb.com/title/tt0122494/?ref_=sr_t_346,1996,1h 18m,Not Rated,6.5,639
347. Dinosaur Valley Girls,https://www.imdb.com/title/tt0116106/?ref_=sr_t_347,1996,1h 34m,Unrated,3.2,313
348. A Step Toward Tomorrow,https://www.imdb.com/title/tt0117740/?ref_=sr_t_348,1996,1h 33m,G,6.7,304
349. Silent Trigger,https://www.imdb.com/title/tt0117653/?ref_=sr_t_349,1996,1h 33m,R,5.3,4.6K
350. Dating the Enemy,https://www.imdb.com/title/tt0116036/?ref_=sr_t_350,1996,1h 37m,,6.3,2.1K
351. Puddle Cruiser,https://www.imdb.com/title/tt0144557/?ref_=sr_t_351,1996,1h 42m,R,5.5,2.8K
352. Killer Tongue,https://www.imdb.com/title/tt0116770/?ref_=sr_t_352,1996,1h 38m,R,4.6,1.4K
353. Shootfighter II,https://www.imdb.com/title/tt0114433/?ref_=sr_t_353,1996,1h 31m,R,4.9,841
354. Sworn to Justice,https://www.imdb.com/title/tt0117803/?ref_=sr_t_354,1996,1h 37m,R,5.0,1K
355. Caught,https://www.imdb.com/title/tt0115847/?ref_=sr_t_355,1996,1h 50m,R,6.5,1.7K
356. Fudoh: The New Generation,https://www.imdb.com/title/tt0123092/?ref_=sr_t_356,1996,1h 38m,,7.0,3.9K
357. La lupa,https://www.imdb.com/title/tt0116942/?ref_=sr_t_357,1996,1h 35m,,4.8,212
358. Head of the Family,https://www.imdb.com/title/tt0116503/?ref_=sr_t_358,1996,1h 22m,R,5.3,2.8K
359. Mary Jane's Not a Virgin Anymore,https://www.imdb.com/title/tt0117001/?ref_=sr_t_359,1996,1h 38m,Not Rated,6.0,515
360. Killer Condom,https://www.imdb.com/title/tt0116791/?ref_=sr_t_360,1996,1h 47m,Not Rated,5.4,3.5K
361. Mojave Moon,https://www.imdb.com/title/tt0117070/?ref_=sr_t_361,1996,1h 35m,R,5.2,2.8K
362. Dragon Ball: The Path to Power,https://www.imdb.com/title/tt0142250/?ref_=sr_t_362,1996,1h 20m,Unrated,7.2,3K
363. The Glass Cage,https://www.imdb.com/title/tt0116420/?ref_=sr_t_363,1996,1h 36m,R,4.1,292
364. The Delta,https://www.imdb.com/title/tt0116070/?ref_=sr_t_364,1996,1h 25m,Unrated,5.6,999
365. Cosmos,https://www.imdb.com/title/tt0118889/?ref_=sr_t_365,1996,1h 39m,,6.4,976
366. Khamoshi the Musical,https://www.imdb.com/title/tt0116763/?ref_=sr_t_366,1996,2h 40m,Not Rated,7.5,4.8K
367. Maachis,https://www.imdb.com/title/tt0116950/?ref_=sr_t_367,1996,2h 40m,Not Rated,7.7,2.5K
368. She-Shaman,https://www.imdb.com/title/tt0117808/?ref_=sr_t_368,1996,1h 50m,,5.8,1.8K
369. My Man,https://www.imdb.com/title/tt0117073/?ref_=sr_t_369,1996,1h 39m,Unrated,6.2,1.8K
370. The Christmas Party,https://www.imdb.com/title/tt0116717/?ref_=sr_t_370,1996,1h 24m,,6.9,480
371. The Boys Club,https://www.imdb.com/title/tt0118763/?ref_=sr_t_371,1996,1h 31m,R,6.2,1.4K
372. Viva Erotica,https://www.imdb.com/title/tt0117575/?ref_=sr_t_372,1996,1h 39m,,6.7,1K
373. Sweet Evil,https://www.imdb.com/title/tt0116306/?ref_=sr_t_373,1996,1h 36m,R,4.9,358
374. Marquis de Sade,https://www.imdb.com/title/tt0116995/?ref_=sr_t_374,1996,1h 33m,R,4.3,691
375. Petticoat Planet,https://www.imdb.com/title/tt0117330/?ref_=sr_t_375,1996,1h 18m,R,2.9,588
376. Fire,https://www.imdb.com/title/tt0116308/?ref_=sr_t_376,1996,1h 44m,PG-13,7.1,6.5K
377. Crossworlds,https://www.imdb.com/title/tt0115985/?ref_=sr_t_377,1996,1h 31m,PG-13,5.3,3.2K
378. Jakten på nyresteinen,https://www.imdb.com/title/tt0116681/?ref_=sr_t_378,1996,1h 31m,Not Rated,5.6,1.2K
379. Bambola,https://www.imdb.com/title/tt0115794/?ref_=sr_t_379,1996,1h 32m,Not Rated,4.5,1.6K
380. Sabotage,https://www.imdb.com/title/tt0117533/?ref_=sr_t_380,1996,1h 39m,R,5.8,1.9K
381. White Tiger,https://www.imdb.com/title/tt0118159/?ref_=sr_t_381,1996,1h 33m,R,5.1,720
"382. Henry: Portrait of a Serial Killer, Part 2",https://www.imdb.com/title/tt0116516/?ref_=sr_t_382,1996,1h 24m,R,5.0,1.3K
383. The Jaguar,https://www.imdb.com/title/tt0116676/?ref_=sr_t_383,1996,1h 40m,Not Rated,6.0,5K
384. Damien's Seed,https://www.imdb.com/title/tt0129857/?ref_=sr_t_384,1996,1h 30m,R,4.9,249
385. Scream Queens' Naked Christmas,https://www.imdb.com/title/tt0180984/?ref_=sr_t_385,1996,1h,,4.4,74
386. A Self-Made Hero,https://www.imdb.com/title/tt0118020/?ref_=sr_t_386,1996,1h 47m,Not Rated,7.2,3.4K
387. Chaahat,https://www.imdb.com/title/tt0172234/?ref_=sr_t_387,1996,2h 31m,Not Rated,5.5,3.3K
388. Feeders,https://www.imdb.com/title/tt0183072/?ref_=sr_t_388,1996,1h 9m,Unrated,2.5,1.2K
389. Black Jack: The Movie,https://www.imdb.com/title/tt0106421/?ref_=sr_t_389,1996,1h 30m,Not Rated,6.7,1.2K
390. Butch Camp,https://www.imdb.com/title/tt0122417/?ref_=sr_t_390,1996,1h 41m,Not Rated,5.1,379
391. Sardari Begum,https://www.imdb.com/title/tt0286942/?ref_=sr_t_391,1996,1h 56m,,7.1,229
392. A Moment of Innocence,https://www.imdb.com/title/tt0117214/?ref_=sr_t_392,1996,1h 18m,Not Rated,7.7,4.6K
393. Rubber's Lover,https://www.imdb.com/title/tt0227408/?ref_=sr_t_393,1996,1h 31m,Not Rated,6.3,1.1K
394. Segurista,https://www.imdb.com/title/tt0117594/?ref_=sr_t_394,1996,1h 51m,,6.8,170
395. Conspirators of Pleasure,https://www.imdb.com/title/tt0117715/?ref_=sr_t_395,1996,1h 25m,,7.3,3.8K
396. One Man's Justice,https://www.imdb.com/title/tt0113999/?ref_=sr_t_396,1996,1h 40m,R,5.3,1.3K
397. Ringer,https://www.imdb.com/title/tt0117480/?ref_=sr_t_397,1996,1h 46m,R,4.5,306
398. Forest Warrior,https://www.imdb.com/title/tt0116341/?ref_=sr_t_398,1996,1h 33m,PG,3.6,3K
399. Telo bez duse,https://www.imdb.com/title/tt0115722/?ref_=sr_t_399,1996,1h 34m,R,6.7,725
400. Far Harbor,https://www.imdb.com/title/tt0116281/?ref_=sr_t_400,1996,1h 39m,R,4.6,473
401. Adrenalin: Fear the Rush,https://www.imdb.com/title/tt0115471/?ref_=sr_t_401,1996,1h 17m,R,3.8,3.9K
402. Jaan,https://www.imdb.com/title/tt0151090/?ref_=sr_t_402,1996,2h 50m,Not Rated,4.3,684
403. The Money Masters,https://www.imdb.com/title/tt1954955/?ref_=sr_t_403,1996,3h 30m,,8.6,789
404. New Jin Pin Mei V,https://www.imdb.com/title/tt12952680/?ref_=sr_t_404,1996,1h 29m,,6.5,25
405. The Macabre Pair of Shorts,https://www.imdb.com/title/tt0116951/?ref_=sr_t_405,1996,1h 16m,,3.6,164
406. Alien Abduction: Intimate Secrets,https://www.imdb.com/title/tt0115500/?ref_=sr_t_406,1996,1h 30m,R,3.5,297
407. Young and Dangerous 2,https://www.imdb.com/title/tt0260932/?ref_=sr_t_407,1996,1h 41m,,6.7,1.3K
408. My Friend Joe,https://www.imdb.com/title/tt0117015/?ref_=sr_t_408,1996,1h 41m,,6.6,314
409. Watch Me Fly,https://www.imdb.com/title/tt0114766/?ref_=sr_t_409,1996,1h 20m,,5.8,232
410. Poove Unakkaga,https://www.imdb.com/title/tt2325915/?ref_=sr_t_410,1996,2h 30m,,8.6,7.3K
411. Kureyon Shin-chan: Hendârando no daibôken,https://www.imdb.com/title/tt2643796/?ref_=sr_t_411,1996,1h 33m,,7.0,552
412. Virgin People 2,https://www.imdb.com/title/tt0369046/?ref_=sr_t_412,1996,1h 56m,,7.7,64
413. Keys in Hand,https://www.imdb.com/title/tt0156397/?ref_=sr_t_413,1996,1h 34m,,4.0,122
414. Jerusalem,https://www.imdb.com/title/tt0116696/?ref_=sr_t_414,1996,2h 48m,PG-13,6.9,1.6K
415. Lilla Jönssonligan och cornflakeskuppen,https://www.imdb.com/title/tt0116883/?ref_=sr_t_415,1996,1h 30m,,4.9,1.8K
416. Kids Return,https://www.imdb.com/title/tt0116767/?ref_=sr_t_416,1996,1h 47m,,7.4,7K
417. When Saturday Comes,https://www.imdb.com/title/tt0114917/?ref_=sr_t_417,1996,1h 38m,,6.0,2.6K
418. The God of Cookery,https://www.imdb.com/title/tt0116426/?ref_=sr_t_418,1996,1h 35m,,7.2,10K
419. Hugo: The Movie Star,https://www.imdb.com/title/tt0116728/?ref_=sr_t_419,1996,1h 8m,,5.4,842
420. Somersault in a Coffin,https://www.imdb.com/title/tt0127311/?ref_=sr_t_420,1996,1h 16m,,7.6,12K
421. Fetishes,https://www.imdb.com/title/tt0116298/?ref_=sr_t_421,1996,1h 24m,Not Rated,6.1,857
422. Savage,https://www.imdb.com/title/tt0114339/?ref_=sr_t_422,1996,1h 39m,R,4.1,516
423. Cyberella: Forbidden Passions,https://www.imdb.com/title/tt0113094/?ref_=sr_t_423,1996,1h 27m,R,4.3,196
424. Raja Hindustani,https://www.imdb.com/title/tt0117437/?ref_=sr_t_424,1996,2h 57m,,6.1,8.6K
425. North Star,https://www.imdb.com/title/tt0114622/?ref_=sr_t_425,1996,1h 28m,R,4.9,1.4K
426. Sticks & Stones,https://www.imdb.com/title/tt0117742/?ref_=sr_t_426,1996,1h 35m,PG-13,6.2,599
427. Forbidden City Cop,https://www.imdb.com/title/tt0116014/?ref_=sr_t_427,1996,1h 29m,,6.9,4.8K
428. Dead Girl,https://www.imdb.com/title/tt0116046/?ref_=sr_t_428,1996,1h 44m,,4.2,365
429. Hollow Point,https://www.imdb.com/title/tt0113313/?ref_=sr_t_429,1996,1h 42m,R,5.7,2.1K
430. Saajan Chale Sasural,https://www.imdb.com/title/tt0246905/?ref_=sr_t_430,1996,2h 14m,,5.9,1.7K
431. Picnic,https://www.imdb.com/title/tt0117338/?ref_=sr_t_431,1996,1h 8m,,7.1,2.4K
432. The Rolling Stones Rock and Roll Circus,https://www.imdb.com/title/tt0122689/?ref_=sr_t_432,1996,1h 5m,Not Rated,7.6,2.4K
433. The Little Death,https://www.imdb.com/title/tt0113667/?ref_=sr_t_433,1996,1h 31m,R,4.7,329
434. Winter Bay,https://www.imdb.com/title/tt0118083/?ref_=sr_t_434,1996,1h 38m,,4.9,2K
435. Lost and Found,https://www.imdb.com/title/tt0117904/?ref_=sr_t_435,1996,1h 49m,,7.2,644
436. Jane Street,https://www.imdb.com/title/tt0122555/?ref_=sr_t_436,1996,1h 30m,R,5.0,145
437. Pterodactyl Woman from Beverly Hills,https://www.imdb.com/title/tt0110910/?ref_=sr_t_437,1996,1h 37m,R,4.6,278
438. Young and Dangerous 3,https://www.imdb.com/title/tt0116455/?ref_=sr_t_438,1996,1h 38m,,6.6,1.3K
439. Hustler White,https://www.imdb.com/title/tt0116587/?ref_=sr_t_439,1996,1h 19m,Unrated,5.8,1.5K
440. Aldri mer 13!,https://www.imdb.com/title/tt0182690/?ref_=sr_t_440,1996,1h 17m,,5.2,320
441. Justine: Seduction of Innocence,https://www.imdb.com/title/tt0258697/?ref_=sr_t_441,1996,1h 34m,,3.9,244
442. Daddy's Girl,https://www.imdb.com/title/tt0116003/?ref_=sr_t_442,1996,1h 35m,R,4.8,798
443. Magic in the Mirror,https://www.imdb.com/title/tt0116959/?ref_=sr_t_443,1996,1h 25m,G,5.4,272
444. Asphalt Tango,https://www.imdb.com/title/tt0115577/?ref_=sr_t_444,1996,1h 40m,,8.0,1.9K
445. Juloratoriet,https://www.imdb.com/title/tt0116725/?ref_=sr_t_445,1996,2h 4m,,5.9,430
446. Ang TV Movie: The Adarna Adventure,https://www.imdb.com/title/tt0380738/?ref_=sr_t_446,1996,1h 40m,TV-PG,8.0,125
447. Young and Dangerous,https://www.imdb.com/title/tt0116456/?ref_=sr_t_447,1996,1h 37m,,7.0,2.1K
448. Virtual Encounters,https://www.imdb.com/title/tt0118088/?ref_=sr_t_448,1996,1h 24m,R,4.1,340
449. Magic Temple,https://www.imdb.com/title/tt0155844/?ref_=sr_t_449,1996,1h 46m,TV-PG,7.5,143
450. Dark Secrets,https://www.imdb.com/title/tt0116031/?ref_=sr_t_450,1996,1h 31m,Unrated,4.4,224
451. Oblivion 2: Backlash,https://www.imdb.com/title/tt0117223/?ref_=sr_t_451,1996,1h 23m,PG-13,4.9,757
452. Danger Zone,https://www.imdb.com/title/tt0116016/?ref_=sr_t_452,1996,1h 32m,R,4.4,1K
453. Love Always,https://www.imdb.com/title/tt0119570/?ref_=sr_t_453,1996,1h 30m,R,5.5,78
454. Jung,https://www.imdb.com/title/tt0116726/?ref_=sr_t_454,1996,2h 26m,Not Rated,4.5,316
455. Omega Doom,https://www.imdb.com/title/tt0117238/?ref_=sr_t_455,1996,1h 24m,PG-13,4.0,3.4K
456. Swallowtail Butterfly,https://www.imdb.com/title/tt0117797/?ref_=sr_t_456,1996,2h 28m,,7.5,4.6K
457. Entertaining Angels: The Dorothy Day Story,https://www.imdb.com/title/tt0116212/?ref_=sr_t_457,1996,1h 50m,PG-13,6.2,547
458. The Secret Agent Club,https://www.imdb.com/title/tt0117581/?ref_=sr_t_458,1996,1h 30m,PG,3.4,1.5K
459. The Proposition,https://www.imdb.com/title/tt0119960/?ref_=sr_t_459,1996,1h 39m,R,4.8,305
460. Hype!,https://www.imdb.com/title/tt0116589/?ref_=sr_t_460,1996,1h 24m,Not Rated,7.5,3.1K
461. Haru,https://www.imdb.com/title/tt0115431/?ref_=sr_t_461,1996,1h 58m,PG-13,7.5,695
462. Over the Wire,https://www.imdb.com/title/tt0114071/?ref_=sr_t_462,1996,1h 28m,R,4.2,230
463. Naked Blood,https://www.imdb.com/title/tt0217679/?ref_=sr_t_463,1996,1h 16m,Unrated,6.1,2.3K
464. Rollergator,https://www.imdb.com/title/tt0207061/?ref_=sr_t_464,1996,1h 23m,Not Rated,1.3,836
465. Ghatak: Lethal,https://www.imdb.com/title/tt0116407/?ref_=sr_t_465,1996,2h 38m,,7.5,4.4K
466. Night Hunter,https://www.imdb.com/title/tt0113981/?ref_=sr_t_466,1996,1h 26m,R,3.9,843
467. Albergo Roma,https://www.imdb.com/title/tt0115494/?ref_=sr_t_467,1996,1h 24m,,6.1,90
468. The Good Life,https://www.imdb.com/title/tt0115772/?ref_=sr_t_468,1996,1h 47m,,6.6,811
469. Karmina,https://www.imdb.com/title/tt0116747/?ref_=sr_t_469,1996,1h 50m,,6.7,717
470. Deep Crimson,https://www.imdb.com/title/tt0117394/?ref_=sr_t_470,1996,1h 54m,,7.2,2.2K
471. Killers,https://www.imdb.com/title/tt0256858/?ref_=sr_t_471,1996,1h 36m,TV-MA,5.3,1.4K
472. Body of Influence 2,https://www.imdb.com/title/tt0115723/?ref_=sr_t_472,1996,1h 27m,R,3.7,217
473. Darklands,https://www.imdb.com/title/tt0127500/?ref_=sr_t_473,1996,1h 30m,Not Rated,4.8,507
474. Caged Women II,https://www.imdb.com/title/tt0125029/?ref_=sr_t_474,1996,1h 22m,Not Rated,5.5,72
475. La bouche de Jean-Pierre,https://www.imdb.com/title/tt0115735/?ref_=sr_t_475,1996,52m,,6.7,625
476. The Grave,https://www.imdb.com/title/tt0116446/?ref_=sr_t_476,1996,1h 30m,R,5.7,1.5K
477. Daraar,https://www.imdb.com/title/tt0116024/?ref_=sr_t_477,1996,1h 45m,,5.3,625
478. Love Me Twice,https://www.imdb.com/title/tt0123978/?ref_=sr_t_478,1996,1h 21m,R,4.5,90
479. Gamera 2: Attack of the Legion,https://www.imdb.com/title/tt0116390/?ref_=sr_t_479,1996,1h 39m,Not Rated,7.0,3.3K
480. Bisikan Nafsu,https://www.imdb.com/title/tt0336053/?ref_=sr_t_480,1996,51m,,7.7,52
481. Freedomfighters,https://www.imdb.com/title/tt0113649/?ref_=sr_t_481,1996,2h 5m,,6.9,2.3K
482. Frankenstein and Me,https://www.imdb.com/title/tt0116356/?ref_=sr_t_482,1996,1h 31m,PG,4.9,535
483. Army,https://www.imdb.com/title/tt0115568/?ref_=sr_t_483,1996,2h 33m,Not Rated,4.4,2K
484. Killer Barbys,https://www.imdb.com/title/tt0116769/?ref_=sr_t_484,1996,1h 27m,Unrated,3.7,1K
485. A Couch in New York,https://www.imdb.com/title/tt0118018/?ref_=sr_t_485,1996,1h 48m,R,5.9,2.4K
486. La Celestina,https://www.imdb.com/title/tt0115850/?ref_=sr_t_486,1996,1h 32m,,5.2,892
487. Khilona,https://www.imdb.com/title/tt0403200/?ref_=sr_t_487,1996,2h 16m,,7.3,60
488. Night Shade,https://www.imdb.com/title/tt0124808/?ref_=sr_t_488,1996,1h 36m,R,3.7,166
489. Father Frost,https://www.imdb.com/title/tt0238982/?ref_=sr_t_489,1996,1h 32m,,6.0,61
490. Rakshak,https://www.imdb.com/title/tt0135621/?ref_=sr_t_490,1996,2h 44m,,5.1,413
491. Exit in Red,https://www.imdb.com/title/tt0116257/?ref_=sr_t_491,1996,1h 37m,R,4.2,683
492. The Nymph,https://www.imdb.com/title/tt0117185/?ref_=sr_t_492,1996,1h 50m,,5.8,286
493. PremGranth,https://www.imdb.com/title/tt0117374/?ref_=sr_t_493,1996,2h 36m,,5.0,507
494. Agni Sakshi,https://www.imdb.com/title/tt0115484/?ref_=sr_t_494,1996,2h 22m,,6.2,871
495. Kalle Blomkvist - Mästerdetektiven lever farligt,https://www.imdb.com/title/tt0116741/?ref_=sr_t_495,1996,1h 21m,,5.9,730
496. Three Lives and Only One Death,https://www.imdb.com/title/tt0117968/?ref_=sr_t_496,1996,2h 3m,,6.8,1.6K
497. Evil Instinct,https://www.imdb.com/title/tt0159431/?ref_=sr_t_497,1996,1h 35m,,4.3,138
498. The Last Days of Frankie the Fly,https://www.imdb.com/title/tt0116828/?ref_=sr_t_498,1996,1h 36m,R,5.4,2K
499. Supermarket Woman,https://www.imdb.com/title/tt0127310/?ref_=sr_t_499,1996,2h 7m,,7.3,972
500. Persons Unknown,https://www.imdb.com/title/tt0117324/?ref_=sr_t_500,1996,1h 39m,R,5.3,870
