Title,Movie Link,Year,Duration,MPA,Rating,Votes
1. Spider-Man: No Way Home,https://www.imdb.com/title/tt10872600/?ref_=sr_t_1,2021,2h 28m,PG-13,8.2,926K
2. Shang-Chi and the Legend of the Ten Rings,https://www.imdb.com/title/tt9376612/?ref_=sr_t_2,2021,2h 12m,PG-13,7.4,453K
3. Venom: Let There Be Carnage,https://www.imdb.com/title/tt7097896/?ref_=sr_t_3,2021,1h 37m,PG-13,5.9,279K
4. Black Widow,https://www.imdb.com/title/tt3480822/?ref_=sr_t_4,2021,2h 14m,PG-13,6.6,442K
5. F9: The Fast Saga,https://www.imdb.com/title/tt5433138/?ref_=sr_t_5,2021,2h 23m,PG-13,5.2,168K
6. Eternals,https://www.imdb.com/title/tt9032400/?ref_=sr_t_6,2021,2h 36m,PG-13,6.3,400K
7. Sing 2,https://www.imdb.com/title/tt6467266/?ref_=sr_t_7,2021,1h 50m,PG,7.3,93K
8. No Time to Die,https://www.imdb.com/title/tt2382320/?ref_=sr_t_8,2021,2h 43m,PG-13,7.3,459K
9. Ghostbusters: Afterlife,https://www.imdb.com/title/tt4513678/?ref_=sr_t_9,2021,2h 4m,PG-13,7.0,230K
10. Free Guy,https://www.imdb.com/title/tt6264654/?ref_=sr_t_10,2021,1h 55m,PG-13,7.1,451K
11. Jungle Cruise,https://www.imdb.com/title/tt0870154/?ref_=sr_t_11,2021,2h 7m,PG-13,6.6,219K
12. Dune: Part One,https://www.imdb.com/title/tt1160419/?ref_=sr_t_12,2021,2h 35m,PG-13,8.0,927K
13. Godzilla vs. Kong,https://www.imdb.com/title/tt5034838/?ref_=sr_t_13,2021,1h 53m,PG-13,6.3,253K
14. Encanto,https://www.imdb.com/title/tt2953050/?ref_=sr_t_14,2021,1h 42m,PG,7.2,276K
15. Halloween Kills,https://www.imdb.com/title/tt10665338/?ref_=sr_t_15,2021,1h 45m,R,5.5,103K
16. The Black Phone,https://www.imdb.com/title/tt7144666/?ref_=sr_t_16,2021,1h 43m,R,6.9,218K
17. Cruella,https://www.imdb.com/title/tt3228774/?ref_=sr_t_17,2021,2h 14m,PG-13,7.3,276K
18. Space Jam: A New Legacy,https://www.imdb.com/title/tt3554046/?ref_=sr_t_18,2021,1h 55m,PG,4.5,83K
19. The Conjuring: The Devil Made Me Do It,https://www.imdb.com/title/tt7069210/?ref_=sr_t_19,2021,1h 52m,R,6.3,147K
20. Candyman,https://www.imdb.com/title/tt9347730/?ref_=sr_t_20,2021,1h 31m,R,5.9,79K
21. The Boss Baby: Family Business,https://www.imdb.com/title/tt6932874/?ref_=sr_t_21,2021,1h 47m,PG,5.9,24K
22. The Addams Family 2,https://www.imdb.com/title/tt11125620/?ref_=sr_t_22,2021,1h 33m,PG,5.4,16K
23. The Suicide Squad,https://www.imdb.com/title/tt6334354/?ref_=sr_t_23,2021,2h 12m,R,7.2,425K
24. Raya and the Last Dragon,https://www.imdb.com/title/tt5109280/?ref_=sr_t_24,2021,1h 47m,PG,7.3,178K
25. House of Gucci,https://www.imdb.com/title/tt11214590/?ref_=sr_t_25,2021,2h 38m,R,6.6,166K
26. Clifford the Big Red Dog,https://www.imdb.com/title/tt2397461/?ref_=sr_t_26,2021,1h 36m,PG,5.9,18K
27. Old,https://www.imdb.com/title/tt10954652/?ref_=sr_t_27,2021,1h 48m,PG-13,5.8,172K
28. Tom & Jerry,https://www.imdb.com/title/tt1361336/?ref_=sr_t_28,2021,1h 41m,PG,5.3,41K
29. The Forever Purge,https://www.imdb.com/title/tt10327252/?ref_=sr_t_29,2021,1h 43m,R,5.4,46K
30. Mortal Kombat,https://www.imdb.com/title/tt0293429/?ref_=sr_t_30,2021,1h 50m,R,6.0,195K
31. Peter Rabbit 2: The Runaway,https://www.imdb.com/title/tt8376234/?ref_=sr_t_31,2021,1h 33m,PG,6.2,15K
32. PAW Patrol: The Movie,https://www.imdb.com/title/tt11832046/?ref_=sr_t_32,2021,1h 26m,G,6.1,8.9K
33. West Side Story,https://www.imdb.com/title/tt3581652/?ref_=sr_t_33,2021,2h 36m,PG-13,7.1,99K
34. Hitman's Wife's Bodyguard,https://www.imdb.com/title/tt8385148/?ref_=sr_t_34,2021,1h 40m,R,6.1,112K
35. The Matrix Resurrections,https://www.imdb.com/title/tt10838180/?ref_=sr_t_35,2021,2h 28m,R,5.6,289K
36. The King's Man,https://www.imdb.com/title/tt6856242/?ref_=sr_t_36,2021,2h 11m,R,6.3,183K
37. Jujutsu Kaisen 0,https://www.imdb.com/title/tt14331144/?ref_=sr_t_37,2021,1h 52m,PG-13,7.8,46K
38. Don't Breathe 2,https://www.imdb.com/title/tt6246322/?ref_=sr_t_38,2021,1h 38m,R,6.0,76K
39. In the Heights,https://www.imdb.com/title/tt1321510/?ref_=sr_t_39,2021,2h 23m,PG-13,7.3,54K
40. Snake Eyes,https://www.imdb.com/title/tt8404256/?ref_=sr_t_40,2021,2h 1m,PG-13,5.4,46K
41. Nobody,https://www.imdb.com/title/tt7888964/?ref_=sr_t_41,2021,1h 32m,R,7.4,341K
42. Wrath of Man,https://www.imdb.com/title/tt11083552/?ref_=sr_t_42,2021,1h 59m,R,7.1,219K
43. American Underdog,https://www.imdb.com/title/tt11729298/?ref_=sr_t_43,2021,1h 52m,PG,7.1,26K
44. Escape Room: Tournament of Champions,https://www.imdb.com/title/tt9844522/?ref_=sr_t_44,2021,1h 28m,PG-13,5.7,63K
45. Respect,https://www.imdb.com/title/tt2452150/?ref_=sr_t_45,2021,2h 25m,PG-13,6.6,18K
46. Spiral,https://www.imdb.com/title/tt10342730/?ref_=sr_t_46,2021,1h 33m,R,5.2,72K
47. Ron's Gone Wrong,https://www.imdb.com/title/tt7504818/?ref_=sr_t_47,2021,1h 47m,PG,7.1,42K
48. Spirit Untamed,https://www.imdb.com/title/tt11084896/?ref_=sr_t_48,2021,1h 28m,PG,5.5,5K
49. Licorice Pizza,https://www.imdb.com/title/tt11271038/?ref_=sr_t_49,2021,2h 13m,R,7.1,145K
50. The Green Knight,https://www.imdb.com/title/tt9243804/?ref_=sr_t_50,2021,2h 10m,R,6.6,124K
51. Resident Evil: Welcome to Raccoon City,https://www.imdb.com/title/tt6920084/?ref_=sr_t_51,2021,1h 47m,R,5.2,67K
52. The French Dispatch,https://www.imdb.com/title/tt8847712/?ref_=sr_t_52,2021,1h 47m,R,7.1,156K
53. The Marksman,https://www.imdb.com/title/tt6902332/?ref_=sr_t_53,2021,1h 48m,PG-13,5.7,45K
54. The Unholy,https://www.imdb.com/title/tt9419056/?ref_=sr_t_54,2021,1h 39m,PG-13,5.1,29K
55. The Little Things,https://www.imdb.com/title/tt10016180/?ref_=sr_t_55,2021,2h 8m,R,6.3,133K
56. King Richard,https://www.imdb.com/title/tt9620288/?ref_=sr_t_56,2021,2h 24m,PG-13,7.5,144K
57. Dear Evan Hansen,https://www.imdb.com/title/tt9357050/?ref_=sr_t_57,2021,2h 17m,PG-13,6.1,20K
58. Stillwater,https://www.imdb.com/title/tt10696896/?ref_=sr_t_58,2021,2h 19m,R,6.6,60K
59. Christmas with the Chosen: The Messengers,https://www.imdb.com/title/tt15772866/?ref_=sr_t_59,2021,2h 3m,Not Rated,7.9,999
60. Malignant,https://www.imdb.com/title/tt3811906/?ref_=sr_t_60,2021,1h 51m,R,6.2,115K
61. Chaos Walking,https://www.imdb.com/title/tt2076822/?ref_=sr_t_61,2021,1h 49m,PG-13,5.7,58K
62. My Hero Academia: World Heroes' Mission,https://www.imdb.com/title/tt13544716/?ref_=sr_t_62,2021,1h 41m,PG-13,7.1,6.2K
63. Nightmare Alley,https://www.imdb.com/title/tt7740496/?ref_=sr_t_63,2021,2h 30m,R,7.0,171K
64. The Last Duel,https://www.imdb.com/title/tt4244994/?ref_=sr_t_64,2021,2h 32m,R,7.3,191K
65. Antlers,https://www.imdb.com/title/tt7740510/?ref_=sr_t_65,2021,1h 39m,R,5.9,47K
66. Cry Macho,https://www.imdb.com/title/tt1924245/?ref_=sr_t_66,2021,1h 44m,PG-13,5.7,35K
67. Last Night in Soho,https://www.imdb.com/title/tt9639470/?ref_=sr_t_67,2021,1h 56m,R,7.0,187K
68. Belfast,https://www.imdb.com/title/tt12789558/?ref_=sr_t_68,2021,1h 38m,PG-13,7.2,96K
69. The Many Saints of Newark,https://www.imdb.com/title/tt8110232/?ref_=sr_t_69,2021,2h,R,6.3,65K
70. The Protégé,https://www.imdb.com/title/tt6079772/?ref_=sr_t_70,2021,1h 49m,R,6.1,40K
71. Those Who Wish Me Dead,https://www.imdb.com/title/tt3215824/?ref_=sr_t_71,2021,1h 40m,R,6.0,75K
72. Spencer,https://www.imdb.com/title/tt12536294/?ref_=sr_t_72,2021,1h 57m,R,6.5,79K
73. A Journal for Jordan,https://www.imdb.com/title/tt0995854/?ref_=sr_t_73,2021,2h 11m,PG-13,6.0,3.1K
74. Marcel the Shell with Shoes On,https://www.imdb.com/title/tt15339456/?ref_=sr_t_74,2021,1h 30m,PG,7.6,30K
75. Judas and the Black Messiah,https://www.imdb.com/title/tt9784798/?ref_=sr_t_75,2021,2h 6m,R,7.4,94K
76. Roadrunner: A Film About Anthony Bourdain,https://www.imdb.com/title/tt14512538/?ref_=sr_t_76,2021,1h 59m,R,7.7,11K
77. Copshop,https://www.imdb.com/title/tt5748448/?ref_=sr_t_77,2021,1h 47m,R,6.2,41K
78. The Cursed,https://www.imdb.com/title/tt9907782/?ref_=sr_t_78,2021,1h 51m,R,6.2,19K
79. Separation,https://www.imdb.com/title/tt9173154/?ref_=sr_t_79,2021,1h 47m,R,4.7,6.1K
80. Boogie,https://www.imdb.com/title/tt10896398/?ref_=sr_t_80,2021,1h 30m,R,5.2,2.6K
81. '83,https://www.imdb.com/title/tt7518786/?ref_=sr_t_81,2021,2h 42m,TV-14,7.5,42K
82. Belle,https://www.imdb.com/title/tt13651628/?ref_=sr_t_82,2021,2h 1m,PG,7.1,18K
83. Reminiscence,https://www.imdb.com/title/tt3272066/?ref_=sr_t_83,2021,1h 56m,PG-13,5.9,68K
84. Cyrano,https://www.imdb.com/title/tt12889404/?ref_=sr_t_84,2021,2h 3m,PG-13,6.4,15K
85. 12 Mighty Orphans,https://www.imdb.com/title/tt8482584/?ref_=sr_t_85,2021,1h 58m,PG-13,6.9,9.4K
86. Sooryavanshi,https://www.imdb.com/title/tt9531772/?ref_=sr_t_86,2021,2h 25m,TV-14,5.9,80K
87. Pig,https://www.imdb.com/title/tt11003218/?ref_=sr_t_87,2021,1h 32m,R,6.9,96K
88. The Girl Who Believes in Miracles,https://www.imdb.com/title/tt9098454/?ref_=sr_t_88,2021,1h 40m,PG,6.0,1.8K
89. Voyagers,https://www.imdb.com/title/tt9664108/?ref_=sr_t_89,2021,1h 48m,PG-13,5.5,28K
90. The Worst Person in the World,https://www.imdb.com/title/tt10370710/?ref_=sr_t_90,2021,2h 8m,R,7.7,107K
91. The Most Reluctant Convert,https://www.imdb.com/title/tt13182756/?ref_=sr_t_91,2021,1h 13m,,7.0,1.2K
92. The House Next Door: Meet the Blacks 2,https://www.imdb.com/title/tt7524444/?ref_=sr_t_92,2021,1h 37m,R,4.1,2.4K
93. Here Today,https://www.imdb.com/title/tt10944596/?ref_=sr_t_93,2021,1h 57m,PG-13,6.7,6.2K
94. Lamb,https://www.imdb.com/title/tt9812474/?ref_=sr_t_94,2021,1h 46m,R,6.3,41K
95. The Card Counter,https://www.imdb.com/title/tt11196036/?ref_=sr_t_95,2021,1h 51m,R,6.2,45K
96. Land,https://www.imdb.com/title/tt10265034/?ref_=sr_t_96,2021,1h 29m,PG-13,6.7,16K
97. The Eyes of Tammy Faye,https://www.imdb.com/title/tt9115530/?ref_=sr_t_97,2021,2h 6m,PG-13,6.6,40K
98. Drive My Car,https://www.imdb.com/title/tt14039582/?ref_=sr_t_98,2021,2h 59m,Unrated,7.5,70K
"99. Summer of Soul (...Or, When the Revolution Could Not Be Televised)",https://www.imdb.com/title/tt11422728/?ref_=sr_t_99,2021,1h 58m,PG-13,8.0,14K
100. Parallel Mothers,https://www.imdb.com/title/tt12618926/?ref_=sr_t_100,2021,2h 3m,R,7.1,38K
101. The Good House,https://www.imdb.com/title/tt3104956/?ref_=sr_t_101,2021,1h 44m,R,6.4,3.1K
102. After We Fell,https://www.imdb.com/title/tt13069986/?ref_=sr_t_102,2021,1h 38m,R,4.8,22K
103. The Wolf and the Lion,https://www.imdb.com/title/tt10945288/?ref_=sr_t_103,2021,1h 39m,PG,6.2,4.2K
104. Queen Bees,https://www.imdb.com/title/tt8338076/?ref_=sr_t_104,2021,1h 40m,PG-13,6.4,4.2K
105. C'mon C'mon,https://www.imdb.com/title/tt10986222/?ref_=sr_t_105,2021,1h 49m,R,7.4,41K
106. Show Me the Father,https://www.imdb.com/title/tt14769324/?ref_=sr_t_106,2021,1h 31m,PG,6.9,566
107. Honsla Rakh,https://www.imdb.com/title/tt14598754/?ref_=sr_t_107,2021,2h 25m,,7.3,8K
108. Titane,https://www.imdb.com/title/tt10944760/?ref_=sr_t_108,2021,1h 48m,R,6.5,60K
109. Together Together,https://www.imdb.com/title/tt11285280/?ref_=sr_t_109,2021,1h 30m,R,6.4,9.6K
110. Luca,https://www.imdb.com/title/tt12801262/?ref_=sr_t_110,2021,1h 35m,PG,7.4,205K
111. Pushpa: The Rise - Part 1,https://www.imdb.com/title/tt9389998/?ref_=sr_t_111,2021,2h 59m,,7.6,94K
112. Wrong Turn,https://www.imdb.com/title/tt9110170/?ref_=sr_t_112,2021,1h 49m,R,5.6,39K
113. God's Not Dead: We the People,https://www.imdb.com/title/tt14578032/?ref_=sr_t_113,2021,1h 32m,PG,4.2,1.9K
114. In the Earth,https://www.imdb.com/title/tt13429362/?ref_=sr_t_114,2021,1h 47m,R,5.1,12K
"115. Hallelujah: Leonard Cohen, a Journey, a Song",https://www.imdb.com/title/tt7600742/?ref_=sr_t_115,2021,1h 58m,PG-13,7.6,1.5K
116. The Rescue,https://www.imdb.com/title/tt9098872/?ref_=sr_t_116,2021,1h 47m,PG,8.3,22K
117. Sword Art Online: Progressive - Aria of a Starless Night,https://www.imdb.com/title/tt13424422/?ref_=sr_t_117,2021,1h 37m,,7.2,2.3K
118. True to the Game 3,https://www.imdb.com/title/tt14418138/?ref_=sr_t_118,2021,1h 38m,R,5.2,368
119. Red Rocket,https://www.imdb.com/title/tt13453006/?ref_=sr_t_119,2021,2h 10m,R,7.1,37K
120. Long Weekend,https://www.imdb.com/title/tt11020728/?ref_=sr_t_120,2021,1h 31m,R,6.2,2.1K
121. The Jesus Music,https://www.imdb.com/title/tt14857602/?ref_=sr_t_121,2021,1h 49m,PG-13,7.3,642
122. Love Story,https://www.imdb.com/title/tt11384004/?ref_=sr_t_122,2021,2h 35m,,6.8,4.6K
123. Little Eggs: An African Rescue,https://www.imdb.com/title/tt8049994/?ref_=sr_t_123,2021,1h 28m,PG,5.2,334
124. Man of God,https://www.imdb.com/title/tt6060964/?ref_=sr_t_124,2021,1h 51m,,7.0,4.6K
125. Witnesses,https://www.imdb.com/title/tt13820428/?ref_=sr_t_125,2021,1h 50m,PG,4.4,433
126. The Alpinist,https://www.imdb.com/title/tt11790780/?ref_=sr_t_126,2021,1h 32m,PG-13,7.9,15K
127. The Mauritanian,https://www.imdb.com/title/tt4761112/?ref_=sr_t_127,2021,2h 9m,R,7.5,66K
128. Petite Maman,https://www.imdb.com/title/tt13204490/?ref_=sr_t_128,2021,1h 13m,PG,7.4,19K
129. Evangelion: 3.0+1.01 Thrice Upon a Time,https://www.imdb.com/title/tt2458948/?ref_=sr_t_129,2021,2h 35m,TV-MA,8.0,15K
130. Blue Bayou,https://www.imdb.com/title/tt11121664/?ref_=sr_t_130,2021,1h 57m,R,7.1,11K
131. L'Arracheuse de temps,https://www.imdb.com/title/tt13502506/?ref_=sr_t_131,2021,1h 45m,,6.3,302
132. The Phantom of the Open,https://www.imdb.com/title/tt12572040/?ref_=sr_t_132,2021,1h 46m,PG-13,7.0,8.3K
133. Lamb of God: The Concert Film,https://www.imdb.com/title/tt14061478/?ref_=sr_t_133,2021,1h 30m,,8.3,158
134. The Sparks Brothers,https://www.imdb.com/title/tt8610436/?ref_=sr_t_134,2021,2h 20m,R,7.8,6.2K
135. Chal Mera Putt 3,https://www.imdb.com/title/tt14156154/?ref_=sr_t_135,2021,2h 10m,,7.0,1.8K
"136. If I Can't Have Love, I Want Power",https://www.imdb.com/title/tt15141288/?ref_=sr_t_136,2021,53m,R,6.4,2K
137. Unsilenced,https://www.imdb.com/title/tt10514056/?ref_=sr_t_137,2021,1h 48m,R,6.8,544
138. Official Competition,https://www.imdb.com/title/tt11700260/?ref_=sr_t_138,2021,1h 55m,R,7.0,16K
139. Werewolves Within,https://www.imdb.com/title/tt9288692/?ref_=sr_t_139,2021,1h 37m,R,6.0,27K
140. Anita,https://www.imdb.com/title/tt15010590/?ref_=sr_t_140,2021,2h 17m,,7.0,1.3K
141. For the Love of Money,https://www.imdb.com/title/tt14151720/?ref_=sr_t_141,2021,1h 39m,R,4.4,903
142. National Champions,https://www.imdb.com/title/tt14547524/?ref_=sr_t_142,2021,1h 56m,R,5.7,2K
143. Jathi Ratnalu,https://www.imdb.com/title/tt11306376/?ref_=sr_t_143,2021,2h 25m,,7.3,8.4K
144. Most Eligible Bachelor,https://www.imdb.com/title/tt11725680/?ref_=sr_t_144,2021,2h 50m,,6.2,3.9K
145. Vivo,https://www.imdb.com/title/tt14366176/?ref_=sr_t_145,2021,1h 20m,,7.5,60
146. The Lost Leonardo,https://www.imdb.com/title/tt11225756/?ref_=sr_t_146,2021,1h 36m,PG-13,7.5,3K
147. Eiffel,https://www.imdb.com/title/tt10366514/?ref_=sr_t_147,2021,1h 48m,R,6.2,8.1K
148. Flag Day,https://www.imdb.com/title/tt2304637/?ref_=sr_t_148,2021,1h 49m,R,5.5,3.8K
149. Willy's Wonderland,https://www.imdb.com/title/tt8114980/?ref_=sr_t_149,2021,1h 28m,TV-MA,5.5,41K
150. Emergency Declaration,https://www.imdb.com/title/tt11535228/?ref_=sr_t_150,2021,2h 21m,,6.8,10K
151. Crisis,https://www.imdb.com/title/tt9731682/?ref_=sr_t_151,2021,1h 58m,R,6.2,15K
152. Dutch,https://www.imdb.com/title/tt5738280/?ref_=sr_t_152,2021,1h 49m,R,4.2,614
153. Julia,https://www.imdb.com/title/tt13782428/?ref_=sr_t_153,2021,1h 35m,PG-13,7.6,1.3K
154. Raging Fire,https://www.imdb.com/title/tt8165192/?ref_=sr_t_154,2021,2h 6m,Not Rated,6.5,6.3K
155. The Good Boss,https://www.imdb.com/title/tt13066182/?ref_=sr_t_155,2021,1h 56m,,7.1,15K
156. Benedetta,https://www.imdb.com/title/tt6823148/?ref_=sr_t_156,2021,2h 11m,Unrated,6.7,27K
157. Inu-oh,https://www.imdb.com/title/tt10540510/?ref_=sr_t_157,2021,1h 38m,PG-13,7.1,2.7K
"158. Dad, I'm Sorry",https://www.imdb.com/title/tt13925862/?ref_=sr_t_158,2021,2h 8m,,6.6,1.1K
159. Escape from Mogadishu,https://www.imdb.com/title/tt14810692/?ref_=sr_t_159,2021,2h 1m,TV-14,7.0,7.7K
160. The Battle at Lake Changjin,https://www.imdb.com/title/tt13462900/?ref_=sr_t_160,2021,2h 56m,Not Rated,5.5,4.4K
161. The Forgiven,https://www.imdb.com/title/tt3696180/?ref_=sr_t_161,2021,1h 57m,R,6.1,10K
162. Flee,https://www.imdb.com/title/tt8430054/?ref_=sr_t_162,2021,1h 29m,PG-13,7.9,20K
163. Mad God,https://www.imdb.com/title/tt15090124/?ref_=sr_t_163,2021,1h 23m,Unrated,6.8,17K
164. Clean,https://www.imdb.com/title/tt10023022/?ref_=sr_t_164,2021,1h 34m,,5.6,12K
165. Waterman,https://www.imdb.com/title/tt13840624/?ref_=sr_t_165,2021,1h 28m,,8.2,228
166. The Deer King,https://www.imdb.com/title/tt11417856/?ref_=sr_t_166,2021,1h 53m,R,6.4,1.1K
167. Montana Story,https://www.imdb.com/title/tt13656980/?ref_=sr_t_167,2021,1h 54m,R,6.5,3.7K
168. The Lady of Heaven,https://www.imdb.com/title/tt13097336/?ref_=sr_t_168,2021,2h 21m,R,5.7,15K
169. India Sweets and Spices,https://www.imdb.com/title/tt9896876/?ref_=sr_t_169,2021,1h 41m,PG-13,6.1,883
170. School of Magical Animals,https://www.imdb.com/title/tt11455260/?ref_=sr_t_170,2021,1h 33m,PG,5.3,888
171. Ends of the Earth,https://www.imdb.com/title/tt15800448/?ref_=sr_t_171,2021,1h 24m,,9.2,18
172. Mothering Sunday,https://www.imdb.com/title/tt12229370/?ref_=sr_t_172,2021,1h 44m,R,6.0,5.2K
173. I'm Your Man,https://www.imdb.com/title/tt13087796/?ref_=sr_t_173,2021,1h 48m,R,7.0,14K
174. A Mouthful of Air,https://www.imdb.com/title/tt10925852/?ref_=sr_t_174,2021,1h 45m,R,6.1,3.1K
175. Rita Moreno: Just a Girl Who Decided to Go for It,https://www.imdb.com/title/tt10741846/?ref_=sr_t_175,2021,1h 30m,PG-13,7.7,1.1K
176. The Automat,https://www.imdb.com/title/tt4554690/?ref_=sr_t_176,2021,1h 19m,TV-PG,7.8,1.7K
177. Once I Was Engaged,https://www.imdb.com/title/tt8245526/?ref_=sr_t_177,2021,1h 47m,,4.6,213
178. Who We Are: A Chronicle of Racism in America,https://www.imdb.com/title/tt14030682/?ref_=sr_t_178,2021,1h 57m,PG-13,7.7,1.3K
179. Becoming Cousteau,https://www.imdb.com/title/tt10334438/?ref_=sr_t_179,2021,1h 34m,PG-13,7.1,1.6K
180. Sundown,https://www.imdb.com/title/tt15115280/?ref_=sr_t_180,2021,1h 22m,R,6.5,7.4K
181. Together,https://www.imdb.com/title/tt14640242/?ref_=sr_t_181,2021,1h 32m,R,6.2,5.1K
182. Compartment Number 6,https://www.imdb.com/title/tt10262648/?ref_=sr_t_182,2021,1h 47m,R,7.2,16K
183. Ailey,https://www.imdb.com/title/tt13622084/?ref_=sr_t_183,2021,1h 35m,PG-13,6.8,308
184. Benediction,https://www.imdb.com/title/tt6852178/?ref_=sr_t_184,2021,2h 17m,PG-13,6.6,4K
185. Neptune Frost,https://www.imdb.com/title/tt11873472/?ref_=sr_t_185,2021,1h 45m,,6.5,1.1K
186. The Resort,https://www.imdb.com/title/tt12163074/?ref_=sr_t_186,2021,1h 16m,,3.1,4.3K
187. Kaamelott: First Installment,https://www.imdb.com/title/tt9844322/?ref_=sr_t_187,2021,2h,,6.1,4.2K
188. Hockeyland,https://www.imdb.com/title/tt15664492/?ref_=sr_t_188,2021,1h 48m,,7.1,223
189. Happening,https://www.imdb.com/title/tt13880104/?ref_=sr_t_189,2021,1h 40m,R,7.4,12K
"190. My Country, My Parents",https://www.imdb.com/title/tt15465312/?ref_=sr_t_190,2021,2h 37m,Not Rated,6.1,596
191. Pompo: The Cinéphile,https://www.imdb.com/title/tt12439248/?ref_=sr_t_191,2021,1h 34m,,7.2,1.4K
192. A Revision,https://www.imdb.com/title/tt13596278/?ref_=sr_t_192,2021,1h 35m,,6.8,138
193. A Writer's Odyssey,https://www.imdb.com/title/tt9685342/?ref_=sr_t_193,2021,2h 10m,,6.2,4.5K
194. Cliff Walkers,https://www.imdb.com/title/tt11448076/?ref_=sr_t_194,2021,2h,,6.5,3.2K
195. Hit the Road,https://www.imdb.com/title/tt14812782/?ref_=sr_t_195,2021,1h 33m,,7.3,7.1K
196. The Velvet Queen,https://www.imdb.com/title/tt11937680/?ref_=sr_t_196,2021,1h 32m,,7.8,3K
197. Wolf,https://www.imdb.com/title/tt10698174/?ref_=sr_t_197,2021,1h 39m,R,5.1,13K
198. SAS: Rise of the Black Swan,https://www.imdb.com/title/tt4479380/?ref_=sr_t_198,2021,2h 4m,R,5.3,22K
199. Vortex,https://www.imdb.com/title/tt14821150/?ref_=sr_t_199,2021,2h 22m,,7.4,10K
200. Bergman Island,https://www.imdb.com/title/tt6910282/?ref_=sr_t_200,2021,1h 52m,R,6.6,11K
201. Mass,https://www.imdb.com/title/tt11389748/?ref_=sr_t_201,2021,1h 51m,PG-13,7.6,18K
202. Firebird,https://www.imdb.com/title/tt4061620/?ref_=sr_t_202,2021,1h 47m,R,7.1,14K
203. Tadap,https://www.imdb.com/title/tt10761694/?ref_=sr_t_203,2021,2h 6m,,5.1,4.9K
204. Lost Illusions,https://www.imdb.com/title/tt10505316/?ref_=sr_t_204,2021,2h 29m,,7.4,6.8K
205. Swan Song,https://www.imdb.com/title/tt10832274/?ref_=sr_t_205,2021,1h 45m,R,7.0,3.8K
206. The Djinn,https://www.imdb.com/title/tt9352356/?ref_=sr_t_206,2021,1h 22m,R,4.8,5.1K
207. Walking with Herb,https://www.imdb.com/title/tt7765850/?ref_=sr_t_207,2021,1h 50m,PG,5.3,232
208. Green Ghost and the Masters of the Stone,https://www.imdb.com/title/tt4012916/?ref_=sr_t_208,2021,1h 22m,PG-13,4.6,659
209. Small Engine Repair,https://www.imdb.com/title/tt9789042/?ref_=sr_t_209,2021,1h 42m,R,6.5,5.4K
210. Jockey,https://www.imdb.com/title/tt13559026/?ref_=sr_t_210,2021,1h 34m,R,6.3,1.5K
211. The Loneliest Whale: The Search for 52,https://www.imdb.com/title/tt2401814/?ref_=sr_t_211,2021,1h 36m,PG,6.5,541
212. Pleasure,https://www.imdb.com/title/tt8550054/?ref_=sr_t_212,2021,1h 49m,R,6.3,24K
213. Tango Shalom,https://www.imdb.com/title/tt2084952/?ref_=sr_t_213,2021,1h 55m,PG-13,5.8,459
214. We're All Going to the World's Fair,https://www.imdb.com/title/tt13648224/?ref_=sr_t_214,2021,1h 26m,Not Rated,5.4,7.4K
215. The Souvenir: Part II,https://www.imdb.com/title/tt6992978/?ref_=sr_t_215,2021,1h 47m,R,7.1,4.5K
216. Strawberry Mansion,https://www.imdb.com/title/tt11398346/?ref_=sr_t_216,2021,1h 31m,,6.4,2.6K
217. Safer at Home,https://www.imdb.com/title/tt13651858/?ref_=sr_t_217,2021,1h 22m,R,3.8,4K
218. CatVideoFest 2021,https://www.imdb.com/title/tt15119488/?ref_=sr_t_218,2021,1h 12m,,,
219. Fortune Favors Lady Nikuko,https://www.imdb.com/title/tt13758684/?ref_=sr_t_219,2021,1h 37m,Not Rated,6.8,994
220. Three Minutes: A Lengthening,https://www.imdb.com/title/tt12017738/?ref_=sr_t_220,2021,1h 9m,PG,7.3,705
221. Censor,https://www.imdb.com/title/tt10329614/?ref_=sr_t_221,2021,1h 24m,,6.0,21K
222. Mission Stories,https://www.imdb.com/title/tt13494136/?ref_=sr_t_222,2021,1h 50m,,8.2,35
"223. Goodbye, Don Glees!",https://www.imdb.com/title/tt14967958/?ref_=sr_t_223,2021,1h 35m,PG,6.7,615
224. My Love,https://www.imdb.com/title/tt14503918/?ref_=sr_t_224,2021,1h 55m,,6.3,583
225. Juniper,https://www.imdb.com/title/tt11599576/?ref_=sr_t_225,2021,1h 34m,,6.5,2K
226. Ennio,https://www.imdb.com/title/tt3031654/?ref_=sr_t_226,2021,2h 30m,,8.2,6.4K
227. All My Friends Hate Me,https://www.imdb.com/title/tt9340892/?ref_=sr_t_227,2021,1h 33m,R,6.3,6.8K
228. Buried: The 1982 Alpine Meadows Avalanche,https://www.imdb.com/title/tt13033424/?ref_=sr_t_228,2021,1h 36m,,7.4,1.3K
229. In Balanchine's Classroom,https://www.imdb.com/title/tt11895180/?ref_=sr_t_229,2021,1h 29m,,7.5,34
230. Monster Family 2,https://www.imdb.com/title/tt15096796/?ref_=sr_t_230,2021,1h 43m,PG,4.9,1.3K
231. Between Two Worlds,https://www.imdb.com/title/tt10088984/?ref_=sr_t_231,2021,1h 46m,,6.9,2.6K
232. Hold Me Tight,https://www.imdb.com/title/tt13137576/?ref_=sr_t_232,2021,1h 37m,,6.7,2.3K
233. Language Lessons,https://www.imdb.com/title/tt14031338/?ref_=sr_t_233,2021,1h 31m,,7.1,3.1K
"234. Paris, 13th District",https://www.imdb.com/title/tt12708658/?ref_=sr_t_234,2021,1h 45m,R,7.0,10K
235. Bad Luck Banging or Loony Porn,https://www.imdb.com/title/tt14033502/?ref_=sr_t_235,2021,1h 46m,Not Rated,6.5,11K
236. Great Freedom,https://www.imdb.com/title/tt14775784/?ref_=sr_t_236,2021,1h 56m,Unrated,7.5,7.9K
237. Demonic,https://www.imdb.com/title/tt13392012/?ref_=sr_t_237,2021,1h 44m,R,4.3,6.4K
238. Cinema Sabaya,https://www.imdb.com/title/tt6443330/?ref_=sr_t_238,2021,1h 31m,,7.1,420
239. Freakscene: The Story of Dinosaur Jr.,https://www.imdb.com/title/tt14781332/?ref_=sr_t_239,2021,1h 22m,,6.8,386
240. Make Me Famous,https://www.imdb.com/title/tt4939232/?ref_=sr_t_240,2021,1h 33m,,7.3,142
241. You Resemble Me,https://www.imdb.com/title/tt15131600/?ref_=sr_t_241,2021,1h 31m,,6.9,405
242. The First Wave,https://www.imdb.com/title/tt13391444/?ref_=sr_t_242,2021,1h 33m,R,7.1,1.1K
243. Lansky,https://www.imdb.com/title/tt5078852/?ref_=sr_t_243,2021,1h 59m,R,6.2,11K
244. Kurt Vonnegut: Unstuck in Time,https://www.imdb.com/title/tt1461238/?ref_=sr_t_244,2021,2h 7m,Not Rated,7.9,1.5K
245. Murina,https://www.imdb.com/title/tt8434110/?ref_=sr_t_245,2021,1h 36m,,6.8,3.5K
246. Without Getting Killed or Caught,https://www.imdb.com/title/tt11574990/?ref_=sr_t_246,2021,1h 35m,,7.9,110
247. Christmas vs. The Walters,https://www.imdb.com/title/tt12362248/?ref_=sr_t_247,2021,1h 31m,PG-13,4.5,405
248. Son,https://www.imdb.com/title/tt5624466/?ref_=sr_t_248,2021,1h 38m,Not Rated,5.6,6.6K
249. On the Count of Three,https://www.imdb.com/title/tt11160650/?ref_=sr_t_249,2021,1h 26m,R,7.0,9.5K
250. Azor,https://www.imdb.com/title/tt11136276/?ref_=sr_t_250,2021,1h 40m,,6.5,3.1K
251. Torn,https://www.imdb.com/title/tt11876896/?ref_=sr_t_251,2021,1h 32m,,7.5,2K
252. Ahed's Knee,https://www.imdb.com/title/tt12494638/?ref_=sr_t_252,2021,1h 49m,,6.3,1.5K
253. Memoria,https://www.imdb.com/title/tt8399288/?ref_=sr_t_253,2021,2h 16m,PG,6.4,12K
254. See for Me,https://www.imdb.com/title/tt11209212/?ref_=sr_t_254,2021,1h 32m,Not Rated,5.8,7.7K
255. DOMINO: Battle of the Bones,https://www.imdb.com/title/tt10160896/?ref_=sr_t_255,2021,1h 50m,R,3.8,329
256. France,https://www.imdb.com/title/tt9714030/?ref_=sr_t_256,2021,2h 13m,Unrated,5.9,5.1K
257. Around the World in 80 Days,https://www.imdb.com/title/tt10341040/?ref_=sr_t_257,2021,1h 22m,PG,4.7,998
258. Poly Styrene: I Am a Cliché,https://www.imdb.com/title/tt7206446/?ref_=sr_t_258,2021,1h 36m,,7.1,741
259. Last Call,https://www.imdb.com/title/tt6523526/?ref_=sr_t_259,2021,1h 42m,R,4.1,891
260. After Yang,https://www.imdb.com/title/tt8633464/?ref_=sr_t_260,2021,1h 36m,PG,6.6,24K
261. You Are Not My Mother,https://www.imdb.com/title/tt10406596/?ref_=sr_t_261,2021,1h 33m,,5.8,6.3K
262. The Scary of Sixty-First,https://www.imdb.com/title/tt12226872/?ref_=sr_t_262,2021,1h 21m,Unrated,4.5,2.5K
263. Death Rider in the House of Vampires,https://www.imdb.com/title/tt11505680/?ref_=sr_t_263,2021,1h 32m,Not Rated,3.5,387
264. Ali & Ava,https://www.imdb.com/title/tt11559472/?ref_=sr_t_264,2021,1h 35m,Not Rated,6.7,3.3K
265. Anaïs in Love,https://www.imdb.com/title/tt13142240/?ref_=sr_t_265,2021,1h 38m,,6.4,2.1K
266. Let It Be Morning,https://www.imdb.com/title/tt14775586/?ref_=sr_t_266,2021,1h 41m,,6.8,427
267. Full Time,https://www.imdb.com/title/tt13269580/?ref_=sr_t_267,2021,1h 28m,,7.4,6.2K
268. Poser,https://www.imdb.com/title/tt11175956/?ref_=sr_t_268,2021,1h 27m,,5.9,631
269. Old Henry,https://www.imdb.com/title/tt12731980/?ref_=sr_t_269,2021,1h 39m,Not Rated,7.3,40K
270. A Chiara,https://www.imdb.com/title/tt14324296/?ref_=sr_t_270,2021,2h 1m,R,6.8,2.4K
271. Senior Moment,https://www.imdb.com/title/tt6588950/?ref_=sr_t_271,2021,1h 32m,,5.6,2.3K
272. Jane by Charlotte,https://www.imdb.com/title/tt14851374/?ref_=sr_t_272,2021,1h 28m,,6.6,722
273. I Am Here,https://www.imdb.com/title/tt10071594/?ref_=sr_t_273,2021,1h 16m,PG-13,7.5,128
274. Luzzu,https://www.imdb.com/title/tt11379584/?ref_=sr_t_274,2021,1h 34m,,6.9,2K
"275. All Light, Everywhere",https://www.imdb.com/title/tt13622074/?ref_=sr_t_275,2021,1h 45m,Unrated,6.8,917
276. Heart of Champions,https://www.imdb.com/title/tt10314548/?ref_=sr_t_276,2021,1h 59m,PG-13,5.9,2.5K
277. Schemes in Antiques,https://www.imdb.com/title/tt11482948/?ref_=sr_t_277,2021,2h 3m,,6.0,432
278. The Youngest Evangelist,https://www.imdb.com/title/tt13422672/?ref_=sr_t_278,2021,2h 18m,PG-13,5.4,37
279. Anonymous Club,https://www.imdb.com/title/tt14845570/?ref_=sr_t_279,2021,1h 26m,,7.1,181
280. Ted K,https://www.imdb.com/title/tt8128276/?ref_=sr_t_280,2021,2h,R,6.0,4.4K
281. Catch the Fair One,https://www.imdb.com/title/tt11304504/?ref_=sr_t_281,2021,1h 25m,,6.3,2.6K
282. Cryptozoo,https://www.imdb.com/title/tt13622118/?ref_=sr_t_282,2021,1h 35m,Unrated,6.4,2.3K
283. Confetti,https://www.imdb.com/title/tt7534810/?ref_=sr_t_283,2021,1h 26m,,7.4,50
284. The God Committee,https://www.imdb.com/title/tt6852526/?ref_=sr_t_284,2021,1h 38m,,5.8,4.7K
285. Casablanca Beats,https://www.imdb.com/title/tt14773800/?ref_=sr_t_285,2021,1h 41m,,5.9,604
286. Private Desert,https://www.imdb.com/title/tt15132028/?ref_=sr_t_286,2021,2h 1m,Unrated,7.0,2K
287. Try Harder!,https://www.imdb.com/title/tt13648160/?ref_=sr_t_287,2021,1h 25m,,7.2,511
288. Yakuza Princess,https://www.imdb.com/title/tt10715446/?ref_=sr_t_288,2021,1h 51m,R,4.8,2.2K
289. The Beta Test,https://www.imdb.com/title/tt11738830/?ref_=sr_t_289,2021,1h 33m,Unrated,6.1,6.7K
290. The Innocents,https://www.imdb.com/title/tt4028464/?ref_=sr_t_290,2021,1h 57m,Not Rated,7.0,27K
291. Trigger Point,https://www.imdb.com/title/tt13382698/?ref_=sr_t_291,2021,1h 25m,Not Rated,5.1,3.3K
292. Settlers,https://www.imdb.com/title/tt9373688/?ref_=sr_t_292,2021,1h 43m,Not Rated,4.8,6.4K
293. Writing with Fire,https://www.imdb.com/title/tt13630174/?ref_=sr_t_293,2021,1h 32m,Not Rated,7.3,1.7K
294. Bitterbrush,https://www.imdb.com/title/tt14299618/?ref_=sr_t_294,2021,1h 30m,,7.1,128
"295. Ma Belle, My Beauty",https://www.imdb.com/title/tt13157722/?ref_=sr_t_295,2021,1h 36m,,5.5,564
296. Jakob's Wife,https://www.imdb.com/title/tt11908982/?ref_=sr_t_296,2021,1h 38m,Not Rated,5.5,4.4K
297. Lingui,https://www.imdb.com/title/tt13846546/?ref_=sr_t_297,2021,1h 27m,,6.8,1.3K
298. The Tale of King Crab,https://www.imdb.com/title/tt13830148/?ref_=sr_t_298,2021,1h 45m,,6.7,1.1K
299. Claydream,https://www.imdb.com/title/tt4549140/?ref_=sr_t_299,2021,1h 36m,,7.2,223
300. John and the Hole,https://www.imdb.com/title/tt11307724/?ref_=sr_t_300,2021,1h 43m,R,5.2,5.4K
301. Fabian: Going to the Dogs,https://www.imdb.com/title/tt13846414/?ref_=sr_t_301,2021,2h 56m,Unrated,7.1,2.5K
302. Cadejo Blanco,https://www.imdb.com/title/tt15385142/?ref_=sr_t_302,2021,2h 5m,,6.6,204
303. Young Plato,https://www.imdb.com/title/tt14683452/?ref_=sr_t_303,2021,1h 42m,,7.8,440
304. The Novice,https://www.imdb.com/title/tt11131464/?ref_=sr_t_304,2021,1h 37m,R,6.5,7.3K
305. End Game,https://www.imdb.com/title/tt11564214/?ref_=sr_t_305,2021,1h 59m,,6.2,1.1K
306. Life & Life,https://www.imdb.com/title/tt9097740/?ref_=sr_t_306,2021,1h 21m,,,
307. The Road Dance,https://www.imdb.com/title/tt11332484/?ref_=sr_t_307,2021,1h 56m,,7.1,1.8K
308. River,https://www.imdb.com/title/tt14222534/?ref_=sr_t_308,2021,1h 15m,,7.0,580
309. Cow,https://www.imdb.com/title/tt11548822/?ref_=sr_t_309,2021,1h 34m,,7.1,2.5K
310. Brighton 4th,https://www.imdb.com/title/tt7530340/?ref_=sr_t_310,2021,1h 30m,,6.8,1K
311. Dating & New York,https://www.imdb.com/title/tt10926320/?ref_=sr_t_311,2021,1h 31m,PG-13,4.8,900
312. What Do We See When We Look at the Sky?,https://www.imdb.com/title/tt14035154/?ref_=sr_t_312,2021,2h 30m,,6.8,2.2K
313. Holy Frit,https://www.imdb.com/title/tt13793184/?ref_=sr_t_313,2021,1h 59m,,7.8,147
314. Hero Mode,https://www.imdb.com/title/tt10528948/?ref_=sr_t_314,2021,1h 28m,PG,4.6,1.4K
315. La civil,https://www.imdb.com/title/tt13827606/?ref_=sr_t_315,2021,2h 20m,,7.2,1.4K
316. Harper,https://www.imdb.com/title/tt14063688/?ref_=sr_t_316,2021,1h 43m,,6.6,59
"317. Love, Charlie: The Rise and Fall of Chef Charlie Trotter",https://www.imdb.com/title/tt14395694/?ref_=sr_t_317,2021,1h 36m,,7.2,307
"318. Costa Brava, Lebanon",https://www.imdb.com/title/tt9860858/?ref_=sr_t_318,2021,1h 46m,,6.7,1.1K
319. Charlotte,https://www.imdb.com/title/tt5806814/?ref_=sr_t_319,2021,1h 32m,Not Rated,6.4,525
"320. Our Father, the Devil",https://www.imdb.com/title/tt13892558/?ref_=sr_t_320,2021,1h 47m,,6.9,460
321. Learning to Live Together: The Return of Mad Dogs & Englishmen,https://www.imdb.com/title/tt14436532/?ref_=sr_t_321,2021,1h 51m,,7.5,41
322. Gaia,https://www.imdb.com/title/tt11881160/?ref_=sr_t_322,2021,1h 36m,R,5.6,7.2K
323. Mystery of the Kingdom of God,https://www.imdb.com/title/tt13434692/?ref_=sr_t_323,2021,1h 31m,,1.5,134
324. Ascension,https://www.imdb.com/title/tt14505430/?ref_=sr_t_324,2021,1h 37m,Not Rated,7.0,4.3K
325. Beba,https://www.imdb.com/title/tt14965578/?ref_=sr_t_325,2021,1h 19m,R,6.3,239
326. Once Upon a Time in Uganda,https://www.imdb.com/title/tt8923498/?ref_=sr_t_326,2021,1h 34m,,7.2,202
327. Huda's Salon,https://www.imdb.com/title/tt11897340/?ref_=sr_t_327,2021,1h 31m,R,6.3,1.3K
328. How It Ends,https://www.imdb.com/title/tt13648228/?ref_=sr_t_328,2021,1h 22m,R,5.4,4.6K
329. First Date,https://www.imdb.com/title/tt8897874/?ref_=sr_t_329,2021,1h 43m,Not Rated,5.4,733
330. The Laws of the Universe: The Age of Elohim,https://www.imdb.com/title/tt15489976/?ref_=sr_t_330,2021,1h 59m,PG,5.3,51
331. Even in Dreams,https://www.imdb.com/title/tt11827282/?ref_=sr_t_331,2021,2h,PG,6.8,74
332. She Will,https://www.imdb.com/title/tt9340916/?ref_=sr_t_332,2021,1h 35m,,5.5,3.3K
333. We Broke Up,https://www.imdb.com/title/tt11867884/?ref_=sr_t_333,2021,1h 20m,,5.2,1.5K
334. American Traitor: The Trial of Axis Sally,https://www.imdb.com/title/tt7050946/?ref_=sr_t_334,2021,1h 49m,R,5.7,3.4K
335. Secret Agent Dingledorf and His Trusty Dog Splat,https://www.imdb.com/title/tt10355058/?ref_=sr_t_335,2021,1h 29m,PG,5.5,110
336. We Need to Do Something,https://www.imdb.com/title/tt13363828/?ref_=sr_t_336,2021,1h 37m,Unrated,4.5,4.1K
337. Bring Your Own Brigade,https://www.imdb.com/title/tt13646976/?ref_=sr_t_337,2021,1h 59m,R,7.2,368
338. Storm Lake,https://www.imdb.com/title/tt14597686/?ref_=sr_t_338,2021,1h 25m,,7.0,127
339. When Men Were Men,https://www.imdb.com/title/tt13098066/?ref_=sr_t_339,2021,1h 36m,,7.0,42
340. I Was a Simple Man,https://www.imdb.com/title/tt11741044/?ref_=sr_t_340,2021,1h 40m,,6.0,457
341. The Man in the Basement,https://www.imdb.com/title/tt13846372/?ref_=sr_t_341,2021,1h 54m,,5.8,858
342. Olga,https://www.imdb.com/title/tt13145186/?ref_=sr_t_342,2021,1h 25m,,6.8,1.2K
343. The Year of the Everlasting Storm,https://www.imdb.com/title/tt14773990/?ref_=sr_t_343,2021,1h 55m,,5.7,362
344. Clara Sola,https://www.imdb.com/title/tt12637442/?ref_=sr_t_344,2021,1h 46m,,6.7,1.7K
345. Fire in the Mountains,https://www.imdb.com/title/tt12312912/?ref_=sr_t_345,2021,1h 24m,,6.5,236
346. 13 Fanboy,https://www.imdb.com/title/tt9077876/?ref_=sr_t_346,2021,1h 41m,Not Rated,3.9,1.4K
347. Medusa,https://www.imdb.com/title/tt13846494/?ref_=sr_t_347,2021,2h 12m,Unrated,5.8,873
348. Fire Music,https://www.imdb.com/title/tt5317302/?ref_=sr_t_348,2021,1h 28m,,7.4,162
349. Millie Lies Low,https://www.imdb.com/title/tt14390304/?ref_=sr_t_349,2021,1h 40m,,5.6,251
350. Barbarians,https://www.imdb.com/title/tt10189536/?ref_=sr_t_350,2021,1h 29m,,4.7,3K
351. Sabaya,https://www.imdb.com/title/tt13567374/?ref_=sr_t_351,2021,1h 30m,,7.1,768
352. Average Joe,https://www.imdb.com/title/tt11166554/?ref_=sr_t_352,2021,1h 27m,Not Rated,2.8,150
353. In Front of Your Face,https://www.imdb.com/title/tt14776918/?ref_=sr_t_353,2021,1h 25m,,7.0,1.5K
354. A New Old Play,https://www.imdb.com/title/tt14864160/?ref_=sr_t_354,2021,2h 59m,,7.6,591
355. Baking Up Love,https://www.imdb.com/title/tt13684314/?ref_=sr_t_355,2021,,,4.4,91
356. The Pink Cloud,https://www.imdb.com/title/tt3548874/?ref_=sr_t_356,2021,1h 45m,R,6.0,992
357. Film: The Living Record of Our Memory,https://www.imdb.com/title/tt15439196/?ref_=sr_t_357,2021,2h,,7.9,279
358. The Feast,https://www.imdb.com/title/tt10738906/?ref_=sr_t_358,2021,1h 33m,,5.6,4.1K
359. The Kennedy Incident,https://www.imdb.com/title/tt12797976/?ref_=sr_t_359,2021,1h 41m,,6.4,1.2K
360. Voodoo Macbeth,https://www.imdb.com/title/tt9748424/?ref_=sr_t_360,2021,1h 48m,,6.5,86
361. Hold Your Fire,https://www.imdb.com/title/tt15196796/?ref_=sr_t_361,2021,1h 33m,,6.8,280
362. Mau,https://www.imdb.com/title/tt12984858/?ref_=sr_t_362,2021,1h 17m,,7.5,69
363. Alter Ego,https://www.imdb.com/title/tt8773094/?ref_=sr_t_363,2021,1h 14m,,3.0,160
364. Endless Rain,https://www.imdb.com/title/tt14540764/?ref_=sr_t_364,2021,1h 57m,,6.7,494
365. Final Frequency,https://www.imdb.com/title/tt9023894/?ref_=sr_t_365,2021,1h 31m,,2.9,212
366. The Boonies,https://www.imdb.com/title/tt11051846/?ref_=sr_t_366,2021,1h 37m,,2.7,309
367. The Story of Film: A New Generation,https://www.imdb.com/title/tt14999458/?ref_=sr_t_367,2021,2h 40m,,7.3,868
368. Italian Studies,https://www.imdb.com/title/tt9893084/?ref_=sr_t_368,2021,1h 21m,,4.7,891
369. A Taste of Hunger,https://www.imdb.com/title/tt11188560/?ref_=sr_t_369,2021,1h 44m,,6.3,2.2K
370. Dark State,https://www.imdb.com/title/tt13983776/?ref_=sr_t_370,2021,1h 33m,,3.0,156
"371. Introducing, Selma Blair",https://www.imdb.com/title/tt14030526/?ref_=sr_t_371,2021,1h 30m,,7.8,1.1K
372. The Monsters Without,https://www.imdb.com/title/tt8520912/?ref_=sr_t_372,2021,1h 29m,Not Rated,4.9,32
373. Here After,https://www.imdb.com/title/tt15119400/?ref_=sr_t_373,2021,,,,
374. The Hating Game,https://www.imdb.com/title/tt8718158/?ref_=sr_t_374,2021,1h 42m,R,6.2,30K
375. Rock Paper Scissors,https://www.imdb.com/title/tt2398276/?ref_=sr_t_375,2021,1h 35m,,4.7,141
376. Things Don't Stay Fixed,https://www.imdb.com/title/tt7029534/?ref_=sr_t_376,2021,1h 40m,PG-13,5.0,77
377. A Banquet,https://www.imdb.com/title/tt11400902/?ref_=sr_t_377,2021,1h 37m,,4.7,1.5K
378. Blood Brothers: Civil War,https://www.imdb.com/title/tt12734478/?ref_=sr_t_378,2021,1h 51m,,5.1,103
379. Time Is Up,https://www.imdb.com/title/tt13438734/?ref_=sr_t_379,2021,1h 48m,,4.2,4K
380. Saloum,https://www.imdb.com/title/tt10756184/?ref_=sr_t_380,2021,1h 24m,,6.2,3.1K
381. Heretic,https://www.imdb.com/title/tt16742890/?ref_=sr_t_381,2021,1h 27m,,5.0,72
382. Mondocane,https://www.imdb.com/title/tt13113298/?ref_=sr_t_382,2021,1h 56m,,6.1,805
383. Mayday,https://www.imdb.com/title/tt11271800/?ref_=sr_t_383,2021,1h 40m,,4.4,2.1K
384. The Grandmother,https://www.imdb.com/title/tt11807888/?ref_=sr_t_384,2021,1h 40m,R,5.9,5.9K
385. a-ha: The Movie,https://www.imdb.com/title/tt10851414/?ref_=sr_t_385,2021,1h 49m,,7.0,1.3K
386. Carmen,https://www.imdb.com/title/tt10692578/?ref_=sr_t_386,2021,1h 27m,,6.3,651
387. Adventures in Success,https://www.imdb.com/title/tt11878266/?ref_=sr_t_387,2021,1h 38m,,4.0,121
388. Below the Fold,https://www.imdb.com/title/tt10368680/?ref_=sr_t_388,2021,1h 32m,,4.2,307
389. Bloom Up,https://www.imdb.com/title/tt13661012/?ref_=sr_t_389,2021,1h 28m,,6.4,52
390. Highway One,https://www.imdb.com/title/tt10195722/?ref_=sr_t_390,2021,1h 27m,,5.2,82
391. Naked Singularity,https://www.imdb.com/title/tt9598214/?ref_=sr_t_391,2021,1h 33m,R,4.9,3.1K
392. Landfill,https://www.imdb.com/title/tt6499392/?ref_=sr_t_392,2021,1h 56m,,3.9,136
393. Ultrasound,https://www.imdb.com/title/tt12989912/?ref_=sr_t_393,2021,1h 43m,,5.8,1.8K
394. The Village Detective: a song cycle,https://www.imdb.com/title/tt9463622/?ref_=sr_t_394,2021,1h 21m,,6.3,111
395. A Glitch in the Matrix,https://www.imdb.com/title/tt9847360/?ref_=sr_t_395,2021,1h 48m,Not Rated,5.3,2.3K
396. Stanleyville,https://www.imdb.com/title/tt9808268/?ref_=sr_t_396,2021,1h 29m,,4.7,235
397. Agnes,https://www.imdb.com/title/tt11348542/?ref_=sr_t_397,2021,1h 33m,,3.8,1.7K
398. Crack House of the Dead,https://www.imdb.com/title/tt4306774/?ref_=sr_t_398,2021,1h 26m,R,4.6,17
399. Operation Portugal,https://www.imdb.com/title/tt10945254/?ref_=sr_t_399,2021,1h 35m,,4.7,542
400. Venicephrenia,https://www.imdb.com/title/tt12412166/?ref_=sr_t_400,2021,1h 40m,R,5.2,3.4K
401. First Signal,https://www.imdb.com/title/tt7851428/?ref_=sr_t_401,2021,1h 42m,,3.3,12K
402. Dear Rider: The Jake Burton Story,https://www.imdb.com/title/tt15390756/?ref_=sr_t_402,2021,1h 31m,R,7.7,345
403. The Burning Sea,https://www.imdb.com/title/tt12753120/?ref_=sr_t_403,2021,1h 44m,PG-13,6.3,8K
404. Descarrilados,https://www.imdb.com/title/tt12610584/?ref_=sr_t_404,2021,1h 38m,R,4.6,982
405. Indemnity,https://www.imdb.com/title/tt7914022/?ref_=sr_t_405,2021,2h 4m,,4.8,551
406. Felix and the Hidden Treasure,https://www.imdb.com/title/tt11231280/?ref_=sr_t_406,2021,1h 25m,PG,5.4,422
407. 8-Bit Christmas,https://www.imdb.com/title/tt11540284/?ref_=sr_t_407,2021,1h 37m,PG,6.7,23K
408. A Boy Called Christmas,https://www.imdb.com/title/tt10187208/?ref_=sr_t_408,2021,1h 46m,PG,6.7,29K
409. Silent Night,https://www.imdb.com/title/tt11628854/?ref_=sr_t_409,2021,1h 32m,Not Rated,5.8,22K
410. Love Hard,https://www.imdb.com/title/tt10752004/?ref_=sr_t_410,2021,1h 44m,TV-MA,6.3,65K
411. Ferry,https://www.imdb.com/title/tt14217100/?ref_=sr_t_411,2021,1h 46m,TV-MA,7.0,14K
412. Home Sweet Home Alone,https://www.imdb.com/title/tt11012066/?ref_=sr_t_412,2021,1h 33m,PG,3.6,22K
413. The Voyeurs,https://www.imdb.com/title/tt11235772/?ref_=sr_t_413,2021,1h 56m,R,6.1,39K
414. Don't Look Up,https://www.imdb.com/title/tt11286314/?ref_=sr_t_414,2021,2h 18m,R,7.2,627K
415. Zack Snyder's Justice League,https://www.imdb.com/title/tt12361974/?ref_=sr_t_415,2021,4h 2m,R,7.9,450K
416. Single All the Way,https://www.imdb.com/title/tt14315756/?ref_=sr_t_416,2021,1h 39m,TV-PG,6.2,21K
417. Operation Mincemeat,https://www.imdb.com/title/tt1879016/?ref_=sr_t_417,2021,2h 8m,PG-13,6.6,39K
418. Red Notice,https://www.imdb.com/title/tt7991608/?ref_=sr_t_418,2021,1h 58m,PG-13,6.3,332K
419. Father Christmas Is Back,https://www.imdb.com/title/tt13103340/?ref_=sr_t_419,2021,1h 45m,PG-13,4.6,7.9K
420. Palmer,https://www.imdb.com/title/tt6857376/?ref_=sr_t_420,2021,1h 50m,R,7.3,47K
421. The Fallout,https://www.imdb.com/title/tt11847410/?ref_=sr_t_421,2021,1h 36m,R,7.0,37K
422. CODA,https://www.imdb.com/title/tt10366460/?ref_=sr_t_422,2021,1h 51m,PG-13,8.0,173K
423. Infinite,https://www.imdb.com/title/tt6654210/?ref_=sr_t_423,2021,1h 46m,PG-13,5.5,64K
424. Army of the Dead,https://www.imdb.com/title/tt0993840/?ref_=sr_t_424,2021,2h 28m,R,5.8,193K
425. The Unforgivable,https://www.imdb.com/title/tt11233960/?ref_=sr_t_425,2021,1h 52m,R,7.1,122K
426. The Tomorrow War,https://www.imdb.com/title/tt9777666/?ref_=sr_t_426,2021,2h 18m,PG-13,6.6,236K
427. Till Death,https://www.imdb.com/title/tt11804152/?ref_=sr_t_427,2021,1h 28m,R,5.9,28K
428. A Castle for Christmas,https://www.imdb.com/title/tt13070602/?ref_=sr_t_428,2021,1h 38m,TV-G,5.6,16K
429. The Guilty,https://www.imdb.com/title/tt9421570/?ref_=sr_t_429,2021,1h 30m,R,6.3,158K
430. Finch,https://www.imdb.com/title/tt3420504/?ref_=sr_t_430,2021,1h 55m,PG-13,6.9,102K
431. A Christmas Tale,https://www.imdb.com/title/tt14163772/?ref_=sr_t_431,2021,1h 44m,,6.3,2K
432. Army of Thieves,https://www.imdb.com/title/tt13024674/?ref_=sr_t_432,2021,2h 7m,TV-MA,6.4,92K
433. The Power of the Dog,https://www.imdb.com/title/tt10293406/?ref_=sr_t_433,2021,2h 6m,R,6.8,198K
434. The Last Letter from Your Lover,https://www.imdb.com/title/tt1893273/?ref_=sr_t_434,2021,1h 50m,TV-MA,6.7,24K
435. The Harder They Fall,https://www.imdb.com/title/tt10696784/?ref_=sr_t_435,2021,2h 19m,R,6.6,73K
436. Three Wishes for Cinderella,https://www.imdb.com/title/tt10147580/?ref_=sr_t_436,2021,1h 27m,,5.8,2.7K
437. The Sadness,https://www.imdb.com/title/tt13872248/?ref_=sr_t_437,2021,1h 39m,TV-MA,6.5,22K
438. Girl in the Basement,https://www.imdb.com/title/tt13269536/?ref_=sr_t_438,2021,1h 28m,TV-14,6.3,15K
439. Intrusion,https://www.imdb.com/title/tt5563324/?ref_=sr_t_439,2021,1h 32m,TV-14,5.3,22K
440. The Lost Daughter,https://www.imdb.com/title/tt9100054/?ref_=sr_t_440,2021,2h 1m,R,6.7,78K
441. Cinderella,https://www.imdb.com/title/tt10155932/?ref_=sr_t_441,2021,1h 52m,PG,4.4,48K
"442. tick, tick... BOOM!",https://www.imdb.com/title/tt8721424/?ref_=sr_t_442,2021,1h 55m,PG-13,7.5,123K
443. Queenpins,https://www.imdb.com/title/tt9054192/?ref_=sr_t_443,2021,1h 50m,R,6.4,27K
444. Dangerous,https://www.imdb.com/title/tt3876910/?ref_=sr_t_444,2021,1h 39m,R,5.2,10K
445. The Mitchells vs. the Machines,https://www.imdb.com/title/tt7979580/?ref_=sr_t_445,2021,1h 54m,PG,7.6,132K
446. The Tragedy of Macbeth,https://www.imdb.com/title/tt10095582/?ref_=sr_t_446,2021,1h 45m,R,7.1,41K
447. The Princess Switch 3,https://www.imdb.com/title/tt14731142/?ref_=sr_t_447,2021,1h 46m,TV-PG,5.6,8.2K
448. The Virtuoso,https://www.imdb.com/title/tt4136456/?ref_=sr_t_448,2021,1h 50m,R,5.0,9.9K
449. Jai Bhim,https://www.imdb.com/title/tt15097216/?ref_=sr_t_449,2021,2h 44m,Approved,8.7,223K
450. Cherry,https://www.imdb.com/title/tt9130508/?ref_=sr_t_450,2021,2h 22m,R,6.6,39K
451. Sweet Girl,https://www.imdb.com/title/tt10731768/?ref_=sr_t_451,2021,1h 50m,R,5.5,36K
452. The Woman in the Window,https://www.imdb.com/title/tt6111574/?ref_=sr_t_452,2021,1h 40m,R,5.7,86K
453. The Hand of God,https://www.imdb.com/title/tt12680684/?ref_=sr_t_453,2021,2h 10m,R,7.3,51K
454. The Wait,https://www.imdb.com/title/tt12453124/?ref_=sr_t_454,2021,1h 41m,,5.6,1.3K
455. The Vault,https://www.imdb.com/title/tt9742794/?ref_=sr_t_455,2021,1h 58m,R,6.4,33K
456. The Advent Calendar,https://www.imdb.com/title/tt12496706/?ref_=sr_t_456,2021,1h 44m,,6.3,6.8K
457. Coming 2 America,https://www.imdb.com/title/tt6802400/?ref_=sr_t_457,2021,1h 50m,PG-13,5.3,78K
458. Without Remorse,https://www.imdb.com/title/tt0499097/?ref_=sr_t_458,2021,1h 49m,R,5.8,67K
459. The Colony,https://www.imdb.com/title/tt6506264/?ref_=sr_t_459,2021,1h 44m,R,5.4,13K
460. Barb and Star Go to Vista Del Mar,https://www.imdb.com/title/tt3797512/?ref_=sr_t_460,2021,1h 47m,PG-13,6.3,21K
461. Boiling Point,https://www.imdb.com/title/tt11127680/?ref_=sr_t_461,2021,1h 32m,R,7.5,46K
462. No Sudden Move,https://www.imdb.com/title/tt11525644/?ref_=sr_t_462,2021,1h 55m,R,6.4,42K
463. Fear Street: Part One - 1994,https://www.imdb.com/title/tt6566576/?ref_=sr_t_463,2021,1h 47m,R,6.2,100K
464. Kate,https://www.imdb.com/title/tt7737528/?ref_=sr_t_464,2021,1h 46m,R,6.3,73K
465. Gunpowder Milkshake,https://www.imdb.com/title/tt8368408/?ref_=sr_t_465,2021,1h 54m,R,6.1,53K
466. Boxing Day,https://www.imdb.com/title/tt13659918/?ref_=sr_t_466,2021,1h 49m,,5.5,1.5K
467. Thunder Force,https://www.imdb.com/title/tt10121392/?ref_=sr_t_467,2021,1h 46m,PG-13,4.6,47K
468. Nitram,https://www.imdb.com/title/tt13694628/?ref_=sr_t_468,2021,1h 52m,,7.1,11K
469. Last Train to Christmas,https://www.imdb.com/title/tt14061008/?ref_=sr_t_469,2021,1h 50m,,6.0,3.5K
470. The Housemaid,https://www.imdb.com/title/tt15887102/?ref_=sr_t_470,2021,1h 54m,,4.6,437
471. Night Teeth,https://www.imdb.com/title/tt10763820/?ref_=sr_t_471,2021,1h 47m,TV-14,5.7,23K
472. The Medium,https://www.imdb.com/title/tt13446168/?ref_=sr_t_472,2021,2h 10m,Not Rated,6.5,15K
473. The Dig,https://www.imdb.com/title/tt3661210/?ref_=sr_t_473,2021,1h 52m,PG-13,7.1,85K
474. Blood Red Sky,https://www.imdb.com/title/tt6402468/?ref_=sr_t_474,2021,2h 1m,TV-MA,6.1,57K
475. Mistletoe Mixup,https://www.imdb.com/title/tt14253138/?ref_=sr_t_475,2021,1h 23m,PG,5.9,1.2K
476. The Ice Road,https://www.imdb.com/title/tt3758814/?ref_=sr_t_476,2021,1h 49m,PG-13,5.6,51K
477. Fear Street: Part Two - 1978,https://www.imdb.com/title/tt9701940/?ref_=sr_t_477,2021,1h 49m,R,6.7,81K
478. Things Heard & Seen,https://www.imdb.com/title/tt10962368/?ref_=sr_t_478,2021,2h 1m,TV-MA,5.3,38K
479. Fortress,https://www.imdb.com/title/tt14577300/?ref_=sr_t_479,2021,1h 39m,R,3.3,5.8K
480. Demon Slayer: Kimetsu no Yaiba - Tsuzumi Mansion Arc,https://www.imdb.com/title/tt16492678/?ref_=sr_t_480,2021,1h 27m,,8.7,28K
481. He's All That,https://www.imdb.com/title/tt4590256/?ref_=sr_t_481,2021,1h 28m,TV-14,4.4,30K
482. Being the Ricardos,https://www.imdb.com/title/tt4995540/?ref_=sr_t_482,2021,2h 11m,R,6.5,46K
483. Christmas Is Canceled,https://www.imdb.com/title/tt15186426/?ref_=sr_t_483,2021,1h 35m,R,4.8,2K
484. Yes Day,https://www.imdb.com/title/tt8521876/?ref_=sr_t_484,2021,1h 26m,PG,5.7,32K
485. Disfluency,https://www.imdb.com/title/tt10826774/?ref_=sr_t_485,2021,1h 35m,,8.5,65
486. Munich: The Edge of War,https://www.imdb.com/title/tt7475578/?ref_=sr_t_486,2021,2h 10m,PG-13,6.8,37K
487. Stowaway,https://www.imdb.com/title/tt9203694/?ref_=sr_t_487,2021,1h 56m,TV-MA,5.7,54K
488. Deadly Illusions,https://www.imdb.com/title/tt7897330/?ref_=sr_t_488,2021,1h 54m,R,3.8,14K
489. Christmas at the Ranch,https://www.imdb.com/title/tt13632182/?ref_=sr_t_489,2021,1h 34m,,5.5,877
490. Music,https://www.imdb.com/title/tt7541720/?ref_=sr_t_490,2021,1h 47m,PG-13,3.2,9.4K
491. Vivo,https://www.imdb.com/title/tt6338498/?ref_=sr_t_491,2021,1h 35m,PG,6.7,22K
492. A California Christmas: City Lights,https://www.imdb.com/title/tt13701962/?ref_=sr_t_492,2021,1h 46m,PG-13,5.6,3.6K
493. Delicious,https://www.imdb.com/title/tt10738536/?ref_=sr_t_493,2021,1h 52m,,7.0,6.3K
494. The Misfits,https://www.imdb.com/title/tt4876134/?ref_=sr_t_494,2021,1h 34m,R,4.5,14K
495. The Tender Bar,https://www.imdb.com/title/tt3108894/?ref_=sr_t_495,2021,1h 46m,R,6.7,35K
496. Breaking News in Yuba County,https://www.imdb.com/title/tt7737640/?ref_=sr_t_496,2021,1h 36m,R,5.8,7.5K
497. Oxygen,https://www.imdb.com/title/tt6341832/?ref_=sr_t_497,2021,1h 40m,TV-14,6.5,46K
498. Black Friday,https://www.imdb.com/title/tt11649338/?ref_=sr_t_498,2021,1h 24m,,4.7,9.1K
499. Chompy & the Girls,https://www.imdb.com/title/tt7885428/?ref_=sr_t_499,2021,1h 29m,,5.4,1.2K
500. The Dunes,https://www.imdb.com/title/tt6910678/?ref_=sr_t_500,2021,1h 38m,,5.3,5.8K
