Title,Movie Link,Year,Duration,MPA,Rating,Votes
1. Three Men and a Baby,https://www.imdb.com/title/tt0094137/?ref_=sr_t_1,1987,1h 42m,PG,6.1,59K
2. Fatal Attraction,https://www.imdb.com/title/tt0093010/?ref_=sr_t_2,1987,1h 59m,R,6.9,103K
3. Beverly Hills Cop II,https://www.imdb.com/title/tt0092644/?ref_=sr_t_3,1987,1h 43m,R,6.6,142K
"4. Good Morning, Vietnam",https://www.imdb.com/title/tt0093105/?ref_=sr_t_4,1987,2h 1m,R,7.3,158K
5. Moonstruck,https://www.imdb.com/title/tt0093565/?ref_=sr_t_5,1987,1h 42m,PG,7.2,72K
6. The Untouchables,https://www.imdb.com/title/tt0094226/?ref_=sr_t_6,1987,1h 59m,R,7.8,339K
7. The Secret of My Success,https://www.imdb.com/title/tt0093936/?ref_=sr_t_7,1987,1h 51m,PG-13,6.5,38K
8. Stakeout,https://www.imdb.com/title/tt0094025/?ref_=sr_t_8,1987,1h 57m,R,6.7,29K
9. Lethal Weapon,https://www.imdb.com/title/tt0093409/?ref_=sr_t_9,1987,1h 49m,R,7.6,283K
10. Dirty Dancing,https://www.imdb.com/title/tt0092890/?ref_=sr_t_10,1987,1h 40m,PG-13,7.1,265K
11. The Witches of Eastwick,https://www.imdb.com/title/tt0094332/?ref_=sr_t_11,1987,1h 58m,R,6.5,80K
12. Predator,https://www.imdb.com/title/tt0093773/?ref_=sr_t_12,1987,1h 47m,R,7.8,470K
13. Throw Momma from the Train,https://www.imdb.com/title/tt0094142/?ref_=sr_t_13,1987,1h 28m,PG-13,6.3,42K
14. Dragnet,https://www.imdb.com/title/tt0092925/?ref_=sr_t_14,1987,1h 46m,PG-13,6.0,38K
15. La Bamba,https://www.imdb.com/title/tt0093378/?ref_=sr_t_15,1987,1h 48m,PG-13,6.9,37K
16. RoboCop,https://www.imdb.com/title/tt0093870/?ref_=sr_t_16,1987,1h 42m,R,7.6,292K
17. Outrageous Fortune,https://www.imdb.com/title/tt0093690/?ref_=sr_t_17,1987,1h 39m,R,6.2,8.9K
18. Broadcast News,https://www.imdb.com/title/tt0092699/?ref_=sr_t_18,1987,2h 13m,R,7.3,35K
19. The Living Daylights,https://www.imdb.com/title/tt0093428/?ref_=sr_t_19,1987,2h 10m,PG,6.7,108K
20. Eddie Murphy: Raw,https://www.imdb.com/title/tt0092948/?ref_=sr_t_20,1987,1h 33m,R,7.6,21K
"21. Planes, Trains & Automobiles",https://www.imdb.com/title/tt0093748/?ref_=sr_t_21,1987,1h 33m,R,7.6,168K
22. Full Metal Jacket,https://www.imdb.com/title/tt0093058/?ref_=sr_t_22,1987,1h 56m,R,8.2,811K
23. A Nightmare on Elm Street 3: Dream Warriors,https://www.imdb.com/title/tt0093629/?ref_=sr_t_23,1987,1h 36m,R,6.7,94K
24. The Last Emperor,https://www.imdb.com/title/tt0093389/?ref_=sr_t_24,1987,2h 43m,PG-13,7.7,114K
25. Wall Street,https://www.imdb.com/title/tt0094291/?ref_=sr_t_25,1987,2h 6m,R,7.3,168K
26. Mannequin,https://www.imdb.com/title/tt0093493/?ref_=sr_t_26,1987,1h 30m,PG,6.0,37K
27. Roxanne,https://www.imdb.com/title/tt0093886/?ref_=sr_t_27,1987,1h 47m,PG,6.6,49K
28. Blind Date,https://www.imdb.com/title/tt0092666/?ref_=sr_t_28,1987,1h 35m,PG-13,5.9,25K
29. The Running Man,https://www.imdb.com/title/tt0093894/?ref_=sr_t_29,1987,1h 41m,R,6.6,172K
30. Spaceballs,https://www.imdb.com/title/tt0094012/?ref_=sr_t_30,1987,1h 36m,PG,7.1,213K
31. Summer School,https://www.imdb.com/title/tt0094072/?ref_=sr_t_31,1987,1h 37m,PG-13,6.6,23K
32. No Way Out,https://www.imdb.com/title/tt0093640/?ref_=sr_t_32,1987,1h 54m,R,7.1,49K
33. Like Father Like Son,https://www.imdb.com/title/tt0093418/?ref_=sr_t_33,1987,1h 40m,PG-13,5.2,6.6K
34. Adventures in Babysitting,https://www.imdb.com/title/tt0092513/?ref_=sr_t_34,1987,1h 42m,PG-13,6.9,51K
35. *batteries not included,https://www.imdb.com/title/tt0092494/?ref_=sr_t_35,1987,1h 47m,PG,6.6,39K
36. The Lost Boys,https://www.imdb.com/title/tt0093437/?ref_=sr_t_36,1987,1h 37m,R,7.2,167K
37. Can't Buy Me Love,https://www.imdb.com/title/tt0092718/?ref_=sr_t_37,1987,1h 34m,PG-13,6.8,43K
38. Nuts,https://www.imdb.com/title/tt0093660/?ref_=sr_t_38,1987,1h 56m,R,6.6,7.8K
39. The Princess Bride,https://www.imdb.com/title/tt0093779/?ref_=sr_t_39,1987,1h 38m,PG,8.0,461K
40. Revenge of the Nerds II: Nerds in Paradise,https://www.imdb.com/title/tt0093857/?ref_=sr_t_40,1987,1h 28m,PG-13,5.1,16K
41. Harry and the Hendersons,https://www.imdb.com/title/tt0093148/?ref_=sr_t_41,1987,1h 50m,PG,6.1,39K
42. Police Academy 4: Citizens on Patrol,https://www.imdb.com/title/tt0093756/?ref_=sr_t_42,1987,1h 28m,PG,5.0,47K
43. Overboard,https://www.imdb.com/title/tt0093693/?ref_=sr_t_43,1987,1h 52m,PG,6.9,71K
44. Baby Boom,https://www.imdb.com/title/tt0092605/?ref_=sr_t_44,1987,1h 50m,PG,6.3,20K
45. Innerspace,https://www.imdb.com/title/tt0093260/?ref_=sr_t_45,1987,2h,PG,6.8,67K
46. Tin Men,https://www.imdb.com/title/tt0094155/?ref_=sr_t_46,1987,1h 52m,R,6.6,10K
47. Black Widow,https://www.imdb.com/title/tt0090738/?ref_=sr_t_47,1987,1h 42m,R,6.4,11K
48. Ernest Goes to Camp,https://www.imdb.com/title/tt0092974/?ref_=sr_t_48,1987,1h 32m,PG,5.5,13K
49. Raising Arizona,https://www.imdb.com/title/tt0093822/?ref_=sr_t_49,1987,1h 34m,PG-13,7.3,154K
50. Benji the Hunted,https://www.imdb.com/title/tt0092638/?ref_=sr_t_50,1987,1h 28m,G,6.2,3.5K
51. Empire of the Sun,https://www.imdb.com/title/tt0092965/?ref_=sr_t_51,1987,2h 33m,PG,7.7,137K
52. Jaws: The Revenge,https://www.imdb.com/title/tt0093300/?ref_=sr_t_52,1987,1h 29m,PG-13,3.0,51K
53. Hello Again,https://www.imdb.com/title/tt0093175/?ref_=sr_t_53,1987,1h 36m,PG,5.3,3.9K
54. Critical Condition,https://www.imdb.com/title/tt0092798/?ref_=sr_t_54,1987,1h 37m,R,5.3,4K
55. The Principal,https://www.imdb.com/title/tt0093780/?ref_=sr_t_55,1987,1h 49m,R,6.3,12K
56. Suspect,https://www.imdb.com/title/tt0094082/?ref_=sr_t_56,1987,2h 1m,R,6.6,12K
57. The Believers,https://www.imdb.com/title/tt0092632/?ref_=sr_t_57,1987,1h 54m,R,6.1,8.4K
58. Some Kind of Wonderful,https://www.imdb.com/title/tt0094006/?ref_=sr_t_58,1987,1h 35m,PG-13,7.0,36K
59. Project X,https://www.imdb.com/title/tt0093793/?ref_=sr_t_59,1987,1h 48m,PG,6.2,13K
60. Born in East L.A.,https://www.imdb.com/title/tt0092690/?ref_=sr_t_60,1987,1h 25m,R,6.0,6.8K
61. Masters of the Universe,https://www.imdb.com/title/tt0093507/?ref_=sr_t_61,1987,1h 46m,PG,5.4,46K
62. Angel Heart,https://www.imdb.com/title/tt0092563/?ref_=sr_t_62,1987,1h 53m,R,7.2,98K
63. Burglar,https://www.imdb.com/title/tt0092710/?ref_=sr_t_63,1987,1h 43m,R,5.1,4.9K
64. Over the Top,https://www.imdb.com/title/tt0093692/?ref_=sr_t_64,1987,1h 33m,PG,5.8,61K
65. Superman IV: The Quest for Peace,https://www.imdb.com/title/tt0094074/?ref_=sr_t_65,1987,1h 30m,PG,3.7,54K
66. Flowers in the Attic,https://www.imdb.com/title/tt0093036/?ref_=sr_t_66,1987,1h 33m,PG-13,5.7,12K
67. Radio Days,https://www.imdb.com/title/tt0093818/?ref_=sr_t_67,1987,1h 28m,PG,7.4,37K
68. Hellraiser,https://www.imdb.com/title/tt0093177/?ref_=sr_t_68,1987,1h 34m,R,6.9,146K
69. Ishtar,https://www.imdb.com/title/tt0093278/?ref_=sr_t_69,1987,1h 47m,PG-13,4.7,12K
70. Prince of Darkness,https://www.imdb.com/title/tt0093777/?ref_=sr_t_70,1987,1h 42m,R,6.7,52K
71. Creepshow 2,https://www.imdb.com/title/tt0092796/?ref_=sr_t_71,1987,1h 32m,R,6.0,29K
72. Hamburger Hill,https://www.imdb.com/title/tt0093137/?ref_=sr_t_72,1987,1h 50m,R,6.7,29K
73. The Gate,https://www.imdb.com/title/tt0093075/?ref_=sr_t_73,1987,1h 25m,PG-13,6.0,21K
74. The Pick-up Artist,https://www.imdb.com/title/tt0093737/?ref_=sr_t_74,1987,1h 21m,PG-13,5.4,8K
75. Back to the Beach,https://www.imdb.com/title/tt0092608/?ref_=sr_t_75,1987,1h 32m,PG,5.9,3.5K
76. The Bedroom Window,https://www.imdb.com/title/tt0092627/?ref_=sr_t_76,1987,1h 52m,R,6.4,7.2K
77. The Fourth Protocol,https://www.imdb.com/title/tt0093044/?ref_=sr_t_77,1987,1h 59m,R,6.5,11K
78. Less Than Zero,https://www.imdb.com/title/tt0093407/?ref_=sr_t_78,1987,1h 38m,R,6.4,23K
79. Fatal Beauty,https://www.imdb.com/title/tt0093011/?ref_=sr_t_79,1987,1h 44m,R,5.4,4.2K
80. Extreme Prejudice,https://www.imdb.com/title/tt0092997/?ref_=sr_t_80,1987,1h 45m,R,6.6,9.2K
81. Light of Day,https://www.imdb.com/title/tt0093415/?ref_=sr_t_81,1987,1h 47m,PG-13,5.6,3.4K
82. Disorderlies,https://www.imdb.com/title/tt0092897/?ref_=sr_t_82,1987,1h 26m,PG,5.0,2.6K
83. Someone to Watch Over Me,https://www.imdb.com/title/tt0094008/?ref_=sr_t_83,1987,1h 46m,R,6.1,12K
84. Hope and Glory,https://www.imdb.com/title/tt0093209/?ref_=sr_t_84,1987,1h 53m,PG-13,7.3,15K
85. Maid to Order,https://www.imdb.com/title/tt0093476/?ref_=sr_t_85,1987,1h 33m,PG,5.6,3.7K
86. The Hidden,https://www.imdb.com/title/tt0093185/?ref_=sr_t_86,1987,1h 37m,R,7.0,24K
87. From the Hip,https://www.imdb.com/title/tt0093051/?ref_=sr_t_87,1987,1h 51m,PG,6.1,2.7K
88. Teen Wolf Too,https://www.imdb.com/title/tt0094118/?ref_=sr_t_88,1987,1h 35m,PG,3.5,13K
89. House II: The Second Story,https://www.imdb.com/title/tt0093220/?ref_=sr_t_89,1987,1h 28m,PG-13,5.4,13K
90. Ironweed,https://www.imdb.com/title/tt0093277/?ref_=sr_t_90,1987,2h 23m,R,6.7,10K
91. Who's That Girl,https://www.imdb.com/title/tt0094321/?ref_=sr_t_91,1987,1h 32m,PG,4.8,11K
92. Hiding Out,https://www.imdb.com/title/tt0093186/?ref_=sr_t_92,1987,1h 38m,PG-13,6.4,4.3K
93. Death Wish 4: The Crackdown,https://www.imdb.com/title/tt0092857/?ref_=sr_t_93,1987,1h 39m,R,5.4,12K
94. The Chipmunk Adventure,https://www.imdb.com/title/tt0092752/?ref_=sr_t_94,1987,1h 17m,G,7.2,6.2K
95. Assassination,https://www.imdb.com/title/tt0092585/?ref_=sr_t_95,1987,1h 28m,PG-13,5.2,3.8K
96. Evil Dead II,https://www.imdb.com/title/tt0092991/?ref_=sr_t_96,1987,1h 24m,R,7.7,187K
97. Cry Freedom,https://www.imdb.com/title/tt0092804/?ref_=sr_t_97,1987,2h 37m,PG,7.4,15K
98. Surrender,https://www.imdb.com/title/tt0094078/?ref_=sr_t_98,1987,1h 45m,PG,5.4,1.2K
99. Nadine,https://www.imdb.com/title/tt0093596/?ref_=sr_t_99,1987,1h 23m,PG,5.5,4.6K
100. The Sicilian,https://www.imdb.com/title/tt0093966/?ref_=sr_t_100,1987,1h 55m,R,5.4,5.6K
101. Gardens of Stone,https://www.imdb.com/title/tt0093073/?ref_=sr_t_101,1987,1h 51m,R,6.3,6.5K
102. Hollywood Shuffle,https://www.imdb.com/title/tt0093200/?ref_=sr_t_102,1987,1h 21m,R,6.9,6.6K
103. Leonard Part 6,https://www.imdb.com/title/tt0093405/?ref_=sr_t_103,1987,1h 25m,PG,2.2,8.8K
104. Made in Heaven,https://www.imdb.com/title/tt0093467/?ref_=sr_t_104,1987,1h 43m,PG,6.3,3.8K
105. Death Before Dishonor,https://www.imdb.com/title/tt0092854/?ref_=sr_t_105,1987,1h 31m,R,4.9,1.2K
106. Au Revoir les Enfants,https://www.imdb.com/title/tt0092593/?ref_=sr_t_106,1987,1h 44m,PG,8.0,37K
107. Babette's Feast,https://www.imdb.com/title/tt0092603/?ref_=sr_t_107,1987,1h 43m,G,7.8,23K
108. The Dead,https://www.imdb.com/title/tt0092843/?ref_=sr_t_108,1987,1h 23m,PG,7.2,9.2K
109. Best Seller,https://www.imdb.com/title/tt0092641/?ref_=sr_t_109,1987,1h 35m,R,6.4,6.5K
110. Hot Pursuit,https://www.imdb.com/title/tt0093215/?ref_=sr_t_110,1987,1h 33m,PG-13,5.7,4.2K
111. American Ninja 2: The Confrontation,https://www.imdb.com/title/tt0092548/?ref_=sr_t_111,1987,1h 30m,R,5.0,10K
112. My Demon Lover,https://www.imdb.com/title/tt0093589/?ref_=sr_t_112,1987,1h 28m,PG-13,4.6,1.7K
113. North Shore,https://www.imdb.com/title/tt0093648/?ref_=sr_t_113,1987,1h 36m,PG,6.6,3.1K
114. The Monster Squad,https://www.imdb.com/title/tt0093560/?ref_=sr_t_114,1987,1h 22m,PG-13,6.9,37K
115. Three O'Clock High,https://www.imdb.com/title/tt0094138/?ref_=sr_t_115,1987,1h 41m,PG-13,7.1,14K
116. Bagdad Cafe,https://www.imdb.com/title/tt0095801/?ref_=sr_t_116,1987,1h 35m,PG,7.4,16K
117. Big Shots,https://www.imdb.com/title/tt0092655/?ref_=sr_t_117,1987,1h 34m,PG-13,5.7,926
118. Near Dark,https://www.imdb.com/title/tt0093605/?ref_=sr_t_118,1987,1h 34m,R,6.9,47K
119. Wings of Desire,https://www.imdb.com/title/tt0093191/?ref_=sr_t_119,1987,2h 8m,PG-13,7.9,80K
120. Wish You Were Here,https://www.imdb.com/title/tt0094331/?ref_=sr_t_120,1987,1h 28m,R,6.8,3.5K
121. Pinocchio and the Emperor of the Night,https://www.imdb.com/title/tt0093743/?ref_=sr_t_121,1987,1h 27m,G,6.2,792
122. Barfly,https://www.imdb.com/title/tt0092618/?ref_=sr_t_122,1987,1h 40m,R,7.1,23K
123. White Mischief,https://www.imdb.com/title/tt0094317/?ref_=sr_t_123,1987,1h 47m,R,6.4,3.3K
124. Malone,https://www.imdb.com/title/tt0093483/?ref_=sr_t_124,1987,1h 32m,R,5.8,3.7K
125. Sign 'o' the Times,https://www.imdb.com/title/tt0093970/?ref_=sr_t_125,1987,1h 25m,PG-13,8.0,2.6K
126. No Man's Land,https://www.imdb.com/title/tt0093638/?ref_=sr_t_126,1987,1h 46m,R,6.1,5.7K
127. The Allnighter,https://www.imdb.com/title/tt0092537/?ref_=sr_t_127,1987,1h 48m,PG-13,4.3,1.5K
128. Hello Mary Lou: Prom Night II,https://www.imdb.com/title/tt0093176/?ref_=sr_t_128,1987,1h 37m,R,5.8,8.2K
129. The Care Bears Adventure in Wonderland,https://www.imdb.com/title/tt0092723/?ref_=sr_t_129,1987,1h 20m,G,5.7,1.3K
130. House of Games,https://www.imdb.com/title/tt0093223/?ref_=sr_t_130,1987,1h 42m,R,7.2,25K
131. The Stepfather,https://www.imdb.com/title/tt0094035/?ref_=sr_t_131,1987,1h 29m,R,6.7,19K
132. Maurice,https://www.imdb.com/title/tt0093512/?ref_=sr_t_132,1987,2h 20m,R,7.6,25K
133. Dead of Winter,https://www.imdb.com/title/tt0092842/?ref_=sr_t_133,1987,1h 40m,R,6.2,4.8K
134. The Kindred,https://www.imdb.com/title/tt0091343/?ref_=sr_t_134,1987,1h 33m,R,5.6,2.7K
135. Weeds,https://www.imdb.com/title/tt0094304/?ref_=sr_t_135,1987,1h 55m,R,6.0,937
136. The Squeeze,https://www.imdb.com/title/tt0094021/?ref_=sr_t_136,1987,1h 41m,PG-13,4.8,1.5K
137. Oci ciornie,https://www.imdb.com/title/tt0093664/?ref_=sr_t_137,1987,1h 58m,,7.3,3.6K
138. Russkies,https://www.imdb.com/title/tt0093898/?ref_=sr_t_138,1987,1h 39m,PG,5.5,1.7K
139. Morgan Stewart's Coming Home,https://www.imdb.com/title/tt0093567/?ref_=sr_t_139,1987,1h 36m,PG-13,5.5,1.1K
140. Pelle the Conqueror,https://www.imdb.com/title/tt0093713/?ref_=sr_t_140,1987,2h 37m,PG-13,7.7,12K
141. Date with an Angel,https://www.imdb.com/title/tt0092834/?ref_=sr_t_141,1987,1h 45m,PG,5.6,3.1K
142. The Curse,https://www.imdb.com/title/tt0092809/?ref_=sr_t_142,1987,1h 32m,R,5.1,4.1K
143. Hunk,https://www.imdb.com/title/tt0093231/?ref_=sr_t_143,1987,1h 42m,PG,4.6,1.6K
144. Personal Services,https://www.imdb.com/title/tt0093727/?ref_=sr_t_144,1987,1h 45m,R,6.3,1.9K
145. The Big Town,https://www.imdb.com/title/tt0092656/?ref_=sr_t_145,1987,1h 49m,R,5.9,2.7K
146. The Rosary Murders,https://www.imdb.com/title/tt0093881/?ref_=sr_t_146,1987,1h 45m,R,5.8,1.8K
147. Matewan,https://www.imdb.com/title/tt0093509/?ref_=sr_t_147,1987,2h 15m,PG-13,7.9,9.5K
148. Prick Up Your Ears,https://www.imdb.com/title/tt0093776/?ref_=sr_t_148,1987,1h 45m,R,7.1,6.6K
149. Making Mr. Right,https://www.imdb.com/title/tt0093477/?ref_=sr_t_149,1987,1h 38m,PG-13,5.5,3.2K
150. Vincent,https://www.imdb.com/title/tt0094269/?ref_=sr_t_150,1987,1h 45m,,7.5,478
151. The Garbage Pail Kids Movie,https://www.imdb.com/title/tt0093072/?ref_=sr_t_151,1987,1h 40m,PG,2.7,9K
152. Withnail and I,https://www.imdb.com/title/tt0094336/?ref_=sr_t_152,1987,1h 47m,R,7.5,49K
153. Three for the Road,https://www.imdb.com/title/tt0094140/?ref_=sr_t_153,1987,1h 28m,PG,5.3,1.2K
154. A Prayer for the Dying,https://www.imdb.com/title/tt0093771/?ref_=sr_t_154,1987,1h 47m,R,6.3,5.9K
155. I've Heard the Mermaids Singing,https://www.imdb.com/title/tt0093239/?ref_=sr_t_155,1987,1h 21m,R,6.7,2K
156. Penitentiary III,https://www.imdb.com/title/tt0093714/?ref_=sr_t_156,1987,1h 31m,R,4.4,597
157. From a Whisper to a Scream,https://www.imdb.com/title/tt0091671/?ref_=sr_t_157,1987,1h 39m,R,5.7,3.1K
158. The Whales of August,https://www.imdb.com/title/tt0094315/?ref_=sr_t_158,1987,1h 30m,Not Rated,7.1,5.5K
159. Steele Justice,https://www.imdb.com/title/tt0094034/?ref_=sr_t_159,1987,1h 35m,R,4.9,846
160. China Girl,https://www.imdb.com/title/tt0092751/?ref_=sr_t_160,1987,1h 30m,R,6.3,2.6K
161. Anna,https://www.imdb.com/title/tt0092569/?ref_=sr_t_161,1987,1h 40m,PG-13,6.4,823
162. Sammy and Rosie Get Laid,https://www.imdb.com/title/tt0093913/?ref_=sr_t_162,1987,1h 41m,,6.6,1.6K
163. Dancers,https://www.imdb.com/title/tt0092822/?ref_=sr_t_163,1987,1h 39m,PG,4.5,369
164. Return to Horror High,https://www.imdb.com/title/tt0093854/?ref_=sr_t_164,1987,1h 35m,R,4.4,4K
165. The Good Wife,https://www.imdb.com/title/tt0093106/?ref_=sr_t_165,1987,1h 38m,R,5.7,635
166. Nightflyers,https://www.imdb.com/title/tt0093626/?ref_=sr_t_166,1987,1h 29m,R,4.3,1.4K
167. Street Smart,https://www.imdb.com/title/tt0094056/?ref_=sr_t_167,1987,1h 37m,R,6.4,4K
168. Swimming to Cambodia,https://www.imdb.com/title/tt0094089/?ref_=sr_t_168,1987,1h 25m,R,7.6,2.4K
169. 84 Charing Cross Road,https://www.imdb.com/title/tt0090570/?ref_=sr_t_169,1987,1h 40m,PG,7.4,12K
170. The Outing,https://www.imdb.com/title/tt0091707/?ref_=sr_t_170,1987,1h 27m,R,5.0,2.4K
171. Housekeeping,https://www.imdb.com/title/tt0093225/?ref_=sr_t_171,1987,1h 56m,PG,7.1,3K
172. Aria,https://www.imdb.com/title/tt0092580/?ref_=sr_t_172,1987,1h 30m,R,5.7,3.2K
173. Cross My Heart,https://www.imdb.com/title/tt0092802/?ref_=sr_t_173,1987,1h 30m,R,5.7,1.4K
174. Little Dorrit,https://www.imdb.com/title/tt0095530/?ref_=sr_t_174,1987,5h 57m,G,7.2,1.3K
175. In the Mood,https://www.imdb.com/title/tt0093253/?ref_=sr_t_175,1987,1h 38m,PG-13,6.0,1.1K
176. Campus Man,https://www.imdb.com/title/tt0092717/?ref_=sr_t_176,1987,1h 34m,PG,4.8,622
177. Million Dollar Mystery,https://www.imdb.com/title/tt0093539/?ref_=sr_t_177,1987,1h 35m,PG,5.0,588
178. Five Corners,https://www.imdb.com/title/tt0093029/?ref_=sr_t_178,1987,1h 30m,R,6.1,4K
179. A Man in Love,https://www.imdb.com/title/tt0094208/?ref_=sr_t_179,1987,2h 5m,R,5.8,810
180. Julia and Julia,https://www.imdb.com/title/tt0093092/?ref_=sr_t_180,1987,1h 38m,R,5.4,911
181. The Glass Menagerie,https://www.imdb.com/title/tt0093093/?ref_=sr_t_181,1987,2h 14m,PG,7.1,2.3K
182. Real Men,https://www.imdb.com/title/tt0093828/?ref_=sr_t_182,1987,1h 25m,PG-13,6.0,4.9K
183. Tough Guys Don't Dance,https://www.imdb.com/title/tt0094169/?ref_=sr_t_183,1987,1h 50m,R,4.9,2K
184. Nowhere to Hide,https://www.imdb.com/title/tt0093654/?ref_=sr_t_184,1987,1h 30m,R,5.8,516
185. Boyfriends and Girlfriends,https://www.imdb.com/title/tt0092550/?ref_=sr_t_185,1987,1h 43m,PG,7.5,5.9K
186. Bulletproof,https://www.imdb.com/title/tt0094813/?ref_=sr_t_186,1987,1h 33m,R,4.9,1.5K
187. The Barbarians,https://www.imdb.com/title/tt0092615/?ref_=sr_t_187,1987,1h 27m,R,5.0,5.4K
188. Rampage,https://www.imdb.com/title/tt0095958/?ref_=sr_t_188,1987,1h 37m,R,6.1,2.7K
189. Beyond Therapy,https://www.imdb.com/title/tt0092646/?ref_=sr_t_189,1987,1h 33m,R,4.8,1.5K
190. The Hanoi Hilton,https://www.imdb.com/title/tt0093143/?ref_=sr_t_190,1987,2h 5m,R,6.1,1.2K
191. Waiting for the Moon,https://www.imdb.com/title/tt0094286/?ref_=sr_t_191,1987,1h 28m,PG,6.3,224
"192. Sister, Sister",https://www.imdb.com/title/tt0093980/?ref_=sr_t_192,1987,1h 31m,R,5.5,1.4K
193. Chuck Berry: Hail! Hail! Rock 'n' Roll,https://www.imdb.com/title/tt0092758/?ref_=sr_t_193,1987,2h,PG,7.7,1.6K
194. Siesta,https://www.imdb.com/title/tt0093969/?ref_=sr_t_194,1987,1h 37m,R,5.5,2.5K
195. Steel Dawn,https://www.imdb.com/title/tt0094033/?ref_=sr_t_195,1987,1h 40m,R,5.1,5.7K
196. Amazon Women on the Moon,https://www.imdb.com/title/tt0092546/?ref_=sr_t_196,1987,1h 25m,R,6.2,13K
197. Man on Fire,https://www.imdb.com/title/tt0093489/?ref_=sr_t_197,1987,1h 32m,R,5.8,3.2K
198. The Killing Time,https://www.imdb.com/title/tt0093347/?ref_=sr_t_198,1987,1h 34m,R,5.3,1.3K
199. September,https://www.imdb.com/title/tt0093940/?ref_=sr_t_199,1987,1h 23m,PG,6.5,11K
200. Number One with a Bullet,https://www.imdb.com/title/tt0093658/?ref_=sr_t_200,1987,1h 43m,R,4.8,764
201. Slam Dance,https://www.imdb.com/title/tt0093986/?ref_=sr_t_201,1987,1h 32m,R,5.2,1.9K
202. Gandahar,https://www.imdb.com/title/tt0095525/?ref_=sr_t_202,1987,1h 18m,PG,7.0,5.7K
203. Summer Heat,https://www.imdb.com/title/tt0094071/?ref_=sr_t_203,1987,1h 20m,R,4.8,449
204. The Family,https://www.imdb.com/title/tt0093004/?ref_=sr_t_204,1987,2h 7m,PG,7.4,2.6K
205. Prison,https://www.imdb.com/title/tt0095904/?ref_=sr_t_205,1987,1h 42m,R,5.8,4.9K
206. World Gone Wild,https://www.imdb.com/title/tt0096465/?ref_=sr_t_206,1987,1h 35m,R,5.1,1.1K
207. Promised Land,https://www.imdb.com/title/tt0095916/?ref_=sr_t_207,1987,1h 42m,R,5.7,1.6K
208. White Water Summer,https://www.imdb.com/title/tt0094318/?ref_=sr_t_208,1987,1h 30m,PG,6.2,6.1K
209. Rent-a-Cop,https://www.imdb.com/title/tt0095977/?ref_=sr_t_209,1987,1h 36m,R,4.7,2.1K
210. Cold Steel,https://www.imdb.com/title/tt0092767/?ref_=sr_t_210,1987,1h 31m,R,4.6,1K
211. Orphans,https://www.imdb.com/title/tt0093683/?ref_=sr_t_211,1987,1h 55m,R,6.5,963
212. Weapons of the Spirit,https://www.imdb.com/title/tt0100905/?ref_=sr_t_212,1987,1h 33m,,8.2,93
213. Bellman and True,https://www.imdb.com/title/tt0092636/?ref_=sr_t_213,1987,2h 30m,R,6.8,569
214. Square Dance,https://www.imdb.com/title/tt0094020/?ref_=sr_t_214,1987,1h 52m,PG-13,5.7,1.1K
215. The Year My Voice Broke,https://www.imdb.com/title/tt0094347/?ref_=sr_t_215,1987,1h 43m,PG-13,7.3,2.3K
216. Beatrice,https://www.imdb.com/title/tt0093709/?ref_=sr_t_216,1987,2h 10m,R,6.5,804
217. Straight to Hell,https://www.imdb.com/title/tt0094048/?ref_=sr_t_217,1987,1h 26m,R,5.6,2.9K
218. The Princess Academy,https://www.imdb.com/title/tt0093778/?ref_=sr_t_218,1987,1h 30m,R,3.3,218
219. Eat the Rich,https://www.imdb.com/title/tt0092944/?ref_=sr_t_219,1987,1h 30m,R,5.8,1.6K
220. Good Morning Babylon,https://www.imdb.com/title/tt0093104/?ref_=sr_t_220,1987,1h 57m,PG-13,6.7,1.8K
221. My Best Friend Is a Vampire,https://www.imdb.com/title/tt0095684/?ref_=sr_t_221,1987,1h 29m,PG,6.0,4.5K
222. Pass the Ammo,https://www.imdb.com/title/tt0095832/?ref_=sr_t_222,1987,1h 33m,R,5.9,688
223. Lady Beware,https://www.imdb.com/title/tt0093379/?ref_=sr_t_223,1987,1h 48m,R,5.7,1.1K
224. Gor,https://www.imdb.com/title/tt0095241/?ref_=sr_t_224,1987,1h 34m,PG,3.5,2.4K
225. Witness in the War Zone,https://www.imdb.com/title/tt0092844/?ref_=sr_t_225,1987,1h 40m,R,5.4,566
226. Intervista,https://www.imdb.com/title/tt0093267/?ref_=sr_t_226,1987,1h 45m,,7.0,3.4K
227. Gaby: A True Story,https://www.imdb.com/title/tt0093067/?ref_=sr_t_227,1987,1h 50m,R,6.8,814
"228. Rita, Sue and Bob Too",https://www.imdb.com/title/tt0091859/?ref_=sr_t_228,1987,1h 29m,R,6.6,5K
229. The Kitchen Toto,https://www.imdb.com/title/tt0093354/?ref_=sr_t_229,1987,1h 36m,PG-13,6.2,281
230. Heaven,https://www.imdb.com/title/tt0093166/?ref_=sr_t_230,1987,1h 20m,PG-13,6.7,297
231. Captive Hearts,https://www.imdb.com/title/tt0092721/?ref_=sr_t_231,1987,1h 37m,PG,6.0,233
232. Law of Desire,https://www.imdb.com/title/tt0093412/?ref_=sr_t_232,1987,1h 42m,NC-17,7.1,15K
233. Under the Sun of Satan,https://www.imdb.com/title/tt0094011/?ref_=sr_t_233,1987,1h 38m,TV-MA,6.7,3.9K
234. Nice Girls Don't Explode,https://www.imdb.com/title/tt0093617/?ref_=sr_t_234,1987,1h 32m,PG,5.6,555
235. King Lear,https://www.imdb.com/title/tt0093349/?ref_=sr_t_235,1987,1h 30m,PG,5.4,1.5K
236. Love at Stake,https://www.imdb.com/title/tt0093443/?ref_=sr_t_236,1987,1h 26m,R,4.9,771
237. Rachel River,https://www.imdb.com/title/tt0093816/?ref_=sr_t_237,1987,1h 25m,PG-13,5.7,89
238. Wings of Honneamise,https://www.imdb.com/title/tt0093207/?ref_=sr_t_238,1987,2h 1m,Unrated,7.2,5.9K
239. Happy New Year,https://www.imdb.com/title/tt0093145/?ref_=sr_t_239,1987,1h 25m,PG,5.9,781
240. The Lighthorsemen,https://www.imdb.com/title/tt0093416/?ref_=sr_t_240,1987,2h 11m,PG,6.8,2.1K
241. End of the Line,https://www.imdb.com/title/tt0092967/?ref_=sr_t_241,1987,1h 43m,PG,5.6,829
242. Echoes of Paradise,https://www.imdb.com/title/tt0092946/?ref_=sr_t_242,1987,1h 32m,R,5.7,129
243. One Day in the Life of Andrei Arsenevitch,https://www.imdb.com/title/tt0259701/?ref_=sr_t_243,1987,55m,,7.8,627
244. Four Adventures of Reinette and Mirabelle,https://www.imdb.com/title/tt0090565/?ref_=sr_t_244,1987,1h 39m,Not Rated,7.5,3.7K
245. Zombie High,https://www.imdb.com/title/tt0094383/?ref_=sr_t_245,1987,1h 33m,R,4.3,1.5K
246. Cobra Verde,https://www.imdb.com/title/tt0094888/?ref_=sr_t_246,1987,1h 51m,Not Rated,6.9,8.7K
247. The Time Guardian,https://www.imdb.com/title/tt0094152/?ref_=sr_t_247,1987,1h 27m,PG,4.3,1.2K
248. Home Is Where the Hart Is,https://www.imdb.com/title/tt0093204/?ref_=sr_t_248,1987,1h 34m,PG-13,4.4,159
249. Iron Warrior,https://www.imdb.com/title/tt0093276/?ref_=sr_t_249,1987,1h 27m,PG-13,3.5,1.1K
250. Pathfinder,https://www.imdb.com/title/tt0093668/?ref_=sr_t_250,1987,1h 26m,,7.1,5.7K
251. Hotel Colonial,https://www.imdb.com/title/tt0093217/?ref_=sr_t_251,1987,1h 44m,R,4.0,330
252. Candy Mountain,https://www.imdb.com/title/tt0092719/?ref_=sr_t_252,1987,1h 31m,R,6.4,441
253. Sweet Country,https://www.imdb.com/title/tt0092034/?ref_=sr_t_253,1987,2h 30m,R,4.9,235
254. Daughter of the Nile,https://www.imdb.com/title/tt0093633/?ref_=sr_t_254,1987,1h 33m,Not Rated,7.0,1.3K
"255. Silent Night, Deadly Night Part 2",https://www.imdb.com/title/tt0093974/?ref_=sr_t_255,1987,1h 28m,R,3.9,9.6K
256. Slave Girls from Beyond Infinity,https://www.imdb.com/title/tt0093991/?ref_=sr_t_256,1987,1h 14m,R,4.4,2.6K
257. Bad Taste,https://www.imdb.com/title/tt0092610/?ref_=sr_t_257,1987,1h 31m,Not Rated,6.5,50K
258. Capriccio,https://www.imdb.com/title/tt0092720/?ref_=sr_t_258,1987,1h 38m,R,4.7,1.4K
259. Wicked City,https://www.imdb.com/title/tt0098692/?ref_=sr_t_259,1987,1h 22m,Not Rated,6.7,10K
260. Cherry 2000,https://www.imdb.com/title/tt0092746/?ref_=sr_t_260,1987,1h 39m,PG-13,5.6,11K
261. Delirium,https://www.imdb.com/title/tt0093043/?ref_=sr_t_261,1987,1h 34m,Unrated,5.7,2.6K
262. The Brave Little Toaster,https://www.imdb.com/title/tt0092695/?ref_=sr_t_262,1987,1h 30m,G,7.2,28K
263. Deathstalker II: Duel of the Titans,https://www.imdb.com/title/tt0092860/?ref_=sr_t_263,1987,1h 25m,R,5.1,3.9K
264. American Gothic,https://www.imdb.com/title/tt0094642/?ref_=sr_t_264,1987,1h 30m,R,5.8,4.8K
265. Hard Ticket to Hawaii,https://www.imdb.com/title/tt0093146/?ref_=sr_t_265,1987,1h 36m,R,5.0,5.6K
266. Street Trash,https://www.imdb.com/title/tt0094057/?ref_=sr_t_266,1987,1h 31m,Unrated,5.9,12K
267. Warrior Queen,https://www.imdb.com/title/tt0094298/?ref_=sr_t_267,1987,1h 19m,R,3.3,1.2K
268. Slumber Party Massacre II,https://www.imdb.com/title/tt0093996/?ref_=sr_t_268,1987,1h 17m,R,4.7,7.9K
269. Ice Palace,https://www.imdb.com/title/tt0097594/?ref_=sr_t_269,1987,1h 18m,,6.5,804
270. A Return to Salem's Lot,https://www.imdb.com/title/tt0093855/?ref_=sr_t_270,1987,1h 41m,R,4.3,5.3K
271. Mio in the Land of Faraway,https://www.imdb.com/title/tt0093543/?ref_=sr_t_271,1987,1h 39m,PG,6.3,6.2K
272. Where Is the Friend's House?,https://www.imdb.com/title/tt0093342/?ref_=sr_t_272,1987,1h 23m,Not Rated,8.1,20K
273. Killer Workout,https://www.imdb.com/title/tt0091339/?ref_=sr_t_273,1987,1h 25m,R,4.6,3K
"274. Eleven Days, Eleven Nights",https://www.imdb.com/title/tt0091002/?ref_=sr_t_274,1987,1h 32m,R,4.4,1.2K
275. Doom Asylum,https://www.imdb.com/title/tt0092910/?ref_=sr_t_275,1987,1h 19m,R,4.6,2.4K
276. My Best Friend's Birthday,https://www.imdb.com/title/tt0359715/?ref_=sr_t_276,1987,1h 9m,Not Rated,5.5,4.9K
277. Hansel and Gretel,https://www.imdb.com/title/tt0093144/?ref_=sr_t_277,1987,1h 24m,G,6.5,1.5K
278. Snow White,https://www.imdb.com/title/tt0093999/?ref_=sr_t_278,1987,1h 25m,PG,6.5,986
279. Blood Rage,https://www.imdb.com/title/tt0085253/?ref_=sr_t_279,1987,1h 22m,R,5.8,6K
280. Robot Holocaust,https://www.imdb.com/title/tt0093872/?ref_=sr_t_280,1987,1h 19m,Not Rated,2.4,2.2K
281. Opera,https://www.imdb.com/title/tt0093677/?ref_=sr_t_281,1987,1h 47m,R,6.9,20K
282. Me,https://www.imdb.com/title/tt0140034/?ref_=sr_t_282,1987,2h 3m,,5.5,288
283. Love Rites,https://www.imdb.com/title/tt0094932/?ref_=sr_t_283,1987,1h 37m,R,4.8,600
284. Mr. India,https://www.imdb.com/title/tt0093578/?ref_=sr_t_284,1987,2h 59m,,7.7,17K
285. Stripped to Kill,https://www.imdb.com/title/tt0094061/?ref_=sr_t_285,1987,1h 28m,R,4.9,1.8K
286. StageFright,https://www.imdb.com/title/tt0092576/?ref_=sr_t_286,1987,1h 30m,Unrated,6.6,9.9K
287. Miami Connection,https://www.imdb.com/title/tt0092549/?ref_=sr_t_287,1987,1h 27m,R,5.6,6.9K
288. Bloody New Year,https://www.imdb.com/title/tt0092676/?ref_=sr_t_288,1987,1h 30m,R,4.5,2.4K
289. Dark Tower,https://www.imdb.com/title/tt0092831/?ref_=sr_t_289,1987,1h 31m,R,4.2,1.3K
290. Aenigma,https://www.imdb.com/title/tt0092516/?ref_=sr_t_290,1987,1h 25m,Unrated,5.1,3.5K
291. Blood Diner,https://www.imdb.com/title/tt0092669/?ref_=sr_t_291,1987,1h 28m,Unrated,5.3,5.6K
292. Hachi-ko,https://www.imdb.com/title/tt0093132/?ref_=sr_t_292,1987,1h 47m,,7.9,6K
293. Backfire,https://www.imdb.com/title/tt0092609/?ref_=sr_t_293,1987,1h 30m,R,5.4,760
294. Jane and the Lost City,https://www.imdb.com/title/tt0093296/?ref_=sr_t_294,1987,1h 33m,PG,4.4,664
295. Anguish,https://www.imdb.com/title/tt0090644/?ref_=sr_t_295,1987,1h 29m,R,6.7,4.5K
296. Inbi,https://www.imdb.com/title/tt3430512/?ref_=sr_t_296,1987,1h 15m,,7.9,57
297. Sleeping Beauty,https://www.imdb.com/title/tt0093993/?ref_=sr_t_297,1987,1h 30m,G,5.7,599
298. Creepozoids,https://www.imdb.com/title/tt0092795/?ref_=sr_t_298,1987,1h 12m,R,4.0,3.1K
299. Emmanuelle 5,https://www.imdb.com/title/tt0092962/?ref_=sr_t_299,1987,1h 25m,R,3.2,1.2K
300. Blind Chance,https://www.imdb.com/title/tt0084549/?ref_=sr_t_300,1987,1h 54m,Not Rated,7.7,12K
301. Thong Girls,https://www.imdb.com/title/tt0092748/?ref_=sr_t_301,1987,1h 24m,,4.4,142
302. The Big Bet,https://www.imdb.com/title/tt0088800/?ref_=sr_t_302,1987,1h 30m,R,4.5,374
303. Munchies,https://www.imdb.com/title/tt0093582/?ref_=sr_t_303,1987,1h 23m,PG,3.9,2.3K
"304. No Retreat, No Surrender 2",https://www.imdb.com/title/tt0097991/?ref_=sr_t_304,1987,1h 32m,R,5.1,2.2K
305. Blood Harvest,https://www.imdb.com/title/tt0092671/?ref_=sr_t_305,1987,1h 28m,Not Rated,4.6,1.9K
306. Deadly Prey,https://www.imdb.com/title/tt0092848/?ref_=sr_t_306,1987,1h 28m,R,5.0,3.6K
307. Shallow Grave,https://www.imdb.com/title/tt0207093/?ref_=sr_t_307,1987,1h 30m,R,5.6,1K
308. Ghoulies II,https://www.imdb.com/title/tt0093091/?ref_=sr_t_308,1987,1h 29m,PG-13,4.6,5.8K
309. Miracle Down Under,https://www.imdb.com/title/tt0092757/?ref_=sr_t_309,1987,1h 27m,,7.1,170
310. The Nest,https://www.imdb.com/title/tt0095719/?ref_=sr_t_310,1987,1h 29m,R,5.3,3.2K
311. Nayakan,https://www.imdb.com/title/tt0093603/?ref_=sr_t_311,1987,2h 25m,Not Rated,8.7,26K
312. Neo Tokyo,https://www.imdb.com/title/tt0185481/?ref_=sr_t_312,1987,50m,,7.0,4.5K
313. Hearts of Fire,https://www.imdb.com/title/tt0093163/?ref_=sr_t_313,1987,1h 35m,R,4.4,549
314. The Caller,https://www.imdb.com/title/tt0097007/?ref_=sr_t_314,1987,1h 37m,R,6.1,1.8K
315. Surf Nazis Must Die,https://www.imdb.com/title/tt0094077/?ref_=sr_t_315,1987,1h 23m,R,3.7,6.2K
316. Lionheart,https://www.imdb.com/title/tt0093424/?ref_=sr_t_316,1987,1h 44m,PG,5.1,1K
317. Big Bad Mama II,https://www.imdb.com/title/tt0092652/?ref_=sr_t_317,1987,1h 23m,R,4.7,1.1K
318. Zombie Nightmare,https://www.imdb.com/title/tt0092297/?ref_=sr_t_318,1987,1h 29m,R,2.7,3.9K
319. The Girl,https://www.imdb.com/title/tt0091117/?ref_=sr_t_319,1987,1h 45m,R,5.1,276
320. Eastern Condors,https://www.imdb.com/title/tt0090956/?ref_=sr_t_320,1987,1h 33m,R,7.1,3K
321. Walker,https://www.imdb.com/title/tt0096409/?ref_=sr_t_321,1987,1h 34m,R,6.6,4.5K
322. A Chinese Ghost Story,https://www.imdb.com/title/tt0093978/?ref_=sr_t_322,1987,1h 38m,Unrated,7.4,11K
323. Nukie,https://www.imdb.com/title/tt0107715/?ref_=sr_t_323,1987,1h 39m,PG,1.8,1.5K
324. Hangmen,https://www.imdb.com/title/tt0093142/?ref_=sr_t_324,1987,1h 30m,R,2.9,1.3K
325. The Cure for Insomnia,https://www.imdb.com/title/tt0284020/?ref_=sr_t_325,1987,87h,Unrated,4.6,427
326. Assa,https://www.imdb.com/title/tt0094683/?ref_=sr_t_326,1987,2h 33m,,7.6,3.3K
327. Top Model,https://www.imdb.com/title/tt0092592/?ref_=sr_t_327,1987,1h 21m,Not Rated,4.5,150
328. The Belly of an Architect,https://www.imdb.com/title/tt0092637/?ref_=sr_t_328,1987,1h 59m,R,6.9,6.4K
329. The Misfit Brigade,https://www.imdb.com/title/tt0093546/?ref_=sr_t_329,1987,1h 39m,R,5.7,2.2K
330. Pretty Smart,https://www.imdb.com/title/tt0091789/?ref_=sr_t_330,1987,1h 24m,R,4.6,686
331. Crazy Love,https://www.imdb.com/title/tt0092794/?ref_=sr_t_331,1987,1h 30m,,6.7,1.5K
332. The Moromete Family,https://www.imdb.com/title/tt0095657/?ref_=sr_t_332,1987,2h 22m,,8.8,4.4K
333. Cellar Dweller,https://www.imdb.com/title/tt0094850/?ref_=sr_t_333,1987,1h 17m,R,5.1,3.2K
334. Dark Age,https://www.imdb.com/title/tt0092830/?ref_=sr_t_334,1987,1h 31m,R,6.0,1.6K
335. Specters,https://www.imdb.com/title/tt0094015/?ref_=sr_t_335,1987,1h 30m,Unrated,4.3,668
336. Slaughterhouse,https://www.imdb.com/title/tt0093990/?ref_=sr_t_336,1987,1h 25m,R,5.3,3.1K
337. Terminal Exposure,https://www.imdb.com/title/tt0094122/?ref_=sr_t_337,1987,1h 45m,R,4.5,1.4K
338. R.O.T.O.R.,https://www.imdb.com/title/tt0098156/?ref_=sr_t_338,1987,1h 30m,TV-MA,2.7,3.9K
339. A Month in the Country,https://www.imdb.com/title/tt0093562/?ref_=sr_t_339,1987,1h 36m,PG,6.8,2.1K
340. The Grand Highway,https://www.imdb.com/title/tt0093111/?ref_=sr_t_340,1987,1h 44m,R,7.3,1.8K
341. Takin' It All Off,https://www.imdb.com/title/tt0094101/?ref_=sr_t_341,1987,1h 31m,,4.6,354
342. A Better Tomorrow II,https://www.imdb.com/title/tt0094357/?ref_=sr_t_342,1987,1h 45m,Not Rated,7.2,12K
343. Project A 2,https://www.imdb.com/title/tt0092501/?ref_=sr_t_343,1987,1h 41m,PG-13,7.0,12K
344. Talking Walls,https://www.imdb.com/title/tt0094103/?ref_=sr_t_344,1987,1h 25m,R,2.9,236
345. Rolling Vengeance,https://www.imdb.com/title/tt0093876/?ref_=sr_t_345,1987,1h 32m,R,5.5,821
346. Ten Little Indians,https://www.imdb.com/title/tt0092879/?ref_=sr_t_346,1987,2h 17m,,7.7,3.2K
347. City on Fire,https://www.imdb.com/title/tt0093435/?ref_=sr_t_347,1987,1h 41m,R,7.0,7.5K
348. Hell High,https://www.imdb.com/title/tt0091192/?ref_=sr_t_348,1987,1h 24m,R,5.2,1.5K
349. Blue Monkey,https://www.imdb.com/title/tt0092677/?ref_=sr_t_349,1987,1h 36m,R,4.8,1.5K
350. They Call Me Renegade,https://www.imdb.com/title/tt0095975/?ref_=sr_t_350,1987,1h 32m,PG,6.2,3.3K
351. Howling III,https://www.imdb.com/title/tt0093227/?ref_=sr_t_351,1987,1h 34m,PG-13,3.5,5.7K
352. Beaks: The Movie,https://www.imdb.com/title/tt0092625/?ref_=sr_t_352,1987,1h 40m,R,3.6,886
353. It's Alive III: Island of the Alive,https://www.imdb.com/title/tt0093286/?ref_=sr_t_353,1987,1h 35m,R,4.9,2.3K
354. Firehouse,https://www.imdb.com/title/tt0093028/?ref_=sr_t_354,1987,1h 31m,R,2.9,441
355. Equalizer 2000,https://www.imdb.com/title/tt0091012/?ref_=sr_t_355,1987,1h 25m,R,4.1,785
356. Retribution,https://www.imdb.com/title/tt0095984/?ref_=sr_t_356,1987,1h 49m,R,5.9,1.3K
357. Mr. Muhsin,https://www.imdb.com/title/tt0184756/?ref_=sr_t_357,1987,1h 59m,,8.4,12K
358. Walk Like a Man,https://www.imdb.com/title/tt0094288/?ref_=sr_t_358,1987,1h 26m,PG,4.7,1.6K
359. They Still Call Me Bruce,https://www.imdb.com/title/tt0094131/?ref_=sr_t_359,1987,1h 31m,PG,4.7,552
360. A Tiger's Tale,https://www.imdb.com/title/tt0094148/?ref_=sr_t_360,1987,1h 37m,R,5.3,668
361. Scalps,https://www.imdb.com/title/tt0091897/?ref_=sr_t_361,1987,1h 42m,,5.4,489
362. Superman,https://www.imdb.com/title/tt0297416/?ref_=sr_t_362,1987,2h 3m,,3.6,394
363. Off the Mark,https://www.imdb.com/title/tt0091669/?ref_=sr_t_363,1987,1h 15m,R,5.5,176
364. It Couldn't Happen Here,https://www.imdb.com/title/tt0093284/?ref_=sr_t_364,1987,1h 26m,PG-13,6.4,871
365. Dudes,https://www.imdb.com/title/tt0092933/?ref_=sr_t_365,1987,1h 30m,R,5.6,1.8K
366. The Sweet Charm of Sin,https://www.imdb.com/title/tt0093008/?ref_=sr_t_366,1987,1h 44m,,4.3,160
367. Rimini Rimini,https://www.imdb.com/title/tt0093864/?ref_=sr_t_367,1987,3h 30m,,4.7,879
368. The Stranger,https://www.imdb.com/title/tt0137291/?ref_=sr_t_368,1987,1h 33m,R,5.1,352
369. Terminus,https://www.imdb.com/title/tt0092070/?ref_=sr_t_369,1987,1h 55m,PG,3.5,693
370. Itihaas,https://www.imdb.com/title/tt0093287/?ref_=sr_t_370,1987,2h 18m,Not Rated,4.8,65
371. Winners Take All,https://www.imdb.com/title/tt0092222/?ref_=sr_t_371,1987,1h 42m,PG-13,6.0,364
372. Cry Wilderness,https://www.imdb.com/title/tt0126848/?ref_=sr_t_372,1987,1h 33m,PG,2.1,1.5K
373. Mankillers,https://www.imdb.com/title/tt0093491/?ref_=sr_t_373,1987,1h 28m,R,4.2,494
374. Thoovanathumbikal,https://www.imdb.com/title/tt0249188/?ref_=sr_t_374,1987,2h 31m,,8.6,5.2K
375. Chronicle of a Death Foretold,https://www.imdb.com/title/tt0092800/?ref_=sr_t_375,1987,1h 49m,,6.6,1.3K
376. Cyclone,https://www.imdb.com/title/tt0092812/?ref_=sr_t_376,1987,1h 29m,R,4.4,1.2K
377. Epidemic,https://www.imdb.com/title/tt0092972/?ref_=sr_t_377,1987,1h 46m,Not Rated,6.0,6.3K
378. Reflections,https://www.imdb.com/title/tt0094242/?ref_=sr_t_378,1987,1h 42m,,7.7,1.4K
379. Bizarre,https://www.imdb.com/title/tt0093789/?ref_=sr_t_379,1987,1h 33m,NC-17,4.6,261
380. The Great Land of Small,https://www.imdb.com/title/tt0093116/?ref_=sr_t_380,1987,1h 33m,G,5.2,329
381. Los Verduleros 2,https://www.imdb.com/title/tt0094250/?ref_=sr_t_381,1987,1h 36m,,5.8,144
382. The Carnal Sutra Mat,https://www.imdb.com/title/tt0186720/?ref_=sr_t_382,1987,1h 31m,,5.7,133
383. Sahara Heat,https://www.imdb.com/title/tt0090624/?ref_=sr_t_383,1987,1h 40m,R,4.8,247
384. Doraemon: Nobita and the Knights on Dinosaurs,https://www.imdb.com/title/tt1147527/?ref_=sr_t_384,1987,1h 30m,,6.7,456
385. Rumpelstiltskin,https://www.imdb.com/title/tt0093891/?ref_=sr_t_385,1987,1h 24m,G,5.4,719
386. Kiss Daddy Goodnight,https://www.imdb.com/title/tt0093351/?ref_=sr_t_386,1987,1h 30m,R,3.7,760
387. Young Nurses in Love,https://www.imdb.com/title/tt0092271/?ref_=sr_t_387,1987,1h 22m,R,3.6,174
388. He's My Girl,https://www.imdb.com/title/tt0093160/?ref_=sr_t_388,1987,1h 44m,PG-13,4.6,664
389. El día de los albañiles III,https://www.imdb.com/title/tt0092941/?ref_=sr_t_389,1987,1h 36m,,5.4,96
390. Phantom of Death,https://www.imdb.com/title/tt0092865/?ref_=sr_t_390,1987,1h 30m,R,5.5,1.2K
391. Un macho en el salón de belleza,https://www.imdb.com/title/tt0319778/?ref_=sr_t_391,1987,1h 30m,,5.0,72
392. Ghost Chase,https://www.imdb.com/title/tt0093201/?ref_=sr_t_392,1987,1h 25m,PG-13,4.3,1K
393. Black,https://www.imdb.com/title/tt0238867/?ref_=sr_t_393,1987,1h 29m,,7.2,14
394. L'été en pente douce,https://www.imdb.com/title/tt0094405/?ref_=sr_t_394,1987,1h 42m,TV-14,6.5,836
395. The Lonely Passion of Judith Hearne,https://www.imdb.com/title/tt0093431/?ref_=sr_t_395,1987,1h 56m,R,7.0,1.4K
396. Aha Naa Pellanta,https://www.imdb.com/title/tt0249336/?ref_=sr_t_396,1987,2h 27m,,8.9,3.4K
397. Fight to Win,https://www.imdb.com/title/tt0165776/?ref_=sr_t_397,1987,1h 17m,TV-MA,4.8,254
398. The Carnal Sutra Mat,https://www.imdb.com/title/tt0345219/?ref_=sr_t_398,1987,2h,,6.0,57
399. Rouge,https://www.imdb.com/title/tt0093258/?ref_=sr_t_399,1987,1h 33m,Not Rated,7.3,3.7K
400. Amazing Grace and Chuck,https://www.imdb.com/title/tt0092545/?ref_=sr_t_400,1987,1h 54m,PG,5.8,1.6K
401. Loha,https://www.imdb.com/title/tt0359614/?ref_=sr_t_401,1987,2h 33m,Not Rated,5.9,314
402. Lust for Freedom,https://www.imdb.com/title/tt0093456/?ref_=sr_t_402,1987,1h 32m,R,3.8,605
403. Friendship's Death,https://www.imdb.com/title/tt0093050/?ref_=sr_t_403,1987,1h 18m,,6.5,727
404. Fighting Madam,https://www.imdb.com/title/tt0094146/?ref_=sr_t_404,1987,1h 33m,,6.5,652
405. Shy People,https://www.imdb.com/title/tt0093964/?ref_=sr_t_405,1987,1h 58m,R,6.7,1.6K
406. Red Riding Hood,https://www.imdb.com/title/tt0093831/?ref_=sr_t_406,1987,1h 21m,Unrated,5.5,511
407. Maniac Killer,https://www.imdb.com/title/tt0219908/?ref_=sr_t_407,1987,1h 24m,,4.0,310
408. White of the Eye,https://www.imdb.com/title/tt0094320/?ref_=sr_t_408,1987,1h 50m,R,6.1,3.1K
409. Permission,https://www.imdb.com/title/tt0091256/?ref_=sr_t_409,1987,2h 17m,,8.3,1.8K
410. Born of Fire,https://www.imdb.com/title/tt0092691/?ref_=sr_t_410,1987,1h 24m,R,6.1,691
411. Pushpaka Vimana,https://www.imdb.com/title/tt0251355/?ref_=sr_t_411,1987,2h 5m,,8.6,3.9K
412. Rest in Pieces,https://www.imdb.com/title/tt0092873/?ref_=sr_t_412,1987,1h 28m,Not Rated,4.7,791
413. Beauty and the Beast,https://www.imdb.com/title/tt0092626/?ref_=sr_t_413,1987,1h 34m,G,5.8,785
414. The Magic Snowman,https://www.imdb.com/title/tt0093473/?ref_=sr_t_414,1987,1h 25m,PG,6.1,137
415. Penombra,https://www.imdb.com/title/tt0131532/?ref_=sr_t_415,1987,1h 20m,,5.2,49
416. Extemporal la dirigentie,https://www.imdb.com/title/tt0264603/?ref_=sr_t_416,1987,1h 30m,,7.5,833
417. Deathrow Gameshow,https://www.imdb.com/title/tt0092859/?ref_=sr_t_417,1987,1h 23m,R,5.1,937
"418. My Dreams, My Love and You",https://www.imdb.com/title/tt0263426/?ref_=sr_t_418,1987,1h 40m,,7.3,790
419. Snowballing,https://www.imdb.com/title/tt0088142/?ref_=sr_t_419,1987,1h 36m,PG,3.8,197
420. Spirits of the Air: Gremlins of the Clouds,https://www.imdb.com/title/tt0098373/?ref_=sr_t_420,1987,1h 36m,,6.4,826
421. Dragon Ball: Sleeping Princess in Devil's Castle,https://www.imdb.com/title/tt0142249/?ref_=sr_t_421,1987,45m,TV-14,6.5,3K
422. Django Strikes Again,https://www.imdb.com/title/tt0093113/?ref_=sr_t_422,1987,1h 28m,Not Rated,5.3,1.4K
423. Lethal Obsession,https://www.imdb.com/title/tt0093318/?ref_=sr_t_423,1987,1h 37m,R,4.4,284
424. Enemy Territory,https://www.imdb.com/title/tt0092969/?ref_=sr_t_424,1987,1h 29m,R,6.2,1K
425. The Red Spectacles,https://www.imdb.com/title/tt0228456/?ref_=sr_t_425,1987,1h 56m,,6.5,885
426. Parivaar,https://www.imdb.com/title/tt0359808/?ref_=sr_t_426,1987,,,6.8,82
427. Don't Panic,https://www.imdb.com/title/tt0193879/?ref_=sr_t_427,1987,1h 30m,Not Rated,4.8,1.6K
428. Strike Commando,https://www.imdb.com/title/tt0094059/?ref_=sr_t_428,1987,1h 44m,R,5.1,1.2K
429. Rock 'n' Roll Nightmare,https://www.imdb.com/title/tt0093873/?ref_=sr_t_429,1987,1h 23m,R,3.8,2.1K
430. Sweets from a Stranger,https://www.imdb.com/title/tt0092722/?ref_=sr_t_430,1987,1h 31m,Not Rated,5.2,232
431. High Season,https://www.imdb.com/title/tt0095303/?ref_=sr_t_431,1987,1h 30m,R,5.3,483
432. Sreedharante Onnam Thirumurivu,https://www.imdb.com/title/tt0271801/?ref_=sr_t_432,1987,2h 1m,,6.8,302
433. Wolf's Hole,https://www.imdb.com/title/tt0090271/?ref_=sr_t_433,1987,1h 32m,,6.3,786
"434. Mon bel amour, ma déchirure",https://www.imdb.com/title/tt0093557/?ref_=sr_t_434,1987,1h 30m,,6.1,124
435. The Big Bang,https://www.imdb.com/title/tt0086964/?ref_=sr_t_435,1987,1h 16m,Unrated,5.5,370
436. Down Twisted,https://www.imdb.com/title/tt0092922/?ref_=sr_t_436,1987,1h 28m,R,5.2,1.1K
437. Rented Lips,https://www.imdb.com/title/tt0095978/?ref_=sr_t_437,1987,1h 22m,R,3.8,414
438. Prison on Fire,https://www.imdb.com/title/tt0093304/?ref_=sr_t_438,1987,1h 38m,R,7.3,3.4K
439. Mr. Vampire Part 3,https://www.imdb.com/title/tt0093422/?ref_=sr_t_439,1987,1h 33m,,6.7,810
440. A Taxing Woman,https://www.imdb.com/title/tt0093502/?ref_=sr_t_440,1987,2h 7m,,7.3,2.3K
441. The Kid Brother,https://www.imdb.com/title/tt0093338/?ref_=sr_t_441,1987,1h 35m,PG-13,6.4,302
442. Czarne stopy,https://www.imdb.com/title/tt0099335/?ref_=sr_t_442,1987,1h 38m,,6.4,96
443. Cross My Heart,https://www.imdb.com/title/tt0095915/?ref_=sr_t_443,1987,1h 38m,Not Rated,6.0,94
444. Scared Stiff,https://www.imdb.com/title/tt0091898/?ref_=sr_t_444,1987,1h 23m,R,4.8,971
445. The Revenge of the Living Dead Girls,https://www.imdb.com/title/tt0091847/?ref_=sr_t_445,1987,1h 22m,Not Rated,4.3,906
446. Fucking Fernand,https://www.imdb.com/title/tt0093057/?ref_=sr_t_446,1987,1h 29m,,4.7,239
447. Galactic Gigolo,https://www.imdb.com/title/tt0095194/?ref_=sr_t_447,1987,1h 20m,R,3.4,357
448. A Man from Boulevard des Capucines,https://www.imdb.com/title/tt0092745/?ref_=sr_t_448,1987,1h 38m,PG-13,7.6,3.7K
449. Nights in White Satin,https://www.imdb.com/title/tt0093630/?ref_=sr_t_449,1987,1h 37m,R,5.3,142
450. Night Screams,https://www.imdb.com/title/tt0244098/?ref_=sr_t_450,1987,1h 25m,,4.3,751
451. Motherland Hotel,https://www.imdb.com/title/tt0092558/?ref_=sr_t_451,1987,1h 41m,,7.5,4.8K
452. Demon of Paradise,https://www.imdb.com/title/tt0092870/?ref_=sr_t_452,1987,1h 27m,R,3.9,702
453. Empire State,https://www.imdb.com/title/tt0092964/?ref_=sr_t_453,1987,1h 44m,R,5.1,268
454. Killing Spree,https://www.imdb.com/title/tt0093346/?ref_=sr_t_454,1987,1h 28m,,4.9,1.1K
455. More About the Children of Noisy Village,https://www.imdb.com/title/tt0093524/?ref_=sr_t_455,1987,1h 25m,,6.7,1.4K
456. Akin ka ngayong gabi,https://www.imdb.com/title/tt1045002/?ref_=sr_t_456,1987,1h 34m,,3.1,46
457. An Autumn's Tale,https://www.imdb.com/title/tt0093426/?ref_=sr_t_457,1987,1h 38m,,7.5,2.5K
458. Tragic Hero,https://www.imdb.com/title/tt0094356/?ref_=sr_t_458,1987,1h 37m,R,6.4,736
459. Hukumat,https://www.imdb.com/title/tt0359440/?ref_=sr_t_459,1987,2h 10m,,6.1,198
460. Funland,https://www.imdb.com/title/tt0091094/?ref_=sr_t_460,1987,1h 38m,PG-13,4.3,669
461. Dacait,https://www.imdb.com/title/tt0266439/?ref_=sr_t_461,1987,2h 38m,Not Rated,6.4,367
462. The Trouble with Spies,https://www.imdb.com/title/tt0094188/?ref_=sr_t_462,1987,1h 31m,PG,4.4,633
463. Berserker,https://www.imdb.com/title/tt0164393/?ref_=sr_t_463,1987,1h 25m,R,4.4,1.1K
464. Hidden City,https://www.imdb.com/title/tt0095298/?ref_=sr_t_464,1987,1h 48m,,5.9,329
465. Tag-init... nagpuputik ang langit,https://www.imdb.com/title/tt1032257/?ref_=sr_t_465,1987,,,6.8,24
466. Kapag Puno Na Ang Salop...,https://www.imdb.com/title/tt0415909/?ref_=sr_t_466,1987,1h 57m,,7.6,15
467. Party Camp,https://www.imdb.com/title/tt0091727/?ref_=sr_t_467,1987,1h 36m,R,4.2,394
468. Psychos in Love,https://www.imdb.com/title/tt0093800/?ref_=sr_t_468,1987,1h 28m,Unrated,5.6,1.5K
469. High Tide,https://www.imdb.com/title/tt0095305/?ref_=sr_t_469,1987,1h 41m,PG-13,7.1,1K
470. The Last of England,https://www.imdb.com/title/tt0093393/?ref_=sr_t_470,1987,1h 32m,Unrated,6.5,1.5K
471. Deadly Daphne's Revenge,https://www.imdb.com/title/tt0185266/?ref_=sr_t_471,1987,1h 28m,Not Rated,3.3,290
472. Open House,https://www.imdb.com/title/tt0093676/?ref_=sr_t_472,1987,1h 35m,R,4.1,755
473. Police des moeurs: Les filles de Saint Tropez,https://www.imdb.com/title/tt0093908/?ref_=sr_t_473,1987,1h 23m,R,4.3,226
474. Mindkiller,https://www.imdb.com/title/tt0158785/?ref_=sr_t_474,1987,1h 24m,R,4.1,329
475. Blood Sisters,https://www.imdb.com/title/tt0092673/?ref_=sr_t_475,1987,1h 26m,R,3.7,861
476. Johann Strauss: The King Without a Crown,https://www.imdb.com/title/tt0091296/?ref_=sr_t_476,1987,2h 4m,,4.7,68
477. Stockholmsnatt,https://www.imdb.com/title/tt0092015/?ref_=sr_t_477,1987,50m,,4.4,1.1K
478. Dynamite Fighters,https://www.imdb.com/title/tt0094375/?ref_=sr_t_478,1987,1h 31m,R,6.5,1.4K
479. Catch the Heat,https://www.imdb.com/title/tt0092733/?ref_=sr_t_479,1987,1h 27m,R,5.0,338
"480. Mariana, Mariana",https://www.imdb.com/title/tt0093497/?ref_=sr_t_480,1987,1h 50m,,7.0,446
481. Whoops Apocalypse,https://www.imdb.com/title/tt0092211/?ref_=sr_t_481,1987,1h 33m,R,6.0,1K
482. Amazon Jail 2,https://www.imdb.com/title/tt0478718/?ref_=sr_t_482,1987,1h 14m,,3.6,98
483. Female Inquisitor,https://www.imdb.com/title/tt0224038/?ref_=sr_t_483,1987,1h 10m,,4.4,283
484. Hamlet Goes Business,https://www.imdb.com/title/tt0093139/?ref_=sr_t_484,1987,1h 29m,,6.9,2.5K
485. Women in Heat Behind Bars,https://www.imdb.com/title/tt0228684/?ref_=sr_t_485,1987,1h 10m,,4.7,126
486. I Was a Teenage Zombie,https://www.imdb.com/title/tt0093238/?ref_=sr_t_486,1987,1h 30m,Not Rated,4.4,1K
487. Dance Dance,https://www.imdb.com/title/tt0317312/?ref_=sr_t_487,1987,2h 33m,,6.0,401
488. De mujer a mujer,https://www.imdb.com/title/tt0090912/?ref_=sr_t_488,1987,1h 49m,,7.0,46
489. Double Target,https://www.imdb.com/title/tt0092921/?ref_=sr_t_489,1987,1h 42m,,4.6,450
490. The Drifting Classroom,https://www.imdb.com/title/tt0125201/?ref_=sr_t_490,1987,1h 44m,,5.5,313
491. Young Love: Lemon Popsicle 7,https://www.imdb.com/title/tt0092954/?ref_=sr_t_491,1987,1h 25m,R,4.6,938
492. Commando Squad,https://www.imdb.com/title/tt0092769/?ref_=sr_t_492,1987,1h 30m,R,4.1,264
493. Hajde da se volimo,https://www.imdb.com/title/tt0180728/?ref_=sr_t_493,1987,1h 27m,,5.2,891
494. Wild Thing,https://www.imdb.com/title/tt0094325/?ref_=sr_t_494,1987,1h 32m,PG-13,5.2,749
495. Return of the Demon,https://www.imdb.com/title/tt0093554/?ref_=sr_t_495,1987,1h 36m,,5.6,65
496. Blindside,https://www.imdb.com/title/tt0090748/?ref_=sr_t_496,1987,1h 38m,R,4.7,517
497. Terug naar Oegstgeest,https://www.imdb.com/title/tt0094126/?ref_=sr_t_497,1987,1h 35m,,6.1,185
498. Yeelen,https://www.imdb.com/title/tt0094349/?ref_=sr_t_498,1987,1h 45m,Not Rated,6.9,2.8K
499. The Loner,https://www.imdb.com/title/tt0091982/?ref_=sr_t_499,1987,1h 40m,,5.8,1.9K
500. Dog Tags,https://www.imdb.com/title/tt0099447/?ref_=sr_t_500,1987,1h 33m,R,5.4,277
501. Amrutham Gamaya,https://www.imdb.com/title/tt0229986/?ref_=sr_t_501,1987,,,7.8,283
502. Terror Squad,https://www.imdb.com/title/tt0094125/?ref_=sr_t_502,1987,1h 32m,TV-MA,4.4,346
"503. Stielke, Heinz, Fifteen",https://www.imdb.com/title/tt0094039/?ref_=sr_t_503,1987,1h 39m,,6.7,67
504. Morning Patrol,https://www.imdb.com/title/tt0093791/?ref_=sr_t_504,1987,1h 48m,,7.1,1.1K
505. Deadly Illusion,https://www.imdb.com/title/tt0092847/?ref_=sr_t_505,1987,1h 27m,R,4.7,509
506. Nionde kompaniet,https://www.imdb.com/title/tt0093634/?ref_=sr_t_506,1987,1h 49m,,5.9,1K
507. Samson and Delilah,https://www.imdb.com/title/tt0437467/?ref_=sr_t_507,1987,,,5.0,95
508. Party Favors,https://www.imdb.com/title/tt0127081/?ref_=sr_t_508,1987,1h 23m,R,4.5,93
509. The Inquiry,https://www.imdb.com/title/tt0093255/?ref_=sr_t_509,1987,1h 47m,,6.3,426
510. Hollywood Uncensored,https://www.imdb.com/title/tt0238275/?ref_=sr_t_510,1987,1h 15m,Unrated,5.9,206
511. Blood Frenzy,https://www.imdb.com/title/tt0092670/?ref_=sr_t_511,1987,1h 30m,,4.5,542
512. Pratighaat,https://www.imdb.com/title/tt0158107/?ref_=sr_t_512,1987,2h 44m,,7.1,88
513. Ipinagbibiling Langit,https://www.imdb.com/title/tt7446770/?ref_=sr_t_513,1987,2h 5m,,,
514. Hector,https://www.imdb.com/title/tt0093169/?ref_=sr_t_514,1987,1h 35m,,6.8,2.2K
515. Slaughterhouse Rock,https://www.imdb.com/title/tt0096117/?ref_=sr_t_515,1987,1h 25m,R,4.4,1.6K
516. Slammer Girls,https://www.imdb.com/title/tt0093987/?ref_=sr_t_516,1987,1h 20m,R,4.2,182
517. Sweet Revenge,https://www.imdb.com/title/tt0094087/?ref_=sr_t_517,1987,1h 18m,R,3.9,329
518. Stranded,https://www.imdb.com/title/tt0094050/?ref_=sr_t_518,1987,1h 20m,PG-13,5.3,479
519. Blood Lake,https://www.imdb.com/title/tt0299551/?ref_=sr_t_519,1987,1h 22m,Not Rated,3.2,729
520. Swift Justice,https://www.imdb.com/title/tt0202896/?ref_=sr_t_520,1987,1h 35m,,4.6,84
521. Bianco Apache,https://www.imdb.com/title/tt0090652/?ref_=sr_t_521,1987,1h 40m,,4.6,267
522. Iratan e Iracema,https://www.imdb.com/title/tt0121407/?ref_=sr_t_522,1987,1h 49m,,7.2,15
"523. El diablo, el santo y el tonto",https://www.imdb.com/title/tt0257543/?ref_=sr_t_523,1987,1h 36m,,6.6,57
524. Gospodin oformitel,https://www.imdb.com/title/tt0157713/?ref_=sr_t_524,1987,1h 49m,,6.9,1.1K
525. The Puppetoon Movie,https://www.imdb.com/title/tt0127745/?ref_=sr_t_525,1987,1h 19m,G,7.1,303
526. Khudgarz,https://www.imdb.com/title/tt0248135/?ref_=sr_t_526,1987,2h 38m,,5.9,380
527. Bedtime Eyes,https://www.imdb.com/title/tt0222802/?ref_=sr_t_527,1987,1h 58m,,5.6,35
528. Kidnapped,https://www.imdb.com/title/tt0091336/?ref_=sr_t_528,1987,1h 40m,R,4.7,232
529. Jim & Piraterna Blom,https://www.imdb.com/title/tt0093311/?ref_=sr_t_529,1987,1h 32m,,6.2,422
530. Hell Hunters,https://www.imdb.com/title/tt0091193/?ref_=sr_t_530,1987,1h 38m,,4.3,254
531. Homoti,https://www.imdb.com/title/tt0422429/?ref_=sr_t_531,1987,1h 21m,,3.3,395
532. The Surrogate Woman,https://www.imdb.com/title/tt0091953/?ref_=sr_t_532,1987,1h 40m,Not Rated,7.1,390
533. Diary for My Lovers,https://www.imdb.com/title/tt0093599/?ref_=sr_t_533,1987,2h 21m,,6.9,333
534. Susman,https://www.imdb.com/title/tt0094081/?ref_=sr_t_534,1987,2h 20m,,7.2,42
535. Lurkers,https://www.imdb.com/title/tt0095557/?ref_=sr_t_535,1987,1h 30m,R,4.2,555
536. Twisted Nightmare,https://www.imdb.com/title/tt0134167/?ref_=sr_t_536,1987,1h 35m,R,4.3,709
537. Obsession: A Taste for Fear,https://www.imdb.com/title/tt0095834/?ref_=sr_t_537,1987,1h 29m,R,4.9,271
538. Treasure of the Moon Goddess,https://www.imdb.com/title/tt0094179/?ref_=sr_t_538,1987,1h 30m,R,4.2,186
539. Programmed to Kill,https://www.imdb.com/title/tt0093790/?ref_=sr_t_539,1987,1h 31m,R,3.9,577
540. Rage of Honor,https://www.imdb.com/title/tt0093820/?ref_=sr_t_540,1987,1h 32m,R,5.4,1K
541. Let's Calm Down and Drink Fresh in Saint-Tropez,https://www.imdb.com/title/tt0089727/?ref_=sr_t_541,1987,1h 26m,,3.6,365
542. Sindoor,https://www.imdb.com/title/tt0359990/?ref_=sr_t_542,1987,2h 42m,,4.9,148
543. Salvation!,https://www.imdb.com/title/tt0093912/?ref_=sr_t_543,1987,1h 20m,R,5.4,250
544. Hollywood Cop,https://www.imdb.com/title/tt0095313/?ref_=sr_t_544,1987,1h 41m,R,4.1,658
545. Kandyland,https://www.imdb.com/title/tt0093335/?ref_=sr_t_545,1987,1h 23m,R,4.4,195
546. Behind Enemy Lines,https://www.imdb.com/title/tt0093345/?ref_=sr_t_546,1987,1h 28m,R,4.4,187
547. The Magic Toyshop,https://www.imdb.com/title/tt0097806/?ref_=sr_t_547,1987,1h 47m,,6.7,218
548. The Emperor's Naked Army Marches On,https://www.imdb.com/title/tt0092963/?ref_=sr_t_548,1987,2h 2m,Not Rated,8.1,2.2K
549. Evil Spawn,https://www.imdb.com/title/tt0092992/?ref_=sr_t_549,1987,1h 10m,Not Rated,3.9,816
550. Student Affairs,https://www.imdb.com/title/tt0128632/?ref_=sr_t_550,1987,1h 32m,R,5.3,91
