Title,Movie Link,Year,Duration,MPA,Rating,Votes
1. Star Wars: Episode III - Revenge of the Sith,https://www.imdb.com/title/tt0121766/?ref_=sr_t_1,2005,2h 20m,PG-13,7.6,867K
"2. The Chronicles of Narnia: The Lion, the Witch and the Wardrobe",https://www.imdb.com/title/tt0363771/?ref_=sr_t_2,2005,2h 23m,PG,6.9,438K
3. Harry Potter and the Goblet of Fire,https://www.imdb.com/title/tt0330373/?ref_=sr_t_3,2005,2h 37m,PG-13,7.7,705K
4. War of the Worlds,https://www.imdb.com/title/tt0407304/?ref_=sr_t_4,2005,1h 57m,PG-13,6.5,485K
5. King Kong,https://www.imdb.com/title/tt0360717/?ref_=sr_t_5,2005,3h 7m,PG-13,7.2,455K
6. Wedding Crashers,https://www.imdb.com/title/tt0396269/?ref_=sr_t_6,2005,1h 59m,R,7.0,383K
7. Batman Begins,https://www.imdb.com/title/tt0372784/?ref_=sr_t_7,2005,2h 20m,PG-13,8.2,1.6M
8. Charlie and the Chocolate Factory,https://www.imdb.com/title/tt0367594/?ref_=sr_t_8,2005,1h 55m,PG,6.7,544K
9. Madagascar,https://www.imdb.com/title/tt0351283/?ref_=sr_t_9,2005,1h 26m,PG,6.9,451K
10. Mr. & Mrs. Smith,https://www.imdb.com/title/tt0356910/?ref_=sr_t_10,2005,2h,PG-13,6.5,558K
11. Hitch,https://www.imdb.com/title/tt0386588/?ref_=sr_t_11,2005,1h 58m,PG-13,6.6,340K
12. The Longest Yard,https://www.imdb.com/title/tt0398165/?ref_=sr_t_12,2005,1h 53m,PG-13,6.4,201K
13. Fantastic Four,https://www.imdb.com/title/tt0120667/?ref_=sr_t_13,2005,1h 46m,PG-13,5.7,351K
14. Chicken Little,https://www.imdb.com/title/tt0371606/?ref_=sr_t_14,2005,1h 21m,G,5.7,104K
15. Robots,https://www.imdb.com/title/tt0358082/?ref_=sr_t_15,2005,1h 31m,PG,6.4,167K
16. Walk the Line,https://www.imdb.com/title/tt0358273/?ref_=sr_t_16,2005,2h 16m,PG-13,7.8,271K
17. The Pacifier,https://www.imdb.com/title/tt0395699/?ref_=sr_t_17,2005,1h 35m,PG,5.6,103K
18. Fun with Dick and Jane,https://www.imdb.com/title/tt0369441/?ref_=sr_t_18,2005,1h 30m,PG-13,6.2,157K
19. The 40-Year-Old Virgin,https://www.imdb.com/title/tt0405422/?ref_=sr_t_19,2005,1h 56m,R,7.1,479K
20. Flightplan,https://www.imdb.com/title/tt0408790/?ref_=sr_t_20,2005,1h 38m,PG-13,6.3,175K
21. Saw II,https://www.imdb.com/title/tt0432348/?ref_=sr_t_21,2005,1h 33m,R,6.6,284K
22. Brokeback Mountain,https://www.imdb.com/title/tt0388795/?ref_=sr_t_22,2005,2h 14m,R,7.7,395K
23. Monster-in-Law,https://www.imdb.com/title/tt0369735/?ref_=sr_t_23,2005,1h 41m,PG-13,5.6,67K
24. Are We There Yet?,https://www.imdb.com/title/tt0368578/?ref_=sr_t_24,2005,1h 35m,PG,4.8,35K
25. Cheaper by the Dozen 2,https://www.imdb.com/title/tt0452598/?ref_=sr_t_25,2005,1h 34m,PG,5.5,64K
26. The Dukes of Hazzard,https://www.imdb.com/title/tt0377818/?ref_=sr_t_26,2005,1h 44m,PG-13,5.1,83K
27. March of the Penguins,https://www.imdb.com/title/tt0428803/?ref_=sr_t_27,2005,1h 20m,G,7.5,61K
28. The Ring Two,https://www.imdb.com/title/tt0377109/?ref_=sr_t_28,2005,1h 50m,PG-13,5.4,103K
29. Constantine,https://www.imdb.com/title/tt0360486/?ref_=sr_t_29,2005,2h 1m,R,7.0,386K
30. The Exorcism of Emily Rose,https://www.imdb.com/title/tt0404032/?ref_=sr_t_30,2005,1h 59m,PG-13,6.7,143K
31. Four Brothers,https://www.imdb.com/title/tt0430105/?ref_=sr_t_31,2005,1h 49m,R,6.8,163K
32. Sin City,https://www.imdb.com/title/tt0401792/?ref_=sr_t_32,2005,2h 4m,R,8.0,802K
33. The Interpreter,https://www.imdb.com/title/tt0373926/?ref_=sr_t_33,2005,2h 8m,PG-13,6.4,112K
34. V for Vendetta,https://www.imdb.com/title/tt0434409/?ref_=sr_t_34,2005,2h 12m,R,8.1,1.2M
35. Guess Who,https://www.imdb.com/title/tt0372237/?ref_=sr_t_35,2005,1h 45m,PG-13,5.9,47K
36. Sahara,https://www.imdb.com/title/tt0318649/?ref_=sr_t_36,2005,2h 4m,PG-13,6.1,106K
37. Coach Carter,https://www.imdb.com/title/tt0393162/?ref_=sr_t_37,2005,2h 16m,PG-13,7.3,177K
38. Herbie Fully Loaded,https://www.imdb.com/title/tt0400497/?ref_=sr_t_38,2005,1h 41m,G,4.9,52K
39. The Amityville Horror,https://www.imdb.com/title/tt0384806/?ref_=sr_t_39,2005,1h 30m,R,5.9,119K
40. Sky High,https://www.imdb.com/title/tt0405325/?ref_=sr_t_40,2005,1h 40m,PG,6.3,97K
41. Bewitched,https://www.imdb.com/title/tt0374536/?ref_=sr_t_41,2005,1h 42m,PG-13,4.8,76K
42. Jarhead,https://www.imdb.com/title/tt0418763/?ref_=sr_t_42,2005,2h 5m,R,7.0,213K
43. Cinderella Man,https://www.imdb.com/title/tt0352248/?ref_=sr_t_43,2005,2h 24m,PG-13,8.0,202K
44. The Family Stone,https://www.imdb.com/title/tt0356680/?ref_=sr_t_44,2005,1h 43m,PG-13,6.3,79K
45. Red Eye,https://www.imdb.com/title/tt0421239/?ref_=sr_t_45,2005,1h 25m,PG-13,6.5,152K
46. Memoirs of a Geisha,https://www.imdb.com/title/tt0397535/?ref_=sr_t_46,2005,2h 25m,PG-13,7.3,165K
47. White Noise,https://www.imdb.com/title/tt0375210/?ref_=sr_t_47,2005,1h 41m,PG-13,5.5,51K
48. Wallace & Gromit: The Curse of the Were-Rabbit,https://www.imdb.com/title/tt0312004/?ref_=sr_t_48,2005,1h 25m,G,7.5,150K
49. Be Cool,https://www.imdb.com/title/tt0377471/?ref_=sr_t_49,2005,1h 58m,PG-13,5.6,73K
"50. Yours, Mine & Ours",https://www.imdb.com/title/tt0443295/?ref_=sr_t_50,2005,1h 28m,PG,5.5,31K
51. Corpse Bride,https://www.imdb.com/title/tt0121164/?ref_=sr_t_51,2005,1h 17m,PG,7.4,310K
52. Kicking & Screaming,https://www.imdb.com/title/tt0384642/?ref_=sr_t_52,2005,1h 35m,PG,5.6,42K
53. Hoodwinked!,https://www.imdb.com/title/tt0443536/?ref_=sr_t_53,2005,1h 20m,PG,6.5,68K
54. Hide and Seek,https://www.imdb.com/title/tt0382077/?ref_=sr_t_54,2005,1h 41m,R,5.9,90K
55. The Hitchhiker's Guide to the Galaxy,https://www.imdb.com/title/tt0371724/?ref_=sr_t_55,2005,1h 49m,PG,6.7,211K
56. Syriana,https://www.imdb.com/title/tt0365737/?ref_=sr_t_56,2005,2h 8m,R,6.9,136K
57. Diary of a Mad Black Woman,https://www.imdb.com/title/tt0422093/?ref_=sr_t_57,2005,1h 56m,PG-13,5.7,16K
58. Racing Stripes,https://www.imdb.com/title/tt0376105/?ref_=sr_t_58,2005,1h 42m,PG,5.2,19K
59. Miss Congeniality 2: Armed & Fabulous,https://www.imdb.com/title/tt0385307/?ref_=sr_t_59,2005,1h 55m,PG-13,5.2,82K
60. Just Like Heaven,https://www.imdb.com/title/tt0425123/?ref_=sr_t_60,2005,1h 35m,PG-13,6.7,119K
61. The Skeleton Key,https://www.imdb.com/title/tt0397101/?ref_=sr_t_61,2005,1h 44m,PG-13,6.5,126K
62. Munich,https://www.imdb.com/title/tt0408306/?ref_=sr_t_62,2005,2h 44m,R,7.5,245K
63. Kingdom of Heaven,https://www.imdb.com/title/tt0320661/?ref_=sr_t_63,2005,2h 24m,R,7.3,327K
64. Hostel,https://www.imdb.com/title/tt0450278/?ref_=sr_t_64,2005,1h 34m,R,5.9,196K
65. Nanny McPhee,https://www.imdb.com/title/tt0396752/?ref_=sr_t_65,2005,1h 37m,PG,6.6,88K
66. Boogeyman,https://www.imdb.com/title/tt0357507/?ref_=sr_t_66,2005,1h 29m,PG-13,4.2,33K
67. The Legend of Zorro,https://www.imdb.com/title/tt0386140/?ref_=sr_t_67,2005,2h 9m,PG,6.0,110K
68. Must Love Dogs,https://www.imdb.com/title/tt0417001/?ref_=sr_t_68,2005,1h 38m,PG-13,5.9,33K
69. Transporter 2,https://www.imdb.com/title/tt0388482/?ref_=sr_t_69,2005,1h 27m,R,6.3,219K
70. Rumor Has It...,https://www.imdb.com/title/tt0398375/?ref_=sr_t_70,2005,1h 37m,PG-13,5.5,63K
71. Fever Pitch,https://www.imdb.com/title/tt0332047/?ref_=sr_t_71,2005,1h 44m,PG-13,6.2,49K
72. The Adventures of Sharkboy and Lavagirl 3-D,https://www.imdb.com/title/tt0424774/?ref_=sr_t_72,2005,1h 33m,PG,3.8,44K
73. The Sisterhood of the Traveling Pants,https://www.imdb.com/title/tt0403508/?ref_=sr_t_73,2005,1h 59m,PG,6.5,66K
74. Pride & Prejudice,https://www.imdb.com/title/tt0414387/?ref_=sr_t_74,2005,2h 9m,PG,7.8,343K
75. The Brothers Grimm,https://www.imdb.com/title/tt0355295/?ref_=sr_t_75,2005,1h 58m,PG-13,5.9,128K
76. Beauty Shop,https://www.imdb.com/title/tt0388500/?ref_=sr_t_76,2005,1h 45m,PG-13,5.6,19K
77. Derailed,https://www.imdb.com/title/tt0398017/?ref_=sr_t_77,2005,1h 48m,R,6.6,77K
78. The Island,https://www.imdb.com/title/tt0399201/?ref_=sr_t_78,2005,2h 16m,PG-13,6.8,332K
79. The Ringer,https://www.imdb.com/title/tt0267891/?ref_=sr_t_79,2005,1h 34m,PG-13,5.8,39K
80. Hostage,https://www.imdb.com/title/tt0340163/?ref_=sr_t_80,2005,1h 53m,R,6.5,114K
81. The Constant Gardener,https://www.imdb.com/title/tt0387131/?ref_=sr_t_81,2005,2h 9m,R,7.3,151K
82. In Her Shoes,https://www.imdb.com/title/tt0388125/?ref_=sr_t_82,2005,2h 10m,PG-13,6.5,66K
83. Bad News Bears,https://www.imdb.com/title/tt0408524/?ref_=sr_t_83,2005,1h 53m,PG-13,5.8,23K
84. Dreamer,https://www.imdb.com/title/tt0418647/?ref_=sr_t_84,2005,1h 46m,PG,6.8,14K
85. Because of Winn-Dixie,https://www.imdb.com/title/tt0317132/?ref_=sr_t_85,2005,1h 46m,PG,6.4,13K
86. Just Friends,https://www.imdb.com/title/tt0433400/?ref_=sr_t_86,2005,1h 36m,PG-13,6.2,131K
87. Stealth,https://www.imdb.com/title/tt0382992/?ref_=sr_t_87,2005,2h 1m,PG-13,5.1,57K
88. House of Wax,https://www.imdb.com/title/tt0397065/?ref_=sr_t_88,2005,1h 53m,R,5.5,138K
89. The Wedding Date,https://www.imdb.com/title/tt0372532/?ref_=sr_t_89,2005,1h 30m,PG-13,6.1,57K
"90. Good Night, and Good Luck.",https://www.imdb.com/title/tt0433383/?ref_=sr_t_90,2005,1h 33m,PG,7.4,102K
91. A History of Violence,https://www.imdb.com/title/tt0399146/?ref_=sr_t_91,2005,1h 36m,R,7.4,261K
92. Get Rich or Die Tryin',https://www.imdb.com/title/tt0430308/?ref_=sr_t_92,2005,1h 57m,R,5.5,51K
93. The Fog,https://www.imdb.com/title/tt0432291/?ref_=sr_t_93,2005,1h 40m,PG-13,3.7,40K
94. Zathura: A Space Adventure,https://www.imdb.com/title/tt0406375/?ref_=sr_t_94,2005,1h 41m,PG,6.3,119K
95. Rent,https://www.imdb.com/title/tt0294870/?ref_=sr_t_95,2005,2h 15m,PG-13,6.8,57K
96. Capote,https://www.imdb.com/title/tt0379725/?ref_=sr_t_96,2005,1h 54m,R,7.3,144K
97. Doom,https://www.imdb.com/title/tt0419706/?ref_=sr_t_97,2005,1h 45m,R,5.2,121K
98. xXx: State of the Union,https://www.imdb.com/title/tt0329774/?ref_=sr_t_98,2005,1h 41m,PG-13,4.5,75K
99. Elizabethtown,https://www.imdb.com/title/tt0368709/?ref_=sr_t_99,2005,2h 3m,PG-13,6.3,74K
100. The Descent,https://www.imdb.com/title/tt0435625/?ref_=sr_t_100,2005,1h 39m,R,7.2,256K
101. Æon Flux,https://www.imdb.com/title/tt0402022/?ref_=sr_t_101,2005,1h 33m,PG-13,5.4,134K
102. Serenity,https://www.imdb.com/title/tt0379786/?ref_=sr_t_102,2005,1h 59m,PG-13,7.8,309K
103. Dark Water,https://www.imdb.com/title/tt0382628/?ref_=sr_t_103,2005,1h 45m,PG-13,5.6,66K
104. Thank You for Smoking,https://www.imdb.com/title/tt0427944/?ref_=sr_t_104,2005,1h 32m,R,7.5,231K
105. Unleashed,https://www.imdb.com/title/tt0342258/?ref_=sr_t_105,2005,1h 43m,R,7.0,109K
106. Elektra,https://www.imdb.com/title/tt0357277/?ref_=sr_t_106,2005,1h 37m,PG-13,4.7,101K
107. Ice Princess,https://www.imdb.com/title/tt0396652/?ref_=sr_t_107,2005,1h 38m,G,6.0,29K
108. Lord of War,https://www.imdb.com/title/tt0399295/?ref_=sr_t_108,2005,2h 2m,R,7.6,345K
109. Match Point,https://www.imdb.com/title/tt0416320/?ref_=sr_t_109,2005,2h 4m,R,7.6,232K
110. Two for the Money,https://www.imdb.com/title/tt0417217/?ref_=sr_t_110,2005,2h 2m,R,6.2,50K
111. Prime,https://www.imdb.com/title/tt0387514/?ref_=sr_t_111,2005,1h 45m,PG-13,6.2,42K
112. Deuce Bigalow: European Gigolo,https://www.imdb.com/title/tt0367652/?ref_=sr_t_112,2005,1h 23m,R,4.7,54K
113. Hustle & Flow,https://www.imdb.com/title/tt0410097/?ref_=sr_t_113,2005,1h 56m,R,7.3,44K
114. A Lot Like Love,https://www.imdb.com/title/tt0391304/?ref_=sr_t_114,2005,1h 47m,PG-13,6.6,72K
115. Land of the Dead,https://www.imdb.com/title/tt0418819/?ref_=sr_t_115,2005,1h 33m,R,6.2,102K
116. Assault on Precinct 13,https://www.imdb.com/title/tt0398712/?ref_=sr_t_116,2005,1h 49m,R,6.3,83K
117. Man of the House,https://www.imdb.com/title/tt0331933/?ref_=sr_t_117,2005,1h 40m,PG-13,5.5,26K
118. Valiant,https://www.imdb.com/title/tt0361089/?ref_=sr_t_118,2005,1h 16m,G,5.5,25K
119. The Producers,https://www.imdb.com/title/tt0395251/?ref_=sr_t_119,2005,2h 14m,PG-13,6.3,45K
120. Cursed,https://www.imdb.com/title/tt0257516/?ref_=sr_t_120,2005,1h 37m,PG-13,5.1,36K
121. Into the Blue,https://www.imdb.com/title/tt0378109/?ref_=sr_t_121,2005,1h 50m,PG-13,5.9,81K
122. The Upside of Anger,https://www.imdb.com/title/tt0365885/?ref_=sr_t_122,2005,1h 58m,R,6.8,23K
123. North Country,https://www.imdb.com/title/tt0395972/?ref_=sr_t_123,2005,2h 6m,R,7.3,46K
124. Pooh's Heffalump Movie,https://www.imdb.com/title/tt0407121/?ref_=sr_t_124,2005,1h 8m,G,6.4,8.8K
125. Roll Bounce,https://www.imdb.com/title/tt0403455/?ref_=sr_t_125,2005,1h 52m,PG-13,6.2,8K
126. The Devil's Rejects,https://www.imdb.com/title/tt0395584/?ref_=sr_t_126,2005,1h 47m,R,6.7,108K
127. Son of the Mask,https://www.imdb.com/title/tt0362165/?ref_=sr_t_127,2005,1h 34m,PG,2.3,60K
128. Rebound,https://www.imdb.com/title/tt0376108/?ref_=sr_t_128,2005,1h 26m,PG,5.2,14K
129. The Perfect Man,https://www.imdb.com/title/tt0380623/?ref_=sr_t_129,2005,1h 40m,PG,5.5,32K
130. An American Haunting,https://www.imdb.com/title/tt0429573/?ref_=sr_t_130,2005,1h 23m,PG-13,5.0,27K
131. Wolf Creek,https://www.imdb.com/title/tt0416315/?ref_=sr_t_131,2005,1h 39m,R,6.2,81K
132. Waiting...,https://www.imdb.com/title/tt0348333/?ref_=sr_t_132,2005,1h 34m,R,6.7,109K
133. The Gospel,https://www.imdb.com/title/tt0451069/?ref_=sr_t_133,2005,1h 45m,PG,5.1,2.3K
134. The Greatest Game Ever Played,https://www.imdb.com/title/tt0388980/?ref_=sr_t_134,2005,2h,PG,7.4,34K
135. The Cave,https://www.imdb.com/title/tt0402901/?ref_=sr_t_135,2005,1h 37m,PG-13,5.2,42K
136. Broken Flowers,https://www.imdb.com/title/tt0412019/?ref_=sr_t_136,2005,1h 46m,R,7.1,108K
137. The Honeymooners,https://www.imdb.com/title/tt0373908/?ref_=sr_t_137,2005,1h 30m,PG-13,3.5,7.6K
138. The New World,https://www.imdb.com/title/tt0402399/?ref_=sr_t_138,2005,2h 15m,PG-13,6.7,91K
139. The Matador,https://www.imdb.com/title/tt0365485/?ref_=sr_t_139,2005,1h 36m,R,6.7,47K
140. The Weather Man,https://www.imdb.com/title/tt0384680/?ref_=sr_t_140,2005,1h 42m,R,6.6,84K
141. The Protector,https://www.imdb.com/title/tt0427954/?ref_=sr_t_141,2005,1h 51m,R,7.0,40K
142. End of the Spear,https://www.imdb.com/title/tt0399862/?ref_=sr_t_142,2005,1h 48m,PG-13,6.8,5.6K
143. Dave Chappelle's Block Party,https://www.imdb.com/title/tt0425598/?ref_=sr_t_143,2005,1h 43m,R,7.2,9.7K
144. Casanova,https://www.imdb.com/title/tt0402894/?ref_=sr_t_144,2005,1h 52m,R,6.5,57K
145. Lords of Dogtown,https://www.imdb.com/title/tt0355702/?ref_=sr_t_145,2005,1h 47m,PG-13,7.1,59K
146. Mrs. Henderson Presents,https://www.imdb.com/title/tt0413015/?ref_=sr_t_146,2005,1h 43m,R,7.0,17K
147. Shopgirl,https://www.imdb.com/title/tt0338427/?ref_=sr_t_147,2005,1h 46m,R,6.3,25K
148. In the Mix,https://www.imdb.com/title/tt0426615/?ref_=sr_t_148,2005,1h 35m,PG-13,3.0,8.7K
149. Domino,https://www.imdb.com/title/tt0421054/?ref_=sr_t_149,2005,2h 7m,R,5.9,70K
150. The Great Raid,https://www.imdb.com/title/tt0326905/?ref_=sr_t_150,2005,2h 12m,R,6.6,24K
151. Cry Wolf,https://www.imdb.com/title/tt0384286/?ref_=sr_t_151,2005,1h 30m,,5.8,29K
152. The Ice Harvest,https://www.imdb.com/title/tt0400525/?ref_=sr_t_152,2005,1h 32m,R,6.2,25K
153. Transamerica,https://www.imdb.com/title/tt0407265/?ref_=sr_t_153,2005,1h 43m,R,7.3,43K
154. Aliens of the Deep,https://www.imdb.com/title/tt0417415/?ref_=sr_t_154,2005,1h 40m,G,6.3,3.5K
155. An Unfinished Life,https://www.imdb.com/title/tt0350261/?ref_=sr_t_155,2005,1h 48m,PG-13,7.0,35K
156. The Man,https://www.imdb.com/title/tt0399327/?ref_=sr_t_156,2005,1h 23m,PG-13,5.5,27K
157. Mad Hot Ballroom,https://www.imdb.com/title/tt0438205/?ref_=sr_t_157,2005,1h 45m,PG,7.4,3.6K
158. The Return,https://www.imdb.com/title/tt0433442/?ref_=sr_t_158,2005,1h 25m,PG-13,4.7,12K
159. Proof,https://www.imdb.com/title/tt0377107/?ref_=sr_t_159,2005,1h 40m,PG-13,6.7,47K
160. The Squid and the Whale,https://www.imdb.com/title/tt0367089/?ref_=sr_t_160,2005,1h 21m,R,7.3,92K
161. The Aristocrats,https://www.imdb.com/title/tt0436078/?ref_=sr_t_161,2005,1h 29m,Not Rated,6.4,17K
162. The Jacket,https://www.imdb.com/title/tt0366627/?ref_=sr_t_162,2005,1h 43m,R,7.1,121K
163. Underclassman,https://www.imdb.com/title/tt0373416/?ref_=sr_t_163,2005,1h 35m,PG-13,4.4,6K
164. Water,https://www.imdb.com/title/tt0240200/?ref_=sr_t_164,2005,1h 57m,PG-13,7.7,16K
165. Alone in the Dark,https://www.imdb.com/title/tt0369226/?ref_=sr_t_165,2005,1h 36m,R,2.4,48K
166. The World's Fastest Indian,https://www.imdb.com/title/tt0412080/?ref_=sr_t_166,2005,2h 7m,PG-13,7.8,61K
167. The Three Burials of Melquiades Estrada,https://www.imdb.com/title/tt0419294/?ref_=sr_t_167,2005,2h 1m,R,7.3,42K
168. Goal! The Dream Begins,https://www.imdb.com/title/tt0380389/?ref_=sr_t_168,2005,1h 58m,PG,6.7,67K
169. Kiss Kiss Bang Bang,https://www.imdb.com/title/tt0373469/?ref_=sr_t_169,2005,1h 43m,R,7.5,241K
170. Enron: The Smartest Guys in the Room,https://www.imdb.com/title/tt1016268/?ref_=sr_t_170,2005,1h 50m,R,7.6,20K
171. King's Ransom,https://www.imdb.com/title/tt0388183/?ref_=sr_t_171,2005,1h 35m,PG-13,4.4,4K
172. Me and You and Everyone We Know,https://www.imdb.com/title/tt0415978/?ref_=sr_t_172,2005,1h 25m,R,7.2,38K
173. Caché,https://www.imdb.com/title/tt0387898/?ref_=sr_t_173,2005,1h 57m,R,7.3,87K
174. Stay,https://www.imdb.com/title/tt0371257/?ref_=sr_t_174,2005,1h 39m,R,6.7,88K
175. Harsh Times,https://www.imdb.com/title/tt0433387/?ref_=sr_t_175,2005,1h 56m,R,6.8,69K
176. Rize,https://www.imdb.com/title/tt0436724/?ref_=sr_t_176,2005,1h 26m,PG-13,7.1,3.4K
177. Grizzly Man,https://www.imdb.com/title/tt0427312/?ref_=sr_t_177,2005,1h 43m,R,7.8,64K
178. Boynton Beach Club,https://www.imdb.com/title/tt0439478/?ref_=sr_t_178,2005,1h 45m,R,6.5,1.2K
179. Supercross,https://www.imdb.com/title/tt0403016/?ref_=sr_t_179,2005,1h 20m,PG-13,4.3,4.9K
180. Tsotsi,https://www.imdb.com/title/tt0468565/?ref_=sr_t_180,2005,1h 34m,R,7.2,32K
181. My Brother's Wife,https://www.imdb.com/title/tt0463345/?ref_=sr_t_181,2005,1h 29m,R,6.0,3.6K
182. Junebug,https://www.imdb.com/title/tt0418773/?ref_=sr_t_182,2005,1h 46m,R,6.9,24K
183. The Lost City,https://www.imdb.com/title/tt0343996/?ref_=sr_t_183,2005,2h 24m,R,6.5,10K
184. BloodRayne,https://www.imdb.com/title/tt0383222/?ref_=sr_t_184,2005,1h 35m,R,3.0,38K
185. Oliver Twist,https://www.imdb.com/title/tt0380599/?ref_=sr_t_185,2005,2h 10m,PG-13,6.8,35K
186. Brick,https://www.imdb.com/title/tt0393109/?ref_=sr_t_186,2005,1h 50m,R,7.1,112K
187. Strangers with Candy,https://www.imdb.com/title/tt0369994/?ref_=sr_t_187,2005,1h 37m,R,5.9,8.5K
188. The Work and the Glory II: American Zion,https://www.imdb.com/title/tt0457530/?ref_=sr_t_188,2005,1h 40m,PG-13,6.2,794
189. The Proposition,https://www.imdb.com/title/tt0421238/?ref_=sr_t_189,2005,1h 44m,R,7.3,56K
190. A Sound of Thunder,https://www.imdb.com/title/tt0318081/?ref_=sr_t_190,2005,1h 50m,PG-13,4.2,21K
191. Kinky Boots,https://www.imdb.com/title/tt0434124/?ref_=sr_t_191,2005,1h 47m,PG-13,7.1,22K
192. Mrs Palfrey at the Claremont,https://www.imdb.com/title/tt0421229/?ref_=sr_t_192,2005,1h 48m,Not Rated,7.6,4.4K
193. Everything Is Illuminated,https://www.imdb.com/title/tt0404030/?ref_=sr_t_193,2005,1h 46m,PG-13,7.4,60K
194. Sweet Land,https://www.imdb.com/title/tt0428038/?ref_=sr_t_194,2005,1h 50m,PG,7.1,4.2K
195. State Property: Blood on the Streets,https://www.imdb.com/title/tt0403537/?ref_=sr_t_195,2005,1h 34m,R,4.5,1.6K
196. The White Countess,https://www.imdb.com/title/tt0384686/?ref_=sr_t_196,2005,2h 15m,PG-13,6.5,7.1K
197. Keeping Mum,https://www.imdb.com/title/tt0444653/?ref_=sr_t_197,2005,1h 39m,R,6.8,37K
198. Murderball,https://www.imdb.com/title/tt0436613/?ref_=sr_t_198,2005,1h 28m,R,7.7,11K
199. Trust the Man,https://www.imdb.com/title/tt0427968/?ref_=sr_t_199,2005,1h 43m,R,5.7,8.9K
200. Paradise Now,https://www.imdb.com/title/tt0445620/?ref_=sr_t_200,2005,1h 31m,PG-13,7.4,24K
201. Why We Fight,https://www.imdb.com/title/tt0436971/?ref_=sr_t_201,2005,1h 38m,PG-13,8.0,10K
202. The Notorious Bettie Page,https://www.imdb.com/title/tt0404802/?ref_=sr_t_202,2005,1h 31m,R,6.5,12K
203. Salaam Namaste,https://www.imdb.com/title/tt0456165/?ref_=sr_t_203,2005,2h 38m,Not Rated,6.2,8.4K
204. Paheli,https://www.imdb.com/title/tt0451850/?ref_=sr_t_204,2005,2h 20m,Not Rated,6.4,15K
205. Thumbsucker,https://www.imdb.com/title/tt0318761/?ref_=sr_t_205,2005,1h 36m,R,6.5,22K
206. Sarah Silverman: Jesus Is Magic,https://www.imdb.com/title/tt0422528/?ref_=sr_t_206,2005,1h 12m,Not Rated,6.5,5.7K
207. Happy Endings,https://www.imdb.com/title/tt0361693/?ref_=sr_t_207,2005,2h 8m,R,6.3,9.6K
208. El vacilón: The Movie,https://www.imdb.com/title/tt0428003/?ref_=sr_t_208,2005,1h 20m,R,4.4,113
209. Tristram Shandy,https://www.imdb.com/title/tt0423409/?ref_=sr_t_209,2005,1h 34m,R,6.7,13K
210. Slow Burn,https://www.imdb.com/title/tt0376196/?ref_=sr_t_210,2005,1h 33m,R,5.7,4.3K
211. Bee Season,https://www.imdb.com/title/tt0387059/?ref_=sr_t_211,2005,1h 44m,PG-13,5.5,7.3K
212. Heights,https://www.imdb.com/title/tt0382073/?ref_=sr_t_212,2005,1h 33m,R,6.8,4.9K
213. Undiscovered,https://www.imdb.com/title/tt0434424/?ref_=sr_t_213,2005,1h 37m,PG-13,4.2,3K
214. Joyeux Noel,https://www.imdb.com/title/tt0424205/?ref_=sr_t_214,2005,1h 56m,PG-13,7.6,33K
215. Leonard Cohen: I'm Your Man,https://www.imdb.com/title/tt0478197/?ref_=sr_t_215,2005,1h 45m,PG-13,6.8,2.4K
216. Hard Candy,https://www.imdb.com/title/tt0424136/?ref_=sr_t_216,2005,1h 44m,R,7.0,171K
217. The Beat That My Heart Skipped,https://www.imdb.com/title/tt0411270/?ref_=sr_t_217,2005,1h 48m,Not Rated,7.2,21K
218. Garam Masala,https://www.imdb.com/title/tt0453671/?ref_=sr_t_218,2005,2h 26m,Not Rated,6.8,18K
219. Mangal Pandey,https://www.imdb.com/title/tt0346457/?ref_=sr_t_219,2005,2h 30m,,6.5,11K
220. Bunty Aur Babli,https://www.imdb.com/title/tt0448206/?ref_=sr_t_220,2005,2h 50m,Not Rated,6.2,8.3K
221. Separate Lies,https://www.imdb.com/title/tt0369053/?ref_=sr_t_221,2005,1h 25m,R,6.4,4.9K
222. Heading South,https://www.imdb.com/title/tt0381690/?ref_=sr_t_222,2005,1h 48m,Unrated,6.3,2.9K
223. Looking for Comedy in the Muslim World,https://www.imdb.com/title/tt0433116/?ref_=sr_t_223,2005,1h 38m,PG-13,5.5,3.5K
224. Venom,https://www.imdb.com/title/tt0428251/?ref_=sr_t_224,2005,1h 27m,R,4.6,11K
225. Where the Truth Lies,https://www.imdb.com/title/tt0373450/?ref_=sr_t_225,2005,1h 47m,Unrated,6.4,19K
226. Duma,https://www.imdb.com/title/tt0361715/?ref_=sr_t_226,2005,1h 40m,PG,7.1,8.7K
227. Mirrormask,https://www.imdb.com/title/tt0366780/?ref_=sr_t_227,2005,1h 41m,PG,6.7,24K
228. Breakfast on Pluto,https://www.imdb.com/title/tt0411195/?ref_=sr_t_228,2005,2h 8m,R,7.2,25K
229. The Thing About My Folks,https://www.imdb.com/title/tt0429177/?ref_=sr_t_229,2005,1h 36m,PG-13,6.5,2.4K
230. Ballets Russes,https://www.imdb.com/title/tt0436095/?ref_=sr_t_230,2005,1h 58m,Not Rated,7.9,703
231. Waqt: The Race Against Time,https://www.imdb.com/title/tt0390614/?ref_=sr_t_231,2005,2h 33m,Not Rated,6.7,10K
232. Factotum,https://www.imdb.com/title/tt0417658/?ref_=sr_t_232,2005,1h 34m,R,6.6,15K
233. Parineeta,https://www.imdb.com/title/tt0437407/?ref_=sr_t_233,2005,2h 10m,Not Rated,7.2,9.8K
234. Into Great Silence,https://www.imdb.com/title/tt0478160/?ref_=sr_t_234,2005,2h 49m,Not Rated,7.3,2.6K
235. Black,https://www.imdb.com/title/tt0375611/?ref_=sr_t_235,2005,2h 2m,Not Rated,8.1,37K
236. First Descent,https://www.imdb.com/title/tt0455475/?ref_=sr_t_236,2005,1h 50m,PG-13,7.0,1.1K
237. The Ballad of Jack and Rose,https://www.imdb.com/title/tt0357110/?ref_=sr_t_237,2005,1h 52m,R,6.5,12K
238. Inside Deep Throat,https://www.imdb.com/title/tt0418753/?ref_=sr_t_238,2005,1h 29m,NC-17,6.7,7.1K
239. Sophie Scholl: The Final Days,https://www.imdb.com/title/tt0426578/?ref_=sr_t_239,2005,2h,Not Rated,7.6,29K
240. No Entry,https://www.imdb.com/title/tt0451833/?ref_=sr_t_240,2005,2h 38m,,6.6,13K
241. Imagine Me & You,https://www.imdb.com/title/tt0421994/?ref_=sr_t_241,2005,1h 30m,R,6.8,37K
242. Bewafaa,https://www.imdb.com/title/tt0363472/?ref_=sr_t_242,2005,2h 31m,,4.2,2.7K
243. The Promise,https://www.imdb.com/title/tt0417976/?ref_=sr_t_243,2005,2h 1m,PG-13,5.6,9.6K
244. Lassie,https://www.imdb.com/title/tt0431213/?ref_=sr_t_244,2005,1h 40m,PG,6.7,4.8K
245. The Child,https://www.imdb.com/title/tt0456396/?ref_=sr_t_245,2005,1h 35m,R,7.4,20K
246. Dust to Glory,https://www.imdb.com/title/tt0386423/?ref_=sr_t_246,2005,1h 37m,PG,7.3,1K
"247. The Prize Winner of Defiance, Ohio",https://www.imdb.com/title/tt0406158/?ref_=sr_t_247,2005,1h 39m,PG-13,7.2,8.3K
248. Down in the Valley,https://www.imdb.com/title/tt0398027/?ref_=sr_t_248,2005,1h 54m,R,6.4,19K
249. Romance & Cigarettes,https://www.imdb.com/title/tt0368222/?ref_=sr_t_249,2005,1h 45m,R,6.2,13K
250. The Italian,https://www.imdb.com/title/tt0450450/?ref_=sr_t_250,2005,1h 30m,PG-13,7.5,3.4K
251. Casa de Areia,https://www.imdb.com/title/tt0373747/?ref_=sr_t_251,2005,1h 55m,R,7.3,3.3K
252. Kids in America,https://www.imdb.com/title/tt0408961/?ref_=sr_t_252,2005,1h 31m,PG-13,5.6,2.8K
253. Nine Lives,https://www.imdb.com/title/tt0420015/?ref_=sr_t_253,2005,1h 55m,R,6.7,7.2K
254. Last Days,https://www.imdb.com/title/tt0403217/?ref_=sr_t_254,2005,1h 37m,R,5.7,24K
255. Romeo & Juliet: Sealed with a Kiss,https://www.imdb.com/title/tt0830199/?ref_=sr_t_255,2005,1h 16m,Not Rated,3.7,469
256. Lucky: No Time for Love,https://www.imdb.com/title/tt0449306/?ref_=sr_t_256,2005,3h,Not Rated,4.7,3.9K
257. The Heart of the Game,https://www.imdb.com/title/tt0478166/?ref_=sr_t_257,2005,1h 37m,PG-13,7.6,978
258. Don't Come Knocking,https://www.imdb.com/title/tt0377800/?ref_=sr_t_258,2005,2h 2m,R,6.6,8K
259. When Do We Eat?,https://www.imdb.com/title/tt0392908/?ref_=sr_t_259,2005,1h 26m,R,5.8,1.6K
260. Mobsters and Mormons,https://www.imdb.com/title/tt0439707/?ref_=sr_t_260,2005,1h 30m,PG,6.1,787
261. Preaching to the Choir,https://www.imdb.com/title/tt0374923/?ref_=sr_t_261,2005,1h 43m,PG-13,5.4,207
262. Little Manhattan,https://www.imdb.com/title/tt0412922/?ref_=sr_t_262,2005,1h 30m,PG,7.4,25K
263. The Quiet,https://www.imdb.com/title/tt0414951/?ref_=sr_t_263,2005,1h 36m,R,6.1,18K
264. Conversations with Other Women,https://www.imdb.com/title/tt0435623/?ref_=sr_t_264,2005,1h 24m,R,6.9,13K
265. The Game of Their Lives,https://www.imdb.com/title/tt0354595/?ref_=sr_t_265,2005,1h 41m,PG,6.1,3.6K
266. Asylum,https://www.imdb.com/title/tt0348505/?ref_=sr_t_266,2005,1h 39m,R,6.1,5.5K
267. Shadowboxer,https://www.imdb.com/title/tt0396857/?ref_=sr_t_267,2005,1h 33m,R,5.5,7K
268. Deewane Huye Paagal,https://www.imdb.com/title/tt0444781/?ref_=sr_t_268,2005,2h 38m,Not Rated,5.6,6K
269. Marilyn Hotchkiss' Ballroom Dancing & Charm School,https://www.imdb.com/title/tt0409034/?ref_=sr_t_269,2005,1h 43m,PG-13,6.5,3.7K
270. Green Street Hooligans,https://www.imdb.com/title/tt0385002/?ref_=sr_t_270,2005,1h 49m,R,7.4,165K
271. Kaal,https://www.imdb.com/title/tt0415908/?ref_=sr_t_271,2005,2h 6m,Not Rated,4.7,6.2K
272. The Dying Gaul,https://www.imdb.com/title/tt0384929/?ref_=sr_t_272,2005,1h 32m,R,6.4,2.5K
273. Shaadi No. 1,https://www.imdb.com/title/tt0449389/?ref_=sr_t_273,2005,2h 9m,Not Rated,3.6,1K
274. The Devil and Daniel Johnston,https://www.imdb.com/title/tt0436231/?ref_=sr_t_274,2005,1h 50m,PG-13,7.9,11K
275. Gabrielle,https://www.imdb.com/title/tt0435479/?ref_=sr_t_275,2005,1h 30m,,6.3,2.2K
276. Zinda,https://www.imdb.com/title/tt0488906/?ref_=sr_t_276,2005,1h 56m,Not Rated,4.9,3.8K
277. Viruddh... Family Comes First,https://www.imdb.com/title/tt0420304/?ref_=sr_t_277,2005,2h 12m,,7.0,2.2K
278. Russian Dolls,https://www.imdb.com/title/tt0409184/?ref_=sr_t_278,2005,2h 5m,Not Rated,7.0,22K
279. The Boys of Baraka,https://www.imdb.com/title/tt0444608/?ref_=sr_t_279,2005,1h 24m,R,7.3,826
280. Reincarnation,https://www.imdb.com/title/tt0456630/?ref_=sr_t_280,2005,1h 36m,R,6.1,6.9K
281. Adam & Steve,https://www.imdb.com/title/tt0372122/?ref_=sr_t_281,2005,1h 39m,R,5.8,3.3K
282. Constellation,https://www.imdb.com/title/tt0315431/?ref_=sr_t_282,2005,1h 36m,PG-13,4.3,710
283. Pretty Persuasion,https://www.imdb.com/title/tt0381505/?ref_=sr_t_283,2005,1h 44m,R,6.4,11K
284. The King,https://www.imdb.com/title/tt0396688/?ref_=sr_t_284,2005,1h 45m,R,6.6,7.5K
285. Dirty,https://www.imdb.com/title/tt0439544/?ref_=sr_t_285,2005,1h 37m,R,5.5,6K
286. Happily Ever After,https://www.imdb.com/title/tt0480152/?ref_=sr_t_286,2005,,,5.9,23
287. Riding Alone for Thousands of Miles,https://www.imdb.com/title/tt0437447/?ref_=sr_t_287,2005,1h 47m,PG,7.3,5.7K
288. Dominion: Prequel to the Exorcist,https://www.imdb.com/title/tt0449086/?ref_=sr_t_288,2005,1h 57m,R,5.1,14K
289. Gay Sex in the 70s,https://www.imdb.com/title/tt0455953/?ref_=sr_t_289,2005,1h 7m,Not Rated,7.0,961
290. The Moustache,https://www.imdb.com/title/tt0428856/?ref_=sr_t_290,2005,1h 27m,Not Rated,6.6,5.7K
291. Wah-Wah,https://www.imdb.com/title/tt0419256/?ref_=sr_t_291,2005,2h,R,6.7,3.4K
292. Drawing Restraint 9,https://www.imdb.com/title/tt0446685/?ref_=sr_t_292,2005,2h 15m,Not Rated,6.5,1.6K
293. Down and Derby,https://www.imdb.com/title/tt0398971/?ref_=sr_t_293,2005,1h 30m,PG,5.6,726
294. The Keeper: The Legend of Omar Khayyam,https://www.imdb.com/title/tt0294806/?ref_=sr_t_294,2005,1h 35m,PG,6.0,818
295. Wassup Rockers,https://www.imdb.com/title/tt0413466/?ref_=sr_t_295,2005,1h 51m,R,5.9,5.1K
296. New York Doll,https://www.imdb.com/title/tt0436629/?ref_=sr_t_296,2005,1h 15m,PG-13,7.7,1.9K
297. The Young Lieutenant,https://www.imdb.com/title/tt0431979/?ref_=sr_t_297,2005,1h 50m,Unrated,6.9,2.7K
298. How the Garcia Girls Spent Their Summer,https://www.imdb.com/title/tt0385006/?ref_=sr_t_298,2005,2h 8m,R,6.1,673
299. Ek Ajnabee,https://www.imdb.com/title/tt0457875/?ref_=sr_t_299,2005,2h 22m,Not Rated,5.3,1.8K
300. Lady Vengeance,https://www.imdb.com/title/tt0451094/?ref_=sr_t_300,2005,1h 55m,R,7.5,88K
301. Tamara,https://www.imdb.com/title/tt0401815/?ref_=sr_t_301,2005,1h 38m,R,5.0,11K
302. The Untold Story of Emmett Louis Till,https://www.imdb.com/title/tt0475420/?ref_=sr_t_302,2005,1h 10m,PG-13,7.7,532
303. States of Grace,https://www.imdb.com/title/tt0395561/?ref_=sr_t_303,2005,2h 8m,PG-13,6.8,532
304. Angel-A,https://www.imdb.com/title/tt0473753/?ref_=sr_t_304,2005,1h 31m,R,7.0,36K
305. Fateless,https://www.imdb.com/title/tt0367082/?ref_=sr_t_305,2005,2h 20m,R,7.0,7.3K
306. The Puffy Chair,https://www.imdb.com/title/tt0436689/?ref_=sr_t_306,2005,1h 25m,R,6.5,5.3K
307. On a Clear Day,https://www.imdb.com/title/tt0410400/?ref_=sr_t_307,2005,1h 35m,PG-13,6.9,3.4K
308. Elsa y Fred,https://www.imdb.com/title/tt0453047/?ref_=sr_t_308,2005,1h 48m,PG,7.5,3.6K
309. The Baxter,https://www.imdb.com/title/tt0401244/?ref_=sr_t_309,2005,1h 31m,PG-13,6.4,5K
310. Protocols of Zion,https://www.imdb.com/title/tt0436686/?ref_=sr_t_310,2005,1h 35m,R,6.4,883
311. Our Brand Is Crisis,https://www.imdb.com/title/tt0492714/?ref_=sr_t_311,2005,1h 25m,Unrated,6.9,643
312. Lonesome Jim,https://www.imdb.com/title/tt0385056/?ref_=sr_t_312,2005,1h 31m,R,6.5,8.1K
313. The Mostly Unfabulous Social Life of Ethan Green,https://www.imdb.com/title/tt0424287/?ref_=sr_t_313,2005,1h 28m,R,6.1,2.1K
314. Three Times,https://www.imdb.com/title/tt0459666/?ref_=sr_t_314,2005,2h,Not Rated,6.9,6.2K
315. The Great New Wonderful,https://www.imdb.com/title/tt0402230/?ref_=sr_t_315,2005,1h 28m,R,5.5,1.6K
316. Kisna: The Warrior Poet,https://www.imdb.com/title/tt0396690/?ref_=sr_t_316,2005,2h 51m,Not Rated,4.5,1.5K
317. Dirty Deeds,https://www.imdb.com/title/tt0407732/?ref_=sr_t_317,2005,1h 27m,PG-13,5.7,8.8K
318. Bubble,https://www.imdb.com/title/tt0454792/?ref_=sr_t_318,2005,1h 13m,R,6.5,8.5K
319. The Cave of the Yellow Dog,https://www.imdb.com/title/tt0432325/?ref_=sr_t_319,2005,1h 33m,G,7.5,3.6K
320. Côte d'Azur,https://www.imdb.com/title/tt0428430/?ref_=sr_t_320,2005,1h 36m,,6.6,2.1K
321. Queens,https://www.imdb.com/title/tt0434304/?ref_=sr_t_321,2005,1h 47m,R,6.5,2.2K
322. The Salon,https://www.imdb.com/title/tt0436742/?ref_=sr_t_322,2005,1h 30m,PG-13,4.1,571
323. Typhoon,https://www.imdb.com/title/tt0475750/?ref_=sr_t_323,2005,2h 4m,R,5.7,1.4K
324. Brooklyn Lobster,https://www.imdb.com/title/tt0401591/?ref_=sr_t_324,2005,1h 34m,R,6.3,492
325. Stolen,https://www.imdb.com/title/tt1071832/?ref_=sr_t_325,2005,1h 24m,Not Rated,6.2,173
326. Edmond,https://www.imdb.com/title/tt0443496/?ref_=sr_t_326,2005,1h 22m,R,6.2,13K
327. Lower City,https://www.imdb.com/title/tt0456899/?ref_=sr_t_327,2005,1h 38m,R,6.5,4.5K
328. Game 6,https://www.imdb.com/title/tt0425055/?ref_=sr_t_328,2005,1h 27m,R,5.7,3.1K
329. Dil Jo Bhi Kahey...,https://www.imdb.com/title/tt0442764/?ref_=sr_t_329,2005,2h 24m,,4.6,390
330. The Wendell Baker Story,https://www.imdb.com/title/tt0373445/?ref_=sr_t_330,2005,1h 39m,PG-13,5.5,6.1K
331. Unknown White Male,https://www.imdb.com/title/tt0436864/?ref_=sr_t_331,2005,1h 28m,PG-13,6.5,1.1K
332. 13 Tzameti,https://www.imdb.com/title/tt0475169/?ref_=sr_t_332,2005,1h 33m,Not Rated,7.3,18K
333. David & Layla,https://www.imdb.com/title/tt0424025/?ref_=sr_t_333,2005,1h 46m,R,5.5,898
334. Time to Leave,https://www.imdb.com/title/tt0417189/?ref_=sr_t_334,2005,1h 21m,Unrated,7.1,9.4K
335. Sir! No Sir!,https://www.imdb.com/title/tt0469589/?ref_=sr_t_335,2005,1h 25m,Not Rated,7.6,863
336. I Am a Sex Addict,https://www.imdb.com/title/tt0428649/?ref_=sr_t_336,2005,1h 38m,Not Rated,6.0,3.4K
337. Loggerheads,https://www.imdb.com/title/tt0406038/?ref_=sr_t_337,2005,1h 35m,PG-13,7.2,1.9K
338. After Innocence,https://www.imdb.com/title/tt0436039/?ref_=sr_t_338,2005,1h 35m,Unrated,7.6,898
339. Stomp! Shout! Scream!,https://www.imdb.com/title/tt0426584/?ref_=sr_t_339,2005,1h 19m,PG-13,4.5,213
340. Neal 'n' Nikki,https://www.imdb.com/title/tt0470869/?ref_=sr_t_340,2005,2h 2m,Not Rated,3.2,1.8K
341. Shooting Dogs,https://www.imdb.com/title/tt0420901/?ref_=sr_t_341,2005,1h 55m,R,7.6,12K
342. Winter Passing,https://www.imdb.com/title/tt0380817/?ref_=sr_t_342,2005,1h 38m,R,6.2,9K
343. Look Both Ways,https://www.imdb.com/title/tt0382806/?ref_=sr_t_343,2005,1h 40m,PG-13,6.9,3.1K
344. Mutual Appreciation,https://www.imdb.com/title/tt0446747/?ref_=sr_t_344,2005,1h 49m,R,6.7,2K
345. Self Medicated,https://www.imdb.com/title/tt0341569/?ref_=sr_t_345,2005,1h 47m,R,5.7,938
346. Being Cyrus,https://www.imdb.com/title/tt0412308/?ref_=sr_t_346,2005,1h 30m,,7.1,3.1K
347. Red Doors,https://www.imdb.com/title/tt0415234/?ref_=sr_t_347,2005,1h 30m,R,6.4,1.2K
348. 12 and Holding,https://www.imdb.com/title/tt0417385/?ref_=sr_t_348,2005,1h 34m,R,7.4,7.3K
349. Ek Khiladi Ek Haseena,https://www.imdb.com/title/tt0461209/?ref_=sr_t_349,2005,2h 23m,Not Rated,5.7,679
350. Bab'Aziz: The Prince That Contemplated His Soul,https://www.imdb.com/title/tt0395461/?ref_=sr_t_350,2005,1h 36m,Not Rated,7.5,3.8K
351. Fierce People,https://www.imdb.com/title/tt0401420/?ref_=sr_t_351,2005,1h 47m,R,6.4,7.4K
352. Revolver,https://www.imdb.com/title/tt0365686/?ref_=sr_t_352,2005,1h 51m,R,6.3,105K
353. 51 Birch Street,https://www.imdb.com/title/tt0468442/?ref_=sr_t_353,2005,1h 30m,Unrated,7.3,942
354. Lemming,https://www.imdb.com/title/tt0415932/?ref_=sr_t_354,2005,2h 9m,Not Rated,6.7,5.4K
355. The Death of Mr. Lazarescu,https://www.imdb.com/title/tt0456149/?ref_=sr_t_355,2005,2h 33m,R,7.8,16K
356. Suits on the Loose,https://www.imdb.com/title/tt0405357/?ref_=sr_t_356,2005,1h 34m,PG,5.2,346
357. Nomad: The Warrior,https://www.imdb.com/title/tt0374089/?ref_=sr_t_357,2005,1h 52m,R,5.8,4K
358. Manderlay,https://www.imdb.com/title/tt0342735/?ref_=sr_t_358,2005,2h 13m,Not Rated,7.2,26K
359. The Sun,https://www.imdb.com/title/tt0439817/?ref_=sr_t_359,2005,1h 50m,Not Rated,7.3,3K
360. Forty Shades of Blue,https://www.imdb.com/title/tt0395543/?ref_=sr_t_360,2005,1h 48m,R,6.1,1.7K
361. The War Within,https://www.imdb.com/title/tt0414344/?ref_=sr_t_361,2005,1h 30m,R,6.8,1.3K
362. Come Away Home,https://www.imdb.com/title/tt0409838/?ref_=sr_t_362,2005,1h 42m,PG,6.6,649
363. Naked in Ashes,https://www.imdb.com/title/tt0481589/?ref_=sr_t_363,2005,1h 43m,Not Rated,7.8,58
364. Mongolian Ping Pong,https://www.imdb.com/title/tt0461804/?ref_=sr_t_364,2005,1h 42m,Not Rated,6.5,846
365. Color Me Kubrick,https://www.imdb.com/title/tt0376543/?ref_=sr_t_365,2005,1h 26m,Not Rated,6.1,7K
366. Battle in Heaven,https://www.imdb.com/title/tt0387055/?ref_=sr_t_366,2005,1h 38m,Unrated,5.5,6.7K
367. Crossing the Bridge: The Sound of Istanbul,https://www.imdb.com/title/tt0459242/?ref_=sr_t_367,2005,1h 30m,Not Rated,7.8,7.3K
368. Cavite,https://www.imdb.com/title/tt0428303/?ref_=sr_t_368,2005,1h 20m,Not Rated,6.0,681
369. Beowulf & Grendel,https://www.imdb.com/title/tt0402057/?ref_=sr_t_369,2005,1h 43m,R,5.8,19K
370. Tideland,https://www.imdb.com/title/tt0410764/?ref_=sr_t_370,2005,2h,R,6.3,35K
371. The Real Dirt on Farmer John,https://www.imdb.com/title/tt0439774/?ref_=sr_t_371,2005,1h 22m,Not Rated,7.4,649
372. The Violin,https://www.imdb.com/title/tt0451966/?ref_=sr_t_372,2005,1h 38m,Not Rated,7.6,2.6K
373. Rock School,https://www.imdb.com/title/tt0436727/?ref_=sr_t_373,2005,1h 33m,R,6.5,1.1K
374. Aurora Borealis,https://www.imdb.com/title/tt0387037/?ref_=sr_t_374,2005,1h 50m,R,6.7,1.8K
375. The Aura,https://www.imdb.com/title/tt0420509/?ref_=sr_t_375,2005,2h 14m,Not Rated,7.1,15K
376. Home Delivery: Aapko... Ghar Tak,https://www.imdb.com/title/tt0457940/?ref_=sr_t_376,2005,2h 31m,,3.4,670
377. Feast,https://www.imdb.com/title/tt0426459/?ref_=sr_t_377,2005,1h 35m,R,6.2,35K
378. That Man: Peter Berlin,https://www.imdb.com/title/tt0450334/?ref_=sr_t_378,2005,1h 21m,Unrated,7.0,432
379. La petite Jérusalem,https://www.imdb.com/title/tt0428965/?ref_=sr_t_379,2005,1h 36m,Not Rated,6.5,919
380. The Chumscrubber,https://www.imdb.com/title/tt0406650/?ref_=sr_t_380,2005,1h 48m,R,6.8,19K
381. Lost in Love,https://www.imdb.com/title/tt0460892/?ref_=sr_t_381,2005,1h 40m,PG-13,6.1,409
382. The Motel,https://www.imdb.com/title/tt0436607/?ref_=sr_t_382,2005,1h 15m,Not Rated,6.6,1.4K
383. Amu,https://www.imdb.com/title/tt0414713/?ref_=sr_t_383,2005,1h 42m,Not Rated,7.3,966
384. Chocolate: Deep Dark Secrets,https://www.imdb.com/title/tt0454431/?ref_=sr_t_384,2005,2h 40m,,4.8,2.4K
385. Shakespeare Behind Bars,https://www.imdb.com/title/tt0368264/?ref_=sr_t_385,2005,1h 33m,Not Rated,7.6,381
386. Lunacy,https://www.imdb.com/title/tt0407236/?ref_=sr_t_386,2005,1h 58m,Not Rated,7.1,4K
387. Never Been Thawed,https://www.imdb.com/title/tt0452711/?ref_=sr_t_387,2005,1h 27m,R,5.7,397
388. The Goebbels Experiment,https://www.imdb.com/title/tt0458375/?ref_=sr_t_388,2005,1h 48m,Not Rated,7.3,1K
389. The Zodiac,https://www.imdb.com/title/tt0371739/?ref_=sr_t_389,2005,1h 32m,R,5.3,7.6K
390. Brothers of the Head,https://www.imdb.com/title/tt0432260/?ref_=sr_t_390,2005,1h 33m,R,6.2,1.9K
391. Bailey's Billion$,https://www.imdb.com/title/tt0379708/?ref_=sr_t_391,2005,1h 30m,G,4.1,690
392. William Eggleston in the Real World,https://www.imdb.com/title/tt0443698/?ref_=sr_t_392,2005,1h 27m,,6.2,285
393. Apaharan,https://www.imdb.com/title/tt0451631/?ref_=sr_t_393,2005,2h 53m,,7.4,5.4K
394. Hate Crime,https://www.imdb.com/title/tt0415833/?ref_=sr_t_394,2005,1h 44m,R,6.3,1.6K
395. Yiddish Theater: A Love Story,https://www.imdb.com/title/tt0397307/?ref_=sr_t_395,2005,1h 30m,,7.8,61
396. Stoned,https://www.imdb.com/title/tt0426627/?ref_=sr_t_396,2005,1h 42m,R,5.7,4.2K
397. Man Push Cart,https://www.imdb.com/title/tt0464105/?ref_=sr_t_397,2005,1h 27m,Not Rated,7.0,3.8K
398. Dirty Love,https://www.imdb.com/title/tt0327643/?ref_=sr_t_398,2005,1h 31m,R,3.5,7.5K
399. Mozart and the Whale,https://www.imdb.com/title/tt0392465/?ref_=sr_t_399,2005,1h 34m,PG-13,6.7,9.4K
400. Swimmers,https://www.imdb.com/title/tt0384573/?ref_=sr_t_400,2005,1h 30m,Unrated,6.3,496
401. Sisters in Law,https://www.imdb.com/title/tt0474361/?ref_=sr_t_401,2005,1h 44m,Not Rated,7.3,420
402. Loverboy,https://www.imdb.com/title/tt0388213/?ref_=sr_t_402,2005,1h 24m,R,5.3,3.4K
403. Smile,https://www.imdb.com/title/tt0397103/?ref_=sr_t_403,2005,1h 47m,PG-13,6.2,1K
404. Free Zone,https://www.imdb.com/title/tt0441761/?ref_=sr_t_404,2005,1h 30m,Not Rated,5.7,3K
405. Reel Paradise,https://www.imdb.com/title/tt0405271/?ref_=sr_t_405,2005,1h 50m,R,6.5,532
406. Going Shopping,https://www.imdb.com/title/tt0295605/?ref_=sr_t_406,2005,1h 46m,PG-13,5.0,200
407. Standing Still,https://www.imdb.com/title/tt0360016/?ref_=sr_t_407,2005,1h 30m,R,5.6,2.5K
408. Princesses,https://www.imdb.com/title/tt0434292/?ref_=sr_t_408,2005,1h 49m,,6.9,5.7K
409. Romántico,https://www.imdb.com/title/tt0436728/?ref_=sr_t_409,2005,1h 20m,Not Rated,7.2,231
410. Don't Tell,https://www.imdb.com/title/tt0443446/?ref_=sr_t_410,2005,2h,R,6.4,2.6K
411. 39 Pounds of Love,https://www.imdb.com/title/tt0448978/?ref_=sr_t_411,2005,1h 10m,Unrated,6.3,264
412. Ang pagdadalaga ni Maximo Oliveros,https://www.imdb.com/title/tt0479506/?ref_=sr_t_412,2005,1h 40m,Not Rated,7.0,1.7K
413. Iron Island,https://www.imdb.com/title/tt0472113/?ref_=sr_t_413,2005,1h 30m,Not Rated,7.2,1.1K
414. Trudell,https://www.imdb.com/title/tt0395796/?ref_=sr_t_414,2005,1h 19m,PG,7.4,515
415. The Willow Tree,https://www.imdb.com/title/tt0415607/?ref_=sr_t_415,2005,1h 36m,PG,7.3,4.6K
416. Through the Fire,https://www.imdb.com/title/tt0457502/?ref_=sr_t_416,2005,1h 43m,,7.1,719
417. Drivers Wanted,https://www.imdb.com/title/tt0385666/?ref_=sr_t_417,2005,1h 34m,,6.9,123
418. Two Drifters,https://www.imdb.com/title/tt0450470/?ref_=sr_t_418,2005,1h 38m,Unrated,5.7,1.4K
419. A Year Without Love,https://www.imdb.com/title/tt0418484/?ref_=sr_t_419,2005,1h 35m,R,6.2,730
420. American Gun,https://www.imdb.com/title/tt0416471/?ref_=sr_t_420,2005,1h 35m,R,6.1,3.2K
421. Sunflower,https://www.imdb.com/title/tt0401808/?ref_=sr_t_421,2005,2h 9m,,7.2,728
422. Emmanuel's Gift,https://www.imdb.com/title/tt0447016/?ref_=sr_t_422,2005,1h 20m,G,7.6,208
423. Il ne faut jurer... de rien!,https://www.imdb.com/title/tt0431827/?ref_=sr_t_423,2005,1h 41m,,5.5,660
424. Pierrepoint: The Last Hangman,https://www.imdb.com/title/tt0462477/?ref_=sr_t_424,2005,1h 35m,R,7.4,5.8K
425. Dear Wendy,https://www.imdb.com/title/tt0342272/?ref_=sr_t_425,2005,1h 45m,Not Rated,6.5,11K
426. Fuck,https://www.imdb.com/title/tt0486585/?ref_=sr_t_426,2005,1h 33m,Not Rated,7.0,4.4K
427. Giuliani Time,https://www.imdb.com/title/tt0473037/?ref_=sr_t_427,2005,2h 10m,Not Rated,6.9,158
428. Dreaming Lhasa,https://www.imdb.com/title/tt0469686/?ref_=sr_t_428,2005,1h 30m,Not Rated,6.4,269
429. Bigger Than the Sky,https://www.imdb.com/title/tt0363504/?ref_=sr_t_429,2005,1h 46m,PG-13,5.9,1.6K
"430. Yang Ban Xi, de 8 modelwerken",https://www.imdb.com/title/tt0436978/?ref_=sr_t_430,2005,1h 30m,,7.1,72
431. Close to Home,https://www.imdb.com/title/tt0478999/?ref_=sr_t_431,2005,1h 38m,Not Rated,6.8,964
432. Voices in Wartime,https://www.imdb.com/title/tt0443691/?ref_=sr_t_432,2005,1h 14m,,6.9,39
433. The Last Dispatch,https://www.imdb.com/title/tt0453508/?ref_=sr_t_433,2005,1h 21m,Not Rated,7.8,220
434. The Secret Life of Words,https://www.imdb.com/title/tt0430576/?ref_=sr_t_434,2005,1h 55m,Not Rated,7.4,13K
435. London,https://www.imdb.com/title/tt0449061/?ref_=sr_t_435,2005,1h 32m,R,6.3,25K
436. Zizek!,https://www.imdb.com/title/tt0478338/?ref_=sr_t_436,2005,1h 11m,Not Rated,7.3,1.7K
437. State of Fear,https://www.imdb.com/title/tt0485046/?ref_=sr_t_437,2005,1h 34m,,7.6,69
438. L'iceberg,https://www.imdb.com/title/tt0484113/?ref_=sr_t_438,2005,1h 24m,Not Rated,6.6,1K
439. Favela Rising,https://www.imdb.com/title/tt0455949/?ref_=sr_t_439,2005,1h 20m,TV-14,7.0,670
440. Mr Ya Miss,https://www.imdb.com/title/tt0456549/?ref_=sr_t_440,2005,2h 16m,,3.8,567
441. The Reception,https://www.imdb.com/title/tt0457452/?ref_=sr_t_441,2005,1h 20m,,5.9,198
442. Cruel World,https://www.imdb.com/title/tt0419663/?ref_=sr_t_442,2005,1h 28m,R,3.7,1.5K
443. Film Geek,https://www.imdb.com/title/tt0443506/?ref_=sr_t_443,2005,1h 18m,Not Rated,6.1,1.1K
444. Seven Days,https://www.imdb.com/title/tt0414513/?ref_=sr_t_444,2005,1h 35m,PG-13,6.6,761
445. The Amateurs,https://www.imdb.com/title/tt0405163/?ref_=sr_t_445,2005,1h 36m,R,6.2,6.7K
446. Night of Henna,https://www.imdb.com/title/tt0379402/?ref_=sr_t_446,2005,1h 32m,,5.8,41
447. One Bright Shining Moment,https://www.imdb.com/title/tt0468528/?ref_=sr_t_447,2005,2h 3m,Not Rated,7.6,271
448. El inmigrante,https://www.imdb.com/title/tt0479073/?ref_=sr_t_448,2005,1h 30m,PG-13,8.0,66
449. The Devil's Miner,https://www.imdb.com/title/tt0441001/?ref_=sr_t_449,2005,1h 22m,Not Rated,7.5,612
450. Carmen and Geoffrey,https://www.imdb.com/title/tt0481269/?ref_=sr_t_450,2005,1h 20m,Not Rated,7.9,70
451. Duane Hopwood,https://www.imdb.com/title/tt0398982/?ref_=sr_t_451,2005,1h 24m,R,6.5,2.4K
452. One Last Thing...,https://www.imdb.com/title/tt0452660/?ref_=sr_t_452,2005,1h 36m,R,6.5,4.4K
453. Backstage,https://www.imdb.com/title/tt0436091/?ref_=sr_t_453,2005,1h 52m,,5.9,690
454. Daltry Calhoun,https://www.imdb.com/title/tt0339642/?ref_=sr_t_454,2005,1h 40m,PG-13,5.1,2.5K
"455. The Photographer, His Wife, Her Lover",https://www.imdb.com/title/tt2038300/?ref_=sr_t_455,2005,1h 19m,Unrated,,
456. Backseat,https://www.imdb.com/title/tt0337584/?ref_=sr_t_456,2005,1h 20m,Not Rated,6.8,84
457. China Blue,https://www.imdb.com/title/tt0478116/?ref_=sr_t_457,2005,1h 26m,,7.5,638
458. All Babes Want to Kill Me,https://www.imdb.com/title/tt0300922/?ref_=sr_t_458,2005,1h 22m,PG-13,3.3,2.4K
459. Whole New Thing,https://www.imdb.com/title/tt0461613/?ref_=sr_t_459,2005,1h 32m,,6.7,1.3K
460. One More Round,https://www.imdb.com/title/tt0446012/?ref_=sr_t_460,2005,1h 30m,Not Rated,6.1,91
461. Chaos,https://www.imdb.com/title/tt0405977/?ref_=sr_t_461,2005,1h 14m,Not Rated,3.2,2.3K
462. The Tiger and the Snow,https://www.imdb.com/title/tt0419198/?ref_=sr_t_462,2005,1h 50m,,7.0,15K
463. The President's Last Bang,https://www.imdb.com/title/tt0445396/?ref_=sr_t_463,2005,1h 42m,,6.9,1.6K
464. A dios momo,https://www.imdb.com/title/tt0802935/?ref_=sr_t_464,2005,1h 48m,Not Rated,7.0,76
465. Sommer vorm Balkon,https://www.imdb.com/title/tt0477877/?ref_=sr_t_465,2005,1h 47m,,6.9,3K
466. Little Fish,https://www.imdb.com/title/tt0382810/?ref_=sr_t_466,2005,1h 54m,R,6.1,9.4K
467. Fall to Grace,https://www.imdb.com/title/tt0452618/?ref_=sr_t_467,2005,1h 27m,,6.9,71
468. Occupation: Dreamland,https://www.imdb.com/title/tt0452659/?ref_=sr_t_468,2005,1h 18m,Unrated,7.3,453
469. Zerophilia,https://www.imdb.com/title/tt0421090/?ref_=sr_t_469,2005,1h 30m,,6.0,2.5K
470. El sueño del regreso,https://www.imdb.com/title/tt0420941/?ref_=sr_t_470,2005,1h 40m,,4.8,29
471. Allegro,https://www.imdb.com/title/tt0424789/?ref_=sr_t_471,2005,1h 28m,,6.5,2K
472. Casting About,https://www.imdb.com/title/tt0421119/?ref_=sr_t_472,2005,1h 26m,Not Rated,6.9,80
"473. Sorry, Haters",https://www.imdb.com/title/tt0425600/?ref_=sr_t_473,2005,1h 23m,Not Rated,6.2,1.6K
474. The Method,https://www.imdb.com/title/tt0427582/?ref_=sr_t_474,2005,1h 55m,,7.1,12K
475. Aristide and the Endless Revolution,https://www.imdb.com/title/tt0490079/?ref_=sr_t_475,2005,1h 24m,,8.0,111
476. 20 centímetros,https://www.imdb.com/title/tt0421528/?ref_=sr_t_476,2005,1h 52m,Unrated,6.6,2K
477. The Aggressives,https://www.imdb.com/title/tt0462757/?ref_=sr_t_477,2005,1h 15m,Not Rated,6.7,285
478. Sueño,https://www.imdb.com/title/tt0383648/?ref_=sr_t_478,2005,1h 48m,PG-13,5.2,628
479. Pizza,https://www.imdb.com/title/tt0376827/?ref_=sr_t_479,2005,1h 20m,TV-14,5.5,1.1K
480. The Roost,https://www.imdb.com/title/tt0387549/?ref_=sr_t_480,2005,1h 20m,TV-14,4.8,2.3K
481. Race You to the Bottom,https://www.imdb.com/title/tt0452671/?ref_=sr_t_481,2005,1h 13m,R,5.0,455
482. Fratricide,https://www.imdb.com/title/tt0470702/?ref_=sr_t_482,2005,1h 30m,,6.6,327
483. Say Uncle,https://www.imdb.com/title/tt0401385/?ref_=sr_t_483,2005,1h 31m,R,5.7,700
484. Room,https://www.imdb.com/title/tt0417096/?ref_=sr_t_484,2005,1h 15m,Not Rated,4.4,457
485. What the Snow Brings,https://www.imdb.com/title/tt0495919/?ref_=sr_t_485,2005,1h 52m,,6.8,131
486. 50 Ways of Saying Fabulous,https://www.imdb.com/title/tt0429482/?ref_=sr_t_486,2005,1h 30m,Not Rated,5.8,534
487. Street Fight,https://www.imdb.com/title/tt0457496/?ref_=sr_t_487,2005,1h 23m,Not Rated,7.9,2.1K
488. My Big Fat Independent Movie,https://www.imdb.com/title/tt0385890/?ref_=sr_t_488,2005,1h 20m,R,3.2,1.4K
489. The Fall of Fujimori,https://www.imdb.com/title/tt0436295/?ref_=sr_t_489,2005,1h 23m,,7.3,310
490. Laura Smiles,https://www.imdb.com/title/tt0443564/?ref_=sr_t_490,2005,1h 38m,R,5.5,259
491. Cowboy del Amor,https://www.imdb.com/title/tt0452604/?ref_=sr_t_491,2005,1h 26m,Not Rated,7.1,282
492. Sacred Stage: The Mariinsky Theater,https://www.imdb.com/title/tt0491691/?ref_=sr_t_492,2005,1h 1m,Not Rated,8.8,18
493. McLibel,https://www.imdb.com/title/tt0458425/?ref_=sr_t_493,2005,1h 25m,Not Rated,7.1,2.2K
494. Beauty Remains,https://www.imdb.com/title/tt0399048/?ref_=sr_t_494,2005,1h 27m,,5.7,140
495. This Divided State,https://www.imdb.com/title/tt0444698/?ref_=sr_t_495,2005,1h 28m,,7.3,796
496. Berkeley,https://www.imdb.com/title/tt0430918/?ref_=sr_t_496,2005,1h 28m,R,4.9,272
497. The Helix... Loaded,https://www.imdb.com/title/tt0401462/?ref_=sr_t_497,2005,1h 37m,R,2.2,702
498. Sex Sells: The Making of 'Touché',https://www.imdb.com/title/tt0372401/?ref_=sr_t_498,2005,1h 36m,R,4.9,491
499. Four Eyed Monsters,https://www.imdb.com/title/tt0439182/?ref_=sr_t_499,2005,1h 25m,,6.2,1.2K
500. Nowhere Man,https://www.imdb.com/title/tt0338294/?ref_=sr_t_500,2005,1h 18m,Unrated,4.1,247
