Title,Movie Link,Year,Duration,MPA,Rating,Votes
1. Bad Boys for Life,https://www.imdb.com/title/tt1502397/?ref_=sr_t_1,2020,2h 4m,R,6.5,187K
2. A Quiet Place Part II,https://www.imdb.com/title/tt8332922/?ref_=sr_t_2,2020,1h 37m,PG-13,7.2,296K
3. Sonic the Hedgehog,https://www.imdb.com/title/tt3794354/?ref_=sr_t_3,2020,1h 39m,PG,6.5,171K
4. Birds of Prey and the Fantabulous Emancipation of One Harley Quinn,https://www.imdb.com/title/tt7713068/?ref_=sr_t_4,2020,1h 49m,R,6.1,271K
5. Dolittle,https://www.imdb.com/title/tt6673612/?ref_=sr_t_5,2020,1h 41m,PG,5.6,73K
6. The Invisible Man,https://www.imdb.com/title/tt1051906/?ref_=sr_t_6,2020,2h 4m,R,7.1,266K
7. The Call of the Wild,https://www.imdb.com/title/tt7504726/?ref_=sr_t_7,2020,1h 40m,PG,6.7,60K
8. Onward,https://www.imdb.com/title/tt7146812/?ref_=sr_t_8,2020,1h 42m,PG,7.4,176K
9. The Croods: A New Age,https://www.imdb.com/title/tt2850386/?ref_=sr_t_9,2020,1h 35m,PG,6.9,56K
10. Tenet,https://www.imdb.com/title/tt6723592/?ref_=sr_t_10,2020,2h 30m,PG-13,7.3,617K
11. Demon Slayer: Kimetsu no Yaiba - The Movie: Mugen Train,https://www.imdb.com/title/tt11032374/?ref_=sr_t_11,2020,1h 57m,TV-MA,8.2,80K
12. Wonder Woman 1984,https://www.imdb.com/title/tt7126948/?ref_=sr_t_12,2020,2h 31m,PG-13,5.4,298K
13. Fantasy Island,https://www.imdb.com/title/tt0983946/?ref_=sr_t_13,2020,1h 49m,PG-13,4.9,61K
14. The New Mutants,https://www.imdb.com/title/tt4682266/?ref_=sr_t_14,2020,1h 34m,PG-13,5.3,94K
15. Like a Boss,https://www.imdb.com/title/tt7545266/?ref_=sr_t_15,2020,1h 23m,R,4.7,16K
16. The War with Grandpa,https://www.imdb.com/title/tt4532038/?ref_=sr_t_16,2020,1h 34m,PG,5.7,26K
17. Unhinged,https://www.imdb.com/title/tt10059518/?ref_=sr_t_17,2020,1h 30m,R,6.0,81K
18. The Photograph,https://www.imdb.com/title/tt7798646/?ref_=sr_t_18,2020,1h 46m,PG-13,6.1,6.3K
19. Underwater,https://www.imdb.com/title/tt5774060/?ref_=sr_t_19,2020,1h 35m,PG-13,5.9,101K
20. The Turning,https://www.imdb.com/title/tt7510346/?ref_=sr_t_20,2020,1h 34m,PG-13,3.9,17K
21. Gretel & Hansel,https://www.imdb.com/title/tt9086228/?ref_=sr_t_21,2020,1h 27m,PG-13,5.5,36K
22. Monster Hunter,https://www.imdb.com/title/tt6475714/?ref_=sr_t_22,2020,1h 43m,PG-13,5.2,70K
23. Honest Thief,https://www.imdb.com/title/tt1838556/?ref_=sr_t_23,2020,1h 39m,PG-13,6.0,60K
24. The Way Back,https://www.imdb.com/title/tt8544498/?ref_=sr_t_24,2020,1h 48m,R,6.7,54K
25. News of the World,https://www.imdb.com/title/tt6878306/?ref_=sr_t_25,2020,1h 58m,PG-13,6.8,97K
26. Brahms: The Boy II,https://www.imdb.com/title/tt9173418/?ref_=sr_t_26,2020,1h 26m,PG-13,4.7,21K
27. Bloodshot,https://www.imdb.com/title/tt1634106/?ref_=sr_t_27,2020,1h 49m,PG-13,5.7,87K
28. Impractical Jokers: The Movie,https://www.imdb.com/title/tt9208444/?ref_=sr_t_28,2020,1h 32m,PG-13,5.7,7.5K
29. Come Play,https://www.imdb.com/title/tt8004664/?ref_=sr_t_29,2020,1h 36m,PG-13,5.8,19K
30. Emma.,https://www.imdb.com/title/tt9214832/?ref_=sr_t_30,2020,2h 4m,PG,6.7,66K
31. I Still Believe,https://www.imdb.com/title/tt9779516/?ref_=sr_t_31,2020,1h 56m,PG,6.5,14K
32. Let Him Go,https://www.imdb.com/title/tt9340860/?ref_=sr_t_32,2020,1h 53m,R,6.7,37K
33. Freaky,https://www.imdb.com/title/tt10919380/?ref_=sr_t_33,2020,1h 42m,R,6.3,76K
34. Downhill,https://www.imdb.com/title/tt4558376/?ref_=sr_t_34,2020,1h 26m,R,4.9,14K
35. The Night House,https://www.imdb.com/title/tt9731534/?ref_=sr_t_35,2020,1h 47m,R,6.4,71K
36. The Courier,https://www.imdb.com/title/tt8368512/?ref_=sr_t_36,2020,1h 52m,PG-13,7.2,77K
37. Promising Young Woman,https://www.imdb.com/title/tt9620292/?ref_=sr_t_37,2020,1h 53m,R,7.5,220K
38. Fatale,https://www.imdb.com/title/tt8829830/?ref_=sr_t_38,2020,1h 42m,R,5.5,15K
39. The Hunt,https://www.imdb.com/title/tt8244784/?ref_=sr_t_39,2020,1h 30m,R,6.6,139K
40. The Rhythm Section,https://www.imdb.com/title/tt7134096/?ref_=sr_t_40,2020,1h 49m,R,5.4,20K
41. Zola,https://www.imdb.com/title/tt5439812/?ref_=sr_t_41,2020,1h 26m,R,6.4,19K
42. The SpongeBob Movie: Sponge on the Run,https://www.imdb.com/title/tt4823776/?ref_=sr_t_42,2020,1h 31m,PG,5.9,23K
43. The Broken Hearts Gallery,https://www.imdb.com/title/tt2140571/?ref_=sr_t_43,2020,1h 49m,PG-13,6.3,10K
44. Nomadland,https://www.imdb.com/title/tt9770150/?ref_=sr_t_44,2020,1h 47m,R,7.3,190K
45. Bill & Ted Face the Music,https://www.imdb.com/title/tt1086064/?ref_=sr_t_45,2020,1h 31m,PG-13,5.9,54K
46. Minari,https://www.imdb.com/title/tt10633456/?ref_=sr_t_46,2020,1h 55m,PG-13,7.4,102K
47. The Empty Man,https://www.imdb.com/title/tt5867314/?ref_=sr_t_47,2020,2h 17m,R,6.2,42K
48. My Boyfriend's Meds,https://www.imdb.com/title/tt8976664/?ref_=sr_t_48,2020,1h 40m,R,4.6,516
49. Dream Horse,https://www.imdb.com/title/tt9883996/?ref_=sr_t_49,2020,1h 53m,PG,6.9,7.3K
50. Finding You,https://www.imdb.com/title/tt8760280/?ref_=sr_t_50,2020,1h 59m,PG,6.4,9.3K
51. Words on Bathroom Walls,https://www.imdb.com/title/tt8045906/?ref_=sr_t_51,2020,1h 50m,PG-13,7.2,14K
52. After We Collided,https://www.imdb.com/title/tt10362466/?ref_=sr_t_52,2020,1h 45m,R,5.1,41K
53. Half Brothers,https://www.imdb.com/title/tt10515926/?ref_=sr_t_53,2020,1h 36m,PG-13,6.1,4.4K
54. Scoob!,https://www.imdb.com/title/tt3152592/?ref_=sr_t_54,2020,1h 33m,PG,5.6,31K
55. The Father,https://www.imdb.com/title/tt10272386/?ref_=sr_t_55,2020,1h 37m,PG-13,8.2,206K
56. The Rental,https://www.imdb.com/title/tt10003008/?ref_=sr_t_56,2020,1h 28m,R,5.7,41K
57. The Duke,https://www.imdb.com/title/tt11204094/?ref_=sr_t_57,2020,1h 35m,R,6.9,15K
58. ¿Y cómo es él?,https://www.imdb.com/title/tt8928230/?ref_=sr_t_58,2020,1h 35m,PG-13,5.5,274
59. Joe Bell,https://www.imdb.com/title/tt4651466/?ref_=sr_t_59,2020,1h 34m,R,6.2,10K
60. 2 Hearts,https://www.imdb.com/title/tt5616176/?ref_=sr_t_60,2020,1h 41m,PG-13,6.3,10K
61. Peninsula,https://www.imdb.com/title/tt8850222/?ref_=sr_t_61,2020,1h 56m,Not Rated,5.5,40K
62. True to the Game 2,https://www.imdb.com/title/tt11237714/?ref_=sr_t_62,2020,1h 34m,R,4.4,503
63. Love and Monsters,https://www.imdb.com/title/tt2222042/?ref_=sr_t_63,2020,1h 49m,PG-13,6.9,150K
64. Relic,https://www.imdb.com/title/tt9072352/?ref_=sr_t_64,2020,1h 29m,R,6.0,32K
65. The Tax Collector,https://www.imdb.com/title/tt8461224/?ref_=sr_t_65,2020,1h 35m,Not Rated,4.8,16K
66. The Last Shift,https://www.imdb.com/title/tt10661180/?ref_=sr_t_66,2020,1h 30m,R,5.8,4.3K
67. Becky,https://www.imdb.com/title/tt10314450/?ref_=sr_t_67,2020,1h 33m,R,6.1,26K
68. Soul,https://www.imdb.com/title/tt2948372/?ref_=sr_t_68,2020,1h 40m,PG,8.0,398K
69. Echo Boomers,https://www.imdb.com/title/tt4353270/?ref_=sr_t_69,2020,1h 34m,R,5.3,8.8K
70. All My Life,https://www.imdb.com/title/tt8305852/?ref_=sr_t_70,2020,1h 31m,PG-13,6.3,6.4K
71. Cut Throat City,https://www.imdb.com/title/tt3547306/?ref_=sr_t_71,2020,2h 3m,R,4.9,3.2K
72. Four Good Days,https://www.imdb.com/title/tt10344522/?ref_=sr_t_72,2020,1h 40m,R,6.6,14K
73. Sarileru Neekevvaru,https://www.imdb.com/title/tt10773090/?ref_=sr_t_73,2020,2h 49m,,5.8,9.3K
74. Vanguard,https://www.imdb.com/title/tt9695722/?ref_=sr_t_74,2020,1h 47m,PG-13,4.7,6.9K
75. Possessor,https://www.imdb.com/title/tt5918982/?ref_=sr_t_75,2020,1h 43m,R,6.5,49K
76. French Exit,https://www.imdb.com/title/tt10279362/?ref_=sr_t_76,2020,1h 53m,R,5.9,9.2K
77. Baaghi 3,https://www.imdb.com/title/tt8366590/?ref_=sr_t_77,2020,2h 23m,,2.2,14K
78. Patterns of Evidence: The Red Sea Miracle,https://www.imdb.com/title/tt11661666/?ref_=sr_t_78,2020,2h 30m,,6.5,110
79. Nine Days,https://www.imdb.com/title/tt10451852/?ref_=sr_t_79,2020,2h 4m,R,6.8,12K
80. Aline,https://www.imdb.com/title/tt9735462/?ref_=sr_t_80,2020,2h 6m,PG-13,6.3,3.5K
81. 100% Wolf,https://www.imdb.com/title/tt8774798/?ref_=sr_t_81,2020,1h 36m,PG,5.6,2.6K
82. Chhapaak,https://www.imdb.com/title/tt9614460/?ref_=sr_t_82,2020,2h,Not Rated,5.4,28K
83. Shortcut,https://www.imdb.com/title/tt8960138/?ref_=sr_t_83,2020,1h 20m,R,4.1,1.9K
84. Panga,https://www.imdb.com/title/tt8983166/?ref_=sr_t_84,2020,2h 11m,Not Rated,6.8,8K
85. Alone,https://www.imdb.com/title/tt7711170/?ref_=sr_t_85,2020,1h 38m,R,6.2,32K
86. Kajillionaire,https://www.imdb.com/title/tt8143990/?ref_=sr_t_86,2020,1h 44m,R,6.4,23K
87. The Truffle Hunters,https://www.imdb.com/title/tt11394318/?ref_=sr_t_87,2020,1h 24m,PG-13,7.3,4K
88. The Call,https://www.imdb.com/title/tt12971924/?ref_=sr_t_88,2020,1h 37m,Not Rated,4.2,5.3K
89. The Big Ugly,https://www.imdb.com/title/tt9441638/?ref_=sr_t_89,2020,1h 46m,R,5.1,7K
90. The Forgotten Carols,https://www.imdb.com/title/tt13327144/?ref_=sr_t_90,2020,2h 10m,,8.4,84
91. Spell,https://www.imdb.com/title/tt10736580/?ref_=sr_t_91,2020,1h 31m,R,5.5,10K
92. Ava,https://www.imdb.com/title/tt8784956/?ref_=sr_t_92,2020,1h 36m,R,5.5,65K
93. Trolls World Tour,https://www.imdb.com/title/tt6587640/?ref_=sr_t_93,2020,1h 31m,PG,6.1,30K
94. Chal Mera Putt 2,https://www.imdb.com/title/tt11737772/?ref_=sr_t_94,2020,2h 4m,,8.8,3.5K
95. CatVideoFest 2020,https://www.imdb.com/title/tt11600880/?ref_=sr_t_95,2020,1h 15m,,6.8,21
96. Infamous,https://www.imdb.com/title/tt7703924/?ref_=sr_t_96,2020,1h 40m,Not Rated,4.3,3.6K
97. Tulsa,https://www.imdb.com/title/tt8477134/?ref_=sr_t_97,2020,2h,PG-13,6.3,1.2K
98. Stevie Nicks 24 Karat Gold the Concert,https://www.imdb.com/title/tt13100448/?ref_=sr_t_98,2020,2h 15m,,8.1,119
99. She Dies Tomorrow,https://www.imdb.com/title/tt11614912/?ref_=sr_t_99,2020,1h 26m,R,5.0,7.5K
100. The Water Man,https://www.imdb.com/title/tt4779326/?ref_=sr_t_100,2020,1h 31m,PG,5.6,4.7K
101. The Eight Hundred,https://www.imdb.com/title/tt7294150/?ref_=sr_t_101,2020,2h 29m,,6.7,7.7K
102. The Dry,https://www.imdb.com/title/tt5144174/?ref_=sr_t_102,2020,1h 57m,R,6.8,36K
103. The Kid Detective,https://www.imdb.com/title/tt8980602/?ref_=sr_t_103,2020,1h 40m,R,7.0,24K
104. Children of the Corn,https://www.imdb.com/title/tt12311866/?ref_=sr_t_104,2020,1h 33m,R,3.7,4.8K
105. Final Account,https://www.imdb.com/title/tt12789212/?ref_=sr_t_105,2020,1h 34m,PG-13,7.3,1.8K
106. New Order,https://www.imdb.com/title/tt12474056/?ref_=sr_t_106,2020,1h 26m,R,6.5,10K
107. Save Yourselves!,https://www.imdb.com/title/tt7873348/?ref_=sr_t_107,2020,1h 33m,R,5.8,8.8K
108. Blithe Spirit,https://www.imdb.com/title/tt10334148/?ref_=sr_t_108,2020,1h 39m,PG-13,5.4,8.9K
109. Created Equal: Clarence Thomas in His Own Words,https://www.imdb.com/title/tt10256238/?ref_=sr_t_109,2020,1h 56m,PG-13,7.9,1.2K
110. Fatman,https://www.imdb.com/title/tt10310140/?ref_=sr_t_110,2020,1h 40m,R,5.9,32K
111. Heaven,https://www.imdb.com/title/tt11136594/?ref_=sr_t_111,2020,1h 40m,PG-13,5.9,126
112. Blind Eyes Opened,https://www.imdb.com/title/tt11043394/?ref_=sr_t_112,2020,1h 55m,Unrated,7.0,45
113. Supernova,https://www.imdb.com/title/tt11169050/?ref_=sr_t_113,2020,1h 35m,R,6.9,15K
114. Limbo,https://www.imdb.com/title/tt9138170/?ref_=sr_t_114,2020,1h 44m,R,7.2,5.5K
115. Jiang Ziya,https://www.imdb.com/title/tt11177804/?ref_=sr_t_115,2020,1h 50m,TV-PG,6.5,2.3K
116. Wild Mountain Thyme,https://www.imdb.com/title/tt6842770/?ref_=sr_t_116,2020,1h 42m,PG-13,5.7,13K
117. The Secrets We Keep,https://www.imdb.com/title/tt9252488/?ref_=sr_t_117,2020,1h 37m,R,5.9,7.7K
118. Shiva Baby,https://www.imdb.com/title/tt11317142/?ref_=sr_t_118,2020,1h 17m,Not Rated,7.1,36K
119. The Witches,https://www.imdb.com/title/tt0805647/?ref_=sr_t_119,2020,1h 46m,PG,5.4,48K
120. Fate/stay night [Heaven's Feel] III. spring song,https://www.imdb.com/title/tt8092118/?ref_=sr_t_120,2020,2h,TV-MA,7.9,2.9K
121. Always and Forever,https://www.imdb.com/title/tt7544954/?ref_=sr_t_121,2020,1h 38m,PG-13,4.2,665
122. The Wolf of Snow Hollow,https://www.imdb.com/title/tt11140488/?ref_=sr_t_122,2020,1h 25m,R,6.2,26K
123. Come Away,https://www.imdb.com/title/tt5714470/?ref_=sr_t_123,2020,1h 34m,PG,5.7,6K
124. Follow Me,https://www.imdb.com/title/tt8160834/?ref_=sr_t_124,2020,1h 31m,R,5.4,14K
125. I Carry You with Me,https://www.imdb.com/title/tt11388990/?ref_=sr_t_125,2020,1h 51m,R,6.7,1.9K
126. Palm Springs,https://www.imdb.com/title/tt9484998/?ref_=sr_t_126,2020,1h 30m,R,7.4,194K
127. Ammonite,https://www.imdb.com/title/tt7983894/?ref_=sr_t_127,2020,1h 57m,R,6.5,25K
128. The Dark and the Wicked,https://www.imdb.com/title/tt10229558/?ref_=sr_t_128,2020,1h 35m,Not Rated,6.1,25K
129. Shadow in the Cloud,https://www.imdb.com/title/tt9691136/?ref_=sr_t_129,2020,1h 23m,R,5.0,32K
"130. My Donkey, My Lover & I",https://www.imdb.com/title/tt11013434/?ref_=sr_t_130,2020,1h 36m,,6.5,4.1K
131. The Reckoning,https://www.imdb.com/title/tt9182964/?ref_=sr_t_131,2020,1h 50m,Not Rated,4.8,4K
132. Wendy,https://www.imdb.com/title/tt2420124/?ref_=sr_t_132,2020,1h 51m,PG-13,5.7,3.8K
133. Held,https://www.imdb.com/title/tt10713340/?ref_=sr_t_133,2020,1h 34m,,5.3,3.1K
134. Archive,https://www.imdb.com/title/tt6882604/?ref_=sr_t_134,2020,1h 49m,TV-MA,6.4,27K
135. No Man's Land,https://www.imdb.com/title/tt10449052/?ref_=sr_t_135,2020,1h 54m,PG-13,5.4,1.4K
136. Most Wanted,https://www.imdb.com/title/tt1656177/?ref_=sr_t_136,2020,2h 5m,R,6.2,5.8K
137. The Nest,https://www.imdb.com/title/tt8338762/?ref_=sr_t_137,2020,1h 47m,R,6.3,20K
138. Six Minutes to Midnight,https://www.imdb.com/title/tt5114840/?ref_=sr_t_138,2020,1h 39m,PG-13,5.9,6.3K
139. Archenemy,https://www.imdb.com/title/tt11274100/?ref_=sr_t_139,2020,1h 30m,Not Rated,5.0,3.7K
140. The Rose Maker,https://www.imdb.com/title/tt11190652/?ref_=sr_t_140,2020,1h 35m,,6.4,1.3K
141. The World to Come,https://www.imdb.com/title/tt9738716/?ref_=sr_t_141,2020,1h 45m,R,6.4,12K
142. Gunda,https://www.imdb.com/title/tt11464016/?ref_=sr_t_142,2020,1h 33m,G,7.1,3K
143. The Man Standing Next,https://www.imdb.com/title/tt11358398/?ref_=sr_t_143,2020,1h 54m,,7.0,4.5K
144. The Paper Tigers,https://www.imdb.com/title/tt6060444/?ref_=sr_t_144,2020,1h 48m,PG-13,6.3,5.5K
145. Made in Italy,https://www.imdb.com/title/tt9207700/?ref_=sr_t_145,2020,1h 34m,R,6.0,12K
146. The Silencing,https://www.imdb.com/title/tt7149730/?ref_=sr_t_146,2020,1h 33m,R,6.3,36K
147. Psycho Goreman,https://www.imdb.com/title/tt11252440/?ref_=sr_t_147,2020,1h 35m,Not Rated,6.3,16K
148. First Lady,https://www.imdb.com/title/tt9068272/?ref_=sr_t_148,2020,1h 41m,PG,3.9,328
149. Tesla,https://www.imdb.com/title/tt5259822/?ref_=sr_t_149,2020,1h 42m,PG-13,5.1,11K
150. Miss Juneteenth,https://www.imdb.com/title/tt11394158/?ref_=sr_t_150,2020,1h 39m,Unrated,6.5,2.2K
151. Leap,https://www.imdb.com/title/tt10670442/?ref_=sr_t_151,2020,2h 15m,,6.6,1.5K
152. Riverdance 25th Anniversary Show,https://www.imdb.com/title/tt11671040/?ref_=sr_t_152,2020,2h,,7.7,136
153. Undine,https://www.imdb.com/title/tt11617052/?ref_=sr_t_153,2020,1h 31m,Unrated,6.6,9.8K
154. Lumpia with a Vengeance,https://www.imdb.com/title/tt3279024/?ref_=sr_t_154,2020,1h 52m,,7.8,60
155. Riders of Justice,https://www.imdb.com/title/tt11655202/?ref_=sr_t_155,2020,1h 56m,Not Rated,7.5,68K
156. Pray: The Story of Patrick Peyton,https://www.imdb.com/title/tt10925802/?ref_=sr_t_156,2020,1h 11m,PG,6.7,59
157. Summertime,https://www.imdb.com/title/tt11394340/?ref_=sr_t_157,2020,1h 35m,R,6.3,554
158. Summer of 85,https://www.imdb.com/title/tt10457128/?ref_=sr_t_158,2020,1h 41m,Not Rated,6.9,14K
159. The Killing of Two Lovers,https://www.imdb.com/title/tt10702148/?ref_=sr_t_159,2020,1h 25m,R,6.8,5.6K
160. Hard Luck Love Song,https://www.imdb.com/title/tt8709338/?ref_=sr_t_160,2020,1h 44m,R,5.3,564
161. Wife of a Spy,https://www.imdb.com/title/tt11917942/?ref_=sr_t_161,2020,1h 55m,,6.6,3.3K
162. Salvatore: Shoemaker of Dreams,https://www.imdb.com/title/tt9467994/?ref_=sr_t_162,2020,1h 49m,PG,6.6,285
163. Come True,https://www.imdb.com/title/tt7026488/?ref_=sr_t_163,2020,1h 45m,Unrated,6.0,12K
164. My Brothers' Crossing,https://www.imdb.com/title/tt10719628/?ref_=sr_t_164,2020,1h 38m,Not Rated,3.2,141
165. Summerland,https://www.imdb.com/title/tt6841122/?ref_=sr_t_165,2020,1h 39m,PG,7.0,9.9K
166. The Dissident,https://www.imdb.com/title/tt11382384/?ref_=sr_t_166,2020,1h 59m,PG-13,7.8,31K
167. Truman & Tennessee: An Intimate Conversation,https://www.imdb.com/title/tt13016030/?ref_=sr_t_167,2020,1h 26m,,7.2,230
168. My Salinger Year,https://www.imdb.com/title/tt2222052/?ref_=sr_t_168,2020,1h 41m,R,6.5,7.4K
169. The Nowhere Inn,https://www.imdb.com/title/tt10441822/?ref_=sr_t_169,2020,1h 31m,Not Rated,5.7,1.6K
170. Dara of Jasenovac,https://www.imdb.com/title/tt10554232/?ref_=sr_t_170,2020,2h 10m,R,8.1,82K
171. Mogul Mowgli,https://www.imdb.com/title/tt9892094/?ref_=sr_t_171,2020,1h 29m,,6.6,3.3K
172. Miss Fisher & the Crypt of Tears,https://www.imdb.com/title/tt9010738/?ref_=sr_t_172,2020,1h 41m,TV-14,6.1,5.1K
173. The Way I See It,https://www.imdb.com/title/tt11290556/?ref_=sr_t_173,2020,1h 40m,PG-13,8.2,1.9K
174. Killer Raccoons! 2! Dark Christmas in the Dark!,https://www.imdb.com/title/tt8042004/?ref_=sr_t_174,2020,1h 36m,Not Rated,4.2,182
175. Nowhere Special,https://www.imdb.com/title/tt11286640/?ref_=sr_t_175,2020,1h 36m,,7.4,7.7K
176. Enter the Fat Dragon,https://www.imdb.com/title/tt7335600/?ref_=sr_t_176,2020,1h 36m,TV-14,5.7,2.3K
177. MLK/FBI,https://www.imdb.com/title/tt12801356/?ref_=sr_t_177,2020,1h 44m,TV-PG,7.0,1.8K
178. Solo Brathuke So Better,https://www.imdb.com/title/tt11433696/?ref_=sr_t_178,2020,2h 2m,,5.5,1.5K
179. Some Kind of Heaven,https://www.imdb.com/title/tt11358166/?ref_=sr_t_179,2020,1h 21m,,7.2,3.7K
180. Little Fish,https://www.imdb.com/title/tt9735470/?ref_=sr_t_180,2020,1h 41m,Unrated,6.9,7.7K
181. Waikiki,https://www.imdb.com/title/tt6932766/?ref_=sr_t_181,2020,1h 17m,,5.8,127
182. Falling for Figaro,https://www.imdb.com/title/tt7392014/?ref_=sr_t_182,2020,1h 44m,,6.5,4.5K
183. Mainstream,https://www.imdb.com/title/tt9224288/?ref_=sr_t_183,2020,1h 34m,R,5.0,5.6K
184. Juvenile Delinquents,https://www.imdb.com/title/tt8526344/?ref_=sr_t_184,2020,1h 58m,R,6.3,111
185. Honeydew,https://www.imdb.com/title/tt10734864/?ref_=sr_t_185,2020,1h 46m,,4.4,2.8K
186. Hunter Hunter,https://www.imdb.com/title/tt2226162/?ref_=sr_t_186,2020,1h 33m,Unrated,6.4,14K
187. Nick Mason's Saucerful of Secrets: Live at the Roundhouse,https://www.imdb.com/title/tt11960230/?ref_=sr_t_187,2020,1h 55m,Not Rated,8.2,77
188. Counter Column,https://www.imdb.com/title/tt8764942/?ref_=sr_t_188,2020,1h 39m,PG-13,8.3,61
189. Embattled,https://www.imdb.com/title/tt6539992/?ref_=sr_t_189,2020,1h 57m,R,6.5,3.9K
190. Monday,https://www.imdb.com/title/tt8884906/?ref_=sr_t_190,2020,1h 56m,R,5.7,5.8K
191. Rent-A-Pal,https://www.imdb.com/title/tt12274228/?ref_=sr_t_191,2020,1h 48m,Unrated,6.3,6.4K
192. Mama Weed,https://www.imdb.com/title/tt9288726/?ref_=sr_t_192,2020,1h 44m,,6.3,3.7K
193. Spree,https://www.imdb.com/title/tt11394332/?ref_=sr_t_193,2020,1h 33m,Not Rated,5.9,18K
194. Holler,https://www.imdb.com/title/tt6763778/?ref_=sr_t_194,2020,1h 30m,R,6.2,1.6K
195. Bloody Hell,https://www.imdb.com/title/tt9772374/?ref_=sr_t_195,2020,1h 33m,R,6.6,11K
196. The Night,https://www.imdb.com/title/tt8102806/?ref_=sr_t_196,2020,1h 45m,,5.5,3.6K
197. The Violent Heart,https://www.imdb.com/title/tt8310476/?ref_=sr_t_197,2020,1h 47m,Unrated,6.2,973
198. Heart of Africa,https://www.imdb.com/title/tt4109438/?ref_=sr_t_198,2020,1h 30m,,7.1,48
199. Tar,https://www.imdb.com/title/tt4351684/?ref_=sr_t_199,2020,1h 36m,Not Rated,3.8,4.2K
200. A Soldier's Story 2: Return from the Dead,https://www.imdb.com/title/tt7908426/?ref_=sr_t_200,2020,1h 45m,,4.9,60
201. Mandibles,https://www.imdb.com/title/tt10375106/?ref_=sr_t_201,2020,1h 17m,,6.6,6.8K
202. Sputnik,https://www.imdb.com/title/tt11905962/?ref_=sr_t_202,2020,1h 53m,Not Rated,6.4,28K
203. Frank and Ava,https://www.imdb.com/title/tt5963314/?ref_=sr_t_203,2020,1h 50m,,3.4,214
204. The Rescue,https://www.imdb.com/title/tt9283920/?ref_=sr_t_204,2020,2h 19m,R,6.0,1.1K
205. Shithouse,https://www.imdb.com/title/tt11618536/?ref_=sr_t_205,2020,1h 40m,R,6.9,7.1K
206. Never Rarely Sometimes Always,https://www.imdb.com/title/tt7772582/?ref_=sr_t_206,2020,1h 41m,PG-13,7.4,32K
207. Centigrade,https://www.imdb.com/title/tt8945942/?ref_=sr_t_207,2020,1h 29m,Unrated,4.4,3.7K
208. Equal Standard,https://www.imdb.com/title/tt8171000/?ref_=sr_t_208,2020,1h 41m,,5.0,629
209. Never Gonna Snow Again,https://www.imdb.com/title/tt9526784/?ref_=sr_t_209,2020,1h 56m,Unrated,6.4,2.8K
210. No Ordinary Man,https://www.imdb.com/title/tt12786834/?ref_=sr_t_210,2020,1h 23m,,6.9,410
211. Zappa,https://www.imdb.com/title/tt4881578/?ref_=sr_t_211,2020,2h 9m,Not Rated,7.5,3.8K
212. American Deep State,https://www.imdb.com/title/tt8203706/?ref_=sr_t_212,2020,2h 19m,PG-13,7.7,588
213. Cicada,https://www.imdb.com/title/tt8998768/?ref_=sr_t_213,2020,1h 36m,Unrated,6.6,1.2K
214. Stray,https://www.imdb.com/title/tt11905922/?ref_=sr_t_214,2020,1h 12m,Not Rated,6.9,1.8K
215. The Meaning of Hitler,https://www.imdb.com/title/tt13490106/?ref_=sr_t_215,2020,1h 32m,,6.3,504
216. Lorelei,https://www.imdb.com/title/tt6461318/?ref_=sr_t_216,2020,1h 51m,,6.4,2.6K
217. Adverse,https://www.imdb.com/title/tt8597594/?ref_=sr_t_217,2020,1h 34m,R,4.2,16K
218. Sweat,https://www.imdb.com/title/tt12443946/?ref_=sr_t_218,2020,1h 46m,Unrated,6.6,4.1K
219. Twiceborn,https://www.imdb.com/title/tt13236202/?ref_=sr_t_219,2020,2h 15m,PG,4.2,45
220. Minyan,https://www.imdb.com/title/tt10268550/?ref_=sr_t_220,2020,1h 58m,Unrated,6.5,1.2K
221. Powerbomb,https://www.imdb.com/title/tt6782632/?ref_=sr_t_221,2020,1h 19m,Not Rated,3.8,88
222. About Hope,https://www.imdb.com/title/tt6560320/?ref_=sr_t_222,2020,1h 31m,,5.3,417
223. Little Girl,https://www.imdb.com/title/tt11753696/?ref_=sr_t_223,2020,1h 28m,,7.6,1.5K
224. Coded Bias,https://www.imdb.com/title/tt11394170/?ref_=sr_t_224,2020,1h 26m,TV-MA,6.7,2.8K
225. Can You Bring It: Bill T. Jones and D-Man in the Waters,https://www.imdb.com/title/tt14551164/?ref_=sr_t_225,2020,1h 34m,,7.8,38
226. Stardust,https://www.imdb.com/title/tt9694312/?ref_=sr_t_226,2020,1h 49m,Unrated,4.4,2.4K
227. Kindred,https://www.imdb.com/title/tt9742392/?ref_=sr_t_227,2020,1h 41m,Not Rated,5.0,2.5K
228. Enemies of the State,https://www.imdb.com/title/tt10388028/?ref_=sr_t_228,2020,1h 43m,,6.0,821
229. The Trip to Greece,https://www.imdb.com/title/tt10482504/?ref_=sr_t_229,2020,1h 43m,Not Rated,6.5,4.9K
230. There Is No Evil,https://www.imdb.com/title/tt11697844/?ref_=sr_t_230,2020,2h 31m,,7.5,6.9K
231. Resistance,https://www.imdb.com/title/tt6914122/?ref_=sr_t_231,2020,2h,R,6.5,9.3K
232. Gossamer Folds,https://www.imdb.com/title/tt9337518/?ref_=sr_t_232,2020,1h 36m,,6.9,135
233. I Am Lisa,https://www.imdb.com/title/tt8952968/?ref_=sr_t_233,2020,1h 32m,,4.0,1.3K
234. What We Found,https://www.imdb.com/title/tt7179594/?ref_=sr_t_234,2020,1h 50m,Not Rated,5.6,874
235. 12 Hour Shift,https://www.imdb.com/title/tt10309552/?ref_=sr_t_235,2020,1h 26m,Not Rated,5.5,5.4K
236. Bang! Bang!,https://www.imdb.com/title/tt7768544/?ref_=sr_t_236,2020,1h 11m,Not Rated,4.1,88
237. Blood Widow,https://www.imdb.com/title/tt5587198/?ref_=sr_t_237,2020,1h 34m,R,3.7,148
238. Unoponchash Batash,https://www.imdb.com/title/tt7817520/?ref_=sr_t_238,2020,2h 27m,,6.8,170
239. Sex and the Future,https://www.imdb.com/title/tt7541838/?ref_=sr_t_239,2020,1h 30m,Not Rated,2.2,422
240. Memories of My Father,https://www.imdb.com/title/tt11385336/?ref_=sr_t_240,2020,2h 16m,,7.2,2.7K
241. Still Here,https://www.imdb.com/title/tt4789618/?ref_=sr_t_241,2020,1h 39m,,5.5,1K
242. Breaking Bread,https://www.imdb.com/title/tt8193366/?ref_=sr_t_242,2020,1h 25m,,7.6,96
243. Ottolenghi and the Cakes of Versailles,https://www.imdb.com/title/tt11656800/?ref_=sr_t_243,2020,1h 15m,Not Rated,6.0,180
244. Farewell Amor,https://www.imdb.com/title/tt11380884/?ref_=sr_t_244,2020,1h 35m,Unrated,6.9,1.6K
245. No Place,https://www.imdb.com/title/tt10373914/?ref_=sr_t_245,2020,1h 20m,Not Rated,4.5,53
246. Dear Santa,https://www.imdb.com/title/tt12590534/?ref_=sr_t_246,2020,1h 24m,Unrated,6.4,155
247. King's Gambit,https://www.imdb.com/title/tt3380766/?ref_=sr_t_247,2020,1h 45m,Not Rated,6.1,37
248. Bump Kowalski and the Ten Commandments,https://www.imdb.com/title/tt10777472/?ref_=sr_t_248,2020,1h 24m,,,
249. Love It Was Not,https://www.imdb.com/title/tt13032926/?ref_=sr_t_249,2020,1h 26m,,7.5,211
250. Simple Passion,https://www.imdb.com/title/tt10023172/?ref_=sr_t_250,2020,1h 39m,Unrated,5.4,1.3K
251. The Roads Not Taken,https://www.imdb.com/title/tt9411866/?ref_=sr_t_251,2020,1h 25m,R,5.2,3K
252. Paper Spiders,https://www.imdb.com/title/tt9690328/?ref_=sr_t_252,2020,1h 49m,TV-MA,6.6,1.9K
253. Slalom,https://www.imdb.com/title/tt9697780/?ref_=sr_t_253,2020,1h 32m,Unrated,6.6,2.3K
254. Crock of Gold: A Few Rounds with Shane MacGowan,https://www.imdb.com/title/tt11778272/?ref_=sr_t_254,2020,2h 4m,,7.7,2.1K
255. Moondance,https://www.imdb.com/title/tt9125394/?ref_=sr_t_255,2020,1h 37m,,5.9,48
256. 10 Days with Dad,https://www.imdb.com/title/tt10251538/?ref_=sr_t_256,2020,1h 44m,,5.4,1.3K
257. Mermaid in Paris,https://www.imdb.com/title/tt9209312/?ref_=sr_t_257,2020,1h 42m,Not Rated,5.7,1.1K
258. The Bay of Silence,https://www.imdb.com/title/tt5617312/?ref_=sr_t_258,2020,1h 33m,,4.5,2.7K
259. Night Shift,https://www.imdb.com/title/tt9850344/?ref_=sr_t_259,2020,1h 38m,,5.4,2.1K
260. The Fox Hunter,https://www.imdb.com/title/tt6780790/?ref_=sr_t_260,2020,1h 26m,Not Rated,4.2,146
261. Fear Pharm,https://www.imdb.com/title/tt9191844/?ref_=sr_t_261,2020,1h 19m,Not Rated,4.5,1.3K
262. Hai Tang Hong,https://www.imdb.com/title/tt11833592/?ref_=sr_t_262,2020,1h 30m,,,
263. Parallel Policy,https://www.imdb.com/title/tt8389750/?ref_=sr_t_263,2020,,,4.6,8
264. The Evil Next Door,https://www.imdb.com/title/tt11320192/?ref_=sr_t_264,2020,1h 27m,,5.2,2.7K
265. I Need You Dead!,https://www.imdb.com/title/tt10122486/?ref_=sr_t_265,2020,1h 47m,Not Rated,7.1,96
266. Sol,https://www.imdb.com/title/tt11281142/?ref_=sr_t_266,2020,1h 38m,,6.1,224
267. Granny Nanny,https://www.imdb.com/title/tt10252330/?ref_=sr_t_267,2020,1h 44m,,6.5,966
268. It's for Your Own Good,https://www.imdb.com/title/tt11570120/?ref_=sr_t_268,2020,1h 31m,,5.4,691
269. The East,https://www.imdb.com/title/tt8639136/?ref_=sr_t_269,2020,2h 17m,TV-MA,6.8,7.2K
270. The Christmas Chronicles: Part Two,https://www.imdb.com/title/tt11057644/?ref_=sr_t_270,2020,1h 52m,PG,6.0,38K
271. 365 Days,https://www.imdb.com/title/tt10886166/?ref_=sr_t_271,2020,1h 54m,TV-MA,3.3,102K
272. Happiest Season,https://www.imdb.com/title/tt8522006/?ref_=sr_t_272,2020,1h 42m,PG-13,6.6,50K
273. Holidate,https://www.imdb.com/title/tt9866072/?ref_=sr_t_273,2020,1h 44m,TV-MA,6.2,83K
274. Jingle Jangle: A Christmas Journey,https://www.imdb.com/title/tt7736496/?ref_=sr_t_274,2020,2h 2m,PG,6.4,21K
275. Hamilton,https://www.imdb.com/title/tt8503618/?ref_=sr_t_275,2020,2h 40m,PG-13,8.3,124K
276. You Should Have Left,https://www.imdb.com/title/tt8201852/?ref_=sr_t_276,2020,1h 33m,R,5.4,28K
277. The Old Guard,https://www.imdb.com/title/tt7556122/?ref_=sr_t_277,2020,2h 5m,R,6.7,189K
278. Greenland,https://www.imdb.com/title/tt7737786/?ref_=sr_t_278,2020,1h 59m,PG-13,6.4,142K
279. Hillbilly Elegy,https://www.imdb.com/title/tt6772802/?ref_=sr_t_279,2020,1h 56m,R,6.7,56K
280. Inheritance,https://www.imdb.com/title/tt7923220/?ref_=sr_t_280,2020,1h 51m,TV-MA,5.6,21K
281. The Devil All the Time,https://www.imdb.com/title/tt7395114/?ref_=sr_t_281,2020,2h 18m,R,7.1,158K
282. Another Round,https://www.imdb.com/title/tt10288566/?ref_=sr_t_282,2020,1h 57m,Not Rated,7.7,206K
283. Greyhound,https://www.imdb.com/title/tt6048922/?ref_=sr_t_283,2020,1h 31m,PG-13,7.0,121K
284. The Midnight Sky,https://www.imdb.com/title/tt10539608/?ref_=sr_t_284,2020,1h 58m,PG-13,5.7,91K
285. Extraction,https://www.imdb.com/title/tt8936646/?ref_=sr_t_285,2020,1h 56m,R,6.8,273K
286. Run Hide Fight,https://www.imdb.com/title/tt11456054/?ref_=sr_t_286,2020,1h 49m,TV-MA,6.3,29K
287. Enola Holmes,https://www.imdb.com/title/tt7846844/?ref_=sr_t_287,2020,2h 3m,PG-13,6.6,229K
288. I Care a Lot,https://www.imdb.com/title/tt9893250/?ref_=sr_t_288,2020,1h 58m,R,6.4,151K
289. My Dad's Christmas Date,https://www.imdb.com/title/tt11457736/?ref_=sr_t_289,2020,1h 31m,,5.5,2.4K
290. Dinner in America,https://www.imdb.com/title/tt9058654/?ref_=sr_t_290,2020,1h 46m,,7.5,11K
291. Run,https://www.imdb.com/title/tt8633478/?ref_=sr_t_291,2020,1h 30m,PG-13,6.7,102K
292. Clouds,https://www.imdb.com/title/tt6473066/?ref_=sr_t_292,2020,2h 1m,PG-13,7.5,12K
293. I'm Thinking of Ending Things,https://www.imdb.com/title/tt7939766/?ref_=sr_t_293,2020,2h 14m,R,6.5,103K
294. Eurovision Song Contest: The Story of Fire Saga,https://www.imdb.com/title/tt8580274/?ref_=sr_t_294,2020,2h 3m,PG-13,6.5,105K
295. Mulan,https://www.imdb.com/title/tt4566758/?ref_=sr_t_295,2020,1h 55m,PG-13,5.8,162K
296. Operation Christmas Drop,https://www.imdb.com/title/tt13236566/?ref_=sr_t_296,2020,1h 35m,TV-PG,5.9,14K
297. Lost at Christmas,https://www.imdb.com/title/tt9144004/?ref_=sr_t_297,2020,1h 40m,,5.2,829
298. The Trial of the Chicago 7,https://www.imdb.com/title/tt1070874/?ref_=sr_t_298,2020,2h 9m,R,7.7,198K
299. The Princess Switch: Switched Again,https://www.imdb.com/title/tt11199410/?ref_=sr_t_299,2020,1h 36m,TV-G,5.4,14K
300. La Palma,https://www.imdb.com/title/tt8649438/?ref_=sr_t_300,2020,1h 28m,,5.9,216
301. A California Christmas,https://www.imdb.com/title/tt13055780/?ref_=sr_t_301,2020,1h 46m,PG-13,5.8,12K
302. Boss Level,https://www.imdb.com/title/tt7638348/?ref_=sr_t_302,2020,1h 40m,TV-MA,6.8,83K
303. Borat Subsequent Moviefilm,https://www.imdb.com/title/tt13143964/?ref_=sr_t_303,2020,1h 35m,R,6.6,158K
304. Godmothered,https://www.imdb.com/title/tt11681250/?ref_=sr_t_304,2020,1h 50m,PG,6.1,14K
305. The Call,https://www.imdb.com/title/tt10530176/?ref_=sr_t_305,2020,1h 52m,TV-MA,7.1,47K
306. We Can Be Heroes,https://www.imdb.com/title/tt10600398/?ref_=sr_t_306,2020,1h 40m,PG,4.7,18K
307. The Very Excellent Mr. Dundee,https://www.imdb.com/title/tt8560172/?ref_=sr_t_307,2020,1h 28m,PG-13,5.0,2.6K
308. The Claus Family,https://www.imdb.com/title/tt12459520/?ref_=sr_t_308,2020,1h 36m,TV-PG,5.6,3.3K
309. Rebecca,https://www.imdb.com/title/tt2235695/?ref_=sr_t_309,2020,2h 3m,PG-13,6.0,48K
310. The Banker,https://www.imdb.com/title/tt6285944/?ref_=sr_t_310,2020,2h,PG-13,7.3,38K
311. Spenser Confidential,https://www.imdb.com/title/tt8629748/?ref_=sr_t_311,2020,1h 51m,R,6.2,101K
312. Lost Girls and Love Hotels,https://www.imdb.com/title/tt0920462/?ref_=sr_t_312,2020,1h 37m,R,4.7,5.7K
313. The Wrong Missy,https://www.imdb.com/title/tt9619798/?ref_=sr_t_313,2020,1h 30m,TV-MA,5.8,47K
314. Feel the Beat,https://www.imdb.com/title/tt10714856/?ref_=sr_t_314,2020,1h 49m,TV-G,6.3,14K
315. Pieces of a Woman,https://www.imdb.com/title/tt11161474/?ref_=sr_t_315,2020,2h 6m,R,7.0,58K
316. The Craft: Legacy,https://www.imdb.com/title/tt4685762/?ref_=sr_t_316,2020,1h 37m,PG-13,4.6,17K
317. The Secret Garden,https://www.imdb.com/title/tt2702920/?ref_=sr_t_317,2020,1h 39m,PG,5.6,10K
318. The Forgotten Battle,https://www.imdb.com/title/tt10521092/?ref_=sr_t_318,2020,2h 4m,TV-MA,7.1,38K
319. Caveat,https://www.imdb.com/title/tt7917178/?ref_=sr_t_319,2020,1h 28m,Not Rated,5.9,9.3K
320. Mank,https://www.imdb.com/title/tt10618286/?ref_=sr_t_320,2020,2h 11m,R,6.8,84K
321. The Babysitter: Killer Queen,https://www.imdb.com/title/tt11024272/?ref_=sr_t_321,2020,1h 41m,TV-MA,5.8,54K
322. All the Bright Places,https://www.imdb.com/title/tt3907584/?ref_=sr_t_322,2020,1h 47m,TV-MA,6.6,40K
323. The Night Clerk,https://www.imdb.com/title/tt7979142/?ref_=sr_t_323,2020,1h 30m,R,5.6,20K
324. Lucy Shimmers and the Prince of Peace,https://www.imdb.com/title/tt11916254/?ref_=sr_t_324,2020,1h 27m,TV-G,7.1,1.4K
325. The King of Staten Island,https://www.imdb.com/title/tt9686708/?ref_=sr_t_325,2020,2h 16m,R,7.1,79K
326. Host,https://www.imdb.com/title/tt12749596/?ref_=sr_t_326,2020,57m,Not Rated,6.5,43K
327. Wolfwalkers,https://www.imdb.com/title/tt5198068/?ref_=sr_t_327,2020,1h 43m,PG,8.0,41K
328. My Spy,https://www.imdb.com/title/tt8242084/?ref_=sr_t_328,2020,1h 39m,PG-13,6.4,39K
329. Army of One,https://www.imdb.com/title/tt7153488/?ref_=sr_t_329,2020,1h 27m,Unrated,4.5,6.8K
330. Work It,https://www.imdb.com/title/tt10276470/?ref_=sr_t_330,2020,1h 33m,TV-14,6.1,16K
331. Songbird,https://www.imdb.com/title/tt12592252/?ref_=sr_t_331,2020,1h 24m,PG-13,4.8,12K
332. A Christmas Carol,https://www.imdb.com/title/tt9136058/?ref_=sr_t_332,2020,1h 34m,,5.3,464
333. Capone,https://www.imdb.com/title/tt6199572/?ref_=sr_t_333,2020,1h 43m,R,4.7,24K
334. The Postcard Killings,https://www.imdb.com/title/tt4106514/?ref_=sr_t_334,2020,1h 44m,Not Rated,5.8,17K
335. The Comeback Trail,https://www.imdb.com/title/tt5420210/?ref_=sr_t_335,2020,1h 44m,R,5.7,12K
336. Run Sweetheart Run,https://www.imdb.com/title/tt8656686/?ref_=sr_t_336,2020,1h 44m,R,5.5,8.1K
337. Black Beauty,https://www.imdb.com/title/tt8484160/?ref_=sr_t_337,2020,1h 50m,TV-PG,6.4,4.5K
338. Proximity,https://www.imdb.com/title/tt8718300/?ref_=sr_t_338,2020,1h 59m,Not Rated,4.8,7.3K
339. Hubie Halloween,https://www.imdb.com/title/tt10682266/?ref_=sr_t_339,2020,1h 43m,PG-13,5.3,62K
340. His House,https://www.imdb.com/title/tt8508734/?ref_=sr_t_340,2020,1h 33m,TV-14,6.4,51K
341. Project Power,https://www.imdb.com/title/tt7550000/?ref_=sr_t_341,2020,1h 53m,R,6.0,100K
342. No Escapes,https://www.imdb.com/title/tt12200256/?ref_=sr_t_342,2020,2h 11m,,6.5,1.8K
343. Just Another Christmas,https://www.imdb.com/title/tt13354204/?ref_=sr_t_343,2020,1h 40m,,6.7,5.9K
344. Superdeep,https://www.imdb.com/title/tt11815960/?ref_=sr_t_344,2020,1h 55m,,4.9,6.1K
345. Gabriel's Inferno: Part One,https://www.imdb.com/title/tt11316854/?ref_=sr_t_345,2020,2h 4m,Not Rated,5.9,4K
346. Nocturne,https://www.imdb.com/title/tt11044858/?ref_=sr_t_346,2020,1h 30m,Not Rated,5.7,14K
347. The Prom,https://www.imdb.com/title/tt10161886/?ref_=sr_t_347,2020,2h 10m,PG-13,5.9,30K
348. Escape from Pretoria,https://www.imdb.com/title/tt5797184/?ref_=sr_t_348,2020,1h 46m,PG-13,6.8,46K
349. Books of Blood,https://www.imdb.com/title/tt11242218/?ref_=sr_t_349,2020,1h 47m,TV-MA,5.6,11K
350. Silver Skates,https://www.imdb.com/title/tt10525672/?ref_=sr_t_350,2020,2h 10m,TV-MA,7.1,8.1K
351. Cuties,https://www.imdb.com/title/tt9196192/?ref_=sr_t_351,2020,1h 36m,TV-MA,3.6,33K
352. Christmas on the Square,https://www.imdb.com/title/tt10627548/?ref_=sr_t_352,2020,1h 38m,TV-PG,5.2,3.2K
353. A Nice Girl Like You,https://www.imdb.com/title/tt3278540/?ref_=sr_t_353,2020,1h 34m,R,5.2,8K
354. Lost Girls,https://www.imdb.com/title/tt3111426/?ref_=sr_t_354,2020,1h 35m,R,6.2,26K
355. An American Pickle,https://www.imdb.com/title/tt9059704/?ref_=sr_t_355,2020,1h 28m,PG-13,5.7,28K
356. Herself,https://www.imdb.com/title/tt9902160/?ref_=sr_t_356,2020,1h 37m,R,7.0,4.9K
357. Horse Girl,https://www.imdb.com/title/tt11388406/?ref_=sr_t_357,2020,1h 43m,R,6.0,21K
358. The Kissing Booth 2,https://www.imdb.com/title/tt9784456/?ref_=sr_t_358,2020,2h 14m,TV-14,5.7,40K
359. Last Moment of Clarity,https://www.imdb.com/title/tt1929297/?ref_=sr_t_359,2020,1h 30m,R,5.2,3.4K
360. The Phenomenon,https://www.imdb.com/title/tt13095604/?ref_=sr_t_360,2020,1h 40m,Not Rated,7.4,4.5K
361. Occupation: Rainfall,https://www.imdb.com/title/tt8615822/?ref_=sr_t_361,2020,2h 8m,R,4.7,16K
362. Arkansas,https://www.imdb.com/title/tt9139586/?ref_=sr_t_362,2020,1h 57m,R,6.0,16K
363. On the Rocks,https://www.imdb.com/title/tt9606374/?ref_=sr_t_363,2020,1h 36m,R,6.4,38K
364. Another Happy Christmas,https://www.imdb.com/title/tt9024926/?ref_=sr_t_364,2020,1h 30m,,5.7,693
365. Palm Swings,https://www.imdb.com/title/tt3465026/?ref_=sr_t_365,2020,1h 35m,Unrated,4.4,1.4K
366. Black Bear,https://www.imdb.com/title/tt9601220/?ref_=sr_t_366,2020,1h 44m,R,6.5,17K
367. Skin: A History of Nudity in the Movies,https://www.imdb.com/title/tt11245776/?ref_=sr_t_367,2020,2h 10m,,6.7,1.5K
368. The Half of It,https://www.imdb.com/title/tt9683478/?ref_=sr_t_368,2020,1h 44m,PG-13,6.9,45K
369. My Octopus Teacher,https://www.imdb.com/title/tt12888462/?ref_=sr_t_369,2020,1h 25m,TV-G,8.1,66K
370. Life in a Year,https://www.imdb.com/title/tt6598238/?ref_=sr_t_370,2020,1h 47m,PG-13,6.2,11K
371. Girl Lost: A Hollywood Story,https://www.imdb.com/title/tt10274284/?ref_=sr_t_371,2020,1h 30m,Not Rated,5.3,9.8K
372. Sergio,https://www.imdb.com/title/tt8750570/?ref_=sr_t_372,2020,1h 58m,R,6.2,11K
373. To All the Boys: P.S. I Still Love You,https://www.imdb.com/title/tt9354842/?ref_=sr_t_373,2020,1h 41m,TV-14,6.1,49K
374. #Alive,https://www.imdb.com/title/tt10620868/?ref_=sr_t_374,2020,1h 38m,TV-MA,6.3,50K
375. My First Summer,https://www.imdb.com/title/tt10229982/?ref_=sr_t_375,2020,1h 20m,Not Rated,6.7,3K
376. Chemical Hearts,https://www.imdb.com/title/tt5843876/?ref_=sr_t_376,2020,1h 33m,R,6.3,17K
377. The Social Dilemma,https://www.imdb.com/title/tt11464826/?ref_=sr_t_377,2020,1h 34m,PG-13,7.6,91K
378. Butchers,https://www.imdb.com/title/tt8764358/?ref_=sr_t_378,2020,1h 32m,,4.6,3.2K
379. A Christmas Gift from Bob,https://www.imdb.com/title/tt9564270/?ref_=sr_t_379,2020,1h 32m,,6.4,2.8K
380. Ma Rainey's Black Bottom,https://www.imdb.com/title/tt10514222/?ref_=sr_t_380,2020,1h 34m,R,6.9,59K
381. 2067,https://www.imdb.com/title/tt1918734/?ref_=sr_t_381,2020,1h 54m,Not Rated,4.9,12K
382. The Secret: Dare to Dream,https://www.imdb.com/title/tt4411584/?ref_=sr_t_382,2020,1h 47m,PG,6.5,19K
383. The Swamp,https://www.imdb.com/title/tt12762002/?ref_=sr_t_383,2020,1h 54m,TV-14,6.6,778
384. A Fall from Grace,https://www.imdb.com/title/tt11390036/?ref_=sr_t_384,2020,2h,TV-MA,5.9,18K
385. Misbehaviour,https://www.imdb.com/title/tt9148706/?ref_=sr_t_385,2020,1h 46m,Not Rated,6.4,11K
386. Ala Vaikunthapurramuloo,https://www.imdb.com/title/tt9537292/?ref_=sr_t_386,2020,2h 43m,TV-PG,7.3,25K
387. Hosts,https://www.imdb.com/title/tt9543062/?ref_=sr_t_387,2020,1h 29m,,4.3,2.7K
388. Jiu Jitsu,https://www.imdb.com/title/tt9624766/?ref_=sr_t_388,2020,1h 42m,R,2.9,11K
389. Mortal,https://www.imdb.com/title/tt5715066/?ref_=sr_t_389,2020,1h 44m,R,5.9,11K
390. Monsters of Man,https://www.imdb.com/title/tt6456326/?ref_=sr_t_390,2020,2h 11m,Not Rated,5.4,8.6K
391. Breach,https://www.imdb.com/title/tt9820556/?ref_=sr_t_391,2020,1h 32m,R,2.9,20K
392. Da 5 Bloods,https://www.imdb.com/title/tt9777644/?ref_=sr_t_392,2020,2h 34m,R,6.5,56K
393. Antebellum,https://www.imdb.com/title/tt10065694/?ref_=sr_t_393,2020,1h 45m,R,5.8,31K
394. Artemis Fowl,https://www.imdb.com/title/tt3089630/?ref_=sr_t_394,2020,1h 35m,PG,4.3,31K
395. The Sleepover,https://www.imdb.com/title/tt10888708/?ref_=sr_t_395,2020,1h 40m,TV-PG,5.7,12K
396. Invasion,https://www.imdb.com/title/tt8060328/?ref_=sr_t_396,2020,2h 14m,Not Rated,5.6,6.3K
397. Valley Girl,https://www.imdb.com/title/tt1266036/?ref_=sr_t_397,2020,1h 42m,PG-13,5.5,4.3K
398. Raat Akeli Hai,https://www.imdb.com/title/tt12567088/?ref_=sr_t_398,2020,2h 29m,TV-MA,7.2,20K
399. Skylines,https://www.imdb.com/title/tt9387250/?ref_=sr_t_399,2020,1h 53m,R,4.8,9.6K
400. Penguin Bloom,https://www.imdb.com/title/tt6317656/?ref_=sr_t_400,2020,1h 35m,TV-14,6.8,13K
401. Ludo,https://www.imdb.com/title/tt7212754/?ref_=sr_t_401,2020,2h 30m,,7.6,44K
402. Uncle Frank,https://www.imdb.com/title/tt11327514/?ref_=sr_t_402,2020,1h 35m,R,7.3,24K
403. The Paramedic,https://www.imdb.com/title/tt11127690/?ref_=sr_t_403,2020,1h 34m,TV-MA,5.7,15K
404. Into the Darkness,https://www.imdb.com/title/tt8948132/?ref_=sr_t_404,2020,2h 32m,,6.4,1.9K
405. The Last Champion,https://www.imdb.com/title/tt5689056/?ref_=sr_t_405,2020,2h 2m,PG-13,7.0,872
406. Ghosts of War,https://www.imdb.com/title/tt6508228/?ref_=sr_t_406,2020,1h 34m,R,5.6,13K
407. Christmas Staycation,https://www.imdb.com/title/tt13293184/?ref_=sr_t_407,2020,1h 17m,,4.0,1K
408. Minamata,https://www.imdb.com/title/tt9179096/?ref_=sr_t_408,2020,1h 55m,R,7.2,24K
409. The Swing of Things,https://www.imdb.com/title/tt6833470/?ref_=sr_t_409,2020,1h 33m,R,3.0,2K
410. Violet Evergarden: The Movie,https://www.imdb.com/title/tt8652818/?ref_=sr_t_410,2020,2h 20m,,8.3,11K
411. The Heist of the Century,https://www.imdb.com/title/tt10948718/?ref_=sr_t_411,2020,1h 54m,18+,7.1,11K
412. Superintelligence,https://www.imdb.com/title/tt7178640/?ref_=sr_t_412,2020,1h 46m,PG,5.4,14K
413. Don't Listen,https://www.imdb.com/title/tt11750282/?ref_=sr_t_413,2020,1h 37m,TV-MA,6.1,18K
414. Post Mortem,https://www.imdb.com/title/tt9834506/?ref_=sr_t_414,2020,1h 55m,Not Rated,5.5,3.7K
415. Irresistible,https://www.imdb.com/title/tt9076562/?ref_=sr_t_415,2020,1h 41m,R,6.3,24K
416. Trance,https://www.imdb.com/title/tt6720802/?ref_=sr_t_416,2020,2h 50m,Not Rated,7.3,9.1K
417. Let Them All Talk,https://www.imdb.com/title/tt10808832/?ref_=sr_t_417,2020,1h 53m,R,6.1,13K
418. Worth,https://www.imdb.com/title/tt8009744/?ref_=sr_t_418,2020,1h 58m,PG-13,6.8,19K
419. Miracle on Christmas,https://www.imdb.com/title/tt11869546/?ref_=sr_t_419,2020,1h 27m,,5.9,287
420. Charm City Kings,https://www.imdb.com/title/tt9048840/?ref_=sr_t_420,2020,2h 5m,R,6.6,3.1K
421. Kalashnikov,https://www.imdb.com/title/tt11547520/?ref_=sr_t_421,2020,1h 50m,,6.6,5.2K
422. A Sunburnt Christmas,https://www.imdb.com/title/tt13409094/?ref_=sr_t_422,2020,1h 31m,,6.8,902
423. My Sex Doll Bodyguard,https://www.imdb.com/title/tt24819406/?ref_=sr_t_423,2020,1h 42m,,4.5,225
424. Over the Moon,https://www.imdb.com/title/tt7488208/?ref_=sr_t_424,2020,1h 35m,PG,6.3,26K
425. Rogue,https://www.imdb.com/title/tt11576124/?ref_=sr_t_425,2020,1h 45m,R,4.2,10K
426. Grizzly II: Revenge,https://www.imdb.com/title/tt0093119/?ref_=sr_t_426,2020,1h 14m,Not Rated,2.7,1.8K
427. Persian Lessons,https://www.imdb.com/title/tt9738784/?ref_=sr_t_427,2020,2h 7m,,7.4,13K
428. A Wrestling Christmas Miracle,https://www.imdb.com/title/tt11702278/?ref_=sr_t_428,2020,1h 30m,,2.0,212
429. The Farmer and the Belle: Saving Santaland,https://www.imdb.com/title/tt7756084/?ref_=sr_t_429,2020,1h 31m,,5.6,715
430. Nobody Sleeps in the Woods Tonight,https://www.imdb.com/title/tt11240506/?ref_=sr_t_430,2020,1h 42m,TV-MA,4.9,15K
431. Nosferatu Re-Animated,https://www.imdb.com/title/tt8640242/?ref_=sr_t_431,2020,1h 19m,,7.2,53
432. Safety,https://www.imdb.com/title/tt10649016/?ref_=sr_t_432,2020,2h 2m,PG,6.8,5K
433. The Willoughbys,https://www.imdb.com/title/tt5206260/?ref_=sr_t_433,2020,1h 30m,PG,6.4,22K
434. Let It Snow,https://www.imdb.com/title/tt11272898/?ref_=sr_t_434,2020,1h 27m,R,4.4,1.8K
435. The Boys in the Band,https://www.imdb.com/title/tt10199914/?ref_=sr_t_435,2020,2h 1m,R,6.8,19K
436. Alone,https://www.imdb.com/title/tt10192566/?ref_=sr_t_436,2020,1h 32m,R,5.1,4.8K
437. Angela's Christmas Wish,https://www.imdb.com/title/tt13260836/?ref_=sr_t_437,2020,47m,TV-Y7-FV,7.1,1.9K
438. Alien on Stage,https://www.imdb.com/title/tt13126252/?ref_=sr_t_438,2020,1h 26m,,7.3,245
439. The Occupant,https://www.imdb.com/title/tt9345754/?ref_=sr_t_439,2020,1h 43m,TV-MA,6.4,21K
440. The Mole Agent,https://www.imdb.com/title/tt11394298/?ref_=sr_t_440,2020,1h 24m,Not Rated,7.5,9.9K
441. One Night in Miami...,https://www.imdb.com/title/tt10612922/?ref_=sr_t_441,2020,1h 54m,R,7.1,35K
442. Spontaneous,https://www.imdb.com/title/tt5774062/?ref_=sr_t_442,2020,1h 41m,R,6.5,18K
"443. Quo Vadis, Aida?",https://www.imdb.com/title/tt8633462/?ref_=sr_t_443,2020,1h 41m,TV-MA,8.0,40K
444. Falling,https://www.imdb.com/title/tt9143112/?ref_=sr_t_444,2020,1h 52m,R,6.5,7.4K
445. Dil Bechara,https://www.imdb.com/title/tt8110330/?ref_=sr_t_445,2020,1h 41m,,8.3,136K
446. Dry Wind,https://www.imdb.com/title/tt11719648/?ref_=sr_t_446,2020,1h 50m,Unrated,6.4,1.4K
447. Dangerous Lies,https://www.imdb.com/title/tt10183816/?ref_=sr_t_447,2020,1h 36m,TV-14,5.4,19K
448. A Whisker Away,https://www.imdb.com/title/tt11958344/?ref_=sr_t_448,2020,1h 44m,TV-PG,6.7,15K
449. Betrayed,https://www.imdb.com/title/tt11390442/?ref_=sr_t_449,2020,2h 6m,,7.1,2.6K
450. Original Gangster,https://www.imdb.com/title/tt9824114/?ref_=sr_t_450,2020,1h 50m,TV-MA,5.0,8.1K
451. I'm Your Woman,https://www.imdb.com/title/tt10243992/?ref_=sr_t_451,2020,2h,R,6.2,10K
452. The Return,https://www.imdb.com/title/tt8429394/?ref_=sr_t_452,2020,1h 30m,,4.6,868
453. The One and Only Ivan,https://www.imdb.com/title/tt3661394/?ref_=sr_t_453,2020,1h 35m,PG,6.6,14K
454. Made in Abyss: Dawn of the Deep Soul,https://www.imdb.com/title/tt10068916/?ref_=sr_t_454,2020,1h 53m,TV-MA,8.0,6.1K
455. The Owners,https://www.imdb.com/title/tt9806370/?ref_=sr_t_455,2020,1h 32m,Not Rated,5.0,10K
456. All Ladies Do It,https://www.imdb.com/title/tt13438922/?ref_=sr_t_456,2020,1h 37m,,5.9,495
457. PVT Chat,https://www.imdb.com/title/tt8110004/?ref_=sr_t_457,2020,1h 26m,Unrated,5.8,2K
458. Avalon,https://www.imdb.com/title/tt13261268/?ref_=sr_t_458,2020,1h 3m,,7.3,72
"459. Son's Girlfriend, Daddy's Girlfriend",https://www.imdb.com/title/tt13593962/?ref_=sr_t_459,2020,1h 15m,,6.3,218
460. Horizon Line,https://www.imdb.com/title/tt5498354/?ref_=sr_t_460,2020,1h 32m,PG-13,4.8,12K
461. Princess cursed in Time,https://www.imdb.com/title/tt10687740/?ref_=sr_t_461,2020,1h 55m,,6.4,483
462. Taming the Younger Sister-in-Law,https://www.imdb.com/title/tt18689488/?ref_=sr_t_462,2020,1h 41m,,6.9,134
463. The Warrant,https://www.imdb.com/title/tt10880084/?ref_=sr_t_463,2020,1h 24m,Not Rated,4.8,910
464. Bahut Hua Sammaan,https://www.imdb.com/title/tt10916102/?ref_=sr_t_464,2020,2h 5m,,7.2,4.1K
465. Unpregnant,https://www.imdb.com/title/tt10556022/?ref_=sr_t_465,2020,1h 43m,PG-13,6.5,10K
466. The Doorman,https://www.imdb.com/title/tt6222118/?ref_=sr_t_466,2020,1h 37m,R,4.7,8.6K
467. The Unhealer,https://www.imdb.com/title/tt1318523/?ref_=sr_t_467,2020,1h 34m,Not Rated,5.5,3.6K
468. American Murder: The Family Next Door,https://www.imdb.com/title/tt12987894/?ref_=sr_t_468,2020,1h 23m,TV-MA,7.2,34K
"469. Goodnight, Sugar Babe: The Killing of Vera Jo Reigle",https://www.imdb.com/title/tt2925730/?ref_=sr_t_469,2020,1h 27m,,6.1,966
470. Femalien: Cosmic Crush,https://www.imdb.com/title/tt11044354/?ref_=sr_t_470,2020,1h 39m,,3.6,328
471. The Swordsman,https://www.imdb.com/title/tt7035004/?ref_=sr_t_471,2020,1h 40m,TV-14,6.8,5.8K
472. Night in Paradise,https://www.imdb.com/title/tt12792418/?ref_=sr_t_472,2020,2h 11m,TV-MA,6.8,9.4K
473. Anything for Jackson,https://www.imdb.com/title/tt12137964/?ref_=sr_t_473,2020,1h 37m,Not Rated,6.3,11K
474. Christmas with a Crown,https://www.imdb.com/title/tt12986254/?ref_=sr_t_474,2020,1h 29m,,5.4,1.3K
"475. Talk to Me, Sweet Darling",https://www.imdb.com/title/tt13863990/?ref_=sr_t_475,2020,1h 26m,Unrated,6.0,35
476. Friendsgiving,https://www.imdb.com/title/tt8431078/?ref_=sr_t_476,2020,1h 35m,R,4.4,3.9K
477. Black Box,https://www.imdb.com/title/tt12298506/?ref_=sr_t_477,2020,1h 40m,Not Rated,6.2,18K
478. Erotic,https://www.imdb.com/title/tt11416882/?ref_=sr_t_478,2020,1h 15m,,8.1,56
479. Bruised,https://www.imdb.com/title/tt8310474/?ref_=sr_t_479,2020,2h 9m,R,6.2,16K
480. Stargirl,https://www.imdb.com/title/tt4858674/?ref_=sr_t_480,2020,1h 47m,PG,6.2,6.3K
481. Blue Ridge,https://www.imdb.com/title/tt11695190/?ref_=sr_t_481,2020,1h 27m,TV-PG,5.6,919
482. The Last Thing He Wanted,https://www.imdb.com/title/tt7456312/?ref_=sr_t_482,2020,1h 55m,R,4.4,17K
483. Secret Society of Second Born Royals,https://www.imdb.com/title/tt10324122/?ref_=sr_t_483,2020,1h 39m,TV-PG,5.0,6.6K
484. Force of Nature,https://www.imdb.com/title/tt10308928/?ref_=sr_t_484,2020,1h 31m,R,4.6,14K
485. Fatima,https://www.imdb.com/title/tt2197936/?ref_=sr_t_485,2020,1h 53m,PG-13,6.6,4.3K
486. Pixie,https://www.imdb.com/title/tt10831086/?ref_=sr_t_486,2020,1h 33m,R,5.9,5.7K
487. Human Hibachi,https://www.imdb.com/title/tt8941294/?ref_=sr_t_487,2020,1h 30m,,2.8,482
488. Deliver Us from Evil,https://www.imdb.com/title/tt12763920/?ref_=sr_t_488,2020,1h 54m,,6.8,6.7K
489. The Quarry,https://www.imdb.com/title/tt10151054/?ref_=sr_t_489,2020,1h 38m,R,5.5,3.8K
490. Rifkin's Festival,https://www.imdb.com/title/tt8593904/?ref_=sr_t_490,2020,1h 28m,PG-13,6.1,10K
491. A Christmas Hero,https://www.imdb.com/title/tt10399114/?ref_=sr_t_491,2020,1h 25m,Not Rated,4.0,363
492. Legacy of Lies,https://www.imdb.com/title/tt6834916/?ref_=sr_t_492,2020,1h 41m,R,5.1,4.5K
493. The Stronghold,https://www.imdb.com/title/tt10404944/?ref_=sr_t_493,2020,1h 45m,TV-MA,6.9,14K
494. His Wife's Secret Life,https://www.imdb.com/title/tt12737366/?ref_=sr_t_494,2020,45m,,7.2,86
495. The High Note,https://www.imdb.com/title/tt9308382/?ref_=sr_t_495,2020,1h 53m,PG-13,6.4,14K
496. Time to Hunt,https://www.imdb.com/title/tt11777040/?ref_=sr_t_496,2020,2h 14m,TV-MA,6.3,7.2K
497. Rose Island,https://www.imdb.com/title/tt10287954/?ref_=sr_t_497,2020,1h 57m,TV-14,7.0,26K
498. Wander,https://www.imdb.com/title/tt9689696/?ref_=sr_t_498,2020,1h 34m,R,4.9,9.9K
499. Rogue City,https://www.imdb.com/title/tt10127684/?ref_=sr_t_499,2020,1h 56m,TV-MA,6.1,10K
500. The Christmas Project Reunion,https://www.imdb.com/title/tt10328320/?ref_=sr_t_500,2020,1h 27m,,4.7,203
501. Rekindling Christmas,https://www.imdb.com/title/tt8377698/?ref_=sr_t_501,2020,1h 43m,,6.4,36
502. The Old Ways,https://www.imdb.com/title/tt12829958/?ref_=sr_t_502,2020,1h 30m,R,5.4,8.2K
503. The Vanished,https://www.imdb.com/title/tt9794630/?ref_=sr_t_503,2020,1h 55m,R,5.7,12K
504. M.O.M. Mothers of Monsters,https://www.imdb.com/title/tt8186932/?ref_=sr_t_504,2020,1h 38m,,5.8,2.5K
505. Dating Amber,https://www.imdb.com/title/tt7886936/?ref_=sr_t_505,2020,1h 32m,Not Rated,7.0,8.1K
506. Love Wedding Repeat,https://www.imdb.com/title/tt5096470/?ref_=sr_t_506,2020,1h 40m,TV-MA,5.6,23K
507. Girl,https://www.imdb.com/title/tt9392374/?ref_=sr_t_507,2020,1h 32m,,4.9,4.1K
508. What Breaks the Ice,https://www.imdb.com/title/tt7830014/?ref_=sr_t_508,2020,1h 39m,TV-MA,5.4,1.3K
509. Go Karts,https://www.imdb.com/title/tt8116640/?ref_=sr_t_509,2020,1h 42m,,5.9,3.8K
510. Soorarai Pottru,https://www.imdb.com/title/tt10189514/?ref_=sr_t_510,2020,2h 33m,,8.7,127K
511. Bulbbul,https://www.imdb.com/title/tt12393526/?ref_=sr_t_511,2020,1h 34m,,6.6,15K
512. Guest House,https://www.imdb.com/title/tt10054316/?ref_=sr_t_512,2020,1h 24m,R,4.4,2.7K
513. Holly Slept Over,https://www.imdb.com/title/tt7453044/?ref_=sr_t_513,2020,1h 27m,Not Rated,5.6,2.4K
514. Breeder,https://www.imdb.com/title/tt11003228/?ref_=sr_t_514,2020,1h 47m,,5.0,1.8K
515. Sightless,https://www.imdb.com/title/tt10303430/?ref_=sr_t_515,2020,1h 29m,Unrated,5.5,11K
516. The Binge,https://www.imdb.com/title/tt10994688/?ref_=sr_t_516,2020,1h 38m,TV-MA,5.3,4.7K
517. Flashback,https://www.imdb.com/title/tt8372094/?ref_=sr_t_517,2020,1h 37m,R,5.4,7.4K
"518. Love, Guaranteed",https://www.imdb.com/title/tt11100856/?ref_=sr_t_518,2020,1h 30m,TV-PG,5.6,20K
519. No Hard Feelings,https://www.imdb.com/title/tt8892064/?ref_=sr_t_519,2020,1h 32m,Not Rated,6.7,1.7K
"520. Love, Weddings & Other Disasters",https://www.imdb.com/title/tt10235718/?ref_=sr_t_520,2020,1h 36m,PG-13,4.8,3.1K
521. Death of Me,https://www.imdb.com/title/tt1830643/?ref_=sr_t_521,2020,1h 34m,R,4.4,7.6K
522. Sugar Daddy,https://www.imdb.com/title/tt7260052/?ref_=sr_t_522,2020,1h 39m,,5.8,656
523. Isi & Ossi,https://www.imdb.com/title/tt9806322/?ref_=sr_t_523,2020,1h 53m,TV-MA,6.4,10K
524. The Red Ghost,https://www.imdb.com/title/tt10508258/?ref_=sr_t_524,2020,1h 39m,,6.1,2.4K
525. Close Quarters,https://www.imdb.com/title/tt8235050/?ref_=sr_t_525,2020,1h 34m,,5.7,323
526. Shirley,https://www.imdb.com/title/tt8430598/?ref_=sr_t_526,2020,1h 47m,R,6.1,14K
527. Finding Jesus,https://www.imdb.com/title/tt12981810/?ref_=sr_t_527,2020,1h 9m,Not Rated,1.2,1.4K
528. Dragon Rider,https://www.imdb.com/title/tt7080422/?ref_=sr_t_528,2020,1h 31m,TV-Y7,5.7,2.2K
529. Megan,https://www.imdb.com/title/tt7628504/?ref_=sr_t_529,2020,1h 29m,TV-MA,3.9,480
530. Gabriel's Inferno: Part Two,https://www.imdb.com/title/tt13535454/?ref_=sr_t_530,2020,1h 46m,TV-14,6.4,1.6K
531. Welcome Home,https://www.imdb.com/title/tt13381376/?ref_=sr_t_531,2020,2h 6m,,7.4,5K
532. Malasaña 32,https://www.imdb.com/title/tt10952782/?ref_=sr_t_532,2020,1h 44m,,5.6,6.1K
533. Breaking Surface,https://www.imdb.com/title/tt10081762/?ref_=sr_t_533,2020,1h 22m,,6.1,6.3K
534. The Life Ahead,https://www.imdb.com/title/tt10627584/?ref_=sr_t_534,2020,1h 34m,PG-13,6.8,16K
535. Anastasia,https://www.imdb.com/title/tt7014356/?ref_=sr_t_535,2020,1h 29m,PG,2.9,942
536. Climax,https://www.imdb.com/title/tt12357758/?ref_=sr_t_536,2020,52m,,2.1,402
537. The Last Days of American Crime,https://www.imdb.com/title/tt1552211/?ref_=sr_t_537,2020,2h 28m,TV-MA,3.8,13K
538. Out of Shadows,https://www.imdb.com/title/tt12131262/?ref_=sr_t_538,2020,1h 18m,,6.9,2K
539. The Decline,https://www.imdb.com/title/tt10307440/?ref_=sr_t_539,2020,1h 23m,TV-MA,6.0,10K
540. Bosomy College Girl,https://www.imdb.com/title/tt12987696/?ref_=sr_t_540,2020,1h 14m,,5.4,186
541. Lost Bullet,https://www.imdb.com/title/tt10456740/?ref_=sr_t_541,2020,1h 32m,TV-MA,6.3,15K
542. Ginny Weds Sunny,https://www.imdb.com/title/tt10543680/?ref_=sr_t_542,2020,2h 5m,TV-MA,5.7,5.7K
543. The Lovebirds,https://www.imdb.com/title/tt8851668/?ref_=sr_t_543,2020,1h 26m,R,6.1,28K
544. Sulphur and White,https://www.imdb.com/title/tt7334158/?ref_=sr_t_544,2020,2h 1m,,5.4,310
545. Fatal Affair,https://www.imdb.com/title/tt11057594/?ref_=sr_t_545,2020,1h 29m,TV-14,4.6,7K
546. Cosmoball,https://www.imdb.com/title/tt7176054/?ref_=sr_t_546,2020,1h 58m,,4.7,2.7K
547. Sunrise in Heaven,https://www.imdb.com/title/tt8801584/?ref_=sr_t_547,2020,1h 25m,TV-G,5.7,2K
548. Love Is Love Is Love,https://www.imdb.com/title/tt7686376/?ref_=sr_t_548,2020,1h 31m,,4.4,439
549. Your Name Engraved Herein,https://www.imdb.com/title/tt10329134/?ref_=sr_t_549,2020,1h 58m,Not Rated,7.3,8.5K
550. The Santa Box,https://www.imdb.com/title/tt12065192/?ref_=sr_t_550,2020,1h 30m,,6.5,255
551. Scarlett,https://www.imdb.com/title/tt12590438/?ref_=sr_t_551,2020,1h 43m,TV-14,5.2,791
552. A Perfect Enemy,https://www.imdb.com/title/tt9421200/?ref_=sr_t_552,2020,1h 29m,,5.5,3.9K
553. Don't Tell a Soul,https://www.imdb.com/title/tt8046498/?ref_=sr_t_553,2020,1h 23m,R,5.9,6.2K
554. Violation,https://www.imdb.com/title/tt12801814/?ref_=sr_t_554,2020,1h 47m,Unrated,5.3,4.5K
555. Aviva,https://www.imdb.com/title/tt10373830/?ref_=sr_t_555,2020,1h 56m,Unrated,5.2,568
556. Mortal Kombat Legends: Scorpion's Revenge,https://www.imdb.com/title/tt9580138/?ref_=sr_t_556,2020,1h 20m,R,7.4,20K
557. Battle of the Bulge: Winter War,https://www.imdb.com/title/tt12631030/?ref_=sr_t_557,2020,1h 25m,Not Rated,2.7,639
558. Close Encounters of the Fifth Kind,https://www.imdb.com/title/tt12108272/?ref_=sr_t_558,2020,2h,Not Rated,6.1,2.3K
559. Complete Strangers,https://www.imdb.com/title/tt8354306/?ref_=sr_t_559,2020,1h 45m,Not Rated,4.2,750
560. Midnight at the Magnolia,https://www.imdb.com/title/tt13318052/?ref_=sr_t_560,2020,1h 27m,TV-G,5.8,6.3K
561. Saint-Narcisse,https://www.imdb.com/title/tt7768720/?ref_=sr_t_561,2020,1h 41m,Unrated,5.4,1.1K
562. Apples,https://www.imdb.com/title/tt10110614/?ref_=sr_t_562,2020,1h 31m,,6.8,5.8K
563. Roped,https://www.imdb.com/title/tt8523028/?ref_=sr_t_563,2020,1h 31m,PG,5.5,1.8K
564. Four Kids and It,https://www.imdb.com/title/tt5556054/?ref_=sr_t_564,2020,1h 50m,PG,5.1,1.9K
565. Love Sarah,https://www.imdb.com/title/tt9448932/?ref_=sr_t_565,2020,1h 37m,Not Rated,6.2,4.1K
566. Gabriel's Inferno: Part Three,https://www.imdb.com/title/tt13535456/?ref_=sr_t_566,2020,1h 42m,R,6.5,1.5K
567. What Lies Below,https://www.imdb.com/title/tt9264728/?ref_=sr_t_567,2020,1h 27m,TV-MA,4.4,8.8K
568. Enforcement,https://www.imdb.com/title/tt11081050/?ref_=sr_t_568,2020,1h 48m,Not Rated,6.5,7.3K
569. Don't Speak,https://www.imdb.com/title/tt10590458/?ref_=sr_t_569,2020,1h 23m,,3.2,1.5K
570. Body Cam,https://www.imdb.com/title/tt8179024/?ref_=sr_t_570,2020,1h 36m,R,5.3,7.6K
571. We're Not Here to Fuck Spiders,https://www.imdb.com/title/tt6457210/?ref_=sr_t_571,2020,1h 25m,,7.0,53
572. 10 Things We Should Do Before We Break Up,https://www.imdb.com/title/tt7939428/?ref_=sr_t_572,2020,1h 14m,,4.7,1.6K
573. Siberia,https://www.imdb.com/title/tt4687856/?ref_=sr_t_573,2020,1h 32m,R,4.8,2.6K
574. The Sinners,https://www.imdb.com/title/tt7171054/?ref_=sr_t_574,2020,1h 36m,TV-14,4.2,947
575. Money Plane,https://www.imdb.com/title/tt7286966/?ref_=sr_t_575,2020,1h 22m,Not Rated,3.2,5.8K
576. Black Water: Abyss,https://www.imdb.com/title/tt7978672/?ref_=sr_t_576,2020,1h 38m,Not Rated,4.6,7.2K
577. Berlin Alexanderplatz,https://www.imdb.com/title/tt6470924/?ref_=sr_t_577,2020,3h 3m,,6.9,4.1K
578. Vicious Fun,https://www.imdb.com/title/tt11778118/?ref_=sr_t_578,2020,1h 41m,Not Rated,6.5,8.2K
579. Poppy Field,https://www.imdb.com/title/tt11768008/?ref_=sr_t_579,2020,1h 21m,Unrated,6.1,1.5K
580. Looks That Kill,https://www.imdb.com/title/tt8179470/?ref_=sr_t_580,2020,1h 32m,Not Rated,6.3,5.7K
581. Cadaver,https://www.imdb.com/title/tt11284280/?ref_=sr_t_581,2020,1h 26m,TV-MA,5.2,13K
582. Beyond the Infinite Two Minutes,https://www.imdb.com/title/tt14500584/?ref_=sr_t_582,2020,1h 10m,,7.2,9K
583. The Hater,https://www.imdb.com/title/tt9506474/?ref_=sr_t_583,2020,2h 15m,TV-MA,7.1,18K
584. Street Dancer 3D,https://www.imdb.com/title/tt9648672/?ref_=sr_t_584,2020,2h 26m,Not Rated,3.7,8.5K
585. The Legend of Zelda: A Link to the Past,https://www.imdb.com/title/tt13077536/?ref_=sr_t_585,2020,45m,,4.4,87
586. Beasts Clawing at Straws,https://www.imdb.com/title/tt9747594/?ref_=sr_t_586,2020,1h 48m,,7.0,5.8K
587. My Truth: The Rape of Two Coreys,https://www.imdb.com/title/tt11835270/?ref_=sr_t_587,2020,1h 25m,Not Rated,6.4,517
588. Surge,https://www.imdb.com/title/tt9305634/?ref_=sr_t_588,2020,1h 45m,TV-MA,6.1,4K
589. Castle Freak,https://www.imdb.com/title/tt10701458/?ref_=sr_t_589,2020,1h 46m,Not Rated,4.2,1.8K
590. Attack of the Unknown,https://www.imdb.com/title/tt8804580/?ref_=sr_t_590,2020,1h 43m,,3.2,6.7K
591. Charlie's Christmas Wish,https://www.imdb.com/title/tt7776712/?ref_=sr_t_591,2020,1h 34m,PG,4.7,166
592. Valley of the Dead,https://www.imdb.com/title/tt10127708/?ref_=sr_t_592,2020,1h 41m,TV-MA,5.8,5.8K
593. Your Eyes Tell,https://www.imdb.com/title/tt11051974/?ref_=sr_t_593,2020,2h 3m,,7.3,2.1K
594. Anjaam Pathiraa,https://www.imdb.com/title/tt10717738/?ref_=sr_t_594,2020,2h 24m,Not Rated,7.9,9.7K
595. Sky Sharks,https://www.imdb.com/title/tt3977848/?ref_=sr_t_595,2020,1h 42m,Not Rated,3.6,1.9K
596. Sky High,https://www.imdb.com/title/tt10978398/?ref_=sr_t_596,2020,2h 1m,TV-MA,5.6,4.9K
597. Se upp för Jönssonligan,https://www.imdb.com/title/tt8880922/?ref_=sr_t_597,2020,1h 56m,Not Rated,4.0,4.1K
598. Then Came You,https://www.imdb.com/title/tt8367084/?ref_=sr_t_598,2020,1h 37m,PG-13,5.9,2.7K
599. 13 Slays Till X-Mas,https://www.imdb.com/title/tt13665354/?ref_=sr_t_599,2020,1h 46m,,4.1,224
600. A Babysitter's Guide to Monster Hunting,https://www.imdb.com/title/tt4844150/?ref_=sr_t_600,2020,1h 38m,TV-PG,5.4,5.1K
