Title,Movie Link,Year,Duration,MPA,Rating,Votes
1. Black Panther,https://www.imdb.com/title/tt1825683/?ref_=sr_t_1,2018,2h 14m,PG-13,7.3,860K
2. Avengers: Infinity War,https://www.imdb.com/title/tt4154756/?ref_=sr_t_2,2018,2h 29m,PG-13,8.4,1.3M
3. Incredibles 2,https://www.imdb.com/title/tt3606756/?ref_=sr_t_3,2018,1h 58m,PG,7.5,345K
4. Jurassic World: Fallen Kingdom,https://www.imdb.com/title/tt4881806/?ref_=sr_t_4,2018,2h 8m,PG-13,6.1,354K
5. Aquaman,https://www.imdb.com/title/tt1477834/?ref_=sr_t_5,2018,2h 23m,PG-13,6.8,533K
6. Deadpool 2,https://www.imdb.com/title/tt5463162/?ref_=sr_t_6,2018,1h 59m,R,7.6,697K
7. The Grinch,https://www.imdb.com/title/tt2709692/?ref_=sr_t_7,2018,1h 25m,PG,6.4,102K
8. Mission: Impossible - Fallout,https://www.imdb.com/title/tt4912910/?ref_=sr_t_8,2018,2h 27m,PG-13,7.7,389K
9. Bohemian Rhapsody,https://www.imdb.com/title/tt1727824/?ref_=sr_t_9,2018,2h 14m,PG-13,7.9,613K
10. Ant-Man and the Wasp,https://www.imdb.com/title/tt5095030/?ref_=sr_t_10,2018,1h 58m,PG-13,7.0,465K
11. A Star Is Born,https://www.imdb.com/title/tt1517451/?ref_=sr_t_11,2018,2h 16m,R,7.6,431K
12. Solo: A Star Wars Story,https://www.imdb.com/title/tt3778644/?ref_=sr_t_12,2018,2h 15m,PG-13,6.9,389K
13. Venom,https://www.imdb.com/title/tt1270797/?ref_=sr_t_13,2018,1h 52m,PG-13,6.6,566K
14. Ralph Breaks the Internet,https://www.imdb.com/title/tt5848272/?ref_=sr_t_14,2018,1h 52m,PG,7.0,191K
15. Spider-Man: Into the Spider-Verse,https://www.imdb.com/title/tt4633694/?ref_=sr_t_15,2018,1h 57m,PG,8.4,710K
16. A Quiet Place,https://www.imdb.com/title/tt6644200/?ref_=sr_t_16,2018,1h 30m,PG-13,7.5,618K
17. Crazy Rich Asians,https://www.imdb.com/title/tt3104988/?ref_=sr_t_17,2018,2h,PG-13,6.9,198K
18. Mary Poppins Returns,https://www.imdb.com/title/tt5028340/?ref_=sr_t_18,2018,2h 10m,PG,6.7,97K
19. Hotel Transylvania 3: Summer Vacation,https://www.imdb.com/title/tt5220122/?ref_=sr_t_19,2018,1h 37m,PG,6.3,90K
20. Fantastic Beasts: The Crimes of Grindelwald,https://www.imdb.com/title/tt4123430/?ref_=sr_t_20,2018,2h 14m,PG-13,6.5,317K
21. Halloween,https://www.imdb.com/title/tt1502407/?ref_=sr_t_21,2018,1h 46m,R,6.5,177K
22. The Meg,https://www.imdb.com/title/tt4779682/?ref_=sr_t_22,2018,1h 53m,PG-13,5.7,215K
23. Ocean's Eight,https://www.imdb.com/title/tt5164214/?ref_=sr_t_23,2018,1h 50m,PG-13,6.3,249K
24. Ready Player One,https://www.imdb.com/title/tt1677720/?ref_=sr_t_24,2018,2h 20m,PG-13,7.4,506K
25. Bumblebee,https://www.imdb.com/title/tt4701182/?ref_=sr_t_25,2018,1h 54m,PG-13,6.7,196K
26. Mamma Mia! Here We Go Again,https://www.imdb.com/title/tt6911608/?ref_=sr_t_26,2018,1h 54m,PG-13,6.6,114K
27. The Nun,https://www.imdb.com/title/tt5814060/?ref_=sr_t_27,2018,1h 36m,R,5.4,178K
28. Creed II,https://www.imdb.com/title/tt6343314/?ref_=sr_t_28,2018,2h 10m,PG-13,7.1,160K
29. Peter Rabbit,https://www.imdb.com/title/tt5117670/?ref_=sr_t_29,2018,1h 35m,PG,6.6,50K
30. The Mule,https://www.imdb.com/title/tt7959026/?ref_=sr_t_30,2018,1h 56m,R,7.0,158K
31. The Equalizer 2,https://www.imdb.com/title/tt3766354/?ref_=sr_t_31,2018,2h 1m,R,6.7,209K
32. Rampage,https://www.imdb.com/title/tt2231461/?ref_=sr_t_32,2018,1h 47m,PG-13,6.1,191K
33. A Wrinkle in Time,https://www.imdb.com/title/tt1620680/?ref_=sr_t_33,2018,1h 49m,PG,4.3,48K
34. Fifty Shades Freed,https://www.imdb.com/title/tt4477536/?ref_=sr_t_34,2018,1h 45m,R,4.5,77K
35. Christopher Robin,https://www.imdb.com/title/tt4575576/?ref_=sr_t_35,2018,1h 44m,PG,7.2,87K
36. Green Book,https://www.imdb.com/title/tt6966692/?ref_=sr_t_36,2018,2h 10m,PG-13,8.2,614K
37. I Can Only Imagine,https://www.imdb.com/title/tt6450186/?ref_=sr_t_37,2018,1h 50m,PG,7.3,19K
38. Smallfoot,https://www.imdb.com/title/tt6182908/?ref_=sr_t_38,2018,1h 36m,PG,6.6,44K
39. Night School,https://www.imdb.com/title/tt6781982/?ref_=sr_t_39,2018,1h 51m,PG-13,5.6,47K
40. The First Purge,https://www.imdb.com/title/tt6133466/?ref_=sr_t_40,2018,1h 37m,R,5.2,74K
41. Game Night,https://www.imdb.com/title/tt2704998/?ref_=sr_t_41,2018,1h 40m,R,6.9,262K
42. Book Club,https://www.imdb.com/title/tt6857166/?ref_=sr_t_42,2018,1h 44m,PG-13,6.1,33K
43. The House with a Clock in Its Walls,https://www.imdb.com/title/tt2119543/?ref_=sr_t_43,2018,1h 45m,PG,6.1,57K
44. Skyscraper,https://www.imdb.com/title/tt5758778/?ref_=sr_t_44,2018,1h 42m,PG-13,5.8,138K
45. Insidious: The Last Key,https://www.imdb.com/title/tt5726086/?ref_=sr_t_45,2018,1h 43m,PG-13,5.7,75K
46. Instant Family,https://www.imdb.com/title/tt7401588/?ref_=sr_t_46,2018,1h 58m,PG-13,7.3,126K
47. Blockers,https://www.imdb.com/title/tt2531344/?ref_=sr_t_47,2018,1h 42m,R,6.2,88K
48. Pacific Rim: Uprising,https://www.imdb.com/title/tt2557478/?ref_=sr_t_48,2018,1h 51m,PG-13,5.6,131K
49. Tomb Raider,https://www.imdb.com/title/tt1365519/?ref_=sr_t_49,2018,1h 59m,PG-13,6.3,232K
50. Maze Runner: The Death Cure,https://www.imdb.com/title/tt4500922/?ref_=sr_t_50,2018,2h 23m,PG-13,6.3,173K
51. The Nutcracker and the Four Realms,https://www.imdb.com/title/tt5523010/?ref_=sr_t_51,2018,1h 39m,PG,5.6,39K
52. Tag,https://www.imdb.com/title/tt2854926/?ref_=sr_t_52,2018,1h 40m,R,6.5,152K
53. A Simple Favor,https://www.imdb.com/title/tt7040874/?ref_=sr_t_53,2018,1h 57m,R,6.8,172K
54. Life of the Party,https://www.imdb.com/title/tt5619332/?ref_=sr_t_54,2018,1h 45m,PG-13,5.6,41K
55. The Predator,https://www.imdb.com/title/tt3829266/?ref_=sr_t_55,2018,1h 47m,R,5.3,151K
56. Overboard,https://www.imdb.com/title/tt1563742/?ref_=sr_t_56,2018,1h 52m,PG-13,6.0,42K
57. Sicario: Day of the Soldado,https://www.imdb.com/title/tt5052474/?ref_=sr_t_57,2018,2h 2m,R,7.1,175K
58. BlacKkKlansman,https://www.imdb.com/title/tt7349662/?ref_=sr_t_58,2018,2h 15m,R,7.5,298K
59. I Feel Pretty,https://www.imdb.com/title/tt6791096/?ref_=sr_t_59,2018,1h 50m,PG-13,5.7,58K
60. Vice,https://www.imdb.com/title/tt6266538/?ref_=sr_t_60,2018,2h 12m,R,7.2,167K
61. Red Sparrow,https://www.imdb.com/title/tt2873282/?ref_=sr_t_61,2018,2h 20m,R,6.6,208K
62. Breaking In,https://www.imdb.com/title/tt7137846/?ref_=sr_t_62,2018,1h 28m,PG-13,5.5,17K
63. Goosebumps 2: Haunted Halloween,https://www.imdb.com/title/tt5664636/?ref_=sr_t_63,2018,1h 30m,PG,5.6,25K
64. 12 Strong,https://www.imdb.com/title/tt1413492/?ref_=sr_t_64,2018,2h 10m,R,6.5,95K
65. Den of Thieves,https://www.imdb.com/title/tt1259528/?ref_=sr_t_65,2018,2h 20m,R,7.0,129K
66. First Man,https://www.imdb.com/title/tt1213641/?ref_=sr_t_66,2018,2h 21m,PG-13,7.3,208K
67. Hereditary,https://www.imdb.com/title/tt7784604/?ref_=sr_t_67,2018,2h 7m,R,7.3,406K
68. Acrimony,https://www.imdb.com/title/tt6063050/?ref_=sr_t_68,2018,2h,R,5.9,10K
69. Sherlock Gnomes,https://www.imdb.com/title/tt2296777/?ref_=sr_t_69,2018,1h 26m,PG,5.3,15K
70. Uncle Drew,https://www.imdb.com/title/tt7334528/?ref_=sr_t_70,2018,1h 43m,PG-13,5.8,16K
71. Widows,https://www.imdb.com/title/tt4218572/?ref_=sr_t_71,2018,2h 9m,R,6.8,106K
72. Truth or Dare,https://www.imdb.com/title/tt6772950/?ref_=sr_t_72,2018,1h 40m,PG-13,5.2,68K
"73. Love, Simon",https://www.imdb.com/title/tt5164432/?ref_=sr_t_73,2018,1h 50m,PG-13,7.5,129K
74. Second Act,https://www.imdb.com/title/tt2126357/?ref_=sr_t_74,2018,1h 43m,PG-13,5.8,31K
75. The Commuter,https://www.imdb.com/title/tt1590193/?ref_=sr_t_75,2018,1h 44m,PG-13,6.3,128K
76. The 15:17 to Paris,https://www.imdb.com/title/tt6802308/?ref_=sr_t_76,2018,1h 34m,PG-13,5.3,36K
77. Mile 22,https://www.imdb.com/title/tt4560436/?ref_=sr_t_77,2018,1h 34m,R,6.1,89K
78. Alpha,https://www.imdb.com/title/tt4244998/?ref_=sr_t_78,2018,1h 36m,PG-13,6.6,68K
79. Peppermint,https://www.imdb.com/title/tt6850820/?ref_=sr_t_79,2018,1h 41m,R,6.5,73K
80. The Favourite,https://www.imdb.com/title/tt5083738/?ref_=sr_t_80,2018,1h 59m,R,7.5,244K
81. Death Wish,https://www.imdb.com/title/tt1137450/?ref_=sr_t_81,2018,1h 47m,R,6.3,78K
82. The Spy Who Dumped Me,https://www.imdb.com/title/tt6663582/?ref_=sr_t_82,2018,1h 57m,R,6.0,84K
83. Annihilation,https://www.imdb.com/title/tt2798920/?ref_=sr_t_83,2018,1h 55m,R,6.8,373K
84. Isle of Dogs,https://www.imdb.com/title/tt5104604/?ref_=sr_t_84,2018,1h 41m,PG-13,7.8,197K
85. Nobody's Fool,https://www.imdb.com/title/tt8097306/?ref_=sr_t_85,2018,1h 50m,R,5.0,8.3K
86. Adrift,https://www.imdb.com/title/tt6306064/?ref_=sr_t_86,2018,1h 36m,PG-13,6.6,63K
87. Robin Hood,https://www.imdb.com/title/tt4532826/?ref_=sr_t_87,2018,1h 56m,PG-13,5.3,82K
88. Dragon Ball Super: Broly,https://www.imdb.com/title/tt7961060/?ref_=sr_t_88,2018,1h 40m,PG,7.7,34K
89. Super Troopers 2,https://www.imdb.com/title/tt0859635/?ref_=sr_t_89,2018,1h 39m,R,6.0,29K
90. Holmes & Watson,https://www.imdb.com/title/tt1255919/?ref_=sr_t_90,2018,1h 30m,PG-13,3.9,40K
91. Slender Man,https://www.imdb.com/title/tt5690360/?ref_=sr_t_91,2018,1h 33m,PG-13,3.3,40K
92. Teen Titans GO! To the Movies,https://www.imdb.com/title/tt7424200/?ref_=sr_t_92,2018,1h 24m,PG,6.7,22K
93. The Hate U Give,https://www.imdb.com/title/tt5580266/?ref_=sr_t_93,2018,2h 13m,PG-13,7.5,42K
94. Searching,https://www.imdb.com/title/tt7668870/?ref_=sr_t_94,2018,1h 42m,PG-13,7.6,184K
95. Winchester,https://www.imdb.com/title/tt1072748/?ref_=sr_t_95,2018,1h 39m,PG-13,5.5,38K
96. On the Basis of Sex,https://www.imdb.com/title/tt4669788/?ref_=sr_t_96,2018,2h,PG-13,7.1,40K
97. The Strangers: Prey at Night,https://www.imdb.com/title/tt1285009/?ref_=sr_t_97,2018,1h 25m,R,5.3,37K
98. White Boy Rick,https://www.imdb.com/title/tt4537896/?ref_=sr_t_98,2018,1h 51m,R,6.5,45K
99. Won't You Be My Neighbor?,https://www.imdb.com/title/tt7681902/?ref_=sr_t_99,2018,1h 35m,PG-13,8.3,27K
100. Overlord,https://www.imdb.com/title/tt4530422/?ref_=sr_t_100,2018,1h 50m,R,6.6,110K
101. Proud Mary,https://www.imdb.com/title/tt6421110/?ref_=sr_t_101,2018,1h 29m,R,5.0,11K
102. The Happytime Murders,https://www.imdb.com/title/tt1308728/?ref_=sr_t_102,2018,1h 31m,R,5.5,31K
103. SuperFly,https://www.imdb.com/title/tt7690670/?ref_=sr_t_103,2018,1h 56m,R,5.3,7.8K
104. They Shall Not Grow Old,https://www.imdb.com/title/tt7905466/?ref_=sr_t_104,2018,1h 39m,R,8.2,39K
105. Show Dogs,https://www.imdb.com/title/tt5691024/?ref_=sr_t_105,2018,1h 32m,,4.0,5.2K
106. Bad Times at the El Royale,https://www.imdb.com/title/tt6628394/?ref_=sr_t_106,2018,2h 21m,R,7.1,170K
107. Operation Finale,https://www.imdb.com/title/tt5208252/?ref_=sr_t_107,2018,2h 2m,PG-13,6.6,50K
"108. Paul, Apostle of Christ",https://www.imdb.com/title/tt7388562/?ref_=sr_t_108,2018,1h 48m,PG-13,6.6,10K
109. Free Solo,https://www.imdb.com/title/tt7775622/?ref_=sr_t_109,2018,1h 40m,PG-13,8.1,80K
110. Sorry to Bother You,https://www.imdb.com/title/tt5688932/?ref_=sr_t_110,2018,1h 52m,R,6.9,91K
111. Mary Queen of Scots,https://www.imdb.com/title/tt2328900/?ref_=sr_t_111,2018,2h 4m,R,6.3,57K
112. Forever My Girl,https://www.imdb.com/title/tt4103724/?ref_=sr_t_112,2018,1h 48m,PG,6.6,23K
113. Mortal Engines,https://www.imdb.com/title/tt1571234/?ref_=sr_t_113,2018,2h 8m,PG-13,6.1,146K
114. Hunter Killer,https://www.imdb.com/title/tt1846589/?ref_=sr_t_114,2018,2h 1m,R,6.6,77K
115. If Beale Street Could Talk,https://www.imdb.com/title/tt7125860/?ref_=sr_t_115,2018,1h 59m,R,7.1,53K
116. The Girl in the Spider's Web,https://www.imdb.com/title/tt5177088/?ref_=sr_t_116,2018,1h 55m,R,6.1,53K
117. The Possession of Hannah Grace,https://www.imdb.com/title/tt5734576/?ref_=sr_t_117,2018,1h 26m,R,5.2,27K
118. RBG,https://www.imdb.com/title/tt7689964/?ref_=sr_t_118,2018,1h 38m,PG,7.6,15K
119. Eighth Grade,https://www.imdb.com/title/tt7014006/?ref_=sr_t_119,2018,1h 33m,R,7.3,84K
120. The Darkest Minds,https://www.imdb.com/title/tt4073790/?ref_=sr_t_120,2018,1h 44m,PG-13,5.7,38K
121. Three Identical Strangers,https://www.imdb.com/title/tt7664504/?ref_=sr_t_121,2018,1h 36m,PG-13,7.6,42K
122. Upgrade,https://www.imdb.com/title/tt6499752/?ref_=sr_t_122,2018,1h 40m,R,7.5,217K
123. Padmaavat,https://www.imdb.com/title/tt5935704/?ref_=sr_t_123,2018,2h 43m,Not Rated,7.1,38K
124. The Old Man & the Gun,https://www.imdb.com/title/tt2837574/?ref_=sr_t_124,2018,1h 33m,PG-13,6.7,50K
125. Hell Fest,https://www.imdb.com/title/tt1999890/?ref_=sr_t_125,2018,1h 29m,R,5.5,20K
126. Welcome to Marwen,https://www.imdb.com/title/tt3289724/?ref_=sr_t_126,2018,1h 56m,PG-13,6.2,27K
127. Greta,https://www.imdb.com/title/tt2639336/?ref_=sr_t_127,2018,1h 38m,R,6.1,40K
128. The Miracle Season,https://www.imdb.com/title/tt5427194/?ref_=sr_t_128,2018,1h 41m,PG,6.5,6.5K
129. Hotel Mumbai,https://www.imdb.com/title/tt5461944/?ref_=sr_t_129,2018,2h 3m,R,7.6,74K
130. Midnight Sun,https://www.imdb.com/title/tt4799066/?ref_=sr_t_130,2018,1h 31m,PG-13,6.6,38K
131. Tully,https://www.imdb.com/title/tt5610554/?ref_=sr_t_131,2018,1h 35m,R,6.9,64K
132. Traffik,https://www.imdb.com/title/tt5670152/?ref_=sr_t_132,2018,1h 36m,R,5.9,22K
133. Unfriended: Dark Web,https://www.imdb.com/title/tt4761916/?ref_=sr_t_133,2018,1h 32m,R,6.0,40K
134. Can You Ever Forgive Me?,https://www.imdb.com/title/tt4595882/?ref_=sr_t_134,2018,1h 46m,R,7.1,57K
135. Early Man,https://www.imdb.com/title/tt4701724/?ref_=sr_t_135,2018,1h 29m,PG,6.1,24K
136. Sanju,https://www.imdb.com/title/tt6452574/?ref_=sr_t_136,2018,2h 35m,TV-MA,7.6,63K
137. Unsane,https://www.imdb.com/title/tt7153766/?ref_=sr_t_137,2018,1h 38m,R,6.4,51K
138. Beautiful Boy,https://www.imdb.com/title/tt1226837/?ref_=sr_t_138,2018,2h,R,7.4,109K
139. Mid90s,https://www.imdb.com/title/tt5613484/?ref_=sr_t_139,2018,1h 25m,R,7.4,81K
140. Dog Days,https://www.imdb.com/title/tt7365604/?ref_=sr_t_140,2018,1h 53m,PG,6.2,5.7K
141. Boy Erased,https://www.imdb.com/title/tt7008872/?ref_=sr_t_141,2018,1h 55m,R,6.9,45K
142. Hotel Artemis,https://www.imdb.com/title/tt5834262/?ref_=sr_t_142,2018,1h 34m,R,6.1,60K
143. A-X-L,https://www.imdb.com/title/tt5709188/?ref_=sr_t_143,2018,1h 38m,PG,5.3,14K
144. Run the Race,https://www.imdb.com/title/tt3201736/?ref_=sr_t_144,2018,1h 41m,PG,6.0,1.8K
145. Fahrenheit 11/9,https://www.imdb.com/title/tt8632862/?ref_=sr_t_145,2018,2h 8m,R,7.2,21K
146. Unbroken: Path to Redemption,https://www.imdb.com/title/tt7339792/?ref_=sr_t_146,2018,1h 38m,PG-13,5.8,3.6K
147. The Hurricane Heist,https://www.imdb.com/title/tt5360952/?ref_=sr_t_147,2018,1h 43m,PG-13,5.1,23K
148. Every Day,https://www.imdb.com/title/tt7026672/?ref_=sr_t_148,2018,1h 37m,PG-13,6.4,24K
149. Leave No Trace,https://www.imdb.com/title/tt3892172/?ref_=sr_t_149,2018,1h 49m,PG,7.1,67K
150. Death of a Nation,https://www.imdb.com/title/tt8564902/?ref_=sr_t_150,2018,1h 48m,PG-13,4.1,7.4K
151. My Hero Academia: Two Heroes,https://www.imdb.com/title/tt7745068/?ref_=sr_t_151,2018,1h 36m,PG-13,7.3,13K
152. God's Not Dead: A Light in Darkness,https://www.imdb.com/title/tt6652708/?ref_=sr_t_152,2018,1h 45m,PG,4.4,4.7K
153. Kin,https://www.imdb.com/title/tt6017942/?ref_=sr_t_153,2018,1h 42m,PG-13,5.8,19K
154. Gloria Bell,https://www.imdb.com/title/tt6902696/?ref_=sr_t_154,2018,1h 42m,R,6.3,13K
155. Stan & Ollie,https://www.imdb.com/title/tt3385524/?ref_=sr_t_155,2018,1h 38m,PG,7.2,41K
156. Colette,https://www.imdb.com/title/tt5437928/?ref_=sr_t_156,2018,1h 51m,R,6.7,27K
157. Simmba,https://www.imdb.com/title/tt7212726/?ref_=sr_t_157,2018,2h 38m,,5.5,23K
158. Action Point,https://www.imdb.com/title/tt6495770/?ref_=sr_t_158,2018,1h 25m,R,5.1,12K
159. Beirut,https://www.imdb.com/title/tt4669264/?ref_=sr_t_159,2018,1h 49m,R,6.5,25K
160. Gringo,https://www.imdb.com/title/tt3721964/?ref_=sr_t_160,2018,1h 51m,R,6.1,33K
161. Samson,https://www.imdb.com/title/tt6951892/?ref_=sr_t_161,2018,1h 50m,PG-13,4.5,5.1K
162. Cold War,https://www.imdb.com/title/tt6543652/?ref_=sr_t_162,2018,1h 29m,R,7.5,63K
163. Amazing Grace,https://www.imdb.com/title/tt4935462/?ref_=sr_t_163,2018,1h 29m,G,7.5,5.3K
164. Johnny English Strikes Again,https://www.imdb.com/title/tt6921996/?ref_=sr_t_164,2018,1h 29m,PG,6.2,86K
165. Brian Banks,https://www.imdb.com/title/tt3920820/?ref_=sr_t_165,2018,1h 39m,PG-13,7.2,10K
166. The Biggest Little Farm,https://www.imdb.com/title/tt8969332/?ref_=sr_t_166,2018,1h 31m,PG,8.0,9.2K
167. Gotti,https://www.imdb.com/title/tt1801552/?ref_=sr_t_167,2018,1h 52m,R,4.8,18K
168. Blindspotting,https://www.imdb.com/title/tt7242142/?ref_=sr_t_168,2018,1h 35m,R,7.4,33K
169. Burn the Stage: The Movie,https://www.imdb.com/title/tt9151704/?ref_=sr_t_169,2018,1h 24m,,8.4,4.5K
170. Ya veremos,https://www.imdb.com/title/tt7948540/?ref_=sr_t_170,2018,1h 25m,PG-13,5.9,782
171. 2.0,https://www.imdb.com/title/tt5080556/?ref_=sr_t_171,2018,2h 28m,Not Rated,6.0,29K
172. Life Itself,https://www.imdb.com/title/tt5989218/?ref_=sr_t_172,2018,1h 57m,R,6.9,26K
173. Replicas,https://www.imdb.com/title/tt4154916/?ref_=sr_t_173,2018,1h 47m,PG-13,5.5,43K
174. Sgt. Stubby: An American Hero,https://www.imdb.com/title/tt5314190/?ref_=sr_t_174,2018,1h 24m,PG,6.9,2.7K
175. Ben Is Back,https://www.imdb.com/title/tt7545524/?ref_=sr_t_175,2018,1h 43m,R,6.7,25K
176. Gosnell: The Trial of America's Biggest Serial Killer,https://www.imdb.com/title/tt3722234/?ref_=sr_t_176,2018,1h 33m,PG-13,6.5,4.8K
177. Indivisible,https://www.imdb.com/title/tt6512428/?ref_=sr_t_177,2018,1h 59m,PG-13,5.9,1.4K
178. BTS World Tour: Love Yourself in Seoul,https://www.imdb.com/title/tt9448868/?ref_=sr_t_178,2018,1h 52m,,8.9,2.3K
179. The Oscar Nominated Short Films 2018: Live Action,https://www.imdb.com/title/tt7935892/?ref_=sr_t_179,2018,1h 36m,R,8.0,215
"180. Juliet, Naked",https://www.imdb.com/title/tt5607096/?ref_=sr_t_180,2018,1h 37m,R,6.6,25K
181. Bad Samaritan,https://www.imdb.com/title/tt3203528/?ref_=sr_t_181,2018,1h 50m,R,6.4,27K
182. Echo in the Canyon,https://www.imdb.com/title/tt8884430/?ref_=sr_t_182,2018,1h 22m,PG-13,7.0,4.1K
183. 7 Days in Entebbe,https://www.imdb.com/title/tt5466186/?ref_=sr_t_183,2018,1h 47m,PG-13,5.9,18K
184. Shoplifters,https://www.imdb.com/title/tt8075192/?ref_=sr_t_184,2018,2h 1m,R,7.9,90K
185. Maiden,https://www.imdb.com/title/tt8879946/?ref_=sr_t_185,2018,1h 37m,PG,7.8,2.7K
186. The Sisters Brothers,https://www.imdb.com/title/tt4971344/?ref_=sr_t_186,2018,2h 2m,R,6.9,72K
187. Whitney,https://www.imdb.com/title/tt5740866/?ref_=sr_t_187,2018,2h,R,7.3,8.1K
188. Made for More,https://www.imdb.com/title/tt9810480/?ref_=sr_t_188,2018,2h,,6.3,21
189. American Animals,https://www.imdb.com/title/tt6212478/?ref_=sr_t_189,2018,1h 56m,R,7.0,51K
190. God Bless the Broken Road,https://www.imdb.com/title/tt5702446/?ref_=sr_t_190,2018,1h 51m,PG,5.8,1.3K
191. La boda de Valentina,https://www.imdb.com/title/tt4823538/?ref_=sr_t_191,2018,1h 47m,R,4.7,768
192. Bharath Ane Nenu,https://www.imdb.com/title/tt6980546/?ref_=sr_t_192,2018,2h 53m,Not Rated,7.4,19K
193. Everybody Knows,https://www.imdb.com/title/tt4964788/?ref_=sr_t_193,2018,2h 13m,R,6.9,39K
194. Qué León,https://www.imdb.com/title/tt8170902/?ref_=sr_t_194,2018,1h 33m,PG-13,5.9,398
195. Suspiria,https://www.imdb.com/title/tt1034415/?ref_=sr_t_195,2018,2h 32m,R,6.7,98K
196. Arctic,https://www.imdb.com/title/tt6820256/?ref_=sr_t_196,2018,1h 38m,PG-13,6.8,60K
197. Hearts Beat Loud,https://www.imdb.com/title/tt7158430/?ref_=sr_t_197,2018,1h 37m,PG-13,6.9,12K
198. 1991,https://www.imdb.com/title/tt8264546/?ref_=sr_t_198,2018,1h 41m,,7.1,1.3K
199. At Eternity's Gate,https://www.imdb.com/title/tt6938828/?ref_=sr_t_199,2018,1h 51m,PG-13,6.9,42K
200. The Fall of the American Empire,https://www.imdb.com/title/tt7231342/?ref_=sr_t_200,2018,2h 7m,R,6.9,4.4K
201. Puzzle,https://www.imdb.com/title/tt6933454/?ref_=sr_t_201,2018,1h 43m,R,6.7,8.8K
202. Pope Francis: A Man of His Word,https://www.imdb.com/title/tt6915100/?ref_=sr_t_202,2018,1h 36m,PG,6.6,2.4K
203. Assassination Nation,https://www.imdb.com/title/tt6205872/?ref_=sr_t_203,2018,1h 48m,R,6.0,22K
204. The Front Runner,https://www.imdb.com/title/tt7074886/?ref_=sr_t_204,2018,1h 53m,R,6.1,14K
205. Detective Chinatown 2,https://www.imdb.com/title/tt7752454/?ref_=sr_t_205,2018,2h 1m,R,6.1,3.3K
206. Racetime,https://www.imdb.com/title/tt8925540/?ref_=sr_t_206,2018,1h 29m,PG,5.5,598
207. The White Crow,https://www.imdb.com/title/tt5460858/?ref_=sr_t_207,2018,2h 7m,R,6.6,7.2K
208. Moses,https://www.imdb.com/title/tt10160730/?ref_=sr_t_208,2018,2h 10m,Not Rated,7.1,21
209. Profile,https://www.imdb.com/title/tt7826276/?ref_=sr_t_209,2018,1h 46m,R,6.7,7.6K
210. Race 3,https://www.imdb.com/title/tt7431594/?ref_=sr_t_210,2018,2h 40m,Not Rated,1.9,49K
211. Pad Man,https://www.imdb.com/title/tt7218518/?ref_=sr_t_211,2018,2h 20m,PG-13,7.9,30K
212. Capernaum,https://www.imdb.com/title/tt8267604/?ref_=sr_t_212,2018,2h 6m,R,8.4,113K
213. Wild Rose,https://www.imdb.com/title/tt5117428/?ref_=sr_t_213,2018,1h 41m,R,7.1,16K
214. A Private War,https://www.imdb.com/title/tt2368254/?ref_=sr_t_214,2018,1h 50m,R,6.7,22K
215. Red Joan,https://www.imdb.com/title/tt7615302/?ref_=sr_t_215,2018,1h 41m,R,6.4,15K
216. Operation Red Sea,https://www.imdb.com/title/tt6878882/?ref_=sr_t_216,2018,2h 22m,TV-MA,6.6,8.2K
217. Destroyer,https://www.imdb.com/title/tt7137380/?ref_=sr_t_217,2018,2h 1m,R,6.2,33K
218. Thugs of Hindostan,https://www.imdb.com/title/tt5970844/?ref_=sr_t_218,2018,2h 44m,,4.1,22K
"219. Don't Worry, He Won't Get Far on Foot",https://www.imdb.com/title/tt6288124/?ref_=sr_t_219,2018,1h 54m,R,6.8,32K
220. El Chicano,https://www.imdb.com/title/tt7374952/?ref_=sr_t_220,2018,1h 48m,R,5.4,1.7K
221. Little Women,https://www.imdb.com/title/tt6495094/?ref_=sr_t_221,2018,1h 52m,PG-13,5.3,1.5K
222. 102 Not Out,https://www.imdb.com/title/tt6580564/?ref_=sr_t_222,2018,1h 42m,PG,7.4,7.7K
223. Baaghi 2,https://www.imdb.com/title/tt6843812/?ref_=sr_t_223,2018,2h 17m,Not Rated,4.8,12K
224. Never Look Away,https://www.imdb.com/title/tt5311542/?ref_=sr_t_224,2018,3h 9m,R,7.7,27K
225. Asterix: The Secret of the Magic Potion,https://www.imdb.com/title/tt8001346/?ref_=sr_t_225,2018,1h 27m,,6.7,12K
226. McQueen,https://www.imdb.com/title/tt6510332/?ref_=sr_t_226,2018,1h 51m,R,7.7,8.6K
227. The Seagull,https://www.imdb.com/title/tt4682136/?ref_=sr_t_227,2018,1h 38m,PG-13,5.7,4.1K
228. Mandy,https://www.imdb.com/title/tt6998518/?ref_=sr_t_228,2018,2h 1m,Not Rated,6.5,94K
229. High Life,https://www.imdb.com/title/tt4827558/?ref_=sr_t_229,2018,1h 53m,R,5.7,43K
230. Beautifully Broken,https://www.imdb.com/title/tt5645932/?ref_=sr_t_230,2018,1h 48m,PG-13,5.8,477
231. An Interview with God,https://www.imdb.com/title/tt5779372/?ref_=sr_t_231,2018,1h 37m,Unrated,5.8,4.7K
232. All Is True,https://www.imdb.com/title/tt9206798/?ref_=sr_t_232,2018,1h 41m,PG-13,6.3,5.7K
233. Along With the Gods: The Last 49 Days,https://www.imdb.com/title/tt8116428/?ref_=sr_t_233,2018,2h 22m,Not Rated,7.1,9.7K
234. Andhadhun,https://www.imdb.com/title/tt8108198/?ref_=sr_t_234,2018,2h 19m,Not Rated,8.2,107K
235. Wildlife,https://www.imdb.com/title/tt5929754/?ref_=sr_t_235,2018,1h 45m,PG-13,6.8,32K
236. Zero,https://www.imdb.com/title/tt6527426/?ref_=sr_t_236,2018,2h 44m,Not Rated,5.2,31K
237. Nothing to Lose,https://www.imdb.com/title/tt6910020/?ref_=sr_t_237,2018,2h 14m,PG,2.4,23K
238. Raid,https://www.imdb.com/title/tt7363076/?ref_=sr_t_238,2018,2h 2m,Not Rated,7.4,20K
239. Little Italy,https://www.imdb.com/title/tt6957966/?ref_=sr_t_239,2018,1h 42m,R,5.7,18K
240. BANDSTAND: The Broadway Musical on Screen,https://www.imdb.com/title/tt8593814/?ref_=sr_t_240,2018,2h 10m,,8.8,153
241. Kirk Cameron: Connect,https://www.imdb.com/title/tt7820280/?ref_=sr_t_241,2018,1h 10m,Not Rated,3.4,146
242. The Miseducation of Cameron Post,https://www.imdb.com/title/tt6257174/?ref_=sr_t_242,2018,1h 31m,Not Rated,6.6,26K
243. Kedarnath,https://www.imdb.com/title/tt7027278/?ref_=sr_t_243,2018,1h 56m,,6.8,16K
244. Tea With the Dames,https://www.imdb.com/title/tt7363336/?ref_=sr_t_244,2018,1h 24m,Unrated,7.4,3.1K
245. Woman at War,https://www.imdb.com/title/tt7279188/?ref_=sr_t_245,2018,1h 41m,Not Rated,7.4,12K
246. Like Arrows,https://www.imdb.com/title/tt6495388/?ref_=sr_t_246,2018,1h 40m,Not Rated,6.4,647
247. Climax,https://www.imdb.com/title/tt8359848/?ref_=sr_t_247,2018,1h 37m,R,6.9,83K
248. Transit,https://www.imdb.com/title/tt6675244/?ref_=sr_t_248,2018,1h 41m,Not Rated,6.9,12K
249. Mirai,https://www.imdb.com/title/tt6900448/?ref_=sr_t_249,2018,1h 38m,PG,7.0,19K
250. Sui Dhaaga: Made in India,https://www.imdb.com/title/tt7147540/?ref_=sr_t_250,2018,2h 2m,Not Rated,6.8,9.5K
251. Pokémon the Movie: The Power of Us,https://www.imdb.com/title/tt8108230/?ref_=sr_t_251,2018,1h 40m,Not Rated,6.3,3.1K
252. The Church,https://www.imdb.com/title/tt2482856/?ref_=sr_t_252,2018,1h 21m,PG-13,2.7,203
253. Border,https://www.imdb.com/title/tt5501104/?ref_=sr_t_253,2018,1h 50m,R,7.0,36K
254. How Long Will I Love U,https://www.imdb.com/title/tt8404272/?ref_=sr_t_254,2018,1h 41m,,6.4,1.3K
255. The Game Changers,https://www.imdb.com/title/tt7455754/?ref_=sr_t_255,2018,1h 26m,,7.8,22K
256. Vox Lux,https://www.imdb.com/title/tt5960374/?ref_=sr_t_256,2018,1h 54m,R,5.8,20K
257. The Catcher Was a Spy,https://www.imdb.com/title/tt4602066/?ref_=sr_t_257,2018,1h 34m,R,6.3,13K
258. More Than Blue,https://www.imdb.com/title/tt9081562/?ref_=sr_t_258,2018,1h 45m,TV-14,6.1,1.4K
259. Burning,https://www.imdb.com/title/tt7282468/?ref_=sr_t_259,2018,2h 28m,Not Rated,7.4,80K
260. The Little Stranger,https://www.imdb.com/title/tt6859762/?ref_=sr_t_260,2018,1h 51m,R,5.5,11K
261. Monster Hunt 2,https://www.imdb.com/title/tt6170484/?ref_=sr_t_261,2018,1h 50m,Not Rated,5.4,2.1K
262. Blaze,https://www.imdb.com/title/tt6443294/?ref_=sr_t_262,2018,2h 9m,R,6.5,3.8K
263. Non-Fiction,https://www.imdb.com/title/tt7250056/?ref_=sr_t_263,2018,1h 48m,R,6.4,5.9K
264. Boundaries,https://www.imdb.com/title/tt5686062/?ref_=sr_t_264,2018,1h 44m,R,5.8,3K
265. The Trump Prophecy,https://www.imdb.com/title/tt8235296/?ref_=sr_t_265,2018,2h,,1.5,2.7K
266. The Island,https://www.imdb.com/title/tt8755316/?ref_=sr_t_266,2018,2h 14m,,6.2,2.1K
267. Lizzie,https://www.imdb.com/title/tt5160938/?ref_=sr_t_267,2018,1h 45m,R,5.9,9.7K
"268. Love, Gilda",https://www.imdb.com/title/tt5424228/?ref_=sr_t_268,2018,1h 28m,Not Rated,7.4,1.9K
"269. DCI 2019: Big, Loud & Live 16",https://www.imdb.com/title/tt10192676/?ref_=sr_t_269,2018,5h 25m,,,
270. The Chaperone,https://www.imdb.com/title/tt2690226/?ref_=sr_t_270,2018,1h 48m,Not Rated,6.6,2K
271. The Grateful Dead Meet-Up 2018,https://www.imdb.com/title/tt11376890/?ref_=sr_t_271,2018,3h,,,
272. Bethany Hamilton: Unstoppable,https://www.imdb.com/title/tt6435258/?ref_=sr_t_272,2018,1h 40m,PG,7.4,823
273. Pick of the Litter,https://www.imdb.com/title/tt5644050/?ref_=sr_t_273,2018,1h 20m,TV-PG,7.6,1.7K
274. The Public,https://www.imdb.com/title/tt3294746/?ref_=sr_t_274,2018,1h 59m,PG-13,6.6,4.6K
275. City of Lies,https://www.imdb.com/title/tt2677722/?ref_=sr_t_275,2018,1h 52m,R,6.5,21K
276. Husband Material,https://www.imdb.com/title/tt5474036/?ref_=sr_t_276,2018,2h 36m,Not Rated,6.9,9.4K
277. A Cool Fish,https://www.imdb.com/title/tt9282616/?ref_=sr_t_277,2018,1h 49m,Not Rated,6.9,2.1K
278. Followed,https://www.imdb.com/title/tt5563782/?ref_=sr_t_278,2018,1h 36m,R,4.9,2.1K
279. Shadow,https://www.imdb.com/title/tt6864046/?ref_=sr_t_279,2018,1h 56m,Not Rated,7.0,19K
280. Long Day's Journey Into Night,https://www.imdb.com/title/tt8185182/?ref_=sr_t_280,2018,2h 18m,Not Rated,7.1,9.7K
281. Wild Nights with Emily,https://www.imdb.com/title/tt5176580/?ref_=sr_t_281,2018,1h 24m,PG-13,6.2,1.5K
282. Birds of Passage,https://www.imdb.com/title/tt6386748/?ref_=sr_t_282,2018,2h 5m,Not Rated,7.5,13K
283. Tel Aviv on Fire,https://www.imdb.com/title/tt5791098/?ref_=sr_t_283,2018,1h 40m,,6.7,2.7K
284. The Spy Gone North,https://www.imdb.com/title/tt8290698/?ref_=sr_t_284,2018,2h 17m,Not Rated,7.3,6.6K
285. Monsters and Men,https://www.imdb.com/title/tt7689906/?ref_=sr_t_285,2018,1h 36m,R,6.1,2.8K
286. The Russian Five,https://www.imdb.com/title/tt8006926/?ref_=sr_t_286,2018,1h 42m,Not Rated,8.1,1.5K
287. The Great Battle,https://www.imdb.com/title/tt6931414/?ref_=sr_t_287,2018,2h 16m,,7.0,6.3K
288. The Happy Prince,https://www.imdb.com/title/tt2404639/?ref_=sr_t_288,2018,1h 45m,R,6.3,6K
289. Puffs: Filmed Live Off Broadway,https://www.imdb.com/title/tt9856680/?ref_=sr_t_289,2018,1h 58m,,7.0,140
290. Teen Spirit,https://www.imdb.com/title/tt6483364/?ref_=sr_t_290,2018,1h 33m,PG-13,6.1,10K
291. DCI 2018 Tour Premeire,https://www.imdb.com/title/tt10192672/?ref_=sr_t_291,2018,,,,
292. Ash Is Purest White,https://www.imdb.com/title/tt7298400/?ref_=sr_t_292,2018,2h 16m,Not Rated,7.0,11K
293. The Cold Blue,https://www.imdb.com/title/tt8693770/?ref_=sr_t_293,2018,1h 13m,TV-PG,7.7,1.1K
294. Cirque du Soleil in Cinema: KURIOS - Cabinet of Curiosities,https://www.imdb.com/title/tt10160782/?ref_=sr_t_294,2018,1h 45m,,7.8,55
295. The Oath,https://www.imdb.com/title/tt7461200/?ref_=sr_t_295,2018,1h 33m,R,5.6,5.1K
296. We the Animals,https://www.imdb.com/title/tt7681824/?ref_=sr_t_296,2018,1h 34m,R,6.9,4.7K
297. The Nightingale,https://www.imdb.com/title/tt4068576/?ref_=sr_t_297,2018,2h 16m,R,7.3,38K
298. Mia and the White Lion,https://www.imdb.com/title/tt4844148/?ref_=sr_t_298,2018,1h 38m,PG,6.5,6.6K
299. The Man Who Killed Don Quixote,https://www.imdb.com/title/tt1318517/?ref_=sr_t_299,2018,2h 12m,Not Rated,6.3,23K
300. Soorma,https://www.imdb.com/title/tt7690638/?ref_=sr_t_300,2018,2h 11m,PG-13,7.3,5.7K
301. The Wedding Guest,https://www.imdb.com/title/tt7645780/?ref_=sr_t_301,2018,1h 36m,R,5.8,6.9K
302. What We Left Behind: Looking Back at Star Trek: Deep Space Nine,https://www.imdb.com/title/tt6332276/?ref_=sr_t_302,2018,1h 56m,,8.3,2.3K
303. Jane and Emma,https://www.imdb.com/title/tt8581198/?ref_=sr_t_303,2018,1h 30m,PG,6.3,247
304. The Hummingbird Project,https://www.imdb.com/title/tt6866224/?ref_=sr_t_304,2018,1h 51m,R,6.2,17K
305. Believer,https://www.imdb.com/title/tt7095654/?ref_=sr_t_305,2018,2h 3m,Not Rated,6.6,5K
306. Kusama: Infinity,https://www.imdb.com/title/tt1893269/?ref_=sr_t_306,2018,1h 16m,Unrated,7.3,1.3K
"307. Cyrano, My Love",https://www.imdb.com/title/tt7201846/?ref_=sr_t_307,2018,1h 50m,R,7.3,3.9K
308. Suicide the Ripple Effect,https://www.imdb.com/title/tt7812334/?ref_=sr_t_308,2018,1h 33m,,8.9,52
309. Diane,https://www.imdb.com/title/tt6705860/?ref_=sr_t_309,2018,1h 35m,Not Rated,6.7,1.7K
310. Russ Taff: I Still Believe,https://www.imdb.com/title/tt10160700/?ref_=sr_t_310,2018,1h 44m,,8.5,76
311. Hichki,https://www.imdb.com/title/tt6588966/?ref_=sr_t_311,2018,1h 56m,Not Rated,7.5,14K
312. The Bolshoi Ballet: Live From Moscow - The Nutcracker,https://www.imdb.com/title/tt8870890/?ref_=sr_t_312,2018,2h 20m,,,
313. You Are Here: A Come From Away Story,https://www.imdb.com/title/tt9205986/?ref_=sr_t_313,2018,1h 24m,,8.6,359
314. The Bolshoi Ballet: Live From Moscow - Romeo and Juliet,https://www.imdb.com/title/tt8870926/?ref_=sr_t_314,2018,2h 30m,,,
315. Aquarela,https://www.imdb.com/title/tt4920360/?ref_=sr_t_315,2018,1h 30m,PG,6.6,1.7K
316. Damsel,https://www.imdb.com/title/tt5881528/?ref_=sr_t_316,2018,1h 53m,R,5.6,6K
317. The Bolshoi Ballet: Live from Moscow - Giselle,https://www.imdb.com/title/tt8870942/?ref_=sr_t_317,2018,2h 20m,,,
318. Stockholm,https://www.imdb.com/title/tt6474040/?ref_=sr_t_318,2018,1h 32m,R,6.1,15K
319. More Than Funny,https://www.imdb.com/title/tt9222904/?ref_=sr_t_319,2018,1h 54m,,9.1,12
320. Andy Irons: Kissed by God,https://www.imdb.com/title/tt8961266/?ref_=sr_t_320,2018,1h 40m,Not Rated,8.1,914
321. Golden Job,https://www.imdb.com/title/tt7521990/?ref_=sr_t_321,2018,1h 40m,TV-14,5.6,1.5K
322. I Want to Eat Your Pancreas,https://www.imdb.com/title/tt7236034/?ref_=sr_t_322,2018,1h 49m,Not Rated,8.1,28K
323. Freaks,https://www.imdb.com/title/tt8781414/?ref_=sr_t_323,2018,1h 45m,R,6.7,42K
324. Science Fair,https://www.imdb.com/title/tt7153434/?ref_=sr_t_324,2018,1h 30m,PG,7.5,692
325. The World Before Your Feet,https://www.imdb.com/title/tt7844450/?ref_=sr_t_325,2018,1h 35m,PG-13,7.4,755
326. Detective Dee: The Four Heavenly Kings,https://www.imdb.com/title/tt6869538/?ref_=sr_t_326,2018,2h 12m,TV-MA,6.3,3.1K
327. Eating You Alive,https://www.imdb.com/title/tt5241760/?ref_=sr_t_327,2018,1h 48m,,7.9,955
328. What They Had,https://www.imdb.com/title/tt6662736/?ref_=sr_t_328,2018,1h 41m,R,6.7,4.9K
329. Mobile Suit Gundam: NT - Narrative,https://www.imdb.com/title/tt9497146/?ref_=sr_t_329,2018,1h 28m,,6.1,561
330. The House That Jack Built,https://www.imdb.com/title/tt4003440/?ref_=sr_t_330,2018,2h 32m,R,6.8,97K
331. Her Smell,https://www.imdb.com/title/tt7942742/?ref_=sr_t_331,2018,2h 16m,R,6.0,8.4K
332. Lords of Chaos,https://www.imdb.com/title/tt4669296/?ref_=sr_t_332,2018,1h 58m,R,6.6,21K
333. London Fields,https://www.imdb.com/title/tt1273221/?ref_=sr_t_333,2018,1h 58m,R,3.9,13K
334. Canal Street,https://www.imdb.com/title/tt6183104/?ref_=sr_t_334,2018,1h 29m,PG-13,5.1,420
335. Meeting Gorbachev,https://www.imdb.com/title/tt8811382/?ref_=sr_t_335,2018,1h 30m,Not Rated,7.2,2.8K
336. Batti Gul Meter Chalu,https://www.imdb.com/title/tt7720922/?ref_=sr_t_336,2018,2h 41m,,5.9,6.4K
337. The Fireflies Are Gone,https://www.imdb.com/title/tt8449092/?ref_=sr_t_337,2018,1h 36m,,6.9,629
338. Generation Wealth,https://www.imdb.com/title/tt5268348/?ref_=sr_t_338,2018,1h 45m,R,6.6,5.7K
339. Alien Intrusion: Unmasking a Deception,https://www.imdb.com/title/tt7056772/?ref_=sr_t_339,2018,2h 10m,,4.6,203
340. Skate Kitchen,https://www.imdb.com/title/tt7545566/?ref_=sr_t_340,2018,1h 46m,R,6.8,5K
341. American Woman,https://www.imdb.com/title/tt4465572/?ref_=sr_t_341,2018,1h 51m,R,6.8,8.1K
342. Matangi/Maya/M.I.A,https://www.imdb.com/title/tt3041550/?ref_=sr_t_342,2018,1h 36m,,7.5,2.3K
343. Swing Kids,https://www.imdb.com/title/tt7046974/?ref_=sr_t_343,2018,2h 13m,TV-14,7.5,3K
344. Fragments of Truth,https://www.imdb.com/title/tt7499368/?ref_=sr_t_344,2018,1h 15m,,8.5,33
345. Dark Money,https://www.imdb.com/title/tt6633182/?ref_=sr_t_345,2018,1h 39m,TV-14,7.1,939
346. Master Z: The Ip Man Legacy,https://www.imdb.com/title/tt7262882/?ref_=sr_t_346,2018,1h 47m,Not Rated,6.5,10K
347. Agent Mr. Chan,https://www.imdb.com/title/tt7759626/?ref_=sr_t_347,2018,1h 41m,,4.3,581
348. Heading Home: The Tale of Team Israel,https://www.imdb.com/title/tt7476784/?ref_=sr_t_348,2018,1h 27m,,6.3,112
349. The Guilty,https://www.imdb.com/title/tt6742252/?ref_=sr_t_349,2018,1h 25m,R,7.5,66K
350. The Iron Orchard,https://www.imdb.com/title/tt7014234/?ref_=sr_t_350,2018,1h 58m,R,5.7,456
351. Hesburgh,https://www.imdb.com/title/tt8403168/?ref_=sr_t_351,2018,1h 46m,Not Rated,8.0,140
352. Maquia: When the Promised Flower Blooms,https://www.imdb.com/title/tt7339826/?ref_=sr_t_352,2018,1h 55m,Not Rated,7.4,9.2K
353. Default,https://www.imdb.com/title/tt7233726/?ref_=sr_t_353,2018,1h 54m,,6.7,1.6K
354. The Bolshoi Ballet: Live From Moscow - Coppélia,https://www.imdb.com/title/tt8870948/?ref_=sr_t_354,2018,2h 45m,,,
355. Studio 54,https://www.imdb.com/title/tt5773986/?ref_=sr_t_355,2018,1h 38m,TV-MA,7.0,3.7K
356. Have It All -The Movie,https://www.imdb.com/title/tt8803596/?ref_=sr_t_356,2018,1h 30m,Approved,8.3,26
357. Family,https://www.imdb.com/title/tt6268882/?ref_=sr_t_357,2018,1h 25m,R,6.4,3.5K
358. The Doors: Break On Thru - A Celebration Of Ray Manzarek,https://www.imdb.com/title/tt7903550/?ref_=sr_t_358,2018,1h 7m,Not Rated,8.3,21
359. The Bolshoi Ballet: Live From Moscow - Don Quixote,https://www.imdb.com/title/tt8870874/?ref_=sr_t_359,2018,2h 55m,,,
360. The Monkey King 3,https://www.imdb.com/title/tt6466464/?ref_=sr_t_360,2018,1h 54m,Not Rated,5.5,1.9K
361. Madeline's Madeline,https://www.imdb.com/title/tt6101602/?ref_=sr_t_361,2018,1h 33m,Unrated,6.3,4.2K
362. National Theatre Live: King Lear,https://www.imdb.com/title/tt9055926/?ref_=sr_t_362,2018,3h 47m,,8.3,436
363. To Dust,https://www.imdb.com/title/tt7117594/?ref_=sr_t_363,2018,1h 45m,R,6.0,1.2K
364. Karwaan,https://www.imdb.com/title/tt7919680/?ref_=sr_t_364,2018,1h 54m,Not Rated,7.6,19K
365. Giant Little Ones,https://www.imdb.com/title/tt4481066/?ref_=sr_t_365,2018,1h 33m,R,7.2,10K
366. Last Letter,https://www.imdb.com/title/tt9078374/?ref_=sr_t_366,2018,1h 54m,,6.5,796
367. The Accidental Detective 2: In Action,https://www.imdb.com/title/tt7022500/?ref_=sr_t_367,2018,1h 56m,,6.5,918
368. BuyBust,https://www.imdb.com/title/tt5938084/?ref_=sr_t_368,2018,2h 7m,Not Rated,5.7,2.2K
369. Modest Heroes,https://www.imdb.com/title/tt8223844/?ref_=sr_t_369,2018,53m,PG,6.6,3.3K
"370. Iyengar: The Man, Yoga, and the Student's Journey",https://www.imdb.com/title/tt9085982/?ref_=sr_t_370,2018,1h 47m,,7.2,35
371. The Bolshoi Ballet: Live From Moscow - The Flames of Paris,https://www.imdb.com/title/tt8870938/?ref_=sr_t_371,2018,2h 15m,,,
372. Always at The Carlyle,https://www.imdb.com/title/tt4151320/?ref_=sr_t_372,2018,1h 32m,PG-13,6.5,941
373. The Bolshoi Ballet: Live From Moscow - La Sylphide,https://www.imdb.com/title/tt8870856/?ref_=sr_t_373,2018,2h,,,
374. Luis and the Aliens,https://www.imdb.com/title/tt4410000/?ref_=sr_t_374,2018,1h 26m,PG,6.0,3K
375. The Bolshoi Ballet: Live From Moscow - The Lady of the Camellias,https://www.imdb.com/title/tt8870936/?ref_=sr_t_375,2018,3h 5m,,,
376. Rampant,https://www.imdb.com/title/tt6927152/?ref_=sr_t_376,2018,2h 1m,,6.3,5K
377. Nureyev: Lifting the Curtain,https://www.imdb.com/title/tt3855546/?ref_=sr_t_377,2018,1h 49m,,7.2,386
378. Sunset,https://www.imdb.com/title/tt5855772/?ref_=sr_t_378,2018,2h 22m,R,6.2,4.7K
379. The Samuel Project,https://www.imdb.com/title/tt6208950/?ref_=sr_t_379,2018,1h 32m,PG-13,7.6,156
380. Silencio,https://www.imdb.com/title/tt7471884/?ref_=sr_t_380,2018,1h 38m,R,5.0,910
381. The Last Resort,https://www.imdb.com/title/tt7958740/?ref_=sr_t_381,2018,1h 10m,,7.3,232
382. The Death & Life of John F. Donovan,https://www.imdb.com/title/tt4042818/?ref_=sr_t_382,2018,2h 3m,R,6.1,8K
"383. Buttons, A New Musical Film",https://www.imdb.com/title/tt9248032/?ref_=sr_t_383,2018,1h 55m,PG,5.4,726
384. Peterloo,https://www.imdb.com/title/tt4614612/?ref_=sr_t_384,2018,2h 34m,PG-13,6.5,5.7K
385. Jay Myself,https://www.imdb.com/title/tt8890074/?ref_=sr_t_385,2018,1h 19m,,7.1,125
386. Little Woods,https://www.imdb.com/title/tt6418918/?ref_=sr_t_386,2018,1h 45m,R,6.2,4.2K
387. Bad Reputation,https://www.imdb.com/title/tt7525514/?ref_=sr_t_387,2018,1h 33m,R,7.3,1.5K
388. Museo,https://www.imdb.com/title/tt4958448/?ref_=sr_t_388,2018,2h 8m,,6.8,6.2K
389. Trial by Fire,https://www.imdb.com/title/tt3263946/?ref_=sr_t_389,2018,2h 7m,R,7.1,13K
390. Dogman,https://www.imdb.com/title/tt6768578/?ref_=sr_t_390,2018,1h 43m,Not Rated,7.2,31K
391. The Little Mermaid,https://www.imdb.com/title/tt5493944/?ref_=sr_t_391,2018,1h 25m,PG,4.3,9.7K
392. Best F(r)iends Volume Two,https://www.imdb.com/title/tt7694738/?ref_=sr_t_392,2018,1h 33m,R,4.9,1.1K
393. Burden,https://www.imdb.com/title/tt5314450/?ref_=sr_t_393,2018,1h 57m,R,6.7,4.3K
394. Who Will Write Our History,https://www.imdb.com/title/tt4645358/?ref_=sr_t_394,2018,1h 35m,,7.5,232
395. Rafiki,https://www.imdb.com/title/tt8286894/?ref_=sr_t_395,2018,1h 23m,,6.8,3.4K
396. The Other Story,https://www.imdb.com/title/tt8510206/?ref_=sr_t_396,2018,1h 52m,Not Rated,6.6,430
397. Okko's Inn,https://www.imdb.com/title/tt8328740/?ref_=sr_t_397,2018,1h 34m,PG,7.1,2.4K
398. The Times of Bill Cunningham,https://www.imdb.com/title/tt7283212/?ref_=sr_t_398,2018,1h 14m,,6.8,133
399. Support the Girls,https://www.imdb.com/title/tt6859352/?ref_=sr_t_399,2018,1h 33m,R,6.4,8.5K
400. Bel Canto,https://www.imdb.com/title/tt6046314/?ref_=sr_t_400,2018,1h 40m,TV-MA,5.5,3.9K
401. Mary Magdalene,https://www.imdb.com/title/tt5360996/?ref_=sr_t_401,2018,2h,R,5.9,12K
402. A Tuba to Cuba,https://www.imdb.com/title/tt5478446/?ref_=sr_t_402,2018,1h 22m,TV-PG,7.2,192
403. Becoming Astrid,https://www.imdb.com/title/tt6433456/?ref_=sr_t_403,2018,2h 3m,,7.1,7.5K
404. Till The End Of The World,https://www.imdb.com/title/tt7962598/?ref_=sr_t_404,2018,1h 57m,Not Rated,6.6,441
405. The Great Buster,https://www.imdb.com/title/tt8758548/?ref_=sr_t_405,2018,1h 42m,Not Rated,7.5,2.5K
"406. Ruben Brandt, Collector",https://www.imdb.com/title/tt6241872/?ref_=sr_t_406,2018,1h 36m,R,7.4,8.4K
407. Be Natural: The Untold Story of Alice Guy-Blaché,https://www.imdb.com/title/tt3146022/?ref_=sr_t_407,2018,1h 43m,Not Rated,7.7,1.2K
408. The Reports on Sarah and Saleem,https://www.imdb.com/title/tt7158582/?ref_=sr_t_408,2018,2h 7m,,7.2,1.4K
409. Bisbee '17,https://www.imdb.com/title/tt7520286/?ref_=sr_t_409,2018,1h 52m,PG,6.8,717
410. Gonjiam: Haunted Asylum,https://www.imdb.com/title/tt8119752/?ref_=sr_t_410,2018,1h 35m,Not Rated,6.5,19K
411. Nostalgia,https://www.imdb.com/title/tt6456222/?ref_=sr_t_411,2018,1h 54m,R,5.6,1.5K
412. The Woman Who Loves Giraffes,https://www.imdb.com/title/tt8901942/?ref_=sr_t_412,2018,2h 3m,,7.7,291
413. Hymn: Sarah Brightman In Concert,https://www.imdb.com/title/tt10160686/?ref_=sr_t_413,2018,,,8.1,21
414. A Boy. A Girl. A Dream.,https://www.imdb.com/title/tt6905402/?ref_=sr_t_414,2018,1h 29m,R,4.8,584
415. Take Point,https://www.imdb.com/title/tt7156436/?ref_=sr_t_415,2018,TV-14,,5.4,1.6K
"416. Hale County This Morning, This Evening",https://www.imdb.com/title/tt6634646/?ref_=sr_t_416,2018,1h 16m,Not Rated,6.4,2.2K
417. The Negotiation,https://www.imdb.com/title/tt6904272/?ref_=sr_t_417,2018,1h 54m,Not Rated,6.7,4.2K
418. El Angel,https://www.imdb.com/title/tt7204348/?ref_=sr_t_418,2018,1h 58m,Not Rated,6.9,12K
419. Airpocalypse,https://www.imdb.com/title/tt9409854/?ref_=sr_t_419,2018,1h 45m,Not Rated,3.9,151
420. Never Heard,https://www.imdb.com/title/tt6529772/?ref_=sr_t_420,2018,1h 29m,TV-14,5.6,562
421. Anthropocene: The Human Epoch,https://www.imdb.com/title/tt8399690/?ref_=sr_t_421,2018,1h 27m,,7.2,2.1K
422. Penguin Highway,https://www.imdb.com/title/tt8076344/?ref_=sr_t_422,2018,1h 57m,Not Rated,7.1,4.1K
423. Namaste England,https://www.imdb.com/title/tt7607940/?ref_=sr_t_423,2018,2h 21m,,2.1,3K
424. Detective K: Secret of the Living Dead,https://www.imdb.com/title/tt7108976/?ref_=sr_t_424,2018,2h,,6.1,621
425. Happy Phirr Bhag Jayegi,https://www.imdb.com/title/tt7881542/?ref_=sr_t_425,2018,2h 16m,Not Rated,4.5,1.5K
426. Walking on Water,https://www.imdb.com/title/tt7681868/?ref_=sr_t_426,2018,1h 45m,,6.9,716
427. Mojin: The Worm Valley,https://www.imdb.com/title/tt9490414/?ref_=sr_t_427,2018,1h 50m,,4.8,702
428. Unstoppable,https://www.imdb.com/title/tt9225192/?ref_=sr_t_428,2018,1h 56m,,6.6,6K
429. All About Nina,https://www.imdb.com/title/tt7542576/?ref_=sr_t_429,2018,1h 37m,R,6.2,3.3K
430. Meow Wolf: Origin Story,https://www.imdb.com/title/tt7984826/?ref_=sr_t_430,2018,1h 28m,,6.8,163
431. National Theatre Live: Macbeth,https://www.imdb.com/title/tt8386182/?ref_=sr_t_431,2018,3h 30m,,7.4,113
432. Champion,https://www.imdb.com/title/tt8367080/?ref_=sr_t_432,2018,1h 48m,,6.4,1.5K
433. Rojo,https://www.imdb.com/title/tt8956390/?ref_=sr_t_433,2018,1h 49m,,6.3,2.8K
434. Golden Slumber,https://www.imdb.com/title/tt6485776/?ref_=sr_t_434,2018,1h 48m,Not Rated,5.9,1.1K
435. The Image Book,https://www.imdb.com/title/tt5749596/?ref_=sr_t_435,2018,1h 28m,Not Rated,6.2,3.1K
436. Mapplethorpe,https://www.imdb.com/title/tt1389098/?ref_=sr_t_436,2018,1h 42m,Unrated,6.2,2K
437. John McEnroe: In the Realm of Perfection,https://www.imdb.com/title/tt7966920/?ref_=sr_t_437,2018,1h 35m,,6.7,847
438. The Crossing,https://www.imdb.com/title/tt8875366/?ref_=sr_t_438,2018,1h 39m,,6.8,1.4K
439. Running for Grace,https://www.imdb.com/title/tt5696326/?ref_=sr_t_439,2018,1h 50m,TV-14,6.1,1.8K
440. Cat on a Hot Tin Roof,https://www.imdb.com/title/tt7510284/?ref_=sr_t_440,2018,3h 5m,,7.3,358
441. Ramen Shop,https://www.imdb.com/title/tt6720618/?ref_=sr_t_441,2018,1h 29m,,6.8,2.5K
442. The Price of Everything,https://www.imdb.com/title/tt7475540/?ref_=sr_t_442,2018,1h 38m,TV-14,7.2,1.4K
443. The Chambermaid,https://www.imdb.com/title/tt8331988/?ref_=sr_t_443,2018,1h 42m,TV-MA,7.0,2.2K
444. Lobster Cop,https://www.imdb.com/title/tt8489090/?ref_=sr_t_444,2018,1h 34m,,5.1,223
445. Big Brother,https://www.imdb.com/title/tt7336572/?ref_=sr_t_445,2018,1h 41m,TV-14,6.3,3.7K
446. The Third Wife,https://www.imdb.com/title/tt7692966/?ref_=sr_t_446,2018,1h 36m,R,6.6,2.4K
447. Papi Chulo,https://www.imdb.com/title/tt8228538/?ref_=sr_t_447,2018,1h 38m,R,6.6,1.9K
448. High Strung Free Dance,https://www.imdb.com/title/tt6428150/?ref_=sr_t_448,2018,1h 43m,PG,6.8,2.3K
449. National Theatre Live: Antony & Cleopatra,https://www.imdb.com/title/tt8672516/?ref_=sr_t_449,2018,3h 40m,,7.3,515
450. Blood Fest,https://www.imdb.com/title/tt7208564/?ref_=sr_t_450,2018,1h 32m,Not Rated,5.4,6.9K
451. Nancy,https://www.imdb.com/title/tt6509058/?ref_=sr_t_451,2018,1h 25m,Not Rated,6.2,3.8K
452. Saint Judy,https://www.imdb.com/title/tt5431284/?ref_=sr_t_452,2018,1h 46m,PG-13,6.5,1.8K
453. The Princess and the Matchmaker,https://www.imdb.com/title/tt5961314/?ref_=sr_t_453,2018,1h 50m,,6.3,769
454. The Boxcar Children - Surprise Island,https://www.imdb.com/title/tt6241390/?ref_=sr_t_454,2018,1h 21m,Not Rated,4.9,228
455. The Heiresses,https://www.imdb.com/title/tt7875464/?ref_=sr_t_455,2018,1h 38m,TV-14,6.6,3.3K
456. A Breath Away,https://www.imdb.com/title/tt5092380/?ref_=sr_t_456,2018,1h 29m,,5.9,7.8K
457. Ploey,https://www.imdb.com/title/tt2766104/?ref_=sr_t_457,2018,1h 23m,PG,5.4,1.3K
458. A Faithful Man,https://www.imdb.com/title/tt8075202/?ref_=sr_t_458,2018,1h 15m,,6.2,4.5K
459. Fast Color,https://www.imdb.com/title/tt6418778/?ref_=sr_t_459,2018,1h 40m,PG-13,6.1,7.2K
460. 93Queen,https://www.imdb.com/title/tt7235016/?ref_=sr_t_460,2018,1h 30m,,7.4,146
461. The Riot Act,https://www.imdb.com/title/tt6702308/?ref_=sr_t_461,2018,1h 41m,PG-13,4.4,290
462. Keys to the Heart,https://www.imdb.com/title/tt6985200/?ref_=sr_t_462,2018,2h,,7.5,1.6K
463. Savage,https://www.imdb.com/title/tt9742422/?ref_=sr_t_463,2018,1h 52m,Not Rated,5.7,548
464. 5B,https://www.imdb.com/title/tt9403508/?ref_=sr_t_464,2018,1h 34m,PG-13,7.8,329
465. 3 Faces,https://www.imdb.com/title/tt8269552/?ref_=sr_t_465,2018,1h 40m,,7.0,5K
466. Helicopter Eela,https://www.imdb.com/title/tt8427036/?ref_=sr_t_466,2018,2h 15m,,5.5,1.3K
467. Styx,https://www.imdb.com/title/tt5942864/?ref_=sr_t_467,2018,1h 34m,Not Rated,6.5,3.5K
468. Diamantino,https://www.imdb.com/title/tt6522668/?ref_=sr_t_468,2018,1h 36m,,6.3,3.2K
469. Wastelander,https://www.imdb.com/title/tt2651724/?ref_=sr_t_469,2018,1h 30m,R,2.7,217
470. Parchi,https://www.imdb.com/title/tt7592758/?ref_=sr_t_470,2018,2h 17m,,5.4,472
471. Chef Flynn,https://www.imdb.com/title/tt7689956/?ref_=sr_t_471,2018,1h 22m,,6.7,307
472. The Silence of Others,https://www.imdb.com/title/tt8099236/?ref_=sr_t_472,2018,1h 36m,,8.0,2.4K
473. Where Hands Touch,https://www.imdb.com/title/tt1235187/?ref_=sr_t_473,2018,2h 2m,PG-13,6.6,5.9K
474. Making the Five Heartbeats,https://www.imdb.com/title/tt8829850/?ref_=sr_t_474,2018,1h 25m,PG-13,9.0,65
475. Being Frank,https://www.imdb.com/title/tt6547044/?ref_=sr_t_475,2018,1h 49m,R,6.1,2K
476. The Doctor from India,https://www.imdb.com/title/tt7999770/?ref_=sr_t_476,2018,1h 29m,Unrated,6.5,111
477. By the Grace of God,https://www.imdb.com/title/tt8095860/?ref_=sr_t_477,2018,2h 17m,,7.2,8.5K
"478. 3100, Run and Become",https://www.imdb.com/title/tt4936398/?ref_=sr_t_478,2018,1h 20m,Not Rated,7.0,193
479. This Changes Everything,https://www.imdb.com/title/tt5795282/?ref_=sr_t_479,2018,1h 36m,TV-PG,7.7,1.9K
480. Feng Shui,https://www.imdb.com/title/tt7046524/?ref_=sr_t_480,2018,2h 13m,,6.1,382
481. Working Woman,https://www.imdb.com/title/tt8844204/?ref_=sr_t_481,2018,1h 33m,,6.8,602
"482. Monrovia, Indiana",https://www.imdb.com/title/tt8749146/?ref_=sr_t_482,2018,2h 23m,Not Rated,7.0,678
483. Liz and the Blue Bird,https://www.imdb.com/title/tt7089878/?ref_=sr_t_483,2018,1h 30m,,7.1,2.5K
484. Sauvage / Wild,https://www.imdb.com/title/tt8307082/?ref_=sr_t_484,2018,1h 39m,Not Rated,7.1,5.7K
485. Never Goin' Back,https://www.imdb.com/title/tt7690016/?ref_=sr_t_485,2018,1h 25m,R,6.1,4.3K
486. The Mountain,https://www.imdb.com/title/tt7950334/?ref_=sr_t_486,2018,1h 46m,,5.5,1.8K
487. Viper Club,https://www.imdb.com/title/tt6388074/?ref_=sr_t_487,2018,1h 49m,R,5.6,664
"488. Westwood: Punk, Icon, Activist",https://www.imdb.com/title/tt4378628/?ref_=sr_t_488,2018,1h 23m,,6.2,1.2K
489. A Kid Like Jake,https://www.imdb.com/title/tt6884200/?ref_=sr_t_489,2018,1h 32m,R,5.6,4K
490. Cynthia,https://www.imdb.com/title/tt5755280/?ref_=sr_t_490,2018,1h 29m,Not Rated,4.6,462
491. In Search of Greatness,https://www.imdb.com/title/tt8236398/?ref_=sr_t_491,2018,1h 17m,PG-13,6.9,578
492. Black '47,https://www.imdb.com/title/tt3208026/?ref_=sr_t_492,2018,1h 40m,R,6.8,14K
493. Bhavesh Joshi Superhero,https://www.imdb.com/title/tt6129302/?ref_=sr_t_493,2018,2h 34m,Not Rated,7.6,11K
494. American Dream: Detroit,https://www.imdb.com/title/tt8301252/?ref_=sr_t_494,2018,,,7.5,22
495. A Simple Wedding,https://www.imdb.com/title/tt6328242/?ref_=sr_t_495,2018,1h 28m,TV-14,5.4,1.2K
496. Digimon Adventure tri. Part 6: Future,https://www.imdb.com/title/tt5468022/?ref_=sr_t_496,2018,1h 38m,TV-PG,7.0,1K
497. Twiceland,https://www.imdb.com/title/tt9386922/?ref_=sr_t_497,2018,1h 50m,,9.3,73
498. American Dharma,https://www.imdb.com/title/tt8804284/?ref_=sr_t_498,2018,1h 35m,R,7.0,1K
499. The Snowman Trek,https://www.imdb.com/title/tt5802168/?ref_=sr_t_499,2018,1h 45m,TV-14,5.1,34
500. Henchmen,https://www.imdb.com/title/tt3076510/?ref_=sr_t_500,2018,1h 29m,TV-Y7,5.1,753
