Title,Movie Link,Year,Duration,MPA,Rating,Votes
1. Pirates of the Caribbean: Dead Man's Chest,https://www.imdb.com/title/tt0383574/?ref_=sr_t_1,2006,2h 31m,PG-13,7.4,787K
2. Night at the Museum,https://www.imdb.com/title/tt0477347/?ref_=sr_t_2,2006,1h 48m,PG,6.5,388K
3. Cars,https://www.imdb.com/title/tt0317219/?ref_=sr_t_3,2006,1h 56m,G,7.3,491K
4. X-Men: The Last Stand,https://www.imdb.com/title/tt0376994/?ref_=sr_t_4,2006,1h 44m,PG-13,6.6,554K
5. The Da Vinci Code,https://www.imdb.com/title/tt0382625/?ref_=sr_t_5,2006,2h 29m,PG-13,6.6,468K
6. 300,https://www.imdb.com/title/tt0416449/?ref_=sr_t_6,2006,1h 57m,R,7.6,881K
7. Superman Returns,https://www.imdb.com/title/tt0348150/?ref_=sr_t_7,2006,2h 34m,PG-13,6.1,294K
8. Happy Feet,https://www.imdb.com/title/tt0366548/?ref_=sr_t_8,2006,1h 48m,PG,6.4,205K
9. Ice Age: The Meltdown,https://www.imdb.com/title/tt0438097/?ref_=sr_t_9,2006,1h 31m,PG,6.8,304K
10. Casino Royale,https://www.imdb.com/title/tt0381061/?ref_=sr_t_10,2006,2h 24m,PG-13,8.0,710K
11. The Pursuit of Happyness,https://www.imdb.com/title/tt0454921/?ref_=sr_t_11,2006,1h 57m,PG-13,8.0,580K
12. Over the Hedge,https://www.imdb.com/title/tt0327084/?ref_=sr_t_12,2006,1h 23m,PG,6.7,194K
13. Talladega Nights: The Ballad of Ricky Bobby,https://www.imdb.com/title/tt0415306/?ref_=sr_t_13,2006,1h 48m,PG-13,6.6,205K
14. Click,https://www.imdb.com/title/tt0389860/?ref_=sr_t_14,2006,1h 47m,PG-13,6.4,366K
15. Mission: Impossible III,https://www.imdb.com/title/tt0317919/?ref_=sr_t_15,2006,2h 6m,PG-13,6.9,399K
16. The Departed,https://www.imdb.com/title/tt0407887/?ref_=sr_t_16,2006,2h 31m,R,8.5,1.5M
17. Borat,https://www.imdb.com/title/tt0443453/?ref_=sr_t_17,2006,1h 24m,R,7.4,455K
18. The Devil Wears Prada,https://www.imdb.com/title/tt0458352/?ref_=sr_t_18,2006,1h 49m,PG-13,6.9,489K
19. The Break-Up,https://www.imdb.com/title/tt0452594/?ref_=sr_t_19,2006,1h 46m,PG-13,5.8,141K
20. Dreamgirls,https://www.imdb.com/title/tt0443489/?ref_=sr_t_20,2006,2h 10m,PG-13,6.6,78K
21. Scary Movie 4,https://www.imdb.com/title/tt0362120/?ref_=sr_t_21,2006,1h 23m,PG-13,5.1,132K
22. Failure to Launch,https://www.imdb.com/title/tt0427229/?ref_=sr_t_22,2006,1h 37m,PG-13,5.7,90K
23. Inside Man,https://www.imdb.com/title/tt0454848/?ref_=sr_t_23,2006,2h 9m,R,7.6,407K
24. Open Season,https://www.imdb.com/title/tt0400717/?ref_=sr_t_24,2006,1h 26m,PG,6.1,109K
25. The Santa Clause 3: The Escape Clause,https://www.imdb.com/title/tt0452681/?ref_=sr_t_25,2006,1h 32m,G,4.8,44K
26. Charlotte's Web,https://www.imdb.com/title/tt0413895/?ref_=sr_t_26,2006,1h 37m,G,6.3,48K
27. The Pink Panther,https://www.imdb.com/title/tt0383216/?ref_=sr_t_27,2006,1h 33m,PG,5.7,95K
28. Eight Below,https://www.imdb.com/title/tt0397313/?ref_=sr_t_28,2006,2h,PG,7.3,70K
29. Saw III,https://www.imdb.com/title/tt0489270/?ref_=sr_t_29,2006,1h 48m,R,6.2,219K
30. Nacho Libre,https://www.imdb.com/title/tt0457510/?ref_=sr_t_30,2006,1h 32m,PG,5.9,96K
"31. You, Me and Dupree",https://www.imdb.com/title/tt0463034/?ref_=sr_t_31,2006,1h 50m,PG-13,5.6,85K
32. Eragon,https://www.imdb.com/title/tt0449010/?ref_=sr_t_32,2006,1h 44m,PG,5.1,132K
33. Monster House,https://www.imdb.com/title/tt0385880/?ref_=sr_t_33,2006,1h 31m,PG,6.7,145K
34. Jackass Number Two,https://www.imdb.com/title/tt0493430/?ref_=sr_t_34,2006,1h 32m,R,7.0,81K
35. Barnyard,https://www.imdb.com/title/tt0414853/?ref_=sr_t_35,2006,1h 30m,PG,5.6,36K
36. RV,https://www.imdb.com/title/tt0449089/?ref_=sr_t_36,2006,1h 39m,PG,5.6,65K
37. World Trade Center,https://www.imdb.com/title/tt0469641/?ref_=sr_t_37,2006,2h 9m,PG-13,6.0,89K
38. Rocky Balboa,https://www.imdb.com/title/tt0479143/?ref_=sr_t_38,2006,1h 42m,PG,7.1,235K
39. Big Momma's House 2,https://www.imdb.com/title/tt0421729/?ref_=sr_t_39,2006,1h 39m,PG-13,4.8,47K
40. Step Up,https://www.imdb.com/title/tt0462590/?ref_=sr_t_40,2006,1h 44m,PG-13,6.5,129K
41. Flushed Away,https://www.imdb.com/title/tt0424095/?ref_=sr_t_41,2006,1h 25m,PG,6.6,143K
42. Deja Vu,https://www.imdb.com/title/tt0453467/?ref_=sr_t_42,2006,2h 6m,PG-13,7.1,334K
43. Miami Vice,https://www.imdb.com/title/tt0430357/?ref_=sr_t_43,2006,2h 12m,R,6.1,126K
44. Madea's Family Reunion,https://www.imdb.com/title/tt0455612/?ref_=sr_t_44,2006,1h 47m,PG-13,5.3,12K
45. The Holiday,https://www.imdb.com/title/tt0457939/?ref_=sr_t_45,2006,2h 16m,PG-13,7.0,343K
46. The Fast and the Furious: Tokyo Drift,https://www.imdb.com/title/tt0463985/?ref_=sr_t_46,2006,1h 44m,PG-13,6.1,310K
47. Underworld: Evolution,https://www.imdb.com/title/tt0401855/?ref_=sr_t_47,2006,1h 46m,R,6.7,212K
48. The Shaggy Dog,https://www.imdb.com/title/tt0393735/?ref_=sr_t_48,2006,1h 38m,PG,4.4,20K
49. Poseidon,https://www.imdb.com/title/tt0409182/?ref_=sr_t_49,2006,1h 38m,PG-13,5.7,112K
50. The Good Shepherd,https://www.imdb.com/title/tt0343737/?ref_=sr_t_50,2006,2h 47m,R,6.7,110K
51. Little Miss Sunshine,https://www.imdb.com/title/tt0449059/?ref_=sr_t_51,2006,1h 41m,R,7.8,530K
52. The Benchwarmers,https://www.imdb.com/title/tt0437863/?ref_=sr_t_52,2006,1h 25m,PG-13,5.5,56K
53. Little Man,https://www.imdb.com/title/tt0430304/?ref_=sr_t_53,2006,1h 38m,PG-13,4.5,62K
54. Curious George,https://www.imdb.com/title/tt0381971/?ref_=sr_t_54,2006,1h 27m,G,6.5,19K
55. Invincible,https://www.imdb.com/title/tt0445990/?ref_=sr_t_55,2006,1h 45m,PG,7.0,77K
56. Blood Diamond,https://www.imdb.com/title/tt0450259/?ref_=sr_t_56,2006,2h 23m,R,8.0,600K
57. The Queen,https://www.imdb.com/title/tt0436697/?ref_=sr_t_57,2006,1h 43m,PG-13,7.3,117K
58. The Guardian,https://www.imdb.com/title/tt0406816/?ref_=sr_t_58,2006,2h 19m,PG-13,6.9,100K
59. The Omen,https://www.imdb.com/title/tt0466909/?ref_=sr_t_59,2006,1h 50m,R,5.5,65K
60. Final Destination 3,https://www.imdb.com/title/tt0414982/?ref_=sr_t_60,2006,1h 33m,R,5.8,159K
61. The Prestige,https://www.imdb.com/title/tt0482571/?ref_=sr_t_61,2006,2h 10m,PG-13,8.5,1.5M
62. The Lake House,https://www.imdb.com/title/tt0410297/?ref_=sr_t_62,2006,1h 39m,PG,6.8,160K
63. Apocalypto,https://www.imdb.com/title/tt0472043/?ref_=sr_t_63,2006,2h 19m,R,7.8,339K
64. Firewall,https://www.imdb.com/title/tt0408345/?ref_=sr_t_64,2006,1h 45m,PG-13,5.8,60K
65. Date Movie,https://www.imdb.com/title/tt0466342/?ref_=sr_t_65,2006,1h 23m,PG-13,2.8,63K
66. When a Stranger Calls,https://www.imdb.com/title/tt0455857/?ref_=sr_t_66,2006,1h 27m,PG-13,5.1,50K
67. Silent Hill,https://www.imdb.com/title/tt0384537/?ref_=sr_t_67,2006,2h 5m,R,6.5,250K
68. We Are Marshall,https://www.imdb.com/title/tt0758794/?ref_=sr_t_68,2006,2h 11m,PG,7.0,66K
69. Glory Road,https://www.imdb.com/title/tt0385726/?ref_=sr_t_69,2006,1h 58m,PG,7.2,50K
70. Lady in the Water,https://www.imdb.com/title/tt0452637/?ref_=sr_t_70,2006,1h 50m,PG-13,5.5,106K
71. The Hills Have Eyes,https://www.imdb.com/title/tt0454841/?ref_=sr_t_71,2006,1h 47m,R,6.4,188K
72. John Tucker Must Die,https://www.imdb.com/title/tt0455967/?ref_=sr_t_72,2006,1h 29m,PG-13,5.7,90K
73. Stranger Than Fiction,https://www.imdb.com/title/tt0420223/?ref_=sr_t_73,2006,1h 53m,PG-13,7.5,239K
74. The Illusionist,https://www.imdb.com/title/tt0443543/?ref_=sr_t_74,2006,1h 50m,PG-13,7.5,394K
75. The Texas Chainsaw Massacre: The Beginning,https://www.imdb.com/title/tt0420294/?ref_=sr_t_75,2006,1h 31m,R,5.8,79K
76. The Grudge 2,https://www.imdb.com/title/tt0433386/?ref_=sr_t_76,2006,1h 42m,PG-13,5.1,52K
77. Gridiron Gang,https://www.imdb.com/title/tt0421206/?ref_=sr_t_77,2006,2h 5m,PG-13,7.1,82K
78. Last Holiday,https://www.imdb.com/title/tt0408985/?ref_=sr_t_78,2006,1h 52m,PG-13,6.6,39K
79. Pan's Labyrinth,https://www.imdb.com/title/tt0457430/?ref_=sr_t_79,2006,1h 58m,R,8.2,717K
80. The Nativity Story,https://www.imdb.com/title/tt0762121/?ref_=sr_t_80,2006,1h 41m,PG,6.8,13K
81. The Wild,https://www.imdb.com/title/tt0405469/?ref_=sr_t_81,2006,1h 22m,G,5.2,28K
82. Man of the Year,https://www.imdb.com/title/tt0483726/?ref_=sr_t_82,2006,1h 55m,PG-13,6.2,36K
83. 16 Blocks,https://www.imdb.com/title/tt0450232/?ref_=sr_t_83,2006,1h 42m,PG-13,6.6,136K
84. Accepted,https://www.imdb.com/title/tt0384793/?ref_=sr_t_84,2006,1h 33m,PG-13,6.4,142K
85. The Sentinel,https://www.imdb.com/title/tt0443632/?ref_=sr_t_85,2006,1h 48m,PG-13,6.1,53K
86. Smokin' Aces,https://www.imdb.com/title/tt0475394/?ref_=sr_t_86,2006,1h 48m,R,6.6,154K
87. Children of Men,https://www.imdb.com/title/tt0206634/?ref_=sr_t_87,2006,1h 49m,R,7.9,542K
88. Deck the Halls,https://www.imdb.com/title/tt0790604/?ref_=sr_t_88,2006,1h 33m,PG,5.1,36K
89. Take the Lead,https://www.imdb.com/title/tt0446046/?ref_=sr_t_89,2006,1h 58m,PG-13,6.6,27K
90. Babel,https://www.imdb.com/title/tt0449467/?ref_=sr_t_90,2006,2h 23m,R,7.5,321K
91. Snakes on a Plane,https://www.imdb.com/title/tt0417148/?ref_=sr_t_91,2006,1h 45m,R,5.5,146K
92. She's the Man,https://www.imdb.com/title/tt0454945/?ref_=sr_t_92,2006,1h 45m,PG-13,6.4,181K
93. Flags of Our Fathers,https://www.imdb.com/title/tt0418689/?ref_=sr_t_93,2006,2h 15m,R,7.1,131K
94. United 93,https://www.imdb.com/title/tt0475276/?ref_=sr_t_94,2006,1h 51m,R,7.6,113K
95. Employee of the Month,https://www.imdb.com/title/tt0424993/?ref_=sr_t_95,2006,1h 43m,PG-13,5.6,51K
96. Garfield: A Tail of Two Kitties,https://www.imdb.com/title/tt0455499/?ref_=sr_t_96,2006,1h 22m,PG,5.0,49K
97. The Ant Bully,https://www.imdb.com/title/tt0429589/?ref_=sr_t_97,2006,1h 28m,PG,5.8,43K
98. Crank,https://www.imdb.com/title/tt0479884/?ref_=sr_t_98,2006,1h 28m,R,6.9,269K
99. Stick It,https://www.imdb.com/title/tt0430634/?ref_=sr_t_99,2006,1h 43m,PG-13,6.4,31K
100. Fearless,https://www.imdb.com/title/tt0446059/?ref_=sr_t_100,2006,1h 44m,PG-13,7.6,80K
101. Clerks II,https://www.imdb.com/title/tt0424345/?ref_=sr_t_101,2006,1h 37m,R,7.3,142K
102. An Inconvenient Truth,https://www.imdb.com/title/tt0497116/?ref_=sr_t_102,2006,1h 36m,PG,7.4,86K
103. The Wicker Man,https://www.imdb.com/title/tt0450345/?ref_=sr_t_103,2006,1h 42m,PG-13,3.8,73K
104. The Covenant,https://www.imdb.com/title/tt0475944/?ref_=sr_t_104,2006,1h 37m,PG-13,5.2,53K
105. Stay Alive,https://www.imdb.com/title/tt0441796/?ref_=sr_t_105,2006,1h 25m,PG-13,5.0,35K
106. The Black Dahlia,https://www.imdb.com/title/tt0387877/?ref_=sr_t_106,2006,2h 1m,R,5.6,78K
107. My Super Ex-Girlfriend,https://www.imdb.com/title/tt0465624/?ref_=sr_t_107,2006,1h 36m,PG-13,5.2,68K
108. Lucky Number Slevin,https://www.imdb.com/title/tt0425210/?ref_=sr_t_108,2006,1h 50m,R,7.7,330K
109. Waist Deep,https://www.imdb.com/title/tt0456020/?ref_=sr_t_109,2006,1h 37m,R,5.8,11K
110. Amazing Grace,https://www.imdb.com/title/tt0454776/?ref_=sr_t_110,2006,1h 58m,PG,7.4,26K
111. ATL,https://www.imdb.com/title/tt0466856/?ref_=sr_t_111,2006,1h 45m,PG-13,6.2,12K
112. Flicka,https://www.imdb.com/title/tt0434215/?ref_=sr_t_112,2006,1h 35m,PG,6.0,8.7K
113. A Prairie Home Companion,https://www.imdb.com/title/tt0420087/?ref_=sr_t_113,2006,1h 45m,PG-13,6.7,24K
114. Pulse,https://www.imdb.com/title/tt0454919/?ref_=sr_t_114,2006,1h 30m,PG-13,4.7,31K
115. Beerfest,https://www.imdb.com/title/tt0486551/?ref_=sr_t_115,2006,1h 50m,R,6.2,72K
116. Akeelah and the Bee,https://www.imdb.com/title/tt0437800/?ref_=sr_t_116,2006,1h 52m,PG,7.4,22K
117. The Marine,https://www.imdb.com/title/tt0419946/?ref_=sr_t_117,2006,1h 32m,PG-13,4.8,36K
118. Aquamarine,https://www.imdb.com/title/tt0429591/?ref_=sr_t_118,2006,1h 50m,PG,5.4,46K
119. Ultraviolet,https://www.imdb.com/title/tt0370032/?ref_=sr_t_119,2006,1h 28m,PG-13,4.4,85K
120. School for Scoundrels,https://www.imdb.com/title/tt0462519/?ref_=sr_t_120,2006,1h 40m,PG-13,5.9,31K
121. The Last King of Scotland,https://www.imdb.com/title/tt0455590/?ref_=sr_t_121,2006,2h 3m,R,7.6,199K
122. Notes on a Scandal,https://www.imdb.com/title/tt0465551/?ref_=sr_t_122,2006,1h 32m,R,7.4,86K
123. Just My Luck,https://www.imdb.com/title/tt0397078/?ref_=sr_t_123,2006,1h 43m,PG-13,5.5,63K
124. Annapolis,https://www.imdb.com/title/tt0417433/?ref_=sr_t_124,2006,1h 48m,PG-13,5.8,22K
125. Unaccompanied Minors,https://www.imdb.com/title/tt0488658/?ref_=sr_t_125,2006,1h 30m,PG,5.4,13K
126. Black Christmas,https://www.imdb.com/title/tt0454082/?ref_=sr_t_126,2006,1h 35m,R,4.7,32K
127. Marie Antoinette,https://www.imdb.com/title/tt0422720/?ref_=sr_t_127,2006,2h 3m,PG-13,6.5,126K
128. Larry the Cable Guy: Health Inspector,https://www.imdb.com/title/tt0462395/?ref_=sr_t_128,2006,1h 29m,PG-13,3.5,13K
129. Happily N'Ever After,https://www.imdb.com/title/tt0308353/?ref_=sr_t_129,2006,1h 27m,PG,4.5,11K
130. Catch and Release,https://www.imdb.com/title/tt0395495/?ref_=sr_t_130,2006,2h 4m,PG-13,5.9,29K
131. Alpha Dog,https://www.imdb.com/title/tt0426883/?ref_=sr_t_131,2006,2h 2m,R,6.9,109K
132. Arthur and the Invisibles,https://www.imdb.com/title/tt0344854/?ref_=sr_t_132,2006,1h 34m,PG,6.0,42K
133. See No Evil,https://www.imdb.com/title/tt0437179/?ref_=sr_t_133,2006,1h 24m,R,5.1,30K
134. Tristan + Isolde,https://www.imdb.com/title/tt0375154/?ref_=sr_t_134,2006,2h 5m,PG-13,6.8,55K
135. Everyone's Hero,https://www.imdb.com/title/tt0430779/?ref_=sr_t_135,2006,1h 27m,G,5.7,9.9K
136. Hollywoodland,https://www.imdb.com/title/tt0427969/?ref_=sr_t_136,2006,2h 6m,R,6.5,36K
137. Letters from Iwo Jima,https://www.imdb.com/title/tt0498380/?ref_=sr_t_137,2006,2h 21m,R,7.8,173K
138. The Namesake,https://www.imdb.com/title/tt0433416/?ref_=sr_t_138,2006,2h 2m,PG-13,7.5,22K
139. One Night with the King,https://www.imdb.com/title/tt0430431/?ref_=sr_t_139,2006,2h 3m,PG,6.0,8K
140. Friends with Money,https://www.imdb.com/title/tt0436331/?ref_=sr_t_140,2006,1h 28m,R,5.8,32K
141. Flyboys,https://www.imdb.com/title/tt0454824/?ref_=sr_t_141,2006,2h 20m,PG-13,6.5,45K
142. How to Eat Fried Worms,https://www.imdb.com/title/tt0462346/?ref_=sr_t_142,2006,1h 24m,PG,5.3,6.2K
143. Volver,https://www.imdb.com/title/tt0441909/?ref_=sr_t_143,2006,2h 1m,R,7.6,109K
144. Bon Cop Bad Cop,https://www.imdb.com/title/tt0479647/?ref_=sr_t_144,2006,1h 57m,R,6.7,13K
145. Idlewild,https://www.imdb.com/title/tt0417225/?ref_=sr_t_145,2006,2h 1m,R,6.2,5.9K
146. Freedomland,https://www.imdb.com/title/tt0349467/?ref_=sr_t_146,2006,1h 53m,R,5.2,17K
147. Zoom,https://www.imdb.com/title/tt0383060/?ref_=sr_t_147,2006,1h 23m,PG,4.4,23K
148. The Last Kiss,https://www.imdb.com/title/tt0434139/?ref_=sr_t_148,2006,1h 44m,R,6.4,42K
149. Something New,https://www.imdb.com/title/tt0437777/?ref_=sr_t_149,2006,1h 39m,PG-13,6.6,15K
150. Material Girls,https://www.imdb.com/title/tt0433412/?ref_=sr_t_150,2006,1h 38m,PG,4.0,23K
151. The Lives of Others,https://www.imdb.com/title/tt0405094/?ref_=sr_t_151,2006,2h 17m,R,8.4,422K
152. Bobby,https://www.imdb.com/title/tt0308055/?ref_=sr_t_152,2006,1h 57m,R,7.0,43K
153. The Astronaut Farmer,https://www.imdb.com/title/tt0469263/?ref_=sr_t_153,2006,1h 44m,PG,6.3,23K
154. Scoop,https://www.imdb.com/title/tt0457513/?ref_=sr_t_154,2006,1h 36m,PG-13,6.6,89K
155. Facing the Giants,https://www.imdb.com/title/tt0805526/?ref_=sr_t_155,2006,1h 51m,PG,6.5,18K
156. The Fountain,https://www.imdb.com/title/tt0414993/?ref_=sr_t_156,2006,1h 37m,PG-13,7.2,252K
157. Penelope,https://www.imdb.com/title/tt0472160/?ref_=sr_t_157,2006,1h 44m,PG,6.7,67K
158. Once,https://www.imdb.com/title/tt0907657/?ref_=sr_t_158,2006,1h 26m,R,7.8,123K
159. Black Snake Moan,https://www.imdb.com/title/tt0462200/?ref_=sr_t_159,2006,1h 56m,R,6.9,67K
160. Tenacious D in the Pick of Destiny,https://www.imdb.com/title/tt0365830/?ref_=sr_t_160,2006,1h 34m,R,6.8,117K
161. Hoot,https://www.imdb.com/title/tt0453494/?ref_=sr_t_161,2006,1h 31m,PG,5.5,8.9K
162. Bella,https://www.imdb.com/title/tt0482463/?ref_=sr_t_162,2006,1h 31m,PG-13,7.1,11K
163. The Painted Veil,https://www.imdb.com/title/tt0446755/?ref_=sr_t_163,2006,2h 5m,PG-13,7.4,97K
164. The Night Listener,https://www.imdb.com/title/tt0448075/?ref_=sr_t_164,2006,1h 31m,R,5.9,16K
165. Slither,https://www.imdb.com/title/tt0439815/?ref_=sr_t_165,2006,1h 35m,R,6.5,91K
166. El cantante,https://www.imdb.com/title/tt0458522/?ref_=sr_t_166,2006,1h 46m,R,5.5,5.4K
167. A Good Year,https://www.imdb.com/title/tt0401445/?ref_=sr_t_167,2006,1h 57m,PG-13,6.9,103K
168. Doogal,https://www.imdb.com/title/tt0763304/?ref_=sr_t_168,2006,1h 18m,G,2.8,5.5K
169. All the King's Men,https://www.imdb.com/title/tt0405676/?ref_=sr_t_169,2006,2h 8m,PG-13,6.1,26K
170. American Dreamz,https://www.imdb.com/title/tt0465142/?ref_=sr_t_170,2006,1h 47m,PG-13,5.5,25K
171. The Hoax,https://www.imdb.com/title/tt0462338/?ref_=sr_t_171,2006,1h 56m,R,6.7,17K
172. Phat Girlz,https://www.imdb.com/title/tt0490196/?ref_=sr_t_172,2006,1h 39m,PG-13,3.3,9.5K
173. Turistas,https://www.imdb.com/title/tt0454970/?ref_=sr_t_173,2006,1h 33m,R,5.4,41K
174. Bug,https://www.imdb.com/title/tt0470705/?ref_=sr_t_174,2006,1h 42m,R,6.1,39K
175. Running with Scissors,https://www.imdb.com/title/tt0439289/?ref_=sr_t_175,2006,1h 56m,R,6.1,23K
176. Crossover,https://www.imdb.com/title/tt0473024/?ref_=sr_t_176,2006,1h 35m,PG-13,2.2,9.5K
177. Running Scared,https://www.imdb.com/title/tt0404390/?ref_=sr_t_177,2006,2h 2m,R,7.3,105K
178. Curse of the Golden Flower,https://www.imdb.com/title/tt0473444/?ref_=sr_t_178,2006,1h 54m,R,7.0,46K
179. Tell No One,https://www.imdb.com/title/tt0362225/?ref_=sr_t_179,2006,2h 11m,Not Rated,7.5,59K
180. Grandma's Boy,https://www.imdb.com/title/tt0456554/?ref_=sr_t_180,2006,1h 34m,R,6.9,90K
181. Basic Instinct 2,https://www.imdb.com/title/tt0430912/?ref_=sr_t_181,2006,1h 54m,R,4.4,42K
182. For Your Consideration,https://www.imdb.com/title/tt0470765/?ref_=sr_t_182,2006,1h 26m,PG-13,6.3,16K
183. A Scanner Darkly,https://www.imdb.com/title/tt0405296/?ref_=sr_t_183,2006,1h 40m,R,7.0,119K
184. Rescue Dawn,https://www.imdb.com/title/tt0462504/?ref_=sr_t_184,2006,2h 5m,PG-13,7.3,113K
185. Little Children,https://www.imdb.com/title/tt0404203/?ref_=sr_t_185,2006,2h 17m,R,7.5,119K
"186. Paris, Je T'aime",https://www.imdb.com/title/tt0401711/?ref_=sr_t_186,2006,2h,R,7.2,75K
187. The Science of Sleep,https://www.imdb.com/title/tt0354899/?ref_=sr_t_187,2006,1h 45m,R,7.2,71K
188. Let's Go to Prison,https://www.imdb.com/title/tt0454987/?ref_=sr_t_188,2006,1h 24m,R,5.9,27K
189. Away from Her,https://www.imdb.com/title/tt0491747/?ref_=sr_t_189,2006,1h 50m,PG-13,7.5,23K
190. Black Book,https://www.imdb.com/title/tt0389557/?ref_=sr_t_190,2006,2h 25m,R,7.7,82K
191. Keeping Up with the Steins,https://www.imdb.com/title/tt0415949/?ref_=sr_t_191,2006,1h 30m,PG-13,5.4,3.3K
192. Van Wilder: The Rise of Taj,https://www.imdb.com/title/tt0480271/?ref_=sr_t_192,2006,1h 37m,R,4.8,24K
193. Catch a Fire,https://www.imdb.com/title/tt0437232/?ref_=sr_t_193,2006,1h 41m,PG-13,6.7,11K
194. Peaceful Warrior,https://www.imdb.com/title/tt0438315/?ref_=sr_t_194,2006,2h,PG-13,7.2,30K
195. Trailer Park Boys: The Movie,https://www.imdb.com/title/tt0425601/?ref_=sr_t_195,2006,1h 35m,R,7.1,14K
196. The Ultimate Gift,https://www.imdb.com/title/tt0482629/?ref_=sr_t_196,2006,1h 54m,PG,7.3,21K
197. Venus,https://www.imdb.com/title/tt0489327/?ref_=sr_t_197,2006,1h 35m,R,7.1,14K
198. Art School Confidential,https://www.imdb.com/title/tt0364955/?ref_=sr_t_198,2006,1h 42m,R,6.3,18K
199. Kabhi Alvida Naa Kehna,https://www.imdb.com/title/tt0449999/?ref_=sr_t_199,2006,3h 13m,Not Rated,6.1,22K
200. Wordplay,https://www.imdb.com/title/tt0492506/?ref_=sr_t_200,2006,1h 34m,PG,7.4,3.8K
201. The Ex,https://www.imdb.com/title/tt0458364/?ref_=sr_t_201,2006,1h 29m,PG-13,5.4,18K
202. Miss Potter,https://www.imdb.com/title/tt0482546/?ref_=sr_t_202,2006,1h 28m,PG,7.0,33K
203. The History Boys,https://www.imdb.com/title/tt0464049/?ref_=sr_t_203,2006,1h 49m,R,6.8,22K
204. Half Nelson,https://www.imdb.com/title/tt0468489/?ref_=sr_t_204,2006,1h 46m,R,7.1,93K
205. Dhoom 2,https://www.imdb.com/title/tt0441048/?ref_=sr_t_205,2006,2h 32m,Not Rated,6.6,31K
206. The Fall,https://www.imdb.com/title/tt0460791/?ref_=sr_t_206,2006,1h 57m,R,7.8,120K
207. A Family Secret,https://www.imdb.com/title/tt0485149/?ref_=sr_t_207,2006,1h 26m,,6.5,256
208. Don,https://www.imdb.com/title/tt0461936/?ref_=sr_t_208,2006,2h 51m,Not Rated,7.2,42K
209. Perfume: The Story of a Murderer,https://www.imdb.com/title/tt0396171/?ref_=sr_t_209,2006,2h 27m,R,7.5,270K
210. Lage Raho Munna Bhai,https://www.imdb.com/title/tt0456144/?ref_=sr_t_210,2006,2h 24m,Not Rated,8.0,51K
211. The Host,https://www.imdb.com/title/tt0468492/?ref_=sr_t_211,2006,2h,R,7.1,136K
212. Rang De Basanti,https://www.imdb.com/title/tt0405508/?ref_=sr_t_212,2006,2h 47m,Not Rated,8.1,124K
213. Priceless,https://www.imdb.com/title/tt0482088/?ref_=sr_t_213,2006,1h 46m,R,7.0,34K
214. Fanaa,https://www.imdb.com/title/tt0439662/?ref_=sr_t_214,2006,2h 48m,Not Rated,7.1,36K
215. Orchestra Seats,https://www.imdb.com/title/tt0444112/?ref_=sr_t_215,2006,1h 46m,PG-13,6.7,4.5K
216. Shortbus,https://www.imdb.com/title/tt0367027/?ref_=sr_t_216,2006,1h 41m,Not Rated,6.4,36K
217. The Valet,https://www.imdb.com/title/tt0449851/?ref_=sr_t_217,2006,1h 25m,PG-13,6.6,11K
218. Neil Young: Heart of Gold,https://www.imdb.com/title/tt0473692/?ref_=sr_t_218,2006,1h 43m,PG,7.7,3.3K
219. The Wind that Shakes the Barley,https://www.imdb.com/title/tt0460989/?ref_=sr_t_219,2006,2h 7m,Not Rated,7.5,56K
220. Quinceañera,https://www.imdb.com/title/tt0451176/?ref_=sr_t_220,2006,1h 30m,R,6.9,4.3K
221. Who Killed the Electric Car?,https://www.imdb.com/title/tt0489037/?ref_=sr_t_221,2006,1h 32m,PG,7.6,13K
222. Factory Girl,https://www.imdb.com/title/tt0432402/?ref_=sr_t_222,2006,1h 30m,R,6.3,23K
223. The Abandoned,https://www.imdb.com/title/tt0475937/?ref_=sr_t_223,2006,1h 39m,R,5.5,13K
224. After the Wedding,https://www.imdb.com/title/tt0457655/?ref_=sr_t_224,2006,2h,R,7.7,38K
225. Krrish,https://www.imdb.com/title/tt0432637/?ref_=sr_t_225,2006,2h 34m,Not Rated,6.5,25K
226. Mon meilleur ami,https://www.imdb.com/title/tt0778784/?ref_=sr_t_226,2006,1h 30m,PG-13,6.6,7K
227. Romeo and Juliet,https://www.imdb.com/title/tt0816631/?ref_=sr_t_227,2006,1h 45m,,4.8,318
228. The Work and the Glory III: A House Divided,https://www.imdb.com/title/tt0460611/?ref_=sr_t_228,2006,1h 29m,PG,6.2,509
229. The Good German,https://www.imdb.com/title/tt0452624/?ref_=sr_t_229,2006,1h 45m,R,6.0,26K
230. Omkara,https://www.imdb.com/title/tt0488414/?ref_=sr_t_230,2006,2h 35m,,8.0,23K
231. The Wedding Weekend,https://www.imdb.com/title/tt0475390/?ref_=sr_t_231,2006,1h 36m,R,5.7,706
232. Find Me Guilty,https://www.imdb.com/title/tt0419749/?ref_=sr_t_232,2006,2h 5m,R,7.0,37K
233. Infamous,https://www.imdb.com/title/tt0420609/?ref_=sr_t_233,2006,1h 50m,R,7.0,18K
234. Inland Empire,https://www.imdb.com/title/tt0460829/?ref_=sr_t_234,2006,3h,R,6.8,64K
235. The U.S. vs. John Lennon,https://www.imdb.com/title/tt0478049/?ref_=sr_t_235,2006,1h 39m,PG-13,7.3,5.7K
236. The Heart Specialist,https://www.imdb.com/title/tt0455841/?ref_=sr_t_236,2006,1h 39m,R,4.3,633
237. Golden Door,https://www.imdb.com/title/tt0465188/?ref_=sr_t_237,2006,1h 58m,PG-13,6.8,5.2K
238. Skinwalkers,https://www.imdb.com/title/tt0461703/?ref_=sr_t_238,2006,1h 50m,R,4.5,14K
239. Thr3e,https://www.imdb.com/title/tt0486028/?ref_=sr_t_239,2006,1h 41m,PG-13,4.9,4.7K
240. Fast Food Nation,https://www.imdb.com/title/tt0460792/?ref_=sr_t_240,2006,1h 56m,R,6.3,25K
241. Goya's Ghosts,https://www.imdb.com/title/tt0455957/?ref_=sr_t_241,2006,1h 53m,R,6.9,32K
242. Breaking and Entering,https://www.imdb.com/title/tt0443456/?ref_=sr_t_242,2006,2h,R,6.5,23K
243. Jesus Camp,https://www.imdb.com/title/tt0486358/?ref_=sr_t_243,2006,1h 27m,PG-13,7.4,29K
244. Paprika,https://www.imdb.com/title/tt0851578/?ref_=sr_t_244,2006,1h 30m,R,7.7,102K
245. Sharkwater,https://www.imdb.com/title/tt0856008/?ref_=sr_t_245,2006,1h 29m,PG,7.9,5.1K
246. Guadalupe: El Milagro Y El Mensaje,https://www.imdb.com/title/tt0887259/?ref_=sr_t_246,2006,1h 30m,PG,5.3,132
247. The Call of Wild,https://www.imdb.com/title/tt0488508/?ref_=sr_t_247,2006,1h 30m,G,6.9,2K
248. The Year My Parents Went on Vacation,https://www.imdb.com/title/tt0857355/?ref_=sr_t_248,2006,1h 50m,PG,7.3,6.7K
249. Bhagam Bhag,https://www.imdb.com/title/tt0805184/?ref_=sr_t_249,2006,2h 37m,Not Rated,6.7,16K
250. Provoked,https://www.imdb.com/title/tt0458072/?ref_=sr_t_250,2006,1h 53m,Not Rated,6.4,2.3K
251. Ask the Dust,https://www.imdb.com/title/tt0384814/?ref_=sr_t_251,2006,1h 57m,R,5.7,10K
252. Lady Chatterley,https://www.imdb.com/title/tt0459880/?ref_=sr_t_252,2006,2h 48m,R,6.7,4.8K
253. Stormbreaker,https://www.imdb.com/title/tt0457495/?ref_=sr_t_253,2006,1h 33m,PG,5.1,26K
254. Another Gay Movie,https://www.imdb.com/title/tt0443431/?ref_=sr_t_254,2006,1h 32m,Not Rated,5.0,9.6K
255. Jaan-E-Mann: Let's Fall in Love... Again,https://www.imdb.com/title/tt0456481/?ref_=sr_t_255,2006,2h 45m,Not Rated,6.1,9.4K
256. Journey from the Fall,https://www.imdb.com/title/tt0433398/?ref_=sr_t_256,2006,2h 15m,R,7.2,946
257. I Served the King of England,https://www.imdb.com/title/tt0284363/?ref_=sr_t_257,2006,1h 53m,R,7.3,8.3K
258. The Celestine Prophecy,https://www.imdb.com/title/tt0398842/?ref_=sr_t_258,2006,1h 39m,PG,4.8,4.1K
259. Wild West Comedy Show: 30 Days & 30 Nights - Hollywood to the Heartland,https://www.imdb.com/title/tt0844768/?ref_=sr_t_259,2006,1h 40m,R,6.2,1.7K
260. Reprise,https://www.imdb.com/title/tt0827517/?ref_=sr_t_260,2006,1h 45m,R,7.3,16K
261. Death of a President,https://www.imdb.com/title/tt0853096/?ref_=sr_t_261,2006,1h 37m,R,6.3,7.1K
262. A Guide to Recognizing Your Saints,https://www.imdb.com/title/tt0473488/?ref_=sr_t_262,2006,1h 40m,R,6.9,27K
263. Bonneville,https://www.imdb.com/title/tt0487195/?ref_=sr_t_263,2006,1h 33m,PG,6.1,2.9K
264. Umrao Jaan,https://www.imdb.com/title/tt0485522/?ref_=sr_t_264,2006,3h 8m,,5.4,2.1K
265. DOA: Dead or Alive,https://www.imdb.com/title/tt0398913/?ref_=sr_t_265,2006,1h 27m,PG-13,4.8,47K
266. Beer League,https://www.imdb.com/title/tt0453453/?ref_=sr_t_266,2006,1h 26m,R,5.9,8.6K
267. Church Ball,https://www.imdb.com/title/tt0457303/?ref_=sr_t_267,2006,1h 31m,PG,4.2,525
268. The Second Chance,https://www.imdb.com/title/tt0429068/?ref_=sr_t_268,2006,1h 42m,PG-13,6.4,1.4K
269. Day Watch,https://www.imdb.com/title/tt0409904/?ref_=sr_t_269,2006,2h 12m,R,6.4,36K
270. Wristcutters: A Love Story,https://www.imdb.com/title/tt0477139/?ref_=sr_t_270,2006,1h 28m,R,7.2,58K
271. Idiocracy,https://www.imdb.com/title/tt0387808/?ref_=sr_t_271,2006,1h 24m,R,6.5,195K
272. When the Road Bends... Tales of a Gypsy Caravan,https://www.imdb.com/title/tt0412796/?ref_=sr_t_272,2006,1h 50m,Unrated,7.6,496
273. The Singing Revolution,https://www.imdb.com/title/tt0954008/?ref_=sr_t_273,2006,1h 34m,Unrated,8.4,644
274. Conversations with God,https://www.imdb.com/title/tt0489682/?ref_=sr_t_274,2006,1h 49m,PG,6.5,2.5K
275. The Oh in Ohio,https://www.imdb.com/title/tt0422861/?ref_=sr_t_275,2006,1h 28m,R,5.5,6.6K
276. Seraphim Falls,https://www.imdb.com/title/tt0479537/?ref_=sr_t_276,2006,1h 55m,R,6.6,35K
277. Jindabyne,https://www.imdb.com/title/tt0382765/?ref_=sr_t_277,2006,2h 3m,R,6.3,7.1K
278. Copying Beethoven,https://www.imdb.com/title/tt0424908/?ref_=sr_t_278,2006,1h 44m,PG-13,6.7,14K
279. Chup Chup Ke,https://www.imdb.com/title/tt0464160/?ref_=sr_t_279,2006,2h 44m,Not Rated,7.0,14K
280. Cheech,https://www.imdb.com/title/tt0775076/?ref_=sr_t_280,2006,1h 44m,,6.3,422
281. This Is England,https://www.imdb.com/title/tt0480025/?ref_=sr_t_281,2006,1h 41m,Not Rated,7.7,131K
282. The Road to Guantanamo,https://www.imdb.com/title/tt0468094/?ref_=sr_t_282,2006,1h 35m,R,7.4,12K
283. Dark Ride,https://www.imdb.com/title/tt0433963/?ref_=sr_t_283,2006,1h 34m,R,4.6,6.9K
284. Wicked Little Things,https://www.imdb.com/title/tt0470000/?ref_=sr_t_284,2006,1h 34m,R,5.0,8.8K
285. The Hamiltons,https://www.imdb.com/title/tt0443527/?ref_=sr_t_285,2006,1h 26m,R,5.0,9.1K
286. The Gravedancers,https://www.imdb.com/title/tt0435653/?ref_=sr_t_286,2006,1h 35m,R,5.4,10K
287. Unrest,https://www.imdb.com/title/tt0453533/?ref_=sr_t_287,2006,1h 28m,R,5.0,8.4K
288. Penny Dreadful,https://www.imdb.com/title/tt0454224/?ref_=sr_t_288,2006,1h 32m,R,4.8,6.7K
289. Days of Glory,https://www.imdb.com/title/tt0444182/?ref_=sr_t_289,2006,2h,R,7.0,15K
290. Steve Harvey: Don't Trip... He Ain't Through with Me Yet,https://www.imdb.com/title/tt0760310/?ref_=sr_t_290,2006,1h 30m,PG,6.2,210
291. This Film Is Not Yet Rated,https://www.imdb.com/title/tt0493459/?ref_=sr_t_291,2006,1h 38m,NC-17,7.4,29K
292. Fido,https://www.imdb.com/title/tt0457572/?ref_=sr_t_292,2006,1h 33m,R,6.7,31K
"293. OSS 117: Cairo, Nest of Spies",https://www.imdb.com/title/tt0464913/?ref_=sr_t_293,2006,1h 39m,Not Rated,7.0,24K
294. Chalk,https://www.imdb.com/title/tt0758738/?ref_=sr_t_294,2006,1h 25m,PG-13,6.1,1.4K
295. Kabul Express,https://www.imdb.com/title/tt0770214/?ref_=sr_t_295,2006,1h 45m,Not Rated,6.8,3.8K
296. God Grew Tired of Us,https://www.imdb.com/title/tt0301555/?ref_=sr_t_296,2006,1h 29m,PG,7.9,2.9K
297. Sukob,https://www.imdb.com/title/tt0757933/?ref_=sr_t_297,2006,1h 50m,,6.0,742
298. Taxi No. 9 2 11: Nau Do Gyarah,https://www.imdb.com/title/tt0476884/?ref_=sr_t_298,2006,1h 56m,Not Rated,7.3,11K
299. Ten Canoes,https://www.imdb.com/title/tt0466399/?ref_=sr_t_299,2006,1h 30m,Unrated,6.9,5.2K
300. American Hardcore,https://www.imdb.com/title/tt0419434/?ref_=sr_t_300,2006,1h 40m,R,7.3,3.6K
301. Southland Tales,https://www.imdb.com/title/tt0405336/?ref_=sr_t_301,2006,2h 25m,R,5.3,41K
302. Deep Water,https://www.imdb.com/title/tt0460766/?ref_=sr_t_302,2006,1h 32m,PG,7.8,3.3K
303. Night of the Living Dead 3D,https://www.imdb.com/title/tt0489244/?ref_=sr_t_303,2006,1h 20m,R,3.1,4K
304. The TV Set,https://www.imdb.com/title/tt0473709/?ref_=sr_t_304,2006,1h 28m,R,6.5,6.1K
305. Brand Upon the Brain!,https://www.imdb.com/title/tt0443455/?ref_=sr_t_305,2006,1h 35m,Not Rated,7.3,3.8K
306. Old Joy,https://www.imdb.com/title/tt0468526/?ref_=sr_t_306,2006,1h 16m,Unrated,6.8,9.1K
307. The War Tapes,https://www.imdb.com/title/tt0775566/?ref_=sr_t_307,2006,1h 37m,Not Rated,7.2,1.3K
308. Love's Abiding Joy,https://www.imdb.com/title/tt0785025/?ref_=sr_t_308,2006,1h 27m,PG,6.8,2.1K
309. Broken Bridges,https://www.imdb.com/title/tt0477392/?ref_=sr_t_309,2006,1h 45m,PG-13,5.9,1.9K
310. Humko Deewana Kar Gaye,https://www.imdb.com/title/tt0444840/?ref_=sr_t_310,2006,2h 35m,Not Rated,5.2,4.5K
311. Manufactured Landscapes,https://www.imdb.com/title/tt0832903/?ref_=sr_t_311,2006,1h 26m,Unrated,7.2,3.1K
312. Driving Lessons,https://www.imdb.com/title/tt0446687/?ref_=sr_t_312,2006,1h 38m,PG-13,6.6,11K
313. O Jerusalem,https://www.imdb.com/title/tt0443448/?ref_=sr_t_313,2006,1h 40m,R,6.0,997
314. The Foot Fist Way,https://www.imdb.com/title/tt0492619/?ref_=sr_t_314,2006,1h 25m,R,6.2,14K
315. Confetti,https://www.imdb.com/title/tt0427089/?ref_=sr_t_315,2006,1h 40m,R,5.7,5.4K
316. Sixty Six,https://www.imdb.com/title/tt0493450/?ref_=sr_t_316,2006,1h 33m,PG-13,6.7,3.2K
317. 10 Questions for the Dalai Lama,https://www.imdb.com/title/tt0819354/?ref_=sr_t_317,2006,1h 25m,Unrated,7.4,767
318. Unidentified,https://www.imdb.com/title/tt0460975/?ref_=sr_t_318,2006,1h 25m,PG,3.4,736
319. Fur: An Imaginary Portrait of Diane Arbus,https://www.imdb.com/title/tt0422295/?ref_=sr_t_319,2006,2h 2m,R,6.3,17K
320. Shaadi Karke Phas Gaya Yaar,https://www.imdb.com/title/tt0430589/?ref_=sr_t_320,2006,2h 32m,,4.1,1.5K
321. Ira & Abby,https://www.imdb.com/title/tt0480251/?ref_=sr_t_321,2006,1h 44m,R,6.4,2.4K
322. Boy Culture,https://www.imdb.com/title/tt0433350/?ref_=sr_t_322,2006,1h 28m,Unrated,6.8,6K
323. Starter for 10,https://www.imdb.com/title/tt0477095/?ref_=sr_t_323,2006,1h 32m,PG-13,6.7,26K
324. First Snow,https://www.imdb.com/title/tt0432289/?ref_=sr_t_324,2006,1h 41m,R,6.2,8.7K
325. The Page Turner,https://www.imdb.com/title/tt0487503/?ref_=sr_t_325,2006,1h 25m,Unrated,7.0,7.4K
326. Believe in Me,https://www.imdb.com/title/tt0419491/?ref_=sr_t_326,2006,2h 11m,PG,7.0,1.1K
327. The Journals of Knud Rasmussen,https://www.imdb.com/title/tt0478366/?ref_=sr_t_327,2006,1h 52m,,6.4,392
328. A Man Named Pearl,https://www.imdb.com/title/tt0878134/?ref_=sr_t_328,2006,1h 18m,G,7.9,351
329. Malamaal Weekly,https://www.imdb.com/title/tt0476805/?ref_=sr_t_329,2006,2h 17m,,7.0,8.3K
330. Iraq in Fragments,https://www.imdb.com/title/tt0492466/?ref_=sr_t_330,2006,1h 34m,Not Rated,7.1,1.7K
331. Deliver Us from Evil,https://www.imdb.com/title/tt0814075/?ref_=sr_t_331,2006,1h 41m,Not Rated,7.9,11K
332. Sherrybaby,https://www.imdb.com/title/tt0423169/?ref_=sr_t_332,2006,1h 36m,R,6.6,12K
333. I Want Someone to Eat Cheese With,https://www.imdb.com/title/tt0391229/?ref_=sr_t_333,2006,1h 20m,TV-PG,6.1,3.7K
334. Lonely Hearts,https://www.imdb.com/title/tt0441774/?ref_=sr_t_334,2006,1h 48m,R,6.4,23K
335. Vitus,https://www.imdb.com/title/tt0478829/?ref_=sr_t_335,2006,2h 3m,PG,7.6,5.2K
336. Offside,https://www.imdb.com/title/tt0499537/?ref_=sr_t_336,2006,1h 33m,PG,7.3,8.8K
337. The Bridge,https://www.imdb.com/title/tt0799954/?ref_=sr_t_337,2006,1h 34m,R,7.2,12K
338. An Unreasonable Man,https://www.imdb.com/title/tt0492499/?ref_=sr_t_338,2006,2h 2m,Not Rated,7.9,1.8K
339. Hatchet,https://www.imdb.com/title/tt0422401/?ref_=sr_t_339,2006,1h 33m,R,5.7,35K
340. The Flying Scotsman,https://www.imdb.com/title/tt0472268/?ref_=sr_t_340,2006,1h 36m,PG-13,7.0,5.9K
341. Hollywood Dreams,https://www.imdb.com/title/tt0431124/?ref_=sr_t_341,2006,1h 40m,R,4.5,263
342. La faute à Fidel!,https://www.imdb.com/title/tt0792966/?ref_=sr_t_342,2006,1h 39m,Unrated,7.5,5.2K
343. Holly,https://www.imdb.com/title/tt0419815/?ref_=sr_t_343,2006,1h 54m,R,6.8,943
344. Outsourced,https://www.imdb.com/title/tt0425326/?ref_=sr_t_344,2006,1h 43m,PG-13,7.0,12K
345. Awesome; I Shot That!,https://www.imdb.com/title/tt0488953/?ref_=sr_t_345,2006,1h 30m,R,7.5,1K
346. Vanaja,https://www.imdb.com/title/tt0832971/?ref_=sr_t_346,2006,1h 51m,,7.2,564
347. The Bubble,https://www.imdb.com/title/tt0476643/?ref_=sr_t_347,2006,1h 57m,Unrated,7.2,5.8K
348. Red Road,https://www.imdb.com/title/tt0471030/?ref_=sr_t_348,2006,1h 53m,Not Rated,6.8,14K
349. The Unknown Woman,https://www.imdb.com/title/tt0494271/?ref_=sr_t_349,2006,1h 58m,R,7.4,16K
350. Milarepa,https://www.imdb.com/title/tt0499238/?ref_=sr_t_350,2006,1h 30m,PG,7.0,1.1K
351. Pyare Mohan,https://www.imdb.com/title/tt0461323/?ref_=sr_t_351,2006,2h 10m,Not Rated,3.5,1K
352. Cocaine Cowboys,https://www.imdb.com/title/tt0380268/?ref_=sr_t_352,2006,1h 58m,R,7.7,14K
353. Only the Brave,https://www.imdb.com/title/tt0410403/?ref_=sr_t_353,2006,1h 39m,R,5.3,936
354. Jonestown: The Life and Death of Peoples Temple,https://www.imdb.com/title/tt0762111/?ref_=sr_t_354,2006,1h 26m,,7.8,5.7K
355. Once in a Lifetime: The Extraordinary Story of the New York Cosmos,https://www.imdb.com/title/tt0489247/?ref_=sr_t_355,2006,1h 37m,PG-13,7.2,1.6K
356. Memories of Tomorrow,https://www.imdb.com/title/tt0494640/?ref_=sr_t_356,2006,2h 2m,,7.5,939
357. What the Bleep!?: Down the Rabbit Hole,https://www.imdb.com/title/tt0499596/?ref_=sr_t_357,2006,2h 36m,,6.4,3K
358. Severance,https://www.imdb.com/title/tt0464196/?ref_=sr_t_358,2006,1h 36m,R,6.4,41K
359. Private Fears in Public Places,https://www.imdb.com/title/tt0498120/?ref_=sr_t_359,2006,2h,,6.9,4.2K
360. The Groomsmen,https://www.imdb.com/title/tt0455958/?ref_=sr_t_360,2006,1h 38m,R,6.0,4.9K
361. Fay Grim,https://www.imdb.com/title/tt0444628/?ref_=sr_t_361,2006,1h 58m,R,6.1,5K
362. Flannel Pajamas,https://www.imdb.com/title/tt0432290/?ref_=sr_t_362,2006,2h 4m,R,5.9,962
363. Climates,https://www.imdb.com/title/tt0498097/?ref_=sr_t_363,2006,1h 38m,Unrated,7.1,15K
364. Come Early Morning,https://www.imdb.com/title/tt0457308/?ref_=sr_t_364,2006,1h 37m,R,6.2,2.8K
365. Valley of the Heart's Delight,https://www.imdb.com/title/tt0472200/?ref_=sr_t_365,2006,1h 40m,PG-13,5.4,164
366. Bamako (The Court),https://www.imdb.com/title/tt0814666/?ref_=sr_t_366,2006,1h 55m,,6.7,1.5K
367. Shaadi Se Pehle,https://www.imdb.com/title/tt0489560/?ref_=sr_t_367,2006,2h 2m,Not Rated,4.3,876
368. Al Franken: God Spoke,https://www.imdb.com/title/tt0799916/?ref_=sr_t_368,2006,1h 30m,,6.3,538
369. Islander,https://www.imdb.com/title/tt0819723/?ref_=sr_t_369,2006,1h 40m,R,6.4,305
370. Return with Honor: A Missionary Homecoming,https://www.imdb.com/title/tt0478262/?ref_=sr_t_370,2006,1h 45m,PG,4.5,235
371. Klimt,https://www.imdb.com/title/tt0417871/?ref_=sr_t_371,2006,2h 11m,Not Rated,5.1,3.3K
372. Crazy Eights,https://www.imdb.com/title/tt0470993/?ref_=sr_t_372,2006,1h 20m,R,3.8,3.4K
373. Mulberry St,https://www.imdb.com/title/tt0473514/?ref_=sr_t_373,2006,1h 24m,R,5.5,6.5K
374. Nightmare Man,https://www.imdb.com/title/tt0478216/?ref_=sr_t_374,2006,1h 29m,R,4.0,2.5K
375. Civic Duty,https://www.imdb.com/title/tt0446298/?ref_=sr_t_375,2006,1h 38m,R,6.2,3.5K
376. Black Gold,https://www.imdb.com/title/tt0492447/?ref_=sr_t_376,2006,1h 18m,Unrated,7.1,907
377. 12:08 East of Bucharest,https://www.imdb.com/title/tt0809407/?ref_=sr_t_377,2006,1h 29m,Unrated,7.3,8.3K
378. Blind Dating,https://www.imdb.com/title/tt0454084/?ref_=sr_t_378,2006,1h 35m,PG-13,6.0,13K
379. Fireworks Wednesday,https://www.imdb.com/title/tt0845439/?ref_=sr_t_379,2006,1h 42m,Not Rated,7.6,14K
380. Puccini for Beginners,https://www.imdb.com/title/tt0492481/?ref_=sr_t_380,2006,1h 22m,,6.0,2.5K
381. Blindsight,https://www.imdb.com/title/tt0841084/?ref_=sr_t_381,2006,1h 44m,PG,7.2,711
382. Tuya's Marriage,https://www.imdb.com/title/tt0949564/?ref_=sr_t_382,2006,1h 26m,Not Rated,7.2,2.5K
383. Little Chenier,https://www.imdb.com/title/tt0758764/?ref_=sr_t_383,2006,2h,R,6.8,612
384. America: Freedom to Fascism,https://www.imdb.com/title/tt0772153/?ref_=sr_t_384,2006,1h 35m,,7.8,2.6K
385. Kurt Cobain About a Son,https://www.imdb.com/title/tt0790769/?ref_=sr_t_385,2006,1h 36m,Not Rated,7.2,3.9K
386. Delirious,https://www.imdb.com/title/tt0412637/?ref_=sr_t_386,2006,1h 47m,Not Rated,6.4,7K
387. Color of the Cross,https://www.imdb.com/title/tt0760160/?ref_=sr_t_387,2006,1h 48m,PG-13,2.9,382
388. Black Sheep,https://www.imdb.com/title/tt0779982/?ref_=sr_t_388,2006,1h 27m,Not Rated,5.8,43K
389. The Treatment,https://www.imdb.com/title/tt0462579/?ref_=sr_t_389,2006,1h 26m,Not Rated,5.8,1.2K
390. 10 Items or Less,https://www.imdb.com/title/tt0499603/?ref_=sr_t_390,2006,1h 22m,R,6.5,17K
391. Comedy of Power,https://www.imdb.com/title/tt0463486/?ref_=sr_t_391,2006,1h 50m,Not Rated,6.3,3.1K
392. Radiant City,https://www.imdb.com/title/tt0832937/?ref_=sr_t_392,2006,1h 33m,,6.9,502
393. Still Life,https://www.imdb.com/title/tt0859765/?ref_=sr_t_393,2006,1h 51m,Unrated,7.3,7.5K
394. Samoan Wedding,https://www.imdb.com/title/tt0464184/?ref_=sr_t_394,2006,1h 37m,Not Rated,6.3,1.6K
395. Eye of the Dolphin,https://www.imdb.com/title/tt0465407/?ref_=sr_t_395,2006,1h 42m,PG-13,5.6,1K
396. Gray Matters,https://www.imdb.com/title/tt0375785/?ref_=sr_t_396,2006,1h 36m,PG-13,5.7,7.4K
397. Air Guitar Nation,https://www.imdb.com/title/tt0799915/?ref_=sr_t_397,2006,1h 21m,R,7.1,1.4K
398. Renaissance,https://www.imdb.com/title/tt0386741/?ref_=sr_t_398,2006,1h 45m,R,6.6,17K
399. Kenny,https://www.imdb.com/title/tt0822389/?ref_=sr_t_399,2006,1h 39m,PG-13,7.2,7.4K
400. Behind the Mask: The Rise of Leslie Vernon,https://www.imdb.com/title/tt0437857/?ref_=sr_t_400,2006,1h 32m,R,6.7,26K
401. Unconscious,https://www.imdb.com/title/tt0455822/?ref_=sr_t_401,2006,1h 24m,R,6.3,77
402. Diggers,https://www.imdb.com/title/tt0469897/?ref_=sr_t_402,2006,1h 36m,R,6.3,3.1K
403. Absolute Wilson,https://www.imdb.com/title/tt0841992/?ref_=sr_t_403,2006,1h 45m,Unrated,7.1,147
404. My Brother,https://www.imdb.com/title/tt0451135/?ref_=sr_t_404,2006,1h 40m,PG-13,5.1,366
405. Right at Your Door,https://www.imdb.com/title/tt0458367/?ref_=sr_t_405,2006,1h 36m,R,6.0,15K
406. Even Money,https://www.imdb.com/title/tt0404163/?ref_=sr_t_406,2006,1h 53m,R,5.8,4.9K
407. D' Lucky Ones!,https://www.imdb.com/title/tt0496321/?ref_=sr_t_407,2006,1h 46m,,6.7,99
408. Dans Paris,https://www.imdb.com/title/tt0769508/?ref_=sr_t_408,2006,1h 29m,Unrated,6.3,4.3K
409. Summer Palace,https://www.imdb.com/title/tt0794374/?ref_=sr_t_409,2006,2h 38m,Unrated,7.2,4.6K
410. Nue propriété,https://www.imdb.com/title/tt0855895/?ref_=sr_t_410,2006,1h 35m,Unrated,6.8,1.8K
411. Vajra Sky Over Tibet,https://www.imdb.com/title/tt0840019/?ref_=sr_t_411,2006,1h 29m,,7.5,68
412. Love and Honor,https://www.imdb.com/title/tt0483578/?ref_=sr_t_412,2006,2h 2m,PG-13,7.7,4.4K
413. Maxed Out,https://www.imdb.com/title/tt0762117/?ref_=sr_t_413,2006,1h 30m,Unrated,7.2,2.2K
414. Election 2,https://www.imdb.com/title/tt0491244/?ref_=sr_t_414,2006,1h 33m,Unrated,7.4,7.1K
415. Anthony Kaun Hai?,https://www.imdb.com/title/tt0800981/?ref_=sr_t_415,2006,2h 7m,,5.1,709
416. 10th & Wolf,https://www.imdb.com/title/tt0360323/?ref_=sr_t_416,2006,1h 47m,R,6.3,7.1K
417. Kalamazoo?,https://www.imdb.com/title/tt0416887/?ref_=sr_t_417,2006,1h 47m,PG-13,4.6,145
418. Mannat,https://www.imdb.com/title/tt0887764/?ref_=sr_t_418,2006,2h 45m,,7.4,134
419. Ugly Me,https://www.imdb.com/title/tt0460275/?ref_=sr_t_419,2006,1h 58m,R,6.0,574
420. Close to You,https://www.imdb.com/title/tt0498480/?ref_=sr_t_420,2006,1h 50m,,6.7,155
421. Dynamite Warrior,https://www.imdb.com/title/tt0963915/?ref_=sr_t_421,2006,1h 43m,Not Rated,5.1,1.7K
422. Dare Not Walk Alone,https://www.imdb.com/title/tt1035731/?ref_=sr_t_422,2006,1h 23m,Not Rated,8.8,117
423. Screamers,https://www.imdb.com/title/tt0823668/?ref_=sr_t_423,2006,1h 31m,R,6.0,1.6K
424. Exiled,https://www.imdb.com/title/tt0796212/?ref_=sr_t_424,2006,1h 50m,R,7.2,9.9K
425. Home of the Brave,https://www.imdb.com/title/tt0763840/?ref_=sr_t_425,2006,1h 46m,R,5.6,11K
426. The Boss of It All,https://www.imdb.com/title/tt0469754/?ref_=sr_t_426,2006,1h 39m,Not Rated,6.6,13K
427. Them,https://www.imdb.com/title/tt0465203/?ref_=sr_t_427,2006,1h 17m,R,6.4,33K
428. Transformation: The Life and Legacy of Werner Erhard,https://www.imdb.com/title/tt0849480/?ref_=sr_t_428,2006,1h 2m,Not Rated,7.0,108
429. Mini's First Time,https://www.imdb.com/title/tt0425253/?ref_=sr_t_429,2006,1h 31m,R,5.8,8.8K
430. The Situation,https://www.imdb.com/title/tt0468548/?ref_=sr_t_430,2006,1h 51m,R,6.3,902
431. Ghosts of Cité Soleil,https://www.imdb.com/title/tt0479046/?ref_=sr_t_431,2006,1h 25m,,6.9,1.9K
432. Tales from Earthsea,https://www.imdb.com/title/tt0495596/?ref_=sr_t_432,2006,1h 55m,PG-13,6.3,46K
433. Two Weeks,https://www.imdb.com/title/tt0448166/?ref_=sr_t_433,2006,1h 42m,R,6.4,2.4K
434. The Hip Hop Project,https://www.imdb.com/title/tt0800272/?ref_=sr_t_434,2006,1h 28m,PG-13,5.9,287
435. Candy,https://www.imdb.com/title/tt0424880/?ref_=sr_t_435,2006,1h 48m,R,7.2,48K
436. Undoing,https://www.imdb.com/title/tt0452701/?ref_=sr_t_436,2006,1h 30m,R,4.3,236
437. Grbavica,https://www.imdb.com/title/tt0464029/?ref_=sr_t_437,2006,1h 30m,,7.2,7K
438. Colma: The Musical,https://www.imdb.com/title/tt0784977/?ref_=sr_t_438,2006,1h 40m,R,6.4,497
439. Rape of the Soul,https://www.imdb.com/title/tt0808438/?ref_=sr_t_439,2006,2h 20m,R,1.6,161
440. Sea of Dreams,https://www.imdb.com/title/tt0367567/?ref_=sr_t_440,2006,1h 39m,PG,6.0,392
441. The Life of Reilly,https://www.imdb.com/title/tt0498366/?ref_=sr_t_441,2006,1h 24m,Unrated,8.1,362
442. The Cats of Mirikitani,https://www.imdb.com/title/tt0799976/?ref_=sr_t_442,2006,1h 14m,Not Rated,8.2,753
443. Family Law,https://www.imdb.com/title/tt0474622/?ref_=sr_t_443,2006,1h 42m,Unrated,6.8,1.6K
444. Eating Out 2: Sloppy Seconds,https://www.imdb.com/title/tt0795376/?ref_=sr_t_444,2006,1h 19m,Not Rated,6.2,4.2K
445. Monkey Warfare,https://www.imdb.com/title/tt0832906/?ref_=sr_t_445,2006,1h 15m,,6.5,564
446. Paper Dolls,https://www.imdb.com/title/tt0783681/?ref_=sr_t_446,2006,1h 20m,,7.4,192
447. Been Rich All My Life,https://www.imdb.com/title/tt0810768/?ref_=sr_t_447,2006,1h 21m,Not Rated,8.4,101
448. Fighting Words,https://www.imdb.com/title/tt0354578/?ref_=sr_t_448,2006,1h 27m,R,4.5,298
449. Canvas,https://www.imdb.com/title/tt0780492/?ref_=sr_t_449,2006,1h 41m,PG-13,6.5,1.1K
450. Can Mr. Smith Get to Washington Anymore?,https://www.imdb.com/title/tt1014673/?ref_=sr_t_450,2006,1h 22m,Not Rated,7.5,249
"451. My Country, My Country",https://www.imdb.com/title/tt4425258/?ref_=sr_t_451,2006,1h 30m,Not Rated,7.0,420
452. The Last Winter,https://www.imdb.com/title/tt0454864/?ref_=sr_t_452,2006,1h 41m,Not Rated,5.5,10K
453. Falling for Grace,https://www.imdb.com/title/tt0409301/?ref_=sr_t_453,2006,1h 45m,PG-13,5.8,769
454. Local Color,https://www.imdb.com/title/tt0472126/?ref_=sr_t_454,2006,1h 47m,R,6.8,1.8K
455. Sacco and Vanzetti,https://www.imdb.com/title/tt0805604/?ref_=sr_t_455,2006,1h 20m,Not Rated,7.0,332
456. Day Night Day Night,https://www.imdb.com/title/tt0499455/?ref_=sr_t_456,2006,1h 34m,Not Rated,6.3,2.3K
457. Forever,https://www.imdb.com/title/tt0906743/?ref_=sr_t_457,2006,1h 35m,Unrated,7.6,348
458. The Hottest State,https://www.imdb.com/title/tt0496319/?ref_=sr_t_458,2006,1h 57m,R,6.0,2.9K
459. Who Is Harry Nilsson (And Why Is Everybody Talkin' About Him?),https://www.imdb.com/title/tt0756727/?ref_=sr_t_459,2010,1h 56m,Not Rated,7.6,1.9K
460. Shanghai Red,https://www.imdb.com/title/tt0465600/?ref_=sr_t_460,2006,1h 44m,Not Rated,5.5,118
461. Pyaar Ke Side Effects,https://www.imdb.com/title/tt0480572/?ref_=sr_t_461,2006,2h 12m,,6.8,3.3K
462. Broken Sky,https://www.imdb.com/title/tt0783695/?ref_=sr_t_462,2006,2h 20m,Unrated,5.7,1.2K
463. Who Gets to Call It Art?,https://www.imdb.com/title/tt0472210/?ref_=sr_t_463,2006,1h 18m,,6.9,151
464. Gringo Wedding,https://www.imdb.com/title/tt0872318/?ref_=sr_t_464,2006,1h 45m,R,4.8,78
465. Abduction: The Megumi Yokota Story,https://www.imdb.com/title/tt0495060/?ref_=sr_t_465,2006,1h 25m,Not Rated,7.7,207
466. Snow Cake,https://www.imdb.com/title/tt0448124/?ref_=sr_t_466,2006,1h 52m,Not Rated,7.4,13K
467. Khosla Ka Ghosla!,https://www.imdb.com/title/tt0466460/?ref_=sr_t_467,2006,2h 15m,Not Rated,8.2,26K
468. Unknown,https://www.imdb.com/title/tt0450340/?ref_=sr_t_468,2006,1h 25m,Not Rated,6.4,32K
469. Hood of Horror,https://www.imdb.com/title/tt0475298/?ref_=sr_t_469,2006,1h 24m,R,4.1,3.3K
470. Stephanie Daley,https://www.imdb.com/title/tt0483812/?ref_=sr_t_470,2006,1h 32m,R,6.2,1.9K
471. Cashback,https://www.imdb.com/title/tt0460740/?ref_=sr_t_471,2006,1h 42m,R,7.1,92K
472. Lake of Fire,https://www.imdb.com/title/tt0841119/?ref_=sr_t_472,2006,2h 32m,Unrated,8.1,2.8K
473. Wrestling with Angels: Playwright Tony Kushner,https://www.imdb.com/title/tt0493081/?ref_=sr_t_473,2006,1h 38m,,6.9,131
474. Off the Black,https://www.imdb.com/title/tt0479965/?ref_=sr_t_474,2006,1h 30m,R,6.5,1.5K
475. The Strange Case of Dr. Jekyll and Mr. Hyde,https://www.imdb.com/title/tt0472186/?ref_=sr_t_475,2006,1h 29m,R,3.7,418
476. I'll Believe You,https://www.imdb.com/title/tt0377061/?ref_=sr_t_476,2006,1h 22m,PG,5.4,465
477. Woman on the Beach,https://www.imdb.com/title/tt0835787/?ref_=sr_t_477,2006,2h 7m,R,6.8,1.5K
478. In Between Days,https://www.imdb.com/title/tt0492463/?ref_=sr_t_478,2006,1h 23m,Not Rated,6.4,631
479. The Sensation of Sight,https://www.imdb.com/title/tt0480001/?ref_=sr_t_479,2006,2h 14m,R,6.3,644
480. The Exterminating Angels,https://www.imdb.com/title/tt0792948/?ref_=sr_t_480,2006,1h 40m,Not Rated,5.4,3.5K
481. Islam: What the West Needs to Know,https://www.imdb.com/title/tt0818682/?ref_=sr_t_481,2006,1h 38m,Not Rated,6.6,599
482. Flanders,https://www.imdb.com/title/tt0450680/?ref_=sr_t_482,2006,1h 31m,Not Rated,6.5,3.3K
483. The Elephant King,https://www.imdb.com/title/tt0451221/?ref_=sr_t_483,2006,1h 32m,R,6.2,566
484. La strada di Levi,https://www.imdb.com/title/tt0841173/?ref_=sr_t_484,2006,1h 32m,Not Rated,6.4,132
485. Dr. Bronner's Magic Soapbox,https://www.imdb.com/title/tt0881909/?ref_=sr_t_485,2006,1h 28m,,6.5,286
486. So Much So Fast,https://www.imdb.com/title/tt0492488/?ref_=sr_t_486,2006,1h 27m,Not Rated,7.5,235
487. The Tripper,https://www.imdb.com/title/tt0760187/?ref_=sr_t_487,2006,1h 33m,R,5.0,6.5K
488. Summer '04,https://www.imdb.com/title/tt0806679/?ref_=sr_t_488,2006,1h 37m,Not Rated,6.4,845
489. Dirty Laundry,https://www.imdb.com/title/tt0795371/?ref_=sr_t_489,2006,1h 40m,PG-13,6.2,543
490. The Ground Truth,https://www.imdb.com/title/tt0446345/?ref_=sr_t_490,2006,1h 12m,R,7.5,765
491. The Dead Girl,https://www.imdb.com/title/tt0783238/?ref_=sr_t_491,2006,1h 25m,R,6.5,16K
492. Everything's Gone Green,https://www.imdb.com/title/tt0461946/?ref_=sr_t_492,2006,1h 35m,R,6.0,2.1K
493. Beauty in Trouble,https://www.imdb.com/title/tt0449303/?ref_=sr_t_493,2006,1h 50m,Unrated,6.7,1K
494. I Don't Want to Sleep Alone,https://www.imdb.com/title/tt0855824/?ref_=sr_t_494,2006,1h 55m,,6.9,2.5K
495. Saving Marriage,https://www.imdb.com/title/tt0825331/?ref_=sr_t_495,2006,1h 30m,PG-13,6.7,107
496. One to Another,https://www.imdb.com/title/tt0486751/?ref_=sr_t_496,2006,1h 35m,Unrated,5.7,1.4K
497. Suicide Killers,https://www.imdb.com/title/tt0830968/?ref_=sr_t_497,2006,1h 20m,Not Rated,6.4,216
498. Ever Again,https://www.imdb.com/title/tt0930057/?ref_=sr_t_498,2006,1h 13m,Not Rated,6.3,75
499. Syndromes and a Century,https://www.imdb.com/title/tt0477731/?ref_=sr_t_499,2006,1h 45m,,7.3,4.7K
500. American Cannibal,https://www.imdb.com/title/tt0780468/?ref_=sr_t_500,2006,1h 27m,Not Rated,5.0,338
