Title,Movie Link,Year,Duration,MPA,Rating,Votes
1. Back to the Future,https://www.imdb.com/title/tt0088763/?ref_=sr_t_1,1985,1h 56m,PG,8.5,1.4M
2. Rambo: First Blood Part II,https://www.imdb.com/title/tt0089880/?ref_=sr_t_2,1985,1h 36m,R,6.5,187K
3. Rocky IV,https://www.imdb.com/title/tt0089927/?ref_=sr_t_3,1985,1h 31m,PG,6.9,232K
4. The Color Purple,https://www.imdb.com/title/tt0088939/?ref_=sr_t_4,1985,2h 34m,PG-13,7.7,100K
5. Out of Africa,https://www.imdb.com/title/tt0089755/?ref_=sr_t_5,1985,2h 41m,PG,7.1,88K
6. Cocoon,https://www.imdb.com/title/tt0088933/?ref_=sr_t_6,1985,1h 57m,PG-13,6.7,70K
7. The Jewel of the Nile,https://www.imdb.com/title/tt0089370/?ref_=sr_t_7,1985,1h 46m,PG,6.1,64K
8. Witness,https://www.imdb.com/title/tt0090329/?ref_=sr_t_8,1985,1h 52m,R,7.4,108K
9. The Goonies,https://www.imdb.com/title/tt0089218/?ref_=sr_t_9,1985,1h 54m,PG,7.7,308K
10. Spies Like Us,https://www.imdb.com/title/tt0090056/?ref_=sr_t_10,1985,1h 42m,PG,6.4,54K
11. Police Academy 2: Their First Assignment,https://www.imdb.com/title/tt0089822/?ref_=sr_t_11,1985,1h 27m,PG-13,5.8,61K
12. Fletch,https://www.imdb.com/title/tt0089155/?ref_=sr_t_12,1985,1h 38m,PG,6.9,59K
13. A View to a Kill,https://www.imdb.com/title/tt0090264/?ref_=sr_t_13,1985,2h 11m,PG,6.3,107K
14. National Lampoon's European Vacation,https://www.imdb.com/title/tt0089670/?ref_=sr_t_14,1985,1h 35m,PG-13,6.2,73K
15. Mask,https://www.imdb.com/title/tt0089560/?ref_=sr_t_15,1985,2h,PG-13,7.2,33K
16. The Breakfast Club,https://www.imdb.com/title/tt0088847/?ref_=sr_t_16,1985,1h 37m,R,7.8,450K
17. White Nights,https://www.imdb.com/title/tt0090319/?ref_=sr_t_17,1985,2h 16m,PG-13,6.7,8.5K
18. Pale Rider,https://www.imdb.com/title/tt0089767/?ref_=sr_t_18,1985,1h 55m,R,7.3,67K
19. Pee-wee's Big Adventure,https://www.imdb.com/title/tt0089791/?ref_=sr_t_19,1985,1h 31m,PG,7.0,61K
20. Brewster's Millions,https://www.imdb.com/title/tt0088850/?ref_=sr_t_20,1985,1h 42m,PG,6.5,44K
21. Jagged Edge,https://www.imdb.com/title/tt0089360/?ref_=sr_t_21,1985,1h 48m,R,6.5,18K
22. St. Elmo's Fire,https://www.imdb.com/title/tt0090060/?ref_=sr_t_22,1985,1h 50m,R,6.4,49K
23. Mad Max Beyond Thunderdome,https://www.imdb.com/title/tt0089530/?ref_=sr_t_23,1985,1h 47m,PG-13,6.2,156K
24. Commando,https://www.imdb.com/title/tt0088944/?ref_=sr_t_24,1985,1h 30m,R,6.7,179K
25. Teen Wolf,https://www.imdb.com/title/tt0090142/?ref_=sr_t_25,1985,1h 31m,PG,6.1,62K
26. Silverado,https://www.imdb.com/title/tt0090022/?ref_=sr_t_26,1985,2h 13m,PG-13,7.2,51K
27. Murphy's Romance,https://www.imdb.com/title/tt0089643/?ref_=sr_t_27,1985,1h 47m,PG-13,7.0,7.3K
28. A Nightmare on Elm Street 2: Freddy's Revenge,https://www.imdb.com/title/tt0089686/?ref_=sr_t_28,1985,1h 27m,R,5.5,81K
29. Desperately Seeking Susan,https://www.imdb.com/title/tt0089017/?ref_=sr_t_29,1985,1h 44m,PG-13,6.1,27K
30. Prizzi's Honor,https://www.imdb.com/title/tt0089841/?ref_=sr_t_30,1985,2h 10m,R,6.7,27K
31. The Last Dragon,https://www.imdb.com/title/tt0089461/?ref_=sr_t_31,1985,1h 49m,PG-13,6.8,18K
32. Agnes of God,https://www.imdb.com/title/tt0088683/?ref_=sr_t_32,1985,1h 38m,PG-13,6.6,8.3K
33. Fright Night,https://www.imdb.com/title/tt0089175/?ref_=sr_t_33,1985,1h 46m,R,7.0,83K
34. Summer Rental,https://www.imdb.com/title/tt0090098/?ref_=sr_t_34,1985,1h 27m,PG,6.3,19K
35. The Emerald Forest,https://www.imdb.com/title/tt0089087/?ref_=sr_t_35,1985,1h 54m,R,6.9,11K
36. Weird Science,https://www.imdb.com/title/tt0090305/?ref_=sr_t_36,1985,1h 34m,PG-13,6.6,101K
37. Santa Claus,https://www.imdb.com/title/tt0089961/?ref_=sr_t_37,1985,1h 47m,PG,6.3,16K
38. The Care Bears Movie,https://www.imdb.com/title/tt0088885/?ref_=sr_t_38,1985,1h 17m,G,5.6,6K
39. Friday the 13th: A New Beginning,https://www.imdb.com/title/tt0089173/?ref_=sr_t_39,1985,1h 32m,R,4.8,46K
40. The Black Cauldron,https://www.imdb.com/title/tt0088814/?ref_=sr_t_40,1985,1h 20m,PG,6.3,42K
41. A Room with a View,https://www.imdb.com/title/tt0091867/?ref_=sr_t_41,1985,1h 57m,Not Rated,7.2,50K
42. Porky's Revenge,https://www.imdb.com/title/tt0089826/?ref_=sr_t_42,1985,1h 32m,R,4.8,9.4K
43. Code of Silence,https://www.imdb.com/title/tt0088936/?ref_=sr_t_43,1985,1h 40m,R,6.0,9.9K
44. Volunteers,https://www.imdb.com/title/tt0090274/?ref_=sr_t_44,1985,1h 47m,R,5.5,11K
45. Young Sherlock Holmes,https://www.imdb.com/title/tt0090357/?ref_=sr_t_45,1985,1h 49m,PG-13,6.8,24K
46. House,https://www.imdb.com/title/tt0091223/?ref_=sr_t_46,1985,1h 33m,R,6.1,31K
47. Year of the Dragon,https://www.imdb.com/title/tt0090350/?ref_=sr_t_47,1985,2h 14m,R,6.8,18K
48. Ladyhawke,https://www.imdb.com/title/tt0089457/?ref_=sr_t_48,1985,2h 1m,PG-13,6.9,53K
49. The Sure Thing,https://www.imdb.com/title/tt0090103/?ref_=sr_t_49,1985,1h 35m,PG-13,7.0,23K
50. Invasion U.S.A.,https://www.imdb.com/title/tt0089348/?ref_=sr_t_50,1985,1h 47m,R,5.4,12K
51. To Live and Die in L.A.,https://www.imdb.com/title/tt0090180/?ref_=sr_t_51,1985,1h 56m,R,7.3,41K
52. The Falcon and the Snowman,https://www.imdb.com/title/tt0087231/?ref_=sr_t_52,1985,2h 11m,R,6.8,13K
53. Kiss of the Spider Woman,https://www.imdb.com/title/tt0089424/?ref_=sr_t_53,1985,2h,R,7.3,18K
54. Death Wish 3,https://www.imdb.com/title/tt0089003/?ref_=sr_t_54,1985,1h 30m,R,5.8,18K
55. Legend,https://www.imdb.com/title/tt0089469/?ref_=sr_t_55,1985,1h 34m,PG,6.3,75K
56. King Solomon's Mines,https://www.imdb.com/title/tt0089421/?ref_=sr_t_56,1985,1h 40m,PG-13,5.2,15K
57. Baby: Secret of the Lost Legend,https://www.imdb.com/title/tt0088760/?ref_=sr_t_57,1985,1h 35m,PG,5.1,3.6K
58. Clue,https://www.imdb.com/title/tt0088930/?ref_=sr_t_58,1985,1h 34m,PG,7.3,114K
59. Remo Williams: The Adventure Begins,https://www.imdb.com/title/tt0089901/?ref_=sr_t_59,1985,2h 1m,PG-13,6.4,14K
60. The Return of the Living Dead,https://www.imdb.com/title/tt0089907/?ref_=sr_t_60,1985,1h 31m,R,7.3,72K
61. A Chorus Line,https://www.imdb.com/title/tt0088915/?ref_=sr_t_61,1985,1h 58m,PG-13,6.2,12K
62. Tomboy,https://www.imdb.com/title/tt0090184/?ref_=sr_t_62,1985,1h 31m,R,4.7,1.8K
63. Follow That Bird,https://www.imdb.com/title/tt0089994/?ref_=sr_t_63,1985,1h 28m,G,6.7,5.8K
64. One Magic Christmas,https://www.imdb.com/title/tt0089731/?ref_=sr_t_64,1985,1h 29m,G,6.4,4.7K
65. Cat's Eye,https://www.imdb.com/title/tt0088889/?ref_=sr_t_65,1985,1h 34m,PG-13,6.3,29K
66. Vision Quest,https://www.imdb.com/title/tt0090270/?ref_=sr_t_66,1985,1h 47m,R,6.7,11K
67. Real Genius,https://www.imdb.com/title/tt0089886/?ref_=sr_t_67,1985,1h 48m,PG,6.9,39K
68. Perfect,https://www.imdb.com/title/tt0089798/?ref_=sr_t_68,1985,1h 55m,Approved,4.7,6.2K
69. Compromising Positions,https://www.imdb.com/title/tt0088947/?ref_=sr_t_69,1985,1h 39m,R,5.9,1.2K
70. Silver Bullet,https://www.imdb.com/title/tt0090021/?ref_=sr_t_70,1985,1h 35m,R,6.4,33K
71. Enemy Mine,https://www.imdb.com/title/tt0089092/?ref_=sr_t_71,1985,1h 48m,PG-13,6.8,53K
72. Lifeforce,https://www.imdb.com/title/tt0089489/?ref_=sr_t_72,1985,1h 41m,R,6.1,31K
73. Just One of the Guys,https://www.imdb.com/title/tt0089393/?ref_=sr_t_73,1985,1h 40m,PG-13,6.5,19K
74. Return to Oz,https://www.imdb.com/title/tt0089908/?ref_=sr_t_74,1985,1h 53m,PG,6.8,32K
75. Krush Groove,https://www.imdb.com/title/tt0089444/?ref_=sr_t_75,1985,1h 37m,R,6.4,3.7K
76. Gotcha!,https://www.imdb.com/title/tt0089222/?ref_=sr_t_76,1985,1h 41m,PG-13,6.2,9.7K
77. Missing in Action 2: The Beginning,https://www.imdb.com/title/tt0089604/?ref_=sr_t_77,1985,1h 40m,R,5.3,9.7K
78. The Purple Rose of Cairo,https://www.imdb.com/title/tt0089853/?ref_=sr_t_78,1985,1h 22m,PG,7.7,56K
79. Moving Violations,https://www.imdb.com/title/tt0089629/?ref_=sr_t_79,1985,1h 30m,PG-13,5.7,4.5K
80. After Hours,https://www.imdb.com/title/tt0088680/?ref_=sr_t_80,1985,1h 37m,R,7.6,86K
81. American Ninja,https://www.imdb.com/title/tt0088708/?ref_=sr_t_81,1985,1h 35m,R,5.4,17K
82. Better Off Dead,https://www.imdb.com/title/tt0088794/?ref_=sr_t_82,1985,1h 37m,PG,7.1,51K
83. Lost in America,https://www.imdb.com/title/tt0089504/?ref_=sr_t_83,1985,1h 31m,R,7.0,11K
84. Once Bitten,https://www.imdb.com/title/tt0089730/?ref_=sr_t_84,1985,1h 34m,PG-13,5.6,18K
85. Brazil,https://www.imdb.com/title/tt0088846/?ref_=sr_t_85,1985,2h 12m,R,7.8,215K
86. Explorers,https://www.imdb.com/title/tt0089114/?ref_=sr_t_86,1985,1h 49m,PG,6.4,24K
87. The Journey of Natty Gann,https://www.imdb.com/title/tt0089385/?ref_=sr_t_87,1985,1h 41m,PG,7.0,7.2K
88. Tuff Turf,https://www.imdb.com/title/tt0090213/?ref_=sr_t_88,1985,1h 52m,R,6.0,6.2K
89. Sweet Dreams,https://www.imdb.com/title/tt0090110/?ref_=sr_t_89,1985,1h 55m,PG-13,7.0,5.6K
90. Target,https://www.imdb.com/title/tt0090130/?ref_=sr_t_90,1985,1h 57m,R,5.9,5.2K
91. Mischief,https://www.imdb.com/title/tt0089601/?ref_=sr_t_91,1985,1h 37m,R,6.5,7.2K
92. The Man with One Red Shoe,https://www.imdb.com/title/tt0089543/?ref_=sr_t_92,1985,1h 32m,PG,5.7,17K
93. That Was Then... This Is Now,https://www.imdb.com/title/tt0090151/?ref_=sr_t_93,1985,1h 42m,R,6.1,2.8K
94. Secret Admirer,https://www.imdb.com/title/tt0089981/?ref_=sr_t_94,1985,1h 30m,R,6.5,8.3K
95. Stick,https://www.imdb.com/title/tt0090073/?ref_=sr_t_95,1985,1h 49m,R,5.6,2.4K
96. Twice in a Lifetime,https://www.imdb.com/title/tt0090223/?ref_=sr_t_96,1985,1h 51m,R,6.4,1.5K
97. My Life as a Dog,https://www.imdb.com/title/tt0089606/?ref_=sr_t_97,1985,1h 41m,Unrated,7.6,23K
98. D.A.R.Y.L.,https://www.imdb.com/title/tt0088979/?ref_=sr_t_98,1985,1h 39m,PG,6.3,14K
99. Runaway Train,https://www.imdb.com/title/tt0089941/?ref_=sr_t_99,1985,1h 51m,R,7.2,34K
100. He-Man and She-Ra: The Secret of the Sword,https://www.imdb.com/title/tt0089984/?ref_=sr_t_100,1985,1h 40m,G,7.2,3.4K
101. Into the Night,https://www.imdb.com/title/tt0089346/?ref_=sr_t_101,1985,1h 55m,R,6.4,14K
102. The Trip to Bountiful,https://www.imdb.com/title/tt0090203/?ref_=sr_t_102,1985,1h 48m,PG,7.4,5.5K
103. Transylvania 6-5000,https://www.imdb.com/title/tt0090196/?ref_=sr_t_103,1985,1h 33m,PG,5.0,8.8K
104. Red Sonja,https://www.imdb.com/title/tt0089893/?ref_=sr_t_104,1985,1h 29m,PG-13,5.1,46K
105. Here Come the Littles,https://www.imdb.com/title/tt0089272/?ref_=sr_t_105,1985,1h 12m,G,6.9,283
106. Girls Just Want to Have Fun,https://www.imdb.com/title/tt0089208/?ref_=sr_t_106,1985,1h 30m,PG,6.0,13K
107. Plenty,https://www.imdb.com/title/tt0089816/?ref_=sr_t_107,1985,2h 1m,R,6.0,3.5K
108. Rustlers' Rhapsody,https://www.imdb.com/title/tt0089945/?ref_=sr_t_108,1985,1h 28m,PG,6.4,2.6K
109. Heaven Help Us,https://www.imdb.com/title/tt0089264/?ref_=sr_t_109,1985,1h 44m,R,6.9,5.2K
110. Gymkata,https://www.imdb.com/title/tt0089243/?ref_=sr_t_110,1985,1h 30m,R,4.4,4.7K
111. Avenging Angel,https://www.imdb.com/title/tt0088757/?ref_=sr_t_111,1985,1h 33m,R,4.9,2.1K
112. Creator,https://www.imdb.com/title/tt0088960/?ref_=sr_t_112,1985,1h 47m,R,6.1,3.6K
113. King David,https://www.imdb.com/title/tt0089420/?ref_=sr_t_113,1985,1h 54m,PG-13,5.3,2.6K
114. Day of the Dead,https://www.imdb.com/title/tt0088993/?ref_=sr_t_114,1985,1h 41m,Not Rated,7.1,76K
115. Rainbow Brite and the Star Stealer,https://www.imdb.com/title/tt0089877/?ref_=sr_t_115,1985,1h 25m,G,6.8,1.5K
"116. No Retreat, No Surrender",https://www.imdb.com/title/tt0089695/?ref_=sr_t_116,1985,1h 25m,PG,5.6,19K
117. The Mean Season,https://www.imdb.com/title/tt0089572/?ref_=sr_t_117,1985,1h 43m,R,6.1,5.3K
118. That's Dancing!,https://www.imdb.com/title/tt0090152/?ref_=sr_t_118,1985,1h 45m,G,7.2,1.2K
119. Ran,https://www.imdb.com/title/tt0089881/?ref_=sr_t_119,1985,2h 40m,R,8.2,141K
120. My Science Project,https://www.imdb.com/title/tt0089652/?ref_=sr_t_120,1985,1h 34m,PG,5.9,6.7K
121. Godzilla 1985,https://www.imdb.com/title/tt0087344/?ref_=sr_t_121,1985,1h 27m,PG,6.1,7.1K
122. The Heavenly Kid,https://www.imdb.com/title/tt0089265/?ref_=sr_t_122,1985,1h 30m,PG-13,6.3,5.8K
123. Turk 182,https://www.imdb.com/title/tt0090217/?ref_=sr_t_123,1985,1h 42m,PG-13,6.0,4.2K
124. The Bride,https://www.imdb.com/title/tt0088851/?ref_=sr_t_124,1985,1h 58m,PG-13,5.4,3.7K
125. Head Office,https://www.imdb.com/title/tt0091183/?ref_=sr_t_125,1985,1h 30m,PG-13,5.4,1.8K
126. Starchaser: The Legend of Orin,https://www.imdb.com/title/tt0090065/?ref_=sr_t_126,1985,1h 40m,PG,6.5,2.6K
127. Fraternity Vacation,https://www.imdb.com/title/tt0089167/?ref_=sr_t_127,1985,1h 34m,R,5.3,2.9K
128. The Legend of Billie Jean,https://www.imdb.com/title/tt0089470/?ref_=sr_t_128,1985,1h 36m,PG-13,6.7,12K
129. Rappin',https://www.imdb.com/title/tt0089883/?ref_=sr_t_129,1985,1h 32m,PG,4.3,633
130. Fast Forward,https://www.imdb.com/title/tt0089129/?ref_=sr_t_130,1985,1h 50m,PG,5.6,818
131. Bad Medicine,https://www.imdb.com/title/tt0088765/?ref_=sr_t_131,1985,1h 38m,PG-13,4.7,1.5K
132. Maxie,https://www.imdb.com/title/tt0089569/?ref_=sr_t_132,1985,1h 38m,PG,5.4,1.2K
133. Marie,https://www.imdb.com/title/tt0089555/?ref_=sr_t_133,1985,1h 52m,PG-13,6.6,1.1K
134. Desert Hearts,https://www.imdb.com/title/tt0089015/?ref_=sr_t_134,1985,1h 31m,R,7.1,7.7K
135. My Beautiful Laundrette,https://www.imdb.com/title/tt0091578/?ref_=sr_t_135,1985,1h 37m,R,6.8,18K
136. Dance with a Stranger,https://www.imdb.com/title/tt0088987/?ref_=sr_t_136,1985,1h 36m,R,6.6,3K
137. Turtle Diary,https://www.imdb.com/title/tt0090219/?ref_=sr_t_137,1985,1h 37m,PG,6.9,846
138. The Quiet Earth,https://www.imdb.com/title/tt0089869/?ref_=sr_t_138,1985,1h 31m,R,6.7,28K
139. Three Men and a Cradle,https://www.imdb.com/title/tt0090206/?ref_=sr_t_139,1985,1h 46m,PG-13,6.6,4K
140. Re-Animator,https://www.imdb.com/title/tt0089885/?ref_=sr_t_140,1985,1h 24m,Unrated,7.2,74K
141. Warning Sign,https://www.imdb.com/title/tt0090293/?ref_=sr_t_141,1985,1h 39m,R,6.1,3K
142. Bring on the Night,https://www.imdb.com/title/tt0088855/?ref_=sr_t_142,1985,1h 37m,PG-13,7.4,678
143. The Slugger's Wife,https://www.imdb.com/title/tt0090036/?ref_=sr_t_143,1985,1h 45m,PG-13,4.4,1.3K
144. American Flyers,https://www.imdb.com/title/tt0088707/?ref_=sr_t_144,1985,1h 53m,PG-13,6.5,6.9K
145. Certain Fury,https://www.imdb.com/title/tt0088895/?ref_=sr_t_145,1985,1h 27m,R,5.3,783
146. The Aviator,https://www.imdb.com/title/tt0088758/?ref_=sr_t_146,1985,1h 36m,PG,5.5,1.5K
147. Wetherby,https://www.imdb.com/title/tt0090310/?ref_=sr_t_147,1985,1h 42m,R,6.5,1.8K
148. Water,https://www.imdb.com/title/tt0090297/?ref_=sr_t_148,1985,1h 55m,PG-13,6.0,2.7K
149. Dreamchild,https://www.imdb.com/title/tt0089052/?ref_=sr_t_149,1985,1h 34m,PG,6.6,1.8K
150. DEFCON-4,https://www.imdb.com/title/tt0087130/?ref_=sr_t_150,1985,1h 28m,R,4.5,2.3K
151. The Protector,https://www.imdb.com/title/tt0089847/?ref_=sr_t_151,1985,1h 35m,R,5.7,5.5K
152. The Adventures of Mark Twain,https://www.imdb.com/title/tt0088678/?ref_=sr_t_152,1985,1h 26m,G,7.2,3.6K
153. Fool for Love,https://www.imdb.com/title/tt0089160/?ref_=sr_t_153,1985,1h 46m,R,6.0,3K
154. Defense of the Realm,https://www.imdb.com/title/tt0089009/?ref_=sr_t_154,1985,1h 36m,PG,6.5,2.6K
155. Pumping Iron II: The Women,https://www.imdb.com/title/tt0089852/?ref_=sr_t_155,1985,1h 47m,,6.0,465
156. Fever Pitch,https://www.imdb.com/title/tt0089139/?ref_=sr_t_156,1985,1h 36m,R,4.2,372
157. Code Name: Emerald,https://www.imdb.com/title/tt0088934/?ref_=sr_t_157,1985,1h 35m,PG,5.9,1.2K
158. Joshua Then and Now,https://www.imdb.com/title/tt0089383/?ref_=sr_t_158,1985,2h 58m,R,6.5,623
159. Morons from Outer Space,https://www.imdb.com/title/tt0089622/?ref_=sr_t_159,1985,1h 30m,PG-13,4.5,2.2K
160. Mishima: A Life in Four Chapters,https://www.imdb.com/title/tt0089603/?ref_=sr_t_160,1985,2h,R,7.9,15K
161. The Good Father,https://www.imdb.com/title/tt0093103/?ref_=sr_t_161,1985,1h 30m,R,6.3,698
162. The Holcroft Covenant,https://www.imdb.com/title/tt0089283/?ref_=sr_t_162,1985,1h 52m,R,5.7,3.9K
163. Subway,https://www.imdb.com/title/tt0090095/?ref_=sr_t_163,1985,1h 44m,R,6.5,17K
164. Sylvester,https://www.imdb.com/title/tt0090112/?ref_=sr_t_164,1985,1h 44m,PG,6.3,513
165. Movers & Shakers,https://www.imdb.com/title/tt0089628/?ref_=sr_t_165,1985,1h 20m,PG,4.2,595
166. Revolution,https://www.imdb.com/title/tt0089913/?ref_=sr_t_166,1985,2h 6m,PG-13,5.3,7.7K
167. La Cage aux Folles 3: The Wedding,https://www.imdb.com/title/tt0088873/?ref_=sr_t_167,1985,1h 27m,PG-13,4.7,926
168. Private Resort,https://www.imdb.com/title/tt0089839/?ref_=sr_t_168,1985,1h 22m,R,5.2,9.5K
169. Eleni,https://www.imdb.com/title/tt0089079/?ref_=sr_t_169,1985,1h 54m,PG,6.9,1.7K
170. Tampopo,https://www.imdb.com/title/tt0092048/?ref_=sr_t_170,1985,1h 54m,Not Rated,7.9,24K
171. The Girl in the Picture,https://www.imdb.com/title/tt0091116/?ref_=sr_t_171,1985,1h 24m,PG-13,6.1,211
172. The New Kids,https://www.imdb.com/title/tt0089679/?ref_=sr_t_172,1985,1h 50m,R,6.1,4.3K
173. Suuri illusioni,https://www.imdb.com/title/tt0090107/?ref_=sr_t_173,1985,1h 35m,,4.0,68
174. The Doctor and the Devils,https://www.imdb.com/title/tt0089034/?ref_=sr_t_174,1985,1h 33m,R,6.1,1.5K
175. Police Story,https://www.imdb.com/title/tt0089374/?ref_=sr_t_175,1985,1h 40m,PG-13,7.5,44K
176. Fandango,https://www.imdb.com/title/tt0089126/?ref_=sr_t_176,1985,1h 31m,PG,6.7,9K
177. Stripper,https://www.imdb.com/title/tt0090092/?ref_=sr_t_177,1985,1h 30m,R,5.7,488
178. 16 Days of Glory,https://www.imdb.com/title/tt0090559/?ref_=sr_t_178,1985,4h 44m,G,7.7,329
179. Come and See,https://www.imdb.com/title/tt0091251/?ref_=sr_t_179,1985,2h 22m,Not Rated,8.3,107K
180. Wild Geese II,https://www.imdb.com/title/tt0090323/?ref_=sr_t_180,1985,2h 5m,R,4.9,1.6K
181. Shadey,https://www.imdb.com/title/tt0090003/?ref_=sr_t_181,1985,1h 30m,PG-13,4.7,191
182. A Killing Affair,https://www.imdb.com/title/tt0095445/?ref_=sr_t_182,1985,1h 40m,R,5.6,331
183. O.C. and Stiggs,https://www.imdb.com/title/tt0089715/?ref_=sr_t_183,1985,1h 49m,R,5.3,1.5K
184. The Official Story,https://www.imdb.com/title/tt0089276/?ref_=sr_t_184,1985,1h 52m,Not Rated,7.7,11K
185. Shoah,https://www.imdb.com/title/tt0090015/?ref_=sr_t_185,1985,9h 26m,Not Rated,8.7,11K
186. Trouble in Mind,https://www.imdb.com/title/tt0090209/?ref_=sr_t_186,1985,1h 51m,R,6.4,2.6K
187. Smooth Talk,https://www.imdb.com/title/tt0090037/?ref_=sr_t_187,1985,1h 32m,PG-13,6.5,3.6K
188. When Father Was Away on Business,https://www.imdb.com/title/tt0089748/?ref_=sr_t_188,1985,2h 16m,R,7.7,10K
189. Taipei Story,https://www.imdb.com/title/tt0089866/?ref_=sr_t_189,1985,1h 59m,Not Rated,7.6,4.2K
190. Space Rage,https://www.imdb.com/title/tt0090054/?ref_=sr_t_190,1985,1h 17m,R,3.8,385
191. Crimewave,https://www.imdb.com/title/tt0088967/?ref_=sr_t_191,1985,1h 26m,PG-13,5.5,7K
192. Lamb,https://www.imdb.com/title/tt0091375/?ref_=sr_t_192,1985,1h 50m,,6.3,694
193. Colonel Redl,https://www.imdb.com/title/tt0089716/?ref_=sr_t_193,1985,2h 24m,R,7.4,3.4K
194. Flesh+Blood,https://www.imdb.com/title/tt0089153/?ref_=sr_t_194,1985,2h 6m,R,6.7,21K
195. The Stuff,https://www.imdb.com/title/tt0090094/?ref_=sr_t_195,1985,1h 27m,R,5.9,19K
196. Phenomena,https://www.imdb.com/title/tt0087909/?ref_=sr_t_196,1985,1h 56m,R,6.7,31K
197. Malibu Express,https://www.imdb.com/title/tt0089539/?ref_=sr_t_197,1985,1h 41m,R,4.8,2.9K
198. Little Flames,https://www.imdb.com/title/tt0089808/?ref_=sr_t_198,1985,1h 35m,,5.5,423
199. Barbarian Queen,https://www.imdb.com/title/tt0088771/?ref_=sr_t_199,1985,1h 14m,R,4.2,3.3K
200. Tender Teenager,https://www.imdb.com/title/tt0086424/?ref_=sr_t_200,1985,1h 23m,,4.4,137
201. Demons,https://www.imdb.com/title/tt0089013/?ref_=sr_t_201,1985,1h 28m,Not Rated,6.6,28K
202. Vampire Hunter D,https://www.imdb.com/title/tt0090248/?ref_=sr_t_202,1985,1h 20m,Not Rated,7.0,18K
203. Screwballs II,https://www.imdb.com/title/tt0089501/?ref_=sr_t_203,1985,1h 32m,R,4.4,1.6K
204. Twisted,https://www.imdb.com/title/tt0092122/?ref_=sr_t_204,1985,1h 25m,R,4.7,536
205. Blood Tracks,https://www.imdb.com/title/tt0088827/?ref_=sr_t_205,1985,1h 21m,Unrated,4.1,792
206. Give the Devil His Due,https://www.imdb.com/title/tt0087731/?ref_=sr_t_206,1985,1h 35m,,8.0,1.4K
207. Snowroller - Sällskapsresan II,https://www.imdb.com/title/tt0090115/?ref_=sr_t_207,1985,1h 31m,,6.6,7.5K
208. Fortress,https://www.imdb.com/title/tt0091069/?ref_=sr_t_208,1985,1h 28m,TV-MA,7.0,3.7K
209. Star Knight,https://www.imdb.com/title/tt0088870/?ref_=sr_t_209,1985,1h 30m,PG-13,4.1,836
210. Perinbaba,https://www.imdb.com/title/tt0089800/?ref_=sr_t_210,1985,1h 30m,,7.5,1.4K
211. Howling II: ... Your Sister Is a Werewolf,https://www.imdb.com/title/tt0089308/?ref_=sr_t_211,1985,1h 31m,R,3.7,8.5K
212. Creature,https://www.imdb.com/title/tt0088961/?ref_=sr_t_212,1985,1h 35m,R,4.4,4.9K
213. The Dirt Bike Kid,https://www.imdb.com/title/tt0090948/?ref_=sr_t_213,1985,1h 30m,PG,5.3,1.5K
214. Miranda,https://www.imdb.com/title/tt0089598/?ref_=sr_t_214,1985,1h 40m,Unrated,4.9,2.6K
215. The Peanut Butter Solution,https://www.imdb.com/title/tt0089789/?ref_=sr_t_215,1985,1h 33m,PG,5.9,2.8K
216. Hail Mary,https://www.imdb.com/title/tt0089366/?ref_=sr_t_216,1985,1h 12m,Not Rated,6.3,3.8K
217. The Boys Next Door,https://www.imdb.com/title/tt0090770/?ref_=sr_t_217,1985,1h 31m,R,6.4,3.8K
218. Savage Dawn,https://www.imdb.com/title/tt0089963/?ref_=sr_t_218,1985,1h 42m,Not Rated,5.1,931
219. Mata Hari,https://www.imdb.com/title/tt0089565/?ref_=sr_t_219,1985,1h 48m,R,4.1,1.1K
220. White Slave,https://www.imdb.com/title/tt0091902/?ref_=sr_t_220,1985,1h 30m,R,4.7,2.2K
221. Nothing Underneath,https://www.imdb.com/title/tt0086343/?ref_=sr_t_221,1985,1h 33m,R,5.8,1.6K
222. Vagabond,https://www.imdb.com/title/tt0089960/?ref_=sr_t_222,1985,1h 45m,Not Rated,7.6,14K
223. School Spirit,https://www.imdb.com/title/tt0089974/?ref_=sr_t_223,1985,1h 30m,R,4.2,1.4K
224. The Coca-Cola Kid,https://www.imdb.com/title/tt0088931/?ref_=sr_t_224,1985,1h 38m,R,5.9,3.6K
225. My Sweet Little Village,https://www.imdb.com/title/tt0090257/?ref_=sr_t_225,1985,1h 38m,PG,7.8,5K
"226. Yes, Madam!",https://www.imdb.com/title/tt0093229/?ref_=sr_t_226,1985,1h 33m,TV-MA,6.7,3.2K
227. L'alcova,https://www.imdb.com/title/tt0086868/?ref_=sr_t_227,1985,1h 26m,,4.7,669
228. Naked Vengeance,https://www.imdb.com/title/tt0091604/?ref_=sr_t_228,1985,1h 37m,R,5.7,932
229. My Lucky Stars,https://www.imdb.com/title/tt0089177/?ref_=sr_t_229,1985,1h 36m,PG-13,6.3,6.3K
230. Amazon Jail,https://www.imdb.com/title/tt0088703/?ref_=sr_t_230,1985,1h 39m,Not Rated,3.8,844
231. Daughters of Eve,https://www.imdb.com/title/tt0292236/?ref_=sr_t_231,1985,2h 5m,TV-MA,6.0,1.4K
232. Burning Flowers,https://www.imdb.com/title/tt0088849/?ref_=sr_t_232,1985,1h 24m,,5.9,213
"233. O-Bi, O-Ba: The End of Civilization",https://www.imdb.com/title/tt0089714/?ref_=sr_t_233,1985,1h 28m,,7.2,2K
234. Hellhole,https://www.imdb.com/title/tt0089269/?ref_=sr_t_234,1985,1h 30m,R,5.0,1.1K
235. Evils of the Night,https://www.imdb.com/title/tt0089109/?ref_=sr_t_235,1985,1h 24m,R,3.7,1.9K
236. Cavegirl,https://www.imdb.com/title/tt0088891/?ref_=sr_t_236,1985,1h 25m,R,3.7,948
237. Miami Supercops,https://www.imdb.com/title/tt0089591/?ref_=sr_t_237,1985,1h 36m,PG,6.1,8.5K
238. Mr. Vampire,https://www.imdb.com/title/tt0089371/?ref_=sr_t_238,1985,1h 36m,PG-13,7.3,4.9K
239. Typhoon Club,https://www.imdb.com/title/tt0088222/?ref_=sr_t_239,1985,1h 55m,,7.0,1.2K
240. Young Lady Chatterley II,https://www.imdb.com/title/tt0090356/?ref_=sr_t_240,1985,1h 26m,R,4.3,1.3K
241. Evil Town,https://www.imdb.com/title/tt0071560/?ref_=sr_t_241,1985,1h 22m,R,3.8,453
242. The Girl and Horse,https://www.imdb.com/title/tt0279222/?ref_=sr_t_242,1985,1h 20m,,5.3,77
243. The Pleasure,https://www.imdb.com/title/tt0089807/?ref_=sr_t_243,1985,1h 33m,,4.6,279
244. A Zed & Two Noughts,https://www.imdb.com/title/tt0090366/?ref_=sr_t_244,1985,1h 55m,Not Rated,7.2,7.8K
245. Red Heat,https://www.imdb.com/title/tt0089892/?ref_=sr_t_245,1985,1h 44m,R,4.8,911
246. Hot Chili,https://www.imdb.com/title/tt0089302/?ref_=sr_t_246,1985,1h 26m,R,4.1,510
247. Treasure of the Amazon,https://www.imdb.com/title/tt0090200/?ref_=sr_t_247,1985,1h 37m,R,4.6,1K
"248. Trikal (Past, Present, Future)",https://www.imdb.com/title/tt0090202/?ref_=sr_t_248,1985,2h 17m,,7.1,320
249. Rendez-vous,https://www.imdb.com/title/tt0089902/?ref_=sr_t_249,1985,1h 22m,,6.4,3.2K
250. Insignificance,https://www.imdb.com/title/tt0089343/?ref_=sr_t_250,1985,1h 49m,R,6.4,4K
251. Alpine Fire,https://www.imdb.com/title/tt0093235/?ref_=sr_t_251,1985,1h 59m,R,7.0,1.1K
252. Savage Island,https://www.imdb.com/title/tt0089964/?ref_=sr_t_252,1985,1h 19m,R,3.3,854
253. Mad Love,https://www.imdb.com/title/tt0088714/?ref_=sr_t_253,1985,1h 41m,Unrated,6.0,1.5K
254. Twinkle Twinkle Lucky Stars,https://www.imdb.com/title/tt0090342/?ref_=sr_t_254,1985,1h 45m,TV-14,6.2,4.6K
255. Pray for Death,https://www.imdb.com/title/tt0089835/?ref_=sr_t_255,1985,1h 38m,R,5.7,2.3K
256. The Oracle,https://www.imdb.com/title/tt0089735/?ref_=sr_t_256,1985,1h 34m,R,4.3,839
257. Dr. Otto and the Riddle of the Gloom Beam,https://www.imdb.com/title/tt0090968/?ref_=sr_t_257,1985,1h 37m,PG,4.9,771
258. Massacre in Dinosaur Valley,https://www.imdb.com/title/tt0089562/?ref_=sr_t_258,1985,1h 28m,Unrated,5.1,2.5K
259. Underworld,https://www.imdb.com/title/tt0090233/?ref_=sr_t_259,1985,1h 43m,R,4.0,1.3K
260. The Erotic Dreams of Cleopatra,https://www.imdb.com/title/tt0086330/?ref_=sr_t_260,1985,1h 26m,,3.8,196
261. Wheels of Fire,https://www.imdb.com/title/tt0088393/?ref_=sr_t_261,1985,1h 21m,R,4.8,1.1K
262. Biohazard,https://www.imdb.com/title/tt0086967/?ref_=sr_t_262,1985,1h 24m,R,3.7,1K
263. Streetwalkin',https://www.imdb.com/title/tt0088195/?ref_=sr_t_263,1985,1h 26m,R,5.8,1K
264. Kenji Miyazawa's Night on the Galactic Railroad,https://www.imdb.com/title/tt0089206/?ref_=sr_t_264,1985,1h 53m,Unrated,7.0,2.6K
265. Basic Training,https://www.imdb.com/title/tt0088775/?ref_=sr_t_265,1985,1h 28m,R,4.1,532
266. Death in a French Garden,https://www.imdb.com/title/tt0089860/?ref_=sr_t_266,1985,1h 41m,R,6.8,1.8K
267. Wizards of the Lost Kingdom,https://www.imdb.com/title/tt0090333/?ref_=sr_t_267,1985,1h 12m,PG,2.9,2.1K
268. Scorpio Nights,https://www.imdb.com/title/tt0117568/?ref_=sr_t_268,1985,2h 6m,TV-MA,6.6,850
269. Scout toujours...,https://www.imdb.com/title/tt0089977/?ref_=sr_t_269,1985,1h 38m,,5.5,990
270. Love Circles,https://www.imdb.com/title/tt0098221/?ref_=sr_t_270,1985,1h 38m,R,4.3,228
271. Collector's Item,https://www.imdb.com/title/tt0091097/?ref_=sr_t_271,1985,1h 41m,R,5.0,424
272. Hot Resort,https://www.imdb.com/title/tt0089305/?ref_=sr_t_272,1985,1h 33m,R,3.7,552
273. Breaking All the Rules,https://www.imdb.com/title/tt0088848/?ref_=sr_t_273,1985,1h 31m,R,5.6,774
274. Alien Outlaw,https://www.imdb.com/title/tt0190229/?ref_=sr_t_274,1985,1h 30m,Not Rated,3.0,622
275. Ruff Trade,https://www.imdb.com/title/tt0201991/?ref_=sr_t_275,1985,1h,,6.7,73
276. Echo Park,https://www.imdb.com/title/tt0090994/?ref_=sr_t_276,1985,1h 28m,R,5.7,747
277. Asterix Versus Caesar,https://www.imdb.com/title/tt0088748/?ref_=sr_t_277,1985,1h 19m,Not Rated,6.8,11K
278. The Lover,https://www.imdb.com/title/tt0089571/?ref_=sr_t_278,1985,1h 30m,R,5.4,126
279. Geraftaar,https://www.imdb.com/title/tt0089194/?ref_=sr_t_279,1985,2h 47m,,5.9,548
280. The Shooting Party,https://www.imdb.com/title/tt0088111/?ref_=sr_t_280,1985,1h 38m,,6.8,1.6K
281. Making Contact,https://www.imdb.com/title/tt0089378/?ref_=sr_t_281,1985,1h 38m,PG,4.7,1.9K
282. Steaming,https://www.imdb.com/title/tt0090070/?ref_=sr_t_282,1985,1h 35m,R,5.8,687
283. Sky High,https://www.imdb.com/title/tt0173682/?ref_=sr_t_283,1985,1h 49m,,3.1,1.3K
284. Ram Teri Ganga Maili,https://www.imdb.com/title/tt0152139/?ref_=sr_t_284,1985,2h 58m,,6.5,1.2K
285. Letter to Brezhnev,https://www.imdb.com/title/tt0089477/?ref_=sr_t_285,1985,1h 34m,R,6.7,1.5K
286. Family Life,https://www.imdb.com/title/tt0088354/?ref_=sr_t_286,1985,1h 35m,,6.7,245
287. Waiting for the Hearse,https://www.imdb.com/title/tt0089108/?ref_=sr_t_287,1985,1h 34m,,8.0,7.6K
288. Love Hotel,https://www.imdb.com/title/tt0089509/?ref_=sr_t_288,1985,1h 28m,,6.6,448
289. Restless Natives,https://www.imdb.com/title/tt0089904/?ref_=sr_t_289,1985,1h 30m,PG,6.8,2.1K
290. Brigade of Death,https://www.imdb.com/title/tt0087002/?ref_=sr_t_290,1985,1h 36m,,5.9,377
291. Parole de flic,https://www.imdb.com/title/tt0089776/?ref_=sr_t_291,1985,1h 38m,,5.6,1.3K
292. Ghulami,https://www.imdb.com/title/tt0089201/?ref_=sr_t_292,1985,3h 19m,,7.4,635
293. Mesmerized,https://www.imdb.com/title/tt0091513/?ref_=sr_t_293,1985,1h 34m,PG,4.7,1.1K
294. Night Train to Terror,https://www.imdb.com/title/tt0087798/?ref_=sr_t_294,1985,1h 38m,R,4.2,2.9K
295. La Casa Que Arde de Noche,https://www.imdb.com/title/tt0278383/?ref_=sr_t_295,1985,1h 43m,,4.7,140
296. Saagar,https://www.imdb.com/title/tt0152256/?ref_=sr_t_296,1985,3h 6m,,6.9,1.1K
297. Junior,https://www.imdb.com/title/tt0089392/?ref_=sr_t_297,1985,1h 27m,Unrated,4.6,388
298. Detective,https://www.imdb.com/title/tt0089066/?ref_=sr_t_298,1985,1h 35m,Unrated,5.7,2.4K
299. Young Flesh Slave,https://www.imdb.com/title/tt8059860/?ref_=sr_t_299,1985,1h 5m,,5.8,14
300. Heart of Dragon,https://www.imdb.com/title/tt0091427/?ref_=sr_t_300,1985,1h 31m,R,6.3,5.4K
301. Nine Deaths of the Ninja,https://www.imdb.com/title/tt0089689/?ref_=sr_t_301,1985,1h 34m,R,3.9,1.6K
302. Bahía blanca,https://www.imdb.com/title/tt0086931/?ref_=sr_t_302,1985,1h 35m,,5.5,216
303. Calamari Union,https://www.imdb.com/title/tt0087020/?ref_=sr_t_303,1985,1h 21m,Not Rated,6.9,4.2K
304. The Dark Power,https://www.imdb.com/title/tt0228183/?ref_=sr_t_304,1985,1h 27m,Not Rated,3.4,806
305. Tokyo-Ga,https://www.imdb.com/title/tt0090182/?ref_=sr_t_305,1985,1h 32m,,7.3,3.6K
306. Flesh and Bullets,https://www.imdb.com/title/tt0089154/?ref_=sr_t_306,1985,1h 24m,R,4.1,253
307. Police,https://www.imdb.com/title/tt0089821/?ref_=sr_t_307,1985,1h 53m,,6.5,3.1K
308. The Unknown Soldier,https://www.imdb.com/title/tt0090215/?ref_=sr_t_308,1985,3h 17m,,7.4,3.1K
309. In the Shadow of Kilimanjaro,https://www.imdb.com/title/tt0091264/?ref_=sr_t_309,1985,1h 37m,R,5.1,537
310. Love and Doves,https://www.imdb.com/title/tt0087650/?ref_=sr_t_310,1985,1h 47m,Not Rated,7.9,5.8K
311. Cocaine Wars,https://www.imdb.com/title/tt0090860/?ref_=sr_t_311,1985,1h 22m,R,4.3,422
312. A Time to Live and a Time to Die,https://www.imdb.com/title/tt0090185/?ref_=sr_t_312,1985,2h 18m,Not Rated,7.5,3.7K
313. Hold-Up,https://www.imdb.com/title/tt0089284/?ref_=sr_t_313,1985,1h 54m,,6.5,3.3K
314. Cop Au Vin,https://www.imdb.com/title/tt0089832/?ref_=sr_t_314,1985,1h 50m,Not Rated,6.5,2.3K
315. Woman in a Box: Virgin Sacrifice,https://www.imdb.com/title/tt0228361/?ref_=sr_t_315,1985,1h 22m,,5.2,154
316. The Broken Landlord,https://www.imdb.com/title/tt0201368/?ref_=sr_t_316,1985,1h 41m,,8.6,17K
317. Ankahee,https://www.imdb.com/title/tt0249358/?ref_=sr_t_317,1985,2h 15m,,7.9,132
318. Saaheb,https://www.imdb.com/title/tt0089952/?ref_=sr_t_318,1985,2h 30m,Not Rated,7.3,577
319. Bliss,https://www.imdb.com/title/tt0088821/?ref_=sr_t_319,1985,1h 52m,R,6.8,1.5K
320. He Died with His Eyes Open,https://www.imdb.com/title/tt0089726/?ref_=sr_t_320,1985,1h 45m,,6.1,772
321. Adieu Bonaparte,https://www.imdb.com/title/tt0088383/?ref_=sr_t_321,1985,1h 55m,,6.2,408
322. Tenement,https://www.imdb.com/title/tt0090145/?ref_=sr_t_322,1985,1h 34m,X,5.5,1.1K
323. When Nature Calls,https://www.imdb.com/title/tt0090314/?ref_=sr_t_323,1985,1h 25m,R,4.6,373
324. Walking the Edge,https://www.imdb.com/title/tt0086566/?ref_=sr_t_324,1985,1h 33m,R,6.1,964
325. Alamo Bay,https://www.imdb.com/title/tt0088689/?ref_=sr_t_325,1985,1h 38m,R,6.1,1.4K
326. Louie Bluie,https://www.imdb.com/title/tt0089507/?ref_=sr_t_326,1985,1h 15m,Not Rated,7.6,926
327. Cemetery of Terror,https://www.imdb.com/title/tt0218088/?ref_=sr_t_327,1985,1h 28m,R,5.4,1.5K
328. Pulgasari,https://www.imdb.com/title/tt0089851/?ref_=sr_t_328,1985,1h 35m,,5.2,1.4K
329. L'effrontée,https://www.imdb.com/title/tt0089072/?ref_=sr_t_329,1985,1h 36m,,6.9,2.2K
330. Paradise Motel,https://www.imdb.com/title/tt0087881/?ref_=sr_t_330,1985,1h 29m,R,5.1,225
331. False as Water,https://www.imdb.com/title/tt0089124/?ref_=sr_t_331,1985,1h 42m,,6.1,814
332. No End,https://www.imdb.com/title/tt0086961/?ref_=sr_t_332,1985,1h 47m,Not Rated,7.3,5.9K
333. Thunder Alley,https://www.imdb.com/title/tt0090168/?ref_=sr_t_333,1985,1h 51m,R,6.1,498
334. Where Are the Children?,https://www.imdb.com/title/tt0092204/?ref_=sr_t_334,1985,1h 37m,R,5.6,341
335. The Ladies Club,https://www.imdb.com/title/tt0091370/?ref_=sr_t_335,1985,1h 25m,R,5.4,341
336. Salt on the Skin,https://www.imdb.com/title/tt0258538/?ref_=sr_t_336,1985,1h 30m,,6.5,109
337. Ching fung dik sau,https://www.imdb.com/title/tt0089865/?ref_=sr_t_337,1985,1h 35m,,6.6,366
338. Igor and the Lunatics,https://www.imdb.com/title/tt0089326/?ref_=sr_t_338,1985,1h 22m,R,3.1,479
339. L'amour propre ne le reste jamais très longtemps,https://www.imdb.com/title/tt0088717/?ref_=sr_t_339,1985,1h 27m,,6.1,77
340. Zone Troopers,https://www.imdb.com/title/tt0092298/?ref_=sr_t_340,1985,1h 26m,PG,5.2,1.9K
341. Dust,https://www.imdb.com/title/tt0089061/?ref_=sr_t_341,1985,1h 28m,,6.0,273
342. The Treasure of Swamp Castle,https://www.imdb.com/title/tt0137226/?ref_=sr_t_342,1985,1h 16m,,7.8,2.2K
343. Meri Jung,https://www.imdb.com/title/tt0084324/?ref_=sr_t_343,1985,2h 44m,Not Rated,7.2,1.5K
344. Pyar Jhukta Nahin,https://www.imdb.com/title/tt0087958/?ref_=sr_t_344,1985,2h 15m,,6.5,230
345. The Annihilators,https://www.imdb.com/title/tt0088729/?ref_=sr_t_345,1985,1h 24m,R,5.1,741
346. Bumpkin Soup,https://www.imdb.com/title/tt0214636/?ref_=sr_t_346,1985,1h 23m,Not Rated,5.6,292
347. Cuckoo in a Dark Forest,https://www.imdb.com/title/tt0091359/?ref_=sr_t_347,1985,1h 35m,,6.6,115
348. Up Your Anchor,https://www.imdb.com/title/tt0089473/?ref_=sr_t_348,1985,1h 29m,R,4.4,983
349. Gritta of the Rats' Castle,https://www.imdb.com/title/tt0089230/?ref_=sr_t_349,1985,1h 19m,,6.7,182
350. Teri Meherbaniyan,https://www.imdb.com/title/tt0350195/?ref_=sr_t_350,1985,2h 20m,,5.5,323
351. Future-Kill,https://www.imdb.com/title/tt0089181/?ref_=sr_t_351,1985,1h 29m,X,3.9,749
352. Le meilleur de la vie,https://www.imdb.com/title/tt0089577/?ref_=sr_t_352,1985,1h 36m,,5.1,64
353. Le déclic,https://www.imdb.com/title/tt0097252/?ref_=sr_t_353,1985,1h 20m,R,4.1,363
354. Confessions of a Serial Killer,https://www.imdb.com/title/tt0092776/?ref_=sr_t_354,1985,1h 29m,R,5.8,875
355. Oriana,https://www.imdb.com/title/tt0089739/?ref_=sr_t_355,1985,1h 28m,,6.7,458
356. Kid Colter,https://www.imdb.com/title/tt0217603/?ref_=sr_t_356,1985,1h 41m,PG,5.7,273
357. Thou Shalt Not Kill... Except,https://www.imdb.com/title/tt0090093/?ref_=sr_t_357,1985,1h 24m,Not Rated,5.6,1K
358. Blood Debts,https://www.imdb.com/title/tt0756288/?ref_=sr_t_358,1985,1h 26m,TV-14,4.4,409
359. My Friend Ivan Lapshin,https://www.imdb.com/title/tt0084345/?ref_=sr_t_359,1985,1h 40m,,7.5,2.8K
360. The Legend of Suram Fortress,https://www.imdb.com/title/tt0087606/?ref_=sr_t_360,1985,1h 28m,,7.3,2.3K
361. The High,https://www.imdb.com/title/tt2044774/?ref_=sr_t_361,1985,1h 58m,,8.5,2.6K
362. Arzu,https://www.imdb.com/title/tt2958780/?ref_=sr_t_362,1985,1h 22m,,4.3,83
363. She'll Be Wearing Pink Pyjamas,https://www.imdb.com/title/tt0088102/?ref_=sr_t_363,1985,1h 26m,PG,5.3,256
364. Penguin's Memory: Shiawase Monogatari,https://www.imdb.com/title/tt1407273/?ref_=sr_t_364,1985,1h 42m,,6.9,198
365. Faces of Death III,https://www.imdb.com/title/tt0121261/?ref_=sr_t_365,1985,1h 31m,Not Rated,3.2,1.6K
366. Jungle Raiders,https://www.imdb.com/title/tt0087607/?ref_=sr_t_366,1985,1h 35m,PG-13,4.7,243
367. Thunder Run,https://www.imdb.com/title/tt0090169/?ref_=sr_t_367,1985,1h 30m,PG-13,5.0,417
368. The Frogs,https://www.imdb.com/title/tt0457027/?ref_=sr_t_368,1985,1h 32m,,6.8,672
369. Yudh,https://www.imdb.com/title/tt0090358/?ref_=sr_t_369,1985,2h 35m,,6.2,245
370. Dream Crimes,https://www.imdb.com/title/tt0287163/?ref_=sr_t_370,1985,1h 9m,,5.1,144
371. Flower and Snake: Sketch of Hell,https://www.imdb.com/title/tt0285594/?ref_=sr_t_371,1985,1h 9m,,5.1,199
372. Orions belte,https://www.imdb.com/title/tt0089740/?ref_=sr_t_372,1985,1h 27m,PG,6.8,2.2K
373. Office Love: Behind Closed Doors,https://www.imdb.com/title/tt0287604/?ref_=sr_t_373,1985,1h 11m,,5.7,67
374. The Adventures of Hercules,https://www.imdb.com/title/tt0089271/?ref_=sr_t_374,1985,1h 28m,PG,3.9,1.7K
375. O ippotis tis lakouvas,https://www.imdb.com/title/tt0200739/?ref_=sr_t_375,1985,1h 33m,,4.7,149
376. They Don't Cut the Grass Anymore,https://www.imdb.com/title/tt0304818/?ref_=sr_t_376,1985,1h 10m,,4.2,324
377. Spiker,https://www.imdb.com/title/tt0091995/?ref_=sr_t_377,1985,1h 44m,R,2.6,301
378. La pulquería ataca de nuevo,https://www.imdb.com/title/tt0353920/?ref_=sr_t_378,1985,1h 40m,,4.8,13
379. Storm,https://www.imdb.com/title/tt0090084/?ref_=sr_t_379,1985,1h 42m,PG-13,5.2,83
380. Angel of Death,https://www.imdb.com/title/tt0090642/?ref_=sr_t_380,1985,1h 32m,R,3.8,367
381. La vaquilla,https://www.imdb.com/title/tt0090250/?ref_=sr_t_381,1985,2h 2m,,7.5,2.2K
382. Life Is Beautiful,https://www.imdb.com/title/tt0090374/?ref_=sr_t_382,1985,1h 44m,,7.8,654
383. Zikina dinastija,https://www.imdb.com/title/tt0181182/?ref_=sr_t_383,1985,1h 35m,,7.6,3K
384. The Naked Citizen,https://www.imdb.com/title/tt0263211/?ref_=sr_t_384,1985,1h 14m,,7.5,5.1K
385. Sari Bela,https://www.imdb.com/title/tt27605453/?ref_=sr_t_385,1985,1h 17m,,6.2,17
386. I Like Bats,https://www.imdb.com/title/tt0091444/?ref_=sr_t_386,1985,1h 30m,,5.5,341
387. Doin' Time,https://www.imdb.com/title/tt0089036/?ref_=sr_t_387,1985,1h 21m,R,4.7,303
388. El telo y la tele,https://www.imdb.com/title/tt0203979/?ref_=sr_t_388,1985,1h 48m,,4.3,68
389. Stone Years,https://www.imdb.com/title/tt0089804/?ref_=sr_t_389,1985,2h 22m,,7.7,904
390. Get Out of My Room,https://www.imdb.com/title/tt0089199/?ref_=sr_t_390,1985,53m,Not Rated,4.7,1.3K
391. Paano ang aking gabi?,https://www.imdb.com/title/tt2508486/?ref_=sr_t_391,1985,,,7.9,9
392. The Assisi Underground,https://www.imdb.com/title/tt0088746/?ref_=sr_t_392,1985,1h 55m,PG,6.0,462
"393. Vabank II, czyli riposta",https://www.imdb.com/title/tt0090246/?ref_=sr_t_393,1985,1h 37m,,7.4,3.1K
394. 1918,https://www.imdb.com/title/tt0088645/?ref_=sr_t_394,1985,1h 34m,Not Rated,6.0,454
395. Scandalous Gilda,https://www.imdb.com/title/tt0089967/?ref_=sr_t_395,1985,1h 35m,R,4.3,199
396. Attack of the Beast Creatures,https://www.imdb.com/title/tt0088752/?ref_=sr_t_396,1985,1h 22m,,4.3,781
397. Mavi Mavi,https://www.imdb.com/title/tt1101654/?ref_=sr_t_397,1985,1h 25m,,3.6,629
398. Lallu Ram,https://www.imdb.com/title/tt1334015/?ref_=sr_t_398,1985,,,7.4,12
399. Hey Babu Riba,https://www.imdb.com/title/tt0091200/?ref_=sr_t_399,1985,1h 52m,R,7.7,1K
400. Screen Test,https://www.imdb.com/title/tt0091909/?ref_=sr_t_400,1985,1h 24m,R,4.1,229
401. Muthal Mariyathai,https://www.imdb.com/title/tt0089646/?ref_=sr_t_401,1985,2h 43m,Not Rated,7.8,539
402. Taiwan Canasta,https://www.imdb.com/title/tt0090122/?ref_=sr_t_402,1985,1h 41m,,7.7,886
403. Jak básníci pricházejí o iluze,https://www.imdb.com/title/tt0087495/?ref_=sr_t_403,1985,1h 38m,,7.2,570
404. Tutta colpa del paradiso,https://www.imdb.com/title/tt0090220/?ref_=sr_t_404,1985,1h 42m,,6.6,527
405. Reijo niku-dorei,https://www.imdb.com/title/tt0288189/?ref_=sr_t_405,1985,1h 7m,,6.6,64
406. Sudden Death,https://www.imdb.com/title/tt0090096/?ref_=sr_t_406,1985,1h 30m,R,4.7,183
407. Billy the Kid and the Green Baize Vampire,https://www.imdb.com/title/tt0088807/?ref_=sr_t_407,1985,1h 33m,Not Rated,5.6,356
408. Le feu sous la peau,https://www.imdb.com/title/tt0165774/?ref_=sr_t_408,1985,1h 33m,Not Rated,5.1,237
409. Bomba Queen,https://www.imdb.com/title/tt0374547/?ref_=sr_t_409,1985,,,6.7,8
410. Dul Bir Kadin,https://www.imdb.com/title/tt1556146/?ref_=sr_t_410,1985,1h 26m,,6.2,305
411. James Joyce's Women,https://www.imdb.com/title/tt0089364/?ref_=sr_t_411,1985,1h 28m,R,6.5,184
412. Ciuleandra,https://www.imdb.com/title/tt0088926/?ref_=sr_t_412,1985,1h 59m,,7.8,597
413. Toby McTeague,https://www.imdb.com/title/tt0090181/?ref_=sr_t_413,1985,1h 36m,PG,5.9,206
"414. Yo, 'El Vaquilla'",https://www.imdb.com/title/tt0090354/?ref_=sr_t_414,1985,1h 45m,TV-14,5.3,538
415. The Way It Is,https://www.imdb.com/title/tt0088382/?ref_=sr_t_415,1985,1h 20m,,5.9,94
416. The Dagger of Kamui,https://www.imdb.com/title/tt0088983/?ref_=sr_t_416,1985,2h 12m,Not Rated,6.9,822
417. Ghar Dwaar,https://www.imdb.com/title/tt0231645/?ref_=sr_t_417,1985,2h 33m,,7.3,66
418. Walter and Carlo - Up on Daddys Hat,https://www.imdb.com/title/tt0090288/?ref_=sr_t_418,1985,1h 26m,,5.4,936
419. Murderous Intent,https://www.imdb.com/title/tt5350196/?ref_=sr_t_419,1985,1h 21m,Not Rated,3.6,53
420. Elvis Gratton: Le king des kings,https://www.imdb.com/title/tt0089085/?ref_=sr_t_420,1985,1h 29m,,7.1,1.3K
421. Ráfaga de plomo,https://www.imdb.com/title/tt0353961/?ref_=sr_t_421,1985,1h 30m,,4.5,30
422. Drei und eine halbe Portion,https://www.imdb.com/title/tt0406724/?ref_=sr_t_422,1985,1h 25m,,3.4,59
423. Arjun,https://www.imdb.com/title/tt0266260/?ref_=sr_t_423,1985,2h 34m,,7.2,1.2K
424. Vampires in Havana,https://www.imdb.com/title/tt0090249/?ref_=sr_t_424,1985,1h 20m,Not Rated,6.9,1.5K
425. Maccheroni,https://www.imdb.com/title/tt0089529/?ref_=sr_t_425,1985,1h 44m,PG,6.4,884
426. Return,https://www.imdb.com/title/tt0089905/?ref_=sr_t_426,1985,1h 22m,R,4.9,113
"427. Al limite, cioè, non glielo dico",https://www.imdb.com/title/tt0086866/?ref_=sr_t_427,1985,1h 45m,,,
428. Men...,https://www.imdb.com/title/tt0089656/?ref_=sr_t_428,1985,1h 39m,,6.6,1.4K
429. Ofelia kommer til byen,https://www.imdb.com/title/tt0089722/?ref_=sr_t_429,1985,1h 32m,,5.0,78
430. L.A. Streetfighters,https://www.imdb.com/title/tt0091433/?ref_=sr_t_430,1985,1h 25m,R,4.5,510
431. Came a Hot Friday,https://www.imdb.com/title/tt0088876/?ref_=sr_t_431,1985,1h 41m,PG,6.4,232
432. Isla,https://www.imdb.com/title/tt0370788/?ref_=sr_t_432,1985,1h 58m,,8.0,81
433. Orgasm: Mariko,https://www.imdb.com/title/tt3391646/?ref_=sr_t_433,1985,1h 9m,,6.4,32
434. Bricklayers Day: Part 2,https://www.imdb.com/title/tt0089067/?ref_=sr_t_434,1985,1h 30m,,5.1,112
435. Stronghold,https://www.imdb.com/title/tt0090325/?ref_=sr_t_435,1985,1h 32m,R,6.3,623
436. Crime Wave,https://www.imdb.com/title/tt0088963/?ref_=sr_t_436,1985,1h 20m,,6.8,759
437. O roz gatos,https://www.imdb.com/title/tt0196917/?ref_=sr_t_437,1985,1h 38m,TV-14,7.2,922
438. Tex and the Lord of the Deep,https://www.imdb.com/title/tt0090150/?ref_=sr_t_438,1985,1h 30m,,5.0,412
439. The Lie,https://www.imdb.com/title/tt0086919/?ref_=sr_t_439,1985,1h 27m,,4.4,201
440. Light Blast,https://www.imdb.com/title/tt0088940/?ref_=sr_t_440,1985,1h 26m,R,5.0,508
441. Stitches,https://www.imdb.com/title/tt0090079/?ref_=sr_t_441,1985,1h 29m,R,4.2,401
442. Buddies,https://www.imdb.com/title/tt0088864/?ref_=sr_t_442,1985,1h 21m,Not Rated,7.5,858
443. Happily Ever After,https://www.imdb.com/title/tt0086871/?ref_=sr_t_443,1985,1h 48m,,5.8,126
444. Made in Brazil,https://www.imdb.com/title/tt0778767/?ref_=sr_t_444,1985,1h 30m,,5.0,49
445. Confessions of Love,https://www.imdb.com/title/tt0150187/?ref_=sr_t_445,1985,1h 35m,,7.7,698
446. Sugar Baby,https://www.imdb.com/title/tt0090377/?ref_=sr_t_446,1985,1h 26m,,6.6,1K
447. Hell Squad,https://www.imdb.com/title/tt0089268/?ref_=sr_t_447,1985,1h 27m,R,3.4,456
448. Paroma,https://www.imdb.com/title/tt0087886/?ref_=sr_t_448,1985,2h 19m,,6.9,215
449. Tiempo de morir,https://www.imdb.com/title/tt0090173/?ref_=sr_t_449,1985,1h 38m,,6.8,213
450. Meru Malan,https://www.imdb.com/title/tt0234234/?ref_=sr_t_450,1985,2h 23m,,5.7,14
451. One Woman or Two,https://www.imdb.com/title/tt0090235/?ref_=sr_t_451,1985,1h 37m,PG-13,4.9,452
452. Bordello,https://www.imdb.com/title/tt0216589/?ref_=sr_t_452,1985,2h 10m,,5.4,148
453. Girls School Screamers,https://www.imdb.com/title/tt0091118/?ref_=sr_t_453,1985,1h 26m,R,4.1,847
454. Sherman's March,https://www.imdb.com/title/tt0091943/?ref_=sr_t_454,1985,2h 37m,Not Rated,7.2,2.8K
455. Kuyucakli Yusuf,https://www.imdb.com/title/tt5119310/?ref_=sr_t_455,1985,1h 36m,,5.8,325
456. Ratu Sakti Calon Arang,https://www.imdb.com/title/tt0323774/?ref_=sr_t_456,1985,1h 30m,,6.8,60
457. Koichiro Uno's Caressing the Peach,https://www.imdb.com/title/tt0288283/?ref_=sr_t_457,1985,1h 2m,,5.7,19
458. Boatman,https://www.imdb.com/title/tt0159248/?ref_=sr_t_458,1985,1h 55m,,7.6,35
459. The Berlin Affair,https://www.imdb.com/title/tt0088789/?ref_=sr_t_459,1985,1h 36m,R,5.4,683
460. Female Leopard,https://www.imdb.com/title/tt0285710/?ref_=sr_t_460,1985,1h 12m,,4.7,293
461. Rozpustený a vypustený,https://www.imdb.com/title/tt0088021/?ref_=sr_t_461,1985,1h 25m,,7.8,597
462. Outrage aux moeurs,https://www.imdb.com/title/tt0164128/?ref_=sr_t_462,1985,1h 20m,,3.9,43
463. Kaakki Sattai,https://www.imdb.com/title/tt0319622/?ref_=sr_t_463,1985,2h 23m,,7.2,334
464. Naerata ometi,https://www.imdb.com/title/tt0123904/?ref_=sr_t_464,1985,1h 25m,,7.4,288
465. Going Undercover,https://www.imdb.com/title/tt0095233/?ref_=sr_t_465,1985,1h 29m,PG-13,4.1,211
466. Rumburak,https://www.imdb.com/title/tt0088023/?ref_=sr_t_466,1985,1h 30m,,6.2,297
467. Claudia,https://www.imdb.com/title/tt0088928/?ref_=sr_t_467,1985,1h 28m,,6.0,40
468. Disciples of the 36th Chamber,https://www.imdb.com/title/tt0089029/?ref_=sr_t_468,1985,1h 30m,,6.4,2.2K
469. Zabardast,https://www.imdb.com/title/tt0230991/?ref_=sr_t_469,1985,2h 39m,,5.0,147
470. Le facteur de Saint-Tropez,https://www.imdb.com/title/tt0089121/?ref_=sr_t_470,1985,1h 30m,,3.8,135
471. A Journey Through Fairyland,https://www.imdb.com/title/tt0297215/?ref_=sr_t_471,1985,1h 30m,TV-Y7-FV,7.0,159
472. Cao inspektore,https://www.imdb.com/title/tt0088882/?ref_=sr_t_472,1985,1h 30m,,6.5,763
473. Dan Oniroku: Bikyoshi jigokuzeme,https://www.imdb.com/title/tt0223848/?ref_=sr_t_473,1985,1h 7m,,5.2,488
474. Martin's Day,https://www.imdb.com/title/tt0087685/?ref_=sr_t_474,1985,1h 38m,PG,5.9,417
475. Tulsi,https://www.imdb.com/title/tt2649912/?ref_=sr_t_475,1985,2h 15m,,8.4,14
476. Beautiful Sisters: Skin!,https://www.imdb.com/title/tt0284911/?ref_=sr_t_476,1985,1h 6m,,4.7,14
477. Horror House on Highway Five,https://www.imdb.com/title/tt0089299/?ref_=sr_t_477,1985,1h 27m,TV-MA,3.8,656
478. Mard,https://www.imdb.com/title/tt0089552/?ref_=sr_t_478,1985,2h 57m,,6.2,2.2K
479. Parking,https://www.imdb.com/title/tt0089775/?ref_=sr_t_479,1985,1h 35m,,4.7,348
480. The Supergrass,https://www.imdb.com/title/tt0090102/?ref_=sr_t_480,1985,1h 36m,R,6.3,722
481. Delivery Boys,https://www.imdb.com/title/tt0087134/?ref_=sr_t_481,1985,1h 31m,R,3.9,298
482. Virgin Forest,https://www.imdb.com/title/tt0375190/?ref_=sr_t_482,1985,2h,,7.3,421
483. Sanjog,https://www.imdb.com/title/tt0089959/?ref_=sr_t_483,1985,2h 28m,Not Rated,5.8,117
484. Go Tell It on the Mountain,https://www.imdb.com/title/tt2354049/?ref_=sr_t_484,1985,1h 36m,Not Rated,6.8,262
485. Tears Are Not Enough,https://www.imdb.com/title/tt0090141/?ref_=sr_t_485,1985,1h 24m,,8.4,56
486. Female Bank Teller: Rape Office,https://www.imdb.com/title/tt0285829/?ref_=sr_t_486,1985,1h 2m,,7.0,21
487. Double Rope Torture,https://www.imdb.com/title/tt0285501/?ref_=sr_t_487,1985,1h 14m,,4.4,17
488. Promisiuni,https://www.imdb.com/title/tt0089844/?ref_=sr_t_488,1985,1h 32m,,7.5,89
489. Murde Ki Jaan Khatre Mein,https://www.imdb.com/title/tt2784594/?ref_=sr_t_489,1985,,,7.0,8
490. Angry Harvest,https://www.imdb.com/title/tt0088811/?ref_=sr_t_490,1985,1h 45m,R,7.1,888
491. Stand Alone,https://www.imdb.com/title/tt0090062/?ref_=sr_t_491,1985,1h 34m,R,5.2,485
492. No Man's Land,https://www.imdb.com/title/tt0089693/?ref_=sr_t_492,1985,1h 50m,,6.6,236
493. Always,https://www.imdb.com/title/tt0088701/?ref_=sr_t_493,1985,1h 45m,R,5.6,347
494. Medium,https://www.imdb.com/title/tt0089574/?ref_=sr_t_494,1985,1h 38m,TV-MA,6.4,753
495. The Innocent,https://www.imdb.com/title/tt0089341/?ref_=sr_t_495,1985,1h 41m,,5.3,138
496. Don't Mess with My Sister!,https://www.imdb.com/title/tt0089037/?ref_=sr_t_496,1985,1h 34m,R,3.8,294
497. Eternal Evil,https://www.imdb.com/title/tt0088830/?ref_=sr_t_497,1985,1h 25m,R,3.9,705
498. A Marvada Carne,https://www.imdb.com/title/tt0138596/?ref_=sr_t_498,1985,1h 17m,,7.1,524
499. Babu,https://www.imdb.com/title/tt0360399/?ref_=sr_t_499,1985,2h 28m,Not Rated,5.5,137
500. The Little Sister,https://www.imdb.com/title/tt0087633/?ref_=sr_t_500,1985,1h 43m,,6.0,101
