Title,Movie Link,Year,Duration,MPA,Rating,Votes
1. Toy Story,https://www.imdb.com/title/tt0114709/?ref_=sr_t_1,1995,1h 21m,G,8.3,1.1M
2. Batman Forever,https://www.imdb.com/title/tt0112462/?ref_=sr_t_2,1995,2h 1m,PG-13,5.4,272K
3. Apollo 13,https://www.imdb.com/title/tt0112384/?ref_=sr_t_3,1995,2h 20m,PG,7.7,323K
4. Pocahontas,https://www.imdb.com/title/tt0114148/?ref_=sr_t_4,1995,1h 21m,G,6.7,208K
5. Ace Ventura: When Nature Calls,https://www.imdb.com/title/tt0112281/?ref_=sr_t_5,1995,1h 30m,PG-13,6.4,239K
6. GoldenEye,https://www.imdb.com/title/tt0113189/?ref_=sr_t_6,1995,2h 10m,PG-13,7.2,275K
7. Jumanji,https://www.imdb.com/title/tt0113497/?ref_=sr_t_7,1995,1h 44m,PG,7.1,389K
8. Casper,https://www.imdb.com/title/tt0112642/?ref_=sr_t_8,1995,1h 40m,PG,6.2,151K
9. Se7en,https://www.imdb.com/title/tt0114369/?ref_=sr_t_9,1995,2h 7m,R,8.6,1.9M
10. Die Hard with a Vengeance,https://www.imdb.com/title/tt0112864/?ref_=sr_t_10,1995,2h 8m,R,7.6,417K
11. Crimson Tide,https://www.imdb.com/title/tt0112740/?ref_=sr_t_11,1995,1h 56m,R,7.4,127K
12. Waterworld,https://www.imdb.com/title/tt0114898/?ref_=sr_t_12,1995,2h 15m,PG-13,6.3,215K
13. Dangerous Minds,https://www.imdb.com/title/tt0112792/?ref_=sr_t_13,1995,1h 39m,R,6.5,58K
14. Mr. Holland's Opus,https://www.imdb.com/title/tt0113862/?ref_=sr_t_14,1995,2h 24m,PG,7.3,42K
15. While You Were Sleeping,https://www.imdb.com/title/tt0114924/?ref_=sr_t_15,1995,1h 43m,PG,6.8,119K
16. Congo,https://www.imdb.com/title/tt0112715/?ref_=sr_t_16,1995,1h 49m,PG-13,5.3,50K
17. Father of the Bride Part II,https://www.imdb.com/title/tt0113041/?ref_=sr_t_17,1995,1h 46m,PG,6.1,43K
18. Braveheart,https://www.imdb.com/title/tt0112573/?ref_=sr_t_18,1995,2h 58m,R,8.3,1.1M
19. Get Shorty,https://www.imdb.com/title/tt0113161/?ref_=sr_t_19,1995,1h 45m,R,6.9,92K
20. Grumpier Old Men,https://www.imdb.com/title/tt0113228/?ref_=sr_t_20,1995,1h 41m,PG-13,6.7,30K
21. The Bridges of Madison County,https://www.imdb.com/title/tt0112579/?ref_=sr_t_21,1995,2h 15m,PG-13,7.6,92K
22. Mortal Kombat,https://www.imdb.com/title/tt0113855/?ref_=sr_t_22,1995,1h 41m,PG-13,5.8,127K
23. Nine Months,https://www.imdb.com/title/tt0113986/?ref_=sr_t_23,1995,1h 43m,PG-13,5.5,39K
24. Outbreak,https://www.imdb.com/title/tt0114069/?ref_=sr_t_24,1995,2h 7m,R,6.6,141K
25. Heat,https://www.imdb.com/title/tt0113277/?ref_=sr_t_25,1995,2h 50m,R,8.3,741K
26. Waiting to Exhale,https://www.imdb.com/title/tt0114885/?ref_=sr_t_26,1995,2h 4m,R,6.0,13K
27. Bad Boys,https://www.imdb.com/title/tt0112442/?ref_=sr_t_27,1995,1h 59m,R,6.8,301K
28. Babe,https://www.imdb.com/title/tt0112431/?ref_=sr_t_28,1995,1h 31m,G,6.9,137K
29. The American President,https://www.imdb.com/title/tt0112346/?ref_=sr_t_29,1995,1h 54m,PG-13,6.8,62K
30. Species,https://www.imdb.com/title/tt0114508/?ref_=sr_t_30,1995,1h 48m,R,5.9,88K
31. 12 Monkeys,https://www.imdb.com/title/tt0114746/?ref_=sr_t_31,1995,2h 9m,R,8.0,658K
32. Clueless,https://www.imdb.com/title/tt0112697/?ref_=sr_t_32,1995,1h 37m,PG-13,6.9,257K
33. Sabrina,https://www.imdb.com/title/tt0114319/?ref_=sr_t_33,1995,2h 7m,PG,6.3,45K
34. Something to Talk About,https://www.imdb.com/title/tt0114496/?ref_=sr_t_34,1995,1h 46m,R,5.7,16K
35. The Net,https://www.imdb.com/title/tt0113957/?ref_=sr_t_35,1995,1h 54m,PG-13,6.0,76K
36. Under Siege 2: Dark Territory,https://www.imdb.com/title/tt0114781/?ref_=sr_t_36,1995,1h 40m,R,5.6,51K
37. A Walk in the Clouds,https://www.imdb.com/title/tt0114887/?ref_=sr_t_37,1995,1h 42m,PG-13,6.7,37K
38. The Brady Bunch Movie,https://www.imdb.com/title/tt0112572/?ref_=sr_t_38,1995,1h 30m,PG-13,6.2,25K
39. Sense and Sensibility,https://www.imdb.com/title/tt0114388/?ref_=sr_t_39,1995,2h 16m,PG,7.7,129K
40. Casino,https://www.imdb.com/title/tt0112641/?ref_=sr_t_40,1995,2h 58m,R,8.2,582K
41. Man of the House,https://www.imdb.com/title/tt0113755/?ref_=sr_t_41,1995,1h 36m,PG,5.3,11K
42. Dead Man Walking,https://www.imdb.com/title/tt0112818/?ref_=sr_t_42,1995,2h 2m,R,7.5,104K
43. French Kiss,https://www.imdb.com/title/tt0113117/?ref_=sr_t_43,1995,1h 51m,PG-13,6.6,54K
44. Higher Learning,https://www.imdb.com/title/tt0113305/?ref_=sr_t_44,1995,2h 8m,R,6.5,22K
45. Mighty Morphin Power Rangers,https://www.imdb.com/title/tt0113820/?ref_=sr_t_45,1995,1h 35m,PG,5.3,31K
46. First Knight,https://www.imdb.com/title/tt0113071/?ref_=sr_t_46,1995,2h 14m,PG-13,6.0,80K
47. Just Cause,https://www.imdb.com/title/tt0113501/?ref_=sr_t_47,1995,1h 42m,R,6.4,30K
"48. To Wong Foo, Thanks for Everything! Julie Newmar",https://www.imdb.com/title/tt0114682/?ref_=sr_t_48,1995,1h 49m,PG-13,6.8,38K
49. The Indian in the Cupboard,https://www.imdb.com/title/tt0113419/?ref_=sr_t_49,1995,1h 36m,PG,6.0,32K
50. Money Train,https://www.imdb.com/title/tt0113845/?ref_=sr_t_50,1995,1h 50m,R,5.7,44K
51. A Goofy Movie,https://www.imdb.com/title/tt0113198/?ref_=sr_t_51,1995,1h 18m,G,6.9,65K
52. Judge Dredd,https://www.imdb.com/title/tt0113492/?ref_=sr_t_52,1995,1h 36m,R,5.6,127K
53. Forget Paris,https://www.imdb.com/title/tt0113097/?ref_=sr_t_53,1995,1h 41m,PG-13,6.5,13K
54. Tommy Boy,https://www.imdb.com/title/tt0114694/?ref_=sr_t_54,1995,1h 37m,PG-13,7.1,100K
55. Rumble in the Bronx,https://www.imdb.com/title/tt0113326/?ref_=sr_t_55,1995,1h 27m,R,6.8,47K
56. Copycat,https://www.imdb.com/title/tt0112722/?ref_=sr_t_56,1995,2h 3m,R,6.6,69K
57. Leaving Las Vegas,https://www.imdb.com/title/tt0113627/?ref_=sr_t_57,1995,1h 51m,R,7.5,139K
58. Rob Roy,https://www.imdb.com/title/tt0114287/?ref_=sr_t_58,1995,2h 19m,R,6.9,47K
59. Powder,https://www.imdb.com/title/tt0114168/?ref_=sr_t_59,1995,1h 51m,PG-13,6.6,33K
60. Assassins,https://www.imdb.com/title/tt0112401/?ref_=sr_t_60,1995,2h 13m,R,6.3,90K
61. Free Willy 2: The Adventure Home,https://www.imdb.com/title/tt0113114/?ref_=sr_t_61,1995,1h 35m,PG,5.1,20K
62. Major Payne,https://www.imdb.com/title/tt0110443/?ref_=sr_t_62,1995,1h 35m,PG-13,6.3,40K
63. Friday,https://www.imdb.com/title/tt0113118/?ref_=sr_t_63,1995,1h 31m,R,7.2,128K
64. Now and Then,https://www.imdb.com/title/tt0114011/?ref_=sr_t_64,1995,1h 42m,PG-13,6.8,33K
65. Houseguest,https://www.imdb.com/title/tt0110066/?ref_=sr_t_65,1995,1h 53m,PG,5.9,7.7K
66. Billy Madison,https://www.imdb.com/title/tt0112508/?ref_=sr_t_66,1995,1h 29m,PG-13,6.4,160K
67. Desperado,https://www.imdb.com/title/tt0112851/?ref_=sr_t_67,1995,1h 44m,R,7.1,201K
68. Operation Dumbo Drop,https://www.imdb.com/title/tt0114048/?ref_=sr_t_68,1995,1h 47m,PG,5.2,9.9K
69. Dolores Claiborne,https://www.imdb.com/title/tt0109642/?ref_=sr_t_69,1995,2h 12m,R,7.4,50K
70. Dead Presidents,https://www.imdb.com/title/tt0112819/?ref_=sr_t_70,1995,1h 59m,R,6.9,25K
71. Virtuosity,https://www.imdb.com/title/tt0114857/?ref_=sr_t_71,1995,1h 46m,R,5.5,33K
72. Tom and Huck,https://www.imdb.com/title/tt0112302/?ref_=sr_t_72,1995,1h 37m,PG,5.5,12K
73. How to Make an American Quilt,https://www.imdb.com/title/tt0113347/?ref_=sr_t_73,1995,1h 57m,PG-13,6.3,13K
74. Boys on the Side,https://www.imdb.com/title/tt0112571/?ref_=sr_t_74,1995,1h 55m,R,6.5,14K
75. Circle of Friends,https://www.imdb.com/title/tt0112679/?ref_=sr_t_75,1995,1h 43m,PG-13,6.6,9.4K
76. The Usual Suspects,https://www.imdb.com/title/tt0114814/?ref_=sr_t_76,1995,1h 46m,R,8.5,1.2M
77. To Die For,https://www.imdb.com/title/tt0114681/?ref_=sr_t_77,1995,1h 46m,R,6.8,55K
78. Tales from the Crypt: Demon Knight,https://www.imdb.com/title/tt0114608/?ref_=sr_t_78,1995,1h 32m,R,6.7,27K
79. Showgirls,https://www.imdb.com/title/tt0114436/?ref_=sr_t_79,1995,2h 8m,NC-17,5.1,77K
80. Sudden Death,https://www.imdb.com/title/tt0114576/?ref_=sr_t_80,1995,1h 51m,R,5.8,38K
81. Vampire in Brooklyn,https://www.imdb.com/title/tt0114825/?ref_=sr_t_81,1995,1h 40m,R,4.7,26K
82. It Takes Two,https://www.imdb.com/title/tt0113442/?ref_=sr_t_82,1995,1h 41m,PG,6.0,26K
83. Johnny Mnemonic,https://www.imdb.com/title/tt0113481/?ref_=sr_t_83,1995,1h 36m,R,5.6,78K
84. The Quick and the Dead,https://www.imdb.com/title/tt0114214/?ref_=sr_t_84,1995,1h 48m,R,6.5,106K
85. The Big Green,https://www.imdb.com/title/tt0112499/?ref_=sr_t_85,1995,1h 40m,PG,5.5,11K
86. Heavyweights,https://www.imdb.com/title/tt0110006/?ref_=sr_t_86,1995,1h 37m,PG,6.6,31K
87. Home for the Holidays,https://www.imdb.com/title/tt0113321/?ref_=sr_t_87,1995,1h 43m,PG-13,6.6,15K
88. Murder in the First,https://www.imdb.com/title/tt0113870/?ref_=sr_t_88,1995,2h 2m,R,7.3,31K
89. Jury Duty,https://www.imdb.com/title/tt0113500/?ref_=sr_t_89,1995,1h 28m,PG-13,4.3,8.9K
90. Devil in a Blue Dress,https://www.imdb.com/title/tt0112857/?ref_=sr_t_90,1995,1h 42m,R,6.8,26K
91. The Prophecy,https://www.imdb.com/title/tt0114194/?ref_=sr_t_91,1995,1h 38m,R,6.4,34K
92. Across the Sea of Time,https://www.imdb.com/title/tt0112286/?ref_=sr_t_92,1995,51m,G,6.4,320
93. Mad Love,https://www.imdb.com/title/tt0113729/?ref_=sr_t_93,1995,1h 33m,PG-13,5.3,7.1K
94. Halloween: The Curse of Michael Myers,https://www.imdb.com/title/tt0113253/?ref_=sr_t_94,1995,1h 27m,R,4.7,44K
95. Wings of Courage,https://www.imdb.com/title/tt0114952/?ref_=sr_t_95,1995,40m,G,6.3,765
96. Kiss of Death,https://www.imdb.com/title/tt0113552/?ref_=sr_t_96,1995,1h 41m,R,5.9,21K
97. Candyman: Farewell to the Flesh,https://www.imdb.com/title/tt0112625/?ref_=sr_t_97,1995,1h 35m,R,5.3,15K
98. Nixon,https://www.imdb.com/title/tt0113987/?ref_=sr_t_98,1995,3h 12m,R,7.1,33K
99. A Kid in King Arthur's Court,https://www.imdb.com/title/tt0113538/?ref_=sr_t_99,1995,1h 29m,PG,4.7,7K
100. Lord of Illusions,https://www.imdb.com/title/tt0113690/?ref_=sr_t_100,1995,1h 49m,R,6.0,20K
101. Clockers,https://www.imdb.com/title/tt0112688/?ref_=sr_t_101,1995,2h 8m,R,6.9,24K
102. Hideaway,https://www.imdb.com/title/tt0113303/?ref_=sr_t_102,1995,1h 46m,R,5.3,7.7K
103. Roommates,https://www.imdb.com/title/tt0114296/?ref_=sr_t_103,1995,1h 48m,PG,6.4,2.1K
104. Bye Bye Love,https://www.imdb.com/title/tt0112606/?ref_=sr_t_104,1995,1h 46m,PG-13,6.2,6.6K
105. Tales from the Hood,https://www.imdb.com/title/tt0114609/?ref_=sr_t_105,1995,1h 38m,R,6.5,10K
106. Far from Home: The Adventures of Yellow Dog,https://www.imdb.com/title/tt0113028/?ref_=sr_t_106,1995,1h 21m,PG,6.3,3.3K
107. Fair Game,https://www.imdb.com/title/tt0113010/?ref_=sr_t_107,1995,1h 31m,R,4.4,14K
108. Balto,https://www.imdb.com/title/tt0112453/?ref_=sr_t_108,1995,1h 18m,G,7.1,49K
109. My Family,https://www.imdb.com/title/tt0113896/?ref_=sr_t_109,1995,2h 8m,R,7.3,4.6K
110. The Englishman Who Went Up a Hill But Came Down a Mountain,https://www.imdb.com/title/tt0112966/?ref_=sr_t_110,1995,1h 39m,PG,6.6,19K
111. Dracula: Dead and Loving It,https://www.imdb.com/title/tt0112896/?ref_=sr_t_111,1995,1h 28m,PG-13,5.8,46K
112. The Brothers McMullen,https://www.imdb.com/title/tt0112585/?ref_=sr_t_112,1995,1h 38m,R,6.6,8.4K
113. The Scarlet Letter,https://www.imdb.com/title/tt0114345/?ref_=sr_t_113,1995,2h 15m,R,5.3,17K
114. Cutthroat Island,https://www.imdb.com/title/tt0112760/?ref_=sr_t_114,1995,2h 4m,PG-13,5.7,31K
115. A Little Princess,https://www.imdb.com/title/tt0113670/?ref_=sr_t_115,1995,1h 37m,G,7.6,38K
116. Jade,https://www.imdb.com/title/tt0113451/?ref_=sr_t_116,1995,1h 35m,R,5.3,15K
117. The Baby-Sitters Club,https://www.imdb.com/title/tt0112435/?ref_=sr_t_117,1995,1h 34m,PG,5.7,6.7K
118. Village of the Damned,https://www.imdb.com/title/tt0114852/?ref_=sr_t_118,1995,1h 38m,R,5.6,35K
119. Smoke,https://www.imdb.com/title/tt0114478/?ref_=sr_t_119,1995,1h 52m,R,7.4,39K
120. Tall Tale,https://www.imdb.com/title/tt0111359/?ref_=sr_t_120,1995,1h 36m,PG,5.9,4.4K
121. Nick of Time,https://www.imdb.com/title/tt0113972/?ref_=sr_t_121,1995,1h 30m,R,6.3,46K
122. Strange Days,https://www.imdb.com/title/tt0114558/?ref_=sr_t_122,1995,2h 25m,R,7.2,80K
123. Unstrung Heroes,https://www.imdb.com/title/tt0114798/?ref_=sr_t_123,1995,1h 33m,PG,6.7,3.3K
124. Bushwhacked,https://www.imdb.com/title/tt0112602/?ref_=sr_t_124,1995,1h 30m,PG-13,5.6,7.1K
125. Losing Isaiah,https://www.imdb.com/title/tt0113691/?ref_=sr_t_125,1995,1h 51m,R,6.4,6.7K
126. Hackers,https://www.imdb.com/title/tt0113243/?ref_=sr_t_126,1995,1h 45m,PG-13,6.2,77K
127. The Jerky Boys,https://www.imdb.com/title/tt0110189/?ref_=sr_t_127,1995,1h 22m,R,4.7,2.9K
128. The Amazing Panda Adventure,https://www.imdb.com/title/tt0112342/?ref_=sr_t_128,1995,1h 24m,PG,5.7,4.5K
129. Kids,https://www.imdb.com/title/tt0113540/?ref_=sr_t_129,1995,1h 31m,NC-17,7.0,87K
130. Three Wishes,https://www.imdb.com/title/tt0114663/?ref_=sr_t_130,1995,1h 55m,PG,6.1,3.3K
131. Last of the Dogmen,https://www.imdb.com/title/tt0113617/?ref_=sr_t_131,1995,1h 58m,PG,6.9,6.2K
132. Never Talk to Strangers,https://www.imdb.com/title/tt0113965/?ref_=sr_t_132,1995,1h 26m,R,5.2,7.5K
133. Panther,https://www.imdb.com/title/tt0114084/?ref_=sr_t_133,1995,2h 4m,R,6.4,2.7K
134. The Hunted,https://www.imdb.com/title/tt0113360/?ref_=sr_t_134,1995,1h 50m,R,5.9,5.9K
135. Mighty Aphrodite,https://www.imdb.com/title/tt0113819/?ref_=sr_t_135,1995,1h 35m,R,7.0,44K
136. Gold Diggers: The Secret of Bear Mountain,https://www.imdb.com/title/tt0113188/?ref_=sr_t_136,1995,1h 33m,PG,6.0,5.1K
137. The Walking Dead,https://www.imdb.com/title/tt0114888/?ref_=sr_t_137,1995,1h 28m,R,4.9,905
138. The Tie That Binds,https://www.imdb.com/title/tt0114666/?ref_=sr_t_138,1995,1h 39m,R,5.0,1.3K
139. Beyond Rangoon,https://www.imdb.com/title/tt0112495/?ref_=sr_t_139,1995,1h 40m,R,6.5,5.5K
140. Screamers,https://www.imdb.com/title/tt0114367/?ref_=sr_t_140,1995,1h 48m,R,6.3,30K
141. Before Sunrise,https://www.imdb.com/title/tt0112471/?ref_=sr_t_141,1995,1h 41m,R,8.1,352K
142. Miami Rhapsody,https://www.imdb.com/title/tt0113808/?ref_=sr_t_142,1995,1h 35m,PG-13,5.4,3.6K
143. Top Dog,https://www.imdb.com/title/tt0114697/?ref_=sr_t_143,1995,1h 26m,PG-13,4.2,3.9K
144. Angus,https://www.imdb.com/title/tt0112368/?ref_=sr_t_144,1995,1h 30m,PG-13,6.7,7.3K
145. National Lampoon's Senior Trip,https://www.imdb.com/title/tt0113936/?ref_=sr_t_145,1995,1h 31m,R,5.6,6.5K
146. Welcome to the Dollhouse,https://www.imdb.com/title/tt0114906/?ref_=sr_t_146,1995,1h 28m,R,7.4,38K
147. Four Rooms,https://www.imdb.com/title/tt0113101/?ref_=sr_t_147,1995,1h 38m,R,6.7,113K
148. Antonia's Line,https://www.imdb.com/title/tt0112379/?ref_=sr_t_148,1995,1h 42m,R,7.4,9.6K
149. Tank Girl,https://www.imdb.com/title/tt0114614/?ref_=sr_t_149,1995,1h 44m,R,5.4,36K
150. Restoration,https://www.imdb.com/title/tt0114272/?ref_=sr_t_150,1995,1h 57m,R,6.6,10K
151. Fluke,https://www.imdb.com/title/tt0113089/?ref_=sr_t_151,1995,1h 36m,PG,6.6,7.7K
152. The Pebble and the Penguin,https://www.imdb.com/title/tt0114108/?ref_=sr_t_152,1995,1h 14m,G,5.5,5.7K
153. White Man's Burden,https://www.imdb.com/title/tt0114928/?ref_=sr_t_153,1995,1h 29m,R,5.3,5.3K
154. Born to Be Wild,https://www.imdb.com/title/tt0113533/?ref_=sr_t_154,1995,1h 40m,PG,5.2,1.7K
155. Bad Company,https://www.imdb.com/title/tt0112443/?ref_=sr_t_155,1995,1h 48m,R,5.4,3.4K
156. New Jersey Drive,https://www.imdb.com/title/tt0113967/?ref_=sr_t_156,1995,1h 38m,R,6.6,3.5K
157. Jeffrey,https://www.imdb.com/title/tt0113464/?ref_=sr_t_157,1995,1h 32m,R,6.8,6.9K
158. Angels and Insects,https://www.imdb.com/title/tt0112365/?ref_=sr_t_158,1995,1h 56m,R,6.8,4.9K
159. Carrington,https://www.imdb.com/title/tt0112637/?ref_=sr_t_159,1995,2h 1m,R,6.8,5.9K
160. Steal Big Steal Little,https://www.imdb.com/title/tt0114536/?ref_=sr_t_160,1995,2h 15m,PG-13,4.7,1.1K
161. Unzipped,https://www.imdb.com/title/tt0114805/?ref_=sr_t_161,1995,1h 13m,R,6.5,1.2K
162. Othello,https://www.imdb.com/title/tt0114057/?ref_=sr_t_162,1995,2h 3m,R,6.8,10K
163. The Perez Family,https://www.imdb.com/title/tt0114113/?ref_=sr_t_163,1995,1h 53m,R,6.0,2.5K
164. Dr. Jekyll and Ms. Hyde,https://www.imdb.com/title/tt0112895/?ref_=sr_t_164,1995,1h 30m,PG-13,4.5,3.1K
165. The Show,https://www.imdb.com/title/tt0114435/?ref_=sr_t_165,1995,1h 33m,R,6.9,389
166. Richard III,https://www.imdb.com/title/tt0114279/?ref_=sr_t_166,1995,1h 50m,R,7.3,16K
167. Magic in the Water,https://www.imdb.com/title/tt0113737/?ref_=sr_t_167,1995,1h 41m,PG,5.4,2.2K
168. The Cure,https://www.imdb.com/title/tt0112757/?ref_=sr_t_168,1995,1h 37m,PG-13,7.7,11K
169. Moonlight and Valentino,https://www.imdb.com/title/tt0113851/?ref_=sr_t_169,1995,1h 45m,R,5.7,4.2K
170. Jefferson in Paris,https://www.imdb.com/title/tt0113463/?ref_=sr_t_170,1995,2h 19m,PG-13,5.7,3.3K
171. Lawnmower Man 2: Beyond Cyberspace,https://www.imdb.com/title/tt0116839/?ref_=sr_t_171,1995,1h 33m,PG-13,2.6,10K
172. The Basketball Diaries,https://www.imdb.com/title/tt0112461/?ref_=sr_t_172,1995,1h 42m,R,7.3,125K
173. The Pillow Book,https://www.imdb.com/title/tt0114134/?ref_=sr_t_173,1995,2h 6m,Not Rated,6.5,14K
174. Once Upon a Time... When We Were Colored,https://www.imdb.com/title/tt0114039/?ref_=sr_t_174,1995,1h 55m,PG,7.4,573
175. The Incredibly True Adventure of Two Girls in Love,https://www.imdb.com/title/tt0113416/?ref_=sr_t_175,1995,1h 34m,R,6.6,5.4K
176. Wild Bill,https://www.imdb.com/title/tt0114938/?ref_=sr_t_176,1995,1h 38m,R,5.8,8.3K
177. Mallrats,https://www.imdb.com/title/tt0113749/?ref_=sr_t_177,1995,1h 34m,R,7.0,131K
178. A Month by the Lake,https://www.imdb.com/title/tt0113849/?ref_=sr_t_178,1995,1h 32m,PG,6.2,2.7K
179. Shanghai Triad,https://www.imdb.com/title/tt0115012/?ref_=sr_t_179,1995,1h 48m,R,7.1,6.1K
180. Endless Winter,https://www.imdb.com/title/tt0112959/?ref_=sr_t_180,1995,1h 33m,Not Rated,7.5,48
181. The Mangler,https://www.imdb.com/title/tt0113762/?ref_=sr_t_181,1995,1h 46m,R,4.4,10K
182. The City of Lost Children,https://www.imdb.com/title/tt0112682/?ref_=sr_t_182,1995,1h 52m,R,7.5,73K
183. The Celluloid Closet,https://www.imdb.com/title/tt0112651/?ref_=sr_t_183,1995,1h 42m,R,7.8,7.7K
184. The Horseman on the Roof,https://www.imdb.com/title/tt0113362/?ref_=sr_t_184,1995,1h 58m,R,7.0,6.5K
185. Anne Frank Remembered,https://www.imdb.com/title/tt0112373/?ref_=sr_t_185,1995,1h 57m,PG,8.1,1.4K
186. Blue in the Face,https://www.imdb.com/title/tt0112541/?ref_=sr_t_186,1995,1h 23m,R,6.6,10K
187. Destiny Turns on the Radio,https://www.imdb.com/title/tt0112854/?ref_=sr_t_187,1995,1h 42m,R,4.6,2.6K
188. Two Much,https://www.imdb.com/title/tt0118001/?ref_=sr_t_188,1995,1h 58m,PG-13,5.4,6.1K
189. Mute Witness,https://www.imdb.com/title/tt0110604/?ref_=sr_t_189,1995,1h 35m,R,6.7,7.4K
190. The King of Masks,https://www.imdb.com/title/tt0115669/?ref_=sr_t_190,1995,1h 31m,,7.7,3.5K
191. Living in Oblivion,https://www.imdb.com/title/tt0113677/?ref_=sr_t_191,1995,1h 30m,R,7.5,21K
192. Georgia,https://www.imdb.com/title/tt0113158/?ref_=sr_t_192,1995,1h 55m,R,6.5,3.4K
193. The Flower of My Secret,https://www.imdb.com/title/tt0113083/?ref_=sr_t_193,1995,1h 43m,R,7.0,13K
194. Dead Man,https://www.imdb.com/title/tt0112817/?ref_=sr_t_194,1995,2h 1m,R,7.5,105K
195. French Twist,https://www.imdb.com/title/tt0113149/?ref_=sr_t_195,1995,1h 44m,R,6.4,5.4K
196. Separate Lives,https://www.imdb.com/title/tt0111125/?ref_=sr_t_196,1995,1h 42m,R,5.0,1.1K
197. Nelly & Monsieur Arnaud,https://www.imdb.com/title/tt0113947/?ref_=sr_t_197,1995,1h 46m,,7.2,5.2K
198. Heavy,https://www.imdb.com/title/tt0113280/?ref_=sr_t_198,1995,1h 45m,R,6.7,6.1K
199. The White Balloon,https://www.imdb.com/title/tt0112445/?ref_=sr_t_199,1995,1h 25m,Unrated,7.6,8.4K
200. When Night Is Falling,https://www.imdb.com/title/tt0114916/?ref_=sr_t_200,1995,1h 34m,Unrated,6.5,7.6K
201. Stuart Saves His Family,https://www.imdb.com/title/tt0114571/?ref_=sr_t_201,1995,1h 35m,PG-13,5.3,3K
202. Guantanamera,https://www.imdb.com/title/tt0109949/?ref_=sr_t_202,1995,1h 45m,TV-14,6.9,1.6K
203. Ghost in the Shell,https://www.imdb.com/title/tt0113568/?ref_=sr_t_203,1995,1h 23m,TV-MA,7.9,162K
204. La Cérémonie,https://www.imdb.com/title/tt0112769/?ref_=sr_t_204,1995,1h 51m,Not Rated,7.5,14K
205. The Crossing Guard,https://www.imdb.com/title/tt0112744/?ref_=sr_t_205,1995,1h 51m,R,6.3,15K
206. Last Summer in the Hamptons,https://www.imdb.com/title/tt0113612/?ref_=sr_t_206,1995,1h 48m,R,5.8,450
207. Les Misérables,https://www.imdb.com/title/tt0113828/?ref_=sr_t_207,1995,2h 55m,R,7.4,4.2K
208. Kicking and Screaming,https://www.imdb.com/title/tt0113537/?ref_=sr_t_208,1995,1h 36m,R,6.7,16K
209. Stonewall,https://www.imdb.com/title/tt0114550/?ref_=sr_t_209,1995,1h 39m,R,7.1,1.8K
210. Wigstock: The Movie,https://www.imdb.com/title/tt0114937/?ref_=sr_t_210,1995,1h 25m,R,6.9,727
"211. Cry, the Beloved Country",https://www.imdb.com/title/tt0112749/?ref_=sr_t_211,1995,1h 46m,PG-13,6.8,2.1K
212. The Grass Harp,https://www.imdb.com/title/tt0113211/?ref_=sr_t_212,1995,1h 47m,PG,6.6,20K
213. The Young Poisoner's Handbook,https://www.imdb.com/title/tt0115033/?ref_=sr_t_213,1995,1h 39m,R,7.0,3.9K
214. The Underneath,https://www.imdb.com/title/tt0114788/?ref_=sr_t_214,1995,1h 39m,R,6.1,3.9K
215. Funny Bones,https://www.imdb.com/title/tt0113133/?ref_=sr_t_215,1995,2h 8m,R,6.7,3.9K
216. Things to Do in Denver When You're Dead,https://www.imdb.com/title/tt0114660/?ref_=sr_t_216,1995,1h 55m,R,6.7,30K
217. Safe,https://www.imdb.com/title/tt0114323/?ref_=sr_t_217,1995,1h 59m,R,7.1,18K
218. Whisper of the Heart,https://www.imdb.com/title/tt0113824/?ref_=sr_t_218,1995,1h 51m,G,7.8,76K
219. Flamenco,https://www.imdb.com/title/tt0113077/?ref_=sr_t_219,1995,1h 40m,,7.4,786
220. Party Girl,https://www.imdb.com/title/tt0114095/?ref_=sr_t_220,1995,1h 34m,R,6.5,7.2K
221. A Midwinter's Tale,https://www.imdb.com/title/tt0113403/?ref_=sr_t_221,1995,1h 39m,R,7.2,2.8K
222. The Last Supper,https://www.imdb.com/title/tt0113613/?ref_=sr_t_222,1995,1h 32m,R,6.7,16K
223. 3 Ninjas: Knuckle Up,https://www.imdb.com/title/tt0112255/?ref_=sr_t_223,1995,1h 25m,PG-13,4.3,6.5K
224. Search and Destroy,https://www.imdb.com/title/tt0114371/?ref_=sr_t_224,1995,1h 30m,R,5.3,1.4K
225. The Star Maker,https://www.imdb.com/title/tt0114808/?ref_=sr_t_225,1995,1h 53m,R,7.3,5.6K
226. Palookaville,https://www.imdb.com/title/tt0117284/?ref_=sr_t_226,1995,1h 32m,R,6.5,2.6K
227. A Pyromaniac's Love Story,https://www.imdb.com/title/tt0114210/?ref_=sr_t_227,1995,1h 34m,PG,5.3,1.1K
228. Total Eclipse,https://www.imdb.com/title/tt0114702/?ref_=sr_t_228,1995,1h 51m,R,6.4,17K
229. The Addiction,https://www.imdb.com/title/tt0112288/?ref_=sr_t_229,1995,1h 22m,Not Rated,6.4,12K
230. Nico Icon,https://www.imdb.com/title/tt0113973/?ref_=sr_t_230,1995,1h 7m,,7.2,764
231. Feast of July,https://www.imdb.com/title/tt0113044/?ref_=sr_t_231,1995,1h 56m,R,6.2,615
232. The Doom Generation,https://www.imdb.com/title/tt0112887/?ref_=sr_t_232,1995,1h 23m,R,6.1,19K
233. Cyclo,https://www.imdb.com/title/tt0112767/?ref_=sr_t_233,1995,2h 3m,,7.1,5.7K
234. La haine,https://www.imdb.com/title/tt0113247/?ref_=sr_t_234,1995,1h 38m,Not Rated,8.1,206K
235. Empire Records,https://www.imdb.com/title/tt0112950/?ref_=sr_t_235,1995,1h 30m,PG-13,6.7,64K
236. Paraíso Perdido,https://www.imdb.com/title/tt0105096/?ref_=sr_t_236,1995,1h 30m,,6.4,21
237. Dragon Ball Z: Fusion Reborn,https://www.imdb.com/title/tt0142236/?ref_=sr_t_237,1995,51m,PG,7.6,13K
238. Flirt,https://www.imdb.com/title/tt0113080/?ref_=sr_t_238,1995,1h 25m,R,6.3,2.3K
239. An Awfully Big Adventure,https://www.imdb.com/title/tt0112427/?ref_=sr_t_239,1995,1h 52m,R,5.8,3.1K
240. Rough Magic,https://www.imdb.com/title/tt0114303/?ref_=sr_t_240,1995,1h 44m,PG-13,5.4,2.2K
241. Lie Down with Dogs,https://www.imdb.com/title/tt0113650/?ref_=sr_t_241,1995,1h 24m,R,4.8,665
242. A Single Girl,https://www.imdb.com/title/tt0113057/?ref_=sr_t_242,1995,1h 30m,TV-MA,6.7,2K
243. Land and Freedom,https://www.imdb.com/title/tt0114671/?ref_=sr_t_243,1995,1h 49m,Not Rated,7.5,12K
244. Jack & Sarah,https://www.imdb.com/title/tt0113448/?ref_=sr_t_244,1995,1h 50m,R,6.6,5.6K
245. Man of the Year,https://www.imdb.com/title/tt0113756/?ref_=sr_t_245,1995,1h 26m,,5.9,352
246. Underground,https://www.imdb.com/title/tt0114787/?ref_=sr_t_246,1995,2h 47m,Not Rated,8.0,62K
247. Canadian Bacon,https://www.imdb.com/title/tt0109370/?ref_=sr_t_247,1995,1h 31m,PG,5.9,18K
248. Fallen Angels,https://www.imdb.com/title/tt0112913/?ref_=sr_t_248,1995,1h 39m,Not Rated,7.5,54K
249. Small Faces,https://www.imdb.com/title/tt0114474/?ref_=sr_t_249,1995,1h 48m,R,6.9,1.7K
250. Denise Calls Up,https://www.imdb.com/title/tt0112844/?ref_=sr_t_250,1995,1h 20m,PG-13,6.6,1.4K
251. Troublesome Creek: A Midwestern,https://www.imdb.com/title/tt1614420/?ref_=sr_t_251,1995,1h 28m,Unrated,7.1,89
252. Frankie Starlight,https://www.imdb.com/title/tt0113107/?ref_=sr_t_252,1995,1h 41m,R,6.5,946
253. Sweet Nothing,https://www.imdb.com/title/tt0114592/?ref_=sr_t_253,1995,1h 29m,R,6.2,594
254. The Stars Fell on Henrietta,https://www.imdb.com/title/tt0114534/?ref_=sr_t_254,1995,1h 49m,PG,6.4,870
255. Brother of Sleep,https://www.imdb.com/title/tt0114354/?ref_=sr_t_255,1995,2h 7m,R,7.0,1.7K
256. Butterfly Kiss,https://www.imdb.com/title/tt0112604/?ref_=sr_t_256,1995,1h 28m,Not Rated,6.3,2.1K
257. Frisk,https://www.imdb.com/title/tt0113122/?ref_=sr_t_257,1995,1h 28m,Unrated,4.9,761
258. Killer: A Journal of Murder,https://www.imdb.com/title/tt0113542/?ref_=sr_t_258,1995,1h 31m,R,6.3,2.4K
259. The Neon Bible,https://www.imdb.com/title/tt0113952/?ref_=sr_t_259,1995,1h 31m,Not Rated,6.2,1.1K
260. Madame Butterfly,https://www.imdb.com/title/tt0113731/?ref_=sr_t_260,1995,2h 14m,,7.0,650
261. Delta of Venus,https://www.imdb.com/title/tt0109593/?ref_=sr_t_261,1995,1h 42m,R,4.7,2.4K
262. Gumby: The Movie,https://www.imdb.com/title/tt0113234/?ref_=sr_t_262,1995,1h 30m,G,6.0,1.1K
263. Ballot Measure 9,https://www.imdb.com/title/tt0112452/?ref_=sr_t_263,1995,1h 12m,,8.0,92
264. Under the Domim Tree,https://www.imdb.com/title/tt0109751/?ref_=sr_t_264,1995,1h 42m,,6.9,233
265. The Low Life,https://www.imdb.com/title/tt0110400/?ref_=sr_t_265,1995,1h 36m,R,5.9,617
266. Red Cherry,https://www.imdb.com/title/tt0114243/?ref_=sr_t_266,1995,2h,,7.0,762
267. For Better or Worse,https://www.imdb.com/title/tt0116332/?ref_=sr_t_267,1995,1h 45m,PG-13,4.8,560
268. Nothing Personal,https://www.imdb.com/title/tt0114007/?ref_=sr_t_268,1995,1h 26m,R,6.8,535
269. Drunks,https://www.imdb.com/title/tt0112907/?ref_=sr_t_269,1995,1h 30m,R,6.4,1.2K
270. Dadetown,https://www.imdb.com/title/tt0112777/?ref_=sr_t_270,1995,1h 33m,,7.0,221
271. Gentlemen Don't Eat Poets,https://www.imdb.com/title/tt0113224/?ref_=sr_t_271,1995,1h 39m,R,5.5,694
272. Beyond the Clouds,https://www.imdb.com/title/tt0114086/?ref_=sr_t_272,1995,1h 50m,Not Rated,6.4,6.3K
273. Catwalk,https://www.imdb.com/title/tt0112646/?ref_=sr_t_273,1995,1h 35m,,7.0,381
274. Two Bits,https://www.imdb.com/title/tt0114753/?ref_=sr_t_274,1995,1h 25m,PG-13,6.1,3.7K
275. Live Nude Girls,https://www.imdb.com/title/tt0113674/?ref_=sr_t_275,1995,1h 35m,R,5.2,2.1K
276. Small Wonders,https://www.imdb.com/title/tt0117669/?ref_=sr_t_276,1995,1h 17m,G,7.5,175
277. Coldblooded,https://www.imdb.com/title/tt0112702/?ref_=sr_t_277,1995,1h 32m,R,6.7,4.2K
278. Ten Benny,https://www.imdb.com/title/tt0114008/?ref_=sr_t_278,1995,1h 48m,R,5.7,416
279. Glory Daze,https://www.imdb.com/title/tt0116422/?ref_=sr_t_279,1995,1h 40m,R,5.6,3.8K
280. Carmen Miranda: Bananas Is My Business,https://www.imdb.com/title/tt0109381/?ref_=sr_t_280,1995,1h 31m,,7.6,315
281. The Journey of August King,https://www.imdb.com/title/tt0113490/?ref_=sr_t_281,1995,1h 31m,PG-13,6.5,1.1K
282. A Modern Affair,https://www.imdb.com/title/tt0113839/?ref_=sr_t_282,1995,1h 30m,R,5.7,196
283. All Things Fair,https://www.imdb.com/title/tt0113720/?ref_=sr_t_283,1995,2h 10m,Unrated,6.8,7.9K
284. Jupiter's Wife,https://www.imdb.com/title/tt0110217/?ref_=sr_t_284,1995,1h 27m,Not Rated,7.1,255
285. Zero Kelvin,https://www.imdb.com/title/tt0113557/?ref_=sr_t_285,1995,1h 53m,Not Rated,7.2,2.2K
286. Open Season,https://www.imdb.com/title/tt0114047/?ref_=sr_t_286,1995,1h 37m,R,5.4,255
"287. Frantz Fanon: Black Skin, White Mask",https://www.imdb.com/title/tt0116357/?ref_=sr_t_287,1995,1h 10m,,6.5,216
288. The Innocent Sleep,https://www.imdb.com/title/tt0113425/?ref_=sr_t_288,1995,1h 50m,R,5.3,377
289. Brothers in Trouble,https://www.imdb.com/title/tt0112586/?ref_=sr_t_289,1995,1h 42m,,6.5,148
290. Too Outrageous Animation,https://www.imdb.com/title/tt6197476/?ref_=sr_t_290,1995,1h 28m,Unrated,,
291. Tarantella,https://www.imdb.com/title/tt0114616/?ref_=sr_t_291,1995,1h 40m,Not Rated,5.2,176
292. Not Bad for a Girl,https://www.imdb.com/title/tt0114001/?ref_=sr_t_292,1995,1h 30m,,7.8,57
293. Blue Juice,https://www.imdb.com/title/tt0112537/?ref_=sr_t_293,1995,1h 30m,R,5.1,3K
294. Bird of Prey,https://www.imdb.com/title/tt0115684/?ref_=sr_t_294,1995,1h 45m,R,4.5,239
295. Mercy,https://www.imdb.com/title/tt0117025/?ref_=sr_t_295,1995,1h 25m,R,5.0,307
296. I Shot a Man in Vegas,https://www.imdb.com/title/tt0113369/?ref_=sr_t_296,1995,1h 26m,R,4.1,144
297. Eden Valley,https://www.imdb.com/title/tt0109708/?ref_=sr_t_297,1995,1h 35m,,7.4,34
298. The Day of the Beast,https://www.imdb.com/title/tt0112922/?ref_=sr_t_298,1995,1h 39m,R,7.3,25K
299. Embrace of the Vampire,https://www.imdb.com/title/tt0109723/?ref_=sr_t_299,1995,1h 32m,R,4.4,7.2K
300. The Babysitter,https://www.imdb.com/title/tt0112438/?ref_=sr_t_300,1995,1h 30m,R,4.3,6.2K
301. Undercover Heat,https://www.imdb.com/title/tt0114786/?ref_=sr_t_301,1995,1h 33m,R,5.0,858
302. Dilwale Dulhania Le Jayenge,https://www.imdb.com/title/tt0112870/?ref_=sr_t_302,1995,3h 1m,Not Rated,8.0,79K
303. Memories,https://www.imdb.com/title/tt0113799/?ref_=sr_t_303,1995,1h 53m,PG-13,7.5,22K
304. Love Letter,https://www.imdb.com/title/tt0113703/?ref_=sr_t_304,1995,1h 57m,PG,7.9,12K
305. P.O.Box Tinto Brass,https://www.imdb.com/title/tt0113049/?ref_=sr_t_305,1995,1h 21m,,5.1,1.9K
306. Friend of the Family,https://www.imdb.com/title/tt0113119/?ref_=sr_t_306,1995,1h 43m,R,4.5,1.1K
307. Ice Cream Man,https://www.imdb.com/title/tt0113376/?ref_=sr_t_307,1995,1h 26m,R,4.8,5.1K
308. Thunderbolt,https://www.imdb.com/title/tt0114126/?ref_=sr_t_308,1995,1h 50m,R,6.3,10K
309. Haunted,https://www.imdb.com/title/tt0113269/?ref_=sr_t_309,1995,1h 48m,R,6.2,7.6K
310. Crying Freeman,https://www.imdb.com/title/tt0112750/?ref_=sr_t_310,1995,1h 42m,,6.4,14K
311. Above Suspicion,https://www.imdb.com/title/tt0109034/?ref_=sr_t_311,1995,1h 35m,R,6.7,2.2K
312. I Like to Play Games,https://www.imdb.com/title/tt0113368/?ref_=sr_t_312,1995,1h 35m,R,5.0,1K
313. Innocent Lies,https://www.imdb.com/title/tt0113249/?ref_=sr_t_313,1995,1h 28m,TV-MA,4.5,1.1K
314. Payback,https://www.imdb.com/title/tt0110803/?ref_=sr_t_314,1995,1h 33m,R,5.7,922
315. Children of the Corn III: Urban Harvest,https://www.imdb.com/title/tt0109415/?ref_=sr_t_315,1995,1h 32m,R,4.3,8.7K
316. I.D.,https://www.imdb.com/title/tt0113375/?ref_=sr_t_316,1995,1h 47m,,7.3,7.6K
317. To the Limit,https://www.imdb.com/title/tt0114683/?ref_=sr_t_317,1995,1h 38m,R,3.3,1.2K
318. Stormswept,https://www.imdb.com/title/tt0114554/?ref_=sr_t_318,1995,1h 33m,R,3.6,460
319. Night of the Running Man,https://www.imdb.com/title/tt0110668/?ref_=sr_t_319,1995,1h 33m,R,5.8,2.1K
320. Godzilla vs. Destoroyah,https://www.imdb.com/title/tt0113187/?ref_=sr_t_320,1995,1h 43m,Unrated,6.9,7.9K
321. Maborosi,https://www.imdb.com/title/tt0113725/?ref_=sr_t_321,1995,1h 50m,Not Rated,7.5,7.7K
322. Lang leve de koningin,https://www.imdb.com/title/tt0113598/?ref_=sr_t_322,1995,1h 58m,,7.3,1.3K
323. Play Time,https://www.imdb.com/title/tt0110846/?ref_=sr_t_323,1995,1h 30m,R,5.9,632
324. Ulysses' Gaze,https://www.imdb.com/title/tt0114863/?ref_=sr_t_324,1995,2h 56m,Unrated,7.6,7.6K
325. Those Were the Days,https://www.imdb.com/title/tt0114146/?ref_=sr_t_325,1995,1h 25m,,6.4,237
326. Assault of the Party Nerds 2: The Heavy Petting Detective,https://www.imdb.com/title/tt0122968/?ref_=sr_t_326,1995,1h 26m,Unrated,2.9,226
327. Angela,https://www.imdb.com/title/tt0112364/?ref_=sr_t_327,1995,1h 39m,Not Rated,6.3,1.1K
328. Provocation,https://www.imdb.com/title/tt0295539/?ref_=sr_t_328,1995,1h 20m,,4.4,304
329. Sorceress,https://www.imdb.com/title/tt0111244/?ref_=sr_t_329,1995,1h 33m,R,4.2,1.3K
330. Serpent's Lair,https://www.imdb.com/title/tt0114394/?ref_=sr_t_330,1995,1h 35m,R,4.3,953
331. Bikini Drive-in,https://www.imdb.com/title/tt0112504/?ref_=sr_t_331,1995,1h 26m,R,4.4,994
332. Indecent Behavior III,https://www.imdb.com/title/tt0113418/?ref_=sr_t_332,1995,1h 32m,R,4.0,366
333. Midaq Alley,https://www.imdb.com/title/tt0112619/?ref_=sr_t_333,1995,2h 20m,Unrated,7.3,3.5K
334. Karan Arjun,https://www.imdb.com/title/tt0113526/?ref_=sr_t_334,1995,2h 55m,,6.8,17K
335. Beach Babes 2: Cave Girl Island,https://www.imdb.com/title/tt0112466/?ref_=sr_t_335,1995,1h 20m,R,3.4,491
336. The Passion of Darkly Noon,https://www.imdb.com/title/tt0114099/?ref_=sr_t_336,1995,1h 41m,Not Rated,5.8,4.3K
337. Rumpelstiltskin,https://www.imdb.com/title/tt0114306/?ref_=sr_t_337,1995,1h 27m,R,4.5,2.8K
338. Magnetic Rose,https://www.imdb.com/title/tt1530535/?ref_=sr_t_338,1995,45m,PG-13,8.2,3.7K
339. Theodore Rex,https://www.imdb.com/title/tt0114658/?ref_=sr_t_339,1995,1h 32m,PG,2.4,4.9K
340. Art for Teachers of Children,https://www.imdb.com/title/tt0112393/?ref_=sr_t_340,1995,1h 22m,,6.2,106
341. Attack of the 60 Foot Centerfolds,https://www.imdb.com/title/tt0112408/?ref_=sr_t_341,1995,1h 24m,R,4.0,1.1K
342. Fatal Pursuit,https://www.imdb.com/title/tt0109775/?ref_=sr_t_342,1995,1h 43m,R,3.7,343
343. The Demolitionist,https://www.imdb.com/title/tt0112843/?ref_=sr_t_343,1995,1h 33m,R,4.3,1.3K
344. Watch Me,https://www.imdb.com/title/tt0118124/?ref_=sr_t_344,1995,1h 30m,R,4.8,327
345. The Snow Queen,https://www.imdb.com/title/tt0348060/?ref_=sr_t_345,1995,1h 18m,,5.8,595
346. Om,https://www.imdb.com/title/tt3189256/?ref_=sr_t_346,1995,2h 30m,,8.9,4.2K
347. Fist of the North Star,https://www.imdb.com/title/tt0113074/?ref_=sr_t_347,1995,1h 43m,R,3.9,3.7K
348. The Blade,https://www.imdb.com/title/tt0112800/?ref_=sr_t_348,1995,1h 45m,,7.0,3.7K
349. God's Comedy,https://www.imdb.com/title/tt0112710/?ref_=sr_t_349,1995,2h 50m,,7.2,1.4K
350. Under Lock and Key,https://www.imdb.com/title/tt0114780/?ref_=sr_t_350,1995,1h 32m,R,4.8,356
351. Malicious,https://www.imdb.com/title/tt0113748/?ref_=sr_t_351,1995,1h 32m,R,5.1,1.5K
352. Ram Jaane,https://www.imdb.com/title/tt0114231/?ref_=sr_t_352,1995,2h 2m,Not Rated,5.4,4.5K
353. Dragon Ball Z: Wrath of the Dragon,https://www.imdb.com/title/tt0142243/?ref_=sr_t_353,1995,52m,TV-PG,7.4,10K
354. Fall Time,https://www.imdb.com/title/tt0113014/?ref_=sr_t_354,1995,1h 28m,R,5.4,2.1K
355. Italian Movie,https://www.imdb.com/title/tt0207554/?ref_=sr_t_355,1995,1h 35m,,4.7,200
356. Frostbiter: Wrath of the Wendigo,https://www.imdb.com/title/tt0116371/?ref_=sr_t_356,1995,1h 24m,R,4.7,903
357. Élisa,https://www.imdb.com/title/tt0112945/?ref_=sr_t_357,1995,1h 55m,,6.6,2.2K
358. Black Day Blue Night,https://www.imdb.com/title/tt0112515/?ref_=sr_t_358,1995,1h 33m,R,5.8,719
359. Terra Estrangeira,https://www.imdb.com/title/tt0114651/?ref_=sr_t_359,1995,1h 50m,,7.4,2.1K
360. Secret Sins,https://www.imdb.com/title/tt0156788/?ref_=sr_t_360,1995,1h 21m,,3.9,163
361. Man with a Gun,https://www.imdb.com/title/tt0116977/?ref_=sr_t_361,1995,1h 31m,R,4.8,709
362. Wild Side,https://www.imdb.com/title/tt0114941/?ref_=sr_t_362,1995,1h 36m,R,5.6,2.5K
363. South Beach Academy,https://www.imdb.com/title/tt0111248/?ref_=sr_t_363,1995,1h 31m,R,3.6,694
364. The Nature of the Beast,https://www.imdb.com/title/tt0113939/?ref_=sr_t_364,1995,1h 31m,R,6.2,2.8K
365. Baasha,https://www.imdb.com/title/tt0139876/?ref_=sr_t_365,1995,2h 25m,Not Rated,8.3,12K
366. Napoleon,https://www.imdb.com/title/tt0113932/?ref_=sr_t_366,1995,1h 21m,G,6.0,2.1K
367. Carnosaur 2,https://www.imdb.com/title/tt0112634/?ref_=sr_t_367,1995,1h 23m,R,3.7,2.3K
368. One Hundred and One Nights,https://www.imdb.com/title/tt0112654/?ref_=sr_t_368,1995,1h 44m,,6.5,2K
369. Habit,https://www.imdb.com/title/tt0113241/?ref_=sr_t_369,1995,1h 52m,Unrated,6.4,2.2K
370. Kuruthipunal,https://www.imdb.com/title/tt0285665/?ref_=sr_t_370,1995,2h 23m,Not Rated,8.5,4.8K
371. Midnight Tease II,https://www.imdb.com/title/tt0113816/?ref_=sr_t_371,1995,1h 31m,R,3.8,457
372. Mind Ripper,https://www.imdb.com/title/tt0114070/?ref_=sr_t_372,1995,1h 36m,R,3.9,2.3K
373. The Expert,https://www.imdb.com/title/tt0109760/?ref_=sr_t_373,1995,1h 32m,R,4.6,772
374. Gladiator Cop,https://www.imdb.com/title/tt0109905/?ref_=sr_t_374,1995,1h 32m,R,3.2,583
375. Dodgeball,https://www.imdb.com/title/tt0361516/?ref_=sr_t_375,1995,1h 21m,,5.5,135
376. Trimurti,https://www.imdb.com/title/tt0114726/?ref_=sr_t_376,1995,3h 7m,Not Rated,4.8,3.1K
377. Evil Ed,https://www.imdb.com/title/tt0116247/?ref_=sr_t_377,1995,1h 33m,R,5.5,4.1K
378. Les trois frères,https://www.imdb.com/title/tt0114732/?ref_=sr_t_378,1995,1h 45m,,7.2,7.7K
379. Sex & the Other Man,https://www.imdb.com/title/tt0112628/?ref_=sr_t_379,1995,1h 29m,R,4.6,574
"380. Young Blood, Fresh Meat",https://www.imdb.com/title/tt0112525/?ref_=sr_t_380,1995,1h 20m,R,3.4,367
381. A Chinese Odyssey: Part 2 - Cinderella,https://www.imdb.com/title/tt0114996/?ref_=sr_t_381,1995,1h 38m,,7.8,8.9K
382. The Fear,https://www.imdb.com/title/tt0113043/?ref_=sr_t_382,1995,1h 42m,R,3.9,1.6K
383. Kristin Lavransdatter,https://www.imdb.com/title/tt0113576/?ref_=sr_t_383,1995,3h,,4.5,1.1K
384. Andolan,https://www.imdb.com/title/tt0112359/?ref_=sr_t_384,1995,3h 12m,,5.0,338
385. Vampire Vixens from Venus,https://www.imdb.com/title/tt0114824/?ref_=sr_t_385,1995,1h 30m,R,3.1,272
386. Tokyo Fist,https://www.imdb.com/title/tt0114690/?ref_=sr_t_386,1995,1h 27m,Not Rated,7.0,4.2K
387. Naajayaz,https://www.imdb.com/title/tt0113913/?ref_=sr_t_387,1995,2h 37m,Not Rated,5.6,761
388. Sailor Moon SuperS: The Movie: Black Dream Hole,https://www.imdb.com/title/tt0112513/?ref_=sr_t_388,1995,1h 15m,TV-14,7.4,1.9K
389. Mujeres infieles,https://www.imdb.com/title/tt0110589/?ref_=sr_t_389,1995,1h 30m,Not Rated,6.4,79
390. Dangerous Indiscretion,https://www.imdb.com/title/tt0109532/?ref_=sr_t_390,1995,1h 21m,R,4.7,275
391. Spanking Love,https://www.imdb.com/title/tt0288231/?ref_=sr_t_391,1995,1h 40m,Unrated,4.8,43
392. No Way Back,https://www.imdb.com/title/tt0117193/?ref_=sr_t_392,1995,1h 31m,R,5.1,3.3K
"393. Gamera, the Guardian of the Universe",https://www.imdb.com/title/tt0113142/?ref_=sr_t_393,1995,1h 36m,Unrated,6.7,4.3K
394. The Jonsson Gang's Greatest Robbery,https://www.imdb.com/title/tt0113510/?ref_=sr_t_394,1995,1h 39m,,5.0,2.4K
395. Men Behind the Sun 4,https://www.imdb.com/title/tt0113281/?ref_=sr_t_395,1995,1h 31m,,6.2,944
396. Without Evidence,https://www.imdb.com/title/tt0176326/?ref_=sr_t_396,1995,1h 39m,Not Rated,3.9,1.3K
397. The Maddening,https://www.imdb.com/title/tt0113732/?ref_=sr_t_397,1995,1h 35m,R,4.8,915
398. Galaxis,https://www.imdb.com/title/tt0113140/?ref_=sr_t_398,1995,1h 31m,R,3.6,1.2K
399. Devil Angel,https://www.imdb.com/title/tt0320109/?ref_=sr_t_399,1995,1h 35m,,5.1,161
400. Enola Gay and the Atomic Bombing of Japan,https://www.imdb.com/title/tt0185048/?ref_=sr_t_400,1995,45m,,7.3,44
401. Iron Eagle on the Attack,https://www.imdb.com/title/tt0113438/?ref_=sr_t_401,1995,1h 36m,PG-13,3.4,1.5K
402. Little Sister,https://www.imdb.com/title/tt0115067/?ref_=sr_t_402,1995,1h 31m,,6.9,2.6K
403. Cops n Roberts,https://www.imdb.com/title/tt0131344/?ref_=sr_t_403,1995,,,6.1,44
404. Zero Woman,https://www.imdb.com/title/tt0167508/?ref_=sr_t_404,1995,1h 39m,R,4.9,226
405. Jallaad,https://www.imdb.com/title/tt0113455/?ref_=sr_t_405,1995,2h 24m,,5.6,243
406. Muthu,https://www.imdb.com/title/tt0140399/?ref_=sr_t_406,1995,2h 45m,,7.5,3.8K
407. Project: Metalbeast,https://www.imdb.com/title/tt0114193/?ref_=sr_t_407,1995,1h 32m,R,4.5,1.3K
408. Mad Dogs and Englishmen,https://www.imdb.com/title/tt0111151/?ref_=sr_t_408,1995,1h 37m,R,3.9,694
409. Bloody Muscle Body Builder in Hell,https://www.imdb.com/title/tt6403680/?ref_=sr_t_409,1995,1h 2m,,6.2,1.3K
410. Best of the Best 3: No Turning Back,https://www.imdb.com/title/tt0112483/?ref_=sr_t_410,1995,1h 30m,R,4.9,2.6K
411. Sixty Million Dollar Man,https://www.imdb.com/title/tt0112446/?ref_=sr_t_411,1995,1h 32m,,6.2,3K
412. Proteus,https://www.imdb.com/title/tt0114196/?ref_=sr_t_412,1995,1h 37m,R,4.1,1.3K
413. Red Lips,https://www.imdb.com/title/tt0114245/?ref_=sr_t_413,1995,1h 17m,,4.6,167
414. High Risk,https://www.imdb.com/title/tt0114437/?ref_=sr_t_414,1995,1h 41m,R,6.1,4.7K
415. The Affair,https://www.imdb.com/title/tt0112306/?ref_=sr_t_415,1995,1h 21m,R,4.6,248
416. Victim of Desire,https://www.imdb.com/title/tt0118079/?ref_=sr_t_416,1995,1h 25m,R,3.9,537
417. Judicial Consent,https://www.imdb.com/title/tt0110212/?ref_=sr_t_417,1995,1h 40m,R,5.6,362
418. Kummeli Stories,https://www.imdb.com/title/tt0113580/?ref_=sr_t_418,1995,1h 30m,,7.0,2.5K
419. Akele Hum Akele Tum,https://www.imdb.com/title/tt0112313/?ref_=sr_t_419,1995,2h 40m,Not Rated,6.9,5.6K
420. Hard Bounty,https://www.imdb.com/title/tt0113259/?ref_=sr_t_420,1995,1h 28m,R,3.9,601
421. The Bait,https://www.imdb.com/title/tt0112387/?ref_=sr_t_421,1995,1h 55m,Not Rated,6.8,2.5K
422. Ten Brothers,https://www.imdb.com/title/tt0114424/?ref_=sr_t_422,1995,1h 40m,,6.0,368
423. Deadly Past,https://www.imdb.com/title/tt0112829/?ref_=sr_t_423,1995,1h 30m,R,4.2,261
424. A Chinese Odyssey: Part One - Pandora's Box,https://www.imdb.com/title/tt0112778/?ref_=sr_t_424,1995,1h 27m,,7.5,8.8K
425. Full Throttle,https://www.imdb.com/title/tt0113651/?ref_=sr_t_425,1995,1h 54m,,6.5,642
426. Voodoo,https://www.imdb.com/title/tt0114872/?ref_=sr_t_426,1995,1h 31m,R,4.6,728
427. Baazi,https://www.imdb.com/title/tt0121989/?ref_=sr_t_427,1995,3h 3m,,6.4,2.6K
428. Peculiarities of the National Hunt,https://www.imdb.com/title/tt0114055/?ref_=sr_t_428,1995,1h 33m,Not Rated,7.4,4.8K
429. Forbidden Games,https://www.imdb.com/title/tt0113093/?ref_=sr_t_429,1995,1h 29m,R,4.4,325
430. Bombay,https://www.imdb.com/title/tt0112553/?ref_=sr_t_430,1995,2h 10m,Not Rated,8.1,14K
431. Macross Plus Movie Edition,https://www.imdb.com/title/tt2330912/?ref_=sr_t_431,1995,1h 55m,,7.5,725
432. Temptress,https://www.imdb.com/title/tt0109546/?ref_=sr_t_432,1995,1h 33m,R,4.1,406
433. Scorpion Spring,https://www.imdb.com/title/tt0114366/?ref_=sr_t_433,1995,1h 30m,R,4.4,362
434. Lumière and Company,https://www.imdb.com/title/tt0113718/?ref_=sr_t_434,1995,1h 28m,Not Rated,6.9,3.4K
435. Operation Antha,https://www.imdb.com/title/tt11867430/?ref_=sr_t_435,1995,,,8.9,103
436. Xtro 3: Watch the Skies,https://www.imdb.com/title/tt0115006/?ref_=sr_t_436,1995,1h 37m,R,3.6,1.4K
437. Out of the Dark,https://www.imdb.com/title/tt0113356/?ref_=sr_t_437,1995,1h 26m,R,6.8,2.9K
438. August in the Water,https://www.imdb.com/title/tt0113834/?ref_=sr_t_438,1995,1h 57m,,7.3,894
439. L'amore molesto,https://www.imdb.com/title/tt0112352/?ref_=sr_t_439,1995,1h 44m,,6.4,689
440. Rendez-vous in Paris,https://www.imdb.com/title/tt0114266/?ref_=sr_t_440,1995,1h 38m,,7.2,2.6K
441. Deadly Run,https://www.imdb.com/title/tt0181447/?ref_=sr_t_441,1995,1h 34m,Unrated,3.3,75
442. Blood & Donuts,https://www.imdb.com/title/tt0112527/?ref_=sr_t_442,1995,1h 29m,R,5.9,1.4K
443. The Dogfighters,https://www.imdb.com/title/tt0115062/?ref_=sr_t_443,1995,1h 36m,R,4.6,231
444. Reckless,https://www.imdb.com/title/tt0114241/?ref_=sr_t_444,1995,1h 31m,PG-13,5.2,528
445. A Fistful of Fingers,https://www.imdb.com/title/tt0131396/?ref_=sr_t_445,1995,1h 18m,TV-MA,5.8,1.1K
446. Twisted Love,https://www.imdb.com/title/tt0114751/?ref_=sr_t_446,1995,1h 25m,R,4.3,179
447. Cellblock Sisters: Banished Behind Bars,https://www.imdb.com/title/tt0112649/?ref_=sr_t_447,1995,1h 35m,R,3.6,481
448. Lap Dancing,https://www.imdb.com/title/tt0113602/?ref_=sr_t_448,1995,1h 30m,R,4.5,385
449. Deadly Sins,https://www.imdb.com/title/tt0112830/?ref_=sr_t_449,1995,1h 38m,R,4.6,568
450. Digital Man,https://www.imdb.com/title/tt0112867/?ref_=sr_t_450,1995,1h 35m,R,4.7,875
451. Hidden Assassin,https://www.imdb.com/title/tt0114432/?ref_=sr_t_451,1995,1h 29m,R,5.1,2.4K
452. Trilogy of Lust 2: Portrait of a Sex Killer,https://www.imdb.com/title/tt0121899/?ref_=sr_t_452,1995,1h 28m,,4.9,131
453. Body Switch,https://www.imdb.com/title/tt0113030/?ref_=sr_t_453,1995,1h 28m,,5.6,425
454. Angel Heart,https://www.imdb.com/title/tt0112660/?ref_=sr_t_454,1995,1h 40m,,5.0,268
455. Jungleground,https://www.imdb.com/title/tt0110215/?ref_=sr_t_455,1995,1h 30m,R,5.3,544
456. New World,https://www.imdb.com/title/tt0114009/?ref_=sr_t_456,1995,2h 5m,R,5.9,327
457. A French Woman,https://www.imdb.com/title/tt0114790/?ref_=sr_t_457,1995,1h 40m,,6.2,1.4K
458. No Contest,https://www.imdb.com/title/tt0110675/?ref_=sr_t_458,1995,1h 38m,R,4.6,1K
459. Storybook,https://www.imdb.com/title/tt0114556/?ref_=sr_t_459,1995,1h 28m,G,4.8,275
460. Number One Fan,https://www.imdb.com/title/tt0114016/?ref_=sr_t_460,1995,1h 29m,R,4.3,246
461. Call Girl,https://www.imdb.com/title/tt0112618/?ref_=sr_t_461,1995,1h 23m,R,3.7,152
462. Flodder 3,https://www.imdb.com/title/tt0113081/?ref_=sr_t_462,1995,2h 4m,,5.5,3.8K
"463. Institute Benjamenta, or This Dream That One Calls Human Life",https://www.imdb.com/title/tt0113429/?ref_=sr_t_463,1995,1h 45m,,7.0,2.1K
464. Dragon Fury,https://www.imdb.com/title/tt0165251/?ref_=sr_t_464,1995,1h 19m,Not Rated,3.1,267
465. Deborah,https://www.imdb.com/title/tt0114200/?ref_=sr_t_465,1995,1h 38m,,6.1,45
466. Prelude to Love,https://www.imdb.com/title/tt0114174/?ref_=sr_t_466,1995,1h 23m,R,4.8,113
467. Baby Ghost,https://www.imdb.com/title/tt0264388/?ref_=sr_t_467,1995,1h 26m,Not Rated,1.5,211
468. Backfire!,https://www.imdb.com/title/tt0112440/?ref_=sr_t_468,1995,1h 33m,PG-13,3.2,370
469. Trilogy of Lust,https://www.imdb.com/title/tt0121898/?ref_=sr_t_469,1995,1h 31m,,5.0,272
470. Pie in the Sky,https://www.imdb.com/title/tt0114131/?ref_=sr_t_470,1995,1h 35m,R,5.8,919
471. Oh Darling Yeh Hai India,https://www.imdb.com/title/tt0114031/?ref_=sr_t_471,1995,2h 40m,,4.0,2K
472. Sabse Bada Khiladi,https://www.imdb.com/title/tt0114317/?ref_=sr_t_472,1995,2h 42m,Not Rated,5.9,4.7K
473. Sathi Leelavathi,https://www.imdb.com/title/tt0140534/?ref_=sr_t_473,1995,2h 31m,Not Rated,8.1,1.6K
474. The Eternal Evil of Asia,https://www.imdb.com/title/tt0113928/?ref_=sr_t_474,1995,1h 29m,Not Rated,6.2,586
475. Fleshy Doll,https://www.imdb.com/title/tt0315802/?ref_=sr_t_475,1995,1h 38m,,5.5,41
476. Korea,https://www.imdb.com/title/tt0113573/?ref_=sr_t_476,1995,1h 27m,,7.2,128
477. Veergati,https://www.imdb.com/title/tt0395802/?ref_=sr_t_477,1995,2h 46m,,5.8,1.9K
478. Ballistic,https://www.imdb.com/title/tt0112451/?ref_=sr_t_478,1995,1h 36m,R,4.5,339
479. Rangeela,https://www.imdb.com/title/tt0114234/?ref_=sr_t_479,1995,2h 22m,Not Rated,7.4,11K
480. Bert: The Last Virgin,https://www.imdb.com/title/tt0112480/?ref_=sr_t_480,1995,1h 40m,,5.8,2.2K
481. Breach of Trust,https://www.imdb.com/title/tt0112732/?ref_=sr_t_481,1995,1h 36m,R,5.2,519
482. Soldier Boyz,https://www.imdb.com/title/tt0114489/?ref_=sr_t_482,1995,1h 30m,R,4.4,1.4K
483. Broadcast Bombshells,https://www.imdb.com/title/tt0112580/?ref_=sr_t_483,1995,1h 20m,R,3.2,192
484. Abducted II: The Reunion,https://www.imdb.com/title/tt0109033/?ref_=sr_t_484,1995,1h 32m,R,3.6,201
485. Lover's Leap,https://www.imdb.com/title/tt0113711/?ref_=sr_t_485,1995,1h 30m,R,4.1,180
486. The Pompatus of Love,https://www.imdb.com/title/tt0117357/?ref_=sr_t_486,1995,1h 39m,R,5.3,631
487. Sabik sa halik,https://www.imdb.com/title/tt0427805/?ref_=sr_t_487,1995,1h 37m,,6.9,28
488. Baby Love,https://www.imdb.com/title/tt0155516/?ref_=sr_t_488,1995,1h 30m,,7.1,29
489. Water Child,https://www.imdb.com/title/tt0112961/?ref_=sr_t_489,1995,1h 43m,,7.0,203
490. Caged Hearts,https://www.imdb.com/title/tt0112612/?ref_=sr_t_490,1995,1h 34m,R,4.2,193
491. Witch Academy,https://www.imdb.com/title/tt0108576/?ref_=sr_t_491,1995,1h 23m,,3.8,269
492. Mouth to Mouth,https://www.imdb.com/title/tt0112546/?ref_=sr_t_492,1995,1h 46m,R,6.4,1.8K
493. Vice Academy 4,https://www.imdb.com/title/tt0129532/?ref_=sr_t_493,1995,1h 29m,R,4.1,257
494. Sinful Intrigue,https://www.imdb.com/title/tt0114455/?ref_=sr_t_494,1995,1h 28m,R,4.3,249
495. Ab Insaf Hoga,https://www.imdb.com/title/tt0112272/?ref_=sr_t_495,1995,2h 5m,Not Rated,5.2,47
496. Hot Ticket,https://www.imdb.com/title/tt0116564/?ref_=sr_t_496,1995,1h 21m,R,3.8,206
497. Jack-O,https://www.imdb.com/title/tt0113449/?ref_=sr_t_497,1995,1h 28m,R,3.4,1.7K
498. Fists of Iron,https://www.imdb.com/title/tt0113075/?ref_=sr_t_498,1995,1h 34m,R,4.7,361
499. My Father Is a Hero,https://www.imdb.com/title/tt0113153/?ref_=sr_t_499,1995,1h 44m,R,6.5,5.6K
500. Behind the Waterfall,https://www.imdb.com/title/tt0112473/?ref_=sr_t_500,1995,1h 34m,,6.0,237
