Title,Movie Link,Year,Duration,MPA,Rating,Votes
1. Lawrence of Arabia,https://www.imdb.com/title/tt0056172/?ref_=sr_t_1,1962,3h 47m,PG,8.3,324K
2. Dr. No,https://www.imdb.com/title/tt0055928/?ref_=sr_t_2,1962,1h 50m,PG,7.2,184K
3. The Manchurian Candidate,https://www.imdb.com/title/tt0056218/?ref_=sr_t_3,1962,2h 6m,PG-13,7.9,81K
4. To Kill a Mockingbird,https://www.imdb.com/title/tt0056592/?ref_=sr_t_4,1962,2h 9m,Approved,8.3,340K
5. Mafioso,https://www.imdb.com/title/tt0056210/?ref_=sr_t_5,1962,1h 45m,Not Rated,7.6,3.1K
6. The Trial,https://www.imdb.com/title/tt0057427/?ref_=sr_t_6,1962,1h 59m,Not Rated,7.6,25K
7. Le Doulos,https://www.imdb.com/title/tt0054821/?ref_=sr_t_7,1962,1h 48m,Not Rated,7.7,12K
8. How the West Was Won,https://www.imdb.com/title/tt0056085/?ref_=sr_t_8,1962,2h 44m,G,7.1,24K
9. Le combat dans l'île,https://www.imdb.com/title/tt0054758/?ref_=sr_t_9,1962,1h 44m,PG-13,6.5,948
10. Sanjuro,https://www.imdb.com/title/tt0056443/?ref_=sr_t_10,1962,1h 36m,Not Rated,8.0,42K
11. Vivre sa vie,https://www.imdb.com/title/tt0056663/?ref_=sr_t_11,1962,1h 25m,Not Rated,7.8,36K
12. Ivan's Childhood,https://www.imdb.com/title/tt0056111/?ref_=sr_t_12,1962,1h 35m,Not Rated,8.0,41K
13. A Kind of Loving,https://www.imdb.com/title/tt0056141/?ref_=sr_t_13,1962,1h 52m,Not Rated,7.3,2.8K
14. Jules and Jim,https://www.imdb.com/title/tt0055032/?ref_=sr_t_14,1962,1h 45m,Not Rated,7.7,45K
15. Harakiri,https://www.imdb.com/title/tt0056058/?ref_=sr_t_15,1962,2h 13m,Not Rated,8.6,76K
16. Lolita,https://www.imdb.com/title/tt0056193/?ref_=sr_t_16,1962,2h 33m,Approved,7.5,111K
17. The Music Man,https://www.imdb.com/title/tt0056262/?ref_=sr_t_17,1962,2h 31m,G,7.7,20K
18. Period of Adjustment,https://www.imdb.com/title/tt0056341/?ref_=sr_t_18,1962,1h 52m,Approved,6.2,1.7K
19. The Man Who Shot Liberty Valance,https://www.imdb.com/title/tt0056217/?ref_=sr_t_19,1962,2h 3m,Approved,8.1,85K
20. What Ever Happened to Baby Jane?,https://www.imdb.com/title/tt0056687/?ref_=sr_t_20,1962,2h 14m,Approved,8.0,64K
21. The Longest Day,https://www.imdb.com/title/tt0056197/?ref_=sr_t_21,1962,2h 58m,G,7.7,61K
22. Cape Fear,https://www.imdb.com/title/tt0055824/?ref_=sr_t_22,1962,1h 46m,Approved,7.7,33K
23. The Miracle Worker,https://www.imdb.com/title/tt0056241/?ref_=sr_t_23,1962,1h 46m,Approved,8.1,21K
24. Hatari!,https://www.imdb.com/title/tt0056059/?ref_=sr_t_24,1962,2h 37m,Approved,7.1,15K
25. Mutiny on the Bounty,https://www.imdb.com/title/tt0056264/?ref_=sr_t_25,1962,2h 58m,Approved,7.2,18K
26. Carnival of Souls,https://www.imdb.com/title/tt0055830/?ref_=sr_t_26,1962,1h 18m,PG,7.0,29K
27. Crooks Anonymous,https://www.imdb.com/title/tt0055875/?ref_=sr_t_27,1962,1h 28m,,6.2,713
28. The Exterminating Angel,https://www.imdb.com/title/tt0056732/?ref_=sr_t_28,1962,1h 35m,Not Rated,8.0,36K
29. Gypsy,https://www.imdb.com/title/tt0056048/?ref_=sr_t_29,1962,2h 23m,Approved,7.1,7.2K
30. The Phantom of the Opera,https://www.imdb.com/title/tt0056347/?ref_=sr_t_30,1962,1h 24m,Approved,6.4,3.9K
31. L'Eclisse,https://www.imdb.com/title/tt0056736/?ref_=sr_t_31,1962,2h 6m,Not Rated,7.7,23K
32. A Dog's Life,https://www.imdb.com/title/tt0057318/?ref_=sr_t_32,1962,1h 48m,Approved,6.2,4.6K
33. Taras Bulba,https://www.imdb.com/title/tt0056556/?ref_=sr_t_33,1962,2h 2m,Approved,6.3,4.6K
34. That Touch of Mink,https://www.imdb.com/title/tt0056575/?ref_=sr_t_34,1962,1h 39m,Approved,6.6,11K
35. Cléo from 5 to 7,https://www.imdb.com/title/tt0055852/?ref_=sr_t_35,1962,1h 30m,Not Rated,7.8,29K
36. Days of Wine and Roses,https://www.imdb.com/title/tt0055895/?ref_=sr_t_36,1962,1h 57m,Approved,7.8,14K
37. Walk on the Wild Side,https://www.imdb.com/title/tt0056671/?ref_=sr_t_37,1962,1h 54m,Approved,6.7,3.1K
38. The Loneliness of the Long Distance Runner,https://www.imdb.com/title/tt0056194/?ref_=sr_t_38,1962,1h 44m,Not Rated,7.5,9.6K
39. State Fair,https://www.imdb.com/title/tt0056526/?ref_=sr_t_39,1962,2h,Approved,5.9,1.4K
40. Knife in the Water,https://www.imdb.com/title/tt0056291/?ref_=sr_t_40,1962,1h 34m,Not Rated,7.4,24K
41. Birdman of Alcatraz,https://www.imdb.com/title/tt0055798/?ref_=sr_t_41,1962,2h 27m,Approved,7.8,20K
42. The Brain That Wouldn't Die,https://www.imdb.com/title/tt0052646/?ref_=sr_t_42,1962,1h 22m,Approved,4.5,7.8K
43. Boccaccio '70,https://www.imdb.com/title/tt0055805/?ref_=sr_t_43,1962,3h 25m,Unrated,7.0,5.2K
44. Ride the High Country,https://www.imdb.com/title/tt0056412/?ref_=sr_t_44,1962,1h 34m,Approved,7.4,15K
45. Mr. Hobbs Takes a Vacation,https://www.imdb.com/title/tt0056255/?ref_=sr_t_45,1962,1h 56m,Approved,6.8,6.1K
46. Jack the Giant Killer,https://www.imdb.com/title/tt0056112/?ref_=sr_t_46,1962,1h 34m,Approved,6.3,3.2K
47. Lonely Are the Brave,https://www.imdb.com/title/tt0056195/?ref_=sr_t_47,1962,1h 47m,Approved,7.6,10K
48. Experiment in Terror,https://www.imdb.com/title/tt0055972/?ref_=sr_t_48,1962,2h 3m,Approved,7.3,7K
49. Salvatore Giuliano,https://www.imdb.com/title/tt0055399/?ref_=sr_t_49,1962,2h 5m,Not Rated,7.3,4.4K
50. Hell Is for Heroes,https://www.imdb.com/title/tt0056062/?ref_=sr_t_50,1962,1h 30m,Approved,6.9,7.7K
51. Sodom and Gomorrah,https://www.imdb.com/title/tt0056504/?ref_=sr_t_51,1962,2h 34m,G,5.7,2.3K
52. Sweet Bird of Youth,https://www.imdb.com/title/tt0056541/?ref_=sr_t_52,1962,2h,Approved,7.1,8.7K
53. The Lion,https://www.imdb.com/title/tt0056186/?ref_=sr_t_53,1962,1h 36m,Approved,6.1,811
54. The Road to Hong Kong,https://www.imdb.com/title/tt0056417/?ref_=sr_t_54,1962,1h 31m,Approved,6.1,2.8K
55. The Easy Life,https://www.imdb.com/title/tt0056512/?ref_=sr_t_55,1962,1h 48m,Not Rated,8.2,13K
56. The Underwater City,https://www.imdb.com/title/tt0056637/?ref_=sr_t_56,1962,1h 18m,Not Rated,4.7,206
57. King Kong vs. Godzilla,https://www.imdb.com/title/tt13364334/?ref_=sr_t_57,1962,1h 37m,,6.2,2.3K
58. Gay Purr-ee,https://www.imdb.com/title/tt0057093/?ref_=sr_t_58,1962,1h 25m,Approved,6.6,2.2K
59. The 300 Spartans,https://www.imdb.com/title/tt0055719/?ref_=sr_t_59,1962,1h 54m,Approved,6.5,7.8K
60. The Wonderful World of the Brothers Grimm,https://www.imdb.com/title/tt0056700/?ref_=sr_t_60,1962,2h 15m,G,6.4,2.3K
61. The Notorious Landlady,https://www.imdb.com/title/tt0056289/?ref_=sr_t_61,1962,2h 3m,Approved,6.7,3K
62. The Magic Sword,https://www.imdb.com/title/tt0056211/?ref_=sr_t_62,1962,1h 20m,Approved,4.8,2.7K
63. Girls! Girls! Girls!,https://www.imdb.com/title/tt0056023/?ref_=sr_t_63,1962,1h 46m,PG,5.6,3.7K
64. Requiem for a Heavyweight,https://www.imdb.com/title/tt0056406/?ref_=sr_t_64,1962,1h 35m,Approved,7.8,5K
65. Long Day's Journey Into Night,https://www.imdb.com/title/tt0056196/?ref_=sr_t_65,1962,2h 54m,Not Rated,7.5,6.1K
66. All Night Long,https://www.imdb.com/title/tt0054614/?ref_=sr_t_66,1962,1h 31m,Not Rated,7.1,1.7K
67. Jigsaw,https://www.imdb.com/title/tt0056121/?ref_=sr_t_67,1962,1h 37m,Not Rated,7.2,1.7K
68. House on Bare Mountain,https://www.imdb.com/title/tt0056083/?ref_=sr_t_68,1962,1h 2m,Unrated,4.1,728
69. Geronimo,https://www.imdb.com/title/tt0056016/?ref_=sr_t_69,1962,1h 41m,Approved,5.8,1.4K
70. Six Black Horses,https://www.imdb.com/title/tt0056496/?ref_=sr_t_70,1962,1h 20m,Approved,6.4,1K
71. Son of Flubber,https://www.imdb.com/title/tt0057518/?ref_=sr_t_71,1962,1h 42m,G,6.1,3.3K
72. The Inn on the River,https://www.imdb.com/title/tt0056012/?ref_=sr_t_72,1962,1h 32m,,6.5,1.1K
73. Advise & Consent,https://www.imdb.com/title/tt0055728/?ref_=sr_t_73,1962,2h 19m,Approved,7.7,7.7K
74. Satan Never Sleeps,https://www.imdb.com/title/tt0056447/?ref_=sr_t_74,1962,2h 5m,Approved,6.0,901
75. Billy Budd,https://www.imdb.com/title/tt0055796/?ref_=sr_t_75,1962,2h 3m,Approved,7.8,5.1K
76. An Autumn Afternoon,https://www.imdb.com/title/tt0056444/?ref_=sr_t_76,1962,1h 53m,Not Rated,8.0,11K
77. The Bellboy and the Playgirls,https://www.imdb.com/title/tt0056355/?ref_=sr_t_77,1962,1h 34m,,2.7,390
78. Follow That Dream,https://www.imdb.com/title/tt0055992/?ref_=sr_t_78,1962,1h 49m,Approved,6.5,3.1K
79. Five Weeks in a Balloon,https://www.imdb.com/title/tt0055988/?ref_=sr_t_79,1962,1h 41m,PG,5.7,1.4K
80. Mamma Roma,https://www.imdb.com/title/tt0056215/?ref_=sr_t_80,1962,1h 50m,Not Rated,7.8,11K
81. Panic in Year Zero!,https://www.imdb.com/title/tt0056331/?ref_=sr_t_81,1962,1h 33m,Approved,6.6,5K
82. In Search of the Castaways,https://www.imdb.com/title/tt0056095/?ref_=sr_t_82,1962,1h 38m,G,6.5,3.5K
83. Sherlock Holmes and the Deadly Necklace,https://www.imdb.com/title/tt0056480/?ref_=sr_t_83,1962,1h 24m,,5.4,1.3K
84. Kid Galahad,https://www.imdb.com/title/tt0056138/?ref_=sr_t_84,1962,1h 36m,Approved,6.1,3.2K
85. David and Lisa,https://www.imdb.com/title/tt0055892/?ref_=sr_t_85,1962,1h 35m,Not Rated,7.2,3.4K
86. Tales of Terror,https://www.imdb.com/title/tt0056552/?ref_=sr_t_86,1962,1h 29m,Approved,6.8,8.7K
87. The Intruder,https://www.imdb.com/title/tt0055019/?ref_=sr_t_87,1962,1h 24m,PG-13,7.5,4.3K
88. Carry on Cruising,https://www.imdb.com/title/tt0055831/?ref_=sr_t_88,1962,1h 29m,Not Rated,6.1,3.3K
89. The Four Horsemen of the Apocalypse,https://www.imdb.com/title/tt0054890/?ref_=sr_t_89,1962,2h 33m,Approved,6.5,2.4K
90. La gran familia,https://www.imdb.com/title/tt0056037/?ref_=sr_t_90,1962,1h 44m,,6.6,646
91. The Fabulous Baron Munchausen,https://www.imdb.com/title/tt0054665/?ref_=sr_t_91,1962,1h 23m,Not Rated,7.7,3.2K
92. Big Red,https://www.imdb.com/title/tt0055793/?ref_=sr_t_92,1962,1h 29m,Not Rated,6.3,864
93. Night of the Eagle,https://www.imdb.com/title/tt0056279/?ref_=sr_t_93,1962,1h 30m,Not Rated,6.9,4.3K
94. The Damned,https://www.imdb.com/title/tt0056576/?ref_=sr_t_94,1962,1h 27m,Approved,6.6,4.2K
95. Tonight for Sure,https://www.imdb.com/title/tt0153167/?ref_=sr_t_95,1962,1h 9m,,2.9,391
96. If a Man Answers,https://www.imdb.com/title/tt0056093/?ref_=sr_t_96,1962,1h 42m,Approved,6.8,1.3K
97. The Counterfeit Traitor,https://www.imdb.com/title/tt0055871/?ref_=sr_t_97,1962,2h 20m,Approved,7.4,3.1K
98. War of the Buttons,https://www.imdb.com/title/tt0054949/?ref_=sr_t_98,1962,1h 30m,,7.4,2.9K
99. All Fall Down,https://www.imdb.com/title/tt0055738/?ref_=sr_t_99,1962,1h 51m,Approved,6.8,2.4K
100. The Trial of Joan of Arc,https://www.imdb.com/title/tt0059616/?ref_=sr_t_100,1962,1h 4m,,7.4,6.2K
101. The Fast Lady,https://www.imdb.com/title/tt0055977/?ref_=sr_t_101,1962,1h 35m,Approved,6.1,887
102. The Tale of Zatoichi,https://www.imdb.com/title/tt0056714/?ref_=sr_t_102,1962,1h 35m,Not Rated,7.6,6.1K
103. Diamond Head,https://www.imdb.com/title/tt0055905/?ref_=sr_t_103,1962,1h 47m,Approved,6.0,1.1K
104. Sergeants 3,https://www.imdb.com/title/tt0056470/?ref_=sr_t_104,1962,1h 52m,Approved,5.9,1.4K
105. Night Creatures,https://www.imdb.com/title/tt0056277/?ref_=sr_t_105,1962,1h 22m,Approved,6.6,3.8K
106. Journey to the Seventh Planet,https://www.imdb.com/title/tt0056127/?ref_=sr_t_106,1962,1h 17m,Approved,4.7,1.9K
107. Cartouche,https://www.imdb.com/title/tt0055832/?ref_=sr_t_107,1962,1h 54m,Not Rated,6.5,3K
108. The Chapman Report,https://www.imdb.com/title/tt0055841/?ref_=sr_t_108,1962,2h 5m,Approved,5.5,1.1K
109. Santo vs. the Vampire Women,https://www.imdb.com/title/tt0055408/?ref_=sr_t_109,1962,1h 29m,Not Rated,3.9,1.5K
110. Destiny's Son,https://www.imdb.com/title/tt0056144/?ref_=sr_t_110,1962,1h 11m,,7.0,622
111. Electra,https://www.imdb.com/title/tt0055950/?ref_=sr_t_111,1962,1h 50m,Not Rated,7.6,1.9K
112. Freud,https://www.imdb.com/title/tt0055998/?ref_=sr_t_112,1962,2h 20m,Approved,7.2,3.5K
113. Secret of the Red Orchid,https://www.imdb.com/title/tt0055391/?ref_=sr_t_113,1962,1h 24m,Not Rated,5.5,732
114. The War Lover,https://www.imdb.com/title/tt0056676/?ref_=sr_t_114,1962,1h 45m,Approved,6.5,2.3K
115. The Horrible Dr. Hichcock,https://www.imdb.com/title/tt0056315/?ref_=sr_t_115,1962,1h 16m,Not Rated,6.3,2.1K
116. Eegah,https://www.imdb.com/title/tt0055946/?ref_=sr_t_116,1962,1h 32m,Unrated,2.3,6.2K
117. The Quare Fellow,https://www.imdb.com/title/tt0056387/?ref_=sr_t_117,1962,1h 25m,Not Rated,6.8,420
118. Tender Is the Night,https://www.imdb.com/title/tt0056566/?ref_=sr_t_118,1962,2h 22m,Approved,6.0,933
119. Den kære familie,https://www.imdb.com/title/tt0056159/?ref_=sr_t_119,1962,1h 49m,,6.3,111
120. The Prince and the Pauper,https://www.imdb.com/title/tt1836776/?ref_=sr_t_120,1962,1h 33m,TV-PG,6.3,469
121. Jessica,https://www.imdb.com/title/tt0056117/?ref_=sr_t_121,1962,1h 52m,Not Rated,5.6,458
122. The Premature Burial,https://www.imdb.com/title/tt0056368/?ref_=sr_t_122,1962,1h 21m,Unrated,6.5,5.1K
123. Rome Adventure,https://www.imdb.com/title/tt0056424/?ref_=sr_t_123,1962,1h 59m,Approved,6.4,1.5K
124. Damn the Defiant!,https://www.imdb.com/title/tt0055884/?ref_=sr_t_124,1962,1h 41m,Approved,7.1,3.1K
125. Two Weeks in Another Town,https://www.imdb.com/title/tt0056625/?ref_=sr_t_125,1962,1h 47m,Approved,6.4,3.1K
126. Planeta bur,https://www.imdb.com/title/tt0056352/?ref_=sr_t_126,1962,1h 18m,,6.3,1.5K
127. The L-Shaped Room,https://www.imdb.com/title/tt0057239/?ref_=sr_t_127,1962,2h 6m,,7.3,2.3K
128. Tower of London,https://www.imdb.com/title/tt0056606/?ref_=sr_t_128,1962,1h 19m,Approved,6.3,2.8K
129. The Treasure of the Silver Lake,https://www.imdb.com/title/tt0056452/?ref_=sr_t_129,1962,1h 22m,,6.8,3.8K
130. Love on a Pillow,https://www.imdb.com/title/tt0056404/?ref_=sr_t_130,1962,1h 42m,Not Rated,5.5,755
131. Lulu,https://www.imdb.com/title/tt0056202/?ref_=sr_t_131,1962,1h 40m,,6.7,115
132. Phaedra,https://www.imdb.com/title/tt0056346/?ref_=sr_t_132,1962,1h 55m,Not Rated,6.8,2K
133. Deadly Duo,https://www.imdb.com/title/tt0204245/?ref_=sr_t_133,1962,1h 10m,Not Rated,5.4,242
134. The Slave,https://www.imdb.com/title/tt0057060/?ref_=sr_t_134,1962,1h 40m,,5.9,639
135. A Very Private Affair,https://www.imdb.com/title/tt0055599/?ref_=sr_t_135,1962,1h 43m,,5.6,1.3K
136. The Seventh Juror,https://www.imdb.com/title/tt0188195/?ref_=sr_t_136,1962,1h 30m,,7.5,1K
137. The Girls,https://www.imdb.com/title/tt0134614/?ref_=sr_t_137,1962,1h 38m,,7.8,4.7K
138. Billy Rose's Jumbo,https://www.imdb.com/title/tt0055797/?ref_=sr_t_138,1962,2h 3m,G,6.1,1.8K
139. Almost Angels,https://www.imdb.com/title/tt0055740/?ref_=sr_t_139,1962,1h 33m,Not Rated,6.3,706
140. Live Now - Pay Later,https://www.imdb.com/title/tt0056189/?ref_=sr_t_140,1962,1h 44m,,6.6,228
141. The Three Stooges Meet Hercules,https://www.imdb.com/title/tt0056579/?ref_=sr_t_141,1962,1h 29m,Approved,6.1,1.2K
142. 40 Pounds of Trouble,https://www.imdb.com/title/tt0057069/?ref_=sr_t_142,1962,1h 46m,Approved,6.3,1.2K
143. The Cabinet of Caligari,https://www.imdb.com/title/tt0055819/?ref_=sr_t_143,1962,1h 46m,Approved,5.8,1.1K
144. Light in the Piazza,https://www.imdb.com/title/tt0056183/?ref_=sr_t_144,1962,1h 42m,Not Rated,6.9,2K
145. Gigot,https://www.imdb.com/title/tt0056017/?ref_=sr_t_145,1962,1h 44m,Approved,7.1,1.4K
146. The Three Stooges in Orbit,https://www.imdb.com/title/tt0056580/?ref_=sr_t_146,1962,1h 30m,Not Rated,5.6,1.1K
147. Merrill's Marauders,https://www.imdb.com/title/tt0056234/?ref_=sr_t_147,1962,1h 38m,Approved,6.6,2.9K
148. Wild Gals of the Naked West,https://www.imdb.com/title/tt0056692/?ref_=sr_t_148,1962,1h 5m,R,4.1,788
149. The Brainiac,https://www.imdb.com/title/tt0054668/?ref_=sr_t_149,1962,1h 17m,Approved,5.0,1.4K
150. 13 West Street,https://www.imdb.com/title/tt0055718/?ref_=sr_t_150,1962,1h 20m,Approved,6.3,950
"151. Ninja, a Band of Assassins",https://www.imdb.com/title/tt0164882/?ref_=sr_t_151,1962,1h 44m,Not Rated,7.0,1K
152. The Creation of the Humanoids,https://www.imdb.com/title/tt0055872/?ref_=sr_t_152,1962,1h 15m,Approved,5.7,1.6K
153. Satan in High Heels,https://www.imdb.com/title/tt0138075/?ref_=sr_t_153,1962,1h 30m,Not Rated,5.6,613
154. A View from the Bridge,https://www.imdb.com/title/tt0056668/?ref_=sr_t_154,1962,1h 50m,,7.0,587
155. War Gods of Babylon,https://www.imdb.com/title/tt0056674/?ref_=sr_t_155,1962,1h 28m,Not Rated,5.1,171
156. Two for the Seesaw,https://www.imdb.com/title/tt0056626/?ref_=sr_t_156,1962,1h 59m,Approved,6.6,2.1K
157. Bon Voyage!,https://www.imdb.com/title/tt0055807/?ref_=sr_t_157,1962,2h 10m,Not Rated,5.6,792
158. Pressure Point,https://www.imdb.com/title/tt0056370/?ref_=sr_t_158,1962,1h 31m,Not Rated,7.1,2.2K
159. The Given Word,https://www.imdb.com/title/tt0056322/?ref_=sr_t_159,1962,1h 38m,,8.3,4.1K
160. The Awful Dr. Orlof,https://www.imdb.com/title/tt0056040/?ref_=sr_t_160,1962,1h 30m,Approved,6.1,1.9K
161. Eva,https://www.imdb.com/title/tt0059160/?ref_=sr_t_161,1962,1h 47m,Not Rated,6.4,2.1K
162. Adieu Philippine,https://www.imdb.com/title/tt0143088/?ref_=sr_t_162,1962,1h 46m,,6.9,1.2K
163. Sundays and Cybèle,https://www.imdb.com/title/tt0055910/?ref_=sr_t_163,1962,1h 51m,Not Rated,7.8,4.9K
164. My Geisha,https://www.imdb.com/title/tt0056267/?ref_=sr_t_164,1962,1h 59m,Not Rated,6.5,1.6K
165. Chushingura,https://www.imdb.com/title/tt0055850/?ref_=sr_t_165,1962,3h 27m,,7.6,2.3K
166. Five Miles to Midnight,https://www.imdb.com/title/tt0056957/?ref_=sr_t_166,1962,1h 50m,Approved,6.2,1.3K
167. Blaze Starr Goes Nudist,https://www.imdb.com/title/tt0053658/?ref_=sr_t_167,1962,1h 15m,Not Rated,4.0,512
168. Love at Twenty,https://www.imdb.com/title/tt0055747/?ref_=sr_t_168,1962,1h 50m,,7.2,2.5K
169. Agostino,https://www.imdb.com/title/tt0055730/?ref_=sr_t_169,1962,1h 30m,,6.9,253
170. Sahib Bibi Aur Ghulam,https://www.imdb.com/title/tt0056436/?ref_=sr_t_170,1962,2h 32m,Not Rated,8.1,1.9K
171. No Man Is an Island,https://www.imdb.com/title/tt0056283/?ref_=sr_t_171,1962,1h 54m,Approved,6.6,609
172. The World's Greatest Sinner,https://www.imdb.com/title/tt0056703/?ref_=sr_t_172,1962,1h 17m,Not Rated,6.3,950
173. Don't Knock the Twist,https://www.imdb.com/title/tt0055922/?ref_=sr_t_173,1962,1h 26m,Approved,5.2,307
174. Curse of the Blood Ghouls,https://www.imdb.com/title/tt0056528/?ref_=sr_t_174,1962,1h 12m,G,5.0,624
175. Boys' Night Out,https://www.imdb.com/title/tt0055809/?ref_=sr_t_175,1962,1h 55m,Unrated,6.5,2.5K
176. Tarzan Goes to India,https://www.imdb.com/title/tt0056560/?ref_=sr_t_176,1962,1h 28m,Approved,5.3,608
177. Young and Willing,https://www.imdb.com/title/tt0056696/?ref_=sr_t_177,1962,1h 50m,,5.8,188
178. War Hunt,https://www.imdb.com/title/tt0056675/?ref_=sr_t_178,1962,1h 23m,Approved,6.2,1.2K
179. The Seven Deadly Sins,https://www.imdb.com/title/tt0056467/?ref_=sr_t_179,1962,1h 53m,,6.3,690
180. The Swingin' Maiden,https://www.imdb.com/title/tt0056105/?ref_=sr_t_180,1962,1h 38m,,6.4,593
181. Invasion of the Star Creatures,https://www.imdb.com/title/tt0128274/?ref_=sr_t_181,1962,1h 10m,Approved,3.1,968
182. Mermaids of Tiburon,https://www.imdb.com/title/tt0056233/?ref_=sr_t_182,1962,1h 16m,Unrated,5.3,206
183. Pitfall,https://www.imdb.com/title/tt0203612/?ref_=sr_t_183,1962,1h 37m,Not Rated,7.5,4.4K
184. Adam and 6 Eves,https://www.imdb.com/title/tt0206534/?ref_=sr_t_184,1962,1h,,4.8,210
185. She Knows Y' Know,https://www.imdb.com/title/tt0274835/?ref_=sr_t_185,1962,1h 12m,,5.9,117
186. Hemingway's Adventures of a Young Man,https://www.imdb.com/title/tt0056063/?ref_=sr_t_186,1962,2h 25m,Approved,6.3,731
187. Anak Perawan di Sarang Penjamun,https://www.imdb.com/title/tt6753458/?ref_=sr_t_187,1962,2h 7m,,,
188. The Inheritance,https://www.imdb.com/title/tt0056135/?ref_=sr_t_188,1962,1h 47m,,7.4,1.1K
189. A Monkey in Winter,https://www.imdb.com/title/tt0056636/?ref_=sr_t_189,1962,1h 45m,,7.4,3.5K
190. Love Under the Crucifix,https://www.imdb.com/title/tt0203751/?ref_=sr_t_190,1962,1h 42m,,6.7,302
191. No Exit,https://www.imdb.com/title/tt0056282/?ref_=sr_t_191,1962,1h 25m,,6.7,177
192. The Graceful Brute,https://www.imdb.com/title/tt0217799/?ref_=sr_t_192,1962,1h 36m,,7.3,463
193. Zotz!,https://www.imdb.com/title/tt0056725/?ref_=sr_t_193,1962,1h 27m,Approved,5.9,962
194. Women of Devil's Island,https://www.imdb.com/title/tt0055323/?ref_=sr_t_194,1962,1h 26m,,4.2,295
195. Five Finger Exercise,https://www.imdb.com/title/tt0055987/?ref_=sr_t_195,1962,1h 49m,Not Rated,6.3,285
196. Az aranyember,https://www.imdb.com/title/tt0055758/?ref_=sr_t_196,1962,1h 47m,,6.8,644
197. Careless,https://www.imdb.com/title/tt0055432/?ref_=sr_t_197,1962,1h 51m,,7.1,328
198. Diary of a Mad Old Man,https://www.imdb.com/title/tt0317538/?ref_=sr_t_198,1962,1h 38m,,7.0,98
199. Venus fra Vestø,https://www.imdb.com/title/tt0122780/?ref_=sr_t_199,1962,1h 56m,,5.6,139
200. The Third Lover,https://www.imdb.com/title/tt0056302/?ref_=sr_t_200,1962,1h 20m,,7.0,1.1K
201. The Carpet of Horror,https://www.imdb.com/title/tt0056567/?ref_=sr_t_201,1962,1h 25m,Not Rated,5.3,395
202. The Devil's Trap,https://www.imdb.com/title/tt0054780/?ref_=sr_t_202,1962,1h 25m,,7.5,802
203. The Pirates of Blood River,https://www.imdb.com/title/tt0056350/?ref_=sr_t_203,1962,1h 27m,Approved,6.0,1.2K
204. Bees Saal Baad,https://www.imdb.com/title/tt0055783/?ref_=sr_t_204,1962,2h 38m,Not Rated,7.0,439
205. The Rape of the Sabines,https://www.imdb.com/title/tt0339560/?ref_=sr_t_205,1962,1h 20m,,5.4,58
206. Crazy Desire,https://www.imdb.com/title/tt0056665/?ref_=sr_t_206,1962,1h 50m,,6.8,569
207. Arabian Nights: The Adventures of Sinbad,https://www.imdb.com/title/tt0056482/?ref_=sr_t_207,1962,1h 21m,,6.0,155
208. The Day Mars Invaded Earth,https://www.imdb.com/title/tt0055893/?ref_=sr_t_208,1962,1h 10m,Approved,4.9,1.2K
209. Professor,https://www.imdb.com/title/tt0056379/?ref_=sr_t_209,1962,2h 46m,,6.8,361
210. Half Ticket,https://www.imdb.com/title/tt0056052/?ref_=sr_t_210,1962,2h 48m,Not Rated,7.3,603
211. Little Red Riding-Hood,https://www.imdb.com/title/tt0056430/?ref_=sr_t_211,1962,1h 12m,,5.6,181
212. Les mystères de Paris,https://www.imdb.com/title/tt0056268/?ref_=sr_t_212,1962,1h 50m,,6.5,530
213. Ruletero a toda marcha,https://www.imdb.com/title/tt0180113/?ref_=sr_t_213,1962,1h 33m,,7.6,26
214. Zorro in the Court of Spain,https://www.imdb.com/title/tt0056724/?ref_=sr_t_214,1962,1h 34m,Not Rated,6.2,72
215. Have You Seen Panais?,https://www.imdb.com/title/tt0184739/?ref_=sr_t_215,1962,1h 18m,,6.7,288
216. Marco Polo,https://www.imdb.com/title/tt0055141/?ref_=sr_t_216,1962,1h 35m,,5.2,189
217. Gorath,https://www.imdb.com/title/tt0056709/?ref_=sr_t_217,1962,1h 23m,Not Rated,5.7,935
218. Only Two Can Play,https://www.imdb.com/title/tt0056308/?ref_=sr_t_218,1962,1h 46m,,6.6,1.5K
219. A Girl Named Tamiko,https://www.imdb.com/title/tt0056021/?ref_=sr_t_219,1962,1h 50m,Approved,5.7,204
220. Moon Pilot,https://www.imdb.com/title/tt0056249/?ref_=sr_t_220,1962,1h 38m,Not Rated,5.4,548
221. Term of Trial,https://www.imdb.com/title/tt0056568/?ref_=sr_t_221,1962,2h 10m,Approved,7.1,899
222. The Man from the First Century,https://www.imdb.com/title/tt0056265/?ref_=sr_t_222,1962,1h 25m,,6.0,191
223. Convicts 4,https://www.imdb.com/title/tt0055868/?ref_=sr_t_223,1962,1h 45m,Approved,6.5,589
224. Forever My Love,https://www.imdb.com/title/tt0055994/?ref_=sr_t_224,1962,2h 27m,,6.7,250
225. Parthal Pasi Theerum,https://www.imdb.com/title/tt0156873/?ref_=sr_t_225,1962,2h 39m,,7.4,79
226. Escape from Zahrain,https://www.imdb.com/title/tt0055963/?ref_=sr_t_226,1962,1h 33m,Approved,6.0,850
227. Hand of Death,https://www.imdb.com/title/tt0056055/?ref_=sr_t_227,1962,1h,Approved,4.7,613
228. Caesar the Conqueror,https://www.imdb.com/title/tt0057105/?ref_=sr_t_228,1962,1h 43m,Not Rated,4.7,290
229. The Tale of Zatoichi Continues,https://www.imdb.com/title/tt0200309/?ref_=sr_t_229,1962,1h 12m,Not Rated,7.2,2.9K
230. China Town,https://www.imdb.com/title/tt0268220/?ref_=sr_t_230,1962,2h 31m,Not Rated,7.0,252
231. Maciste contro i mostri,https://www.imdb.com/title/tt0057270/?ref_=sr_t_231,1962,1h 22m,Not Rated,4.1,324
232. Asli-Naqli,https://www.imdb.com/title/tt0244409/?ref_=sr_t_232,1962,2h 25m,,7.6,364
233. Nature's Playmates,https://www.imdb.com/title/tt0056273/?ref_=sr_t_233,1962,1h 2m,Unrated,5.2,113
234. Play It Cool,https://www.imdb.com/title/tt0056353/?ref_=sr_t_234,1962,1h 22m,,5.6,255
235. On the Beat,https://www.imdb.com/title/tt0056307/?ref_=sr_t_235,1962,1h 46m,,6.8,1.1K
236. The Devil and the Ten Commandments,https://www.imdb.com/title/tt0055904/?ref_=sr_t_236,1962,2h 6m,,6.7,1K
237. Killer Whale,https://www.imdb.com/title/tt0056157/?ref_=sr_t_237,1962,1h 40m,Not Rated,6.8,141
238. The Playboy of the Western World,https://www.imdb.com/title/tt0056354/?ref_=sr_t_238,1962,1h 40m,Not Rated,6.3,142
239. House of Women,https://www.imdb.com/title/tt0056082/?ref_=sr_t_239,1962,1h 25m,Approved,6.1,422
240. Assault on the Pay Train,https://www.imdb.com/title/tt0056582/?ref_=sr_t_240,1962,1h 42m,,7.8,895
241. The Four Days of Naples,https://www.imdb.com/title/tt0056389/?ref_=sr_t_241,1962,2h,,7.6,1.1K
242. The Swedish Mistress,https://www.imdb.com/title/tt0056733/?ref_=sr_t_242,1962,1h 17m,,5.8,222
243. Safe at Home!,https://www.imdb.com/title/tt0056435/?ref_=sr_t_243,1962,1h 24m,Not Rated,5.5,379
244. This Is Not a Test,https://www.imdb.com/title/tt0183884/?ref_=sr_t_244,1962,1h 13m,Not Rated,5.3,931
245. His Days Are Numbered,https://www.imdb.com/title/tt0136225/?ref_=sr_t_245,1962,1h 38m,,7.6,639
246. Maa Beta,https://www.imdb.com/title/tt0355716/?ref_=sr_t_246,1962,2h 18m,Not Rated,6.0,30
247. Sign of the Lion,https://www.imdb.com/title/tt0053279/?ref_=sr_t_247,1962,1h 43m,,7.2,2.4K
248. Robbery at 3 O'clock,https://www.imdb.com/title/tt0055763/?ref_=sr_t_248,1962,1h 32m,,7.4,1.4K
249. Kozara,https://www.imdb.com/title/tt0055059/?ref_=sr_t_249,1962,2h 4m,,7.2,817
250. The Door with Seven Locks,https://www.imdb.com/title/tt0056630/?ref_=sr_t_250,1962,1h 36m,,6.0,908
251. The Witch's Mirror,https://www.imdb.com/title/tt0055966/?ref_=sr_t_251,1962,1h 16m,Approved,6.5,1.1K
"252. Love, Thy Name Be Sorrow",https://www.imdb.com/title/tt0203629/?ref_=sr_t_252,1962,1h 49m,,7.2,497
253. Who's Got the Action?,https://www.imdb.com/title/tt0056691/?ref_=sr_t_253,1962,1h 33m,Not Rated,5.5,500
254. The Doll,https://www.imdb.com/title/tt0056649/?ref_=sr_t_254,1962,1h 36m,,6.7,390
255. The Interns,https://www.imdb.com/title/tt0056101/?ref_=sr_t_255,1962,2h,Approved,6.5,378
256. Night of Evil,https://www.imdb.com/title/tt0056278/?ref_=sr_t_256,1962,1h 28m,,5.3,107
257. Trial and Error,https://www.imdb.com/title/tt0055916/?ref_=sr_t_257,1962,1h 16m,,6.2,622
"258. My Son, the Hero",https://www.imdb.com/title/tt0054637/?ref_=sr_t_258,1962,1h 51m,Approved,6.0,477
259. Family Diary,https://www.imdb.com/title/tt0056966/?ref_=sr_t_259,1962,1h 53m,Not Rated,7.2,1.2K
260. The Black Candles,https://www.imdb.com/title/tt0371218/?ref_=sr_t_260,1962,2h 50m,,7.0,296
261. Le bateau d'Émile,https://www.imdb.com/title/tt0054669/?ref_=sr_t_261,1962,1h 38m,,6.2,218
262. Lafayette,https://www.imdb.com/title/tt0055070/?ref_=sr_t_262,1962,2h 38m,Not Rated,6.0,198
263. The Condemned of Altona,https://www.imdb.com/title/tt0056468/?ref_=sr_t_263,1962,1h 54m,,6.7,672
264. The Spiral Road,https://www.imdb.com/title/tt0056516/?ref_=sr_t_264,1962,2h 19m,Approved,6.1,683
265. Mr. Peters' Pets,https://www.imdb.com/title/tt0056257/?ref_=sr_t_265,1962,1h 10m,R,5.1,48
266. The Terror of Doctor Mabuse,https://www.imdb.com/title/tt0056573/?ref_=sr_t_266,1962,1h 28m,,5.9,638
267. Hands of a Stranger,https://www.imdb.com/title/tt0056056/?ref_=sr_t_267,1962,1h 25m,Approved,5.2,1K
268. Il mare,https://www.imdb.com/title/tt0056223/?ref_=sr_t_268,1962,1h 50m,,6.8,167
269. The Grim Reaper,https://www.imdb.com/title/tt0055858/?ref_=sr_t_269,1962,1h 28m,Not Rated,6.8,2.7K
270. Sweet Violence,https://www.imdb.com/title/tt0055926/?ref_=sr_t_270,1962,1h 16m,Not Rated,4.6,218
271. Hitler,https://www.imdb.com/title/tt0056072/?ref_=sr_t_271,1962,1h 47m,Approved,5.7,377
272. Terrified,https://www.imdb.com/title/tt0142906/?ref_=sr_t_272,1962,1h 21m,Approved,4.4,527
273. Fury of Achilles,https://www.imdb.com/title/tt0056104/?ref_=sr_t_273,1962,1h 58m,,5.7,376
274. Nine Days of One Year,https://www.imdb.com/title/tt0054803/?ref_=sr_t_274,1962,1h 51m,,7.5,1.3K
275. It's Only Money,https://www.imdb.com/title/tt0056110/?ref_=sr_t_275,1962,1h 23m,Not Rated,6.3,1.1K
276. Main Chup Rahungi,https://www.imdb.com/title/tt0056213/?ref_=sr_t_276,1962,2h 27m,Not Rated,7.8,99
277. Daughter of the Sun,https://www.imdb.com/title/tt0055890/?ref_=sr_t_277,1962,1h 10m,Unrated,4.8,95
278. The Iron Mask,https://www.imdb.com/title/tt0056228/?ref_=sr_t_278,1962,2h 7m,,5.8,629
279. The Son of Captain Blood,https://www.imdb.com/title/tt0054875/?ref_=sr_t_279,1962,1h 28m,,5.2,203
280. Go to Blazes,https://www.imdb.com/title/tt0056032/?ref_=sr_t_280,1962,1h 20m,,5.9,278
281. Prinsesse for en dag,https://www.imdb.com/title/tt0124079/?ref_=sr_t_281,1962,1h 27m,,5.3,75
282. Paris Pick-Up,https://www.imdb.com/title/tt0056248/?ref_=sr_t_282,1962,1h 30m,,7.3,272
283. Walk in the Shadow,https://www.imdb.com/title/tt0056181/?ref_=sr_t_283,1962,1h 33m,,7.1,314
284. Escape from East Berlin,https://www.imdb.com/title/tt0055962/?ref_=sr_t_284,1962,1h 34m,Approved,6.7,765
285. Gundamma Katha,https://www.imdb.com/title/tt0262455/?ref_=sr_t_285,1962,2h 46m,,8.8,1.7K
286. Ring-A-Ding Rhythm!,https://www.imdb.com/title/tt0055026/?ref_=sr_t_286,1962,1h 18m,Approved,5.9,430
287. Crazy Paradise,https://www.imdb.com/title/tt0056599/?ref_=sr_t_287,1962,1h 35m,,5.3,139
288. The Reluctant Saint,https://www.imdb.com/title/tt0056403/?ref_=sr_t_288,1962,1h 45m,Not Rated,7.3,551
289. The Burning Court,https://www.imdb.com/title/tt0055839/?ref_=sr_t_289,1962,1h 50m,,6.5,429
290. The Password Is Courage,https://www.imdb.com/title/tt0056335/?ref_=sr_t_290,1962,1h 56m,Approved,6.8,1.6K
291. Gladiators 7,https://www.imdb.com/title/tt0056472/?ref_=sr_t_291,1962,1h 32m,Unrated,5.3,206
292. Face of Terror,https://www.imdb.com/title/tt0055828/?ref_=sr_t_292,1962,1h 23m,,5.7,160
293. Two and Two Make Six,https://www.imdb.com/title/tt0055559/?ref_=sr_t_293,1962,1h 29m,,6.1,95
294. Tiara Tahiti,https://www.imdb.com/title/tt0056583/?ref_=sr_t_294,1962,1h 40m,Not Rated,5.8,287
295. Anpadh,https://www.imdb.com/title/tt0206554/?ref_=sr_t_295,1962,2h 30m,,6.8,136
296. Anno 79: La distruzione di Ercolano,https://www.imdb.com/title/tt0055754/?ref_=sr_t_296,1962,1h 53m,Not Rated,4.5,149
297. Murder Can Be Deadly,https://www.imdb.com/title/tt0056323/?ref_=sr_t_297,1962,1h,,5.8,228
298. Therese,https://www.imdb.com/title/tt0056581/?ref_=sr_t_298,1962,1h 49m,,7.1,667
299. Waltz of the Toreadors,https://www.imdb.com/title/tt0056673/?ref_=sr_t_299,1962,1h 45m,Not Rated,5.8,755
300. The Avenger,https://www.imdb.com/title/tt0056174/?ref_=sr_t_300,1962,1h 35m,,5.3,498
"301. Vulcan, Son of Jupiter",https://www.imdb.com/title/tt0055609/?ref_=sr_t_301,1962,1h 16m,,4.2,239
302. I motorizzati,https://www.imdb.com/title/tt0136416/?ref_=sr_t_302,1962,1h 38m,,5.8,152
303. Smog,https://www.imdb.com/title/tt0056502/?ref_=sr_t_303,1962,1h 44m,,7.3,117
304. Strongroom,https://www.imdb.com/title/tt0055484/?ref_=sr_t_304,1962,1h 20m,Not Rated,7.2,677
305. The Witch's Curse,https://www.imdb.com/title/tt0057268/?ref_=sr_t_305,1962,1h 31m,,5.1,543
306. Sasa,https://www.imdb.com/title/tt0056446/?ref_=sr_t_306,1962,1h 28m,,7.8,160
307. The Boys,https://www.imdb.com/title/tt0054697/?ref_=sr_t_307,1962,2h 3m,,7.2,679
308. Jane,https://www.imdb.com/title/tt1591483/?ref_=sr_t_308,1962,53m,,7.2,42
309. Totò diabolicus,https://www.imdb.com/title/tt0056604/?ref_=sr_t_309,1962,1h 35m,,6.7,824
310. Adorable Liar,https://www.imdb.com/title/tt0054603/?ref_=sr_t_310,1962,1h 45m,,6.4,292
311. Commando,https://www.imdb.com/title/tt0056221/?ref_=sr_t_311,1962,1h 41m,,7.0,98
312. Eighteen in the Sun,https://www.imdb.com/title/tt0055906/?ref_=sr_t_312,1962,1h 28m,,5.3,141
313. Jacktown,https://www.imdb.com/title/tt0182253/?ref_=sr_t_313,1962,1h 2m,Not Rated,4.9,186
314. Éducation sentimentale,https://www.imdb.com/title/tt0055651/?ref_=sr_t_314,1962,1h 35m,,5.9,173
315. Young Guns of Texas,https://www.imdb.com/title/tt0056710/?ref_=sr_t_315,1962,1h 18m,Approved,4.9,291
"316. Mars, God of War",https://www.imdb.com/title/tt0056226/?ref_=sr_t_316,1962,1h 38m,,4.9,61
317. Ulysses Against Hercules,https://www.imdb.com/title/tt0055564/?ref_=sr_t_317,1962,1h 39m,,5.0,245
318. Confessions of an Opium Eater,https://www.imdb.com/title/tt0055864/?ref_=sr_t_318,1962,1h 25m,Not Rated,6.2,810
319. The Invisible Dr. Mabuse,https://www.imdb.com/title/tt0056639/?ref_=sr_t_319,1962,1h 29m,Not Rated,5.7,633
320. Siberian Lady Macbeth,https://www.imdb.com/title/tt0055447/?ref_=sr_t_320,1962,1h 33m,Not Rated,6.9,400
321. The Legend of Lobo,https://www.imdb.com/title/tt0056173/?ref_=sr_t_321,1962,1h 7m,Approved,6.7,597
322. Hypnosis,https://www.imdb.com/title/tt0056071/?ref_=sr_t_322,1962,1h 26m,,5.8,214
323. Alone Against Rome,https://www.imdb.com/title/tt0056507/?ref_=sr_t_323,1962,1h 40m,,5.6,123
324. Wild Guitar,https://www.imdb.com/title/tt0056693/?ref_=sr_t_324,1962,1h 32m,Not Rated,4.6,1.1K
325. The Wild Swans,https://www.imdb.com/title/tt0238938/?ref_=sr_t_325,1962,57m,,7.3,473
326. The Pigeon That Took Rome,https://www.imdb.com/title/tt0056349/?ref_=sr_t_326,1962,1h 43m,Approved,5.9,488
327. The Horizontal Lieutenant,https://www.imdb.com/title/tt0056079/?ref_=sr_t_327,1962,1h 30m,Approved,5.9,468
328. Cudna devojka,https://www.imdb.com/title/tt0176626/?ref_=sr_t_328,1962,1h 43m,,7.6,176
329. Tom Thumb and Little Red Riding Hood,https://www.imdb.com/title/tt0053694/?ref_=sr_t_329,1962,1h 22m,Not Rated,4.5,242
330. Death Trap,https://www.imdb.com/title/tt1729182/?ref_=sr_t_330,1962,56m,,6.2,95
331. Stark Fear,https://www.imdb.com/title/tt0055478/?ref_=sr_t_331,1962,1h 26m,,5.5,514
332. The Hustlers,https://www.imdb.com/title/tt0055821/?ref_=sr_t_332,1962,1h 40m,,7.0,578
333. Incident in an Alley,https://www.imdb.com/title/tt0056098/?ref_=sr_t_333,1962,1h 23m,Not Rated,5.7,183
334. Nils Holgerssons underbara resa,https://www.imdb.com/title/tt0056281/?ref_=sr_t_334,1962,1h 35m,,6.4,584
335. Beauty and the Beast,https://www.imdb.com/title/tt0055781/?ref_=sr_t_335,1962,1h 17m,Approved,4.7,324
336. The Gentleman from Epsom,https://www.imdb.com/title/tt0056014/?ref_=sr_t_336,1962,1h 27m,,6.1,1K
337. Operasjon Løvsprett,https://www.imdb.com/title/tt0141697/?ref_=sr_t_337,1962,1h 34m,,6.1,326
338. Big and Little Wong Tin Bar,https://www.imdb.com/title/tt0124296/?ref_=sr_t_338,1962,1h 46m,,5.6,215
339. Jóvenes y bellas,https://www.imdb.com/title/tt0277059/?ref_=sr_t_339,1962,1h 27m,,6.1,21
340. Kanchenjungha,https://www.imdb.com/title/tt0056134/?ref_=sr_t_340,1962,1h 42m,,7.8,1.2K
341. The Golden Arrow,https://www.imdb.com/title/tt0058113/?ref_=sr_t_341,1962,1h 31m,Approved,4.7,376
342. Some People,https://www.imdb.com/title/tt0056509/?ref_=sr_t_342,1962,1h 33m,,6.3,332
343. Arsène Lupin contre Arsène Lupin,https://www.imdb.com/title/tt0055759/?ref_=sr_t_343,1962,1h 51m,,5.9,213
344. A Prize of Arms,https://www.imdb.com/title/tt0056377/?ref_=sr_t_344,1962,1h 45m,Not Rated,6.7,429
345. Kancher Swarga,https://www.imdb.com/title/tt0237364/?ref_=sr_t_345,1962,2h 17m,,8.6,65
346. We Joined the Navy,https://www.imdb.com/title/tt0056681/?ref_=sr_t_346,1962,1h 45m,Not Rated,5.5,255
347. Hero's Island,https://www.imdb.com/title/tt0056065/?ref_=sr_t_347,1962,1h 34m,Approved,5.5,326
348. Tales of Paris,https://www.imdb.com/title/tt0056333/?ref_=sr_t_348,1962,1h 40m,,6.1,171
349. La edad de la inocencia,https://www.imdb.com/title/tt0242426/?ref_=sr_t_349,1962,1h 40m,TV-PG,7.8,68
350. Ek Musafir Ek Hasina,https://www.imdb.com/title/tt0055949/?ref_=sr_t_350,1962,,,6.8,71
351. La mano de un hombre muerto,https://www.imdb.com/title/tt0056220/?ref_=sr_t_351,1962,1h 35m,Approved,5.9,676
352. Invasion 1700,https://www.imdb.com/title/tt0055855/?ref_=sr_t_352,1962,1h 52m,,5.3,118
353. The Secret Mark of D'Artagnan,https://www.imdb.com/title/tt0055857/?ref_=sr_t_353,1962,1h 31m,,5.1,105
354. A Sand Castle,https://www.imdb.com/title/tt0171615/?ref_=sr_t_354,1962,1h 36m,,6.7,43
355. Gusarskaya ballada,https://www.imdb.com/title/tt0056045/?ref_=sr_t_355,1962,1h 34m,Not Rated,7.4,1.8K
356. Sømænd og svigermødre,https://www.imdb.com/title/tt0056546/?ref_=sr_t_356,1962,1h 22m,,6.4,207
357. Zito i trella,https://www.imdb.com/title/tt0185039/?ref_=sr_t_357,1962,1h 18m,,6.0,68
358. And Satan Calls the Turns,https://www.imdb.com/title/tt0055969/?ref_=sr_t_358,1962,1h 22m,,5.4,161
359. The Immoral Moment,https://www.imdb.com/title/tt0054838/?ref_=sr_t_359,1962,1h 45m,,6.5,198
360. The Broken Land,https://www.imdb.com/title/tt0055811/?ref_=sr_t_360,1962,1h,Approved,5.1,458
361. I Ellinida kai o erotas,https://www.imdb.com/title/tt0255999/?ref_=sr_t_361,1962,1h 33m,,4.0,25
362. Three Fables of Love,https://www.imdb.com/title/tt0056388/?ref_=sr_t_362,1962,1h 16m,,5.8,143
363. Das Geheimnis der schwarzen Koffer,https://www.imdb.com/title/tt0054913/?ref_=sr_t_363,1962,1h 25m,,5.7,205
364. Damon and Pythias,https://www.imdb.com/title/tt0055885/?ref_=sr_t_364,1962,1h 39m,,5.0,295
365. The Turning Wind,https://www.imdb.com/title/tt0055776/?ref_=sr_t_365,1962,1h 18m,,7.1,880
366. The Temple of Wild Geese,https://www.imdb.com/title/tt0171820/?ref_=sr_t_366,1962,1h 38m,,7.2,240
367. Paradisio,https://www.imdb.com/title/tt0055275/?ref_=sr_t_367,1962,1h 16m,R,5.2,39
368. Imperial Venus,https://www.imdb.com/title/tt0057638/?ref_=sr_t_368,1962,2h 20m,PG,5.2,208
369. Musketeers of the Sea,https://www.imdb.com/title/tt0054104/?ref_=sr_t_369,1962,1h 56m,,5.2,87
370. Ohne Krimi geht die Mimi nie ins Bett,https://www.imdb.com/title/tt0056305/?ref_=sr_t_370,1962,1h 19m,,5.2,470
371. Planets Around Us,https://www.imdb.com/title/tt0055297/?ref_=sr_t_371,1962,1h 25m,,4.6,165
372. Pontius Pilate,https://www.imdb.com/title/tt0056358/?ref_=sr_t_372,1962,1h 40m,Not Rated,5.5,305
373. Fallguy,https://www.imdb.com/title/tt0055974/?ref_=sr_t_373,1962,1h 4m,,4.7,171
374. Seven Seas to Calais,https://www.imdb.com/title/tt0056396/?ref_=sr_t_374,1962,1h 42m,Approved,5.6,519
375. The Main Attraction,https://www.imdb.com/title/tt0056212/?ref_=sr_t_375,1962,1h 30m,Approved,4.9,191
376. Twice Round the Daffodils,https://www.imdb.com/title/tt0056621/?ref_=sr_t_376,1962,1h 29m,,6.3,403
377. Il commissario,https://www.imdb.com/title/tt0055861/?ref_=sr_t_377,1962,1h 49m,Not Rated,6.8,309
378. The Brain,https://www.imdb.com/title/tt0056601/?ref_=sr_t_378,1962,1h 23m,,5.2,377
379. La venganza de Don Mendo,https://www.imdb.com/title/tt0055588/?ref_=sr_t_379,1962,1h 27m,,7.1,375
380. Hariyali Aur Rasta,https://www.imdb.com/title/tt0156593/?ref_=sr_t_380,1962,2h 40m,,7.0,98
381. Swordsman of Siena,https://www.imdb.com/title/tt0055865/?ref_=sr_t_381,1962,1h 37m,Approved,5.8,359
382. A Pair of Briefs,https://www.imdb.com/title/tt0056325/?ref_=sr_t_382,1962,1h 30m,Approved,6.0,237
383. The Silent Witness,https://www.imdb.com/title/tt0056490/?ref_=sr_t_383,1962,1h 10m,Not Rated,7.0,26
384. Weekend,https://www.imdb.com/title/tt0124926/?ref_=sr_t_384,1962,1h 24m,,6.1,79
385. Pojat,https://www.imdb.com/title/tt0056356/?ref_=sr_t_385,1962,1h 46m,,7.2,997
386. Aarti,https://www.imdb.com/title/tt0056806/?ref_=sr_t_386,1962,2h 36m,Not Rated,7.1,88
387. The Expedition,https://www.imdb.com/title/tt0055724/?ref_=sr_t_387,1962,2h 30m,Not Rated,7.9,1.4K
388. Das süsse Leben des Grafen Bobby,https://www.imdb.com/title/tt0056548/?ref_=sr_t_388,1962,1h 32m,,5.0,168
"389. Me, Grandma, Iliko and Ilarion",https://www.imdb.com/title/tt0057695/?ref_=sr_t_389,1962,1h 30m,,8.4,1.2K
390. The Twelve Chairs,https://www.imdb.com/title/tt0055915/?ref_=sr_t_390,1962,1h 34m,,6.8,319
391. It Happened in Athens,https://www.imdb.com/title/tt0056109/?ref_=sr_t_391,1962,1h 40m,Approved,5.4,289
392. The Devil's Agent,https://www.imdb.com/title/tt0054806/?ref_=sr_t_392,1962,1h 17m,,6.0,127
393. Bombay Ka Chor,https://www.imdb.com/title/tt0373731/?ref_=sr_t_393,1962,,,7.1,26
394. La legge della tromba,https://www.imdb.com/title/tt0198645/?ref_=sr_t_394,1962,1h 25m,,7.7,43
395. De overval,https://www.imdb.com/title/tt0056321/?ref_=sr_t_395,1962,1h 38m,,7.0,182
396. Don't Talk to Strange Men,https://www.imdb.com/title/tt0206692/?ref_=sr_t_396,1962,1h 5m,Not Rated,6.7,484
397. Main Shadi Karne Chala,https://www.imdb.com/title/tt0175882/?ref_=sr_t_397,1962,,,6.6,10
398. The Wise Guy,https://www.imdb.com/title/tt0184231/?ref_=sr_t_398,1962,1h 23m,,7.3,444
399. Det støver stadig,https://www.imdb.com/title/tt0056534/?ref_=sr_t_399,1962,1h 22m,,6.3,682
400. Ganga Maiyya Tohe Piyari Chadhaibo,https://www.imdb.com/title/tt0233774/?ref_=sr_t_400,1962,,,6.2,45
401. Caesar Against the Pirates,https://www.imdb.com/title/tt0056024/?ref_=sr_t_401,1962,1h 33m,Not Rated,5.1,118
402. Flesh Market,https://www.imdb.com/title/tt0495736/?ref_=sr_t_402,1962,,,4.5,10
403. Where the Truth Lies,https://www.imdb.com/title/tt0056214/?ref_=sr_t_403,1962,1h 23m,,6.4,127
"404. The Stars Will Tell, Inspector Palmu",https://www.imdb.com/title/tt0056628/?ref_=sr_t_404,1962,1h 40m,,7.3,1.3K
405. Una vita violenta,https://www.imdb.com/title/tt0139728/?ref_=sr_t_405,1962,1h 46m,,6.8,262
406. Nudes of All Nations,https://www.imdb.com/title/tt0195101/?ref_=sr_t_406,1962,1h 5m,,5.2,48
407. Los cinco halcones,https://www.imdb.com/title/tt0276864/?ref_=sr_t_407,1962,1h 27m,,6.0,26
408. The Devil's Messenger,https://www.imdb.com/title/tt0054807/?ref_=sr_t_408,1962,1h 12m,Approved,4.7,550
409. Varan the Unbelievable,https://www.imdb.com/title/tt0056648/?ref_=sr_t_409,1962,1h 10m,Unrated,4.5,876
410. La reina del Chantecler,https://www.imdb.com/title/tt0056402/?ref_=sr_t_410,1962,1h 52m,,6.2,123
411. Tateshi Danpei,https://www.imdb.com/title/tt0186606/?ref_=sr_t_411,1962,1h 27m,,7.1,107
412. The Suitor,https://www.imdb.com/title/tt0056514/?ref_=sr_t_412,1962,1h 23m,Not Rated,7.2,1.1K
413. Midnight Mass,https://www.imdb.com/title/tt0173013/?ref_=sr_t_413,1962,1h 32m,,7.7,67
414. The Fury of Hercules,https://www.imdb.com/title/tt0054903/?ref_=sr_t_414,1962,1h 37m,,4.6,250
415. Avenger of the Seven Seas,https://www.imdb.com/title/tt0054932/?ref_=sr_t_415,1962,1h 30m,,5.5,180
416. The Nun and the Sergeant,https://www.imdb.com/title/tt0056296/?ref_=sr_t_416,1962,1h 14m,Not Rated,5.2,98
417. A Queen for Caesar,https://www.imdb.com/title/tt0056401/?ref_=sr_t_417,1962,1h 30m,,4.9,138
418. Tiko and the Shark,https://www.imdb.com/title/tt0061096/?ref_=sr_t_418,1962,1h 28m,,7.3,88
419. Operation Snatch,https://www.imdb.com/title/tt0056311/?ref_=sr_t_419,1962,1h 23m,,7.1,70
420. Stompa & Co,https://www.imdb.com/title/tt0129403/?ref_=sr_t_420,1962,1h 32m,,6.5,152
421. Naughty Boy,https://www.imdb.com/title/tt0268489/?ref_=sr_t_421,1962,2h 8m,Not Rated,5.4,360
422. La bella Lola,https://www.imdb.com/title/tt0055785/?ref_=sr_t_422,1962,1h 51m,,6.4,88
423. O Thodoros Kai to Dikano,https://www.imdb.com/title/tt0181054/?ref_=sr_t_423,1962,1h 38m,,6.7,387
424. Apna Banake Dekho,https://www.imdb.com/title/tt0878098/?ref_=sr_t_424,1962,,,7.8,16
425. No Man's Land,https://www.imdb.com/title/tt0056284/?ref_=sr_t_425,1962,1h 36m,,6.1,55
426. Guns of Darkness,https://www.imdb.com/title/tt0056044/?ref_=sr_t_426,1962,1h 42m,Approved,6.1,429
427. Redhead,https://www.imdb.com/title/tt0056429/?ref_=sr_t_427,1962,1h 40m,,6.9,139
428. The Elusive Corporal,https://www.imdb.com/title/tt0055827/?ref_=sr_t_428,1962,1h 30m,TV-PG,7.0,1.1K
429. Girls on the Rocks,https://www.imdb.com/title/tt0124668/?ref_=sr_t_429,1962,1h 17m,Not Rated,4.4,13
430. Gulebakavali Katha,https://www.imdb.com/title/tt0263402/?ref_=sr_t_430,1962,,,8.5,88
431. Krst Rakoc,https://www.imdb.com/title/tt0181636/?ref_=sr_t_431,1962,1h 36m,,5.4,24
432. Heaven and Earth Magic,https://www.imdb.com/title/tt0056060/?ref_=sr_t_432,1962,1h 6m,,5.1,912
433. Wild Harvest,https://www.imdb.com/title/tt0199141/?ref_=sr_t_433,1962,1h 20m,,6.1,27
434. Samar,https://www.imdb.com/title/tt0056440/?ref_=sr_t_434,1962,1h 29m,Approved,5.9,119
435. Pattinathar,https://www.imdb.com/title/tt0245349/?ref_=sr_t_435,1962,2h 17m,,7.3,25
436. The Valiant,https://www.imdb.com/title/tt0056645/?ref_=sr_t_436,1962,1h 20m,,6.6,111
437. El malvado Carabel,https://www.imdb.com/title/tt0179961/?ref_=sr_t_437,1962,1h 48m,,6.3,22
438. El extra,https://www.imdb.com/title/tt0055973/?ref_=sr_t_438,1962,1h 50m,,6.9,386
439. The Proper Time,https://www.imdb.com/title/tt0054211/?ref_=sr_t_439,1962,1h 15m,,7.4,19
440. Married Too Young,https://www.imdb.com/title/tt0056225/?ref_=sr_t_440,1962,1h 16m,Not Rated,4.8,154
441. Gladiator of Rome,https://www.imdb.com/title/tt0056026/?ref_=sr_t_441,1962,1h 40m,,4.7,179
442. King Kong,https://www.imdb.com/title/tt0242576/?ref_=sr_t_442,1962,2h 22m,,6.3,55
443. Ta Hristougenna tou aliti,https://www.imdb.com/title/tt0228408/?ref_=sr_t_443,1962,1h 22m,,4.8,13
444. Onnakeizu,https://www.imdb.com/title/tt0056309/?ref_=sr_t_444,1962,1h 39m,,7.6,33
445. Aashiq,https://www.imdb.com/title/tt0054591/?ref_=sr_t_445,1962,2h 30m,,6.8,72
446. Solo for Sparrow,https://www.imdb.com/title/tt1729224/?ref_=sr_t_446,1962,56m,,6.3,133
447. La marcia su Roma,https://www.imdb.com/title/tt0144294/?ref_=sr_t_447,1962,1h 34m,,7.3,772
448. Prem Patra,https://www.imdb.com/title/tt0056367/?ref_=sr_t_448,1962,2h 37m,,7.7,82
449. Die Fledermaus,https://www.imdb.com/title/tt0055990/?ref_=sr_t_449,1962,1h 47m,,5.8,151
450. Santo vs. the Zombies,https://www.imdb.com/title/tt0055409/?ref_=sr_t_450,1962,1h 25m,Not Rated,5.3,248
451. The Changing of the Guard,https://www.imdb.com/title/tt0185167/?ref_=sr_t_451,1962,1h 30m,,5.5,175
452. The Girl on the Boat,https://www.imdb.com/title/tt0056022/?ref_=sr_t_452,1962,1h 30m,,5.7,241
453. The Bloody Vampire,https://www.imdb.com/title/tt0055804/?ref_=sr_t_453,1962,1h 50m,,5.2,276
454. Slantzeto i syankata,https://www.imdb.com/title/tt0176153/?ref_=sr_t_454,1962,1h 15m,,7.6,80
455. Vallah Kya Baat Hai,https://www.imdb.com/title/tt0176313/?ref_=sr_t_455,1962,2h 15m,Not Rated,5.8,52
456. Lisa,https://www.imdb.com/title/tt0056187/?ref_=sr_t_456,1962,1h 52m,Approved,6.7,482
457. Dr. Vidya,https://www.imdb.com/title/tt0055930/?ref_=sr_t_457,1962,,,7.3,37
458. Arturo's Island,https://www.imdb.com/title/tt0056107/?ref_=sr_t_458,1962,1h 30m,Unrated,6.4,289
459. Hong Kong Hot Harbor,https://www.imdb.com/title/tt0056061/?ref_=sr_t_459,1962,1h 42m,,5.8,60
460. Dilemma,https://www.imdb.com/title/tt0238165/?ref_=sr_t_460,1962,1h 4m,Not Rated,6.4,316
461. Paradise Alley,https://www.imdb.com/title/tt0055274/?ref_=sr_t_461,1962,1h 25m,,6.9,89
462. Typhoon,https://www.imdb.com/title/tt3739576/?ref_=sr_t_462,1962,1h 45m,,7.1,49
463. Pilotos de la muerte,https://www.imdb.com/title/tt0265528/?ref_=sr_t_463,1962,1h 28m,,6.3,31
464. Der rote Rausch,https://www.imdb.com/title/tt0056428/?ref_=sr_t_464,1962,1h 28m,,6.3,142
465. Maid for Murder,https://www.imdb.com/title/tt0056478/?ref_=sr_t_465,1962,1h 29m,,5.3,252
466. Carmen di Trastevere,https://www.imdb.com/title/tt0056909/?ref_=sr_t_466,1962,1h 45m,,6.0,68
467. Rebel Gladiators,https://www.imdb.com/title/tt0057629/?ref_=sr_t_467,1962,1h 35m,,5.3,77
468. The Amorous Mr. Prawn,https://www.imdb.com/title/tt0055746/?ref_=sr_t_468,1962,1h 29m,,5.6,198
469. A Touch of Treason,https://www.imdb.com/title/tt0140025/?ref_=sr_t_469,1962,1h 32m,,5.4,79
470. Tower House,https://www.imdb.com/title/tt0155286/?ref_=sr_t_470,1962,2h 15m,,5.1,43
471. The Female: Seventy Times Seven,https://www.imdb.com/title/tt0056471/?ref_=sr_t_471,1962,1h 32m,R,6.4,122
472. The 13th Wife,https://www.imdb.com/title/tt0225044/?ref_=sr_t_472,1962,1h 37m,,7.0,790
473. Baat Ek Raat Ki,https://www.imdb.com/title/tt0055767/?ref_=sr_t_473,1962,2h 25m,Not Rated,6.9,140
474. Mandrin,https://www.imdb.com/title/tt0207596/?ref_=sr_t_474,1962,2h 6m,,5.5,67
475. Son of India,https://www.imdb.com/title/tt0232674/?ref_=sr_t_475,1962,1h 52m,,5.3,69
476. Shades of Zorro,https://www.imdb.com/title/tt0056893/?ref_=sr_t_476,1962,1h 27m,,5.4,103
477. Crime Does Not Pay,https://www.imdb.com/title/tt0054769/?ref_=sr_t_477,1962,2h 39m,,6.3,188
478. Le glaive et la balance,https://www.imdb.com/title/tt0057106/?ref_=sr_t_478,1962,2h 11m,,6.9,271
479. Barcos de papel,https://www.imdb.com/title/tt0055775/?ref_=sr_t_479,1962,1h 15m,,6.1,19
480. Totò contro Maciste,https://www.imdb.com/title/tt0056602/?ref_=sr_t_480,1962,1h 30m,,5.8,375
481. Medaljon sa tri srca,https://www.imdb.com/title/tt0179967/?ref_=sr_t_481,1962,2h 10m,,7.8,42
482. Lo smemorato di Collegno,https://www.imdb.com/title/tt0056501/?ref_=sr_t_482,1962,1h 27m,,6.6,280
483. A Man for Burning,https://www.imdb.com/title/tt0056640/?ref_=sr_t_483,1962,1h 30m,Not Rated,6.6,207
484. Being Two Isn't Easy,https://www.imdb.com/title/tt0056680/?ref_=sr_t_484,1962,1h 28m,,6.8,507
485. Lad: A Dog,https://www.imdb.com/title/tt0056162/?ref_=sr_t_485,1962,1h 38m,G,7.0,132
486. Soldaterkammerater på sjov,https://www.imdb.com/title/tt0056506/?ref_=sr_t_486,1962,1h 40m,,5.7,324
487. La monaca di Monza,https://www.imdb.com/title/tt0056246/?ref_=sr_t_487,1962,1h 40m,,6.0,36
488. What Every Woman Wants,https://www.imdb.com/title/tt0056688/?ref_=sr_t_488,1962,1h 9m,Not Rated,5.7,38
489. Black Test Car,https://www.imdb.com/title/tt0056158/?ref_=sr_t_489,1962,1h 35m,Not Rated,7.1,682
490. Fog for a Killer,https://www.imdb.com/title/tt0056319/?ref_=sr_t_490,1962,1h 8m,,6.3,289
491. I Thank a Fool,https://www.imdb.com/title/tt0056089/?ref_=sr_t_491,1962,1h 40m,Approved,6.1,420
492. Le sette spade del vendicatore,https://www.imdb.com/title/tt0056473/?ref_=sr_t_492,1962,1h 24m,,6.6,95
493. The Couch,https://www.imdb.com/title/tt0055870/?ref_=sr_t_493,1962,1h 40m,Approved,6.2,308
494. Disorder,https://www.imdb.com/title/tt0055912/?ref_=sr_t_494,1962,1h 45m,,5.9,137
495. Mediterranean Holiday,https://www.imdb.com/title/tt0196565/?ref_=sr_t_495,1962,2h 38m,,7.5,93
496. A Bomb Was Stolen,https://www.imdb.com/title/tt0131571/?ref_=sr_t_496,1962,1h 14m,,6.7,321
497. Desert War,https://www.imdb.com/title/tt0196885/?ref_=sr_t_497,1962,1h 32m,,6.9,109
498. Obedience,https://www.imdb.com/title/tt2872270/?ref_=sr_t_498,1962,45m,,8.0,118
499. Copacabana Palace,https://www.imdb.com/title/tt0056020/?ref_=sr_t_499,1962,1h 30m,,5.1,126
500. Postman's Knock,https://www.imdb.com/title/tt0056363/?ref_=sr_t_500,1962,1h 28m,Approved,5.4,231
