Title,Movie Link,Year,Duration,MPA,Rating,Votes
1. Blazing Saddles,https://www.imdb.com/title/tt0071230/?ref_=sr_t_1,1974,1h 33m,R,7.7,157K
2. The Towering Inferno,https://www.imdb.com/title/tt0072308/?ref_=sr_t_2,1974,2h 45m,PG,7.0,50K
3. Young Frankenstein,https://www.imdb.com/title/tt0072431/?ref_=sr_t_3,1974,1h 46m,PG,8.0,173K
4. Earthquake,https://www.imdb.com/title/tt0071455/?ref_=sr_t_4,1974,2h 2m,PG,5.9,18K
5. The Godfather Part II,https://www.imdb.com/title/tt0071562/?ref_=sr_t_5,1974,3h 22m,R,9.0,1.4M
6. The Longest Yard,https://www.imdb.com/title/tt0071771/?ref_=sr_t_6,1974,2h 1m,R,7.1,22K
7. Benji,https://www.imdb.com/title/tt0071206/?ref_=sr_t_7,1974,1h 26m,G,6.1,5.3K
8. Herbie Rides Again,https://www.imdb.com/title/tt0071607/?ref_=sr_t_8,1974,1h 28m,G,5.7,9.1K
9. The Texas Chain Saw Massacre,https://www.imdb.com/title/tt0072271/?ref_=sr_t_9,1974,1h 23m,R,7.4,194K
10. Chinatown,https://www.imdb.com/title/tt0071315/?ref_=sr_t_10,1974,2h 10m,R,8.1,360K
11. Murder on the Orient Express,https://www.imdb.com/title/tt0071877/?ref_=sr_t_11,1974,2h 8m,PG,7.2,71K
12. That's Entertainment!,https://www.imdb.com/title/tt0072272/?ref_=sr_t_12,1974,2h 15m,G,7.8,5.5K
13. Death Wish,https://www.imdb.com/title/tt0071402/?ref_=sr_t_13,1974,1h 33m,R,6.9,45K
14. Thunderbolt and Lightfoot,https://www.imdb.com/title/tt0072288/?ref_=sr_t_14,1974,1h 55m,R,7.0,30K
15. The Man with the Golden Gun,https://www.imdb.com/title/tt0071807/?ref_=sr_t_15,1974,2h 5m,PG,6.7,116K
16. The Great Gatsby,https://www.imdb.com/title/tt0071577/?ref_=sr_t_16,1974,2h 24m,PG,6.4,27K
17. Alice Doesn't Live Here Anymore,https://www.imdb.com/title/tt0071115/?ref_=sr_t_17,1974,1h 52m,PG,7.3,28K
18. The Sugarland Express,https://www.imdb.com/title/tt0072226/?ref_=sr_t_18,1974,1h 50m,PG,6.7,20K
19. The Conversation,https://www.imdb.com/title/tt0071360/?ref_=sr_t_19,1974,1h 53m,PG,7.7,127K
20. A Poem Is a Naked Person,https://www.imdb.com/title/tt0424359/?ref_=sr_t_20,1974,1h 30m,Not Rated,7.1,570
21. Celine and Julie Go Boating,https://www.imdb.com/title/tt0071381/?ref_=sr_t_21,1974,3h 13m,Unrated,7.2,6.6K
22. Hearts and Minds,https://www.imdb.com/title/tt0071604/?ref_=sr_t_22,1974,1h 52m,R,8.2,6.3K
23. Stavisky,https://www.imdb.com/title/tt0072204/?ref_=sr_t_23,1974,2h,PG,6.5,2.6K
24. Ali: Fear Eats the Soul,https://www.imdb.com/title/tt0071141/?ref_=sr_t_24,1974,1h 33m,Not Rated,8.0,25K
25. Effi Briest,https://www.imdb.com/title/tt0071458/?ref_=sr_t_25,1974,2h 15m,Not Rated,6.9,2.8K
26. Swept Away,https://www.imdb.com/title/tt0073817/?ref_=sr_t_26,1974,1h 54m,R,7.5,7K
27. The Phantom of Liberty,https://www.imdb.com/title/tt0071487/?ref_=sr_t_27,1974,1h 44m,R,7.8,18K
"28. Vincent, François, Paul and the Others",https://www.imdb.com/title/tt0072368/?ref_=sr_t_28,1974,1h 58m,Not Rated,7.3,2.8K
29. Promised Lands,https://www.imdb.com/title/tt0072041/?ref_=sr_t_29,1974,1h 27m,Not Rated,6.3,66
30. Black Christmas,https://www.imdb.com/title/tt0071222/?ref_=sr_t_30,1974,1h 38m,R,7.1,52K
31. Female Trouble,https://www.imdb.com/title/tt0072979/?ref_=sr_t_31,1974,1h 29m,NC-17,7.1,11K
32. Zardoz,https://www.imdb.com/title/tt0070948/?ref_=sr_t_32,1974,1h 45m,R,5.8,25K
33. Arabian Nights,https://www.imdb.com/title/tt0071502/?ref_=sr_t_33,1974,2h 10m,NC-17,6.7,9.4K
34. Old Dracula,https://www.imdb.com/title/tt0071938/?ref_=sr_t_34,1974,1h 28m,PG,4.4,1.3K
35. A Woman Under the Influence,https://www.imdb.com/title/tt0072417/?ref_=sr_t_35,1974,2h 35m,R,8.0,30K
36. Phantom of the Paradise,https://www.imdb.com/title/tt0071994/?ref_=sr_t_36,1974,1h 31m,PG,7.3,24K
37. The Taking of Pelham One Two Three,https://www.imdb.com/title/tt0072251/?ref_=sr_t_37,1974,1h 44m,R,7.6,38K
38. Emmanuelle,https://www.imdb.com/title/tt0071464/?ref_=sr_t_38,1974,1h 35m,Unrated,5.2,11K
39. Going Places,https://www.imdb.com/title/tt0072353/?ref_=sr_t_39,1974,1h 57m,R,7.1,10K
40. Coonskin,https://www.imdb.com/title/tt0071361/?ref_=sr_t_40,1974,1h 40m,R,6.4,4K
41. Sweet Movie,https://www.imdb.com/title/tt0072235/?ref_=sr_t_41,1974,1h 38m,Not Rated,5.9,6.6K
42. The Land That Time Forgot,https://www.imdb.com/title/tt0073260/?ref_=sr_t_42,1974,1h 31m,PG,5.6,7.4K
43. Mame,https://www.imdb.com/title/tt0071803/?ref_=sr_t_43,1974,2h 12m,PG,5.9,3.6K
44. Dark Star,https://www.imdb.com/title/tt0069945/?ref_=sr_t_44,1974,1h 23m,G,6.2,28K
45. The Parallax View,https://www.imdb.com/title/tt0071970/?ref_=sr_t_45,1974,1h 42m,R,7.1,23K
46. Flesh Gordon,https://www.imdb.com/title/tt0068595/?ref_=sr_t_46,1974,1h 18m,R,4.8,4.9K
47. The Night Porter,https://www.imdb.com/title/tt0071910/?ref_=sr_t_47,1974,1h 58m,R,6.6,15K
48. Foxy Brown,https://www.imdb.com/title/tt0071517/?ref_=sr_t_48,1974,1h 32m,R,6.5,13K
49. Blood for Dracula,https://www.imdb.com/title/tt0071233/?ref_=sr_t_49,1974,1h 46m,R,6.1,6.9K
50. Julia,https://www.imdb.com/title/tt0071754/?ref_=sr_t_50,1974,1h 23m,R,4.7,688
51. Juggernaut,https://www.imdb.com/title/tt0071706/?ref_=sr_t_51,1974,1h 49m,PG,6.6,6.6K
52. Airport 1975,https://www.imdb.com/title/tt0071110/?ref_=sr_t_52,1974,1h 47m,PG,5.7,12K
53. The Four Musketeers: Milady's Revenge,https://www.imdb.com/title/tt0073012/?ref_=sr_t_53,1974,1h 48m,PG,6.9,12K
54. Gone in 60 Seconds,https://www.imdb.com/title/tt0071571/?ref_=sr_t_54,1974,1h 38m,PG,6.3,10K
55. The Demoniacs,https://www.imdb.com/title/tt0070013/?ref_=sr_t_55,1974,1h 40m,R,5.0,1.7K
56. Messiah of Evil,https://www.imdb.com/title/tt0071396/?ref_=sr_t_56,1974,1h 30m,R,6.3,6.6K
57. House on the Rocks,https://www.imdb.com/title/tt0258203/?ref_=sr_t_57,1974,1h 37m,,4.4,148
58. Schoolgirl Report Part 8: What Parents Must Never Know,https://www.imdb.com/title/tt0072125/?ref_=sr_t_58,1974,1h 28m,,4.6,292
59. Deranged,https://www.imdb.com/title/tt0071408/?ref_=sr_t_59,1974,1h 24m,R,6.3,6K
60. The Swinging Cheerleaders,https://www.imdb.com/title/tt0072236/?ref_=sr_t_60,1974,1h 31m,R,5.1,1.4K
"61. Watch Out, We're Mad",https://www.imdb.com/title/tt0069697/?ref_=sr_t_61,1974,1h 42m,G,7.3,14K
62. The Arena,https://www.imdb.com/title/tt0069729/?ref_=sr_t_62,1974,1h 23m,R,5.2,2.3K
63. The Teacher,https://www.imdb.com/title/tt0072260/?ref_=sr_t_63,1974,1h 38m,R,4.7,1.2K
64. Dead of Night,https://www.imdb.com/title/tt0068457/?ref_=sr_t_64,1974,1h 28m,PG,6.6,6.4K
65. Mr. Majestyk,https://www.imdb.com/title/tt0071866/?ref_=sr_t_65,1974,1h 43m,PG,6.7,10K
66. Deep Throat Part II,https://www.imdb.com/title/tt0069957/?ref_=sr_t_66,1974,1h 28m,R,3.6,749
67. The Odessa File,https://www.imdb.com/title/tt0071935/?ref_=sr_t_67,1974,2h 10m,PG,7.0,13K
68. The Lords of Flatbush,https://www.imdb.com/title/tt0071772/?ref_=sr_t_68,1974,1h 26m,PG,5.6,5.1K
69. Vampyres,https://www.imdb.com/title/tt0072354/?ref_=sr_t_69,1974,1h 27m,R,6.0,4.5K
70. His Mother's House,https://www.imdb.com/title/tt0163109/?ref_=sr_t_70,1974,1h 24m,,4.9,268
71. The Education of Sonny Carson,https://www.imdb.com/title/tt0071456/?ref_=sr_t_71,1974,1h 44m,R,6.8,642
72. Caged Heat,https://www.imdb.com/title/tt0071266/?ref_=sr_t_72,1974,1h 20m,R,5.3,3.2K
73. Dirty Mary Crazy Larry,https://www.imdb.com/title/tt0071424/?ref_=sr_t_73,1974,1h 33m,PG,6.6,8.1K
74. Big Bad Mama,https://www.imdb.com/title/tt0071216/?ref_=sr_t_74,1974,1h 24m,R,5.7,3.2K
75. Ankur,https://www.imdb.com/title/tt0071145/?ref_=sr_t_75,1974,2h 11m,,7.8,1.7K
76. Bambina,https://www.imdb.com/title/tt0155830/?ref_=sr_t_76,1974,1h 37m,R,5.5,475
77. Confessions of a Window Cleaner,https://www.imdb.com/title/tt0071357/?ref_=sr_t_77,1974,1h 30m,R,4.8,1.8K
78. It's Alive,https://www.imdb.com/title/tt0071675/?ref_=sr_t_78,1974,1h 31m,PG,5.8,9.3K
79. The Gambler,https://www.imdb.com/title/tt0071532/?ref_=sr_t_79,1974,1h 51m,R,7.1,6.8K
80. Uptown Saturday Night,https://www.imdb.com/title/tt0072351/?ref_=sr_t_80,1974,1h 44m,PG,6.6,2.9K
81. Scenes from a Marriage,https://www.imdb.com/title/tt6725014/?ref_=sr_t_81,1974,2h 49m,PG,8.3,9.2K
82. Bring Me the Head of Alfredo Garcia,https://www.imdb.com/title/tt0071249/?ref_=sr_t_82,1974,1h 52m,R,7.4,22K
83. Lenny,https://www.imdb.com/title/tt0071746/?ref_=sr_t_83,1974,1h 51m,R,7.5,18K
84. Sex Through the Ages,https://www.imdb.com/title/tt0260246/?ref_=sr_t_84,1974,1h 28m,,4.4,107
85. Den siste Fleksnes,https://www.imdb.com/title/tt0072170/?ref_=sr_t_85,1974,1h 26m,,6.7,682
86. The Terminal Man,https://www.imdb.com/title/tt0072267/?ref_=sr_t_86,1974,1h 44m,PG,5.6,2.7K
87. Thieves Like Us,https://www.imdb.com/title/tt0072274/?ref_=sr_t_87,1974,2h 3m,R,6.9,5.4K
"88. I, You, He, She",https://www.imdb.com/title/tt0071690/?ref_=sr_t_88,1974,1h 26m,,6.7,3.3K
89. Young Lucrezia,https://www.imdb.com/title/tt0071783/?ref_=sr_t_89,1974,1h 20m,,4.8,189
90. Love at the Top,https://www.imdb.com/title/tt0071864/?ref_=sr_t_90,1974,1h 45m,R,6.8,2.1K
91. Phase IV,https://www.imdb.com/title/tt0070531/?ref_=sr_t_91,1974,1h 24m,PG,6.4,10K
92. The Front Page,https://www.imdb.com/title/tt0071524/?ref_=sr_t_92,1974,1h 45m,PG,7.3,16K
93. Scent of a Woman,https://www.imdb.com/title/tt0072037/?ref_=sr_t_93,1974,1h 43m,R,7.5,5.4K
94. Venial Sin,https://www.imdb.com/title/tt0066015/?ref_=sr_t_94,1974,1h 38m,R,5.5,827
95. Where the Red Fern Grows,https://www.imdb.com/title/tt0072402/?ref_=sr_t_95,1974,1h 37m,G,6.9,3.9K
96. The Yakuza,https://www.imdb.com/title/tt0073918/?ref_=sr_t_96,1974,1h 52m,R,7.2,11K
97. Wide Open,https://www.imdb.com/title/tt0070764/?ref_=sr_t_97,1974,1h 38m,Unrated,3.8,377
98. Mama's Dirty Girls,https://www.imdb.com/title/tt0071802/?ref_=sr_t_98,1974,1h 22m,R,5.0,319
99. Captain Kronos: Vampire Hunter,https://www.imdb.com/title/tt0071276/?ref_=sr_t_99,1974,1h 31m,R,6.3,5.9K
100. Harry and Tonto,https://www.imdb.com/title/tt0071598/?ref_=sr_t_100,1974,1h 55m,R,7.3,6.4K
101. Noedebo Vicarage,https://www.imdb.com/title/tt0071933/?ref_=sr_t_101,1974,1h 30m,,5.4,260
102. The Enigma of Kaspar Hauser,https://www.imdb.com/title/tt0071691/?ref_=sr_t_102,1974,1h 50m,Not Rated,7.7,19K
103. House of Whipcord,https://www.imdb.com/title/tt0071628/?ref_=sr_t_103,1974,1h 42m,R,5.8,2K
104. Can You Keep It Up for a Week?,https://www.imdb.com/title/tt0071273/?ref_=sr_t_104,1974,1h 32m,R,4.5,384
105. The Cousin,https://www.imdb.com/title/tt0071377/?ref_=sr_t_105,1974,1h 30m,R,5.4,180
106. Let Sleeping Corpses Lie,https://www.imdb.com/title/tt0071431/?ref_=sr_t_106,1974,1h 35m,R,6.7,9.6K
107. 2069: A Sex Odyssey,https://www.imdb.com/title/tt0069665/?ref_=sr_t_107,1974,1h 13m,R,4.0,726
108. Ten Little Indians,https://www.imdb.com/title/tt0072263/?ref_=sr_t_108,1974,1h 38m,PG,5.7,3.6K
109. Fun for Three,https://www.imdb.com/title/tt0070543/?ref_=sr_t_109,1974,1h 27m,,5.4,437
110. One Hand Clapping,https://www.imdb.com/title/tt0223840/?ref_=sr_t_110,1974,1h 7m,,7.5,306
111. The Terrorists,https://www.imdb.com/title/tt0073796/?ref_=sr_t_111,1974,1h 29m,PG,5.6,2.6K
112. We All Loved Each Other So Much,https://www.imdb.com/title/tt0075793/?ref_=sr_t_112,1974,2h 4m,,8.0,7.8K
113. The Nine Lives of Fritz the Cat,https://www.imdb.com/title/tt0071913/?ref_=sr_t_113,1974,1h 17m,R,5.3,3.1K
114. Alice in the Cities,https://www.imdb.com/title/tt0069687/?ref_=sr_t_114,1974,1h 53m,Not Rated,7.8,14K
115. The Groove Tube,https://www.imdb.com/title/tt0071583/?ref_=sr_t_115,1974,1h 15m,R,5.7,2.4K
116. Claudine,https://www.imdb.com/title/tt0071334/?ref_=sr_t_116,1974,1h 32m,PG,7.3,2.7K
117. The Centerfold Girls,https://www.imdb.com/title/tt0071295/?ref_=sr_t_117,1974,1h 31m,R,5.5,997
118. Lorna the Exorcist,https://www.imdb.com/title/tt0072019/?ref_=sr_t_118,1974,1h 21m,X,5.4,848
119. Bottoms Up,https://www.imdb.com/title/tt0071171/?ref_=sr_t_119,1974,1h 21m,X,4.2,338
120. The Midnight Man,https://www.imdb.com/title/tt0071838/?ref_=sr_t_120,1974,1h 57m,R,6.4,1.4K
121. Deadly Weapons,https://www.imdb.com/title/tt0069952/?ref_=sr_t_121,1974,1h 15m,R,3.8,1.4K
122. Conversation Piece,https://www.imdb.com/title/tt0071585/?ref_=sr_t_122,1974,2h 1m,R,7.4,5.4K
123. McQ,https://www.imdb.com/title/tt0071824/?ref_=sr_t_123,1974,1h 51m,PG,6.2,6.1K
124. The Little Prince,https://www.imdb.com/title/tt0071762/?ref_=sr_t_124,1974,1h 28m,G,6.4,4.1K
125. For Pete's Sake,https://www.imdb.com/title/tt0071514/?ref_=sr_t_125,1974,1h 30m,PG,6.2,2.7K
126. Crazy Joe,https://www.imdb.com/title/tt0071369/?ref_=sr_t_126,1974,1h 40m,R,6.2,752
"127. Lacombe, Lucien",https://www.imdb.com/title/tt0071733/?ref_=sr_t_127,1974,2h 18m,R,7.6,8K
128. Almost Human,https://www.imdb.com/title/tt0071840/?ref_=sr_t_128,1974,1h 39m,R,7.2,3.1K
129. The Antichrist,https://www.imdb.com/title/tt0071150/?ref_=sr_t_129,1974,1h 52m,R,5.8,2K
130. Appassionata,https://www.imdb.com/title/tt0071154/?ref_=sr_t_130,1974,1h 36m,,5.4,943
131. Boss Nigger,https://www.imdb.com/title/tt0072725/?ref_=sr_t_131,1974,1h 27m,PG,6.3,3K
132. Abby,https://www.imdb.com/title/tt0071095/?ref_=sr_t_132,1974,1h 29m,R,5.5,1.1K
133. From Beyond the Grave,https://www.imdb.com/title/tt0070078/?ref_=sr_t_133,1974,1h 37m,PG,6.6,5.6K
134. Freebie and the Bean,https://www.imdb.com/title/tt0071521/?ref_=sr_t_134,1974,1h 53m,R,6.6,3.7K
135. The Deluge,https://www.imdb.com/title/tt0072021/?ref_=sr_t_135,1974,4h 47m,,7.7,3.3K
136. What Have They Done to Your Daughters?,https://www.imdb.com/title/tt0072007/?ref_=sr_t_136,1974,1h 36m,R,6.9,2.6K
137. Godzilla vs. Mechagodzilla,https://www.imdb.com/title/tt0071565/?ref_=sr_t_137,1974,1h 24m,PG,6.2,8.3K
138. Mahler,https://www.imdb.com/title/tt0071797/?ref_=sr_t_138,1974,1h 55m,PG,7.0,3.2K
139. Innocence and Desire,https://www.imdb.com/title/tt0071662/?ref_=sr_t_139,1974,1h 45m,,4.8,306
140. Teenage Playmates,https://www.imdb.com/title/tt0072124/?ref_=sr_t_140,1974,1h 33m,R,4.4,283
141. Country Hooker,https://www.imdb.com/title/tt0123740/?ref_=sr_t_141,1974,1h 15m,X,4.7,193
142. Gold,https://www.imdb.com/title/tt0071566/?ref_=sr_t_142,1974,2h 4m,PG,5.7,2.6K
143. The Apprenticeship of Duddy Kravitz,https://www.imdb.com/title/tt0071155/?ref_=sr_t_143,1974,2h,PG,6.7,2.8K
144. Stone,https://www.imdb.com/title/tt0072209/?ref_=sr_t_144,1974,2h 12m,Not Rated,6.3,1.9K
145. Rabid Dogs,https://www.imdb.com/title/tt0071275/?ref_=sr_t_145,1974,1h 36m,Not Rated,7.4,5.5K
146. Candy Stripe Nurses,https://www.imdb.com/title/tt0071274/?ref_=sr_t_146,1974,1h 20m,R,4.6,613
147. The Man Who Sleeps,https://www.imdb.com/title/tt0192718/?ref_=sr_t_147,1974,1h 17m,,7.9,4.9K
148. Flossie,https://www.imdb.com/title/tt0072999/?ref_=sr_t_148,1974,1h 32m,R,5.2,490
149. Madhouse,https://www.imdb.com/title/tt0071790/?ref_=sr_t_149,1974,1h 29m,PG,6.2,4.7K
150. California Split,https://www.imdb.com/title/tt0071269/?ref_=sr_t_150,1974,1h 48m,R,7.1,8.8K
151. The Girl in Room 2A,https://www.imdb.com/title/tt0075814/?ref_=sr_t_151,1974,1h 30m,R,5.3,980
152. The Savage Is Loose,https://www.imdb.com/title/tt0072114/?ref_=sr_t_152,1974,1h 54m,R,5.3,463
153. A Very Natural Thing,https://www.imdb.com/title/tt0072362/?ref_=sr_t_153,1974,1h 20m,R,6.7,1.1K
154. Video Vixens!,https://www.imdb.com/title/tt0088353/?ref_=sr_t_154,1974,1h 23m,R,4.4,334
155. The Last Guerrilla,https://www.imdb.com/title/tt0071973/?ref_=sr_t_155,1974,1h 42m,PG,5.5,392
156. The Island at the Top of the World,https://www.imdb.com/title/tt0071671/?ref_=sr_t_156,1974,1h 33m,G,6.2,3.3K
157. Olsen-banden møter kongen og knekten,https://www.imdb.com/title/tt0132384/?ref_=sr_t_157,1974,1h 33m,,6.4,1.1K
158. The Mutations,https://www.imdb.com/title/tt0070423/?ref_=sr_t_158,1974,1h 32m,R,5.3,2.2K
159. It's Not the Size That Counts,https://www.imdb.com/title/tt0071677/?ref_=sr_t_159,1974,1h 30m,R,3.7,337
160. La Nipote,https://www.imdb.com/title/tt0131500/?ref_=sr_t_160,1974,1h 32m,,4.7,236
161. The Klansman,https://www.imdb.com/title/tt0071721/?ref_=sr_t_161,1974,1h 52m,R,5.2,1.9K
162. Dirty O'Neil,https://www.imdb.com/title/tt0155671/?ref_=sr_t_162,1974,1h 29m,R,5.1,490
163. The Street Fighter,https://www.imdb.com/title/tt0073756/?ref_=sr_t_163,1974,1h 31m,R,6.9,5.8K
164. Macon County Line,https://www.imdb.com/title/tt0071788/?ref_=sr_t_164,1974,1h 29m,R,6.5,1.7K
165. The Transgressor,https://www.imdb.com/title/tt0224077/?ref_=sr_t_165,1974,1h 31m,,6.6,1.8K
166. Gone with the West,https://www.imdb.com/title/tt0073059/?ref_=sr_t_166,1974,1h 32m,R,3.1,533
167. The Killer Reserved Nine Seats,https://www.imdb.com/title/tt0071167/?ref_=sr_t_167,1974,1h 44m,Not Rated,5.7,1.1K
168. Confessions of a Young American Housewife,https://www.imdb.com/title/tt0069914/?ref_=sr_t_168,1974,1h 20m,Not Rated,5.6,698
169. Truck Turner,https://www.imdb.com/title/tt0072325/?ref_=sr_t_169,1974,1h 31m,R,6.9,3.7K
170. Pastoral: To Die in the Country,https://www.imdb.com/title/tt0071406/?ref_=sr_t_170,1974,1h 44m,,7.7,2.6K
171. I Won't Love You,https://www.imdb.com/title/tt0071906/?ref_=sr_t_171,1974,1h 23m,,6.6,94
"172. Flavia, the Heretic",https://www.imdb.com/title/tt0071507/?ref_=sr_t_172,1974,1h 36m,R,5.7,1.3K
173. Smell of Flesh,https://www.imdb.com/title/tt0183744/?ref_=sr_t_173,1974,1h 35m,,5.6,160
174. The Legend of the 7 Golden Vampires,https://www.imdb.com/title/tt0070297/?ref_=sr_t_174,1974,1h 29m,R,5.8,5.1K
175. Beyond the Door,https://www.imdb.com/title/tt0071212/?ref_=sr_t_175,1974,1h 48m,R,4.8,2.8K
176. Spasmo,https://www.imdb.com/title/tt0072196/?ref_=sr_t_176,1974,1h 34m,R,6.0,2.3K
177. Lancelot of the Lake,https://www.imdb.com/title/tt0071737/?ref_=sr_t_177,1974,1h 25m,,6.9,4.4K
178. The Driver's Seat,https://www.imdb.com/title/tt0071442/?ref_=sr_t_178,1974,1h 42m,R,5.9,1.1K
179. The Tamarind Seed,https://www.imdb.com/title/tt0072253/?ref_=sr_t_179,1974,2h 5m,PG,6.4,2.7K
180. Guns and Guts,https://www.imdb.com/title/tt0364734/?ref_=sr_t_180,1974,1h 38m,Not Rated,5.4,222
181. Open Season,https://www.imdb.com/title/tt0071292/?ref_=sr_t_181,1974,1h 44m,R,6.0,717
182. The Trial of Billy Jack,https://www.imdb.com/title/tt0072317/?ref_=sr_t_182,1974,2h 50m,PG,4.6,1.6K
183. Where the Lilies Bloom,https://www.imdb.com/title/tt0072401/?ref_=sr_t_183,1974,1h 38m,G,7.2,1.1K
184. Frankenstein and the Monster from Hell,https://www.imdb.com/title/tt0071519/?ref_=sr_t_184,1974,1h 33m,R,6.3,4.5K
185. Sugar Hill,https://www.imdb.com/title/tt0072225/?ref_=sr_t_185,1974,1h 31m,PG,5.8,2.4K
186. Truck Stop Women,https://www.imdb.com/title/tt0072324/?ref_=sr_t_186,1974,1h 28m,R,4.9,940
187. Flower and Snake,https://www.imdb.com/title/tt0225920/?ref_=sr_t_187,1974,1h 14m,,5.6,589
188. Come Home and Meet My Wife,https://www.imdb.com/title/tt0072097/?ref_=sr_t_188,1974,1h 45m,R,7.0,893
189. Buster and Billie,https://www.imdb.com/title/tt0071258/?ref_=sr_t_189,1974,1h 40m,R,6.9,992
190. Frightmare,https://www.imdb.com/title/tt0071523/?ref_=sr_t_190,1974,1h 28m,R,6.2,2.8K
191. Beautiful People,https://www.imdb.com/title/tt0071143/?ref_=sr_t_191,1974,1h 32m,G,8.2,4.2K
192. Stardust,https://www.imdb.com/title/tt0072201/?ref_=sr_t_192,1974,1h 51m,R,6.5,1.2K
193. The Perfume of the Lady in Black,https://www.imdb.com/title/tt0070565/?ref_=sr_t_193,1974,1h 43m,R,6.5,3.1K
194. The Cars That Ate Paris,https://www.imdb.com/title/tt0071282/?ref_=sr_t_194,1974,1h 28m,PG,5.6,4.6K
195. Five Loose Women,https://www.imdb.com/title/tt0124565/?ref_=sr_t_195,1974,1h 30m,R,4.6,493
196. Wedding Trough,https://www.imdb.com/title/tt0072355/?ref_=sr_t_196,1974,1h 20m,Not Rated,4.4,1.7K
197. Puzzle,https://www.imdb.com/title/tt0072349/?ref_=sr_t_197,1974,1h 32m,,6.3,1.3K
198. Dames and Dreams,https://www.imdb.com/title/tt9280844/?ref_=sr_t_198,1974,1h 19m,,4.4,87
199. My Little Loves,https://www.imdb.com/title/tt0071833/?ref_=sr_t_199,1974,2h 3m,,7.1,1.5K
200. Craze,https://www.imdb.com/title/tt0069924/?ref_=sr_t_200,1974,1h 36m,R,5.1,855
201. Blue Eyes of the Broken Doll,https://www.imdb.com/title/tt0069041/?ref_=sr_t_201,1974,1h 29m,R,6.0,1.3K
202. Busting,https://www.imdb.com/title/tt0071259/?ref_=sr_t_202,1974,1h 32m,R,6.4,2K
203. Seizure,https://www.imdb.com/title/tt0072136/?ref_=sr_t_203,1974,1h 34m,PG,4.7,1.2K
204. Peopletoys,https://www.imdb.com/title/tt0071413/?ref_=sr_t_204,1974,1h 28m,R,5.1,2K
205. 11 Harrowhouse,https://www.imdb.com/title/tt0071080/?ref_=sr_t_205,1974,1h 34m,PG,6.2,1.3K
206. Cry of a Prostitute,https://www.imdb.com/title/tt0154468/?ref_=sr_t_206,1974,1h 37m,R,6.3,767
207. Turn the Other Cheek,https://www.imdb.com/title/tt0072012/?ref_=sr_t_207,1974,1h 29m,PG,6.3,5.1K
208. Enter the Devil,https://www.imdb.com/title/tt0072147/?ref_=sr_t_208,1974,1h 32m,R,4.7,756
209. Carry on Dick,https://www.imdb.com/title/tt0071281/?ref_=sr_t_209,1974,1h 31m,,5.9,3.1K
210. High School Girl,https://www.imdb.com/title/tt0071378/?ref_=sr_t_210,1974,1h 27m,R,5.4,129
211. Seven Women for Satan,https://www.imdb.com/title/tt0316886/?ref_=sr_t_211,1976,1h 22m,Not Rated,4.6,671
212. The Best of Benny Hill,https://www.imdb.com/title/tt0071207/?ref_=sr_t_212,1974,1h 23m,Not Rated,7.2,1K
213. Successive Slidings of Pleasure,https://www.imdb.com/title/tt0070116/?ref_=sr_t_213,1974,1h 45m,Not Rated,6.2,1.5K
214. The Sister in Law,https://www.imdb.com/title/tt0072172/?ref_=sr_t_214,1974,1h 25m,R,4.7,438
215. Yellow-Faced Tiger,https://www.imdb.com/title/tt0070705/?ref_=sr_t_215,1974,1h 28m,R,4.3,793
216. The Devil in Miss Jonas,https://www.imdb.com/title/tt0072270/?ref_=sr_t_216,1974,1h 11m,,4.7,221
217. The Bank Shot,https://www.imdb.com/title/tt0071194/?ref_=sr_t_217,1974,1h 23m,PG,5.4,1.2K
218. Miracles Still Happen,https://www.imdb.com/title/tt0071845/?ref_=sr_t_218,1974,1h 27m,,5.8,346
219. The Black Windmill,https://www.imdb.com/title/tt0071229/?ref_=sr_t_219,1974,1h 46m,PG,6.3,3.5K
220. The Working Girls,https://www.imdb.com/title/tt0070927/?ref_=sr_t_220,1974,1h 21m,R,5.5,378
221. Robinsonka,https://www.imdb.com/title/tt0072092/?ref_=sr_t_221,1974,1h 17m,,6.3,69
222. The Shameless,https://www.imdb.com/title/tt0152718/?ref_=sr_t_222,1974,1h 18m,,4.8,120
223. Daisy Miller,https://www.imdb.com/title/tt0071385/?ref_=sr_t_223,1974,1h 31m,G,6.2,2.1K
224. Dark Places,https://www.imdb.com/title/tt0071391/?ref_=sr_t_224,1974,1h 31m,PG,5.8,1.3K
225. Der Räuber Hotzenplotz,https://www.imdb.com/title/tt0070618/?ref_=sr_t_225,1974,1h 54m,,6.9,461
226. The Ghost Galleon,https://www.imdb.com/title/tt0071256/?ref_=sr_t_226,1974,1h 29m,R,4.5,3.1K
227. House of Cruel Dolls,https://www.imdb.com/title/tt0219161/?ref_=sr_t_227,1974,1h 30m,Not Rated,3.7,186
228. Someone Is Bleeding,https://www.imdb.com/title/tt0069243/?ref_=sr_t_228,1974,1h 45m,R,5.7,1.1K
229. Allonsanfan,https://www.imdb.com/title/tt0069690/?ref_=sr_t_229,1974,1h 55m,,7.0,1.3K
230. Huckleberry Finn,https://www.imdb.com/title/tt0071634/?ref_=sr_t_230,1974,1h 58m,G,5.6,733
231. Karlsson on the Roof,https://www.imdb.com/title/tt0073227/?ref_=sr_t_231,1974,1h 39m,,5.8,2.3K
232. The Beast Must Die,https://www.imdb.com/title/tt0071200/?ref_=sr_t_232,1974,1h 33m,PG,5.6,4.3K
233. Frankenstein's Castle of Freaks,https://www.imdb.com/title/tt0069851/?ref_=sr_t_233,1974,1h 29m,PG,3.9,1.3K
234. The White Dawn,https://www.imdb.com/title/tt0072403/?ref_=sr_t_234,1974,1h 50m,PG,7.1,976
235. Space Is the Place,https://www.imdb.com/title/tt0072195/?ref_=sr_t_235,1974,1h 22m,R,6.5,1.6K
236. Madeleine: Anatomy of a Nightmare,https://www.imdb.com/title/tt0125896/?ref_=sr_t_236,1974,1h 43m,Not Rated,5.5,271
237. Fly Me the French Way,https://www.imdb.com/title/tt0070821/?ref_=sr_t_237,1974,1h 46m,Not Rated,4.6,581
238. TNT Jackson,https://www.imdb.com/title/tt0072245/?ref_=sr_t_238,1974,1h 12m,R,4.7,1.5K
239. Monika,https://www.imdb.com/title/tt0072062/?ref_=sr_t_239,1974,1h 41m,,4.6,325
240. Un amour de pluie,https://www.imdb.com/title/tt0070852/?ref_=sr_t_240,1974,1h 36m,,6.0,280
241. Borsalino and Co.,https://www.imdb.com/title/tt0071241/?ref_=sr_t_241,1974,1h 50m,Not Rated,6.3,2.6K
"242. Those Mad, Mad Moviemakers",https://www.imdb.com/title/tt0071742/?ref_=sr_t_242,1974,1h 28m,PG,4.7,143
243. The Devil's Female,https://www.imdb.com/title/tt0071795/?ref_=sr_t_243,1974,1h 24m,R,5.1,434
244. Alice Goodbody,https://www.imdb.com/title/tt0072625/?ref_=sr_t_244,1974,1h 22m,R,4.3,267
245. Inside Amy,https://www.imdb.com/title/tt0128673/?ref_=sr_t_245,1974,1h 40m,R,4.7,171
246. The Life and Times of Grizzly Adams,https://www.imdb.com/title/tt0074797/?ref_=sr_t_246,1974,1h 33m,G,6.7,1K
247. Street Law,https://www.imdb.com/title/tt0071330/?ref_=sr_t_247,1974,1h 16m,,6.9,1.9K
248. Three the Hard Way,https://www.imdb.com/title/tt0072284/?ref_=sr_t_248,1974,1h 29m,R,6.2,1.8K
249. Golden Needles,https://www.imdb.com/title/tt0071568/?ref_=sr_t_249,1974,1h 32m,PG,5.2,479
250. House of 1000 Pleasures,https://www.imdb.com/title/tt0069892/?ref_=sr_t_250,1974,1h 25m,R,4.5,117
251. The Bod Squad,https://www.imdb.com/title/tt0071712/?ref_=sr_t_251,1974,1h 39m,R,5.5,411
252. The Slap,https://www.imdb.com/title/tt0071550/?ref_=sr_t_252,1974,1h 44m,PG,6.3,1.2K
253. 99 and 44/100% Dead!,https://www.imdb.com/title/tt0071089/?ref_=sr_t_253,1974,1h 38m,PG,5.5,862
254. Lovin' Molly,https://www.imdb.com/title/tt0071780/?ref_=sr_t_254,1974,1h 38m,R,5.5,622
255. Steppenwolf,https://www.imdb.com/title/tt0072206/?ref_=sr_t_255,1974,1h 47m,R,6.1,1.4K
256. Escort Girls,https://www.imdb.com/title/tt0262402/?ref_=sr_t_256,1974,1h 42m,R,4.7,74
257. Sister Street Fighter,https://www.imdb.com/title/tt0073714/?ref_=sr_t_257,1974,1h 26m,R,6.4,1.7K
258. Act of Vengeance,https://www.imdb.com/title/tt0072067/?ref_=sr_t_258,1974,1h 30m,R,5.5,1.1K
259. The Mouth Agape,https://www.imdb.com/title/tt0071587/?ref_=sr_t_259,1974,1h 22m,TV-14,7.3,1.3K
260. Nie ma mocnych,https://www.imdb.com/title/tt0071907/?ref_=sr_t_260,1974,1h 29m,,7.5,2.2K
261. Invasion: UFO,https://www.imdb.com/title/tt0216312/?ref_=sr_t_261,1974,1h 37m,Not Rated,5.7,487
262. Symptoms,https://www.imdb.com/title/tt0072239/?ref_=sr_t_262,1974,1h 32m,R,6.5,1.8K
"263. ...verdammt, ich bin erwachsen",https://www.imdb.com/title/tt0071078/?ref_=sr_t_263,1974,1h 34m,,6.5,34
264. The Spikes Gang,https://www.imdb.com/title/tt0072198/?ref_=sr_t_264,1974,1h 36m,PG,6.3,2K
265. Italianamerican,https://www.imdb.com/title/tt0071680/?ref_=sr_t_265,1974,49m,Not Rated,7.6,3.9K
266. The Destructors,https://www.imdb.com/title/tt0071412/?ref_=sr_t_266,1974,1h 29m,PG,5.9,1.7K
267. The Castle of Sand,https://www.imdb.com/title/tt0202604/?ref_=sr_t_267,1974,2h 23m,,7.3,1.6K
268. The Internecine Project,https://www.imdb.com/title/tt0071663/?ref_=sr_t_268,1974,1h 29m,PG,6.2,1.2K
269. Willie Dynamite,https://www.imdb.com/title/tt0072409/?ref_=sr_t_269,1974,1h 42m,R,6.4,1.4K
270. Mrs. Barrington,https://www.imdb.com/title/tt0126467/?ref_=sr_t_270,1974,1h 26m,R,6.7,72
271. Swallows and Amazons,https://www.imdb.com/title/tt0072233/?ref_=sr_t_271,1974,1h 32m,Not Rated,6.4,1.2K
272. Dirty Duck,https://www.imdb.com/title/tt0072882/?ref_=sr_t_272,1974,1h 15m,Unrated,5.3,580
273. Till Marriage Do Us Part,https://www.imdb.com/title/tt0071844/?ref_=sr_t_273,1974,1h 32m,R,6.6,788
274. Una chica y un señor,https://www.imdb.com/title/tt0069873/?ref_=sr_t_274,1974,1h 38m,,6.0,93
275. Five Shaolin Masters,https://www.imdb.com/title/tt0072991/?ref_=sr_t_275,1974,1h 49m,R,6.6,1.5K
276. Savage Sisters,https://www.imdb.com/title/tt0072115/?ref_=sr_t_276,1974,1h 26m,R,4.9,500
277. Zandy's Bride,https://www.imdb.com/title/tt0072435/?ref_=sr_t_277,1974,1h 37m,PG,6.3,1.3K
278. Dunderklumpen!,https://www.imdb.com/title/tt0071448/?ref_=sr_t_278,1974,1h 37m,G,6.9,1.9K
279. S*P*Y*S,https://www.imdb.com/title/tt0072107/?ref_=sr_t_279,1974,1h 27m,PG,4.5,1.1K
"280. Celestine, Maid at Your Service",https://www.imdb.com/title/tt0071294/?ref_=sr_t_280,1974,1h 33m,,4.9,487
"281. Keep It Up, Jack",https://www.imdb.com/title/tt0130808/?ref_=sr_t_281,1974,1h 24m,R,3.8,150
282. Billy Two Hats,https://www.imdb.com/title/tt0069786/?ref_=sr_t_282,1974,1h 39m,PG,6.3,1.9K
283. Pran Jaye Par Vachan Na Jaye,https://www.imdb.com/title/tt0070558/?ref_=sr_t_283,1974,,,7.3,55
284. Cebo para una adolescente,https://www.imdb.com/title/tt0069860/?ref_=sr_t_284,1974,1h 28m,,4.8,153
285. Mariage,https://www.imdb.com/title/tt0140360/?ref_=sr_t_285,1974,1h 39m,,6.6,145
286. Rhinoceros,https://www.imdb.com/title/tt0070605/?ref_=sr_t_286,1974,1h 44m,PG,5.7,1.4K
287. Black Belt Jones,https://www.imdb.com/title/tt0071221/?ref_=sr_t_287,1974,1h 25m,R,6.2,2.8K
288. Bedtime Stories for Grownups,https://www.imdb.com/title/tt0071542/?ref_=sr_t_288,1974,1h 15m,,4.4,147
289. Hot Summer in Barefoot County,https://www.imdb.com/title/tt0071624/?ref_=sr_t_289,1974,1h 30m,R,3.6,239
290. How to Seduce a Woman,https://www.imdb.com/title/tt0071631/?ref_=sr_t_290,1974,1h 50m,R,4.7,75
291. Shanks,https://www.imdb.com/title/tt0072149/?ref_=sr_t_291,1974,1h 33m,PG,5.5,819
292. Roti Kapada Aur Makaan,https://www.imdb.com/title/tt0072100/?ref_=sr_t_292,1974,2h 39m,,6.8,922
293. Bread and Chocolate,https://www.imdb.com/title/tt0070506/?ref_=sr_t_293,1974,1h 40m,,7.4,2K
294. Girls for Rent,https://www.imdb.com/title/tt0071642/?ref_=sr_t_294,1974,1h 32m,R,4.4,599
295. Caravan to Vaccarès,https://www.imdb.com/title/tt0071278/?ref_=sr_t_295,1974,1h 38m,PG,4.6,456
296. Amore libero - Free Love,https://www.imdb.com/title/tt0071135/?ref_=sr_t_296,1974,1h 26m,,4.2,208
297. Seven Alone,https://www.imdb.com/title/tt0073686/?ref_=sr_t_297,1974,1h 37m,G,5.6,623
298. Riot in a Women's Prison,https://www.imdb.com/title/tt0072029/?ref_=sr_t_298,1974,1h 31m,Not Rated,4.6,250
299. Unbelievable Adventures of Italians in Russia,https://www.imdb.com/title/tt0070439/?ref_=sr_t_299,1974,1h 44m,TV-PG,7.6,6.5K
300. Cockfighter,https://www.imdb.com/title/tt0071338/?ref_=sr_t_300,1974,1h 23m,R,6.9,2.7K
301. Rajnigandha,https://www.imdb.com/title/tt0072064/?ref_=sr_t_301,1974,1h 50m,,7.3,879
302. The Last Exploits of the Olsen Gang,https://www.imdb.com/title/tt0071939/?ref_=sr_t_302,1974,1h 42m,Not Rated,7.1,2.1K
303. Paul and Michelle,https://www.imdb.com/title/tt0071978/?ref_=sr_t_303,1974,1h 43m,R,5.7,218
304. Lady Snowblood 2: Love Song of Vengeance,https://www.imdb.com/title/tt0072157/?ref_=sr_t_304,1974,1h 29m,Not Rated,6.3,4.4K
305. Thomasine & Bushrod,https://www.imdb.com/title/tt0072278/?ref_=sr_t_305,1974,1h 35m,PG,6.0,631
"306. Laß jucken, Kumpel 3. Teil - Maloche, Bier und Bett",https://www.imdb.com/title/tt0182270/?ref_=sr_t_306,1974,1h 35m,,4.3,81
307. The Stranger and the Gunfighter,https://www.imdb.com/title/tt0071784/?ref_=sr_t_307,1974,1h 47m,PG,5.8,1.1K
308. Legacy of Satan,https://www.imdb.com/title/tt0139421/?ref_=sr_t_308,1974,1h 8m,R,3.6,382
309. The Man Who Couldn't Get Enough,https://www.imdb.com/title/tt0071356/?ref_=sr_t_309,1974,1h 20m,,2.9,164
310. Our Time,https://www.imdb.com/title/tt0071959/?ref_=sr_t_310,1974,1h 30m,PG,6.2,336
311. Beyond Erotica,https://www.imdb.com/title/tt0070451/?ref_=sr_t_311,1974,1h 29m,R,5.0,347
312. Conrack,https://www.imdb.com/title/tt0071358/?ref_=sr_t_312,1974,1h 46m,PG,7.3,2.3K
313. Presagio,https://www.imdb.com/title/tt0207023/?ref_=sr_t_313,1974,1h 58m,,7.3,126
314. The Dove,https://www.imdb.com/title/tt0071438/?ref_=sr_t_314,1974,1h 45m,PG,6.3,483
315. Shaolin Martial Arts,https://www.imdb.com/title/tt0071619/?ref_=sr_t_315,1974,1h 46m,R,6.8,455
316. Det sista äventyret,https://www.imdb.com/title/tt0072169/?ref_=sr_t_316,1974,1h 55m,,5.6,214
317. Chosen Survivors,https://www.imdb.com/title/tt0071318/?ref_=sr_t_317,1974,1h 39m,PG,5.4,987
318. Shadowman,https://www.imdb.com/title/tt0069593/?ref_=sr_t_318,1974,1h 45m,PG,6.1,546
319. Passing Strangers,https://www.imdb.com/title/tt0071975/?ref_=sr_t_319,1974,1h 16m,X,7.6,107
320. The Switch or How to Alter Your Ego,https://www.imdb.com/title/tt0072237/?ref_=sr_t_320,1974,1h 32m,,6.1,82
321. Les petites saintes y touchent,https://www.imdb.com/title/tt0122798/?ref_=sr_t_321,1974,1h 31m,,4.6,123
322. Wet Dreams,https://www.imdb.com/title/tt0072396/?ref_=sr_t_322,1974,1h 29m,,5.1,162
323. The Transformation: A Sandwich of Nightmares,https://www.imdb.com/title/tt3616560/?ref_=sr_t_323,1974,1h 27m,R,,
324. Man on a Swing,https://www.imdb.com/title/tt0071806/?ref_=sr_t_324,1974,1h 50m,PG,6.6,798
325. Bootleggers,https://www.imdb.com/title/tt0071237/?ref_=sr_t_325,1974,1h 55m,PG,5.2,199
326. Only Old Men Are Going to Battle,https://www.imdb.com/title/tt0070861/?ref_=sr_t_326,1974,1h 32m,,8.2,6K
327. Undercovers Hero,https://www.imdb.com/title/tt0070855/?ref_=sr_t_327,1974,1h 47m,R,5.3,764
328. I'm Losing My Temper,https://www.imdb.com/title/tt0071863/?ref_=sr_t_328,1974,1h 32m,PG,6.4,1.6K
329. Double Agent 73,https://www.imdb.com/title/tt0071437/?ref_=sr_t_329,1974,1h 13m,R,3.9,951
330. Sunday in the Country,https://www.imdb.com/title/tt0075382/?ref_=sr_t_330,1974,1h 33m,R,6.2,815
331. Da xiao you long,https://www.imdb.com/title/tt0202063/?ref_=sr_t_331,1974,1h 31m,Not Rated,4.7,32
332. The Golden Lotus,https://www.imdb.com/title/tt0071567/?ref_=sr_t_332,1974,1h 52m,,5.7,334
333. Hurra... die deutsche Sex-Partei,https://www.imdb.com/title/tt0071637/?ref_=sr_t_333,1974,1h 23m,,4.9,58
334. Shocking Asia,https://www.imdb.com/title/tt0073706/?ref_=sr_t_334,1974,1h 34m,Not Rated,5.4,633
335. The Night of the Sorcerers,https://www.imdb.com/title/tt0066144/?ref_=sr_t_335,1974,1h 20m,Not Rated,5.1,748
336. The Minor,https://www.imdb.com/title/tt0128350/?ref_=sr_t_336,1974,1h 24m,,4.8,351
337. The Bat People,https://www.imdb.com/title/tt0071198/?ref_=sr_t_337,1974,1h 33m,PG,2.8,2.7K
338. Erotomania,https://www.imdb.com/title/tt0213639/?ref_=sr_t_338,1974,1h 40m,,5.0,72
339. Lifesize,https://www.imdb.com/title/tt0070131/?ref_=sr_t_339,1974,1h 41m,X,6.5,486
340. La Bonzesse,https://www.imdb.com/title/tt0202818/?ref_=sr_t_340,1974,1h 38m,,5.1,85
341. General Idi Amin Dada: A Self Portrait,https://www.imdb.com/title/tt0071544/?ref_=sr_t_341,1974,1h 32m,Not Rated,7.4,2.1K
342. The Girl from Petrovka,https://www.imdb.com/title/tt0071554/?ref_=sr_t_342,1974,1h 43m,PG,5.2,709
343. Ginger in the Morning,https://www.imdb.com/title/tt0070107/?ref_=sr_t_343,1974,1h 30m,PG,5.1,416
344. As Cangaceiras Eróticas,https://www.imdb.com/title/tt0259912/?ref_=sr_t_344,1974,1h 36m,,4.6,61
345. Sonar Kella,https://www.imdb.com/title/tt0072190/?ref_=sr_t_345,1974,2h 16m,Not Rated,8.3,2.9K
346. The Return of the Tall Blond Man,https://www.imdb.com/title/tt0072080/?ref_=sr_t_346,1974,1h 24m,,6.6,4.2K
347. Janis,https://www.imdb.com/title/tt0073193/?ref_=sr_t_347,1974,1h 36m,R,7.7,846
348. Thokar,https://www.imdb.com/title/tt0369018/?ref_=sr_t_348,1974,,,5.0,21
349. Lover of the Monster,https://www.imdb.com/title/tt0421593/?ref_=sr_t_349,1974,1h 23m,,4.8,219
350. Roti,https://www.imdb.com/title/tt0176105/?ref_=sr_t_350,1974,2h,,6.8,597
351. Alla mia cara mamma nel giorno del suo compleanno,https://www.imdb.com/title/tt0071121/?ref_=sr_t_351,1974,1h 45m,,6.1,277
352. Zero Woman: Red Handcuffs,https://www.imdb.com/title/tt0283693/?ref_=sr_t_352,1974,1h 28m,Unrated,6.6,1.1K
353. Janosik,https://www.imdb.com/title/tt0071689/?ref_=sr_t_353,1974,1h 59m,,6.8,464
354. Salako,https://www.imdb.com/title/tt0253623/?ref_=sr_t_354,1974,1h 27m,,7.3,6.6K
"355. Electra, My Love",https://www.imdb.com/title/tt0072241/?ref_=sr_t_355,1974,1h 10m,,7.0,1.1K
356. Shriek of the Mutilated,https://www.imdb.com/title/tt0072156/?ref_=sr_t_356,1974,1h 27m,R,4.1,1.2K
357. Around the World with Fanny Hill,https://www.imdb.com/title/tt0073212/?ref_=sr_t_357,1974,1h 34m,R,4.6,191
358. The Castaway Cowboy,https://www.imdb.com/title/tt0071288/?ref_=sr_t_358,1974,1h 31m,G,5.8,948
359. La signora gioca bene a scopa?,https://www.imdb.com/title/tt0072160/?ref_=sr_t_359,1974,1h 25m,,4.7,190
360. Baby Needs a New Pair of Shoes,https://www.imdb.com/title/tt0074715/?ref_=sr_t_360,1974,1h 26m,R,4.6,389
361. Lesviakos Avgoustos,https://www.imdb.com/title/tt0236420/?ref_=sr_t_361,1974,1h 32m,,5.0,111
362. Night of the Skull,https://www.imdb.com/title/tt0074971/?ref_=sr_t_362,1974,1h 22m,,5.4,501
363. The Infernal Trio,https://www.imdb.com/title/tt0072320/?ref_=sr_t_363,1974,1h 47m,,6.2,957
364. The Woman in Red Boots,https://www.imdb.com/title/tt0071492/?ref_=sr_t_364,1974,1h 32m,,6.1,526
365. Sister Street Fighter: Hanging by a Thread,https://www.imdb.com/title/tt0183704/?ref_=sr_t_365,1974,1h 25m,Not Rated,6.6,584
366. The Body,https://www.imdb.com/title/tt0071362/?ref_=sr_t_366,1974,1h 33m,R,5.2,189
367. The Killer Wore Gloves,https://www.imdb.com/title/tt0070417/?ref_=sr_t_367,1974,1h 30m,R,5.2,200
368. Benaam,https://www.imdb.com/title/tt0071205/?ref_=sr_t_368,1974,1h 57m,,6.6,357
369. I guappi,https://www.imdb.com/title/tt0070139/?ref_=sr_t_369,1974,2h 10m,,6.7,427
370. The House of Seven Corpses,https://www.imdb.com/title/tt0071627/?ref_=sr_t_370,1974,1h 28m,PG,4.3,1.7K
371. Drifter,https://www.imdb.com/title/tt0072909/?ref_=sr_t_371,1974,1h 38m,R,5.6,40
372. Naughty!,https://www.imdb.com/title/tt0067477/?ref_=sr_t_372,1974,1h 23m,,5.2,110
373. The Dion Brothers,https://www.imdb.com/title/tt0071575/?ref_=sr_t_373,1974,1h 34m,R,6.8,485
374. The Fish with the Eyes of Gold,https://www.imdb.com/title/tt0070529/?ref_=sr_t_374,1974,1h 24m,,5.0,174
375. Black Eye,https://www.imdb.com/title/tt0071224/?ref_=sr_t_375,1974,1h 38m,PG,5.6,326
376. Wo der Wildbach durch das Höschen rauscht - Witwen-Report,https://www.imdb.com/title/tt0072414/?ref_=sr_t_376,1974,1h 16m,,4.4,47
377. From the Village to the City,https://www.imdb.com/title/tt0252619/?ref_=sr_t_377,1974,1h 31m,,8.3,12K
378. The Clockmaker,https://www.imdb.com/title/tt0071622/?ref_=sr_t_378,1974,1h 45m,,7.1,2.9K
379. The House on Skull Mountain,https://www.imdb.com/title/tt0071629/?ref_=sr_t_379,1974,1h 29m,PG,4.7,850
380. The Great Ecstasy of Woodcarver Steiner,https://www.imdb.com/title/tt0070136/?ref_=sr_t_380,1974,45m,,7.6,3K
381. Orderers,https://www.imdb.com/title/tt0071949/?ref_=sr_t_381,1974,1h 49m,,8.0,1.2K
382. The Bunny Caper,https://www.imdb.com/title/tt0071255/?ref_=sr_t_382,1974,1h 30m,R,5.3,179
383. House of the Living Dead,https://www.imdb.com/title/tt0070198/?ref_=sr_t_383,1974,1h 27m,PG,3.6,586
384. Simona,https://www.imdb.com/title/tt0073712/?ref_=sr_t_384,1974,1h 31m,,3.9,185
"385. France, Incorporated",https://www.imdb.com/title/tt0207479/?ref_=sr_t_385,1974,1h 38m,,5.1,222
386. Carnal Revenge,https://www.imdb.com/title/tt0071280/?ref_=sr_t_386,1974,1h 37m,R,5.0,101
387. Fangs,https://www.imdb.com/title/tt0130267/?ref_=sr_t_387,1974,1h 31m,R,5.2,411
388. Noc na Karlstejne,https://www.imdb.com/title/tt0070452/?ref_=sr_t_388,1974,1h 27m,,7.3,658
389. Jacob the Liar,https://www.imdb.com/title/tt0071688/?ref_=sr_t_389,1974,1h 40m,,7.1,1.4K
390. Dreaming Youth,https://www.imdb.com/title/tt0072455/?ref_=sr_t_390,1974,1h 14m,,7.0,30
"391. Shoot First, Die Later",https://www.imdb.com/title/tt0072010/?ref_=sr_t_391,1974,1h 34m,Not Rated,6.6,1K
392. And Now My Love,https://www.imdb.com/title/tt0072307/?ref_=sr_t_392,1974,2h 30m,PG,7.0,855
393. Super Stooges vs the Wonder Women,https://www.imdb.com/title/tt0073804/?ref_=sr_t_393,1974,1h 45m,PG,4.5,395
394. The Big Scare,https://www.imdb.com/title/tt0073794/?ref_=sr_t_394,1974,1h 38m,Not Rated,3.6,287
395. Petersen,https://www.imdb.com/title/tt0071991/?ref_=sr_t_395,1974,1h 37m,R,6.5,174
396. Hungry Young Women,https://www.imdb.com/title/tt0071665/?ref_=sr_t_396,1974,1h 30m,,4.4,100
397. Dancer on the Wounds,https://www.imdb.com/title/tt2085907/?ref_=sr_t_397,1974,1h 35m,,6.0,10
398. Garm Hava,https://www.imdb.com/title/tt0073034/?ref_=sr_t_398,1974,2h 26m,,8.0,867
399. Ajanabee,https://www.imdb.com/title/tt0268129/?ref_=sr_t_399,1974,2h 19m,Not Rated,6.5,243
400. Auf ins blaukarierte Himmelbett,https://www.imdb.com/title/tt0071172/?ref_=sr_t_400,1974,1h 27m,,4.7,72
401. Tocata y fuga de Lolita,https://www.imdb.com/title/tt0072297/?ref_=sr_t_401,1974,1h 28m,,5.5,69
402. Himiko,https://www.imdb.com/title/tt0071609/?ref_=sr_t_402,1974,1h 40m,,7.0,781
403. Lone Wolf and Cub: White Heaven in Hell,https://www.imdb.com/title/tt0071695/?ref_=sr_t_403,1974,1h 23m,Not Rated,7.3,4.4K
404. Shandaar,https://www.imdb.com/title/tt0234701/?ref_=sr_t_404,1974,2h 25m,Not Rated,7.9,78
405. Jack and the Beanstalk,https://www.imdb.com/title/tt0074705/?ref_=sr_t_405,1974,1h 32m,G,7.2,1.1K
406. Love Angels,https://www.imdb.com/title/tt0093441/?ref_=sr_t_406,1974,1h 10m,,4.3,116
"407. At Home Among Strangers, a Stranger Among His Own",https://www.imdb.com/title/tt0072231/?ref_=sr_t_407,1974,1h 37m,,7.4,3.6K
408. Return of the Street Fighter,https://www.imdb.com/title/tt0073623/?ref_=sr_t_408,1974,1h 28m,R,6.3,2.4K
409. When the North Wind Blows,https://www.imdb.com/title/tt0072399/?ref_=sr_t_409,1974,1h 53m,G,6.7,184
410. Ayri Dünyalar,https://www.imdb.com/title/tt0182749/?ref_=sr_t_410,1974,1h 36m,,6.5,269
411. Sukeban: Tamatsuki asobi,https://www.imdb.com/title/tt0959518/?ref_=sr_t_411,1974,1h 27m,,6.2,114
412. Beim Jodeln juckt die Lederhose,https://www.imdb.com/title/tt0071202/?ref_=sr_t_412,1974,1h 25m,,4.4,172
413. The Great Masquerade,https://www.imdb.com/title/tt2394018/?ref_=sr_t_413,1974,1h 39m,R,5.2,126
414. Man About the House,https://www.imdb.com/title/tt0071804/?ref_=sr_t_414,1974,1h 30m,Approved,5.9,733
415. Alpenglühn im Dirndlrock,https://www.imdb.com/title/tt0071126/?ref_=sr_t_415,1974,1h 27m,,4.7,172
416. Newman's Law,https://www.imdb.com/title/tt0071902/?ref_=sr_t_416,1974,1h 38m,PG,6.1,413
417. The Manhandlers,https://www.imdb.com/title/tt0128326/?ref_=sr_t_417,1974,1h 27m,R,4.5,126
418. The Swamp of the Ravens,https://www.imdb.com/title/tt0070508/?ref_=sr_t_418,1974,1h 27m,R,3.5,514
419. The Murdered Young Girl,https://www.imdb.com/title/tt0071694/?ref_=sr_t_419,1974,1h 40m,X,4.7,128
420. The Bears and I,https://www.imdb.com/title/tt0071199/?ref_=sr_t_420,1974,1h 29m,G,6.1,594
421. Yuka,https://www.imdb.com/title/tt0070118/?ref_=sr_t_421,1974,1h 28m,,3.9,289
422. Callan,https://www.imdb.com/title/tt0071270/?ref_=sr_t_422,1974,1h 46m,PG,6.8,855
423. Ghost in the Noonday Sun,https://www.imdb.com/title/tt0070106/?ref_=sr_t_423,1974,1h 30m,,4.3,369
424. The Rape Killer,https://www.imdb.com/title/tt0124348/?ref_=sr_t_424,1974,1h 27m,R,5.5,257
425. Prophecies of Nostradamus,https://www.imdb.com/title/tt0071923/?ref_=sr_t_425,1974,1h 28m,,6.3,326
"426. Bohr weiter, Kumpel",https://www.imdb.com/title/tt0071235/?ref_=sr_t_426,1974,1h 35m,,4.8,112
427. Ghost Story,https://www.imdb.com/title/tt0071791/?ref_=sr_t_427,1974,1h 27m,,4.9,576
428. The Deer,https://www.imdb.com/title/tt0074565/?ref_=sr_t_428,1974,2h,,7.8,3.1K
429. Amir Garib,https://www.imdb.com/title/tt0233202/?ref_=sr_t_429,1974,2h 20m,Not Rated,6.1,128
430. Policewomen,https://www.imdb.com/title/tt0072006/?ref_=sr_t_430,1974,1h 30m,R,5.2,588
431. The Thirsty Dead,https://www.imdb.com/title/tt0073801/?ref_=sr_t_431,1974,1h 28m,PG,3.2,747
432. Kalina krasnaya,https://www.imdb.com/title/tt0070262/?ref_=sr_t_432,1974,1h 50m,,7.6,2.1K
433. Majboor,https://www.imdb.com/title/tt0071800/?ref_=sr_t_433,1974,2h 35m,Not Rated,7.1,824
434. Blond sex,https://www.imdb.com/title/tt9358506/?ref_=sr_t_434,1974,1h 4m,,,
435. Il saprofita,https://www.imdb.com/title/tt0141746/?ref_=sr_t_435,1974,1h 40m,,5.8,126
436. The Valiant Ones,https://www.imdb.com/title/tt0071324/?ref_=sr_t_436,1974,1h 42m,,7.1,569
"437. Fe, esperanza y caridad",https://www.imdb.com/title/tt0065716/?ref_=sr_t_437,1974,1h 53m,,7.5,217
438. Emergency Squad,https://www.imdb.com/title/tt0072200/?ref_=sr_t_438,1974,1h 35m,,6.1,591
439. Violent Blood Bath,https://www.imdb.com/title/tt0070522/?ref_=sr_t_439,1974,1h 32m,,5.4,283
440. Black Hooker,https://www.imdb.com/title/tt0069322/?ref_=sr_t_440,1974,1h 27m,R,3.1,212
441. The Hand That Feeds the Dead,https://www.imdb.com/title/tt0070368/?ref_=sr_t_441,1974,1h 27m,Not Rated,5.4,391
442. Impulse,https://www.imdb.com/title/tt0071654/?ref_=sr_t_442,1974,1h 27m,PG,5.1,716
443. Homebodies,https://www.imdb.com/title/tt0071617/?ref_=sr_t_443,1974,1h 38m,PG,6.5,815
444. Aap Ki Kasam,https://www.imdb.com/title/tt0175423/?ref_=sr_t_444,1974,2h 33m,,7.0,532
445. Shatter,https://www.imdb.com/title/tt0074268/?ref_=sr_t_445,1974,1h 30m,R,5.1,645
446. Clockwork Bananas,https://www.imdb.com/title/tt0074323/?ref_=sr_t_446,1974,1h 24m,R,5.5,81
447. Cousin Angelica,https://www.imdb.com/title/tt0072030/?ref_=sr_t_447,1974,1h 47m,,7.3,1.3K
448. The Blue Bead,https://www.imdb.com/title/tt0252695/?ref_=sr_t_448,1974,1h 16m,,7.8,9.9K
449. The Truce,https://www.imdb.com/title/tt0072315/?ref_=sr_t_449,1974,1h 48m,Not Rated,7.3,735
450. Supermarket,https://www.imdb.com/title/tt0070755/?ref_=sr_t_450,1974,1h 24m,,6.8,1.1K
451. Who?,https://www.imdb.com/title/tt0072405/?ref_=sr_t_451,1974,1h 33m,PG,5.8,815
452. Mixed Company,https://www.imdb.com/title/tt0071850/?ref_=sr_t_452,1974,1h 49m,PG,5.7,262
453. Evil of Dracula,https://www.imdb.com/title/tt0071308/?ref_=sr_t_453,1974,1h 27m,Not Rated,6.3,933
454. Five Women for the Killer,https://www.imdb.com/title/tt0071086/?ref_=sr_t_454,1974,1h 40m,,5.6,556
455. Verdict,https://www.imdb.com/title/tt0072359/?ref_=sr_t_455,1974,1h 35m,R,6.2,448
456. Women of Desire,https://www.imdb.com/title/tt0445597/?ref_=sr_t_456,1974,1h 33m,,5.5,27
457. Massacre Mafia Style,https://www.imdb.com/title/tt0077525/?ref_=sr_t_457,1974,1h 22m,R,6.0,964
458. Seytan,https://www.imdb.com/title/tt0072148/?ref_=sr_t_458,1974,1h 41m,Not Rated,4.5,1.2K
459. El hijo del pueblo,https://www.imdb.com/title/tt0179848/?ref_=sr_t_459,1974,1h 31m,,6.9,71
460. Blueblood,https://www.imdb.com/title/tt0069805/?ref_=sr_t_460,1974,1h 30m,,4.5,734
461. The Second Coming of Suzanne,https://www.imdb.com/title/tt0072130/?ref_=sr_t_461,1974,1h 30m,R,4.7,792
462. The Clamdigger's Daughter,https://www.imdb.com/title/tt0189428/?ref_=sr_t_462,1974,1h 24m,R,4.5,34
463. Oliver Twist,https://www.imdb.com/title/tt0272226/?ref_=sr_t_463,1974,1h 31m,,6.0,215
464. The Last 4 Days,https://www.imdb.com/title/tt0071880/?ref_=sr_t_464,1974,1h 31m,PG,6.6,903
"465. Tatlo, dalawa, isa",https://www.imdb.com/title/tt0072257/?ref_=sr_t_465,1974,2h 36m,Not Rated,7.1,422
"466. UFOs: Past, Present, and Future",https://www.imdb.com/title/tt0365874/?ref_=sr_t_466,1974,1h 34m,,7.5,73
467. The Burning Hell,https://www.imdb.com/title/tt0412540/?ref_=sr_t_467,1974,58m,Not Rated,3.7,524
468. Challenge to White Fang,https://www.imdb.com/title/tt0072085/?ref_=sr_t_468,1974,1h 29m,PG,5.6,514
469. Prem Nagar,https://www.imdb.com/title/tt0072026/?ref_=sr_t_469,1974,3h 20m,,6.1,160
470. Perversión,https://www.imdb.com/title/tt0071989/?ref_=sr_t_470,1974,1h 30m,,5.2,32
471. Hangup,https://www.imdb.com/title/tt0071594/?ref_=sr_t_471,1974,1h 34m,R,5.8,85
472. The Super Cops,https://www.imdb.com/title/tt0072228/?ref_=sr_t_472,1974,1h 30m,R,6.6,1.1K
473. The Sinful Nuns of Saint Valentine,https://www.imdb.com/title/tt0147374/?ref_=sr_t_473,1974,1h 33m,Not Rated,4.7,952
474. Gupt Gyan,https://www.imdb.com/title/tt2679268/?ref_=sr_t_474,1974,,,,
475. Confidential: Secret Market,https://www.imdb.com/title/tt0071818/?ref_=sr_t_475,1974,1h 23m,,6.3,418
476. The Black Godfather,https://www.imdb.com/title/tt0071225/?ref_=sr_t_476,1974,1h 30m,R,4.4,590
477. Dost,https://www.imdb.com/title/tt0071436/?ref_=sr_t_477,1974,2h 44m,,6.9,293
478. Invasion from Inner Earth,https://www.imdb.com/title/tt0071666/?ref_=sr_t_478,1974,1h 34m,,2.7,763
479. Policewoman,https://www.imdb.com/title/tt0072009/?ref_=sr_t_479,1974,1h 44m,,6.4,313
480. Khote Sikkay,https://www.imdb.com/title/tt0155805/?ref_=sr_t_480,1974,2h 12m,Not Rated,6.2,163
481. Der nackte Mann auf dem Sportplatz,https://www.imdb.com/title/tt0076437/?ref_=sr_t_481,1974,1h 41m,,6.8,115
482. Teenage Bride,https://www.imdb.com/title/tt0152951/?ref_=sr_t_482,1974,1h 28m,X,4.7,227
483. Montreal Main,https://www.imdb.com/title/tt0077946/?ref_=sr_t_483,1974,1h 28m,,6.0,168
484. Leonard Cohen: Bird on a Wire,https://www.imdb.com/title/tt3314154/?ref_=sr_t_484,1974,1h 46m,Not Rated,7.6,213
485. Frustrated Wives,https://www.imdb.com/title/tt0138798/?ref_=sr_t_485,1974,1h 24m,,5.0,82
486. Kashin no takamari,https://www.imdb.com/title/tt0288083/?ref_=sr_t_486,1974,1h 10m,,4.8,63
487. The Voyage,https://www.imdb.com/title/tt0072364/?ref_=sr_t_487,1974,1h 42m,PG,5.9,687
488. A Hard Day for Archie,https://www.imdb.com/title/tt0071625/?ref_=sr_t_488,1974,1h 20m,R,4.5,171
489. A Knife for the Ladies,https://www.imdb.com/title/tt0071722/?ref_=sr_t_489,1974,1h 26m,R,4.6,415
490. El juicio de Martín Cortés,https://www.imdb.com/title/tt0070254/?ref_=sr_t_490,1974,1h 55m,,6.6,11
491. The Stupid Millionaire,https://www.imdb.com/title/tt0253622/?ref_=sr_t_491,1974,1h 24m,,7.9,8.1K
492. The Devil Is a Woman,https://www.imdb.com/title/tt0073733/?ref_=sr_t_492,1974,1h 45m,R,6.2,163
493. One or the Other,https://www.imdb.com/title/tt0071459/?ref_=sr_t_493,1974,1h 45m,,6.9,297
494. Written Off,https://www.imdb.com/title/tt0071956/?ref_=sr_t_494,1974,1h 28m,,8.2,1.4K
495. Bible!,https://www.imdb.com/title/tt0211248/?ref_=sr_t_495,1974,1h 24m,X,5.1,150
496. The Executioner,https://www.imdb.com/title/tt0183061/?ref_=sr_t_496,1974,1h 27m,R,6.7,720
497. Hanuman vs. 7 Ultraman,https://www.imdb.com/title/tt0254840/?ref_=sr_t_497,1974,1h 20m,,4.6,147
"498. Jáchyme, hod ho do stroje!",https://www.imdb.com/title/tt0071682/?ref_=sr_t_498,1974,1h 35m,,7.6,1.4K
499. The Last Samurai,https://www.imdb.com/title/tt0123129/?ref_=sr_t_499,1974,2h 39m,,7.5,409
500. Alien Thunder,https://www.imdb.com/title/tt0069688/?ref_=sr_t_500,1974,1h 33m,PG,4.6,393
