Title,Movie Link,Year,Duration,MPA,Rating,Votes
1. Toy Story 3,https://www.imdb.com/title/tt0435761/?ref_=sr_t_1,2010,1h 43m,G,8.3,918K
2. Alice in Wonderland,https://www.imdb.com/title/tt1014759/?ref_=sr_t_2,2010,1h 48m,PG,6.4,450K
3. Iron Man 2,https://www.imdb.com/title/tt1228705/?ref_=sr_t_3,2010,2h 4m,PG-13,6.9,890K
4. The Twilight Saga: Eclipse,https://www.imdb.com/title/tt1325004/?ref_=sr_t_4,2010,2h 4m,PG-13,5.1,267K
5. Harry Potter and the Deathly Hallows: Part 1,https://www.imdb.com/title/tt0926084/?ref_=sr_t_5,2010,2h 26m,PG-13,7.7,620K
6. Inception,https://www.imdb.com/title/tt1375666/?ref_=sr_t_6,2010,2h 28m,PG-13,8.8,2.6M
7. Despicable Me,https://www.imdb.com/title/tt1323594/?ref_=sr_t_7,2010,1h 35m,PG,7.6,601K
8. Shrek Forever After,https://www.imdb.com/title/tt0892791/?ref_=sr_t_8,2010,1h 33m,PG,6.3,231K
9. How to Train Your Dragon,https://www.imdb.com/title/tt0892769/?ref_=sr_t_9,2010,1h 38m,PG,8.1,827K
10. Tangled,https://www.imdb.com/title/tt0398286/?ref_=sr_t_10,2010,1h 40m,PG,7.7,511K
11. The Karate Kid,https://www.imdb.com/title/tt1155076/?ref_=sr_t_11,2010,2h 20m,PG,6.2,213K
12. Tron: Legacy,https://www.imdb.com/title/tt1104001/?ref_=sr_t_12,2010,2h 5m,PG,6.8,362K
13. True Grit,https://www.imdb.com/title/tt1403865/?ref_=sr_t_13,2010,1h 50m,PG-13,7.6,364K
14. Clash of the Titans,https://www.imdb.com/title/tt0800320/?ref_=sr_t_14,2010,1h 46m,PG-13,5.8,297K
15. Grown Ups,https://www.imdb.com/title/tt1375670/?ref_=sr_t_15,2010,1h 42m,PG-13,6.0,289K
16. Little Fockers,https://www.imdb.com/title/tt0970866/?ref_=sr_t_16,2010,1h 38m,PG-13,5.5,122K
17. Megamind,https://www.imdb.com/title/tt1001526/?ref_=sr_t_17,2010,1h 35m,PG,7.3,305K
18. The King's Speech,https://www.imdb.com/title/tt1504320/?ref_=sr_t_18,2010,1h 58m,R,8.0,717K
19. The Last Airbender,https://www.imdb.com/title/tt0938283/?ref_=sr_t_19,2010,1h 43m,PG,4.0,177K
20. Shutter Island,https://www.imdb.com/title/tt1130884/?ref_=sr_t_20,2010,2h 18m,R,8.2,1.5M
21. The Other Guys,https://www.imdb.com/title/tt1386588/?ref_=sr_t_21,2010,1h 47m,PG-13,6.7,295K
22. Salt,https://www.imdb.com/title/tt0944835/?ref_=sr_t_22,2010,1h 40m,PG-13,6.5,335K
23. Jackass 3D,https://www.imdb.com/title/tt1116184/?ref_=sr_t_23,2010,1h 34m,R,7.0,69K
24. Valentine's Day,https://www.imdb.com/title/tt0817230/?ref_=sr_t_24,2010,2h 5m,PG-13,5.7,127K
25. Black Swan,https://www.imdb.com/title/tt0947798/?ref_=sr_t_25,2010,1h 48m,R,8.0,847K
26. Robin Hood,https://www.imdb.com/title/tt0955308/?ref_=sr_t_26,2010,2h 20m,PG-13,6.6,288K
27. The Chronicles of Narnia: The Voyage of the Dawn Treader,https://www.imdb.com/title/tt0980970/?ref_=sr_t_27,2010,1h 53m,PG,6.3,170K
28. The Expendables,https://www.imdb.com/title/tt1320253/?ref_=sr_t_28,2010,1h 43m,R,6.4,370K
29. Due Date,https://www.imdb.com/title/tt1231583/?ref_=sr_t_29,2010,1h 35m,R,6.5,362K
30. Yogi Bear,https://www.imdb.com/title/tt1302067/?ref_=sr_t_30,2010,1h 20m,PG,4.6,24K
31. Date Night,https://www.imdb.com/title/tt1279935/?ref_=sr_t_31,2010,1h 28m,PG-13,6.3,175K
32. The Social Network,https://www.imdb.com/title/tt1285016/?ref_=sr_t_32,2010,2h,PG-13,7.8,778K
33. Sex and the City 2,https://www.imdb.com/title/tt1261945/?ref_=sr_t_33,2010,2h 26m,R,4.5,86K
34. The Book of Eli,https://www.imdb.com/title/tt1037705/?ref_=sr_t_34,2010,1h 58m,R,6.8,347K
35. The Fighter,https://www.imdb.com/title/tt0964517/?ref_=sr_t_35,2010,1h 56m,R,7.8,396K
36. The Town,https://www.imdb.com/title/tt0840361/?ref_=sr_t_36,2010,2h 5m,R,7.5,425K
37. Prince of Persia: The Sands of Time,https://www.imdb.com/title/tt0473075/?ref_=sr_t_37,2010,1h 56m,PG-13,6.5,309K
38. RED,https://www.imdb.com/title/tt1245526/?ref_=sr_t_38,2010,1h 51m,PG-13,7.0,330K
39. Percy Jackson & the Olympians: The Lightning Thief,https://www.imdb.com/title/tt0814255/?ref_=sr_t_39,2010,1h 58m,PG,5.9,207K
40. Paranormal Activity 2,https://www.imdb.com/title/tt1536044/?ref_=sr_t_40,2010,1h 31m,R,5.7,112K
41. Unstoppable,https://www.imdb.com/title/tt0477080/?ref_=sr_t_41,2010,1h 38m,PG-13,6.8,212K
42. Eat Pray Love,https://www.imdb.com/title/tt0879870/?ref_=sr_t_42,2010,2h 13m,PG-13,5.8,109K
43. Dear John,https://www.imdb.com/title/tt0989757/?ref_=sr_t_43,2010,1h 48m,PG-13,6.3,160K
44. The A-Team,https://www.imdb.com/title/tt0429493/?ref_=sr_t_44,2010,1h 57m,PG-13,6.7,272K
45. Knight and Day,https://www.imdb.com/title/tt1013743/?ref_=sr_t_45,2010,1h 49m,PG-13,6.3,214K
46. Dinner for Schmucks,https://www.imdb.com/title/tt0427152/?ref_=sr_t_46,2010,1h 54m,PG-13,5.9,113K
47. The Tourist,https://www.imdb.com/title/tt1243957/?ref_=sr_t_47,2010,1h 43m,PG-13,6.0,261K
48. The Bounty Hunter,https://www.imdb.com/title/tt1038919/?ref_=sr_t_48,2010,1h 50m,PG-13,5.5,136K
49. Diary of a Wimpy Kid,https://www.imdb.com/title/tt1196141/?ref_=sr_t_49,2010,1h 34m,PG,6.2,60K
50. The Sorcerer's Apprentice,https://www.imdb.com/title/tt0963966/?ref_=sr_t_50,2010,1h 49m,PG,6.1,172K
51. A Nightmare on Elm Street,https://www.imdb.com/title/tt1179056/?ref_=sr_t_51,2010,1h 35m,R,5.2,110K
52. The Last Song,https://www.imdb.com/title/tt1294226/?ref_=sr_t_52,2010,1h 47m,PG,6.0,94K
53. The Wolfman,https://www.imdb.com/title/tt0780653/?ref_=sr_t_53,2010,1h 43m,R,5.8,114K
54. Get Him to the Greek,https://www.imdb.com/title/tt1226229/?ref_=sr_t_54,2010,1h 49m,R,6.3,187K
55. Resident Evil: Afterlife,https://www.imdb.com/title/tt1220634/?ref_=sr_t_55,2010,1h 36m,R,5.8,182K
56. Why Did I Get Married Too?,https://www.imdb.com/title/tt1391137/?ref_=sr_t_56,2010,2h 1m,PG-13,4.7,10K
57. Tooth Fairy,https://www.imdb.com/title/tt0808510/?ref_=sr_t_57,2010,1h 41m,PG,5.0,51K
58. Secretariat,https://www.imdb.com/title/tt1028576/?ref_=sr_t_58,2010,2h 3m,PG,7.2,31K
59. Easy A,https://www.imdb.com/title/tt1282140/?ref_=sr_t_59,2010,1h 32m,PG-13,7.0,427K
60. Takers,https://www.imdb.com/title/tt1135084/?ref_=sr_t_60,2010,1h 47m,PG-13,6.2,67K
61. Legend of the Guardians: The Owls of Ga'Hoole,https://www.imdb.com/title/tt1219342/?ref_=sr_t_61,2010,1h 37m,PG,6.9,89K
62. Insidious,https://www.imdb.com/title/tt1591095/?ref_=sr_t_62,2010,1h 43m,PG-13,6.8,349K
63. Life as We Know It,https://www.imdb.com/title/tt1055292/?ref_=sr_t_63,2010,1h 54m,PG-13,6.5,141K
64. Letters to Juliet,https://www.imdb.com/title/tt0892318/?ref_=sr_t_64,2010,1h 45m,PG,6.5,109K
65. Hubble,https://www.imdb.com/title/tt1433813/?ref_=sr_t_65,2010,45m,G,7.6,4.6K
66. Wall Street: Money Never Sleeps,https://www.imdb.com/title/tt1027718/?ref_=sr_t_66,2010,2h 13m,PG-13,6.2,108K
67. Predators,https://www.imdb.com/title/tt1424381/?ref_=sr_t_67,2010,1h 47m,R,6.4,250K
68. Hot Tub Time Machine,https://www.imdb.com/title/tt1231587/?ref_=sr_t_68,2010,1h 39m,R,6.4,190K
69. Kick-Ass,https://www.imdb.com/title/tt1250777/?ref_=sr_t_69,2010,1h 57m,R,7.6,604K
70. Killers,https://www.imdb.com/title/tt1103153/?ref_=sr_t_70,2010,1h 40m,PG-13,5.5,97K
71. Saw 3D,https://www.imdb.com/title/tt1477076/?ref_=sr_t_71,2010,1h 30m,R,5.5,113K
72. Cop Out,https://www.imdb.com/title/tt1385867/?ref_=sr_t_72,2010,1h 47m,R,5.5,91K
73. Cats & Dogs: The Revenge of Kitty Galore,https://www.imdb.com/title/tt1287468/?ref_=sr_t_73,2010,1h 22m,PG,4.4,17K
74. Edge of Darkness,https://www.imdb.com/title/tt1226273/?ref_=sr_t_74,2010,1h 57m,R,6.6,101K
75. Gulliver's Travels,https://www.imdb.com/title/tt1320261/?ref_=sr_t_75,2010,1h 25m,PG,4.9,75K
76. Death at a Funeral,https://www.imdb.com/title/tt1321509/?ref_=sr_t_76,2010,1h 32m,R,5.7,55K
77. Step Up 3D,https://www.imdb.com/title/tt1193631/?ref_=sr_t_77,2010,1h 47m,PG-13,6.2,61K
78. The Last Exorcism,https://www.imdb.com/title/tt1320244/?ref_=sr_t_78,2010,1h 27m,PG-13,5.7,53K
79. Legion,https://www.imdb.com/title/tt1038686/?ref_=sr_t_79,2010,1h 40m,R,5.3,115K
80. Burlesque,https://www.imdb.com/title/tt1126591/?ref_=sr_t_80,2010,1h 59m,PG-13,6.4,95K
81. The Crazies,https://www.imdb.com/title/tt0455407/?ref_=sr_t_81,2010,1h 41m,R,6.5,132K
82. For Colored Girls,https://www.imdb.com/title/tt1405500/?ref_=sr_t_82,2010,2h 13m,R,6.2,8.3K
83. The Back-up Plan,https://www.imdb.com/title/tt1212436/?ref_=sr_t_83,2010,1h 44m,PG-13,5.3,53K
84. Vampires Suck,https://www.imdb.com/title/tt1666186/?ref_=sr_t_84,2010,1h 22m,PG-13,3.4,53K
85. The American,https://www.imdb.com/title/tt1440728/?ref_=sr_t_85,2010,1h 45m,R,6.3,104K
86. Green Zone,https://www.imdb.com/title/tt0947810/?ref_=sr_t_86,2010,1h 55m,R,6.8,144K
87. Marmaduke,https://www.imdb.com/title/tt1392197/?ref_=sr_t_87,2010,1h 27m,PG,4.3,18K
88. Devil,https://www.imdb.com/title/tt1314655/?ref_=sr_t_88,2010,1h 20m,PG-13,6.3,161K
89. Scott Pilgrim vs. the World,https://www.imdb.com/title/tt0446029/?ref_=sr_t_89,2010,1h 52m,PG-13,7.6,476K
90. Hereafter,https://www.imdb.com/title/tt1212419/?ref_=sr_t_90,2010,2h 9m,PG-13,6.5,97K
91. When in Rome,https://www.imdb.com/title/tt1185416/?ref_=sr_t_91,2010,1h 31m,PG-13,5.5,65K
92. Love & Other Drugs,https://www.imdb.com/title/tt0758752/?ref_=sr_t_92,2010,1h 52m,R,6.7,232K
93. She's Out of My League,https://www.imdb.com/title/tt0815236/?ref_=sr_t_93,2010,1h 44m,R,6.4,148K
94. The Debt,https://www.imdb.com/title/tt1226753/?ref_=sr_t_94,2010,1h 53m,R,6.8,73K
95. Charlie St. Cloud,https://www.imdb.com/title/tt1438254/?ref_=sr_t_95,2010,1h 39m,PG-13,6.4,65K
96. Morning Glory,https://www.imdb.com/title/tt1126618/?ref_=sr_t_96,2010,1h 47m,PG-13,6.5,85K
97. How Do You Know,https://www.imdb.com/title/tt1341188/?ref_=sr_t_97,2010,2h 1m,PG-13,5.4,56K
98. Nanny McPhee Returns,https://www.imdb.com/title/tt1415283/?ref_=sr_t_98,2010,1h 49m,PG,6.1,38K
99. The Switch,https://www.imdb.com/title/tt0889573/?ref_=sr_t_99,2010,1h 41m,PG-13,6.1,114K
100. Machete,https://www.imdb.com/title/tt0985694/?ref_=sr_t_100,2010,1h 45m,R,6.6,206K
101. Ramona and Beezus,https://www.imdb.com/title/tt0493949/?ref_=sr_t_101,2010,1h 43m,G,6.5,21K
102. Leap Year,https://www.imdb.com/title/tt1216492/?ref_=sr_t_102,2010,1h 40m,PG,6.4,112K
103. You Again,https://www.imdb.com/title/tt1414382/?ref_=sr_t_103,2010,1h 45m,PG,5.7,55K
104. Alpha and Omega,https://www.imdb.com/title/tt1213012/?ref_=sr_t_104,2010,1h 30m,PG,5.1,16K
105. Piranha 3D,https://www.imdb.com/title/tt0464154/?ref_=sr_t_105,2010,1h 28m,R,5.5,99K
106. Lottery Ticket,https://www.imdb.com/title/tt0979434/?ref_=sr_t_106,2010,1h 39m,PG-13,5.1,12K
107. The Spy Next Door,https://www.imdb.com/title/tt1273678/?ref_=sr_t_107,2010,1h 34m,PG,5.5,48K
108. From Paris with Love,https://www.imdb.com/title/tt1179034/?ref_=sr_t_108,2010,1h 32m,R,6.4,123K
109. Don't Be Afraid of the Dark,https://www.imdb.com/title/tt1270761/?ref_=sr_t_109,2010,1h 39m,R,5.5,51K
110. The Losers,https://www.imdb.com/title/tt0480255/?ref_=sr_t_110,2010,1h 37m,PG-13,6.2,109K
111. Faster,https://www.imdb.com/title/tt1433108/?ref_=sr_t_111,2010,1h 38m,R,6.4,114K
112. Just Wright,https://www.imdb.com/title/tt1407061/?ref_=sr_t_112,2010,1h 40m,PG,5.9,16K
113. Skyline,https://www.imdb.com/title/tt1564585/?ref_=sr_t_113,2010,1h 32m,PG-13,4.5,93K
114. The Next Three Days,https://www.imdb.com/title/tt1458175/?ref_=sr_t_114,2010,2h 13m,PG-13,7.3,210K
115. The Kids Are All Right,https://www.imdb.com/title/tt0842926/?ref_=sr_t_115,2010,1h 46m,R,7.0,136K
116. Our Family Wedding,https://www.imdb.com/title/tt1305583/?ref_=sr_t_116,2010,1h 43m,PG-13,5.1,7.6K
117. Country Strong,https://www.imdb.com/title/tt1555064/?ref_=sr_t_117,2010,1h 57m,PG-13,6.3,19K
118. The Secret World of Arrietty,https://www.imdb.com/title/tt1568921/?ref_=sr_t_118,2010,1h 34m,G,7.6,109K
119. Remember Me,https://www.imdb.com/title/tt1403981/?ref_=sr_t_119,2010,1h 53m,PG-13,7.1,158K
120. 127 Hours,https://www.imdb.com/title/tt1542344/?ref_=sr_t_120,2010,1h 34m,R,7.5,409K
121. Going the Distance,https://www.imdb.com/title/tt1322312/?ref_=sr_t_121,2010,1h 42m,R,6.3,60K
122. Furry Vengeance,https://www.imdb.com/title/tt0492389/?ref_=sr_t_122,2010,1h 32m,PG,3.9,19K
123. The Ghost Writer,https://www.imdb.com/title/tt1139328/?ref_=sr_t_123,2010,2h 8m,PG-13,7.2,173K
124. African Cats,https://www.imdb.com/title/tt1223236/?ref_=sr_t_124,2010,1h 29m,G,7.5,6.8K
125. My Soul to Take,https://www.imdb.com/title/tt0872230/?ref_=sr_t_125,2010,1h 47m,R,4.8,22K
126. Repo Men,https://www.imdb.com/title/tt1053424/?ref_=sr_t_126,2010,1h 51m,R,6.3,112K
127. Let Me In,https://www.imdb.com/title/tt1228987/?ref_=sr_t_127,2010,1h 56m,R,7.1,130K
128. Extraordinary Measures,https://www.imdb.com/title/tt1244659/?ref_=sr_t_128,2010,1h 46m,PG,6.4,18K
129. The Conspirator,https://www.imdb.com/title/tt0968264/?ref_=sr_t_129,2010,2h 2m,PG-13,6.9,30K
130. Jonah Hex,https://www.imdb.com/title/tt1075747/?ref_=sr_t_130,2010,1h 21m,PG-13,4.7,63K
131. Blue Valentine,https://www.imdb.com/title/tt1120985/?ref_=sr_t_131,2010,1h 52m,R,7.3,216K
132. Fair Game,https://www.imdb.com/title/tt0977855/?ref_=sr_t_132,2010,1h 48m,PG-13,6.8,52K
133. MacGruber,https://www.imdb.com/title/tt1470023/?ref_=sr_t_133,2010,1h 30m,R,5.6,48K
134. Sarah's Key,https://www.imdb.com/title/tt1668200/?ref_=sr_t_134,2010,1h 51m,PG-13,7.5,18K
135. Cyrus,https://www.imdb.com/title/tt1336617/?ref_=sr_t_135,2010,1h 31m,R,6.3,37K
136. Babies,https://www.imdb.com/title/tt1020938/?ref_=sr_t_136,2010,1h 19m,PG,7.0,7.5K
137. Conviction,https://www.imdb.com/title/tt1244754/?ref_=sr_t_137,2010,1h 47m,R,7.2,47K
138. Winter's Bone,https://www.imdb.com/title/tt1399683/?ref_=sr_t_138,2010,1h 40m,R,7.1,153K
139. Waiting for Superman,https://www.imdb.com/title/tt1566648/?ref_=sr_t_139,2010,1h 51m,PG,7.4,12K
140. It's Kind of a Funny Story,https://www.imdb.com/title/tt0804497/?ref_=sr_t_140,2010,1h 41m,PG-13,7.1,150K
141. Beginners,https://www.imdb.com/title/tt1532503/?ref_=sr_t_141,2010,1h 45m,R,7.2,96K
142. The Warrior's Way,https://www.imdb.com/title/tt1032751/?ref_=sr_t_142,2010,1h 40m,R,6.2,28K
143. Cave of Forgotten Dreams,https://www.imdb.com/title/tt1664894/?ref_=sr_t_143,2010,1h 30m,G,7.4,18K
144. Biutiful,https://www.imdb.com/title/tt1164999/?ref_=sr_t_144,2010,2h 28m,R,7.4,96K
145. The Way,https://www.imdb.com/title/tt1441912/?ref_=sr_t_145,2010,2h 3m,PG-13,7.3,36K
146. The Company Men,https://www.imdb.com/title/tt1172991/?ref_=sr_t_146,2010,1h 44m,R,6.7,49K
147. Barney's Version,https://www.imdb.com/title/tt1423894/?ref_=sr_t_147,2010,2h 14m,R,7.3,27K
148. Inside Job,https://www.imdb.com/title/tt1645089/?ref_=sr_t_148,2010,1h 49m,PG-13,8.2,80K
149. Greenberg,https://www.imdb.com/title/tt1234654/?ref_=sr_t_149,2010,1h 47m,R,6.1,40K
150. Please Give,https://www.imdb.com/title/tt0878835/?ref_=sr_t_150,2010,1h 27m,R,6.6,12K
151. My Name Is Khan,https://www.imdb.com/title/tt1188996/?ref_=sr_t_151,2010,2h 45m,PG-13,7.9,119K
152. Of Gods and Men,https://www.imdb.com/title/tt1588337/?ref_=sr_t_152,2010,2h 2m,PG-13,7.2,16K
153. The Runaways,https://www.imdb.com/title/tt1017451/?ref_=sr_t_153,2010,1h 46m,R,6.5,52K
154. Exit Through the Gift Shop,https://www.imdb.com/title/tt1587707/?ref_=sr_t_154,2010,1h 27m,R,7.9,70K
155. You Will Meet a Tall Dark Stranger,https://www.imdb.com/title/tt1182350/?ref_=sr_t_155,2010,1h 38m,R,6.3,48K
156. Catfish,https://www.imdb.com/title/tt1584016/?ref_=sr_t_156,2010,1h 27m,PG-13,7.1,44K
157. Another Year,https://www.imdb.com/title/tt1431181/?ref_=sr_t_157,2010,2h 9m,PG-13,7.4,31K
158. Joan Rivers: A Piece of Work,https://www.imdb.com/title/tt1568150/?ref_=sr_t_158,2010,1h 24m,R,7.3,3.9K
159. Letters to God,https://www.imdb.com/title/tt1462054/?ref_=sr_t_159,2010,1h 50m,PG,6.2,5.4K
160. Everything Must Go,https://www.imdb.com/title/tt1531663/?ref_=sr_t_160,2010,1h 37m,R,6.4,54K
161. The Way Back,https://www.imdb.com/title/tt1023114/?ref_=sr_t_161,2010,2h 13m,PG-13,7.3,124K
162. N-Secure,https://www.imdb.com/title/tt1289419/?ref_=sr_t_162,2010,1h 45m,R,3.7,688
163. Never Let Me Go,https://www.imdb.com/title/tt1334260/?ref_=sr_t_163,2010,1h 43m,R,7.1,156K
164. The Grace Card,https://www.imdb.com/title/tt1544600/?ref_=sr_t_164,2010,1h 41m,PG-13,6.2,3.3K
165. The Illusionist,https://www.imdb.com/title/tt0775489/?ref_=sr_t_165,2010,1h 20m,PG,7.4,37K
166. Rabbit Hole,https://www.imdb.com/title/tt0935075/?ref_=sr_t_166,2010,1h 31m,PG-13,7.0,52K
167. Incendies,https://www.imdb.com/title/tt1255953/?ref_=sr_t_167,2010,2h 11m,R,8.3,218K
168. The Trip,https://www.imdb.com/title/tt1740047/?ref_=sr_t_168,2010,1h 52m,Not Rated,7.0,24K
169. Stone,https://www.imdb.com/title/tt1423995/?ref_=sr_t_169,2010,1h 45m,R,5.4,43K
170. Somewhere,https://www.imdb.com/title/tt1421051/?ref_=sr_t_170,2010,1h 37m,R,6.3,47K
171. Flipped,https://www.imdb.com/title/tt0817177/?ref_=sr_t_171,2010,1h 30m,PG,7.7,100K
172. Kites,https://www.imdb.com/title/tt1198101/?ref_=sr_t_172,2010,2h 3m,Not Rated,6.0,14K
173. Potiche,https://www.imdb.com/title/tt1521848/?ref_=sr_t_173,2010,1h 43m,R,6.4,11K
174. Senna,https://www.imdb.com/title/tt1424432/?ref_=sr_t_174,2010,1h 46m,PG-13,8.5,79K
175. I Am,https://www.imdb.com/title/tt1741225/?ref_=sr_t_175,2010,1h 18m,Not Rated,7.5,3.9K
176. Raajneeti,https://www.imdb.com/title/tt1291465/?ref_=sr_t_176,2010,2h 43m,Not Rated,7.1,19K
177. Bill Cunningham: New York,https://www.imdb.com/title/tt1621444/?ref_=sr_t_177,2010,1h 24m,Not Rated,7.9,5.7K
178. Certified Copy,https://www.imdb.com/title/tt1020773/?ref_=sr_t_178,2010,1h 46m,Not Rated,7.2,28K
"179. It's Not You, It's Me",https://www.imdb.com/title/tt1421046/?ref_=sr_t_179,2010,1h 41m,PG-13,5.7,1.1K
180. Restrepo,https://www.imdb.com/title/tt1559549/?ref_=sr_t_180,2010,1h 33m,R,7.4,25K
181. Dabangg,https://www.imdb.com/title/tt1620719/?ref_=sr_t_181,2010,2h 6m,Not Rated,6.2,35K
182. Dylan Dog: Dead of Night,https://www.imdb.com/title/tt1013860/?ref_=sr_t_182,2010,1h 47m,PG-13,5.1,16K
183. Housefull,https://www.imdb.com/title/tt1573072/?ref_=sr_t_183,2010,2h 24m,Not Rated,5.6,17K
184. Golmaal 3,https://www.imdb.com/title/tt1562859/?ref_=sr_t_184,2010,2h 35m,Not Rated,5.6,10K
185. The Whistleblower,https://www.imdb.com/title/tt0896872/?ref_=sr_t_185,2010,1h 52m,R,7.1,36K
186. Made in Dagenham,https://www.imdb.com/title/tt1371155/?ref_=sr_t_186,2010,1h 53m,R,7.1,16K
187. Tees Maar Khan,https://www.imdb.com/title/tt1572311/?ref_=sr_t_187,2010,2h 15m,Not Rated,2.8,15K
188. Buried,https://www.imdb.com/title/tt1462758/?ref_=sr_t_188,2010,1h 35m,R,7.0,172K
189. Animal Kingdom,https://www.imdb.com/title/tt1313092/?ref_=sr_t_189,2010,1h 53m,R,7.2,62K
190. Casino Jack,https://www.imdb.com/title/tt1194417/?ref_=sr_t_190,2010,1h 48m,R,6.2,18K
191. The Oscar Nominated Short Films 2010: Live Action,https://www.imdb.com/title/tt2504610/?ref_=sr_t_191,2010,1h 37m,,7.1,11
192. Guzaarish,https://www.imdb.com/title/tt1438298/?ref_=sr_t_192,2010,2h 6m,,7.4,20K
193. In a Better World,https://www.imdb.com/title/tt1340107/?ref_=sr_t_193,2010,1h 58m,R,7.6,42K
194. Meek's Cutoff,https://www.imdb.com/title/tt1518812/?ref_=sr_t_194,2010,1h 44m,PG,6.5,16K
195. The Wildest Dream,https://www.imdb.com/title/tt1509276/?ref_=sr_t_195,2010,1h 34m,PG,7.2,2.8K
196. Anjaana Anjaani,https://www.imdb.com/title/tt1499201/?ref_=sr_t_196,2010,2h 31m,Not Rated,5.7,7.6K
197. I Hate Luv Storys,https://www.imdb.com/title/tt1667838/?ref_=sr_t_197,2010,2h 9m,Not Rated,5.7,8.9K
198. What If...,https://www.imdb.com/title/tt1468387/?ref_=sr_t_198,2010,1h 51m,PG,6.3,3.2K
199. 13 Assassins,https://www.imdb.com/title/tt1436045/?ref_=sr_t_199,2010,2h 21m,R,7.5,70K
200. The Tillman Story,https://www.imdb.com/title/tt1568334/?ref_=sr_t_200,2010,1h 34m,R,7.7,5.5K
201. Peepli [Live],https://www.imdb.com/title/tt1447508/?ref_=sr_t_201,2010,1h 35m,Not Rated,7.4,13K
202. The Women on the 6th Floor,https://www.imdb.com/title/tt1805297/?ref_=sr_t_202,2010,1h 42m,Not Rated,7.1,11K
203. Raavan,https://www.imdb.com/title/tt1334470/?ref_=sr_t_203,2010,2h 10m,Not Rated,5.4,4.9K
204. Point Blank,https://www.imdb.com/title/tt1545759/?ref_=sr_t_204,2010,1h 24m,R,6.8,15K
205. Mozart's Sister,https://www.imdb.com/title/tt1653911/?ref_=sr_t_205,2010,2h,Not Rated,6.4,1.6K
206. Frankie & Alice,https://www.imdb.com/title/tt1221208/?ref_=sr_t_206,2010,1h 41m,R,6.4,5.9K
207. Tabloid,https://www.imdb.com/title/tt1704619/?ref_=sr_t_207,2010,1h 27m,R,7.0,7.4K
208. My Afternoons with Margueritte,https://www.imdb.com/title/tt1455151/?ref_=sr_t_208,2010,1h 22m,Not Rated,7.2,7.7K
209. We Are Family,https://www.imdb.com/title/tt1428459/?ref_=sr_t_209,2010,1h 55m,Not Rated,5.7,3.5K
210. The Virginity Hit,https://www.imdb.com/title/tt1695994/?ref_=sr_t_210,2010,1h 26m,R,4.5,4K
211. Howl,https://www.imdb.com/title/tt1049402/?ref_=sr_t_211,2010,1h 24m,R,6.6,14K
212. All Good Things,https://www.imdb.com/title/tt1175709/?ref_=sr_t_212,2010,1h 41m,R,6.3,62K
213. Mumbai Diaries,https://www.imdb.com/title/tt1433810/?ref_=sr_t_213,2010,1h 40m,Not Rated,7.0,14K
214. Tamara Drewe,https://www.imdb.com/title/tt1486190/?ref_=sr_t_214,2010,1h 47m,R,6.2,23K
215. Jack Goes Boating,https://www.imdb.com/title/tt1278379/?ref_=sr_t_215,2010,1h 29m,R,6.3,8.9K
216. Khatta Meetha,https://www.imdb.com/title/tt1455811/?ref_=sr_t_216,2010,2h 37m,Not Rated,6.0,13K
217. Love Crime,https://www.imdb.com/title/tt1459012/?ref_=sr_t_217,2010,1h 46m,Not Rated,6.5,5.7K
218. Standing Ovation,https://www.imdb.com/title/tt1303803/?ref_=sr_t_218,2010,1h 45m,PG,3.0,886
219. The Man from Nowhere,https://www.imdb.com/title/tt1527788/?ref_=sr_t_219,2010,1h 59m,R,7.7,77K
220. Veer,https://www.imdb.com/title/tt1185412/?ref_=sr_t_220,2010,2h 49m,Not Rated,4.6,9K
221. Even the Rain,https://www.imdb.com/title/tt1422032/?ref_=sr_t_221,2010,1h 43m,Not Rated,7.4,14K
222. Preacher's Kid,https://www.imdb.com/title/tt1328913/?ref_=sr_t_222,2010,1h 50m,PG-13,5.0,901
223. The Names of Love,https://www.imdb.com/title/tt1646974/?ref_=sr_t_223,2010,1h 40m,R,7.1,8.3K
224. Heartbreaker,https://www.imdb.com/title/tt1465487/?ref_=sr_t_224,2010,1h 45m,Not Rated,6.7,28K
225. Submarine,https://www.imdb.com/title/tt1440292/?ref_=sr_t_225,2010,1h 37m,R,7.3,98K
226. Detective Dee: The Mystery of the Phantom Flame,https://www.imdb.com/title/tt1123373/?ref_=sr_t_226,2010,1h 59m,PG-13,6.6,12K
227. The Extra Man,https://www.imdb.com/title/tt1361313/?ref_=sr_t_227,2010,1h 48m,R,5.8,5.5K
228. I Want Your Money,https://www.imdb.com/title/tt1560957/?ref_=sr_t_228,2010,1h 32m,PG,4.5,1.3K
229. Break Ke Baad,https://www.imdb.com/title/tt1578261/?ref_=sr_t_229,2010,1h 58m,TV-14,5.2,4.7K
230. If You Are the One 2,https://www.imdb.com/title/tt1810602/?ref_=sr_t_230,2010,2h,Not Rated,5.9,1.7K
231. I'm Still Here,https://www.imdb.com/title/tt1356864/?ref_=sr_t_231,2010,1h 48m,R,6.2,24K
232. The 5th Quarter,https://www.imdb.com/title/tt1130964/?ref_=sr_t_232,2010,1h 41m,PG-13,5.6,1.7K
233. Tiny Furniture,https://www.imdb.com/title/tt1570989/?ref_=sr_t_233,2010,1h 38m,Not Rated,6.2,15K
234. Hesher,https://www.imdb.com/title/tt1403177/?ref_=sr_t_234,2010,1h 46m,R,6.9,55K
235. Miral,https://www.imdb.com/title/tt1366409/?ref_=sr_t_235,2010,1h 52m,R,6.2,3.6K
236. Mooz-Lum,https://www.imdb.com/title/tt1450328/?ref_=sr_t_236,2010,1h 39m,PG-13,6.6,1.1K
237. Poetry,https://www.imdb.com/title/tt1287878/?ref_=sr_t_237,2010,2h 19m,TV-PG,7.8,14K
238. The Princess of Montpensier,https://www.imdb.com/title/tt1599975/?ref_=sr_t_238,2010,2h 19m,Not Rated,6.5,4.4K
239. Happy People: A Year in the Taiga,https://www.imdb.com/title/tt1683876/?ref_=sr_t_239,2010,1h 30m,Not Rated,7.7,9.1K
240. The First Grader,https://www.imdb.com/title/tt0790663/?ref_=sr_t_240,2010,1h 43m,PG-13,7.4,4.9K
241. Super,https://www.imdb.com/title/tt1512235/?ref_=sr_t_241,2010,1h 36m,R,6.7,85K
242. A Film Unfinished,https://www.imdb.com/title/tt1568923/?ref_=sr_t_242,2010,1h 28m,R,7.4,1.9K
243. L'amour fou,https://www.imdb.com/title/tt1606382/?ref_=sr_t_243,2010,1h 38m,Not Rated,6.7,1.1K
244. A Cat in Paris,https://www.imdb.com/title/tt1673702/?ref_=sr_t_244,2010,1h 10m,PG,6.9,12K
245. Four Lions,https://www.imdb.com/title/tt1341167/?ref_=sr_t_245,2010,1h 37m,R,7.3,87K
246. Holy Rollers,https://www.imdb.com/title/tt1143896/?ref_=sr_t_246,2010,1h 29m,R,5.9,5.3K
247. Karthik Calling Karthik,https://www.imdb.com/title/tt1373156/?ref_=sr_t_247,2010,2h 15m,Not Rated,7.1,14K
248. No Problem,https://www.imdb.com/title/tt1431122/?ref_=sr_t_248,2010,2h 19m,Not Rated,4.5,3.1K
249. The Tempest,https://www.imdb.com/title/tt1274300/?ref_=sr_t_249,2010,1h 50m,PG-13,5.3,8.3K
250. Countdown to Zero,https://www.imdb.com/title/tt1572769/?ref_=sr_t_250,2010,1h 31m,PG,6.9,2.3K
251. Phil Ochs: There But for Fortune,https://www.imdb.com/title/tt1597089/?ref_=sr_t_251,2010,1h 36m,Unrated,7.8,424
252. Jean-Michel Basquiat: The Radiant Child,https://www.imdb.com/title/tt1568335/?ref_=sr_t_252,2010,1h 28m,Not Rated,7.7,2.5K
253. Boy,https://www.imdb.com/title/tt1560139/?ref_=sr_t_253,2010,1h 27m,Not Rated,7.5,30K
254. Passione,https://www.imdb.com/title/tt1407085/?ref_=sr_t_254,2010,1h 30m,Unrated,6.9,541
255. Troll Hunter,https://www.imdb.com/title/tt1740707/?ref_=sr_t_255,2010,1h 43m,PG-13,6.9,81K
256. Frozen,https://www.imdb.com/title/tt1323045/?ref_=sr_t_256,2010,1h 33m,R,6.2,83K
257. My Perestroika,https://www.imdb.com/title/tt1557720/?ref_=sr_t_257,2010,1h 28m,Not Rated,7.2,698
258. Monsters,https://www.imdb.com/title/tt1470827/?ref_=sr_t_258,2010,1h 34m,R,6.3,99K
259. El Bulli: Cooking in Progress,https://www.imdb.com/title/tt1696535/?ref_=sr_t_259,2010,1h 48m,Unrated,6.3,1.2K
260. Rare Exports,https://www.imdb.com/title/tt1401143/?ref_=sr_t_260,2010,1h 24m,R,6.6,34K
261. Gainsbourg: A Heroic Life,https://www.imdb.com/title/tt1329457/?ref_=sr_t_261,2010,2h 15m,Not Rated,6.9,10K
262. Brighton Rock,https://www.imdb.com/title/tt1233192/?ref_=sr_t_262,2010,1h 51m,R,5.7,6.8K
263. Tucker and Dale vs Evil,https://www.imdb.com/title/tt1465522/?ref_=sr_t_263,2010,1h 29m,R,7.5,199K
264. The Killer Inside Me,https://www.imdb.com/title/tt0954947/?ref_=sr_t_264,2010,1h 49m,R,6.1,36K
265. Happythankyoumoreplease,https://www.imdb.com/title/tt1481572/?ref_=sr_t_265,2010,1h 40m,R,6.7,31K
266. Little White Lies,https://www.imdb.com/title/tt1440232/?ref_=sr_t_266,2010,2h 34m,Not Rated,7.1,27K
267. Easy Money,https://www.imdb.com/title/tt1291652/?ref_=sr_t_267,2010,2h 4m,R,6.7,20K
268. Ip Man 2,https://www.imdb.com/title/tt1386932/?ref_=sr_t_268,2010,1h 48m,R,7.5,113K
269. Legendary,https://www.imdb.com/title/tt1563704/?ref_=sr_t_269,2010,1h 47m,PG-13,6.1,5.5K
270. The Nutcracker: The Untold Story,https://www.imdb.com/title/tt1041804/?ref_=sr_t_270,2010,1h 50m,PG,4.1,4.3K
271. Client 9,https://www.imdb.com/title/tt1638362/?ref_=sr_t_271,2010,1h 57m,R,7.3,2.6K
272. Nick Saban: Gamechanger,https://www.imdb.com/title/tt1731764/?ref_=sr_t_272,2010,1h 28m,,7.7,37
273. Waste Land,https://www.imdb.com/title/tt1268204/?ref_=sr_t_273,2010,1h 39m,Not Rated,7.8,9.4K
274. Amigo,https://www.imdb.com/title/tt1562847/?ref_=sr_t_274,2010,2h 4m,R,6.3,685
275. Uncle Boonmee Who Can Recall His Past Lives,https://www.imdb.com/title/tt1588895/?ref_=sr_t_275,2010,1h 54m,Not Rated,6.7,18K
276. Twelve,https://www.imdb.com/title/tt1407084/?ref_=sr_t_276,2010,1h 33m,R,5.6,13K
277. Casino Jack and the United States of Money,https://www.imdb.com/title/tt1540814/?ref_=sr_t_277,2010,1h 58m,R,7.1,1.8K
278. 71: Into the Fire,https://www.imdb.com/title/tt1587729/?ref_=sr_t_278,2010,2h,,7.2,5.9K
279. Chance Pe Dance,https://www.imdb.com/title/tt1392744/?ref_=sr_t_279,2010,2h 2m,,4.8,3.2K
280. Fool for Love,https://www.imdb.com/title/tt1630038/?ref_=sr_t_280,2010,1h 35m,PG-13,6.6,455
281. The Last Godfather,https://www.imdb.com/title/tt1584131/?ref_=sr_t_281,2010,1h 40m,PG-13,3.5,1.3K
282. Nostalgia for the Light,https://www.imdb.com/title/tt1556190/?ref_=sr_t_282,2010,1h 30m,Not Rated,7.6,6.3K
283. Young Goethe in Love,https://www.imdb.com/title/tt1440180/?ref_=sr_t_283,2010,1h 42m,Not Rated,6.6,3.1K
284. Welcome to the Rileys,https://www.imdb.com/title/tt1183923/?ref_=sr_t_284,2010,1h 50m,R,6.9,25K
285. The Big Picture,https://www.imdb.com/title/tt1533818/?ref_=sr_t_285,2010,1h 54m,Not Rated,6.6,3.8K
286. The Housemaid,https://www.imdb.com/title/tt1314652/?ref_=sr_t_286,2010,1h 47m,Not Rated,6.4,13K
287. Chasing Madoff,https://www.imdb.com/title/tt1636849/?ref_=sr_t_287,2010,1h 31m,Unrated,6.2,1.2K
288. Le Quattro Volte,https://www.imdb.com/title/tt1646975/?ref_=sr_t_288,2010,1h 28m,Not Rated,7.2,4.3K
289. Deadly Renovations,https://www.imdb.com/title/tt1558256/?ref_=sr_t_289,2010,1h 25m,Not Rated,2.8,241
290. Thunder Soul,https://www.imdb.com/title/tt1611180/?ref_=sr_t_290,2010,1h 23m,PG,7.6,548
291. Oranges and Sunshine,https://www.imdb.com/title/tt1438216/?ref_=sr_t_291,2010,1h 45m,R,7.1,6K
292. Cold Weather,https://www.imdb.com/title/tt1497874/?ref_=sr_t_292,2010,1h 36m,Not Rated,6.1,2.4K
293. The Weathered Underground,https://www.imdb.com/title/tt1464590/?ref_=sr_t_293,2010,5h 10m,,6.0,67
294. High School,https://www.imdb.com/title/tt1247667/?ref_=sr_t_294,2010,1h 39m,R,5.7,8K
295. Chain Letter,https://www.imdb.com/title/tt1148200/?ref_=sr_t_295,2010,1h 36m,R,4.1,5.8K
296. Love Ranch,https://www.imdb.com/title/tt1125929/?ref_=sr_t_296,2010,1h 57m,R,5.6,3.4K
297. I Will Follow,https://www.imdb.com/title/tt1624426/?ref_=sr_t_297,2010,1h 20m,Not Rated,6.2,940
"298. Life, Above All",https://www.imdb.com/title/tt1646111/?ref_=sr_t_298,2010,1h 40m,PG-13,7.1,1.5K
299. Pure Country 2: The Gift,https://www.imdb.com/title/tt1549571/?ref_=sr_t_299,2010,1h 52m,PG,5.1,933
300. I Saw the Devil,https://www.imdb.com/title/tt1588170/?ref_=sr_t_300,2010,2h 24m,Not Rated,7.8,152K
301. Stonewall Uprising,https://www.imdb.com/title/tt1562450/?ref_=sr_t_301,2010,1h 20m,Unrated,7.3,639
302. Centurion,https://www.imdb.com/title/tt1020558/?ref_=sr_t_302,2010,1h 37m,R,6.3,88K
303. Trust,https://www.imdb.com/title/tt1529572/?ref_=sr_t_303,2010,1h 46m,R,6.9,45K
304. Kaboom,https://www.imdb.com/title/tt1523483/?ref_=sr_t_304,2010,1h 26m,Not Rated,5.7,14K
305. Blank City,https://www.imdb.com/title/tt1398949/?ref_=sr_t_305,2010,1h 34m,Unrated,7.1,850
306. Ain't in It for My Health: A Film About Levon Helm,https://www.imdb.com/title/tt1362518/?ref_=sr_t_306,2010,1h 23m,Unrated,7.1,554
307. Marwencol,https://www.imdb.com/title/tt1391092/?ref_=sr_t_307,2010,1h 23m,Not Rated,7.5,3.7K
308. The Trouble with Terkel,https://www.imdb.com/title/tt1560987/?ref_=sr_t_308,2010,1h 27m,R,7.2,430
309. Blood Done Sign My Name,https://www.imdb.com/title/tt1210039/?ref_=sr_t_309,2010,2h 8m,PG-13,6.5,656
310. Wild Target,https://www.imdb.com/title/tt1235189/?ref_=sr_t_310,2010,1h 38m,PG-13,6.7,41K
311. The Romantics,https://www.imdb.com/title/tt1403988/?ref_=sr_t_311,2010,1h 35m,PG-13,5.0,13K
312. Henry's Crime,https://www.imdb.com/title/tt1220888/?ref_=sr_t_312,2010,1h 48m,R,5.9,22K
313. Freakonomics,https://www.imdb.com/title/tt1152822/?ref_=sr_t_313,2010,1h 25m,PG-13,6.3,7.8K
314. Feed the Fish,https://www.imdb.com/title/tt1354687/?ref_=sr_t_314,2010,1h 32m,Not Rated,6.0,476
315. Rubber,https://www.imdb.com/title/tt1612774/?ref_=sr_t_315,2010,1h 22m,R,5.7,41K
316. 8: The Mormon Proposition,https://www.imdb.com/title/tt1484522/?ref_=sr_t_316,2010,1h 20m,R,7.1,1.3K
317. Rejoice and Shout,https://www.imdb.com/title/tt1600435/?ref_=sr_t_317,2010,1h 55m,PG,6.4,154
318. The Silence,https://www.imdb.com/title/tt1361835/?ref_=sr_t_318,2010,1h 58m,Not Rated,6.9,8.5K
319. Bhutto,https://www.imdb.com/title/tt1524095/?ref_=sr_t_319,2010,1h 51m,Unrated,7.6,728
320. Elite Squad 2: The Enemy Within,https://www.imdb.com/title/tt1555149/?ref_=sr_t_320,2010,1h 55m,Not Rated,8.0,88K
321. Last Night,https://www.imdb.com/title/tt1294688/?ref_=sr_t_321,2010,1h 33m,R,6.5,51K
322. Outside the Law,https://www.imdb.com/title/tt1229381/?ref_=sr_t_322,2010,2h 18m,R,6.6,4.2K
323. A Little Help,https://www.imdb.com/title/tt1319722/?ref_=sr_t_323,2010,1h 49m,R,5.6,3.6K
324. I Spit on Your Grave,https://www.imdb.com/title/tt1242432/?ref_=sr_t_324,2010,1h 48m,R,6.2,96K
325. Crazy on the Outside,https://www.imdb.com/title/tt1196134/?ref_=sr_t_325,2010,1h 36m,PG-13,5.5,7.2K
326. Exporting Raymond,https://www.imdb.com/title/tt1356763/?ref_=sr_t_326,2010,1h 26m,PG,6.8,2K
327. Vidal Sassoon: The Movie,https://www.imdb.com/title/tt1649433/?ref_=sr_t_327,2010,1h 30m,PG,6.5,269
328. Carancho,https://www.imdb.com/title/tt1542852/?ref_=sr_t_328,2010,1h 47m,Unrated,6.8,9K
329. The Robber,https://www.imdb.com/title/tt1339161/?ref_=sr_t_329,2010,1h 41m,Not Rated,6.7,4.7K
330. Circo,https://www.imdb.com/title/tt1541666/?ref_=sr_t_330,2010,1h 15m,Unrated,7.0,279
331. Beautiful Boy,https://www.imdb.com/title/tt1533013/?ref_=sr_t_331,2010,1h 40m,R,6.6,7.1K
332. To Catch a Dollar: Muhammad Yunus Banks on America,https://www.imdb.com/title/tt1541943/?ref_=sr_t_332,2010,1h 14m,,7.8,48
333. Night Catches Us,https://www.imdb.com/title/tt0775543/?ref_=sr_t_333,2010,1h 30m,R,6.2,1.9K
334. Flamenco Flamenco,https://www.imdb.com/title/tt1550481/?ref_=sr_t_334,2010,1h 37m,Not Rated,7.2,495
335. The Tree,https://www.imdb.com/title/tt1496005/?ref_=sr_t_335,2010,1h 40m,Not Rated,6.5,4.7K
336. Klown,https://www.imdb.com/title/tt1680136/?ref_=sr_t_336,2010,1h 33m,R,7.1,12K
337. Heartbeats,https://www.imdb.com/title/tt1600524/?ref_=sr_t_337,2010,1h 41m,Not Rated,7.0,31K
338. Strange Powers: Stephin Merritt and the Magnetic Fields,https://www.imdb.com/title/tt1534075/?ref_=sr_t_338,2010,1h 29m,Not Rated,7.2,309
339. 2012: Time for Change,https://www.imdb.com/title/tt1506940/?ref_=sr_t_339,2010,1h 25m,Not Rated,6.9,386
340. The Sun Behind the Clouds: Tibet's Struggle for Freedom,https://www.imdb.com/title/tt1540068/?ref_=sr_t_340,2010,1h 19m,TV-G,6.6,174
341. Dancing Across Borders,https://www.imdb.com/title/tt1433099/?ref_=sr_t_341,2010,1h 28m,Not Rated,6.5,128
342. The Human Resources Manager,https://www.imdb.com/title/tt1311075/?ref_=sr_t_342,2010,1h 43m,Not Rated,6.6,1.5K
343. Let the Bullets Fly,https://www.imdb.com/title/tt1533117/?ref_=sr_t_343,2010,2h 12m,Not Rated,7.3,14K
344. Aftershock,https://www.imdb.com/title/tt1393746/?ref_=sr_t_344,2010,2h 15m,Not Rated,7.5,9.9K
345. Cool It,https://www.imdb.com/title/tt1694015/?ref_=sr_t_345,2010,1h 27m,PG,7.0,879
346. Public Speaking,https://www.imdb.com/title/tt1734477/?ref_=sr_t_346,2010,1h 24m,,7.6,2.4K
347. Trigun: Badlands Rumble,https://www.imdb.com/title/tt1703049/?ref_=sr_t_347,2010,1h 30m,TV-14,7.4,6K
348. Viva Riva!,https://www.imdb.com/title/tt1723120/?ref_=sr_t_348,2010,1h 38m,R,6.1,1.2K
349. 3,https://www.imdb.com/title/tt1517177/?ref_=sr_t_349,2010,1h 59m,Unrated,6.7,5.4K
350. Beyond the Black Rainbow,https://www.imdb.com/title/tt1534085/?ref_=sr_t_350,2010,1h 50m,R,5.9,17K
351. Into Eternity: A Film for the Future,https://www.imdb.com/title/tt1194612/?ref_=sr_t_351,2010,1h 15m,,7.3,3.1K
352. Dirty Girl,https://www.imdb.com/title/tt1107319/?ref_=sr_t_352,2010,1h 30m,R,6.4,12K
353. Snowmen,https://www.imdb.com/title/tt1373406/?ref_=sr_t_353,2010,1h 26m,PG,6.0,774
354. The Lottery,https://www.imdb.com/title/tt1515935/?ref_=sr_t_354,2010,1h 21m,Not Rated,7.0,596
355. Leonie,https://www.imdb.com/title/tt1426328/?ref_=sr_t_355,2010,1h 42m,PG-13,6.1,645
356. God of Vampires,https://www.imdb.com/title/tt1572773/?ref_=sr_t_356,2010,2h 24m,Not Rated,3.9,142
357. !Women Art Revolution,https://www.imdb.com/title/tt1699720/?ref_=sr_t_357,2010,1h 23m,Not Rated,6.9,264
358. Hatchet II,https://www.imdb.com/title/tt1270835/?ref_=sr_t_358,2010,1h 25m,R,5.5,16K
359. Over Your Cities Grass Will Grow,https://www.imdb.com/title/tt1414368/?ref_=sr_t_359,2010,1h 45m,Not Rated,7.0,316
360. Legend of the Fist: The Return of Chen Zhen,https://www.imdb.com/title/tt1456661/?ref_=sr_t_360,2010,1h 46m,R,6.2,11K
361. The Strange Case of Angelica,https://www.imdb.com/title/tt1282153/?ref_=sr_t_361,2010,1h 37m,Unrated,6.3,2.2K
362. Putty Hill,https://www.imdb.com/title/tt1530975/?ref_=sr_t_362,2010,1h 25m,Unrated,5.9,779
363. The Perfect Host,https://www.imdb.com/title/tt1334553/?ref_=sr_t_363,2010,1h 33m,R,6.7,30K
"364. Lebanon, Pa.",https://www.imdb.com/title/tt1290082/?ref_=sr_t_364,2010,1h 40m,PG-13,6.2,592
"365. The Butcher, the Chef, and the Swordsman",https://www.imdb.com/title/tt1722513/?ref_=sr_t_365,2010,1h 32m,PG-13,5.5,725
366. The Woodmans,https://www.imdb.com/title/tt1610516/?ref_=sr_t_366,2010,1h 22m,Unrated,6.9,692
367. Ca$h,https://www.imdb.com/title/tt1106860/?ref_=sr_t_367,2010,1h 48m,R,5.9,10K
368. Shanghai,https://www.imdb.com/title/tt1092634/?ref_=sr_t_368,2010,1h 45m,R,6.3,11K
369. William S. Burroughs: A Man Within,https://www.imdb.com/title/tt1466072/?ref_=sr_t_369,2010,1h 27m,Not Rated,7.1,1.3K
370. Every Day,https://www.imdb.com/title/tt1301990/?ref_=sr_t_370,2010,1h 33m,R,5.7,3.6K
"371. Happy, Happy",https://www.imdb.com/title/tt1664892/?ref_=sr_t_371,2010,1h 25m,R,6.5,3.3K
372. Outrage,https://www.imdb.com/title/tt1462667/?ref_=sr_t_372,2010,1h 49m,R,6.8,15K
373. Band Baaja Baaraat,https://www.imdb.com/title/tt1610452/?ref_=sr_t_373,2010,2h 19m,Not Rated,7.2,19K
374. Bereavement,https://www.imdb.com/title/tt1100051/?ref_=sr_t_374,2010,1h 43m,R,5.0,8.3K
375. Love Etc.,https://www.imdb.com/title/tt1560969/?ref_=sr_t_375,2010,1h 34m,Not Rated,5.8,129
"376. OC87: The Obsessive Compulsive, Major Depression, Bipolar, Asperger's Movie",https://www.imdb.com/title/tt1550557/?ref_=sr_t_376,2010,1h 40m,Not Rated,6.5,184
377. 3 Backyards,https://www.imdb.com/title/tt1314190/?ref_=sr_t_377,2010,1h 28m,R,5.0,762
378. Film socialisme,https://www.imdb.com/title/tt1438535/?ref_=sr_t_378,2010,1h 42m,Not Rated,5.7,3K
379. The Oath,https://www.imdb.com/title/tt1522857/?ref_=sr_t_379,2010,1h 30m,Unrated,7.2,966
380. The Myth of the American Sleepover,https://www.imdb.com/title/tt1174042/?ref_=sr_t_380,2010,1h 36m,TV-14,6.3,4.8K
381. The Last Circus,https://www.imdb.com/title/tt1572491/?ref_=sr_t_381,2010,1h 47m,R,6.5,15K
382. Road to Nowhere,https://www.imdb.com/title/tt1504319/?ref_=sr_t_382,2010,2h 1m,R,5.4,1.9K
383. Louder Than a Bomb,https://www.imdb.com/title/tt1540978/?ref_=sr_t_383,2010,1h 39m,Not Rated,7.4,391
384. Wagner & Me,https://www.imdb.com/title/tt1683519/?ref_=sr_t_384,2010,1h 29m,Not Rated,7.0,335
385. A Somewhat Gentle Man,https://www.imdb.com/title/tt1386683/?ref_=sr_t_385,2010,1h 53m,Not Rated,6.9,7.5K
386. Beautiful Darling,https://www.imdb.com/title/tt0960730/?ref_=sr_t_386,2010,1h 25m,Not Rated,7.3,885
387. The Autobiography of Nicolae Ceausescu,https://www.imdb.com/title/tt1646958/?ref_=sr_t_387,2010,3h,Not Rated,7.5,1.7K
388. Stake Land,https://www.imdb.com/title/tt1464580/?ref_=sr_t_388,2010,1h 38m,R,6.4,45K
389. Meet Monica Velour,https://www.imdb.com/title/tt1291549/?ref_=sr_t_389,2010,1h 38m,R,5.8,2.6K
390. Boxing Gym,https://www.imdb.com/title/tt1653827/?ref_=sr_t_390,2010,1h 31m,Unrated,7.0,562
391. October,https://www.imdb.com/title/tt1646118/?ref_=sr_t_391,2010,1h 23m,,6.4,566
392. 180° South,https://www.imdb.com/title/tt1407927/?ref_=sr_t_392,2010,1h 25m,PG,7.5,3.2K
"393. Hey, Boo: Harper Lee and 'To Kill a Mockingbird'",https://www.imdb.com/title/tt1638979/?ref_=sr_t_393,2010,1h 22m,,7.4,362
394. Small Town Murder Songs,https://www.imdb.com/title/tt1429392/?ref_=sr_t_394,2010,1h 15m,R,5.9,3.1K
395. White Irish Drinkers,https://www.imdb.com/title/tt1550524/?ref_=sr_t_395,2010,1h 49m,R,6.7,2K
396. GasLand,https://www.imdb.com/title/tt1558250/?ref_=sr_t_396,2010,1h 47m,Not Rated,7.6,11K
397. In My Sleep,https://www.imdb.com/title/tt0326965/?ref_=sr_t_397,2010,1h 38m,PG-13,5.5,2.2K
398. Evidence of a Haunting,https://www.imdb.com/title/tt3502802/?ref_=sr_t_398,2010,1h 20m,Not Rated,2.4,160
399. Brother,https://www.imdb.com/title/tt1588358/?ref_=sr_t_399,2010,1h 37m,Not Rated,7.2,2.7K
400. Sacrifice,https://www.imdb.com/title/tt1726738/?ref_=sr_t_400,2010,2h 2m,R,6.2,2.5K
401. Multiple Sarcasms,https://www.imdb.com/title/tt0984210/?ref_=sr_t_401,2010,1h 37m,R,4.7,740
402. Redemption Road,https://www.imdb.com/title/tt1470020/?ref_=sr_t_402,2010,1h 35m,PG-13,5.6,594
403. Deux de la Vague,https://www.imdb.com/title/tt1528224/?ref_=sr_t_403,2010,1h 31m,Not Rated,6.8,883
404. Breakdance Academy,https://www.imdb.com/title/tt1266615/?ref_=sr_t_404,2010,1h 30m,Not Rated,6.8,116
"405. Tuesday, After Christmas",https://www.imdb.com/title/tt1470024/?ref_=sr_t_405,2010,1h 39m,Unrated,6.9,5K
406. Jane's Journey,https://www.imdb.com/title/tt1326283/?ref_=sr_t_406,2010,1h 47m,TV-G,7.2,352
407. Waiting for Forever,https://www.imdb.com/title/tt1296898/?ref_=sr_t_407,2010,1h 35m,PG-13,5.9,20K
408. Harvest,https://www.imdb.com/title/tt1302001/?ref_=sr_t_408,2010,1h 42m,R,5.2,194
409. Sound of Noise,https://www.imdb.com/title/tt1278449/?ref_=sr_t_409,2010,1h 42m,R,7.2,10K
410. Immigration Tango,https://www.imdb.com/title/tt1415269/?ref_=sr_t_410,2010,1h 32m,R,4.0,365
411. Attenberg,https://www.imdb.com/title/tt1691323/?ref_=sr_t_411,2010,1h 37m,Not Rated,6.2,8K
412. Behind the Burly Q,https://www.imdb.com/title/tt1510907/?ref_=sr_t_412,2010,1h 37m,Not Rated,6.7,379
413. Raw Faith,https://www.imdb.com/title/tt1518255/?ref_=sr_t_413,2010,1h 34m,Not Rated,8.5,73
414. Lost Bohemia,https://www.imdb.com/title/tt1763245/?ref_=sr_t_414,2010,1h 17m,,8.7,51
415. Vanishing on 7th Street,https://www.imdb.com/title/tt1452628/?ref_=sr_t_415,2010,1h 32m,R,4.9,28K
416. Black Death,https://www.imdb.com/title/tt1181791/?ref_=sr_t_416,2010,1h 42m,R,6.4,52K
417. The Other City,https://www.imdb.com/title/tt1649421/?ref_=sr_t_417,2010,1h 30m,,6.6,19
418. Incendiary,https://www.imdb.com/title/tt1172573/?ref_=sr_t_418,2010,1h 30m,,7.2,37
419. Ceremony,https://www.imdb.com/title/tt1341341/?ref_=sr_t_419,2010,1h 29m,R,5.4,4.5K
420. And Everything Is Going Fine,https://www.imdb.com/title/tt1122614/?ref_=sr_t_420,2010,1h 29m,Not Rated,7.1,1.3K
421. The Arbor,https://www.imdb.com/title/tt1623008/?ref_=sr_t_421,2010,1h 34m,Unrated,7.3,2.2K
422. Monogamy,https://www.imdb.com/title/tt1502714/?ref_=sr_t_422,2010,1h 36m,Unrated,5.0,877
423. Red Hill,https://www.imdb.com/title/tt1530983/?ref_=sr_t_423,2010,1h 35m,R,6.3,9.2K
424. Cameraman: The Life and Work of Jack Cardiff,https://www.imdb.com/title/tt1626811/?ref_=sr_t_424,2010,1h 26m,Not Rated,7.6,1.4K
425. Douchebag,https://www.imdb.com/title/tt1535568/?ref_=sr_t_425,2010,1h 21m,Not Rated,6.1,182
426. The Trial,https://www.imdb.com/title/tt1264115/?ref_=sr_t_426,2010,1h 41m,PG-13,5.6,1.8K
427. Brotherhood,https://www.imdb.com/title/tt1273241/?ref_=sr_t_427,2010,1h 16m,R,6.3,4.3K
428. When We Leave,https://www.imdb.com/title/tt1288376/?ref_=sr_t_428,2010,1h 59m,Unrated,7.5,5.6K
429. Skateland,https://www.imdb.com/title/tt1312254/?ref_=sr_t_429,2010,1h 36m,PG-13,5.7,2.3K
430. Make Believe,https://www.imdb.com/title/tt1538833/?ref_=sr_t_430,2010,1h 28m,Not Rated,7.0,495
431. Marcelino Pan y Vino,https://www.imdb.com/title/tt1757806/?ref_=sr_t_431,2010,1h 31m,Not Rated,5.9,196
432. Nénette,https://www.imdb.com/title/tt1588336/?ref_=sr_t_432,2010,1h 10m,Unrated,6.6,254
433. Littlerock,https://www.imdb.com/title/tt1608285/?ref_=sr_t_433,2010,1h 23m,Not Rated,6.1,599
434. Carbon Nation,https://www.imdb.com/title/tt1482991/?ref_=sr_t_434,2010,1h 26m,TV-PG,7.0,246
435. Inventing Our Life: The Kibbutz Experiment,https://www.imdb.com/title/tt1687875/?ref_=sr_t_435,2010,1h 19m,Not Rated,6.7,25
436. The Freebie,https://www.imdb.com/title/tt1474889/?ref_=sr_t_436,2010,1h 18m,R,5.1,1.8K
437. London Boulevard,https://www.imdb.com/title/tt1213648/?ref_=sr_t_437,2010,1h 43m,R,6.2,51K
438. Anchor Baby,https://www.imdb.com/title/tt1666555/?ref_=sr_t_438,2010,1h 35m,Not Rated,6.4,104
439. Dreamkiller,https://www.imdb.com/title/tt0818098/?ref_=sr_t_439,2010,1h 50m,R,4.2,126
440. Dumbstruck,https://www.imdb.com/title/tt1351133/?ref_=sr_t_440,2010,1h 25m,PG,6.1,215
441. I'm Not Jesus Mommy,https://www.imdb.com/title/tt1645774/?ref_=sr_t_441,2010,1h 29m,R,2.7,412
442. The Tenant,https://www.imdb.com/title/tt1258998/?ref_=sr_t_442,2010,1h 36m,Not Rated,3.1,711
443. Ong Bak 3,https://www.imdb.com/title/tt1653690/?ref_=sr_t_443,2010,1h 39m,R,4.9,15K
444. Armadillo,https://www.imdb.com/title/tt1640680/?ref_=sr_t_444,2010,1h 45m,Not Rated,7.5,10K
445. The Two Escobars,https://www.imdb.com/title/tt2700330/?ref_=sr_t_445,2010,1h 44m,,8.1,2.3K
446. Space Dogs,https://www.imdb.com/title/tt1272051/?ref_=sr_t_446,2010,1h 25m,G,5.0,1.6K
447. Peep World,https://www.imdb.com/title/tt1103273/?ref_=sr_t_447,2010,1h 19m,R,5.5,3.9K
448. Ghetto Physics,https://www.imdb.com/title/tt1305587/?ref_=sr_t_448,2010,1h 34m,R,6.0,74
449. Sympathy for Delicious,https://www.imdb.com/title/tt1270277/?ref_=sr_t_449,2010,1h 36m,R,5.6,2.1K
450. Reuniting the Rubins,https://www.imdb.com/title/tt1344337/?ref_=sr_t_450,2010,1h 37m,PG,5.1,450
451. Benda Bilili!,https://www.imdb.com/title/tt1625857/?ref_=sr_t_451,2010,1h 25m,PG-13,7.4,832
452. Violet Tendencies,https://www.imdb.com/title/tt1407055/?ref_=sr_t_452,2010,1h 39m,Unrated,6.2,649
453. Under the Boardwalk: The Monopoly Story,https://www.imdb.com/title/tt1250861/?ref_=sr_t_453,2010,1h 28m,G,6.2,652
"454. How Much Does Your Building Weigh, Mr Foster?",https://www.imdb.com/title/tt1620785/?ref_=sr_t_454,2010,1h 18m,Not Rated,7.0,753
455. Norwegian Wood,https://www.imdb.com/title/tt1270842/?ref_=sr_t_455,2010,2h 13m,Not Rated,6.3,13K
456. Jim,https://www.imdb.com/title/tt1482889/?ref_=sr_t_456,2010,1h 41m,Unrated,5.5,67
457. Leap Year,https://www.imdb.com/title/tt1537401/?ref_=sr_t_457,2010,1h 34m,Unrated,5.8,2.9K
458. Bloodworth,https://www.imdb.com/title/tt1421048/?ref_=sr_t_458,2010,1h 45m,R,6.0,2K
459. Virginia,https://www.imdb.com/title/tt1440379/?ref_=sr_t_459,2010,1h 51m,R,5.4,2.4K
"460. If I Want to Whistle, I Whistle",https://www.imdb.com/title/tt1590024/?ref_=sr_t_460,2010,1h 34m,Unrated,7.0,6.6K
461. Lost Angels: Skid Row Is My Home,https://www.imdb.com/title/tt1426386/?ref_=sr_t_461,2010,1h 17m,Not Rated,7.5,670
462. The Dry Land,https://www.imdb.com/title/tt1322264/?ref_=sr_t_462,2010,1h 32m,R,5.6,555
463. Ultrasuede: In Search of Halston,https://www.imdb.com/title/tt1422786/?ref_=sr_t_463,2010,1h 25m,Not Rated,5.4,293
464. Elektra Luxx,https://www.imdb.com/title/tt1340773/?ref_=sr_t_464,2010,1h 40m,R,5.0,7.8K
465. The Taqwacores,https://www.imdb.com/title/tt1308165/?ref_=sr_t_465,2010,1h 23m,Not Rated,5.9,592
466. Cherry,https://www.imdb.com/title/tt1315350/?ref_=sr_t_466,2010,1h 39m,R,6.6,5.3K
467. Christina,https://www.imdb.com/title/tt1297921/?ref_=sr_t_467,2010,1h 30m,Not Rated,6.4,174
468. Evil Intent,https://www.imdb.com/title/tt1655603/?ref_=sr_t_468,2010,1h 14m,,6.1,53
469. Come Undone,https://www.imdb.com/title/tt1403144/?ref_=sr_t_469,2010,2h 6m,Unrated,6.0,3.4K
470. Circle,https://www.imdb.com/title/tt1129412/?ref_=sr_t_470,2010,1h 27m,Not Rated,3.3,763
471. A Screaming Man,https://www.imdb.com/title/tt1639901/?ref_=sr_t_471,2010,1h 32m,Not Rated,6.7,1.9K
472. Post Mortem,https://www.imdb.com/title/tt1714886/?ref_=sr_t_472,2010,1h 38m,Not Rated,6.5,2.7K
473. Brutal Beauty: Tales of the Rose City Rollers,https://www.imdb.com/title/tt1590295/?ref_=sr_t_473,2010,1h 20m,Not Rated,6.8,73
474. Radio Free Albemuth,https://www.imdb.com/title/tt1129396/?ref_=sr_t_474,2010,1h 51m,R,5.6,1.9K
475. Special Treatment,https://www.imdb.com/title/tt1590157/?ref_=sr_t_475,2010,1h 35m,Unrated,5.6,654
476. How I Ended This Summer,https://www.imdb.com/title/tt1588875/?ref_=sr_t_476,2010,2h 10m,Not Rated,6.9,7.1K
477. Man on a Mission: Richard Garriott's Road to the Stars,https://www.imdb.com/title/tt1611990/?ref_=sr_t_477,2010,1h 23m,Not Rated,6.9,135
478. Wrecked,https://www.imdb.com/title/tt1316622/?ref_=sr_t_478,2010,1h 31m,R,5.3,17K
479. All About Evil,https://www.imdb.com/title/tt1307858/?ref_=sr_t_479,2010,1h 38m,Unrated,6.1,2.1K
480. Zenith,https://www.imdb.com/title/tt1363468/?ref_=sr_t_480,2010,1h 33m,,5.4,1.3K
481. Archipelago,https://www.imdb.com/title/tt1527835/?ref_=sr_t_481,2010,1h 54m,Not Rated,6.3,3.1K
482. King of Devil's Island,https://www.imdb.com/title/tt1332134/?ref_=sr_t_482,2010,1h 56m,Not Rated,7.4,20K
483. Udaan,https://www.imdb.com/title/tt1639426/?ref_=sr_t_483,2010,2h 14m,Not Rated,8.1,48K
484. The Little Bedroom,https://www.imdb.com/title/tt1401669/?ref_=sr_t_484,2010,1h 27m,,6.9,287
485. Rubble Kings,https://www.imdb.com/title/tt1730714/?ref_=sr_t_485,2010,1h 11m,Not Rated,7.0,1.2K
486. Happiness Runs,https://www.imdb.com/title/tt1079964/?ref_=sr_t_486,2010,1h 28m,Not Rated,4.8,724
487. Logan,https://www.imdb.com/title/tt1483010/?ref_=sr_t_487,2010,1h 34m,,5.9,333
488. Good Neighbours,https://www.imdb.com/title/tt1576440/?ref_=sr_t_488,2010,1h 39m,R,5.8,6.1K
489. Janie Jones,https://www.imdb.com/title/tt1509130/?ref_=sr_t_489,2010,1h 54m,Not Rated,6.6,2.4K
490. Windfall,https://www.imdb.com/title/tt1581829/?ref_=sr_t_490,2010,1h 23m,Not Rated,5.5,325
491. My Joy,https://www.imdb.com/title/tt1646114/?ref_=sr_t_491,2010,2h 7m,Not Rated,6.8,2.7K
"492. El Sicario, Room 164",https://www.imdb.com/title/tt1760956/?ref_=sr_t_492,2010,1h 20m,Not Rated,7.1,1K
493. The Miners' Hymns,https://www.imdb.com/title/tt1655446/?ref_=sr_t_493,2010,52m,Not Rated,7.3,121
494. BearCity,https://www.imdb.com/title/tt1426320/?ref_=sr_t_494,2010,1h 44m,Not Rated,5.9,1.5K
495. The Imperialists Are Still Alive!,https://www.imdb.com/title/tt1423593/?ref_=sr_t_495,2010,1h 30m,Not Rated,5.9,325
496. A Bottle in the Gaza Sea,https://www.imdb.com/title/tt2082496/?ref_=sr_t_496,2010,1h 40m,Not Rated,7.2,1.1K
497. Aurora,https://www.imdb.com/title/tt1403047/?ref_=sr_t_497,2010,3h 1m,Not Rated,6.5,2.1K
498. American Grindhouse,https://www.imdb.com/title/tt1307861/?ref_=sr_t_498,2010,1h 20m,Not Rated,7.1,2.7K
499. To Die Is Hard,https://www.imdb.com/title/tt1562904/?ref_=sr_t_499,2010,1h 27m,,5.5,121
"500. Tomorrow, When the War Began",https://www.imdb.com/title/tt1456941/?ref_=sr_t_500,2010,1h 44m,R,6.1,32K
