Title,Movie Link,Year,Duration,MPA,Rating,Votes
1. 2001: A Space Odyssey,https://www.imdb.com/title/tt0062622/?ref_=sr_t_1,1968,2h 29m,G,8.3,742K
2. Funny Girl,https://www.imdb.com/title/tt0062994/?ref_=sr_t_2,1968,2h 31m,G,7.4,26K
3. The Odd Couple,https://www.imdb.com/title/tt0063374/?ref_=sr_t_3,1968,1h 45m,G,7.6,38K
4. Planet of the Apes,https://www.imdb.com/title/tt0063442/?ref_=sr_t_4,1968,1h 52m,G,8.0,203K
5. Hang 'Em High,https://www.imdb.com/title/tt0061747/?ref_=sr_t_5,1968,1h 54m,Approved,7.0,45K
6. Chitty Chitty Bang Bang,https://www.imdb.com/title/tt0062803/?ref_=sr_t_6,1968,2h 24m,G,6.9,52K
7. Where Eagles Dare,https://www.imdb.com/title/tt0065207/?ref_=sr_t_7,1968,2h 38m,M,7.6,65K
8. Once Upon a Time in the West,https://www.imdb.com/title/tt0064116/?ref_=sr_t_8,1968,2h 46m,PG-13,8.5,361K
9. Coogan's Bluff,https://www.imdb.com/title/tt0062824/?ref_=sr_t_9,1968,1h 34m,Approved,6.4,20K
10. Yellow Submarine,https://www.imdb.com/title/tt0063823/?ref_=sr_t_10,1968,1h 25m,G,7.4,29K
11. Bullitt,https://www.imdb.com/title/tt0062765/?ref_=sr_t_11,1968,1h 54m,M/PG,7.4,78K
12. Journey to Shiloh,https://www.imdb.com/title/tt0063161/?ref_=sr_t_12,1968,1h 41m,Approved,5.6,1.1K
13. Night of the Living Dead,https://www.imdb.com/title/tt0063350/?ref_=sr_t_13,1968,1h 36m,R,7.8,144K
"14. I Love You, I Love You",https://www.imdb.com/title/tt0063152/?ref_=sr_t_14,1968,1h 31m,,7.1,3.4K
15. The Great Silence,https://www.imdb.com/title/tt0063032/?ref_=sr_t_15,1968,1h 45m,Not Rated,7.7,19K
16. The Queen,https://www.imdb.com/title/tt0063477/?ref_=sr_t_16,1968,1h 8m,Not Rated,7.2,1.4K
17. The Bride Wore Black,https://www.imdb.com/title/tt0061955/?ref_=sr_t_17,1968,1h 47m,Unrated,7.2,11K
18. Memories of Underdevelopment,https://www.imdb.com/title/tt0063291/?ref_=sr_t_18,1968,1h 37m,Not Rated,7.6,4.9K
19. The Lion in Winter,https://www.imdb.com/title/tt0063227/?ref_=sr_t_19,1968,2h 14m,PG,7.9,35K
20. The Chronicle of Anna Magdalena Bach,https://www.imdb.com/title/tt0062804/?ref_=sr_t_20,1968,1h 34m,,6.8,1.6K
21. Stolen Kisses,https://www.imdb.com/title/tt0062695/?ref_=sr_t_21,1968,1h 31m,R,7.5,16K
22. Oliver!,https://www.imdb.com/title/tt0063385/?ref_=sr_t_22,1968,2h 33m,G,7.4,42K
23. Romeo and Juliet,https://www.imdb.com/title/tt0063518/?ref_=sr_t_23,1968,2h 18m,PG,7.6,36K
24. Rosemary's Baby,https://www.imdb.com/title/tt0063522/?ref_=sr_t_24,1968,2h 17m,R,8.0,245K
25. Barbarella,https://www.imdb.com/title/tt0062711/?ref_=sr_t_25,1968,1h 38m,PG,5.9,39K
26. The Thomas Crown Affair,https://www.imdb.com/title/tt0063688/?ref_=sr_t_26,1968,1h 42m,R,6.9,29K
27. The Party,https://www.imdb.com/title/tt0063415/?ref_=sr_t_27,1968,1h 39m,Approved,7.4,45K
"28. Yours, Mine and Ours",https://www.imdb.com/title/tt0063829/?ref_=sr_t_28,1968,1h 51m,Unrated,7.1,10K
29. Candy,https://www.imdb.com/title/tt0062776/?ref_=sr_t_29,1968,1h 55m,R,5.1,3.8K
30. Vixen!,https://www.imdb.com/title/tt0063787/?ref_=sr_t_30,1968,1h 10m,X,5.6,3.2K
31. Bandolero!,https://www.imdb.com/title/tt0062708/?ref_=sr_t_31,1968,1h 46m,PG-13,6.5,5.9K
32. Carne,https://www.imdb.com/title/tt0064130/?ref_=sr_t_32,1968,1h 30m,X,5.4,343
33. The Wrecking Crew,https://www.imdb.com/title/tt0065225/?ref_=sr_t_33,1968,1h 45m,PG,5.5,3.9K
34. The Devil Rides Out,https://www.imdb.com/title/tt0062885/?ref_=sr_t_34,1968,1h 35m,G,6.9,11K
35. Shalako,https://www.imdb.com/title/tt0063592/?ref_=sr_t_35,1968,1h 53m,M/PG,5.6,3.6K
36. Danger: Diabolik,https://www.imdb.com/title/tt0062861/?ref_=sr_t_36,1968,1h 45m,PG-13,6.5,7.5K
37. The Detective,https://www.imdb.com/title/tt0062883/?ref_=sr_t_37,1968,1h 54m,Approved,6.5,4.3K
38. Vibrations,https://www.imdb.com/title/tt0062440/?ref_=sr_t_38,1968,1h 15m,X,5.5,187
39. If....,https://www.imdb.com/title/tt0063850/?ref_=sr_t_39,1968,1h 51m,R,7.4,26K
40. With Six You Get Eggroll,https://www.imdb.com/title/tt0063821/?ref_=sr_t_40,1968,1h 35m,G,6.4,3.1K
41. Hellfighters,https://www.imdb.com/title/tt0063060/?ref_=sr_t_41,1968,2h 1m,G,6.5,6.8K
42. Teorema,https://www.imdb.com/title/tt0063678/?ref_=sr_t_42,1968,1h 38m,Not Rated,7.0,16K
43. Finian's Rainbow,https://www.imdb.com/title/tt0062974/?ref_=sr_t_43,1968,2h 21m,G,6.1,4.3K
44. Charly,https://www.imdb.com/title/tt0062794/?ref_=sr_t_44,1968,1h 43m,M,6.9,7.5K
45. The Green Berets,https://www.imdb.com/title/tt0063035/?ref_=sr_t_45,1968,2h 22m,G,5.6,14K
46. Ice Station Zebra,https://www.imdb.com/title/tt0063121/?ref_=sr_t_46,1968,2h 28m,G,6.6,12K
47. The Swimmer,https://www.imdb.com/title/tt0063663/?ref_=sr_t_47,1968,1h 35m,M/PG,7.6,15K
48. Hot Spur,https://www.imdb.com/title/tt0063095/?ref_=sr_t_48,1968,1h 31m,,4.7,300
49. Witchfinder General,https://www.imdb.com/title/tt0063285/?ref_=sr_t_49,1968,1h 26m,Unrated,6.7,13K
50. The Devil's Brigade,https://www.imdb.com/title/tt0062886/?ref_=sr_t_50,1968,2h 10m,Approved,6.7,6.5K
51. A Quiet Place in the Country,https://www.imdb.com/title/tt0065119/?ref_=sr_t_51,1968,1h 46m,R,6.5,2.2K
52. The Olsen Gang,https://www.imdb.com/title/tt0063386/?ref_=sr_t_52,1968,1h 20m,Not Rated,6.6,2.7K
53. Dyrlægens plejebørn,https://www.imdb.com/title/tt0062920/?ref_=sr_t_53,1968,1h 42m,,6.3,618
54. Shogun's Joy of Torture,https://www.imdb.com/title/tt0059816/?ref_=sr_t_54,1968,1h 36m,Not Rated,6.1,759
55. Targets,https://www.imdb.com/title/tt0063671/?ref_=sr_t_55,1968,1h 30m,R,7.4,13K
56. Head,https://www.imdb.com/title/tt0063049/?ref_=sr_t_56,1968,1h 26m,G,6.4,7.1K
57. Mayerling,https://www.imdb.com/title/tt0064645/?ref_=sr_t_57,1968,2h 20m,PG-13,6.1,1.8K
58. Spirits of the Dead,https://www.imdb.com/title/tt0063715/?ref_=sr_t_58,1968,2h 1m,R,6.4,7.3K
59. The Bat Woman,https://www.imdb.com/title/tt0235608/?ref_=sr_t_59,1968,1h 20m,,4.8,1.2K
60. Petulia,https://www.imdb.com/title/tt0063426/?ref_=sr_t_60,1968,1h 45m,Approved,6.8,3.5K
61. Hour of the Wolf,https://www.imdb.com/title/tt0063759/?ref_=sr_t_61,1968,1h 28m,Not Rated,7.5,23K
62. Carry on Up the Khyber,https://www.imdb.com/title/tt0062782/?ref_=sr_t_62,1968,1h 28m,Not Rated,6.8,5.6K
63. Faces,https://www.imdb.com/title/tt0062952/?ref_=sr_t_63,1968,2h 10m,R,7.4,12K
64. The Shoes of the Fisherman,https://www.imdb.com/title/tt0063599/?ref_=sr_t_64,1968,2h 42m,G,7.0,4.3K
65. The Sex of Angels,https://www.imdb.com/title/tt0062249/?ref_=sr_t_65,1968,1h 50m,X,5.2,218
66. Dracula Has Risen from the Grave,https://www.imdb.com/title/tt0062909/?ref_=sr_t_66,1968,1h 32m,G,6.5,8.5K
67. Gorilla Gang,https://www.imdb.com/title/tt0063024/?ref_=sr_t_67,1968,1h 36m,R,5.1,563
68. Where Angels Go Trouble Follows!,https://www.imdb.com/title/tt0063800/?ref_=sr_t_68,1968,1h 33m,G,6.3,1.9K
69. Black Cat,https://www.imdb.com/title/tt0122136/?ref_=sr_t_69,1968,1h 39m,Not Rated,7.7,9K
70. Voyage to the Planet of Prehistoric Women,https://www.imdb.com/title/tt0063790/?ref_=sr_t_70,1968,1h 18m,Unrated,2.9,2.1K
71. Blackbeard's Ghost,https://www.imdb.com/title/tt0062737/?ref_=sr_t_71,1968,1h 46m,Approved,6.8,7K
72. The Seduction of Inga,https://www.imdb.com/title/tt0067508/?ref_=sr_t_72,1968,1h 25m,R,4.7,342
73. Shame,https://www.imdb.com/title/tt0063611/?ref_=sr_t_73,1968,1h 43m,R,8.0,15K
74. A Midsummer Night's Dream,https://www.imdb.com/title/tt0063297/?ref_=sr_t_74,1968,2h 4m,Not Rated,6.5,915
75. Boom!,https://www.imdb.com/title/tt0062751/?ref_=sr_t_75,1968,1h 50m,Approved,5.5,1.8K
76. Robby,https://www.imdb.com/title/tt0063513/?ref_=sr_t_76,1968,1h,,5.9,332
77. Mafia,https://www.imdb.com/title/tt0063010/?ref_=sr_t_77,1968,1h 48m,M,7.0,2K
78. The Mercenary,https://www.imdb.com/title/tt0063293/?ref_=sr_t_78,1968,1h 50m,PG-13,7.1,6.4K
79. Attack on the Iron Coast,https://www.imdb.com/title/tt0062688/?ref_=sr_t_79,1968,1h 29m,G,5.5,800
80. The Magus,https://www.imdb.com/title/tt0063260/?ref_=sr_t_80,1968,1h 57m,R,5.5,2K
81. Naked You Die,https://www.imdb.com/title/tt0063370/?ref_=sr_t_81,1968,1h 22m,,5.8,943
82. Succubus,https://www.imdb.com/title/tt0062032/?ref_=sr_t_82,1968,1h 19m,X,5.3,1.3K
83. The Scalphunters,https://www.imdb.com/title/tt0063557/?ref_=sr_t_83,1968,1h 42m,Not Rated,6.7,4.7K
84. Isadora,https://www.imdb.com/title/tt0063141/?ref_=sr_t_84,1968,2h 11m,M/PG,6.8,2.7K
85. The Libertine,https://www.imdb.com/title/tt0064643/?ref_=sr_t_85,1968,1h 30m,R,5.4,880
86. Inga,https://www.imdb.com/title/tt0061833/?ref_=sr_t_86,1968,1h 21m,R,5.3,396
87. The Crimson Cult,https://www.imdb.com/title/tt0062833/?ref_=sr_t_87,1968,1h 27m,R,5.5,3.2K
88. Inspector Clouseau,https://www.imdb.com/title/tt0063135/?ref_=sr_t_88,1968,1h 36m,G,4.8,3.3K
89. The Biggest Bundle of Them All,https://www.imdb.com/title/tt0062731/?ref_=sr_t_89,1968,1h 45m,Approved,5.2,859
90. The Lost Continent,https://www.imdb.com/title/tt0063240/?ref_=sr_t_90,1968,1h 37m,G,5.5,2.3K
91. Here We Go Round the Mulberry Bush,https://www.imdb.com/title/tt0063063/?ref_=sr_t_91,1968,1h 36m,Not Rated,6.2,838
92. The Boston Strangler,https://www.imdb.com/title/tt0062755/?ref_=sr_t_92,1968,1h 56m,Approved,7.0,11K
93. The Killing of Sister George,https://www.imdb.com/title/tt0063185/?ref_=sr_t_93,1968,2h 18m,R,7.0,2.6K
94. The Night They Raided Minsky's,https://www.imdb.com/title/tt0063348/?ref_=sr_t_94,1968,1h 39m,PG-13,6.0,1.9K
"95. Farewell, Friend",https://www.imdb.com/title/tt0062639/?ref_=sr_t_95,1968,1h 55m,M/PG,6.7,4.4K
96. Greetings,https://www.imdb.com/title/tt0063036/?ref_=sr_t_96,1968,1h 28m,R,5.6,4.1K
97. Twisted Nerve,https://www.imdb.com/title/tt0063729/?ref_=sr_t_97,1968,1h 58m,M,7.0,2.5K
98. The Blood Beast Terror,https://www.imdb.com/title/tt0061411/?ref_=sr_t_98,1968,1h 28m,G,5.1,2.1K
99. Asterix and Cleopatra,https://www.imdb.com/title/tt0062687/?ref_=sr_t_99,1968,1h 12m,TV-Y7-FV,7.2,15K
100. Girl in Gold Boots,https://www.imdb.com/title/tt0174685/?ref_=sr_t_100,1968,1h 34m,R,2.2,4K
101. Destroy All Monsters,https://www.imdb.com/title/tt0063172/?ref_=sr_t_101,1968,1h 28m,G,6.4,8K
102. The Rape of the Vampire,https://www.imdb.com/title/tt0062446/?ref_=sr_t_102,1968,1h 35m,Not Rated,5.2,1.4K
103. Skidoo,https://www.imdb.com/title/tt0063612/?ref_=sr_t_103,1968,1h 38m,R,4.7,2K
104. Flesh,https://www.imdb.com/title/tt0062979/?ref_=sr_t_104,1968,1h 29m,R,5.7,2.7K
105. The Shakiest Gun in the West,https://www.imdb.com/title/tt0063591/?ref_=sr_t_105,1968,1h 41m,Approved,6.4,3.1K
106. Dark of the Sun,https://www.imdb.com/title/tt0062863/?ref_=sr_t_106,1968,1h 40m,Approved,6.8,3.7K
"107. Rachel, Rachel",https://www.imdb.com/title/tt0063483/?ref_=sr_t_107,1968,1h 41m,R,7.1,4.2K
108. Castle of the Creeping Flesh,https://www.imdb.com/title/tt0061806/?ref_=sr_t_108,1968,1h 17m,Not Rated,4.6,449
109. Guns for San Sebastian,https://www.imdb.com/title/tt0062713/?ref_=sr_t_109,1968,1h 51m,G,6.6,2.5K
110. Hell in the Pacific,https://www.imdb.com/title/tt0063056/?ref_=sr_t_110,1968,1h 43m,G,7.2,9.3K
111. Death Laid an Egg,https://www.imdb.com/title/tt0061994/?ref_=sr_t_111,1968,1h 26m,,5.9,1.9K
112. The Vengeance of She,https://www.imdb.com/title/tt0063765/?ref_=sr_t_112,1968,1h 41m,G,4.7,1.1K
113. The Heart Is a Lonely Hunter,https://www.imdb.com/title/tt0063050/?ref_=sr_t_113,1968,2h 3m,G,7.6,4.8K
114. Wild in the Streets,https://www.imdb.com/title/tt0063808/?ref_=sr_t_114,1968,1h 37m,R,5.9,2.3K
115. Lady in Cement,https://www.imdb.com/title/tt0063210/?ref_=sr_t_115,1968,1h 33m,PG,5.8,2.9K
116. Die Lümmel von der ersten Bank - 1. Trimester: Zur Hölle mit den Paukern,https://www.imdb.com/title/tt0063254/?ref_=sr_t_116,1968,1h 25m,,5.7,805
117. Anzio,https://www.imdb.com/title/tt0062673/?ref_=sr_t_117,1968,1h 57m,PG-13,6.0,3.9K
118. Pretty Poison,https://www.imdb.com/title/tt0063456/?ref_=sr_t_118,1968,1h 29m,R,7.0,4.3K
119. Three in the Attic,https://www.imdb.com/title/tt0063693/?ref_=sr_t_119,1968,1h 30m,R,5.4,553
120. Krakatoa: East of Java,https://www.imdb.com/title/tt0064555/?ref_=sr_t_120,1968,2h 11m,G,5.4,2K
121. Jet Generation,https://www.imdb.com/title/tt0061839/?ref_=sr_t_121,1968,1h 38m,,4.9,134
122. Ace High,https://www.imdb.com/title/tt0064860/?ref_=sr_t_122,1968,2h 2m,PG-13,6.5,4.9K
123. Sexy Susan Sins Again,https://www.imdb.com/title/tt0062991/?ref_=sr_t_123,1968,1h 30m,R,4.3,129
124. Firecreek,https://www.imdb.com/title/tt0062975/?ref_=sr_t_124,1968,1h 44m,Approved,6.8,4.2K
125. The Boys of Paul Street,https://www.imdb.com/title/tt0062164/?ref_=sr_t_125,1968,1h 50m,G,7.8,3.4K
126. No Way to Treat a Lady,https://www.imdb.com/title/tt0063356/?ref_=sr_t_126,1968,1h 48m,Approved,7.0,2.6K
127. The Valley of the Bees,https://www.imdb.com/title/tt0122770/?ref_=sr_t_127,1968,1h 37m,,7.7,1.9K
128. The Insanely Sad Princess,https://www.imdb.com/title/tt0232750/?ref_=sr_t_128,1968,1h 26m,,7.5,872
129. The Sweet Ride,https://www.imdb.com/title/tt0063662/?ref_=sr_t_129,1968,1h 50m,R,5.5,363
130. Beyond the Law,https://www.imdb.com/title/tt0062645/?ref_=sr_t_130,1968,1h 30m,PG,6.1,1.5K
131. Bora Bora,https://www.imdb.com/title/tt0062753/?ref_=sr_t_131,1968,1h 30m,R,4.8,202
132. Secret Ceremony,https://www.imdb.com/title/tt0063571/?ref_=sr_t_132,1968,1h 49m,R,6.2,2.7K
133. 5 Card Stud,https://www.imdb.com/title/tt0062626/?ref_=sr_t_133,1968,1h 43m,Approved,6.4,4.6K
134. The Girl on a Motorcycle,https://www.imdb.com/title/tt0063013/?ref_=sr_t_134,1968,1h 31m,R,5.3,2.7K
135. Me and My Kid Brother and the Smugglers,https://www.imdb.com/title/tt0063299/?ref_=sr_t_135,1968,1h 46m,,5.7,249
136. Up the Junction,https://www.imdb.com/title/tt0062426/?ref_=sr_t_136,1968,1h 59m,R,6.9,1K
137. The Wicked Dreams of Paula Schultz,https://www.imdb.com/title/tt0063805/?ref_=sr_t_137,1968,1h 53m,Unrated,4.5,318
138. The Green Slime,https://www.imdb.com/title/tt0064393/?ref_=sr_t_138,1968,1h 30m,G,4.9,4.1K
"139. Live a Little, Love a Little",https://www.imdb.com/title/tt0063231/?ref_=sr_t_139,1968,1h 30m,PG,5.7,2.1K
140. The Legend of Lylah Clare,https://www.imdb.com/title/tt0063219/?ref_=sr_t_140,1968,2h 10m,R,5.7,1.6K
141. A Dandy in Aspic,https://www.imdb.com/title/tt0062859/?ref_=sr_t_141,1968,1h 47m,Approved,6.2,1.4K
142. How to Save a Marriage and Ruin Your Life,https://www.imdb.com/title/tt0063102/?ref_=sr_t_142,1968,1h 42m,Approved,6.3,879
143. The Astro-Zombies,https://www.imdb.com/title/tt0064048/?ref_=sr_t_143,1968,1h 32m,,3.1,2.9K
144. The Split,https://www.imdb.com/title/tt0063636/?ref_=sr_t_144,1968,1h 31m,R,6.0,1.5K
145. The Big Cube,https://www.imdb.com/title/tt0064088/?ref_=sr_t_145,1968,1h 38m,M/PG,4.3,874
146. The Snow Woman,https://www.imdb.com/title/tt0063171/?ref_=sr_t_146,1968,1h 20m,,7.3,771
147. Wonderwall,https://www.imdb.com/title/tt0065224/?ref_=sr_t_147,1968,1h 32m,TV-MA,5.6,954
148. The Fixer,https://www.imdb.com/title/tt0062977/?ref_=sr_t_148,1968,2h 12m,PG-13,6.8,1.5K
"149. The One and Only, Genuine, Original Family Band",https://www.imdb.com/title/tt0063389/?ref_=sr_t_149,1968,1h 50m,G,6.3,1.1K
150. A Lovely Way to Die,https://www.imdb.com/title/tt0063246/?ref_=sr_t_150,1968,1h 43m,TV-PG,5.1,643
151. Star!,https://www.imdb.com/title/tt0063642/?ref_=sr_t_151,1968,2h 56m,G,6.4,2.3K
152. The Secret War of Harry Frigg,https://www.imdb.com/title/tt0063573/?ref_=sr_t_152,1968,1h 50m,Unrated,6.3,1.8K
153. Uptight,https://www.imdb.com/title/tt0063748/?ref_=sr_t_153,1968,1h 44m,M,7.3,1.1K
"154. 2 - I, a Woman, Part II",https://www.imdb.com/title/tt0063147/?ref_=sr_t_154,1968,1h 28m,,4.1,146
155. The Stalking Moon,https://www.imdb.com/title/tt0065032/?ref_=sr_t_155,1968,1h 49m,G,6.6,3.4K
156. The Charge of the Light Brigade,https://www.imdb.com/title/tt0062790/?ref_=sr_t_156,1968,2h 19m,PG-13,6.6,4K
157. Woman in Chains,https://www.imdb.com/title/tt0063458/?ref_=sr_t_157,1968,1h 46m,R,7.1,1.9K
158. Jennie: Wife/Child,https://www.imdb.com/title/tt0063153/?ref_=sr_t_158,1968,1h 23m,,4.8,128
159. Joanna,https://www.imdb.com/title/tt0063157/?ref_=sr_t_159,1968,1h 48m,R,5.7,516
160. I Am Curious (Blue),https://www.imdb.com/title/tt0063149/?ref_=sr_t_160,1968,1h 47m,Not Rated,6.0,1.7K
161. Profound Desires of the Gods,https://www.imdb.com/title/tt0063173/?ref_=sr_t_161,1968,2h 53m,Not Rated,7.5,2K
162. Assignment K,https://www.imdb.com/title/tt0062683/?ref_=sr_t_162,1968,1h 37m,Approved,5.5,337
163. Salt and Pepper,https://www.imdb.com/title/tt0063534/?ref_=sr_t_163,1968,1h 42m,Approved,5.1,820
"164. Buona Sera, Mrs. Campbell",https://www.imdb.com/title/tt0062767/?ref_=sr_t_164,1968,1h 48m,M/PG,6.8,1.9K
165. All the Sins of Sodom,https://www.imdb.com/title/tt0061345/?ref_=sr_t_165,1968,1h 28m,Not Rated,5.7,382
166. How I Became a Nudist,https://www.imdb.com/title/tt0137724/?ref_=sr_t_166,1968,1h 21m,,6.4,36
167. Paper Lion,https://www.imdb.com/title/tt0063410/?ref_=sr_t_167,1968,1h 47m,Approved,6.2,1.3K
168. Speedway,https://www.imdb.com/title/tt0063634/?ref_=sr_t_168,1968,1h 34m,G,5.5,2.8K
169. Hot Millions,https://www.imdb.com/title/tt0063094/?ref_=sr_t_169,1968,1h 46m,G,6.8,2.4K
170. If You Meet Sartana Pray for Your Death,https://www.imdb.com/title/tt0063568/?ref_=sr_t_170,1968,1h 35m,Not Rated,6.3,2K
171. The Power,https://www.imdb.com/title/tt0063452/?ref_=sr_t_171,1968,1h 48m,Approved,5.9,1.9K
172. Madigan,https://www.imdb.com/title/tt0063256/?ref_=sr_t_172,1968,1h 41m,TV-14,6.5,4.2K
"173. Django, Prepare a Coffin",https://www.imdb.com/title/tt0062151/?ref_=sr_t_173,1968,1h 32m,Not Rated,6.4,3.3K
174. Never a Dull Moment,https://www.imdb.com/title/tt0063341/?ref_=sr_t_174,1968,1h 39m,G,6.1,827
175. Where Were You When the Lights Went Out?,https://www.imdb.com/title/tt0063801/?ref_=sr_t_175,1968,1h 29m,Approved,5.8,986
176. The Sweet Body of Deborah,https://www.imdb.com/title/tt0064243/?ref_=sr_t_176,1968,1h 35m,R,5.9,988
177. The Strange World of Coffin Joe,https://www.imdb.com/title/tt0062943/?ref_=sr_t_177,1968,1h 20m,,6.3,836
178. Corruption,https://www.imdb.com/title/tt0061520/?ref_=sr_t_178,1968,1h 31m,R,5.8,1.9K
179. The Gendarme Gets Married,https://www.imdb.com/title/tt0063005/?ref_=sr_t_179,1968,1h 32m,,6.8,8.9K
180. Kekec's Tricks,https://www.imdb.com/title/tt0063177/?ref_=sr_t_180,1968,1h 18m,,7.0,393
181. Monterey Pop,https://www.imdb.com/title/tt0064689/?ref_=sr_t_181,1968,1h 18m,Not Rated,7.9,5.1K
182. Prudence and the Pill,https://www.imdb.com/title/tt0063467/?ref_=sr_t_182,1968,1h 32m,R,5.7,619
183. The Ghastly Ones,https://www.imdb.com/title/tt0064369/?ref_=sr_t_183,1968,1h 21m,Not Rated,3.8,846
184. Les Biches,https://www.imdb.com/title/tt0062728/?ref_=sr_t_184,1968,1h 40m,R,6.9,3.6K
185. Blonde on a Bum Trip,https://www.imdb.com/title/tt0062740/?ref_=sr_t_185,1968,1h 5m,,5.9,84
186. The Last Roman,https://www.imdb.com/title/tt0063174/?ref_=sr_t_186,1968,1h 43m,Not Rated,6.0,453
"187. I Love You, Alice B. Toklas!",https://www.imdb.com/title/tt0063115/?ref_=sr_t_187,1968,1h 32m,R,6.2,3.5K
188. Deep Inside,https://www.imdb.com/title/tt0060294/?ref_=sr_t_188,1968,1h 29m,,5.9,112
189. Caprice Italian Style,https://www.imdb.com/title/tt0062779/?ref_=sr_t_189,1968,1h 35m,,6.4,656
190. Ankhen,https://www.imdb.com/title/tt0147811/?ref_=sr_t_190,1968,2h 52m,,7.2,433
"191. Don't Raise the Bridge, Lower the River",https://www.imdb.com/title/tt0061591/?ref_=sr_t_191,1968,1h 39m,G,4.7,722
192. Kill Them All and Come Back Alone,https://www.imdb.com/title/tt0062659/?ref_=sr_t_192,1968,1h 40m,R,6.2,1.1K
193. Seeds of Sin,https://www.imdb.com/title/tt0235751/?ref_=sr_t_193,1968,1h 24m,Not Rated,5.2,472
194. Psych-Out,https://www.imdb.com/title/tt0063469/?ref_=sr_t_194,1968,1h 41m,Not Rated,5.9,3.1K
195. The Impossible Years,https://www.imdb.com/title/tt0063128/?ref_=sr_t_195,1968,1h 32m,G,5.6,816
196. No Tears for the Damned,https://www.imdb.com/title/tt0202451/?ref_=sr_t_196,1968,1h 25m,Not Rated,5.3,165
197. The Birthday Party,https://www.imdb.com/title/tt0062732/?ref_=sr_t_197,1968,2h 3m,G,6.4,1.2K
198. The Subject Was Roses,https://www.imdb.com/title/tt0063654/?ref_=sr_t_198,1968,1h 47m,G,7.0,1.9K
199. Find a Place to Die,https://www.imdb.com/title/tt0063158/?ref_=sr_t_199,1968,1h 29m,R,5.5,530
200. Project X,https://www.imdb.com/title/tt0063465/?ref_=sr_t_200,1968,1h 37m,Unrated,5.5,664
201. Charlie Bubbles,https://www.imdb.com/title/tt0062792/?ref_=sr_t_201,1968,1h 29m,,6.3,863
202. Nude Django,https://www.imdb.com/title/tt0131985/?ref_=sr_t_202,1968,1h 13m,Unrated,3.5,270
203. The Man Who Lies,https://www.imdb.com/title/tt0063080/?ref_=sr_t_203,1968,1h 35m,Not Rated,6.8,995
"204. Stay Away, Joe",https://www.imdb.com/title/tt0063643/?ref_=sr_t_204,1968,1h 42m,PG,4.5,1.6K
205. The Big Switch,https://www.imdb.com/title/tt0065469/?ref_=sr_t_205,1968,1h 8m,Not Rated,4.4,270
206. Le petit baigneur,https://www.imdb.com/title/tt0062120/?ref_=sr_t_206,1968,1h 36m,,6.6,4.7K
"207. Through Fire, Water and... Trumpets",https://www.imdb.com/title/tt0063380/?ref_=sr_t_207,1968,1h 26m,,7.0,908
"208. Finders Keepers, Lovers Weepers!",https://www.imdb.com/title/tt0062973/?ref_=sr_t_208,1968,1h 11m,,5.3,599
209. The Savage Seven,https://www.imdb.com/title/tt0063553/?ref_=sr_t_209,1968,1h 34m,Approved,5.4,471
210. Por mis pistolas,https://www.imdb.com/title/tt0063446/?ref_=sr_t_210,1968,2h 3m,,6.6,371
211. Los amores de Juan Charrasqueado,https://www.imdb.com/title/tt0294290/?ref_=sr_t_211,1968,1h 35m,,6.7,14
212. Thar She Blows!,https://www.imdb.com/title/tt0128738/?ref_=sr_t_212,1968,1h 24m,Not Rated,4.2,76
213. Horus: Prince of the Sun,https://www.imdb.com/title/tt0063668/?ref_=sr_t_213,1968,1h 22m,Not Rated,6.5,2.6K
214. Signs of Life,https://www.imdb.com/title/tt0063218/?ref_=sr_t_214,1968,1h 31m,Not Rated,7.0,2.5K
215. The Strange Affair,https://www.imdb.com/title/tt0063647/?ref_=sr_t_215,1968,1h 46m,R,6.3,200
216. What's So Bad About Feeling Good?,https://www.imdb.com/title/tt0063799/?ref_=sr_t_216,1968,1h 34m,Approved,6.5,594
217. Death by Hanging,https://www.imdb.com/title/tt0063198/?ref_=sr_t_217,1968,1h 57m,Not Rated,7.5,3.5K
218. The Horse in the Gray Flannel Suit,https://www.imdb.com/title/tt0063091/?ref_=sr_t_218,1968,1h 53m,G,6.3,1.2K
219. The Fiction-Makers,https://www.imdb.com/title/tt0061662/?ref_=sr_t_219,1968,1h 40m,,6.0,642
220. Who Saw Him Die?,https://www.imdb.com/title/tt0063384/?ref_=sr_t_220,1968,1h 50m,,6.8,687
221. The Blood of Fu Manchu,https://www.imdb.com/title/tt0062741/?ref_=sr_t_221,1968,1h 32m,M,4.3,1.6K
222. Angelique and the Sultan,https://www.imdb.com/title/tt0061357/?ref_=sr_t_222,1968,1h 45m,TV-MA,6.3,1.7K
223. For Love of Ivy,https://www.imdb.com/title/tt0062985/?ref_=sr_t_223,1968,1h 41m,G,6.2,920
224. Murder à la Mod,https://www.imdb.com/title/tt0163114/?ref_=sr_t_224,1968,1h 20m,,5.3,1.2K
225. Don't Just Stand There,https://www.imdb.com/title/tt0062901/?ref_=sr_t_225,1968,1h 39m,,5.4,144
226. Even the Wind Is Afraid,https://www.imdb.com/title/tt0061752/?ref_=sr_t_226,1968,1h 28m,TV-14,7.2,2.2K
227. My Prostitute Love,https://www.imdb.com/title/tt0252084/?ref_=sr_t_227,1968,1h 29m,,7.9,3.4K
228. The Zombie Walks,https://www.imdb.com/title/tt0061805/?ref_=sr_t_228,1968,1h 28m,,5.9,592
229. A Black Veil for Lisa,https://www.imdb.com/title/tt0063323/?ref_=sr_t_229,1968,1h 35m,R,5.9,740
230. Fando and Lis,https://www.imdb.com/title/tt0061643/?ref_=sr_t_230,1968,1h 33m,Not Rated,6.7,6.5K
231. The Hell with Heroes,https://www.imdb.com/title/tt0063057/?ref_=sr_t_231,1968,1h 42m,Approved,5.7,300
232. Criminal Affair,https://www.imdb.com/title/tt0062253/?ref_=sr_t_232,1968,1h 46m,GP,4.3,150
233. Lila,https://www.imdb.com/title/tt0063272/?ref_=sr_t_233,1968,1h 27m,R,4.8,405
234. Toby Dammit,https://www.imdb.com/title/tt11669728/?ref_=sr_t_234,1968,45m,,7.5,706
235. The Girl with a Pistol,https://www.imdb.com/title/tt0063485/?ref_=sr_t_235,1968,1h 43m,M,6.6,1.8K
236. Doctor Zi-Vengos,https://www.imdb.com/title/tt0129883/?ref_=sr_t_236,1968,1h 16m,,7.0,434
237. Kong Island,https://www.imdb.com/title/tt0062946/?ref_=sr_t_237,1968,1h 32m,Unrated,2.6,974
"238. Gungala, the Black Panther Girl",https://www.imdb.com/title/tt0063038/?ref_=sr_t_238,1968,1h 28m,,5.1,94
239. Peony Lantern,https://www.imdb.com/title/tt0163985/?ref_=sr_t_239,1968,1h 29m,,7.1,292
240. The Curse of Her Flesh,https://www.imdb.com/title/tt0135316/?ref_=sr_t_240,1968,1h 15m,,5.0,320
241. The Wall of Flesh,https://www.imdb.com/title/tt0062468/?ref_=sr_t_241,1968,1h 28m,,6.8,21
242. The Bliss of Mrs. Blossom,https://www.imdb.com/title/tt0062739/?ref_=sr_t_242,1968,1h 33m,Approved,5.6,701
243. Deadfall,https://www.imdb.com/title/tt0062868/?ref_=sr_t_243,1968,2h,R,5.7,1.3K
244. Sweet November,https://www.imdb.com/title/tt0063661/?ref_=sr_t_244,1968,1h 54m,Approved,6.8,1.3K
245. House of Cards,https://www.imdb.com/title/tt0064448/?ref_=sr_t_245,1968,1h 45m,G,6.0,805
246. Oedipus the King,https://www.imdb.com/title/tt0063376/?ref_=sr_t_246,1968,1h 37m,G,6.3,372
247. How Sweet It Is!,https://www.imdb.com/title/tt0063098/?ref_=sr_t_247,1968,1h 39m,Not Rated,5.9,811
248. Sexy Baby,https://www.imdb.com/title/tt0062422/?ref_=sr_t_248,1968,1h 29m,,5.5,52
249. Frankenstein's Bloody Terror,https://www.imdb.com/title/tt0063275/?ref_=sr_t_249,1968,1h 18m,GP,5.6,965
250. Thunderbird 6,https://www.imdb.com/title/tt0063694/?ref_=sr_t_250,1968,1h 29m,G,6.3,1.7K
251. Without a Stitch,https://www.imdb.com/title/tt0063732/?ref_=sr_t_251,1968,1h 29m,R,4.8,280
252. Trail of the Falcon,https://www.imdb.com/title/tt0063638/?ref_=sr_t_252,1968,2h 1m,,5.9,294
253. Indecent Desires,https://www.imdb.com/title/tt0061561/?ref_=sr_t_253,1968,1h 15m,Not Rated,4.9,540
254. The Anniversary,https://www.imdb.com/title/tt0062671/?ref_=sr_t_254,1968,1h 35m,Approved,6.9,2.9K
255. She-Devils on Wheels,https://www.imdb.com/title/tt0063595/?ref_=sr_t_255,1968,1h 22m,Not Rated,4.5,1.1K
256. Naked Childhood,https://www.imdb.com/title/tt0065695/?ref_=sr_t_256,1968,1h 23m,Not Rated,7.4,2.8K
257. Birds in Peru,https://www.imdb.com/title/tt0063383/?ref_=sr_t_257,1968,1h 35m,X,4.9,204
258. A Fine Pair,https://www.imdb.com/title/tt0064329/?ref_=sr_t_258,1968,1h 53m,PG,4.9,537
259. Kill!,https://www.imdb.com/title/tt0063186/?ref_=sr_t_259,1968,1h 55m,Not Rated,7.4,3.3K
260. Commandos,https://www.imdb.com/title/tt0062819/?ref_=sr_t_260,1968,1h 38m,PG,5.4,1.1K
261. The Belle Star Story,https://www.imdb.com/title/tt0061981/?ref_=sr_t_261,1968,1h 43m,Not Rated,5.2,409
262. Sweden: Heaven and Hell,https://www.imdb.com/title/tt0063660/?ref_=sr_t_262,1968,1h 30m,X,5.7,337
263. A Place for Lovers,https://www.imdb.com/title/tt0062656/?ref_=sr_t_263,1968,1h 28m,R,5.5,909
264. Sebastian,https://www.imdb.com/title/tt0063570/?ref_=sr_t_264,1968,1h 40m,Approved,6.1,716
265. Day of the Evil Gun,https://www.imdb.com/title/tt0062865/?ref_=sr_t_265,1968,1h 35m,Approved,6.4,1.6K
266. Duffy,https://www.imdb.com/title/tt0062917/?ref_=sr_t_266,1968,1h 41m,Approved,5.7,617
267. Interlude,https://www.imdb.com/title/tt0063136/?ref_=sr_t_267,1968,1h 53m,M/PG,6.4,446
268. Lady Godiva Rides,https://www.imdb.com/title/tt0125332/?ref_=sr_t_268,1968,1h 44m,R,3.8,211
269. Diamonds for Breakfast,https://www.imdb.com/title/tt0062888/?ref_=sr_t_269,1968,1h 42m,M/PG,4.7,159
270. Symbiopsychotaxiplasm: Take One,https://www.imdb.com/title/tt0296881/?ref_=sr_t_270,1968,1h 15m,Not Rated,7.2,2.6K
271. The Sergeant,https://www.imdb.com/title/tt0063585/?ref_=sr_t_271,1968,1h 48m,R,6.6,727
272. The Young Animals,https://www.imdb.com/title/tt0062754/?ref_=sr_t_272,1968,1h 37m,M/PG,5.4,148
273. The Sea Gull,https://www.imdb.com/title/tt0063569/?ref_=sr_t_273,1968,2h 21m,G,6.6,1.1K
274. Love After Death,https://www.imdb.com/title/tt0250517/?ref_=sr_t_274,1968,1h 12m,Approved,4.2,220
275. One Night... a Train,https://www.imdb.com/title/tt0063737/?ref_=sr_t_275,1968,1h 26m,,6.8,851
276. Her Private Hell,https://www.imdb.com/title/tt0219769/?ref_=sr_t_276,1968,1h 24m,,4.8,204
277. The Girls,https://www.imdb.com/title/tt0062981/?ref_=sr_t_277,1968,1h 40m,Not Rated,6.7,979
278. Satanik,https://www.imdb.com/title/tt0063549/?ref_=sr_t_278,1968,1h 26m,Not Rated,4.7,470
279. The Red Light Bandit,https://www.imdb.com/title/tt0144782/?ref_=sr_t_279,1968,1h 32m,,7.3,1.8K
280. Stars of Eger,https://www.imdb.com/title/tt0062925/?ref_=sr_t_280,1968,2h 37m,,7.4,2.7K
281. Hammerhead,https://www.imdb.com/title/tt0063041/?ref_=sr_t_281,1968,1h 40m,Approved,5.1,594
282. Brides of Blood,https://www.imdb.com/title/tt0062758/?ref_=sr_t_282,1968,1h 37m,Not Rated,4.9,1K
283. Brahmachari,https://www.imdb.com/title/tt0147925/?ref_=sr_t_283,1968,2h 37m,,6.6,464
284. The Office Party,https://www.imdb.com/title/tt0145168/?ref_=sr_t_284,1968,1h 20m,Unrated,4.9,13
285. The Brotherhood,https://www.imdb.com/title/tt0062760/?ref_=sr_t_285,1968,1h 36m,PG-13,6.0,1.2K
286. Minagoroshi no reika,https://www.imdb.com/title/tt0122612/?ref_=sr_t_286,1968,1h 31m,,7.2,355
287. Dead Men Don't Count,https://www.imdb.com/title/tt0063853/?ref_=sr_t_287,1968,1h 28m,,6.1,264
288. Neel Kamal,https://www.imdb.com/title/tt0148523/?ref_=sr_t_288,1968,2h 40m,,6.8,366
289. Partner,https://www.imdb.com/title/tt0063414/?ref_=sr_t_289,1968,1h 45m,Not Rated,6.2,963
290. Black Lizard,https://www.imdb.com/title/tt0063203/?ref_=sr_t_290,1968,1h 26m,,6.9,678
291. Mission Mars,https://www.imdb.com/title/tt0063311/?ref_=sr_t_291,1968,1h 35m,G,4.3,377
292. Mad Doctor of Blood Island,https://www.imdb.com/title/tt0063255/?ref_=sr_t_292,1968,1h 29m,M/PG,4.6,957
293. Suhaag Raat,https://www.imdb.com/title/tt0378820/?ref_=sr_t_293,1968,2h 40m,Not Rated,4.9,47
294. Aadmi,https://www.imdb.com/title/tt0062640/?ref_=sr_t_294,1968,2h 55m,,6.9,235
295. The Diary of an Innocent Boy,https://www.imdb.com/title/tt0062724/?ref_=sr_t_295,1968,1h 43m,Approved,6.4,715
296. Köroglu,https://www.imdb.com/title/tt0183368/?ref_=sr_t_296,1968,1h 30m,,7.0,1K
297. Johnny Hamlet,https://www.imdb.com/title/tt0063479/?ref_=sr_t_297,1968,1h 31m,PG,6.5,691
298. Eve,https://www.imdb.com/title/tt0062951/?ref_=sr_t_298,1968,1h 37m,,4.7,183
"299. Today We Kill, Tomorrow We Die!",https://www.imdb.com/title/tt0063379/?ref_=sr_t_299,1968,1h 35m,GP,6.1,1.8K
300. Vechir na Ivana Kupala,https://www.imdb.com/title/tt0144187/?ref_=sr_t_300,1968,1h 11m,,7.3,494
301. Two Girls for a Madman,https://www.imdb.com/title/tt0062620/?ref_=sr_t_301,1968,1h 18m,Unrated,4.7,109
302. Gates to Paradise,https://www.imdb.com/title/tt0062461/?ref_=sr_t_302,1968,1h 29m,,6.1,245
"303. Goke, Body Snatcher from Hell",https://www.imdb.com/title/tt0063206/?ref_=sr_t_303,1968,1h 24m,PG,6.1,2.1K
304. Il medico della mutua,https://www.imdb.com/title/tt0063288/?ref_=sr_t_304,1968,1h 38m,,7.1,1.8K
305. Golden Swallow,https://www.imdb.com/title/tt0063105/?ref_=sr_t_305,1968,1h 49m,R,6.7,907
306. La rivoluzione sessuale,https://www.imdb.com/title/tt0063511/?ref_=sr_t_306,1968,1h 32m,,5.1,80
"307. If He Hollers, Let Him Go!",https://www.imdb.com/title/tt0063124/?ref_=sr_t_307,1968,1h 46m,R,6.0,181
308. Pedarasi Peddamma Katha,https://www.imdb.com/title/tt0293502/?ref_=sr_t_308,1968,2h 40m,Not Rated,6.7,7
309. Go for Broke,https://www.imdb.com/title/tt0062403/?ref_=sr_t_309,1968,1h 24m,,6.1,136
310. Lucia,https://www.imdb.com/title/tt0064609/?ref_=sr_t_310,1968,2h 40m,,7.1,1.2K
311. Lucrezia,https://www.imdb.com/title/tt0063249/?ref_=sr_t_311,1968,1h 38m,,4.4,48
312. The High Commissioner,https://www.imdb.com/title/tt0063067/?ref_=sr_t_312,1968,1h 41m,Approved,6.0,879
313. Yokai Monsters: 100 Monsters,https://www.imdb.com/title/tt0200301/?ref_=sr_t_313,1968,1h 19m,Not Rated,6.5,1K
314. Reconstruction,https://www.imdb.com/title/tt0063493/?ref_=sr_t_314,1968,1h 40m,,7.8,1.8K
315. Lonesome Cowboys,https://www.imdb.com/title/tt0063236/?ref_=sr_t_315,1968,1h 49m,X,5.2,594
316. The Ruthless Four,https://www.imdb.com/title/tt0060777/?ref_=sr_t_316,1968,1h 36m,M/PG,6.5,862
317. Täällä Pohjantähden alla,https://www.imdb.com/title/tt0063731/?ref_=sr_t_317,1968,3h 6m,,7.5,1.1K
318. Making of a Lady,https://www.imdb.com/title/tt0064569/?ref_=sr_t_318,1968,1h 38m,R,5.8,163
319. Mandabi,https://www.imdb.com/title/tt0063268/?ref_=sr_t_319,1968,1h 32m,Not Rated,7.3,1.6K
320. Madigan's Millions,https://www.imdb.com/title/tt0063303/?ref_=sr_t_320,1968,1h 26m,G,4.1,463
321. The Mini-Skirt Mob,https://www.imdb.com/title/tt0063306/?ref_=sr_t_321,1968,1h 22m,Not Rated,4.6,498
322. White Comanche,https://www.imdb.com/title/tt0061497/?ref_=sr_t_322,1968,1h 33m,TV-Y7,4.1,845
323. A Lady in Sirtaki Dance,https://www.imdb.com/title/tt0135548/?ref_=sr_t_323,1968,1h 36m,,6.0,545
324. Villa Rides,https://www.imdb.com/title/tt0063775/?ref_=sr_t_324,1968,2h 5m,R,6.3,2.4K
325. The Silent Stranger,https://www.imdb.com/title/tt0203953/?ref_=sr_t_325,1968,1h 32m,PG,5.9,330
326. Luana,https://www.imdb.com/title/tt0183428/?ref_=sr_t_326,1968,1h 28m,G,4.4,85
327. Sappho Darling,https://www.imdb.com/title/tt0064934/?ref_=sr_t_327,1968,1h 40m,R,5.6,65
328. Padosan,https://www.imdb.com/title/tt0063404/?ref_=sr_t_328,1968,2h 37m,Not Rated,8.1,7.7K
329. The Land of Many Perfumes,https://www.imdb.com/title/tt0452831/?ref_=sr_t_329,1968,1h 22m,,6.5,60
330. Amor en las nubes,https://www.imdb.com/title/tt0242267/?ref_=sr_t_330,1968,1h 25m,,3.6,26
331. Sequestro di persona,https://www.imdb.com/title/tt0063582/?ref_=sr_t_331,1968,1h 35m,,6.1,288
332. The Pink Jungle,https://www.imdb.com/title/tt0063429/?ref_=sr_t_332,1968,1h 44m,Approved,5.9,435
333. Just for the Hell of It,https://www.imdb.com/title/tt0063167/?ref_=sr_t_333,1968,1h 21m,Not Rated,4.2,545
334. Nanami: The Inferno of First Love,https://www.imdb.com/title/tt0061754/?ref_=sr_t_334,1968,1h 27m,X,7.1,951
335. Ho!,https://www.imdb.com/title/tt0063072/?ref_=sr_t_335,1968,1h 43m,,6.1,682
336. The Ideal Marriage,https://www.imdb.com/title/tt0063757/?ref_=sr_t_336,1968,1h 29m,R,4.4,28
337. The Lustful Turk,https://www.imdb.com/title/tt0063252/?ref_=sr_t_337,1968,1h 11m,X,4.3,72
338. She Mob,https://www.imdb.com/title/tt0063594/?ref_=sr_t_338,1968,1h 22m,,4.6,275
339. I bastardi,https://www.imdb.com/title/tt0062712/?ref_=sr_t_339,1968,1h 42m,R,5.8,491
340. An Italian from Kipseli,https://www.imdb.com/title/tt0204484/?ref_=sr_t_340,1968,1h 51m,,6.4,650
341. The Head Mistress,https://www.imdb.com/title/tt0161654/?ref_=sr_t_341,1968,1h 10m,,4.0,153
342. OSS 117 Murder for Sale,https://www.imdb.com/title/tt0062099/?ref_=sr_t_342,1968,1h 31m,GP,5.3,346
343. I Live for Your Death,https://www.imdb.com/title/tt0065997/?ref_=sr_t_343,1968,1h 34m,R,6.0,437
344. One Swedish Summer,https://www.imdb.com/title/tt0062619/?ref_=sr_t_344,1968,1h 45m,R,3.9,170
345. The Touchables,https://www.imdb.com/title/tt0063709/?ref_=sr_t_345,1968,1h 37m,R,5.2,217
346. Faut pas prendre les enfants du bon Dieu pour des canards sauvages,https://www.imdb.com/title/tt0063395/?ref_=sr_t_346,1968,1h 25m,M,6.0,545
"347. Samoa, Queen of the Jungle",https://www.imdb.com/title/tt0063537/?ref_=sr_t_347,1968,1h 29m,,4.6,149
348. Artists Under the Big Top: Perplexed,https://www.imdb.com/title/tt0062679/?ref_=sr_t_348,1968,1h 43m,,6.5,476
349. Blue,https://www.imdb.com/title/tt0062742/?ref_=sr_t_349,1968,1h 53m,TV-14,6.1,620
350. Soldaterkammerater på bjørnetjeneste,https://www.imdb.com/title/tt0063622/?ref_=sr_t_350,1968,1h 32m,,4.9,442
351. Big Time Gambling Boss,https://www.imdb.com/title/tt0199349/?ref_=sr_t_351,1968,1h 35m,,7.5,416
352. Mord am Montag,https://www.imdb.com/title/tt0230541/?ref_=sr_t_352,1968,1h 43m,,6.3,36
353. La concentration,https://www.imdb.com/title/tt0062822/?ref_=sr_t_353,1968,1h 30m,,7.5,35
"354. Komm nur, mein liebstes Vögelein",https://www.imdb.com/title/tt0063191/?ref_=sr_t_354,1968,1h 35m,,5.3,62
355. High School,https://www.imdb.com/title/tt0064429/?ref_=sr_t_355,1968,1h 15m,Not Rated,7.5,2.3K
356. The Tattoo,https://www.imdb.com/title/tt0063674/?ref_=sr_t_356,1968,1h 30m,,6.5,3.7K
357. Min søsters børn vælter byen,https://www.imdb.com/title/tt0063304/?ref_=sr_t_357,1968,1h 35m,,5.5,399
358. Platinum Pussycat,https://www.imdb.com/title/tt0240689/?ref_=sr_t_358,1968,1h 15m,,4.8,82
359. One + One,https://www.imdb.com/title/tt0063665/?ref_=sr_t_359,1968,1h 51m,Not Rated,6.2,3.4K
360. Tender Moment,https://www.imdb.com/title/tt0063224/?ref_=sr_t_360,1968,1h 22m,GP,6.9,218
361. The Wild Wild World of Jayne Mansfield,https://www.imdb.com/title/tt0063809/?ref_=sr_t_361,1968,1h 39m,,4.9,371
362. Eshchyo raz pro lyubov,https://www.imdb.com/title/tt0063824/?ref_=sr_t_362,1968,1h 36m,,7.5,347
363. Therese and Isabelle,https://www.imdb.com/title/tt0063683/?ref_=sr_t_363,1968,1h 58m,Not Rated,6.1,655
364. The Satanist,https://www.imdb.com/title/tt0416207/?ref_=sr_t_364,1968,1h 4m,Not Rated,4.5,205
365. Vaasna,https://www.imdb.com/title/tt0254843/?ref_=sr_t_365,1968,2h 30m,,5.3,20
366. Columna,https://www.imdb.com/title/tt0062814/?ref_=sr_t_366,1968,2h 13m,,7.7,783
367. Cauldron of Blood,https://www.imdb.com/title/tt0061494/?ref_=sr_t_367,1968,1h 35m,PG,4.0,563
368. They Came to Rob Las Vegas,https://www.imdb.com/title/tt0063684/?ref_=sr_t_368,1968,2h 4m,R,5.9,747
"369. Mrs. Brown, You've Got a Lovely Daughter",https://www.imdb.com/title/tt0063325/?ref_=sr_t_369,1968,1h 50m,G,4.7,584
370. The Violent Four,https://www.imdb.com/title/tt0062707/?ref_=sr_t_370,1968,1h 38m,Approved,7.1,898
371. Cinco en la cárcel,https://www.imdb.com/title/tt0294451/?ref_=sr_t_371,1968,1h 25m,,5.8,19
372. Fanny Hill,https://www.imdb.com/title/tt0062958/?ref_=sr_t_372,1968,1h 31m,R,4.5,127
373. Three Poplars on Plyuschikha Street,https://www.imdb.com/title/tt0062393/?ref_=sr_t_373,1968,1h 19m,,7.8,1.3K
374. House of Evil,https://www.imdb.com/title/tt0063097/?ref_=sr_t_374,1968,1h 29m,PG,3.7,408
375. Jigsaw,https://www.imdb.com/title/tt0063155/?ref_=sr_t_375,1968,1h 37m,Approved,5.8,198
376. Sex and the Law,https://www.imdb.com/title/tt0124774/?ref_=sr_t_376,1968,1h 31m,TV-MA,5.6,67
377. Before Winter Comes,https://www.imdb.com/title/tt0064075/?ref_=sr_t_377,1968,1h 43m,M,5.8,436
378. For Singles Only,https://www.imdb.com/title/tt0062987/?ref_=sr_t_378,1968,1h 31m,Approved,5.3,115
379. Manon 70,https://www.imdb.com/title/tt0063271/?ref_=sr_t_379,1968,1h 45m,R,5.8,558
380. The Scapular,https://www.imdb.com/title/tt0060379/?ref_=sr_t_380,1968,1h 25m,,7.4,405
381. The Bamboo Saucer,https://www.imdb.com/title/tt0062704/?ref_=sr_t_381,1968,1h 43m,G,5.4,576
382. How to Make a Doll,https://www.imdb.com/title/tt0063101/?ref_=sr_t_382,1968,1h 21m,Not Rated,3.0,365
383. Juventude e Ternura,https://www.imdb.com/title/tt0200758/?ref_=sr_t_383,1968,1h 25m,,5.4,35
"384. Run, Man, Run",https://www.imdb.com/title/tt0062825/?ref_=sr_t_384,1968,1h 41m,Not Rated,6.8,2.1K
385. Capricious Summer,https://www.imdb.com/title/tt0063527/?ref_=sr_t_385,1968,1h 14m,Unrated,6.9,1.7K
386. The Hour of the Furnaces,https://www.imdb.com/title/tt0063084/?ref_=sr_t_386,1968,4h 20m,Unrated,7.6,1.2K
387. They Call Us Misfits,https://www.imdb.com/title/tt0062900/?ref_=sr_t_387,1968,1h 40m,,7.3,1.7K
388. The Kiss of Her Flesh,https://www.imdb.com/title/tt0125316/?ref_=sr_t_388,1968,1h 15m,,5.1,301
389. Snow Treasure,https://www.imdb.com/title/tt0062282/?ref_=sr_t_389,1968,1h 35m,G,6.5,114
"390. Piluk, the Timid One",https://www.imdb.com/title/tt0194246/?ref_=sr_t_390,1968,1h 37m,,5.3,39
391. Erotik auf der Schulbank,https://www.imdb.com/title/tt0062937/?ref_=sr_t_391,1968,1h 34m,,7.1,45
392. Blackmailed Wives,https://www.imdb.com/title/tt0211270/?ref_=sr_t_392,1968,1h 3m,,,
393. The Long Day's Dying,https://www.imdb.com/title/tt0063237/?ref_=sr_t_393,1968,1h 35m,R,6.6,536
394. Lalka,https://www.imdb.com/title/tt0064570/?ref_=sr_t_394,1968,2h 33m,,6.9,686
395. Loving Feeling,https://www.imdb.com/title/tt0151404/?ref_=sr_t_395,1968,1h 22m,X,4.8,61
396. The Bizarre Ones,https://www.imdb.com/title/tt0211261/?ref_=sr_t_396,1968,1h 13m,,4.9,62
397. Angels from Hell,https://www.imdb.com/title/tt0062669/?ref_=sr_t_397,1968,1h 26m,R,4.9,411
398. The Snake Girl and the Silver-Haired Witch,https://www.imdb.com/title/tt0142360/?ref_=sr_t_398,1968,1h 22m,,6.6,569
399. High,https://www.imdb.com/title/tt0176813/?ref_=sr_t_399,1968,1h 20m,R,6.0,62
400. Submarine X-1,https://www.imdb.com/title/tt0063655/?ref_=sr_t_400,1968,1h 29m,G,5.3,752
401. Behind Locked Doors,https://www.imdb.com/title/tt0074195/?ref_=sr_t_401,1968,1h 19m,R,4.3,237
402. Gorgones kai mages,https://www.imdb.com/title/tt0180717/?ref_=sr_t_402,1968,1h 30m,,6.3,859
403. Bye Bye Braverman,https://www.imdb.com/title/tt0062768/?ref_=sr_t_403,1968,1h 34m,Approved,5.6,881
404. Alf 'n' Family,https://www.imdb.com/title/tt0065105/?ref_=sr_t_404,1968,1h 36m,PG,6.2,530
405. The Prophet,https://www.imdb.com/title/tt0063464/?ref_=sr_t_405,1968,1h 40m,PG,6.0,374
406. May God Forgive You... But I Won't,https://www.imdb.com/title/tt0162244/?ref_=sr_t_406,1968,1h 33m,,6.1,328
407. Heartbeat,https://www.imdb.com/title/tt0062789/?ref_=sr_t_407,1968,1h 43m,R,6.4,868
408. Return of the Secret Society,https://www.imdb.com/title/tt0122983/?ref_=sr_t_408,1968,1h 5m,,5.0,85
409. The Private Navy of Sgt. O'Farrell,https://www.imdb.com/title/tt0063459/?ref_=sr_t_409,1968,1h 32m,G,5.8,619
410. The Castle,https://www.imdb.com/title/tt0063563/?ref_=sr_t_410,1968,1h 33m,,6.8,297
411. Maria Isabel,https://www.imdb.com/title/tt0244066/?ref_=sr_t_411,1968,1h 56m,Not Rated,7.0,114
412. The Name of the Game Is Kill!,https://www.imdb.com/title/tt0063335/?ref_=sr_t_412,1968,1h 24m,,5.8,235
413. Great Catherine,https://www.imdb.com/title/tt0063034/?ref_=sr_t_413,1968,1h 39m,G,5.3,358
414. Mr. Freedom,https://www.imdb.com/title/tt0064674/?ref_=sr_t_414,1968,1h 35m,Not Rated,6.4,1.3K
415. Long Days of Hate,https://www.imdb.com/title/tt0066451/?ref_=sr_t_415,1968,1h 40m,M/PG,5.4,458
416. The Horror of Blackwood Castle,https://www.imdb.com/title/tt0061795/?ref_=sr_t_416,1968,1h 32m,PG,6.2,696
417. Killers Three,https://www.imdb.com/title/tt0063184/?ref_=sr_t_417,1968,1h 28m,Approved,4.7,217
418. Genocide,https://www.imdb.com/title/tt0063195/?ref_=sr_t_418,1968,1h 24m,Approved,4.7,778
419. Sappho '68,https://www.imdb.com/title/tt0257093/?ref_=sr_t_419,1968,1h 5m,,4.1,109
420. A Sweet Sickness,https://www.imdb.com/title/tt0128666/?ref_=sr_t_420,1968,1h 5m,Not Rated,4.7,176
421. A Man Called Dagger,https://www.imdb.com/title/tt0061946/?ref_=sr_t_421,1968,1h 26m,Approved,4.7,142
422. Emma Peel: Meine tollsten Abenteuer mit John Steed,https://www.imdb.com/title/tt13173474/?ref_=sr_t_422,1968,,,,
423. Gamera vs. Viras,https://www.imdb.com/title/tt0063000/?ref_=sr_t_423,1968,1h 15m,Not Rated,4.6,2K
424. Roberto Carlos em Ritmo de Aventura,https://www.imdb.com/title/tt0188180/?ref_=sr_t_424,1968,1h 37m,,5.6,275
425. Teen Bahuraniyan,https://www.imdb.com/title/tt0293634/?ref_=sr_t_425,1968,2h 40m,Not Rated,7.2,84
426. La bambolona,https://www.imdb.com/title/tt0062703/?ref_=sr_t_426,1968,1h 47m,,6.3,145
427. Corona de lágrimas,https://www.imdb.com/title/tt0061519/?ref_=sr_t_427,1968,1h 35m,,7.2,49
428. Very Happy Alexander,https://www.imdb.com/title/tt0061343/?ref_=sr_t_428,1968,1h 40m,G,7.3,2.4K
429. Man Who Cried for Revenge,https://www.imdb.com/title/tt0144626/?ref_=sr_t_429,1968,1h 34m,,5.6,183
430. The Valley of Death,https://www.imdb.com/title/tt0063818/?ref_=sr_t_430,1968,1h 29m,,6.1,1.7K
431. Superargo and the Faceless Giants,https://www.imdb.com/title/tt0062179/?ref_=sr_t_431,1968,1h 20m,G,4.3,436
432. Zatoichi and the Fugitives,https://www.imdb.com/title/tt0063835/?ref_=sr_t_432,1968,1h 22m,Not Rated,7.3,1.4K
433. Sergeant Ryker,https://www.imdb.com/title/tt0063584/?ref_=sr_t_433,1968,1h 25m,,6.1,476
"434. Zieh dich aus, Puppe",https://www.imdb.com/title/tt0063839/?ref_=sr_t_434,1968,1h 26m,,5.5,53
435. The Hellcats,https://www.imdb.com/title/tt0061759/?ref_=sr_t_435,1968,1h 30m,R,1.9,1.9K
436. Panic in the City,https://www.imdb.com/title/tt0062094/?ref_=sr_t_436,1968,1h 37m,Approved,5.2,183
437. Sol Madrid,https://www.imdb.com/title/tt0063621/?ref_=sr_t_437,1968,1h 30m,Approved,5.6,417
438. Sex Zone,https://www.imdb.com/title/tt0239960/?ref_=sr_t_438,1968,1h 12m,,6.3,46
439. Do Kaliyaan,https://www.imdb.com/title/tt0233587/?ref_=sr_t_439,1968,2h 40m,Not Rated,6.6,104
440. Hair,https://www.imdb.com/title/tt13635362/?ref_=sr_t_440,1968,54m,,,
441. Escalation,https://www.imdb.com/title/tt0062938/?ref_=sr_t_441,1968,1h 33m,,5.8,128
442. Beware the Black Widow,https://www.imdb.com/title/tt0211247/?ref_=sr_t_442,1968,1h 12m,Not Rated,4.8,112
443. Joseph and Zuleika,https://www.imdb.com/title/tt0293716/?ref_=sr_t_443,1968,1h 42m,,5.3,104
444. Sin with a Stranger,https://www.imdb.com/title/tt0191116/?ref_=sr_t_444,1968,1h 25m,X,6.9,46
445. Young Wolves,https://www.imdb.com/title/tt0063154/?ref_=sr_t_445,1968,1h 47m,,5.4,157
446. The Valiant Red Peony,https://www.imdb.com/title/tt0063064/?ref_=sr_t_446,1968,1h 38m,Not Rated,6.9,349
447. Separation,https://www.imdb.com/title/tt0063581/?ref_=sr_t_447,1968,1h 33m,,6.3,175
448. Too Much Too Often!,https://www.imdb.com/title/tt0128776/?ref_=sr_t_448,1968,1h 12m,Not Rated,5.3,117
449. The Kill,https://www.imdb.com/title/tt0207568/?ref_=sr_t_449,1968,45m,,4.3,84
450. Epiheirisis Apollon,https://www.imdb.com/title/tt0135412/?ref_=sr_t_450,1968,1h 28m,,6.0,239
451. Serafino,https://www.imdb.com/title/tt0063583/?ref_=sr_t_451,1968,1h 36m,GP,6.2,736
452. Revolution,https://www.imdb.com/title/tt0063503/?ref_=sr_t_452,1968,1h 27m,Not Rated,6.9,225
453. Pasha,https://www.imdb.com/title/tt0062092/?ref_=sr_t_453,1968,1h 30m,TV-MA,6.7,1.5K
454. O mikros drapetis,https://www.imdb.com/title/tt0264902/?ref_=sr_t_454,1968,1h 32m,,7.1,95
455. The Golden Calf,https://www.imdb.com/title/tt0063845/?ref_=sr_t_455,1968,2h 44m,,8.2,3.3K
456. Suburban Roulette,https://www.imdb.com/title/tt0062317/?ref_=sr_t_456,1968,1h 31m,R,4.7,169
457. Assignment to Kill,https://www.imdb.com/title/tt0062684/?ref_=sr_t_457,1968,1h 42m,Not Rated,6.0,517
458. Requiem for a Gringo,https://www.imdb.com/title/tt0063528/?ref_=sr_t_458,1968,1h 38m,,6.2,320
459. Vengeance,https://www.imdb.com/title/tt0063159/?ref_=sr_t_459,1968,1h 21m,GP,6.1,608
460. Samaritan Zatoichi,https://www.imdb.com/title/tt0164983/?ref_=sr_t_460,1968,1h 24m,Not Rated,7.2,1.4K
461. Arizona Bushwhackers,https://www.imdb.com/title/tt0062676/?ref_=sr_t_461,1968,1h 27m,Approved,5.0,379
462. O bakalogatos,https://www.imdb.com/title/tt0254981/?ref_=sr_t_462,1968,1h 24m,,7.5,119
463. Black Jesus,https://www.imdb.com/title/tt0063576/?ref_=sr_t_463,1968,1h 29m,GP,6.6,344
464. Der Turm der verbotenen Liebe,https://www.imdb.com/title/tt0063724/?ref_=sr_t_464,1968,1h 29m,R,5.0,233
465. Negatives,https://www.imdb.com/title/tt0063338/?ref_=sr_t_465,1968,1h 38m,R,5.8,163
466. The Pick-Up,https://www.imdb.com/title/tt0127108/?ref_=sr_t_466,1968,1h 32m,Not Rated,6.7,101
467. The Bushwhacker,https://www.imdb.com/title/tt0212017/?ref_=sr_t_467,1968,1h 26m,,4.0,174
468. Raja Aur Runk,https://www.imdb.com/title/tt0214037/?ref_=sr_t_468,1968,2h 25m,Not Rated,6.9,74
469. Come Play with Me,https://www.imdb.com/title/tt0063033/?ref_=sr_t_469,1968,1h 34m,M/PG,6.0,310
470. The Return of Monte Cristo,https://www.imdb.com/title/tt0174227/?ref_=sr_t_470,1968,1h 30m,,5.4,211
471. The Kidnapping of the Maidens,https://www.imdb.com/title/tt0063489/?ref_=sr_t_471,1968,1h 35m,,7.0,167
472. Me and My Brother,https://www.imdb.com/title/tt0063286/?ref_=sr_t_472,1968,1h 31m,,6.5,166
473. L'écume des jours,https://www.imdb.com/title/tt0155415/?ref_=sr_t_473,1968,1h 50m,,5.4,196
474. The Helicopter Spies,https://www.imdb.com/title/tt0063054/?ref_=sr_t_474,1968,1h 35m,Approved,5.7,441
475. Kanyadaan,https://www.imdb.com/title/tt0320100/?ref_=sr_t_475,1968,2h 29m,,7.4,117
476. Jy is My Liefling,https://www.imdb.com/title/tt0345470/?ref_=sr_t_476,1968,1h 38m,,5.5,11
477. A Sky Full of Stars for a Roof,https://www.imdb.com/title/tt0062618/?ref_=sr_t_477,1968,1h 40m,,5.9,636
478. King of the Hearts,https://www.imdb.com/title/tt0293608/?ref_=sr_t_478,1968,2h 15m,,7.0,1K
479. Izzat,https://www.imdb.com/title/tt0254437/?ref_=sr_t_479,1968,2h 15m,Not Rated,7.2,103
480. Eat Your Makeup,https://www.imdb.com/title/tt0061611/?ref_=sr_t_480,1968,45m,,7.2,172
481. Straziami ma di baci saziami,https://www.imdb.com/title/tt0063650/?ref_=sr_t_481,1968,1h 44m,,6.8,622
482. Rogue's Gallery,https://www.imdb.com/title/tt0063515/?ref_=sr_t_482,1968,1h 27m,Approved,6.2,80
483. I Want Him Dead,https://www.imdb.com/title/tt0063233/?ref_=sr_t_483,1968,1h 27m,,6.1,482
484. The Great Yokai War,https://www.imdb.com/title/tt0164402/?ref_=sr_t_484,1968,1h 19m,Not Rated,6.5,865
485. Stuntman,https://www.imdb.com/title/tt0063652/?ref_=sr_t_485,1968,1h 38m,R,5.9,118
486. The Man Without a Map,https://www.imdb.com/title/tt0203695/?ref_=sr_t_486,1968,1h 58m,,6.6,626
487. Subterfuge,https://www.imdb.com/title/tt0065045/?ref_=sr_t_487,1968,1h 29m,,5.2,157
488. Birds of Prey,https://www.imdb.com/title/tt0063488/?ref_=sr_t_488,1968,1h 45m,,6.3,759
489. Astragal,https://www.imdb.com/title/tt0062686/?ref_=sr_t_489,1968,1h 43m,,6.2,100
490. Sadhu Aur Shaitaan,https://www.imdb.com/title/tt0063533/?ref_=sr_t_490,1968,2h 35m,Not Rated,6.8,180
491. Bakeneko: A Vengeful Spirit,https://www.imdb.com/title/tt0202945/?ref_=sr_t_491,1968,1h 27m,,6.9,134
492. Uno straniero a Paso Bravo,https://www.imdb.com/title/tt0064818/?ref_=sr_t_492,1968,1h 32m,,5.8,189
493. Will Our Heroes Be Able to Find Their Friend Who Has Mysteriously Disappeared in Africa?,https://www.imdb.com/title/tt0063508/?ref_=sr_t_493,1968,2h 10m,,7.0,1.1K
494. Better a Widow,https://www.imdb.com/title/tt0064653/?ref_=sr_t_494,1968,1h 45m,M,5.8,59
495. College Girls,https://www.imdb.com/title/tt0123705/?ref_=sr_t_495,1968,1h 25m,,4.9,104
496. Wheel of Ashes,https://www.imdb.com/title/tt0229039/?ref_=sr_t_496,1968,1h 50m,Not Rated,6.9,140
497. Fear Chamber,https://www.imdb.com/title/tt0062960/?ref_=sr_t_497,1968,1h 28m,Not Rated,3.5,518
498. In the Year of the Pig,https://www.imdb.com/title/tt0064482/?ref_=sr_t_498,1968,1h 43m,Not Rated,7.4,2K
499. The Loves of Ondine,https://www.imdb.com/title/tt0061923/?ref_=sr_t_499,1968,1h 26m,,5.9,86
500. The Young Runaways,https://www.imdb.com/title/tt0063827/?ref_=sr_t_500,1968,1h 31m,Approved,5.3,263
