Title,Movie Link,Year,Duration,MPA,Rating,Votes
1. Barbie,https://www.imdb.com/title/tt1517268/?ref_=sr_t_1,2023,1h 54m,PG-13,6.8,585K
2. The Super Mario Bros. Movie,https://www.imdb.com/title/tt6718170/?ref_=sr_t_2,2023,1h 32m,PG,7.0,257K
3. Spider-Man: Across the Spider-Verse,https://www.imdb.com/title/tt9362722/?ref_=sr_t_3,2023,2h 20m,PG,8.5,428K
4. Guardians of the Galaxy Vol. 3,https://www.imdb.com/title/tt6791350/?ref_=sr_t_4,2023,2h 30m,PG-13,7.9,411K
5. Oppenheimer,https://www.imdb.com/title/tt15398776/?ref_=sr_t_5,2023,3h,R,8.3,834K
6. The Little Mermaid,https://www.imdb.com/title/tt5971474/?ref_=sr_t_6,2023,2h 15m,PG,7.2,163K
7. Wonka,https://www.imdb.com/title/tt6166392/?ref_=sr_t_7,2023,1h 56m,PG,7.0,169K
8. Ant-Man and the Wasp: Quantumania,https://www.imdb.com/title/tt10954600/?ref_=sr_t_8,2023,2h 4m,PG-13,6.0,244K
9. John Wick: Chapter 4,https://www.imdb.com/title/tt10366206/?ref_=sr_t_9,2023,2h 49m,R,7.6,363K
10. Sound of Freedom,https://www.imdb.com/title/tt7599146/?ref_=sr_t_10,2023,2h 11m,PG-13,7.6,126K
11. Taylor Swift: The Eras Tour,https://www.imdb.com/title/tt28814949/?ref_=sr_t_11,2023,2h 49m,PG-13,8.0,24K
12. Indiana Jones and the Dial of Destiny,https://www.imdb.com/title/tt1462764/?ref_=sr_t_12,2023,2h 34m,PG-13,6.5,214K
13. Mission: Impossible - Dead Reckoning Part One,https://www.imdb.com/title/tt9603212/?ref_=sr_t_13,2023,2h 43m,PG-13,7.7,273K
14. The Hunger Games: The Ballad of Songbirds & Snakes,https://www.imdb.com/title/tt10545296/?ref_=sr_t_14,2023,2h 37m,PG-13,6.7,150K
15. Transformers: Rise of the Beasts,https://www.imdb.com/title/tt5090568/?ref_=sr_t_15,2023,2h 7m,PG-13,6.0,117K
16. Creed III,https://www.imdb.com/title/tt11145118/?ref_=sr_t_16,2023,1h 56m,PG-13,6.7,98K
17. Elemental,https://www.imdb.com/title/tt15789038/?ref_=sr_t_17,2023,1h 41m,PG,7.0,144K
18. Fast X,https://www.imdb.com/title/tt5433140/?ref_=sr_t_18,2023,2h 21m,PG-13,5.7,129K
19. Five Nights at Freddy's,https://www.imdb.com/title/tt4589218/?ref_=sr_t_19,2023,1h 49m,PG-13,5.4,108K
20. Migration,https://www.imdb.com/title/tt6495056/?ref_=sr_t_20,2023,1h 23m,PG,6.6,38K
21. Aquaman and the Lost Kingdom,https://www.imdb.com/title/tt9663764/?ref_=sr_t_21,2023,2h 4m,PG-13,5.6,102K
22. Teenage Mutant Ninja Turtles: Mutant Mayhem,https://www.imdb.com/title/tt8589698/?ref_=sr_t_22,2023,1h 39m,PG,7.2,71K
23. Scream VI,https://www.imdb.com/title/tt17663992/?ref_=sr_t_23,2023,2h 2m,R,6.4,132K
24. The Flash,https://www.imdb.com/title/tt0439572/?ref_=sr_t_24,2023,2h 24m,PG-13,6.6,227K
25. Trolls Band Together,https://www.imdb.com/title/tt14362112/?ref_=sr_t_25,2023,1h 31m,PG,6.0,17K
26. Dungeons & Dragons: Honor Among Thieves,https://www.imdb.com/title/tt2906216/?ref_=sr_t_26,2023,2h 14m,PG-13,7.2,250K
27. The Equalizer 3,https://www.imdb.com/title/tt17024450/?ref_=sr_t_27,2023,1h 49m,R,6.8,138K
28. Anyone But You,https://www.imdb.com/title/tt26047818/?ref_=sr_t_28,2023,1h 43m,R,6.1,133K
29. The Nun II,https://www.imdb.com/title/tt10160976/?ref_=sr_t_29,2023,1h 50m,R,5.6,67K
30. The Marvels,https://www.imdb.com/title/tt10676048/?ref_=sr_t_30,2023,1h 45m,PG-13,5.5,142K
31. Meg 2: The Trench,https://www.imdb.com/title/tt9224104/?ref_=sr_t_31,2023,1h 56m,PG-13,5.0,89K
32. Insidious: The Red Door,https://www.imdb.com/title/tt13405778/?ref_=sr_t_32,2023,1h 47m,PG-13,5.5,56K
33. Blue Beetle,https://www.imdb.com/title/tt9362930/?ref_=sr_t_33,2023,2h 7m,PG-13,5.9,105K
34. Killers of the Flower Moon,https://www.imdb.com/title/tt5537002/?ref_=sr_t_34,2023,3h 26m,R,7.6,270K
35. Haunted Mansion,https://www.imdb.com/title/tt1695843/?ref_=sr_t_35,2023,2h 3m,PG-13,6.0,46K
36. Evil Dead Rise,https://www.imdb.com/title/tt13345606/?ref_=sr_t_36,2023,1h 36m,R,6.5,151K
37. The Exorcist: Believer,https://www.imdb.com/title/tt12921446/?ref_=sr_t_37,2023,1h 51m,R,4.8,45K
38. PAW Patrol: The Mighty Movie,https://www.imdb.com/title/tt15837338/?ref_=sr_t_38,2023,1h 28m,PG,5.9,5.6K
39. Cocaine Bear,https://www.imdb.com/title/tt14209916/?ref_=sr_t_39,2023,1h 35m,R,5.9,116K
40. Wish,https://www.imdb.com/title/tt11304740/?ref_=sr_t_40,2023,1h 35m,PG,5.6,45K
41. Napoleon,https://www.imdb.com/title/tt13287846/?ref_=sr_t_41,2023,2h 38m,R,6.3,165K
42. The Color Purple,https://www.imdb.com/title/tt1200263/?ref_=sr_t_42,2023,2h 21m,PG-13,6.8,18K
43. Shazam! Fury of the Gods,https://www.imdb.com/title/tt10151854/?ref_=sr_t_43,2023,2h 10m,PG-13,5.9,133K
44. Godzilla Minus One,https://www.imdb.com/title/tt23289160/?ref_=sr_t_44,2023,2h 4m,PG-13,7.7,161K
45. Saw X,https://www.imdb.com/title/tt21807222/?ref_=sr_t_45,2023,1h 58m,R,6.6,86K
46. The Boys in the Boat,https://www.imdb.com/title/tt1856080/?ref_=sr_t_46,2023,2h 3m,PG-13,7.0,26K
47. Air,https://www.imdb.com/title/tt16419074/?ref_=sr_t_47,2023,1h 51m,R,7.4,179K
48. Jesus Revolution,https://www.imdb.com/title/tt10098448/?ref_=sr_t_48,2023,2h,PG-13,7.1,15K
49. No Hard Feelings,https://www.imdb.com/title/tt15671028/?ref_=sr_t_49,2023,1h 43m,R,6.4,184K
50. The Boy and the Heron,https://www.imdb.com/title/tt6587046/?ref_=sr_t_50,2023,2h 4m,PG-13,7.4,85K
51. Gran Turismo,https://www.imdb.com/title/tt4495098/?ref_=sr_t_51,2023,2h 14m,PG-13,7.1,115K
52. The Boogeyman,https://www.imdb.com/title/tt3427252/?ref_=sr_t_52,2023,1h 38m,PG-13,5.9,48K
53. A Haunting in Venice,https://www.imdb.com/title/tt22687790/?ref_=sr_t_53,2023,1h 43m,PG-13,6.5,126K
54. The Creator,https://www.imdb.com/title/tt11858890/?ref_=sr_t_54,2023,2h 13m,PG-13,6.7,178K
55. 80 for Brady,https://www.imdb.com/title/tt18079362/?ref_=sr_t_55,2023,1h 38m,PG-13,5.9,13K
56. Knock at the Cabin,https://www.imdb.com/title/tt15679400/?ref_=sr_t_56,2023,1h 40m,R,6.1,130K
57. The Iron Claw,https://www.imdb.com/title/tt21064584/?ref_=sr_t_57,2023,2h 12m,R,7.6,97K
58. Poor Things,https://www.imdb.com/title/tt14230458/?ref_=sr_t_58,2023,2h 21m,R,7.8,320K
59. Renaissance: A Film by Beyoncé,https://www.imdb.com/title/tt29354040/?ref_=sr_t_59,2023,2h 49m,Not Rated,8.6,3.6K
60. Missing,https://www.imdb.com/title/tt10855768/?ref_=sr_t_60,2023,1h 51m,PG-13,7.1,65K
61. Plane,https://www.imdb.com/title/tt5884796/?ref_=sr_t_61,2023,1h 47m,R,6.5,87K
62. 65,https://www.imdb.com/title/tt12261776/?ref_=sr_t_62,2023,1h 33m,PG-13,5.4,97K
63. Thanksgiving,https://www.imdb.com/title/tt1448754/?ref_=sr_t_63,2023,1h 46m,R,6.2,67K
64. My Big Fat Greek Wedding 3,https://www.imdb.com/title/tt21103300/?ref_=sr_t_64,2023,1h 32m,PG-13,5.2,11K
65. Asteroid City,https://www.imdb.com/title/tt14230388/?ref_=sr_t_65,2023,1h 45m,PG-13,6.5,126K
66. Magic Mike's Last Dance,https://www.imdb.com/title/tt16280138/?ref_=sr_t_66,2023,1h 52m,R,5.2,18K
67. Strays,https://www.imdb.com/title/tt15153532/?ref_=sr_t_67,2023,1h 33m,R,6.3,34K
68. The Bikeriders,https://www.imdb.com/title/tt21454134/?ref_=sr_t_68,2023,1h 56m,R,6.7,58K
69. American Fiction,https://www.imdb.com/title/tt23561236/?ref_=sr_t_69,2023,1h 57m,R,7.5,105K
70. Priscilla,https://www.imdb.com/title/tt22041854/?ref_=sr_t_70,2023,1h 53m,R,6.5,44K
"71. Are You There God? It's Me, Margaret.",https://www.imdb.com/title/tt9185206/?ref_=sr_t_71,2023,1h 46m,PG-13,7.3,32K
72. The Holdovers,https://www.imdb.com/title/tt14849194/?ref_=sr_t_72,2023,2h 13m,R,7.9,187K
73. The Pope's Exorcist,https://www.imdb.com/title/tt13375076/?ref_=sr_t_73,2023,1h 43m,R,6.1,92K
74. Ferrari,https://www.imdb.com/title/tt3758542/?ref_=sr_t_74,2023,2h 10m,R,6.4,60K
75. Book Club: The Next Chapter,https://www.imdb.com/title/tt20768712/?ref_=sr_t_75,2023,1h 47m,PG-13,5.6,8.1K
76. Pathaan,https://www.imdb.com/title/tt12844910/?ref_=sr_t_76,2023,2h 26m,Not Rated,5.8,160K
77. Renfield,https://www.imdb.com/title/tt11358390/?ref_=sr_t_77,2023,1h 33m,R,6.4,106K
78. The Blind,https://www.imdb.com/title/tt16374352/?ref_=sr_t_78,2023,1h 48m,PG-13,6.2,2.4K
79. Guy Ritchie's the Covenant,https://www.imdb.com/title/tt4873118/?ref_=sr_t_79,2023,2h 3m,R,7.5,181K
80. The Expendables 4,https://www.imdb.com/title/tt3291150/?ref_=sr_t_80,2023,1h 43m,R,4.8,47K
81. Champions,https://www.imdb.com/title/tt15339570/?ref_=sr_t_81,2023,2h 4m,PG-13,6.8,29K
82. Ruby Gillman: Teenage Kraken,https://www.imdb.com/title/tt27155038/?ref_=sr_t_82,2023,1h 31m,PG,5.7,12K
83. Jawan,https://www.imdb.com/title/tt15354916/?ref_=sr_t_83,2023,2h 49m,Not Rated,6.9,103K
84. Animal,https://www.imdb.com/title/tt13751694/?ref_=sr_t_84,2023,3h 24m,Not Rated,6.1,103K
85. Dumb Money,https://www.imdb.com/title/tt13957560/?ref_=sr_t_85,2023,1h 45m,R,6.9,54K
86. The Last Voyage of the Demeter,https://www.imdb.com/title/tt1001520/?ref_=sr_t_86,2023,1h 58m,R,6.1,60K
87. Joy Ride,https://www.imdb.com/title/tt15268244/?ref_=sr_t_87,2023,1h 35m,R,6.4,26K
88. His Only Son,https://www.imdb.com/title/tt8277246/?ref_=sr_t_88,2023,1h 46m,PG-13,5.9,2.7K
89. The Shift,https://www.imdb.com/title/tt19406606/?ref_=sr_t_89,2023,1h 55m,PG-13,5.5,5.6K
90. About My Father,https://www.imdb.com/title/tt8373206/?ref_=sr_t_90,2023,1h 30m,PG-13,5.7,15K
91. Bottoms,https://www.imdb.com/title/tt17527468/?ref_=sr_t_91,2023,1h 31m,R,6.7,50K
92. After Death,https://www.imdb.com/title/tt21191906/?ref_=sr_t_92,2023,1h 48m,PG-13,6.3,1.8K
93. Saltburn,https://www.imdb.com/title/tt17351924/?ref_=sr_t_93,2023,2h 11m,R,7.0,234K
94. Past Lives,https://www.imdb.com/title/tt13238346/?ref_=sr_t_94,2023,1h 45m,PG-13,7.8,141K
95. The Machine,https://www.imdb.com/title/tt11040844/?ref_=sr_t_95,2023,1h 52m,R,5.7,17K
96. Demon Slayer: Kimetsu No Yaiba - To the Swordsmith Village,https://www.imdb.com/title/tt26537229/?ref_=sr_t_96,2023,1h 50m,R,7.6,13K
97. Late Night with the Devil,https://www.imdb.com/title/tt14966898/?ref_=sr_t_97,2023,1h 33m,R,7.0,109K
98. House Party,https://www.imdb.com/title/tt8005118/?ref_=sr_t_98,2023,1h 40m,R,4.4,4.6K
99. Salaar,https://www.imdb.com/title/tt13927994/?ref_=sr_t_99,2023,2h 55m,Not Rated,6.6,73K
100. Radical,https://www.imdb.com/title/tt14570440/?ref_=sr_t_100,2023,2h 5m,PG-13,7.8,6K
101. The Zone of Interest,https://www.imdb.com/title/tt7160372/?ref_=sr_t_101,2023,1h 45m,PG-13,7.3,123K
102. Beau Is Afraid,https://www.imdb.com/title/tt13521006/?ref_=sr_t_102,2023,2h 59m,R,6.7,68K
103. Spy x Family Code: White,https://www.imdb.com/title/tt26684398/?ref_=sr_t_103,2023,1h 50m,PG-13,7.3,5.7K
104. BTS: Yet to Come in Cinemas,https://www.imdb.com/title/tt24807190/?ref_=sr_t_104,2023,1h 44m,Not Rated,8.6,1.8K
105. Silent Night,https://www.imdb.com/title/tt15799866/?ref_=sr_t_105,2023,1h 44m,R,5.3,24K
106. The Hill,https://www.imdb.com/title/tt8051894/?ref_=sr_t_106,2023,2h 6m,PG,6.7,7.4K
107. Dunki,https://www.imdb.com/title/tt15428134/?ref_=sr_t_107,2023,2h 40m,Not Rated,6.5,80K
108. Sight,https://www.imdb.com/title/tt12873300/?ref_=sr_t_108,2023,1h 43m,PG-13,6.6,1.6K
109. Retribution,https://www.imdb.com/title/tt6906292/?ref_=sr_t_109,2023,1h 31m,R,5.3,24K
110. Journey to Bethlehem,https://www.imdb.com/title/tt13848804/?ref_=sr_t_110,2023,1h 39m,PG,6.4,3.1K
111. Next Goal Wins,https://www.imdb.com/title/tt10767052/?ref_=sr_t_111,2023,1h 44m,PG-13,6.5,28K
112. I.S.S.,https://www.imdb.com/title/tt13655120/?ref_=sr_t_112,2023,1h 35m,R,5.3,11K
113. Operation Fortune: Ruse de Guerre,https://www.imdb.com/title/tt7985704/?ref_=sr_t_113,2023,1h 54m,R,6.3,97K
114. Love Again,https://www.imdb.com/title/tt10276482/?ref_=sr_t_114,2023,1h 44m,PG-13,5.9,16K
115. The Book of Clarence,https://www.imdb.com/title/tt22866358/?ref_=sr_t_115,2023,2h 9m,PG-13,5.7,6.9K
116. Dream Scenario,https://www.imdb.com/title/tt21942866/?ref_=sr_t_116,2023,1h 42m,R,6.9,79K
117. One Life,https://www.imdb.com/title/tt13097932/?ref_=sr_t_117,2023,1h 49m,PG,7.5,31K
118. Nefarious,https://www.imdb.com/title/tt14537248/?ref_=sr_t_118,2023,1h 37m,R,6.4,32K
119. Big George Foreman,https://www.imdb.com/title/tt12226632/?ref_=sr_t_119,2023,2h 9m,PG-13,6.6,10K
120. Waitress: The Musical,https://www.imdb.com/title/tt15477042/?ref_=sr_t_120,2023,2h 24m,,7.9,2.2K
121. Tiger 3,https://www.imdb.com/title/tt18411490/?ref_=sr_t_121,2023,2h 35m,Not Rated,5.7,55K
122. Freelance,https://www.imdb.com/title/tt15744298/?ref_=sr_t_122,2023,1h 48m,R,5.5,24K
123. Infinity Pool,https://www.imdb.com/title/tt10365998/?ref_=sr_t_123,2023,1h 57m,R,6.0,64K
124. Anatomy of a Fall,https://www.imdb.com/title/tt17009710/?ref_=sr_t_124,2023,2h 31m,R,7.7,163K
125. White Bird,https://www.imdb.com/title/tt11068094/?ref_=sr_t_125,2023,2h 1m,PG-13,7.3,4.2K
126. The Wandering Earth II,https://www.imdb.com/title/tt13539646/?ref_=sr_t_126,2023,2h 53m,Not Rated,6.7,15K
127. Wicked Little Letters,https://www.imdb.com/title/tt20234774/?ref_=sr_t_127,2023,1h 40m,R,7.0,34K
128. You Hurt My Feelings,https://www.imdb.com/title/tt15771916/?ref_=sr_t_128,2023,1h 33m,R,6.6,14K
129. Kandahar,https://www.imdb.com/title/tt5761544/?ref_=sr_t_129,2023,1h 59m,R,6.1,39K
130. Golda,https://www.imdb.com/title/tt14454876/?ref_=sr_t_130,2023,1h 40m,PG-13,5.9,14K
131. Origin,https://www.imdb.com/title/tt13321244/?ref_=sr_t_131,2023,2h 21m,PG-13,7.2,6.8K
132. It Lives Inside,https://www.imdb.com/title/tt15683734/?ref_=sr_t_132,2023,1h 39m,PG-13,5.2,8.3K
133. Hypnotic,https://www.imdb.com/title/tt8080204/?ref_=sr_t_133,2023,1h 33m,R,5.5,40K
134. Mummies,https://www.imdb.com/title/tt23177868/?ref_=sr_t_134,2023,1h 28m,PG,5.9,9.7K
135. All of Us Strangers,https://www.imdb.com/title/tt21192142/?ref_=sr_t_135,2023,1h 45m,R,7.6,66K
136. Theater Camp,https://www.imdb.com/title/tt21232992/?ref_=sr_t_136,2023,1h 32m,PG-13,6.9,18K
137. Ponniyin Selvan: Part Two,https://www.imdb.com/title/tt22444570/?ref_=sr_t_137,2023,2h 44m,,7.2,19K
138. Perfect Days,https://www.imdb.com/title/tt27503384/?ref_=sr_t_138,2023,2h 4m,PG,7.9,71K
139. Left Behind: Rise of the Antichrist,https://www.imdb.com/title/tt16174868/?ref_=sr_t_139,2023,1h 55m,Not Rated,4.5,2.3K
140. The Journey: A Music Special from Andrea Bocelli,https://www.imdb.com/title/tt26769730/?ref_=sr_t_140,2023,,,7.7,127
141. Mafia Mamma,https://www.imdb.com/title/tt13923456/?ref_=sr_t_141,2023,1h 41m,R,5.4,12K
142. A Thousand and One,https://www.imdb.com/title/tt12427158/?ref_=sr_t_142,2023,1h 57m,R,7.0,7.7K
143. What Happens Later,https://www.imdb.com/title/tt19890316/?ref_=sr_t_143,2023,1h 43m,R,4.8,4.2K
144. Strange Darling,https://www.imdb.com/title/tt22375054/?ref_=sr_t_144,2023,1h 37m,R,7.1,37K
145. The Long Game,https://www.imdb.com/title/tt7738330/?ref_=sr_t_145,2023,1h 52m,PG,6.7,6.4K
146. 2023 Oscar Nominated Short Films: Live Action,https://www.imdb.com/title/tt26687422/?ref_=sr_t_146,2023,1h 50m,,7.5,45
147. The Taste of Things,https://www.imdb.com/title/tt19760052/?ref_=sr_t_147,2023,2h 15m,PG-13,7.4,16K
148. Ezra,https://www.imdb.com/title/tt20315818/?ref_=sr_t_148,2023,1h 41m,R,6.5,4.1K
149. Boy Kills World,https://www.imdb.com/title/tt13923084/?ref_=sr_t_149,2023,1h 51m,R,6.4,31K
150. Tu Jhoothi Main Makkaar,https://www.imdb.com/title/tt8672856/?ref_=sr_t_150,2023,2h 30m,Not Rated,6.0,29K
151. Problemista,https://www.imdb.com/title/tt15078804/?ref_=sr_t_151,2023,1h 44m,R,6.8,7.4K
152. Come Out in Jesus Name,https://www.imdb.com/title/tt27002406/?ref_=sr_t_152,2023,1h 30m,,5.1,2.9K
153. Sing Sing,https://www.imdb.com/title/tt28479262/?ref_=sr_t_153,2023,1h 47m,R,7.7,6.6K
154. The Miracle Club,https://www.imdb.com/title/tt12712604/?ref_=sr_t_154,2023,1h 30m,PG-13,6.4,6.8K
155. In the Land of Saints and Sinners,https://www.imdb.com/title/tt15782690/?ref_=sr_t_155,2023,1h 46m,R,6.3,23K
156. A Good Person,https://www.imdb.com/title/tt14153080/?ref_=sr_t_156,2023,2h 8m,R,7.1,26K
157. Fear,https://www.imdb.com/title/tt12830948/?ref_=sr_t_157,2023,1h 38m,R,3.7,2.3K
158. Winnie-the-Pooh: Blood and Honey,https://www.imdb.com/title/tt19623240/?ref_=sr_t_158,2023,1h 24m,Not Rated,2.9,33K
159. Lee,https://www.imdb.com/title/tt5112584/?ref_=sr_t_159,2023,1h 57m,R,6.9,18K
160. Jules,https://www.imdb.com/title/tt15428940/?ref_=sr_t_160,2023,1h 27m,PG-13,6.8,14K
161. The Marsh King's Daughter,https://www.imdb.com/title/tt8002382/?ref_=sr_t_161,2023,1h 49m,R,5.9,13K
162. City of Dreams,https://www.imdb.com/title/tt6898324/?ref_=sr_t_162,2023,1h 54m,R,6.9,958
163. Creation of the Gods I: Kingdom of Storms,https://www.imdb.com/title/tt6979756/?ref_=sr_t_163,2023,2h 28m,Not Rated,6.7,4.8K
164. The Retirement Plan,https://www.imdb.com/title/tt14827638/?ref_=sr_t_164,2023,1h 43m,R,5.1,8.9K
165. Route 60: The Biblical Highway,https://www.imdb.com/title/tt28002892/?ref_=sr_t_165,2023,1h 40m,,6.5,55
166. Polite Society,https://www.imdb.com/title/tt18257464/?ref_=sr_t_166,2023,1h 44m,PG-13,6.6,12K
167. BlackBerry,https://www.imdb.com/title/tt21867434/?ref_=sr_t_167,2023,2h,R,7.3,53K
168. Dicks: The Musical,https://www.imdb.com/title/tt7130916/?ref_=sr_t_168,2023,1h 26m,R,5.3,3.6K
169. Eileen,https://www.imdb.com/title/tt5198890/?ref_=sr_t_169,2023,1h 37m,R,5.9,16K
170. Maybe I Do,https://www.imdb.com/title/tt20879602/?ref_=sr_t_170,2023,1h 35m,PG-13,5.0,10K
171. Billie Eilish Live at the O2,https://www.imdb.com/title/tt26348071/?ref_=sr_t_171,2023,1h 45m,,7.8,201
172. Irena's Vow,https://www.imdb.com/title/tt19869662/?ref_=sr_t_172,2023,2h 1m,R,6.7,1.9K
173. Kill,https://www.imdb.com/title/tt28259207/?ref_=sr_t_173,2023,1h 45m,R,7.5,35K
174. Camp Hideout,https://www.imdb.com/title/tt14051976/?ref_=sr_t_174,2023,1h 40m,PG,4.3,1.1K
175. Knights of the Zodiac,https://www.imdb.com/title/tt6528290/?ref_=sr_t_175,2023,1h 52m,PG-13,4.4,15K
176. Widow Clicquot,https://www.imdb.com/title/tt3234122/?ref_=sr_t_176,2023,1h 30m,R,6.3,2.9K
177. La Chimera,https://www.imdb.com/title/tt14561712/?ref_=sr_t_177,2023,2h 10m,Not Rated,7.3,15K
178. Daddio,https://www.imdb.com/title/tt7461686/?ref_=sr_t_178,2023,1h 40m,R,6.6,9.3K
179. Fallen Leaves,https://www.imdb.com/title/tt21027780/?ref_=sr_t_179,2023,1h 21m,Unrated,7.3,31K
180. Inside,https://www.imdb.com/title/tt14781036/?ref_=sr_t_180,2023,1h 45m,R,5.5,19K
181. The Roundup: No Way Out,https://www.imdb.com/title/tt21364552/?ref_=sr_t_181,2023,1h 45m,,6.6,6.9K
182. Freud's Last Session,https://www.imdb.com/title/tt20420628/?ref_=sr_t_182,2023,1h 50m,PG-13,6.1,5.8K
183. Robot Dreams,https://www.imdb.com/title/tt13429870/?ref_=sr_t_183,2023,1h 43m,PG-13,7.6,18K
184. Fool's Paradise,https://www.imdb.com/title/tt9013340/?ref_=sr_t_184,2023,1h 38m,R,4.7,6.8K
185. The Domino Revival,https://www.imdb.com/title/tt28088015/?ref_=sr_t_185,2023,2h 5m,PG-13,5.6,513
186. Evil Does Not Exist,https://www.imdb.com/title/tt28490044/?ref_=sr_t_186,2023,1h 46m,,7.0,9.5K
187. Jungle Bunch: Operation Meltdown,https://www.imdb.com/title/tt21810762/?ref_=sr_t_187,2023,1h 29m,PG,5.6,357
188. It's a Wonderful Knife,https://www.imdb.com/title/tt27619382/?ref_=sr_t_188,2023,1h 27m,R,5.2,8.2K
189. Paint,https://www.imdb.com/title/tt14472156/?ref_=sr_t_189,2023,1h 36m,PG-13,5.0,5.8K
190. Hidden Blade,https://www.imdb.com/title/tt16565742/?ref_=sr_t_190,2023,2h 8m,,6.3,6.6K
191. Janet Planet,https://www.imdb.com/title/tt28366692/?ref_=sr_t_191,2023,1h 53m,PG-13,6.2,2.5K
192. Stopmotion,https://www.imdb.com/title/tt14852624/?ref_=sr_t_192,2023,1h 33m,R,5.6,8.7K
193. The Royal Hotel,https://www.imdb.com/title/tt18363072/?ref_=sr_t_193,2023,1h 31m,R,5.8,13K
194. Roll with It,https://www.imdb.com/title/tt10622260/?ref_=sr_t_194,2023,1h 55m,,7.5,103
195. The Dead Don't Hurt,https://www.imdb.com/title/tt22773644/?ref_=sr_t_195,2023,2h 9m,R,6.4,7.2K
196. Rally Road Racers,https://www.imdb.com/title/tt8417168/?ref_=sr_t_196,2023,1h 33m,PG,5.2,987
197. She Came to Me,https://www.imdb.com/title/tt6689014/?ref_=sr_t_197,2023,1h 42m,R,6.0,7.6K
198. SEVENTEEN TOUR 'FOLLOW' to JAPAN: LIVE VIEWING,https://www.imdb.com/title/tt30247072/?ref_=sr_t_198,2023,3h 30m,,9.5,37
199. Tuesday,https://www.imdb.com/title/tt14682800/?ref_=sr_t_199,2023,1h 50m,R,6.3,3.4K
200. Shortcomings,https://www.imdb.com/title/tt14483774/?ref_=sr_t_200,2023,1h 32m,R,6.4,4K
201. Back on the Strip,https://www.imdb.com/title/tt6048442/?ref_=sr_t_201,2023,1h 57m,R,4.2,751
202. Joan Baez I Am a Noise,https://www.imdb.com/title/tt26594061/?ref_=sr_t_202,2023,1h 53m,,7.0,772
203. The Teachers' Lounge,https://www.imdb.com/title/tt26612950/?ref_=sr_t_203,2023,1h 38m,PG-13,7.4,24K
204. CatVideoFest 2023,https://www.imdb.com/title/tt28285532/?ref_=sr_t_204,2023,1h 13m,,7.9,19
205. The Thorn,https://www.imdb.com/title/tt6645792/?ref_=sr_t_205,2023,1h 25m,Not Rated,7.6,68
206. Wildcat,https://www.imdb.com/title/tt26442871/?ref_=sr_t_206,2023,1h 43m,Not Rated,5.7,1.1K
207. The Persian Version,https://www.imdb.com/title/tt24076146/?ref_=sr_t_207,2023,1h 47m,R,6.2,4.1K
208. Passages,https://www.imdb.com/title/tt16252698/?ref_=sr_t_208,2023,1h 31m,Unrated,6.6,13K
209. When Evil Lurks,https://www.imdb.com/title/tt16300962/?ref_=sr_t_209,2023,1h 39m,Not Rated,6.9,48K
210. Sweetwater,https://www.imdb.com/title/tt2365971/?ref_=sr_t_210,2023,1h 58m,PG-13,6.0,1.4K
211. Consecration,https://www.imdb.com/title/tt14993352/?ref_=sr_t_211,2023,1h 31m,R,5.2,4.4K
212. Firebrand,https://www.imdb.com/title/tt15000156/?ref_=sr_t_212,2023,2h 1m,R,6.3,4K
213. The Oath,https://www.imdb.com/title/tt18925050/?ref_=sr_t_213,2023,1h 44m,PG-13,3.4,637
214. Anselm,https://www.imdb.com/title/tt27502250/?ref_=sr_t_214,2023,1h 33m,,7.2,1.9K
215. The Good Mother,https://www.imdb.com/title/tt21222462/?ref_=sr_t_215,2023,1h 30m,R,4.7,2.4K
216. You Can Call Me Bill,https://www.imdb.com/title/tt21190556/?ref_=sr_t_216,2023,1h 36m,PG-13,6.9,474
217. The Critic,https://www.imdb.com/title/tt13457790/?ref_=sr_t_217,2023,1h 41m,R,6.0,3.8K
218. Monster,https://www.imdb.com/title/tt23736044/?ref_=sr_t_218,2023,2h 7m,PG-13,7.8,32K
219. Carlos,https://www.imdb.com/title/tt20417104/?ref_=sr_t_219,2023,1h 27m,R,7.2,383
220. Scrambled,https://www.imdb.com/title/tt21270966/?ref_=sr_t_220,2023,1h 40m,R,5.8,1.4K
221. The Beast,https://www.imdb.com/title/tt14407336/?ref_=sr_t_221,2023,2h 26m,Unrated,6.5,7.9K
222. The Essential Church,https://www.imdb.com/title/tt28093168/?ref_=sr_t_222,2023,2h 6m,PG-13,5.7,342
223. Hard Miles,https://www.imdb.com/title/tt15353574/?ref_=sr_t_223,2023,1h 48m,PG-13,6.4,1K
224. Memory,https://www.imdb.com/title/tt19864828/?ref_=sr_t_224,2023,1h 43m,R,6.7,8K
225. Go West,https://www.imdb.com/title/tt23026530/?ref_=sr_t_225,2023,1h 30m,,6.1,311
226. The Sweet East,https://www.imdb.com/title/tt27546190/?ref_=sr_t_226,2023,1h 44m,,6.4,3.1K
227. Selfiee,https://www.imdb.com/title/tt15516726/?ref_=sr_t_227,2023,2h 28m,,5.7,14K
228. Wild Life,https://www.imdb.com/title/tt26520932/?ref_=sr_t_228,2023,1h 33m,PG-13,7.1,793
229. Waltair Veerayya,https://www.imdb.com/title/tt15281402/?ref_=sr_t_229,2023,2h 35m,,6.2,7.9K
230. Outlaw Johnny Black,https://www.imdb.com/title/tt8667828/?ref_=sr_t_230,2023,2h 10m,PG-13,5.6,1.7K
231. Noryang: Deadly Sea,https://www.imdb.com/title/tt22813112/?ref_=sr_t_231,2023,2h 32m,Not Rated,6.3,918
232. The Lesson,https://www.imdb.com/title/tt20358284/?ref_=sr_t_232,2023,1h 43m,R,6.1,3.2K
233. Psycho-Pass: Providence,https://www.imdb.com/title/tt26224944/?ref_=sr_t_233,2023,2h,R,7.0,680
234. UFC 291: Poirier vs. Gaethje 2,https://www.imdb.com/title/tt27716694/?ref_=sr_t_234,2023,3h,,7.9,83
235. The Inventor,https://www.imdb.com/title/tt5822848/?ref_=sr_t_235,2023,1h 40m,PG,5.7,750
236. We Grown Now,https://www.imdb.com/title/tt28639049/?ref_=sr_t_236,2023,1h 33m,PG,6.8,1K
237. Mirando Al Cielo,https://www.imdb.com/title/tt9104622/?ref_=sr_t_237,2023,2h 2m,,7.4,52
238. Southern Gospel,https://www.imdb.com/title/tt11932678/?ref_=sr_t_238,2023,1h 49m,PG-13,5.7,418
239. Accidental Texan,https://www.imdb.com/title/tt9201172/?ref_=sr_t_239,2023,1h 44m,PG-13,5.8,699
240. Born to Fly,https://www.imdb.com/title/tt22058628/?ref_=sr_t_240,2023,2h 8m,,5.8,2.7K
241. Every Body,https://www.imdb.com/title/tt27074938/?ref_=sr_t_241,2023,1h 32m,R,6.6,960
242. Fremont,https://www.imdb.com/title/tt8591526/?ref_=sr_t_242,2023,1h 31m,,6.9,3.4K
243. Housekeeping for Beginners,https://www.imdb.com/title/tt24244436/?ref_=sr_t_243,2023,1h 47m,R,7.0,1.1K
244. National Anthem,https://www.imdb.com/title/tt22803220/?ref_=sr_t_244,2023,1h 39m,R,6.2,1.2K
245. Blue Giant,https://www.imdb.com/title/tt15737898/?ref_=sr_t_245,2023,2h,,7.9,2.6K
246. Common Ground,https://www.imdb.com/title/tt27547378/?ref_=sr_t_246,2023,1h 41m,PG,8.0,124
247. The Promised Land,https://www.imdb.com/title/tt20561198/?ref_=sr_t_247,2023,2h 7m,R,7.7,29K
248. The Carpenter,https://www.imdb.com/title/tt21387696/?ref_=sr_t_248,2023,,,6.0,95
249. Afire,https://www.imdb.com/title/tt26440619/?ref_=sr_t_249,2023,1h 42m,,7.1,9.4K
250. Shelter in Solitude,https://www.imdb.com/title/tt14907358/?ref_=sr_t_250,2023,1h 33m,,6.1,363
251. I Can,https://www.imdb.com/title/tt15332976/?ref_=sr_t_251,2023,1h 25m,PG,6.6,1.7K
252. It's Only Life After All,https://www.imdb.com/title/tt12716222/?ref_=sr_t_252,2023,2h 3m,TV-MA,7.8,270
253. The Old Oak,https://www.imdb.com/title/tt19883634/?ref_=sr_t_253,2023,1h 53m,,7.1,12K
254. Malum,https://www.imdb.com/title/tt9472334/?ref_=sr_t_254,2023,1h 32m,18+,5.1,6.2K
255. Asphalt City,https://www.imdb.com/title/tt9663896/?ref_=sr_t_255,2023,2h 5m,R,6.1,6.6K
256. Scrapper,https://www.imdb.com/title/tt8649252/?ref_=sr_t_256,2023,1h 24m,Not Rated,6.9,7.1K
257. On Fire,https://www.imdb.com/title/tt15783520/?ref_=sr_t_257,2023,1h 20m,PG-13,5.2,1.6K
258. Landscape with Invisible Hand,https://www.imdb.com/title/tt7645334/?ref_=sr_t_258,2023,1h 45m,R,5.9,4K
259. Aggro Dr1ft,https://www.imdb.com/title/tt28494518/?ref_=sr_t_259,2023,1h 20m,,5.6,901
260. Mars Express,https://www.imdb.com/title/tt26915336/?ref_=sr_t_260,2023,1h 28m,Not Rated,7.5,10K
261. I Did It My Way,https://www.imdb.com/title/tt21330770/?ref_=sr_t_261,2023,1h 55m,,5.2,438
262. The Canterville Ghost,https://www.imdb.com/title/tt2403439/?ref_=sr_t_262,2023,1h 29m,PG,6.0,1.4K
263. Femme,https://www.imdb.com/title/tt20114686/?ref_=sr_t_263,2023,1h 39m,,7.3,6.2K
264. Onyx the Fortuitous and the Talisman of Souls,https://www.imdb.com/title/tt14402316/?ref_=sr_t_264,2023,1h 48m,Not Rated,6.2,2.2K
265. Close to Vermeer,https://www.imdb.com/title/tt26773666/?ref_=sr_t_265,2023,1h 19m,,7.3,498
266. Last Summer,https://www.imdb.com/title/tt14550346/?ref_=sr_t_266,2023,1h 44m,,6.4,3.1K
267. I Used to Be Funny,https://www.imdb.com/title/tt16300138/?ref_=sr_t_267,2023,1h 45m,,6.4,3.2K
268. The Wrath of Becky,https://www.imdb.com/title/tt20916568/?ref_=sr_t_268,2023,1h 24m,R,6.1,15K
269. The Other Zoey,https://www.imdb.com/title/tt11951276/?ref_=sr_t_269,2023,1h 31m,PG-13,5.9,12K
270. How to Have Sex,https://www.imdb.com/title/tt22890246/?ref_=sr_t_270,2023,1h 31m,Not Rated,6.5,19K
271. Coup!,https://www.imdb.com/title/tt23793170/?ref_=sr_t_271,2023,1h 38m,,6.1,2.1K
272. Remembering Gene Wilder,https://www.imdb.com/title/tt21215388/?ref_=sr_t_272,2023,1h 32m,,7.8,3.1K
273. The Monk and the Gun,https://www.imdb.com/title/tt15560314/?ref_=sr_t_273,2023,1h 47m,PG-13,7.2,3K
274. A Cat's Life,https://www.imdb.com/title/tt15097144/?ref_=sr_t_274,2023,1h 23m,PG,6.1,441
275. The Highest of Stakes,https://www.imdb.com/title/tt28077332/?ref_=sr_t_275,2023,1h 33m,,6.8,946
276. The Starling Girl,https://www.imdb.com/title/tt21156390/?ref_=sr_t_276,2023,1h 57m,R,6.7,2.7K
277. ¡Que viva México!,https://www.imdb.com/title/tt22185848/?ref_=sr_t_277,2023,3h 11m,R,5.6,2.6K
278. La Usurpadora: The Musical,https://www.imdb.com/title/tt16301792/?ref_=sr_t_278,2023,1h 55m,PG-13,6.1,193
279. Unit 262,https://www.imdb.com/title/tt28567651/?ref_=sr_t_279,2023,1h 24m,,1.6,189
280. The Peasants,https://www.imdb.com/title/tt10651230/?ref_=sr_t_280,2023,1h 54m,R,7.6,7.3K
281. Weak Layers,https://www.imdb.com/title/tt16383764/?ref_=sr_t_281,2023,1h 39m,,4.5,300
282. The Good Half,https://www.imdb.com/title/tt27544281/?ref_=sr_t_282,2023,1h 36m,,5.5,774
283. Io Capitano,https://www.imdb.com/title/tt14225838/?ref_=sr_t_283,2023,2h 1m,Not Rated,7.6,15K
284. Tokyo Cowboy,https://www.imdb.com/title/tt22815732/?ref_=sr_t_284,2023,1h 58m,PG,7.4,184
285. Ransomed,https://www.imdb.com/title/tt27795356/?ref_=sr_t_285,2023,2h 12m,Not Rated,6.6,1.4K
286. Menus-Plaisirs - Les Troisgros,https://www.imdb.com/title/tt28494786/?ref_=sr_t_286,2023,4h,,7.8,594
287. The Kill Room,https://www.imdb.com/title/tt11908172/?ref_=sr_t_287,2023,1h 38m,R,5.5,8K
288. Birth/Rebirth,https://www.imdb.com/title/tt9048804/?ref_=sr_t_288,2023,1h 41m,R,6.2,7.5K
289. Four Daughters,https://www.imdb.com/title/tt27502426/?ref_=sr_t_289,2023,1h 47m,Not Rated,7.4,3.8K
290. Have You Got It Yet? The Story of Syd Barrett and Pink Floyd,https://www.imdb.com/title/tt7182482/?ref_=sr_t_290,2023,1h 34m,,7.4,409
291. Priyotoma,https://www.imdb.com/title/tt28228231/?ref_=sr_t_291,2023,2h 35m,,5.6,22K
292. Little Richard: I Am Everything,https://www.imdb.com/title/tt13885492/?ref_=sr_t_292,2023,1h 41m,TV-MA,7.4,1.7K
293. Poolman,https://www.imdb.com/title/tt18077924/?ref_=sr_t_293,2023,1h 40m,R,4.0,2.4K
294. Zombie Town,https://www.imdb.com/title/tt21431644/?ref_=sr_t_294,2023,1h 32m,PG-13,3.8,1.8K
295. Sometimes I Think About Dying,https://www.imdb.com/title/tt16431966/?ref_=sr_t_295,2023,1h 34m,PG-13,6.5,5.3K
296. Ride On,https://www.imdb.com/title/tt15430628/?ref_=sr_t_296,2023,2h 6m,,6.3,6.4K
297. The Angry Black Girl and Her Monster,https://www.imdb.com/title/tt19896150/?ref_=sr_t_297,2023,1h 31m,Not Rated,5.4,2.2K
298. The Crime Is Mine,https://www.imdb.com/title/tt20330434/?ref_=sr_t_298,2023,1h 42m,,6.5,6K
299. About Dry Grasses,https://www.imdb.com/title/tt13231544/?ref_=sr_t_299,2023,3h 17m,Not Rated,7.7,16K
300. Malibu Horror Story,https://www.imdb.com/title/tt2488666/?ref_=sr_t_300,2023,1h 23m,Not Rated,4.7,2.1K
301. Divinity,https://www.imdb.com/title/tt15444046/?ref_=sr_t_301,2023,1h 28m,,5.3,1.3K
302. The Childe,https://www.imdb.com/title/tt27534328/?ref_=sr_t_302,2023,1h 58m,,6.8,5.3K
303. Totem,https://www.imdb.com/title/tt26315142/?ref_=sr_t_303,2023,1h 35m,Unrated,7.0,3.5K
304. Carol Doda Topless at the Condor,https://www.imdb.com/title/tt12280494/?ref_=sr_t_304,2023,1h 40m,R,6.8,178
305. Green Border,https://www.imdb.com/title/tt27722543/?ref_=sr_t_305,2023,2h 32m,,6.4,6.7K
306. Day by Day,https://www.imdb.com/title/tt28649695/?ref_=sr_t_306,2023,1h 52m,,,
307. Soul Mates,https://www.imdb.com/title/tt21839254/?ref_=sr_t_307,2023,1h 28m,R,5.0,747
308. The Last Stop in Yuma County,https://www.imdb.com/title/tt11674730/?ref_=sr_t_308,2023,1h 30m,R,6.9,15K
309. The Moon,https://www.imdb.com/title/tt27688034/?ref_=sr_t_309,2023,2h 9m,,5.8,9.6K
310. Invisible Beauty,https://www.imdb.com/title/tt24132808/?ref_=sr_t_310,2023,1h 55m,,7.4,171
311. Fitting In,https://www.imdb.com/title/tt21103576/?ref_=sr_t_311,2023,1h 45m,R,6.1,1K
312. Ryuichi Sakamoto: Opus,https://www.imdb.com/title/tt28490873/?ref_=sr_t_312,2023,1h 43m,,8.1,763
313. Dr. Cheon and Lost Talisman,https://www.imdb.com/title/tt29005755/?ref_=sr_t_313,2023,1h 38m,,5.9,995
314. Red Rooms,https://www.imdb.com/title/tt22207786/?ref_=sr_t_314,2023,1h 58m,,7.1,9.3K
315. The Feeling That the Time for Doing Something Has Passed,https://www.imdb.com/title/tt27722061/?ref_=sr_t_315,2023,1h 27m,,5.8,1.2K
316. Close Your Eyes,https://www.imdb.com/title/tt21284358/?ref_=sr_t_316,2023,2h 49m,,7.2,3.8K
317. Kokomo City,https://www.imdb.com/title/tt22528178/?ref_=sr_t_317,2023,1h 13m,R,7.1,1.4K
318. DogMan,https://www.imdb.com/title/tt17009348/?ref_=sr_t_318,2023,1h 55m,R,6.8,18K
319. Caligula: The Ultimate Cut,https://www.imdb.com/title/tt29703523/?ref_=sr_t_319,2023,2h 58m,,6.4,1K
320. Omar and Cedric: If This Ever Gets Weird,https://www.imdb.com/title/tt29629778/?ref_=sr_t_320,2023,2h 7m,,8.6,82
321. Inside the Yellow Cocoon Shell,https://www.imdb.com/title/tt10399622/?ref_=sr_t_321,2023,2h 59m,,6.7,1.6K
322. Do Not Expect Too Much from the End of the World,https://www.imdb.com/title/tt18162096/?ref_=sr_t_322,2023,2h 43m,,7.4,3.9K
323. Day of the Fight,https://www.imdb.com/title/tt21987878/?ref_=sr_t_323,2023,1h 48m,R,7.2,244
324. The League,https://www.imdb.com/title/tt15514684/?ref_=sr_t_324,2023,1h 43m,PG,7.4,331
325. Close to You,https://www.imdb.com/title/tt28055434/?ref_=sr_t_325,2023,1h 40m,R,5.0,1K
326. Fresh Kills,https://www.imdb.com/title/tt15782954/?ref_=sr_t_326,2023,2h,,5.8,1.1K
327. Uncharitable,https://www.imdb.com/title/tt10378492/?ref_=sr_t_327,2023,1h 30m,,8.5,42
328. The Eternal Memory,https://www.imdb.com/title/tt24082488/?ref_=sr_t_328,2023,1h 25m,,7.4,3.7K
329. Sirocco and the Kingdom of the Winds,https://www.imdb.com/title/tt12015692/?ref_=sr_t_329,2023,1h 14m,,7.0,352
330. How to Come Alive with Norman Mailer,https://www.imdb.com/title/tt31926053/?ref_=sr_t_330,2023,,,8.2,42
331. High & Low - John Galliano,https://www.imdb.com/title/tt27795526/?ref_=sr_t_331,2023,1h 56m,,7.1,1.1K
332. Taking Venice,https://www.imdb.com/title/tt8906960/?ref_=sr_t_332,2023,1h 38m,,7.4,59
333. Shayda,https://www.imdb.com/title/tt13200006/?ref_=sr_t_333,2023,1h 57m,PG-13,6.7,1.1K
334. Story Ave,https://www.imdb.com/title/tt21877154/?ref_=sr_t_334,2023,1h 46m,,6.1,465
335. The Great Turkey Town Miracle,https://www.imdb.com/title/tt15331620/?ref_=sr_t_335,2023,PG,,6.3,83
336. They Shot the Piano Player,https://www.imdb.com/title/tt11242654/?ref_=sr_t_336,2023,1h 44m,PG-13,6.6,812
337. My Happy Ending,https://www.imdb.com/title/tt3197780/?ref_=sr_t_337,2023,1h 29m,R,5.4,499
338. Nam June Paik: Moon Is the Oldest TV,https://www.imdb.com/title/tt24079736/?ref_=sr_t_338,2023,1h 47m,,6.9,251
339. The Mission,https://www.imdb.com/title/tt28097834/?ref_=sr_t_339,2023,1h 43m,PG-13,6.3,1.2K
340. The Stones and Brian Jones,https://www.imdb.com/title/tt27696645/?ref_=sr_t_340,2023,1h 33m,,7.0,671
341. The Cowboy and the Queen,https://www.imdb.com/title/tt31353888/?ref_=sr_t_341,2023,1h 25m,,9.4,71
342. Cat Person,https://www.imdb.com/title/tt14647404/?ref_=sr_t_342,2023,1h 58m,R,6.0,7.2K
343. Riddle of Fire,https://www.imdb.com/title/tt7575046/?ref_=sr_t_343,2023,1h 55m,PG-13,6.6,1.7K
344. King Coal,https://www.imdb.com/title/tt24132176/?ref_=sr_t_344,2023,1h 20m,,7.0,236
345. Summoning Sylvia,https://www.imdb.com/title/tt14443888/?ref_=sr_t_345,2023,1h 14m,R,5.3,4.3K
346. All Dirt Roads Taste of Salt,https://www.imdb.com/title/tt11534720/?ref_=sr_t_346,2023,1h 32m,PG,5.9,1.2K
347. Flipside,https://www.imdb.com/title/tt28575316/?ref_=sr_t_347,2023,1h 32m,,7.2,192
348. Lonesome Soldier,https://www.imdb.com/title/tt20257492/?ref_=sr_t_348,2023,1h 49m,R,6.5,2.2K
"349. Nosotros, los De la Fe",https://www.imdb.com/title/tt29843440/?ref_=sr_t_349,2023,1h 58m,,8.4,33
350. Banel & Adama,https://www.imdb.com/title/tt26256406/?ref_=sr_t_350,2023,1h 27m,,6.3,664
351. MR-9: Do or Die,https://www.imdb.com/title/tt9044418/?ref_=sr_t_351,2023,1h 46m,,3.5,1.3K
352. The Disappearance of Shere Hite,https://www.imdb.com/title/tt24078380/?ref_=sr_t_352,2023,1h 58m,R,7.5,612
353. The Vourdalak,https://www.imdb.com/title/tt28313478/?ref_=sr_t_353,2023,1h 31m,,6.4,1.1K
354. The Settlers,https://www.imdb.com/title/tt10370812/?ref_=sr_t_354,2023,1h 37m,Not Rated,6.9,5.2K
355. Thabo and the Rhino Case,https://www.imdb.com/title/tt22755734/?ref_=sr_t_355,2023,1h 37m,PG,6.2,146
356. Mountains,https://www.imdb.com/title/tt22170270/?ref_=sr_t_356,2023,1h 35m,,7.1,123
357. Limbo,https://www.imdb.com/title/tt21833834/?ref_=sr_t_357,2023,1h 48m,,6.1,1.9K
358. The Delinquents,https://www.imdb.com/title/tt18558306/?ref_=sr_t_358,2023,3h 9m,Unrated,6.8,3.9K
359. Crumb Catcher,https://www.imdb.com/title/tt7178516/?ref_=sr_t_359,2023,1h 43m,,6.2,142
360. Radical Wolfe,https://www.imdb.com/title/tt28308341/?ref_=sr_t_360,2023,1h 16m,,7.2,320
361. Popular Theory,https://www.imdb.com/title/tt21956238/?ref_=sr_t_361,2023,1h 28m,PG,5.9,318
362. Little Girl Blue,https://www.imdb.com/title/tt26714897/?ref_=sr_t_362,2023,1h 35m,,6.3,403
363. Nurse Unseen,https://www.imdb.com/title/tt15209904/?ref_=sr_t_363,2023,1h 33m,,8.8,31
364. The Line,https://www.imdb.com/title/tt10092170/?ref_=sr_t_364,2023,1h 40m,,6.6,363
365. Orlando: My Political Biography,https://www.imdb.com/title/tt26448981/?ref_=sr_t_365,2023,1h 38m,Unrated,7.0,597
366. The Absence of Eden,https://www.imdb.com/title/tt10353588/?ref_=sr_t_366,2023,1h 25m,R,4.8,528
"367. What the Hell Happened to Blood, Sweat & Tears?",https://www.imdb.com/title/tt13693964/?ref_=sr_t_367,2023,1h 52m,,7.1,169
368. Kidnapped: The Abduction of Edgardo Mortara,https://www.imdb.com/title/tt14137416/?ref_=sr_t_368,2023,2h 14m,Not Rated,7.0,3.8K
369. The Concierge at Hokkyoku Department Store,https://www.imdb.com/title/tt28607487/?ref_=sr_t_369,2023,1h 10m,,6.6,473
370. Cora Bora,https://www.imdb.com/title/tt20221208/?ref_=sr_t_370,2023,1h 32m,,5.8,215
371. Sleep,https://www.imdb.com/title/tt8209702/?ref_=sr_t_371,2023,1h 35m,,6.6,5K
372. The Pod Generation,https://www.imdb.com/title/tt15768848/?ref_=sr_t_372,2023,1h 50m,PG-13,5.6,5.7K
373. The Headmistress,https://www.imdb.com/title/tt10487924/?ref_=sr_t_373,2023,,,3.9,124
374. Smoke Sauna Sisterhood,https://www.imdb.com/title/tt23640230/?ref_=sr_t_374,2023,1h 29m,,7.1,2.6K
375. Once Again (For the Very First Time),https://www.imdb.com/title/tt28779607/?ref_=sr_t_375,2023,1h 46m,,8.2,34
376. SOMM: Cup of Salvation,https://www.imdb.com/title/tt11656704/?ref_=sr_t_376,2023,1h 30m,,8.0,41
377. Full Circle,https://www.imdb.com/title/tt28753853/?ref_=sr_t_377,2023,1h 43m,TV-MA,7.4,191
378. Gasoline Rainbow,https://www.imdb.com/title/tt28494031/?ref_=sr_t_378,2023,1h 51m,,6.4,1.2K
379. The Activated Man,https://www.imdb.com/title/tt26753672/?ref_=sr_t_379,2023,1h 55m,R,7.3,1.4K
380. Daaaaaali!,https://www.imdb.com/title/tt23476446/?ref_=sr_t_380,2023,1h 17m,,6.6,3K
381. Mother Couch,https://www.imdb.com/title/tt23778430/?ref_=sr_t_381,2023,1h 36m,,5.3,1.2K
"382. Food, Inc. 2",https://www.imdb.com/title/tt26342131/?ref_=sr_t_382,2023,1h 34m,,6.8,414
383. Uproar,https://www.imdb.com/title/tt20255028/?ref_=sr_t_383,2023,1h 50m,PG-13,6.6,1.4K
384. Return to Reason: Four Films by Man Ray,https://www.imdb.com/title/tt27656132/?ref_=sr_t_384,2023,1h 10m,,7.1,137
385. Dance First,https://www.imdb.com/title/tt15845360/?ref_=sr_t_385,2023,1h 40m,,6.1,667
386. Lost Soulz,https://www.imdb.com/title/tt27507837/?ref_=sr_t_386,2023,1h 35m,,5.5,254
387. The Nature of Love,https://www.imdb.com/title/tt22487338/?ref_=sr_t_387,2023,1h 50m,,6.9,2.9K
388. Before the Sunset,https://www.imdb.com/title/tt28758809/?ref_=sr_t_388,2023,1h 59m,PG-13,7.0,19
389. Free Time,https://www.imdb.com/title/tt24806518/?ref_=sr_t_389,2023,1h 18m,,5.4,298
390. Inshallah a Boy,https://www.imdb.com/title/tt25406412/?ref_=sr_t_390,2023,1h 53m,,7.2,1.5K
391. The Featherweight,https://www.imdb.com/title/tt2352396/?ref_=sr_t_391,2023,1h 39m,,6.3,763
392. Aporia,https://www.imdb.com/title/tt8511466/?ref_=sr_t_392,2023,1h 44m,R,5.6,2.2K
393. Chicken for Linda!,https://www.imdb.com/title/tt21042126/?ref_=sr_t_393,2023,1h 13m,,7.1,956
394. Kensuke's Kingdom,https://www.imdb.com/title/tt5674658/?ref_=sr_t_394,2023,1h 25m,PG,7.0,809
395. Hounds,https://www.imdb.com/title/tt25750836/?ref_=sr_t_395,2023,1h 34m,,6.3,585
396. Always a Winner,https://www.imdb.com/title/tt19047736/?ref_=sr_t_396,2023,1h 25m,,6.7,47
397. Glitter & Doom,https://www.imdb.com/title/tt14304018/?ref_=sr_t_397,2023,1h 55m,,6.5,219
398. Suitable Flesh,https://www.imdb.com/title/tt21397580/?ref_=sr_t_398,2023,1h 40m,,5.4,7.2K
399. On the Adamant,https://www.imdb.com/title/tt26448811/?ref_=sr_t_399,2023,1h 49m,,6.8,1K
400. Your Lucky Day,https://www.imdb.com/title/tt16424988/?ref_=sr_t_400,2023,1h 29m,R,5.9,3.5K
401. What Doesn't Float,https://www.imdb.com/title/tt11438854/?ref_=sr_t_401,2023,1h 9m,,7.0,64
402. Happy Clothes: A Film About Patricia Field,https://www.imdb.com/title/tt17634108/?ref_=sr_t_402,2023,1h 40m,,7.6,62
403. Carole King Home Again: Live in Central Park,https://www.imdb.com/title/tt26420051/?ref_=sr_t_403,2023,1h 19m,,7.4,80
404. Humanist Vampire Seeking Consenting Suicidal Person,https://www.imdb.com/title/tt24216998/?ref_=sr_t_404,2023,1h 30m,Unrated,7.0,6.3K
405. Shift: The Ragbrai Documentary,https://www.imdb.com/title/tt27919746/?ref_=sr_t_405,2023,1h 1m,,8.0,14
406. The Invisible Fight,https://www.imdb.com/title/tt20420790/?ref_=sr_t_406,2023,1h 55m,,5.9,592
407. Another Body,https://www.imdb.com/title/tt22464734/?ref_=sr_t_407,2023,1h 20m,,6.4,457
408. Catching Fire: The Story of Anita Pallenberg,https://www.imdb.com/title/tt27766499/?ref_=sr_t_408,2023,1h 53m,,7.1,436
409. Solo,https://www.imdb.com/title/tt27715185/?ref_=sr_t_409,2023,1h 41m,,7.1,465
410. Day by Day: The Dynasty,https://www.imdb.com/title/tt29630400/?ref_=sr_t_410,2023,2h 9m,,9.6,9
411. Sympathy for the Devil,https://www.imdb.com/title/tt21991654/?ref_=sr_t_411,2023,1h 30m,Unrated,5.5,12K
412. The Animal Kingdom,https://www.imdb.com/title/tt16606592/?ref_=sr_t_412,2023,2h 8m,,6.7,9.8K
413. Beyond Utopia,https://www.imdb.com/title/tt25470468/?ref_=sr_t_413,2023,1h 55m,PG-13,7.9,4.3K
414. Disco Boy,https://www.imdb.com/title/tt22180518/?ref_=sr_t_414,2023,1h 32m,,6.3,1.6K
415. Club Zero,https://www.imdb.com/title/tt18235146/?ref_=sr_t_415,2023,1h 50m,,5.9,2.9K
416. The In-Law Gang!,https://www.imdb.com/title/tt13254554/?ref_=sr_t_416,2023,1h 37m,,5.2,41
417. Lousy Carter,https://www.imdb.com/title/tt27774989/?ref_=sr_t_417,2023,1h 20m,,6.0,740
418. Amelia's Children,https://www.imdb.com/title/tt26594993/?ref_=sr_t_418,2023,1h 31m,,5.2,1.9K
419. Food and Country,https://www.imdb.com/title/tt23623894/?ref_=sr_t_419,2023,1h 40m,,6.8,83
420. Omen,https://www.imdb.com/title/tt21086802/?ref_=sr_t_420,2023,1h 32m,,5.9,1K
421. Rare Objects,https://www.imdb.com/title/tt15836468/?ref_=sr_t_421,2023,2h 3m,R,5.3,578
422. Obsessed with Light,https://www.imdb.com/title/tt14741348/?ref_=sr_t_422,2023,1h 30m,,7.6,23
423. The Falling Star,https://www.imdb.com/title/tt21962898/?ref_=sr_t_423,2023,1h 38m,,5.6,264
424. Scream Therapy,https://www.imdb.com/title/tt15824240/?ref_=sr_t_424,2023,1h 18m,,7.4,81
425. Drift,https://www.imdb.com/title/tt20415224/?ref_=sr_t_425,2023,1h 33m,,6.3,694
426. Great Absence,https://www.imdb.com/title/tt28568332/?ref_=sr_t_426,2023,2h 13m,,6.4,115
427. Deep Sea,https://www.imdb.com/title/tt25434854/?ref_=sr_t_427,2023,1h 52m,PG-13,6.7,2.3K
428. Red Island,https://www.imdb.com/title/tt13846540/?ref_=sr_t_428,2023,1h 57m,,5.9,612
429. Starring Jerry as Himself,https://www.imdb.com/title/tt23329452/?ref_=sr_t_429,2023,1h 15m,,7.5,128
430. Chestnut,https://www.imdb.com/title/tt15558178/?ref_=sr_t_430,2023,1h 27m,,4.7,392
431. Eureka,https://www.imdb.com/title/tt12965010/?ref_=sr_t_431,2023,2h 27m,,6.1,621
432. Mayhem!,https://www.imdb.com/title/tt19319352/?ref_=sr_t_432,2023,1h 39m,R,6.3,2.7K
433. I Got a Monster,https://www.imdb.com/title/tt11395060/?ref_=sr_t_433,2023,1h 30m,,6.6,226
434. Total Trust,https://www.imdb.com/title/tt27148236/?ref_=sr_t_434,2023,1h 37m,,7.1,377
435. Muzzle,https://www.imdb.com/title/tt17663876/?ref_=sr_t_435,2023,1h 40m,,5.5,4K
436. Our Deadly Vows,https://www.imdb.com/title/tt26693313/?ref_=sr_t_436,2023,1h 26m,,3.4,85
437. Questions,https://www.imdb.com/title/tt3287980/?ref_=sr_t_437,2023,1h 40m,,6.9,25
438. Summer Solstice,https://www.imdb.com/title/tt26439316/?ref_=sr_t_438,2023,1h 21m,,4.6,152
439. What You Wish For,https://www.imdb.com/title/tt13638858/?ref_=sr_t_439,2023,1h 41m,,6.7,7.1K
440. The Dive,https://www.imdb.com/title/tt13566172/?ref_=sr_t_440,2023,1h 31m,,5.5,5.4K
441. The Crusades,https://www.imdb.com/title/tt14827898/?ref_=sr_t_441,2023,1h 42m,,4.5,303
442. Kings of L.A.,https://www.imdb.com/title/tt11154884/?ref_=sr_t_442,2023,2h,,6.9,51
443. The Last Video Store,https://www.imdb.com/title/tt17423262/?ref_=sr_t_443,2023,1h 19m,Not Rated,5.9,179
444. Pianoforte,https://www.imdb.com/title/tt24082644/?ref_=sr_t_444,2023,1h 31m,,7.3,470
445. The Convert,https://www.imdb.com/title/tt20113412/?ref_=sr_t_445,2023,1h 59m,,6.4,4.2K
446. Senior Year: Love Never Fails,https://www.imdb.com/title/tt18265772/?ref_=sr_t_446,2023,1h 47m,PG-13,7.8,50
447. How I Learned to Fly,https://www.imdb.com/title/tt28487580/?ref_=sr_t_447,2023,1h 44m,,6.2,199
448. The Seeding,https://www.imdb.com/title/tt22778346/?ref_=sr_t_448,2023,1h 40m,TV-MA,5.0,2K
449. Making Him Famous,https://www.imdb.com/title/tt14570572/?ref_=sr_t_449,2023,1h 38m,Unrated,8.0,53
450. Deliver Us,https://www.imdb.com/title/tt14462452/?ref_=sr_t_450,2023,1h 43m,Unrated,4.8,2.4K
451. The Paragon,https://www.imdb.com/title/tt27867099/?ref_=sr_t_451,2023,1h 25m,,6.9,109
452. Life Upside Down,https://www.imdb.com/title/tt13756106/?ref_=sr_t_452,2023,1h 28m,,4.7,574
453. You Are Not Me,https://www.imdb.com/title/tt22085300/?ref_=sr_t_453,2023,1h 38m,,7.1,83
454. Last Night of Amore,https://www.imdb.com/title/tt20465746/?ref_=sr_t_454,2023,2h 4m,,7.1,5.5K
455. You're All Gonna Die,https://www.imdb.com/title/tt7272192/?ref_=sr_t_455,2023,1h 28m,,2.9,138
456. Eight Deadly Shots,https://www.imdb.com/title/tt27421931/?ref_=sr_t_456,2023,5h 16m,,,
457. Lord of Misrule,https://www.imdb.com/title/tt11893676/?ref_=sr_t_457,2023,1h 44m,,5.3,2.5K
458. Just the Two of Us,https://www.imdb.com/title/tt23049206/?ref_=sr_t_458,2023,1h 45m,,6.6,2.9K
459. A Storm Foretold,https://www.imdb.com/title/tt22306998/?ref_=sr_t_459,2023,1h 41m,,7.6,721
460. Deep Rising,https://www.imdb.com/title/tt24132688/?ref_=sr_t_460,2023,1h 33m,,7.4,113
461. The Arctic Convoy,https://www.imdb.com/title/tt27724113/?ref_=sr_t_461,2023,1h 48m,,6.5,3.2K
462. Bring Him to Me,https://www.imdb.com/title/tt24131660/?ref_=sr_t_462,2023,1h 36m,R,5.3,3.2K
463. The Universal Theory,https://www.imdb.com/title/tt18453866/?ref_=sr_t_463,2023,1h 58m,,6.1,1.1K
464. Operation Napoleon,https://www.imdb.com/title/tt15485390/?ref_=sr_t_464,2023,1h 42m,,6.0,3.4K
465. Siege,https://www.imdb.com/title/tt16156592/?ref_=sr_t_465,2023,1h 40m,R,5.2,1.1K
466. La marginale,https://www.imdb.com/title/tt17974446/?ref_=sr_t_466,2023,1h 38m,PG-13,5.8,162
467. Alimañas,https://www.imdb.com/title/tt14443260/?ref_=sr_t_467,2023,1h 24m,R,4.9,506
468. Culpa Mía,https://www.imdb.com/title/tt21909764/?ref_=sr_t_468,2023,1h 57m,Not Rated,6.2,32K
469. Woman of the Hour,https://www.imdb.com/title/tt7737800/?ref_=sr_t_469,2023,1h 35m,R,6.6,50K
470. Hit Man,https://www.imdb.com/title/tt20215968/?ref_=sr_t_470,2023,1h 55m,R,6.8,104K
471. Leave the World Behind,https://www.imdb.com/title/tt12747748/?ref_=sr_t_471,2023,2h 18m,R,6.4,222K
472. Candy Cane Lane,https://www.imdb.com/title/tt21328106/?ref_=sr_t_472,2023,1h 57m,PG,5.6,22K
473. The Killer,https://www.imdb.com/title/tt1136617/?ref_=sr_t_473,2023,1h 58m,R,6.7,204K
474. Nosferatu,https://www.imdb.com/title/tt5574078/?ref_=sr_t_474,2023,1h 32m,,5.2,182
475. Best. Christmas. Ever!,https://www.imdb.com/title/tt7038762/?ref_=sr_t_475,2023,1h 22m,TV-PG,4.4,11K
476. Family Switch,https://www.imdb.com/title/tt14227048/?ref_=sr_t_476,2023,1h 46m,PG,5.7,29K
477. 12th Fail,https://www.imdb.com/title/tt23849204/?ref_=sr_t_477,2023,2h 27m,,8.8,139K
478. Society of the Snow,https://www.imdb.com/title/tt16277242/?ref_=sr_t_478,2023,2h 24m,R,7.8,154K
479. Rebel Moon - Part One: A Child of Fire,https://www.imdb.com/title/tt14998742/?ref_=sr_t_479,2023,2h 13m,PG-13,5.6,132K
480. Ghosted,https://www.imdb.com/title/tt15326988/?ref_=sr_t_480,2023,1h 56m,PG-13,5.8,69K
481. His Three Daughters,https://www.imdb.com/title/tt28491891/?ref_=sr_t_481,2023,1h 41m,R,7.2,15K
482. Genie,https://www.imdb.com/title/tt24429218/?ref_=sr_t_482,2023,1h 33m,PG,5.9,11K
483. Reptile,https://www.imdb.com/title/tt13274016/?ref_=sr_t_483,2023,2h 14m,R,6.8,100K
484. That They May Face the Rising Sun,https://www.imdb.com/title/tt28143091/?ref_=sr_t_484,2023,1h 51m,,7.2,435
485. Last Straw,https://www.imdb.com/title/tt24249072/?ref_=sr_t_485,2023,1h 23m,,5.5,3.8K
486. Fair Play,https://www.imdb.com/title/tt16304446/?ref_=sr_t_486,2023,1h 53m,R,6.4,43K
487. Katie's Mom,https://www.imdb.com/title/tt22307442/?ref_=sr_t_487,2023,1h 53m,,5.7,213
488. Burning Betrayal,https://www.imdb.com/title/tt26787296/?ref_=sr_t_488,2023,1h 38m,TV-MA,4.1,3.8K
489. Christmas as Usual,https://www.imdb.com/title/tt23790418/?ref_=sr_t_489,2023,1h 28m,TV-14,5.4,6.1K
490. May December,https://www.imdb.com/title/tt13651794/?ref_=sr_t_490,2023,1h 57m,R,6.8,66K
491. The Family Plan,https://www.imdb.com/title/tt16431870/?ref_=sr_t_491,2023,1h 58m,PG-13,6.3,50K
492. Lost Ladies,https://www.imdb.com/title/tt21626284/?ref_=sr_t_492,2023,2h 2m,TV-14,8.4,47K
493. There's Something in the Barn,https://www.imdb.com/title/tt23060796/?ref_=sr_t_493,2023,1h 40m,R,5.5,6K
"494. Red, White & Royal Blue",https://www.imdb.com/title/tt10172266/?ref_=sr_t_494,2023,1h 58m,R,6.9,55K
495. The Naughty Nine,https://www.imdb.com/title/tt16491414/?ref_=sr_t_495,2023,1h 23m,TV-PG,5.3,2.4K
496. Tetris,https://www.imdb.com/title/tt12758060/?ref_=sr_t_496,2023,1h 58m,R,7.4,92K
497. Totally Killer,https://www.imdb.com/title/tt11426232/?ref_=sr_t_497,2023,1h 46m,R,6.5,60K
498. Finestkind,https://www.imdb.com/title/tt7991508/?ref_=sr_t_498,2023,2h 6m,R,6.1,10K
499. Catching Dust,https://www.imdb.com/title/tt20860736/?ref_=sr_t_499,2023,1h 36m,,5.6,412
500. Love at First Sight,https://www.imdb.com/title/tt2183014/?ref_=sr_t_500,2023,1h 31m,PG-13,6.8,38K
501. Heart of Stone,https://www.imdb.com/title/tt13603966/?ref_=sr_t_501,2023,2h 2m,PG-13,5.7,64K
502. Don't Turn Out the Lights,https://www.imdb.com/title/tt29722945/?ref_=sr_t_502,2023,1h 49m,,3.5,1.2K
503. EXmas,https://www.imdb.com/title/tt29536228/?ref_=sr_t_503,2023,1h 33m,PG-13,5.7,6.3K
504. Infested,https://www.imdb.com/title/tt26744289/?ref_=sr_t_504,2023,1h 46m,Not Rated,6.2,11K
505. Extraction II,https://www.imdb.com/title/tt12263384/?ref_=sr_t_505,2023,2h 2m,R,7.0,159K
506. Pain Hustlers,https://www.imdb.com/title/tt15257160/?ref_=sr_t_506,2023,2h 3m,R,6.6,50K
507. Nowhere,https://www.imdb.com/title/tt15789472/?ref_=sr_t_507,2023,1h 49m,TV-MA,6.3,43K
508. The Three Musketeers - Part I: D'Artagnan,https://www.imdb.com/title/tt12672536/?ref_=sr_t_508,2023,2h 1m,Not Rated,6.7,23K
509. Leo,https://www.imdb.com/title/tt5755238/?ref_=sr_t_509,2023,1h 42m,PG,7.0,41K
510. Knox Goes Away,https://www.imdb.com/title/tt20115766/?ref_=sr_t_510,2023,1h 54m,R,7.0,22K
511. Foe,https://www.imdb.com/title/tt8258502/?ref_=sr_t_511,2023,1h 50m,R,5.4,12K
512. Asterix & Obelix: The Middle Kingdom,https://www.imdb.com/title/tt11210390/?ref_=sr_t_512,2023,1h 52m,TV-PG,5.1,11K
513. To Catch a Killer,https://www.imdb.com/title/tt10275534/?ref_=sr_t_513,2023,1h 59m,R,6.6,46K
"514. LaRoy, Texas",https://www.imdb.com/title/tt20102596/?ref_=sr_t_514,2023,1h 52m,Unrated,6.5,6K
515. The Man in the White Van,https://www.imdb.com/title/tt13232552/?ref_=sr_t_515,2023,1h 45m,PG-13,6.1,295
516. Chicken Run: Dawn of the Nugget,https://www.imdb.com/title/tt8337264/?ref_=sr_t_516,2023,1h 38m,PG,6.3,26K
517. Starve Acre,https://www.imdb.com/title/tt17521612/?ref_=sr_t_517,2023,1h 38m,,5.4,3.5K
518. No One Will Save You,https://www.imdb.com/title/tt14509110/?ref_=sr_t_518,2023,1h 33m,PG-13,6.3,72K
519. The Abyss,https://www.imdb.com/title/tt22016156/?ref_=sr_t_519,2023,1h 43m,TV-MA,5.3,9.8K
520. Project Silence,https://www.imdb.com/title/tt25808194/?ref_=sr_t_520,2023,1h 41m,,5.4,2.5K
521. Sharper,https://www.imdb.com/title/tt12573454/?ref_=sr_t_521,2023,1h 56m,R,6.7,34K
522. Maestro,https://www.imdb.com/title/tt5535276/?ref_=sr_t_522,2023,2h 9m,R,6.5,66K
523. Beautiful Disaster,https://www.imdb.com/title/tt2316548/?ref_=sr_t_523,2023,1h 36m,R,5.3,15K
524. Luther: The Fallen Sun,https://www.imdb.com/title/tt3155298/?ref_=sr_t_524,2023,2h 9m,R,6.4,68K
525. The Bricklayer,https://www.imdb.com/title/tt2016303/?ref_=sr_t_525,2023,1h 50m,R,5.2,12K
526. Viduthalai: Part 1,https://www.imdb.com/title/tt11396310/?ref_=sr_t_526,2023,2h 30m,,8.3,9.9K
527. Boston Strangler,https://www.imdb.com/title/tt2560078/?ref_=sr_t_527,2023,1h 52m,R,6.5,37K
528. Holiday in the Vineyards,https://www.imdb.com/title/tt27195023/?ref_=sr_t_528,2023,1h 47m,PG,6.2,2.7K
529. Cobweb,https://www.imdb.com/title/tt9100018/?ref_=sr_t_529,2023,1h 28m,R,5.9,39K
530. Fast Charlie,https://www.imdb.com/title/tt6722400/?ref_=sr_t_530,2023,1h 30m,,6.0,25K
531. Paradise,https://www.imdb.com/title/tt21308888/?ref_=sr_t_531,2023,1h 57m,TV-MA,6.3,23K
532. After Everything,https://www.imdb.com/title/tt15334488/?ref_=sr_t_532,2023,1h 33m,R,4.7,9.5K
533. The Girl Who Escaped: The Kara Robinson Story,https://www.imdb.com/title/tt25602750/?ref_=sr_t_533,2023,1h 28m,TV-14,6.2,4.7K
534. Dashing Through the Snow,https://www.imdb.com/title/tt5608166/?ref_=sr_t_534,2023,1h 32m,PG,5.6,4K
535. Jeanne du Barry,https://www.imdb.com/title/tt17277414/?ref_=sr_t_535,2023,1h 57m,,6.7,14K
536. Homestead,https://www.imdb.com/title/tt11766766/?ref_=sr_t_536,2023,1h 19m,,4.2,262
537. Teen Wolf: The Movie,https://www.imdb.com/title/tt15486810/?ref_=sr_t_537,2023,2h 21m,TV-MA,5.5,15K
538. Nimona,https://www.imdb.com/title/tt19500164/?ref_=sr_t_538,2023,1h 41m,PG,7.5,55K
539. Locked In,https://www.imdb.com/title/tt24870072/?ref_=sr_t_539,2023,1h 36m,TV-MA,5.1,11K
540. The Land of Short Sentences,https://www.imdb.com/title/tt17493724/?ref_=sr_t_540,2023,1h 47m,,6.0,932
541. Cold Road,https://www.imdb.com/title/tt18283168/?ref_=sr_t_541,2023,1h 40m,,4.1,255
542. A Creature Was Stirring,https://www.imdb.com/title/tt11050992/?ref_=sr_t_542,2023,1h 36m,R,4.6,1.2K
543. The Three Musketeers - Part II: Milady,https://www.imdb.com/title/tt12672620/?ref_=sr_t_543,2023,1h 55m,,6.4,9.4K
544. Mr. Monk's Last Case: A Monk Movie,https://www.imdb.com/title/tt27145269/?ref_=sr_t_544,2023,1h 37m,TV-PG,6.7,10K
545. Peter Pan & Wendy,https://www.imdb.com/title/tt5635026/?ref_=sr_t_545,2023,1h 46m,PG,4.4,29K
546. The Well,https://www.imdb.com/title/tt26754354/?ref_=sr_t_546,2023,1h 31m,,5.0,1.8K
547. Happiness for Beginners,https://www.imdb.com/title/tt15509244/?ref_=sr_t_547,2023,1h 43m,TV-14,6.1,21K
548. The Burial,https://www.imdb.com/title/tt5648882/?ref_=sr_t_548,2023,2h 6m,R,7.1,39K
549. Murder Mystery 2,https://www.imdb.com/title/tt15255288/?ref_=sr_t_549,2023,1h 30m,PG-13,5.7,74K
550. The Mother,https://www.imdb.com/title/tt6968614/?ref_=sr_t_550,2023,1h 55m,R,5.6,50K
