Title,Movie Link,Year,Duration,MPA,Rating,Votes
1. Raiders of the Lost Ark,https://www.imdb.com/title/tt0082971/?ref_=sr_t_1,1981,1h 55m,PG,8.4,1.1M
2. On Golden Pond,https://www.imdb.com/title/tt0082846/?ref_=sr_t_2,1981,1h 49m,PG,7.6,36K
3. Porky's,https://www.imdb.com/title/tt0084522/?ref_=sr_t_3,1981,1h 34m,R,6.2,47K
4. Arthur,https://www.imdb.com/title/tt0082031/?ref_=sr_t_4,1981,1h 37m,PG,6.9,32K
5. Stripes,https://www.imdb.com/title/tt0083131/?ref_=sr_t_5,1981,1h 46m,R,6.8,82K
6. The Cannonball Run,https://www.imdb.com/title/tt0082136/?ref_=sr_t_6,1981,1h 35m,PG,6.2,41K
7. The Fox and the Hound,https://www.imdb.com/title/tt0082406/?ref_=sr_t_7,1981,1h 23m,G,7.2,105K
8. Chariots of Fire,https://www.imdb.com/title/tt0082158/?ref_=sr_t_8,1981,2h 5m,PG,7.1,68K
9. For Your Eyes Only,https://www.imdb.com/title/tt0082398/?ref_=sr_t_9,1981,2h 7m,PG,6.7,111K
10. The Four Seasons,https://www.imdb.com/title/tt0082405/?ref_=sr_t_10,1981,1h 47m,PG,6.8,5.7K
11. Time Bandits,https://www.imdb.com/title/tt0081633/?ref_=sr_t_11,1981,1h 50m,PG,6.9,71K
12. Clash of the Titans,https://www.imdb.com/title/tt0082186/?ref_=sr_t_12,1981,1h 58m,PG,6.9,49K
13. Absence of Malice,https://www.imdb.com/title/tt0081974/?ref_=sr_t_13,1981,1h 56m,PG,6.9,16K
14. Reds,https://www.imdb.com/title/tt0082979/?ref_=sr_t_14,1981,3h 15m,PG,7.3,25K
15. Tarzan the Ape Man,https://www.imdb.com/title/tt0083170/?ref_=sr_t_15,1981,1h 55m,Approved,3.5,6.4K
16. Taps,https://www.imdb.com/title/tt0083169/?ref_=sr_t_16,1981,2h 6m,PG,6.8,21K
17. Sharky's Machine,https://www.imdb.com/title/tt0083064/?ref_=sr_t_17,1981,2h 2m,R,6.3,6.9K
18. Excalibur,https://www.imdb.com/title/tt0082348/?ref_=sr_t_18,1981,2h 20m,PG,7.3,69K
19. History of the World: Part I,https://www.imdb.com/title/tt0082517/?ref_=sr_t_19,1981,1h 32m,R,6.8,56K
20. Bustin' Loose,https://www.imdb.com/title/tt0082121/?ref_=sr_t_20,1981,1h 34m,R,6.0,3.8K
21. The Great Muppet Caper,https://www.imdb.com/title/tt0082474/?ref_=sr_t_21,1981,1h 37m,G,7.1,17K
22. Endless Love,https://www.imdb.com/title/tt0082329/?ref_=sr_t_22,1981,1h 56m,R,4.9,10K
23. An American Werewolf in London,https://www.imdb.com/title/tt0082010/?ref_=sr_t_23,1981,1h 37m,R,7.5,126K
24. Neighbors,https://www.imdb.com/title/tt0082801/?ref_=sr_t_24,1981,1h 34m,R,5.5,8.8K
25. Fort Apache the Bronx,https://www.imdb.com/title/tt0082402/?ref_=sr_t_25,1981,2h 5m,R,6.7,7.2K
26. The French Lieutenant's Woman,https://www.imdb.com/title/tt0082416/?ref_=sr_t_26,1981,2h 4m,R,6.9,16K
27. Private Lessons,https://www.imdb.com/title/tt0082948/?ref_=sr_t_27,1981,1h 27m,R,5.1,4.4K
28. Modern Problems,https://www.imdb.com/title/tt0082763/?ref_=sr_t_28,1981,1h 33m,PG,5.0,5.9K
29. Halloween II,https://www.imdb.com/title/tt0082495/?ref_=sr_t_29,1981,1h 32m,R,6.5,106K
30. Only When I Laugh,https://www.imdb.com/title/tt0082853/?ref_=sr_t_30,1981,2h,R,6.4,1.7K
31. Escape from New York,https://www.imdb.com/title/tt0082340/?ref_=sr_t_31,1981,1h 39m,R,7.1,163K
32. Body Heat,https://www.imdb.com/title/tt0082089/?ref_=sr_t_32,1981,1h 53m,R,7.4,41K
33. The Road Warrior,https://www.imdb.com/title/tt0082694/?ref_=sr_t_33,1981,1h 36m,R,7.6,205K
34. Ghost Story,https://www.imdb.com/title/tt0082449/?ref_=sr_t_34,1981,1h 50m,R,6.3,10K
35. Friday the 13th Part 2,https://www.imdb.com/title/tt0082418/?ref_=sr_t_35,1981,1h 27m,R,6.1,81K
36. Quest for Fire,https://www.imdb.com/title/tt0082484/?ref_=sr_t_36,1981,1h 40m,R,7.3,25K
37. The Final Conflict,https://www.imdb.com/title/tt0082377/?ref_=sr_t_37,1981,1h 48m,R,5.5,24K
38. The Incredible Shrinking Woman,https://www.imdb.com/title/tt0082558/?ref_=sr_t_38,1981,1h 28m,PG,5.5,5.3K
39. Mommie Dearest,https://www.imdb.com/title/tt0082766/?ref_=sr_t_39,1981,2h 9m,R,6.6,19K
40. Paternity,https://www.imdb.com/title/tt0082886/?ref_=sr_t_40,1981,1h 34m,PG,5.0,1.2K
41. Under the Rainbow,https://www.imdb.com/title/tt0083254/?ref_=sr_t_41,1981,1h 38m,PG,5.3,3.1K
42. The Howling,https://www.imdb.com/title/tt0082533/?ref_=sr_t_42,1981,1h 31m,R,6.5,42K
43. Eye of the Needle,https://www.imdb.com/title/tt0082351/?ref_=sr_t_43,1981,1h 52m,R,7.1,13K
44. Take This Job and Shove It,https://www.imdb.com/title/tt0083163/?ref_=sr_t_44,1981,1h 40m,PG,5.0,975
45. Outland,https://www.imdb.com/title/tt0082869/?ref_=sr_t_45,1981,1h 49m,R,6.6,33K
46. The Devil and Max Devlin,https://www.imdb.com/title/tt0082263/?ref_=sr_t_46,1981,1h 36m,PG,5.0,1.5K
47. Caveman,https://www.imdb.com/title/tt0082146/?ref_=sr_t_47,1981,1h 31m,PG,5.8,8.8K
48. Continental Divide,https://www.imdb.com/title/tt0082200/?ref_=sr_t_48,1981,1h 43m,PG,6.2,5.8K
49. The Night the Lights Went Out in Georgia,https://www.imdb.com/title/tt0082816/?ref_=sr_t_49,1981,1h 52m,PG,5.9,1.2K
50. Ragtime,https://www.imdb.com/title/tt0082970/?ref_=sr_t_50,1981,2h 35m,PG,7.3,11K
51. Nighthawks,https://www.imdb.com/title/tt0082817/?ref_=sr_t_51,1981,1h 39m,R,6.3,22K
52. S.O.B.,https://www.imdb.com/title/tt0083015/?ref_=sr_t_52,1981,2h 2m,R,6.4,6.6K
53. Rich and Famous,https://www.imdb.com/title/tt0082992/?ref_=sr_t_53,1981,1h 57m,R,5.8,2.1K
54. Scanners,https://www.imdb.com/title/tt0081455/?ref_=sr_t_54,1981,1h 43m,R,6.7,64K
55. Dragonslayer,https://www.imdb.com/title/tt0082288/?ref_=sr_t_55,1981,1h 49m,PG,6.6,21K
56. True Confessions,https://www.imdb.com/title/tt0083232/?ref_=sr_t_56,1981,1h 48m,R,6.3,9.1K
57. The Legend of the Lone Ranger,https://www.imdb.com/title/tt0082648/?ref_=sr_t_57,1981,1h 38m,PG,4.9,2.6K
58. First Monday in October,https://www.imdb.com/title/tt0082382/?ref_=sr_t_58,1981,1h 38m,R,6.4,1.7K
59. The Postman Always Rings Twice,https://www.imdb.com/title/tt0082934/?ref_=sr_t_59,1981,2h 2m,R,6.6,26K
60. Blow Out,https://www.imdb.com/title/tt0082085/?ref_=sr_t_60,1981,1h 48m,R,7.4,68K
61. Comin' at Ya!,https://www.imdb.com/title/tt0082193/?ref_=sr_t_61,1981,1h 31m,R,5.2,665
62. Back Roads,https://www.imdb.com/title/tt0082042/?ref_=sr_t_62,1981,1h 34m,R,5.6,1.1K
63. Thief,https://www.imdb.com/title/tt0083190/?ref_=sr_t_63,1981,2h 3m,R,7.4,42K
64. Das Boot,https://www.imdb.com/title/tt0082096/?ref_=sr_t_64,1981,2h 29m,,8.4,274K
65. Victory,https://www.imdb.com/title/tt0083284/?ref_=sr_t_65,1981,1h 56m,PG,6.6,34K
66. Rollover,https://www.imdb.com/title/tt0083006/?ref_=sr_t_66,1981,1h 56m,R,5.4,1.5K
67. Wolfen,https://www.imdb.com/title/tt0083336/?ref_=sr_t_67,1981,1h 55m,R,6.3,12K
68. Carbon Copy,https://www.imdb.com/title/tt0082138/?ref_=sr_t_68,1981,1h 32m,PG,5.6,3.4K
69. Pennies from Heaven,https://www.imdb.com/title/tt0082894/?ref_=sr_t_69,1981,1h 48m,R,6.5,6.5K
70. Deadly Blessing,https://www.imdb.com/title/tt0082245/?ref_=sr_t_70,1981,1h 40m,R,5.5,7.3K
71. Whose Life Is It Anyway?,https://www.imdb.com/title/tt0083326/?ref_=sr_t_71,1981,1h 59m,R,7.3,3.6K
72. Prince of the City,https://www.imdb.com/title/tt0082945/?ref_=sr_t_72,1981,2h 47m,R,7.4,9.9K
73. The Funhouse,https://www.imdb.com/title/tt0082427/?ref_=sr_t_73,1981,1h 36m,R,5.9,17K
74. Buddy Buddy,https://www.imdb.com/title/tt0082111/?ref_=sr_t_74,1981,1h 36m,R,6.5,5.3K
75. The Amateur,https://www.imdb.com/title/tt0082005/?ref_=sr_t_75,1981,1h 52m,R,5.8,945
76. ...All the Marbles,https://www.imdb.com/title/tt0081964/?ref_=sr_t_76,1981,1h 53m,R,6.4,2.5K
77. Eyewitness,https://www.imdb.com/title/tt0082353/?ref_=sr_t_77,1981,1h 43m,R,5.9,6K
78. Gallipoli,https://www.imdb.com/title/tt0082432/?ref_=sr_t_78,1981,1h 50m,PG,7.4,43K
79. My Bloody Valentine,https://www.imdb.com/title/tt0082782/?ref_=sr_t_79,1981,1h 30m,R,6.2,26K
80. Going Ape!,https://www.imdb.com/title/tt0082457/?ref_=sr_t_80,1981,1h 27m,PG,4.1,994
81. Venom,https://www.imdb.com/title/tt0084854/?ref_=sr_t_81,1981,1h 32m,R,5.8,3.4K
82. Inchon,https://www.imdb.com/title/tt0084132/?ref_=sr_t_82,1981,2h 20m,PG,2.9,872
83. Student Bodies,https://www.imdb.com/title/tt0083133/?ref_=sr_t_83,1981,1h 26m,R,5.4,5.6K
84. All Night Long,https://www.imdb.com/title/tt0082001/?ref_=sr_t_84,1981,1h 27m,R,5.5,2.1K
85. The Pursuit of D.B. Cooper,https://www.imdb.com/title/tt0082958/?ref_=sr_t_85,1981,1h 40m,PG,5.6,1.5K
86. Zoot Suit,https://www.imdb.com/title/tt0083365/?ref_=sr_t_86,1981,1h 43m,R,6.7,1.4K
87. The Fan,https://www.imdb.com/title/tt0082362/?ref_=sr_t_87,1981,1h 35m,R,5.8,3.1K
88. Gas,https://www.imdb.com/title/tt0082440/?ref_=sr_t_88,1981,1h 34m,R,3.2,401
89. Modern Romance,https://www.imdb.com/title/tt0082764/?ref_=sr_t_89,1981,1h 33m,R,7.0,5K
90. The Hand,https://www.imdb.com/title/tt0082497/?ref_=sr_t_90,1981,1h 44m,R,5.5,6.9K
91. The Evil Dead,https://www.imdb.com/title/tt0083907/?ref_=sr_t_91,1981,1h 25m,NC-17,7.4,240K
92. Heartbeeps,https://www.imdb.com/title/tt0082507/?ref_=sr_t_92,1981,1h 18m,PG,4.3,1.7K
93. This Is Elvis,https://www.imdb.com/title/tt0083193/?ref_=sr_t_93,1981,1h 50m,PG,7.6,1.7K
94. Sphinx,https://www.imdb.com/title/tt0083113/?ref_=sr_t_94,1981,1h 58m,PG,5.2,1.9K
95. Honky Tonk Freeway,https://www.imdb.com/title/tt0082525/?ref_=sr_t_95,1981,1h 47m,PG,5.2,1.2K
96. Raggedy Man,https://www.imdb.com/title/tt0082969/?ref_=sr_t_96,1981,1h 34m,PG,6.8,1.9K
97. King of the Mountain,https://www.imdb.com/title/tt0082619/?ref_=sr_t_97,1981,1h 30m,PG,5.5,612
98. Cutter's Way,https://www.imdb.com/title/tt0082220/?ref_=sr_t_98,1981,1h 49m,R,6.8,7.9K
99. Silence of the North,https://www.imdb.com/title/tt0083079/?ref_=sr_t_99,1981,1h 34m,PG,6.4,275
100. Night School,https://www.imdb.com/title/tt0082812/?ref_=sr_t_100,1981,1h 28m,R,5.6,3.4K
101. Possession,https://www.imdb.com/title/tt0082933/?ref_=sr_t_101,1981,2h 4m,R,7.3,48K
102. Eyes of a Stranger,https://www.imdb.com/title/tt0082352/?ref_=sr_t_102,1981,1h 24m,R,6.0,3.3K
103. One from the Heart,https://www.imdb.com/title/tt0084445/?ref_=sr_t_103,1981,1h 47m,R,6.5,8.2K
104. Heavy Metal,https://www.imdb.com/title/tt0082509/?ref_=sr_t_104,1981,1h 26m,R,6.6,39K
105. Hard Country,https://www.imdb.com/title/tt0082499/?ref_=sr_t_105,1981,1h 44m,PG,5.6,866
106. The Weavers: Wasn't That a Time,https://www.imdb.com/title/tt0084894/?ref_=sr_t_106,1981,1h 18m,PG,8.3,226
107. Man of Iron,https://www.imdb.com/title/tt0082222/?ref_=sr_t_107,1981,2h 36m,PG,7.3,3.9K
108. Kelly,https://www.imdb.com/title/tt0082606/?ref_=sr_t_108,1981,1h 34m,,6.4,63
109. Puberty Blues,https://www.imdb.com/title/tt0082956/?ref_=sr_t_109,1981,1h 27m,R,5.9,1.7K
110. Diva,https://www.imdb.com/title/tt0082269/?ref_=sr_t_110,1981,1h 57m,R,7.1,15K
111. The Beyond,https://www.imdb.com/title/tt0082307/?ref_=sr_t_111,1981,1h 27m,R,6.6,26K
112. Roar,https://www.imdb.com/title/tt0083001/?ref_=sr_t_112,1981,1h 35m,PG,6.1,4.8K
113. The Girl with the Red Hair,https://www.imdb.com/title/tt0082731/?ref_=sr_t_113,1981,1h 50m,PG,6.8,868
114. Stations of the Elevated,https://www.imdb.com/title/tt0262792/?ref_=sr_t_114,1981,46m,,7.1,218
115. Le Pont du Nord,https://www.imdb.com/title/tt0082927/?ref_=sr_t_115,1981,2h 9m,Not Rated,6.8,1.4K
116. Love & Money,https://www.imdb.com/title/tt0084274/?ref_=sr_t_116,1981,1h 30m,R,4.3,301
117. Quartet,https://www.imdb.com/title/tt0082964/?ref_=sr_t_117,1981,1h 41m,R,6.2,2.1K
118. Clean Slate,https://www.imdb.com/title/tt0082206/?ref_=sr_t_118,1981,2h 8m,Not Rated,7.3,6.9K
119. Lili Marleen,https://www.imdb.com/title/tt0082661/?ref_=sr_t_119,1981,2h,R,7.1,4.4K
120. Lola,https://www.imdb.com/title/tt0082671/?ref_=sr_t_120,1981,1h 55m,R,7.4,7K
121. My Dinner with Andre,https://www.imdb.com/title/tt0082783/?ref_=sr_t_121,1981,1h 50m,PG,7.7,27K
122. The Boat Is Full,https://www.imdb.com/title/tt0082095/?ref_=sr_t_122,1981,1h 41m,PG,7.1,729
123. The Pit,https://www.imdb.com/title/tt0086113/?ref_=sr_t_123,1981,1h 36m,R,5.7,3.7K
124. The Woman Next Door,https://www.imdb.com/title/tt0082370/?ref_=sr_t_124,1981,1h 46m,R,7.2,9.1K
125. Christiane F.,https://www.imdb.com/title/tt0082176/?ref_=sr_t_125,1981,2h 18m,R,7.5,31K
126. Who Pulled the Plug?,https://www.imdb.com/title/tt0082490/?ref_=sr_t_126,1981,1h 39m,,5.8,4.6K
127. Saturday the 14th,https://www.imdb.com/title/tt0083033/?ref_=sr_t_127,1981,1h 15m,PG,4.6,5.4K
128. Beau-père,https://www.imdb.com/title/tt0082054/?ref_=sr_t_128,1981,2h 3m,13+,6.9,3.9K
129. Lady Chatterley's Lover,https://www.imdb.com/title/tt0082640/?ref_=sr_t_129,1981,1h 44m,R,5.1,3.5K
130. Fruits of Passion,https://www.imdb.com/title/tt0082422/?ref_=sr_t_130,1981,1h 23m,R,5.4,1.9K
131. Galaxy of Terror,https://www.imdb.com/title/tt0082431/?ref_=sr_t_131,1981,1h 21m,R,5.0,9.5K
132. The Burning,https://www.imdb.com/title/tt0082118/?ref_=sr_t_132,1981,1h 31m,R,6.3,23K
133. Butterfly,https://www.imdb.com/title/tt0082122/?ref_=sr_t_133,1981,1h 48m,R,4.7,1.6K
134. Southern Comfort,https://www.imdb.com/title/tt0083111/?ref_=sr_t_134,1981,1h 46m,R,7.1,23K
135. Looker,https://www.imdb.com/title/tt0082677/?ref_=sr_t_135,1981,1h 33m,PG,6.1,6.4K
"136. Butcher, Baker, Nightmare Maker",https://www.imdb.com/title/tt0082813/?ref_=sr_t_136,1981,1h 36m,R,6.3,5.7K
137. Cannibal Ferox,https://www.imdb.com/title/tt0082700/?ref_=sr_t_137,1981,1h 33m,,5.1,11K
138. Two Queens and One Consort,https://www.imdb.com/title/tt0083242/?ref_=sr_t_138,1981,1h 42m,TV-MA,5.6,305
139. Polyester,https://www.imdb.com/title/tt0082926/?ref_=sr_t_139,1981,1h 26m,R,7.0,9.4K
140. Ms .45,https://www.imdb.com/title/tt0082776/?ref_=sr_t_140,1981,1h 20m,R,6.8,13K
141. Burial Ground: The Nights of Terror,https://www.imdb.com/title/tt0081248/?ref_=sr_t_141,1981,1h 25m,Unrated,5.6,6.7K
142. Caligula et Messaline,https://www.imdb.com/title/tt0083710/?ref_=sr_t_142,1981,1h 49m,,3.6,775
143. Inseminoid,https://www.imdb.com/title/tt0084090/?ref_=sr_t_143,1981,1h 33m,R,4.0,4.6K
144. Happy Birthday to Me,https://www.imdb.com/title/tt0082498/?ref_=sr_t_144,1981,1h 50m,R,6.0,12K
145. The Professional,https://www.imdb.com/title/tt0082949/?ref_=sr_t_145,1981,1h 48m,Not Rated,7.4,18K
146. La disubbidienza,https://www.imdb.com/title/tt0082268/?ref_=sr_t_146,1981,1h 38m,,5.1,376
147. Shock Treatment,https://www.imdb.com/title/tt0083067/?ref_=sr_t_147,1981,1h 34m,PG,5.7,5.6K
148. Demonoid,https://www.imdb.com/title/tt0082257/?ref_=sr_t_148,1981,1h 18m,R,4.7,1.9K
149. Death Hunt,https://www.imdb.com/title/tt0082247/?ref_=sr_t_149,1981,1h 37m,R,6.9,8.6K
150. The House by the Cemetery,https://www.imdb.com/title/tt0082966/?ref_=sr_t_150,1981,1h 26m,Not Rated,6.1,17K
151. Christmas Mountain,https://www.imdb.com/title/tt0080531/?ref_=sr_t_151,1981,1h 30m,G,6.5,178
152. Dead & Buried,https://www.imdb.com/title/tt0082242/?ref_=sr_t_152,1981,1h 34m,R,6.5,16K
153. The Prowler,https://www.imdb.com/title/tt0082951/?ref_=sr_t_153,1981,1h 29m,R,5.9,14K
154. X-Ray,https://www.imdb.com/title/tt0082527/?ref_=sr_t_154,1981,1h 29m,R,5.0,3.6K
155. Road Games,https://www.imdb.com/title/tt0083000/?ref_=sr_t_155,1981,1h 41m,PG,6.6,9.8K
156. Hellhole Women,https://www.imdb.com/title/tt0083019/?ref_=sr_t_156,1981,1h 7m,Unrated,4.7,1.2K
157. The Incubus,https://www.imdb.com/title/tt0084133/?ref_=sr_t_157,1981,1h 33m,R,5.5,3.1K
158. Dangerous Love,https://www.imdb.com/title/tt0082929/?ref_=sr_t_158,1981,1h 27m,Unrated,3.8,177
159. So Fine,https://www.imdb.com/title/tt0083099/?ref_=sr_t_159,1981,1h 30m,R,5.1,1.4K
160. Honey,https://www.imdb.com/title/tt0082747/?ref_=sr_t_160,1981,1h 29m,R,5.0,463
161. Who Finds a Friend Finds a Treasure,https://www.imdb.com/title/tt0085327/?ref_=sr_t_161,1981,1h 48m,,7.1,13K
162. Zorro: The Gay Blade,https://www.imdb.com/title/tt0083366/?ref_=sr_t_162,1981,1h 33m,PG,6.2,5K
163. They All Laughed,https://www.imdb.com/title/tt0083189/?ref_=sr_t_163,1981,1h 55m,PG,6.2,3.3K
164. Hell Night,https://www.imdb.com/title/tt0082511/?ref_=sr_t_164,1981,1h 41m,R,5.6,9.2K
165. The Loveless,https://www.imdb.com/title/tt0085872/?ref_=sr_t_165,1981,1h 25m,R,6.0,3.1K
166. Madman,https://www.imdb.com/title/tt0082696/?ref_=sr_t_166,1981,1h 28m,R,5.1,7.1K
167. Pornô!,https://www.imdb.com/title/tt0261189/?ref_=sr_t_167,1981,1h 23m,,5.3,399
168. Tales of Ordinary Madness,https://www.imdb.com/title/tt0086410/?ref_=sr_t_168,1981,1h 41m,,6.7,3.1K
169. Nightmare,https://www.imdb.com/title/tt0082818/?ref_=sr_t_169,1981,1h 37m,R,5.6,4.6K
170. Graduation Day,https://www.imdb.com/title/tt0082467/?ref_=sr_t_170,1981,1h 36m,R,4.8,5.4K
171. Condorman,https://www.imdb.com/title/tt0082199/?ref_=sr_t_171,1981,1h 30m,PG,5.7,5.6K
172. American Pop,https://www.imdb.com/title/tt0082009/?ref_=sr_t_172,1981,1h 36m,R,7.2,5.7K
173. Absurd,https://www.imdb.com/title/tt0084028/?ref_=sr_t_173,1981,1h 30m,Not Rated,5.3,3.8K
174. Knightriders,https://www.imdb.com/title/tt0082622/?ref_=sr_t_174,1981,2h 26m,R,6.3,5.7K
175. Tree of Knowledge,https://www.imdb.com/title/tt0082633/?ref_=sr_t_175,1981,1h 41m,,7.2,1.9K
176. The Grilling,https://www.imdb.com/title/tt0082436/?ref_=sr_t_176,1981,1h 27m,,7.6,5.7K
177. Just Before Dawn,https://www.imdb.com/title/tt0082592/?ref_=sr_t_177,1981,1h 30m,R,6.0,7.4K
178. Enter the Ninja,https://www.imdb.com/title/tt0082332/?ref_=sr_t_178,1981,1h 39m,R,5.2,5.7K
179. Nice Dreams,https://www.imdb.com/title/tt0082163/?ref_=sr_t_179,1981,1h 28m,R,6.1,8.3K
180. The Hot Girl Juliet,https://www.imdb.com/title/tt0082131/?ref_=sr_t_180,1981,1h 33m,,4.6,177
181. Malibu Hot Summer,https://www.imdb.com/title/tt0072173/?ref_=sr_t_181,1981,1h 30m,R,2.7,884
182. Death Valley,https://www.imdb.com/title/tt0083805/?ref_=sr_t_182,1981,1h 27m,R,5.5,2K
183. Fantasies,https://www.imdb.com/title/tt0082363/?ref_=sr_t_183,1981,1h 21m,R,3.1,400
184. An Eye for an Eye,https://www.imdb.com/title/tt0082350/?ref_=sr_t_184,1981,1h 46m,R,5.5,4.7K
185. Bloody Birthday,https://www.imdb.com/title/tt0082084/?ref_=sr_t_185,1981,1h 25m,R,5.7,5.9K
186. Rubber Tarzan,https://www.imdb.com/title/tt0082486/?ref_=sr_t_186,1981,1h 38m,Not Rated,6.4,1.4K
187. Linda,https://www.imdb.com/title/tt0081057/?ref_=sr_t_187,1981,1h 28m,,4.7,430
188. Treasure of the Yankee Zephyr,https://www.imdb.com/title/tt0082968/?ref_=sr_t_188,1981,1h 31m,PG,5.6,1.2K
189. Kalyug,https://www.imdb.com/title/tt0080982/?ref_=sr_t_189,1981,2h 32m,,7.8,607
190. Mephisto,https://www.imdb.com/title/tt0082736/?ref_=sr_t_190,1981,2h 26m,Unrated,7.7,12K
191. Beware of the Jonsson Gang!,https://www.imdb.com/title/tt0083276/?ref_=sr_t_191,1981,1h 29m,,6.3,4.6K
192. Riding High,https://www.imdb.com/title/tt0226381/?ref_=sr_t_192,1981,1h 36m,,6.0,116
193. La Chèvre,https://www.imdb.com/title/tt0082183/?ref_=sr_t_193,1981,1h 31m,,7.3,11K
194. Naseeb,https://www.imdb.com/title/tt0082797/?ref_=sr_t_194,1981,3h 17m,,7.1,2K
195. Rasputin,https://www.imdb.com/title/tt0081991/?ref_=sr_t_195,1981,1h 44m,,7.0,1.7K
196. Evilspeak,https://www.imdb.com/title/tt0082346/?ref_=sr_t_196,1981,1h 37m,R,5.6,5.1K
197. Attack Force Z,https://www.imdb.com/title/tt0083591/?ref_=sr_t_197,1981,1h 24m,Not Rated,5.4,2.9K
198. The Monster Club,https://www.imdb.com/title/tt0081178/?ref_=sr_t_198,1981,1h 44m,Unrated,5.9,4.8K
199. Goin' All the Way!,https://www.imdb.com/title/tt0084010/?ref_=sr_t_199,1981,1h 25m,R,4.2,420
200. Tattoo,https://www.imdb.com/title/tt0083178/?ref_=sr_t_200,1981,1h 43m,R,5.3,913
201. The Chosen,https://www.imdb.com/title/tt0082175/?ref_=sr_t_201,1981,1h 48m,PG,7.2,2.5K
202. Firecracker,https://www.imdb.com/title/tt0067100/?ref_=sr_t_202,1981,1h 17m,R,5.6,926
203. Divine Emanuelle,https://www.imdb.com/title/tt0083215/?ref_=sr_t_203,1981,1h 28m,Not Rated,3.8,750
204. The Cabbage Soup,https://www.imdb.com/title/tt0083109/?ref_=sr_t_204,1981,1h 42m,,6.5,9.9K
205. Obscene: The Case of Peter Herzl,https://www.imdb.com/title/tt0199888/?ref_=sr_t_205,1981,1h 37m,,5.4,160
206. Madhouse,https://www.imdb.com/title/tt0093468/?ref_=sr_t_206,1981,1h 32m,Not Rated,5.5,2.7K
207. The Nesting,https://www.imdb.com/title/tt0082804/?ref_=sr_t_207,1981,1h 43m,R,4.9,1.7K
208. Do You Remember Dolly Bell?,https://www.imdb.com/title/tt0083089/?ref_=sr_t_208,1981,1h 50m,Not Rated,7.5,7K
209. Teddy Bear,https://www.imdb.com/title/tt0082755/?ref_=sr_t_209,1981,1h 51m,,8.2,6.8K
210. Fear No Evil,https://www.imdb.com/title/tt0082367/?ref_=sr_t_210,1981,1h 39m,R,4.7,1.9K
211. Zombie Lake,https://www.imdb.com/title/tt0081027/?ref_=sr_t_211,1981,1h 30m,Not Rated,3.1,3.7K
212. Faces of Death II,https://www.imdb.com/title/tt0085518/?ref_=sr_t_212,1981,1h 25m,,3.8,2.1K
213. Bloody Moon,https://www.imdb.com/title/tt0083156/?ref_=sr_t_213,1981,1h 30m,Not Rated,5.2,2.9K
214. To Kill a Cop,https://www.imdb.com/title/tt0082935/?ref_=sr_t_214,1981,1h 45m,Not Rated,6.4,2.3K
215. The Empire of Desire,https://www.imdb.com/title/tt0197577/?ref_=sr_t_215,1981,1h 50m,,6.4,159
216. Son of the White Mare,https://www.imdb.com/title/tt0083931/?ref_=sr_t_216,1981,1h 26m,Unrated,7.8,3.1K
217. Savage Harvest,https://www.imdb.com/title/tt0083034/?ref_=sr_t_217,1981,1h 27m,PG,5.7,599
218. The Boogens,https://www.imdb.com/title/tt0082094/?ref_=sr_t_218,1981,1h 35m,R,5.5,3.3K
219. Buddy Goes West,https://www.imdb.com/title/tt0082835/?ref_=sr_t_219,1981,1h 38m,,6.5,3.8K
220. Bolero,https://www.imdb.com/title/tt0083260/?ref_=sr_t_220,1981,2h 53m,,7.3,2.9K
221. Vabank,https://www.imdb.com/title/tt0083271/?ref_=sr_t_221,1981,1h 48m,,7.9,5.2K
222. The Fantastic Adventures of Unico,https://www.imdb.com/title/tt0083258/?ref_=sr_t_222,1981,1h 30m,Not Rated,7.3,928
223. Amy,https://www.imdb.com/title/tt0082017/?ref_=sr_t_223,1981,1h 40m,G,6.4,635
224. Dawn of the Mummy,https://www.imdb.com/title/tt0082237/?ref_=sr_t_224,1981,1h 33m,Unrated,3.8,1.4K
225. The Little Fox,https://www.imdb.com/title/tt0131636/?ref_=sr_t_225,1981,1h 19m,Not Rated,8.3,6.2K
226. The Night of the Werewolf,https://www.imdb.com/title/tt0081415/?ref_=sr_t_226,1981,1h 32m,R,5.8,1.1K
227. The War of the Worlds: Next Century,https://www.imdb.com/title/tt0083335/?ref_=sr_t_227,1981,1h 36m,,6.9,1.1K
228. Liar's Moon,https://www.imdb.com/title/tt0082656/?ref_=sr_t_228,1981,1h 46m,PG,5.9,820
229. Final Exam,https://www.imdb.com/title/tt0082378/?ref_=sr_t_229,1981,1h 29m,R,4.6,4.8K
230. The Last Shark,https://www.imdb.com/title/tt0081677/?ref_=sr_t_230,1981,1h 28m,PG,4.3,3.3K
231. The Last Chase,https://www.imdb.com/title/tt0082642/?ref_=sr_t_231,1981,1h 41m,PG,4.4,1.3K
232. Green Ice,https://www.imdb.com/title/tt0082476/?ref_=sr_t_232,1981,1h 50m,PG,5.5,1.1K
233. Full Moon High,https://www.imdb.com/title/tt0082425/?ref_=sr_t_233,1981,1h 33m,PG,4.7,1.7K
234. The Aviator's Wife,https://www.imdb.com/title/tt0080728/?ref_=sr_t_234,1981,1h 46m,PG,7.5,5.4K
235. Fuga scabrosamente pericolosa,https://www.imdb.com/title/tt0089178/?ref_=sr_t_235,1981,1h 25m,,5.4,70
236. The Mysterious Castle in the Carpathians,https://www.imdb.com/title/tt0083162/?ref_=sr_t_236,1981,1h 37m,,7.2,1.5K
237. The Strange Case of Dr. Jekyll and Miss Osbourne,https://www.imdb.com/title/tt0082272/?ref_=sr_t_237,1981,1h 31m,Not Rated,6.1,1.6K
238. Four Friends,https://www.imdb.com/title/tt0082404/?ref_=sr_t_238,1981,1h 54m,R,7.0,2.1K
239. Yo ho ho,https://www.imdb.com/title/tt0278827/?ref_=sr_t_239,1981,1h 38m,,7.8,291
240. Montenegro,https://www.imdb.com/title/tt0082770/?ref_=sr_t_240,1981,1h 36m,R,6.6,2.2K
241. Priest of Love,https://www.imdb.com/title/tt0082940/?ref_=sr_t_241,1981,2h 5m,R,6.0,539
242. Separate Ways,https://www.imdb.com/title/tt0083052/?ref_=sr_t_242,1981,1h 32m,R,4.6,284
243. The Kiss,https://www.imdb.com/title/tt0088784/?ref_=sr_t_243,1981,1h 20m,,7.2,504
244. Lady of the Camelias,https://www.imdb.com/title/tt0082230/?ref_=sr_t_244,1981,1h 55m,,6.9,753
245. The Decline of Western Civilization,https://www.imdb.com/title/tt0082252/?ref_=sr_t_245,1981,1h 40m,Not Rated,7.5,5.1K
246. Samurai Reincarnation,https://www.imdb.com/title/tt0082699/?ref_=sr_t_246,1981,2h 2m,,6.5,1.3K
247. Silsila,https://www.imdb.com/title/tt0083081/?ref_=sr_t_247,1981,3h 2m,Not Rated,7.2,3.3K
248. The Black Cat,https://www.imdb.com/title/tt0080440/?ref_=sr_t_248,1981,1h 32m,R,5.8,4.4K
249. Emmanuelle in Soho,https://www.imdb.com/title/tt0124464/?ref_=sr_t_249,1981,1h 12m,,3.7,182
250. Cutting it Short,https://www.imdb.com/title/tt0081363/?ref_=sr_t_250,1981,1h 33m,,7.6,2.8K
251. Asso,https://www.imdb.com/title/tt0082034/?ref_=sr_t_251,1981,1h 30m,Not Rated,6.4,2.3K
252. Kodomo no koro sensô ga atta,https://www.imdb.com/title/tt0476277/?ref_=sr_t_252,1981,1h 41m,,4.9,18
253. Choices,https://www.imdb.com/title/tt0082172/?ref_=sr_t_253,1981,1h 30m,Not Rated,4.2,384
254. Mobile Suit Gundam I,https://www.imdb.com/title/tt0159509/?ref_=sr_t_254,1981,2h 17m,TV-PG,7.0,2.5K
255. Erotic Passion,https://www.imdb.com/title/tt0089100/?ref_=sr_t_255,1981,1h 36m,,4.8,137
256. Alison's Birthday,https://www.imdb.com/title/tt0078751/?ref_=sr_t_256,1981,1h 39m,,5.9,1.5K
257. Hot Bubblegum,https://www.imdb.com/title/tt0082528/?ref_=sr_t_257,1981,1h 30m,,5.7,2.1K
258. Angel Guts: Red Porno,https://www.imdb.com/title/tt0166985/?ref_=sr_t_258,1981,1h 7m,,5.5,404
259. Kagero-za,https://www.imdb.com/title/tt0082596/?ref_=sr_t_259,1981,2h 19m,Not Rated,6.9,913
260. Corpse Mania,https://www.imdb.com/title/tt0934571/?ref_=sr_t_260,1981,1h 21m,,6.3,546
261. The Killing of America,https://www.imdb.com/title/tt0157894/?ref_=sr_t_261,1981,1h 30m,R,7.5,2.5K
262. I Love You,https://www.imdb.com/title/tt0082343/?ref_=sr_t_262,1981,1h 50m,R,6.2,712
263. The Skin,https://www.imdb.com/title/tt0082893/?ref_=sr_t_263,1981,2h 11m,Not Rated,6.6,1.4K
264. La pulquería,https://www.imdb.com/title/tt0258058/?ref_=sr_t_264,1981,1h 45m,,5.6,122
265. Sex Is Crazy,https://www.imdb.com/title/tt0083058/?ref_=sr_t_265,1981,1h 26m,Not Rated,4.2,311
266. Charlie Chan and the Curse of the Dragon Queen,https://www.imdb.com/title/tt0082159/?ref_=sr_t_266,1981,1h 35m,PG,4.1,1.5K
267. Strange Behavior,https://www.imdb.com/title/tt0082243/?ref_=sr_t_267,1981,1h 27m,R,5.6,2.5K
268. Zoom Up: The Beaver Book Girl,https://www.imdb.com/title/tt0229077/?ref_=sr_t_268,1981,1h 3m,,5.9,99
269. Raaja Paarvai,https://www.imdb.com/title/tt0274026/?ref_=sr_t_269,1981,2h 24m,Not Rated,7.7,279
270. Umrao Jaan,https://www.imdb.com/title/tt0083248/?ref_=sr_t_270,1981,2h 25m,,7.7,1.2K
271. The Hot Touch,https://www.imdb.com/title/tt0082530/?ref_=sr_t_271,1981,1h 33m,,4.9,206
272. The Sex Sense,https://www.imdb.com/title/tt0323938/?ref_=sr_t_272,1981,1h 35m,,4.8,113
273. Hotel,https://www.imdb.com/title/tt0260077/?ref_=sr_t_273,1981,2h 15m,Not Rated,5.4,166
274. St. Helens,https://www.imdb.com/title/tt0083117/?ref_=sr_t_274,1981,1h 30m,PG,6.1,707
"275. Lady, Stay Dead",https://www.imdb.com/title/tt0239548/?ref_=sr_t_275,1981,1h 35m,,5.2,584
276. Mad Foxes,https://www.imdb.com/title/tt0083291/?ref_=sr_t_276,1981,1h 20m,Not Rated,5.1,1.1K
277. Slingrevalsen,https://www.imdb.com/title/tt0083092/?ref_=sr_t_277,1981,1h 34m,,6.0,55
278. The Escapees,https://www.imdb.com/title/tt0083375/?ref_=sr_t_278,1981,1h 35m,Not Rated,5.3,491
279. Rasmus and the Vagabond,https://www.imdb.com/title/tt0082973/?ref_=sr_t_279,1981,1h 45m,,6.8,2.6K
280. Freddie of the Jungle,https://www.imdb.com/title/tt0082465/?ref_=sr_t_280,1981,1h 22m,,5.0,53
281. The Tyrant's Heart,https://www.imdb.com/title/tt0083367/?ref_=sr_t_281,1981,1h 36m,,6.7,203
282. Chaste and Pure,https://www.imdb.com/title/tt0075816/?ref_=sr_t_282,1981,1h 28m,,4.5,237
283. Spaghetti a mezzanotte,https://www.imdb.com/title/tt0145484/?ref_=sr_t_283,1981,1h 28m,,6.2,636
284. Image of the Beast,https://www.imdb.com/title/tt0080915/?ref_=sr_t_284,1981,1h 33m,TV-PG,4.6,428
285. The Bushido Blade,https://www.imdb.com/title/tt0078918/?ref_=sr_t_285,1981,1h 44m,R,5.3,453
286. Kaalia,https://www.imdb.com/title/tt0082594/?ref_=sr_t_286,1981,2h 37m,Not Rated,6.7,1.8K
287. The Salamander,https://www.imdb.com/title/tt0083024/?ref_=sr_t_287,1981,1h 43m,Not Rated,5.5,1.1K
288. Edo Porn,https://www.imdb.com/title/tt0202908/?ref_=sr_t_288,1981,1h 59m,Not Rated,6.4,486
289. Ticket to Heaven,https://www.imdb.com/title/tt0083201/?ref_=sr_t_289,1981,1h 48m,PG,6.9,894
290. The Other Hell,https://www.imdb.com/title/tt0080362/?ref_=sr_t_290,1981,1h 28m,R,4.7,1.1K
291. Cream Horn,https://www.imdb.com/title/tt0082203/?ref_=sr_t_291,1981,1h 49m,,5.9,640
292. Escape from Galaxy 3,https://www.imdb.com/title/tt0175663/?ref_=sr_t_292,1981,1h 32m,,3.1,599
293. Three Brothers,https://www.imdb.com/title/tt0083226/?ref_=sr_t_293,1981,1h 53m,PG,7.1,1.8K
294. Deep Water,https://www.imdb.com/title/tt0082309/?ref_=sr_t_294,1981,1h 34m,Not Rated,6.7,1.1K
295. After Midnight,https://www.imdb.com/title/tt0082790/?ref_=sr_t_295,1981,1h 50m,,5.9,59
296. A szeleburdi család,https://www.imdb.com/title/tt0083153/?ref_=sr_t_296,1981,1h 15m,,7.1,222
297. Oi apenanti,https://www.imdb.com/title/tt0083571/?ref_=sr_t_297,1981,2h 1m,,7.0,485
298. Amin: The Rise and Fall,https://www.imdb.com/title/tt0081430/?ref_=sr_t_298,1981,1h 31m,R,6.0,506
299. Madly in Love,https://www.imdb.com/title/tt0082562/?ref_=sr_t_299,1981,1h 42m,,6.9,4.5K
300. Smash Palace,https://www.imdb.com/title/tt0083096/?ref_=sr_t_300,1981,1h 48m,Not Rated,7.0,1.2K
301. High Risk,https://www.imdb.com/title/tt0082516/?ref_=sr_t_301,1981,1h 34m,R,5.6,1.3K
302. The Being,https://www.imdb.com/title/tt0085224/?ref_=sr_t_302,1981,1h 22m,R,4.4,2K
303. The Survivor,https://www.imdb.com/title/tt0083144/?ref_=sr_t_303,1981,1h 27m,Not Rated,5.1,1.4K
304. Lovely But Deadly,https://www.imdb.com/title/tt0082685/?ref_=sr_t_304,1981,1h 35m,R,4.1,421
305. A Pogány Madonna,https://www.imdb.com/title/tt0081349/?ref_=sr_t_305,1981,1h 38m,,7.4,1.8K
306. Yokohama BJ Blues,https://www.imdb.com/title/tt0083351/?ref_=sr_t_306,1981,1h 52m,,6.9,123
307. Y'ur Height Only,https://www.imdb.com/title/tt0200642/?ref_=sr_t_307,1981,1h 28m,,5.6,1.3K
308. The Birth,https://www.imdb.com/title/tt2191320/?ref_=sr_t_308,1981,1h 36m,TV-14,6.8,34
309. Madame Olga's Pupils,https://www.imdb.com/title/tt0080363/?ref_=sr_t_309,1981,1h 23m,R,4.0,126
310. Love and Lies,https://www.imdb.com/title/tt0153489/?ref_=sr_t_310,1981,1h 30m,,7.8,2.1K
311. Home Sweet Home,https://www.imdb.com/title/tt0082522/?ref_=sr_t_311,1981,1h 25m,TV-PG,3.5,943
312. Centrespread,https://www.imdb.com/title/tt0123648/?ref_=sr_t_312,1981,1h 22m,NC-17,4.5,249
313. Rocky,https://www.imdb.com/title/tt0215132/?ref_=sr_t_313,1981,2h 31m,,6.5,696
314. Ghost Keeper,https://www.imdb.com/title/tt0128232/?ref_=sr_t_314,1981,1h 29m,R,5.0,1.3K
315. Force: Five,https://www.imdb.com/title/tt0082399/?ref_=sr_t_315,1981,1h 36m,R,5.0,622
316. Mystics in Bali,https://www.imdb.com/title/tt0097942/?ref_=sr_t_316,1981,1h 26m,,5.7,1.6K
317. The Prodigal Son,https://www.imdb.com/title/tt0085211/?ref_=sr_t_317,1981,1h 40m,R,7.3,3.6K
318. Loophole,https://www.imdb.com/title/tt0081073/?ref_=sr_t_318,1981,1h 45m,PG,6.0,1K
319. Firebird 2015 AD,https://www.imdb.com/title/tt0082381/?ref_=sr_t_319,1981,1h 37m,PG,3.5,357
320. Body and Soul,https://www.imdb.com/title/tt0082090/?ref_=sr_t_320,1981,1h 49m,R,4.6,414
321. Álbum de Família,https://www.imdb.com/title/tt0184195/?ref_=sr_t_321,1981,1h 28m,,5.6,84
322. Chie the Brat,https://www.imdb.com/title/tt0081881/?ref_=sr_t_322,1981,1h 45m,,7.1,761
"323. Diana, Eva: Two Strange Women",https://www.imdb.com/title/tt0457872/?ref_=sr_t_323,1981,1h 28m,,5.8,51
324. The Creature Wasn't Nice,https://www.imdb.com/title/tt0082213/?ref_=sr_t_324,1981,1h 28m,PG,3.6,1.9K
325. Yaarana,https://www.imdb.com/title/tt0083349/?ref_=sr_t_325,1981,2h 18m,Not Rated,6.9,2K
"326. Run, Waiter, Run!",https://www.imdb.com/title/tt0081730/?ref_=sr_t_326,1981,1h 28m,,7.9,2.3K
"327. The Looney, Looney, Looney Bugs Bunny Movie",https://www.imdb.com/title/tt0082679/?ref_=sr_t_327,1981,1h 19m,G,7.1,2.7K
328. Lunch Wagon,https://www.imdb.com/title/tt0081088/?ref_=sr_t_328,1981,1h 28m,R,4.7,299
329. On the Right Track,https://www.imdb.com/title/tt0082849/?ref_=sr_t_329,1981,1h 37m,PG,5.4,591
330. Gangster Wars,https://www.imdb.com/title/tt0082434/?ref_=sr_t_330,1981,2h 1m,,6.6,237
331. Scream,https://www.imdb.com/title/tt0086262/?ref_=sr_t_331,1981,1h 22m,R,2.8,1.1K
332. Il marchese del Grillo,https://www.imdb.com/title/tt0082714/?ref_=sr_t_332,1981,2h 15m,,7.7,4K
333. The Cruise,https://www.imdb.com/title/tt0082216/?ref_=sr_t_333,1981,2h 2m,,7.2,328
334. Mystery on Monster Island,https://www.imdb.com/title/tt0082769/?ref_=sr_t_334,1981,1h 45m,TV-PG,3.8,1.1K
335. Ek Duuje Ke Liye,https://www.imdb.com/title/tt0082314/?ref_=sr_t_335,1981,2h 47m,Not Rated,7.3,1.3K
336. The Olsen Gang Long Gone,https://www.imdb.com/title/tt0082842/?ref_=sr_t_336,1981,1h 40m,Not Rated,6.9,1.8K
337. Fantasma d'amore,https://www.imdb.com/title/tt0082364/?ref_=sr_t_337,1981,1h 36m,,6.7,874
338. Harry's War,https://www.imdb.com/title/tt0082503/?ref_=sr_t_338,1981,1h 38m,PG,6.0,376
339. Agatha and the Limitless Readings,https://www.imdb.com/title/tt0205726/?ref_=sr_t_339,1981,1h 30m,,6.8,347
340. I Love It from Behind!,https://www.imdb.com/title/tt0224634/?ref_=sr_t_340,1981,1h 5m,,4.7,209
341. Mulher Objeto,https://www.imdb.com/title/tt0177016/?ref_=sr_t_341,1981,2h 5m,,5.3,235
342. L'ultimo harem,https://www.imdb.com/title/tt0083247/?ref_=sr_t_342,1981,1h 30m,,4.4,122
343. Delusion,https://www.imdb.com/title/tt0080607/?ref_=sr_t_343,1981,1h 31m,R,4.6,396
344. Thillu Mullu,https://www.imdb.com/title/tt0155265/?ref_=sr_t_344,1981,2h 16m,,8.5,3.9K
"345. Sexo, Sua Única Arma",https://www.imdb.com/title/tt0241939/?ref_=sr_t_345,1981,1h 33m,,5.2,85
346. The House of God,https://www.imdb.com/title/tt0087429/?ref_=sr_t_346,1981,1h 48m,R,5.5,238
347. Chi Dau,https://www.imdb.com/title/tt2069010/?ref_=sr_t_347,1981,1h 20m,,7.4,24
348. Violence and Flesh,https://www.imdb.com/title/tt0204030/?ref_=sr_t_348,1981,1h 33m,Unrated,4.5,197
349. Pacific Banana,https://www.imdb.com/title/tt0082875/?ref_=sr_t_349,1981,1h 22m,R,4.5,225
350. The Man Who Saw Tomorrow,https://www.imdb.com/title/tt0081109/?ref_=sr_t_350,1981,1h 30m,PG,6.0,1.3K
351. Chashme Buddoor,https://www.imdb.com/title/tt0082162/?ref_=sr_t_351,1981,2h 25m,Not Rated,7.9,2.7K
352. Don't Go in the Woods,https://www.imdb.com/title/tt0182996/?ref_=sr_t_352,1981,1h 22m,R,3.8,3.6K
353. Szerelem Montreálban,https://www.imdb.com/title/tt0081787/?ref_=sr_t_353,1981,1h 35m,PG,6.1,192
354. Marianne & Juliane,https://www.imdb.com/title/tt0082081/?ref_=sr_t_354,1981,1h 46m,,7.3,2.8K
355. Obsession,https://www.imdb.com/title/tt0080536/?ref_=sr_t_355,1981,1h 46m,PG,5.7,720
356. Choice of Arms,https://www.imdb.com/title/tt0082173/?ref_=sr_t_356,1981,1h 54m,Not Rated,6.9,2.1K
357. Il falco e la colomba,https://www.imdb.com/title/tt0082355/?ref_=sr_t_357,1981,1h 34m,,5.7,101
358. Invaders from the Deep,https://www.imdb.com/title/tt0128273/?ref_=sr_t_358,1981,1h 32m,TV-Y,3.2,222
359. Smokey Bites the Dust,https://www.imdb.com/title/tt0083097/?ref_=sr_t_359,1981,1h 27m,PG,3.5,382
360. Adieu Galaxy Express 999,https://www.imdb.com/title/tt0184881/?ref_=sr_t_360,1981,2h 15m,TV-14,7.0,639
361. Jailhouse Wardress,https://www.imdb.com/title/tt0214705/?ref_=sr_t_361,1981,1h 24m,,2.9,218
362. Texas Lightning,https://www.imdb.com/title/tt0083186/?ref_=sr_t_362,1981,1h 31m,R,4.1,259
363. Police Destination Oasis,https://www.imdb.com/title/tt0082833/?ref_=sr_t_363,1981,1h 34m,,3.2,137
364. Visitors from the Arkana Galaxy,https://www.imdb.com/title/tt0082466/?ref_=sr_t_364,1981,1h 22m,,5.9,601
365. La desnuda chica del relax,https://www.imdb.com/title/tt0082261/?ref_=sr_t_365,1981,1h 34m,,4.6,57
366. Sex with the Stars,https://www.imdb.com/title/tt0081488/?ref_=sr_t_366,1981,1h 32m,R,4.8,95
367. To the Stars by Hard Ways,https://www.imdb.com/title/tt0126237/?ref_=sr_t_367,1981,2h 28m,,6.0,1.5K
368. Swan Lake,https://www.imdb.com/title/tt0078349/?ref_=sr_t_368,1981,1h 15m,G,7.6,1K
369. Heat of Desire,https://www.imdb.com/title/tt0080899/?ref_=sr_t_369,1981,1h 26m,R,5.7,258
370. Dreadnaught,https://www.imdb.com/title/tt0083352/?ref_=sr_t_370,1981,1h 35m,,7.1,1.1K
371. Waqt Ki Deewar,https://www.imdb.com/title/tt0360170/?ref_=sr_t_371,1981,2h 36m,,5.6,46
372. El crack,https://www.imdb.com/title/tt0082210/?ref_=sr_t_372,1981,2h 11m,M,7.4,2K
373. Passion of Love,https://www.imdb.com/title/tt0082883/?ref_=sr_t_373,1981,1h 57m,,7.2,1.1K
374. Banovic Strahinja,https://www.imdb.com/title/tt0082356/?ref_=sr_t_374,1981,1h 45m,,7.6,1.1K
375. Mary Millington's World Striptease Extravaganza,https://www.imdb.com/title/tt0219913/?ref_=sr_t_375,1981,46m,,3.3,89
376. High School Girl's Diary,https://www.imdb.com/title/tt0286737/?ref_=sr_t_376,1981,1h 4m,,4.8,61
"377. Vernon, Florida",https://www.imdb.com/title/tt0083281/?ref_=sr_t_377,1981,55m,Not Rated,7.0,3.7K
"378. Deprisa, Deprisa",https://www.imdb.com/title/tt0082259/?ref_=sr_t_378,1981,1h 39m,,7.0,1.9K
379. Naram Garam,https://www.imdb.com/title/tt0082796/?ref_=sr_t_379,1981,2h 2m,Not Rated,7.4,1.2K
380. Tag der Idioten,https://www.imdb.com/title/tt0083160/?ref_=sr_t_380,1981,1h 50m,,6.2,283
381. Kudrat,https://www.imdb.com/title/tt0154749/?ref_=sr_t_381,1981,2h 44m,,7.1,421
382. Intime Stunden auf der Schulbank,https://www.imdb.com/title/tt0082564/?ref_=sr_t_382,1981,1h 21m,,4.7,68
383. Una vacanza del cactus,https://www.imdb.com/title/tt0200244/?ref_=sr_t_383,1981,1h 35m,,5.0,96
384. Heartbreak High,https://www.imdb.com/title/tt0081001/?ref_=sr_t_384,1981,1h 31m,R,3.2,166
385. Tuck Everlasting,https://www.imdb.com/title/tt0081664/?ref_=sr_t_385,1981,1h 30m,Not Rated,6.5,391
"386. Bianco, rosso e Verdone",https://www.imdb.com/title/tt0082073/?ref_=sr_t_386,1981,1h 50m,,7.4,4.4K
387. Surfacing,https://www.imdb.com/title/tt0088208/?ref_=sr_t_387,1981,1h 29m,R,4.4,173
388. A Broken Love Story,https://www.imdb.com/title/tt0457020/?ref_=sr_t_388,1981,1h 35m,,7.2,1.1K
"389. Soggy Bottom, U.S.A.",https://www.imdb.com/title/tt0081533/?ref_=sr_t_389,1981,1h 30m,PG,5.3,277
390. Odyssey: The Three Worlds of Bali,https://www.imdb.com/title/tt3652722/?ref_=sr_t_390,1981,,,,
391. El Noa Noa,https://www.imdb.com/title/tt0218470/?ref_=sr_t_391,1981,1h 37m,,6.7,38
392. Malevil,https://www.imdb.com/title/tt0082701/?ref_=sr_t_392,1981,2h,Not Rated,6.5,1K
393. Murder Syndrome,https://www.imdb.com/title/tt0081286/?ref_=sr_t_393,1981,1h 32m,Not Rated,5.3,1K
394. Threshold,https://www.imdb.com/title/tt0083197/?ref_=sr_t_394,1981,1h 37m,PG,5.9,552
395. Jaws of Satan,https://www.imdb.com/title/tt0082580/?ref_=sr_t_395,1981,1h 32m,R,4.0,972
396. A Sense of Freedom,https://www.imdb.com/title/tt0194350/?ref_=sr_t_396,1981,1h 21m,,6.9,642
397. Heartaches,https://www.imdb.com/title/tt0082506/?ref_=sr_t_397,1981,1h 32m,R,5.9,218
398. Love Story,https://www.imdb.com/title/tt0234141/?ref_=sr_t_398,1981,2h 41m,,6.5,446
399. Bulundi,https://www.imdb.com/title/tt0319121/?ref_=sr_t_399,1981,2h 42m,,6.4,130
400. Kill and Kill Again,https://www.imdb.com/title/tt0082612/?ref_=sr_t_400,1981,1h 40m,PG,4.9,811
401. 36 Chowringhee Lane,https://www.imdb.com/title/tt0081968/?ref_=sr_t_401,1981,2h 2m,,7.6,446
402. Secrets of the Satin Blues,https://www.imdb.com/title/tt0082395/?ref_=sr_t_402,1981,1h 31m,R,4.5,128
403. The Games of Countess Dolingen,https://www.imdb.com/title/tt0080957/?ref_=sr_t_403,1981,1h 54m,,6.2,199
404. Not a Love Story: A Film About Pornography,https://www.imdb.com/title/tt0132367/?ref_=sr_t_404,1981,1h 9m,,5.6,319
405. The Promising Boy,https://www.imdb.com/title/tt0180633/?ref_=sr_t_405,1981,1h 46m,,7.8,1.7K
406. Chehre Pe Chehra,https://www.imdb.com/title/tt0367595/?ref_=sr_t_406,1981,2h 20m,,6.4,85
407. Frankenstein Island,https://www.imdb.com/title/tt0082410/?ref_=sr_t_407,1981,1h 37m,PG,2.1,1.3K
408. Peter-No-Tail,https://www.imdb.com/title/tt0082892/?ref_=sr_t_408,1981,1h 21m,G,7.0,1K
409. Sailor Suit and Machine Gun,https://www.imdb.com/title/tt0083021/?ref_=sr_t_409,1981,2h 11m,,6.4,990
410. La poliziotta a New York,https://www.imdb.com/title/tt0082923/?ref_=sr_t_410,1981,1h 31m,,4.4,305
411. Orgasmo caliente,https://www.imdb.com/title/tt0082857/?ref_=sr_t_411,1981,1h 33m,,4.9,57
412. Will,https://www.imdb.com/title/tt0232951/?ref_=sr_t_412,1981,1h 20m,,5.3,17
413. Tais-toi quand tu parles!,https://www.imdb.com/title/tt0083161/?ref_=sr_t_413,1981,1h 29m,,4.3,151
414. Female Teacher's Awakening,https://www.imdb.com/title/tt0226255/?ref_=sr_t_414,1981,1h 7m,,5.5,24
415. Circle of Power,https://www.imdb.com/title/tt0085340/?ref_=sr_t_415,1981,1h 37m,R,6.2,270
416. Ricomincio da tre,https://www.imdb.com/title/tt0081427/?ref_=sr_t_416,1981,1h 50m,,7.4,3K
417. Agni Pareeksha,https://www.imdb.com/title/tt0377337/?ref_=sr_t_417,1981,2h 10m,,5.7,33
418. Tragedy of a Ridiculous Man,https://www.imdb.com/title/tt0084813/?ref_=sr_t_418,1981,1h 56m,PG,6.6,1.2K
419. Sexo Profundo,https://www.imdb.com/title/tt0442474/?ref_=sr_t_419,1981,1h 30m,,4.7,47
420. They Don't Wear Black Tie,https://www.imdb.com/title/tt0082317/?ref_=sr_t_420,1981,2h,,8.2,1.9K
421. The Rooster,https://www.imdb.com/title/tt0083238/?ref_=sr_t_421,1981,1h 37m,,5.9,1.1K
422. Assassination Attempt,https://www.imdb.com/title/tt0081609/?ref_=sr_t_422,1981,2h 30m,,6.7,1.4K
423. Blood Wedding,https://www.imdb.com/title/tt0082088/?ref_=sr_t_423,1981,1h 7m,Not Rated,7.4,2K
"424. Belles, blondes et bronzées",https://www.imdb.com/title/tt0082057/?ref_=sr_t_424,1981,1h 30m,,3.2,138
425. Tristan and Isolde,https://www.imdb.com/title/tt0089146/?ref_=sr_t_425,1981,1h 24m,,5.9,146
426. Krakonos a lyzníci,https://www.imdb.com/title/tt0174827/?ref_=sr_t_426,1981,1h 12m,,6.9,223
427. In the Wink of an Eye,https://www.imdb.com/title/tt0221322/?ref_=sr_t_427,1981,1h 30m,TV-14,7.7,778
428. The Day After Trinity,https://www.imdb.com/title/tt0080594/?ref_=sr_t_428,1981,1h 28m,Not Rated,7.8,1.3K
429. Saheb,https://www.imdb.com/title/tt4242438/?ref_=sr_t_429,1981,2h 5m,Not Rated,8.4,56
430. Sundelbolong,https://www.imdb.com/title/tt0281241/?ref_=sr_t_430,1981,1h 42m,,6.1,158
431. My Young Auntie,https://www.imdb.com/title/tt0080717/?ref_=sr_t_431,1981,2h 1m,Not Rated,6.8,991
"432. Eros, the God of Love",https://www.imdb.com/title/tt0140028/?ref_=sr_t_432,1981,1h 47m,,5.8,183
433. Circle of Deceit,https://www.imdb.com/title/tt0082429/?ref_=sr_t_433,1981,1h 48m,R,7.1,1K
434. Early Warning,https://www.imdb.com/title/tt0350869/?ref_=sr_t_434,1981,1h 25m,Not Rated,5.2,197
435. Madame Claude 2,https://www.imdb.com/title/tt0084286/?ref_=sr_t_435,1981,1h 40m,R,4.2,149
436. Les filles de Copacabana,https://www.imdb.com/title/tt0082166/?ref_=sr_t_436,1981,1h 35m,,4.6,125
437. Years of the Beast,https://www.imdb.com/title/tt0243036/?ref_=sr_t_437,1981,1h 38m,Not Rated,5.4,287
438. Unimaginable,https://www.imdb.com/title/tt0196324/?ref_=sr_t_438,1981,2h 15m,,7.4,31
439. Night of the Zombies,https://www.imdb.com/title/tt0082815/?ref_=sr_t_439,1981,1h 28m,R,2.7,764
440. Aszparuh,https://www.imdb.com/title/tt0275942/?ref_=sr_t_440,1981,5h 23m,,8.7,978
441. Chakra,https://www.imdb.com/title/tt0080514/?ref_=sr_t_441,1981,2h 20m,,7.0,202
442. Twenty Six Days from the Life of Dostoyevsky,https://www.imdb.com/title/tt0132932/?ref_=sr_t_442,1981,1h 27m,,6.8,173
443. Earthbound,https://www.imdb.com/title/tt0082308/?ref_=sr_t_443,1981,1h 39m,PG,4.2,217
444. Pierino contro tutti,https://www.imdb.com/title/tt0082904/?ref_=sr_t_444,1981,1h 32m,,4.9,550
445. The Territory,https://www.imdb.com/title/tt0083183/?ref_=sr_t_445,1981,1h 40m,,6.3,304
446. Suddenly in the Dark,https://www.imdb.com/title/tt0301345/?ref_=sr_t_446,1981,1h 40m,Not Rated,6.5,569
447. SOPOR,https://www.imdb.com/title/tt0083016/?ref_=sr_t_447,1981,1h 36m,,5.3,657
448. Night of Horror,https://www.imdb.com/title/tt0202496/?ref_=sr_t_448,1981,1h 16m,Unrated,1.5,473
449. Olsenbanden gir seg aldri!,https://www.imdb.com/title/tt0132383/?ref_=sr_t_449,1981,1h 41m,,6.3,879
450. Bordello,https://www.imdb.com/title/tt0081197/?ref_=sr_t_450,1981,1h 38m,,5.5,91
451. Take It or Leave It,https://www.imdb.com/title/tt0199065/?ref_=sr_t_451,1981,1h 27m,,7.3,244
452. C.O.D.,https://www.imdb.com/title/tt0082126/?ref_=sr_t_452,1981,1h 36m,PG,4.7,269
453. Age Doesn't Matter,https://www.imdb.com/title/tt1436313/?ref_=sr_t_453,1981,2h,,5.7,16
454. Brooklyn Bridge,https://www.imdb.com/title/tt0082106/?ref_=sr_t_454,1981,58m,TV-G,7.5,1K
455. Sazaye Maut,https://www.imdb.com/title/tt0125485/?ref_=sr_t_455,1981,,,7.3,93
456. A Day of Judgment,https://www.imdb.com/title/tt0221902/?ref_=sr_t_456,1981,1h 32m,,4.1,340
457. Tik Tik Tik,https://www.imdb.com/title/tt0156136/?ref_=sr_t_457,1981,2h 44m,Not Rated,6.9,306
458. Chann Pardesee,https://www.imdb.com/title/tt0310865/?ref_=sr_t_458,1981,2h 27m,,8.7,108
459. Mera spored mera,https://www.imdb.com/title/tt0082728/?ref_=sr_t_459,1981,4h 48m,,8.4,229
460. Pick-Up Girls,https://www.imdb.com/title/tt0082164/?ref_=sr_t_460,1981,1h 39m,,3.6,239
461. Documenteur,https://www.imdb.com/title/tt0082275/?ref_=sr_t_461,1981,1h 5m,,6.9,1.4K
"462. Maria, Mirabella",https://www.imdb.com/title/tt0155858/?ref_=sr_t_462,1981,1h 9m,,7.5,728
463. The Instructor,https://www.imdb.com/title/tt0187993/?ref_=sr_t_463,1981,1h 34m,R,4.4,188
464. Profesor eróticus,https://www.imdb.com/title/tt0081380/?ref_=sr_t_464,1981,1h 34m,,4.5,55
465. Longshot,https://www.imdb.com/title/tt0082676/?ref_=sr_t_465,1981,1h 40m,TV-PG,4.8,136
466. Bewitched,https://www.imdb.com/title/tt0082481/?ref_=sr_t_466,1981,1h 41m,,6.5,584
467. The Dark End of the Street,https://www.imdb.com/title/tt0082234/?ref_=sr_t_467,1981,1h 29m,,4.7,160
468. Kung Fu Zombie,https://www.imdb.com/title/tt0199148/?ref_=sr_t_468,1981,1h 20m,R,5.3,520
469. The One Armed Executioner,https://www.imdb.com/title/tt0199903/?ref_=sr_t_469,1981,1h 35m,R,5.8,345
470. School in the Crosshairs,https://www.imdb.com/title/tt0125434/?ref_=sr_t_470,1981,1h 30m,,6.3,536
471. Davaro,https://www.imdb.com/title/tt0252361/?ref_=sr_t_471,1981,1h 34m,,8.1,9.4K
472. Muddy River,https://www.imdb.com/title/tt0082280/?ref_=sr_t_472,1981,1h 45m,,7.8,1.1K
473. El vecindario,https://www.imdb.com/title/tt0083277/?ref_=sr_t_473,1981,1h 30m,,5.0,80
474. Lisova pisnya. Mavka,https://www.imdb.com/title/tt0171474/?ref_=sr_t_474,1981,1h 23m,,6.8,258
475. Shradhanjali,https://www.imdb.com/title/tt0369928/?ref_=sr_t_475,1981,2h 19m,,7.0,32
476. Olsen-bandens flugt - over plankeværket,https://www.imdb.com/title/tt0082843/?ref_=sr_t_476,1981,1h 40m,Not Rated,6.8,1.7K
477. Trickster,https://www.imdb.com/title/tt0254001/?ref_=sr_t_477,1981,1h 28m,,7.7,6.5K
478. The Boy Soldier,https://www.imdb.com/title/tt0080355/?ref_=sr_t_478,1981,1h 58m,,7.4,409
479. The Prodigal Daughter,https://www.imdb.com/title/tt0165777/?ref_=sr_t_479,1981,1h 35m,Not Rated,5.8,238
480. Mobile Suit Gundam II: Soldiers of Sorrow,https://www.imdb.com/title/tt0159510/?ref_=sr_t_480,1981,2h 19m,,7.1,1.7K
481. Incest - The Movie,https://www.imdb.com/title/tt28717432/?ref_=sr_t_481,1981,46m,,,
482. A Fêmea do Mar,https://www.imdb.com/title/tt0250392/?ref_=sr_t_482,1981,1h 26m,,5.1,185
483. Ranuva Veeran,https://www.imdb.com/title/tt0187445/?ref_=sr_t_483,1981,2h 32m,Not Rated,5.1,150
484. Memoirs of a Survivor,https://www.imdb.com/title/tt0082733/?ref_=sr_t_484,1981,1h 55m,,5.4,379
485. La dottoressa preferisce i marinai,https://www.imdb.com/title/tt0082284/?ref_=sr_t_485,1981,,,3.8,189
486. Patalam Pandu,https://www.imdb.com/title/tt1279236/?ref_=sr_t_486,1981,2h,,7.7,35
487. Une étrange affaire,https://www.imdb.com/title/tt0083257/?ref_=sr_t_487,1981,1h 45m,,7.0,687
488. Staryy novyy god,https://www.imdb.com/title/tt0081557/?ref_=sr_t_488,1981,2h 18m,,7.1,529
489. Zamaane Ko Dikhana Hai,https://www.imdb.com/title/tt0230993/?ref_=sr_t_489,1981,2h 55m,,6.5,179
490. Underground Aces,https://www.imdb.com/title/tt0081681/?ref_=sr_t_490,1981,1h 35m,PG,4.2,352
491. Shivers,https://www.imdb.com/title/tt0082294/?ref_=sr_t_491,1981,1h 46m,,6.9,540
492. Santaj,https://www.imdb.com/title/tt0083029/?ref_=sr_t_492,1981,1h 36m,,7.4,109
"493. Laß laufen, Kumpel",https://www.imdb.com/title/tt0082645/?ref_=sr_t_493,1981,1h 28m,,3.2,88
494. Wolf,https://www.imdb.com/title/tt0934959/?ref_=sr_t_494,1981,1h 31m,,5.0,149
495. Sambahin ang ngalan mo,https://www.imdb.com/title/tt1577868/?ref_=sr_t_495,1981,,,2.4,19
496. Time for Revenge,https://www.imdb.com/title/tt0083203/?ref_=sr_t_496,1981,1h 52m,R,7.8,1.4K
497. Freak Orlando,https://www.imdb.com/title/tt0082414/?ref_=sr_t_497,1981,2h 6m,,5.9,391
498. Jaka Sembung,https://www.imdb.com/title/tt0090295/?ref_=sr_t_498,1981,1h 32m,,6.2,314
499. Sally and Freedom,https://www.imdb.com/title/tt0083025/?ref_=sr_t_499,1981,1h 42m,,5.9,110
500. Silvestre,https://www.imdb.com/title/tt0083082/?ref_=sr_t_500,1981,2h,,7.3,369
