Title,Movie Link,Year,Duration,MPA,Rating,Votes
1. The Exorcist,https://www.imdb.com/title/tt0070047/?ref_=sr_t_1,1973,2h 2m,R,8.1,470K
2. The Sting,https://www.imdb.com/title/tt0070735/?ref_=sr_t_2,1973,2h 9m,PG,8.3,286K
3. American Graffiti,https://www.imdb.com/title/tt0069704/?ref_=sr_t_3,1973,1h 50m,PG,7.4,101K
4. Papillon,https://www.imdb.com/title/tt0070511/?ref_=sr_t_4,1973,2h 31m,R,8.0,141K
5. The Way We Were,https://www.imdb.com/title/tt0070903/?ref_=sr_t_5,1973,1h 58m,PG,7.0,28K
6. Magnum Force,https://www.imdb.com/title/tt0070355/?ref_=sr_t_6,1973,2h 4m,R,7.2,69K
7. Live and Let Die,https://www.imdb.com/title/tt0070328/?ref_=sr_t_7,1973,2h 1m,PG,6.7,118K
8. Serpico,https://www.imdb.com/title/tt0070666/?ref_=sr_t_8,1973,2h 10m,R,7.7,139K
9. Sleeper,https://www.imdb.com/title/tt0070707/?ref_=sr_t_9,1973,1h 29m,PG,7.1,45K
10. High Plains Drifter,https://www.imdb.com/title/tt0068699/?ref_=sr_t_10,1973,1h 45m,R,7.4,66K
11. Battle for the Planet of the Apes,https://www.imdb.com/title/tt0069768/?ref_=sr_t_11,1973,1h 33m,G,5.4,36K
12. The Day of the Dolphin,https://www.imdb.com/title/tt0069946/?ref_=sr_t_12,1973,1h 44m,PG,6.0,3.6K
13. The Wicker Man,https://www.imdb.com/title/tt0070917/?ref_=sr_t_13,1973,1h 28m,R,7.5,98K
14. Amarcord,https://www.imdb.com/title/tt0071129/?ref_=sr_t_14,1973,2h 3m,R,7.8,48K
15. A Bigger Splash,https://www.imdb.com/title/tt0071219/?ref_=sr_t_15,1973,1h 46m,Not Rated,5.8,661
16. The Holy Mountain,https://www.imdb.com/title/tt0071615/?ref_=sr_t_16,1973,1h 54m,R,7.7,50K
17. The Mother and the Whore,https://www.imdb.com/title/tt0070359/?ref_=sr_t_17,1973,3h 30m,Not Rated,7.7,7K
18. Mean Streets,https://www.imdb.com/title/tt0070379/?ref_=sr_t_18,1973,1h 52m,R,7.2,123K
19. Enter the Dragon,https://www.imdb.com/title/tt0070034/?ref_=sr_t_19,1973,1h 42m,R,7.6,115K
20. Ganja & Hess,https://www.imdb.com/title/tt0068619/?ref_=sr_t_20,1973,1h 52m,R,6.2,2.8K
21. Wattstax,https://www.imdb.com/title/tt0070902/?ref_=sr_t_21,1973,1h 43m,R,7.7,1.1K
22. The Fate of Lee Khan,https://www.imdb.com/title/tt0070942/?ref_=sr_t_22,1973,1h 45m,,7.2,919
23. Detroit 9000,https://www.imdb.com/title/tt0069966/?ref_=sr_t_23,1973,1h 46m,R,6.3,1.2K
24. Day for Night,https://www.imdb.com/title/tt0070460/?ref_=sr_t_24,1973,1h 56m,PG,8.0,25K
25. The Day of the Jackal,https://www.imdb.com/title/tt0069947/?ref_=sr_t_25,1973,2h 23m,PG,7.8,48K
26. Three Wishes for Cinderella,https://www.imdb.com/title/tt0070832/?ref_=sr_t_26,1973,1h 28m,,7.6,12K
27. Paper Moon,https://www.imdb.com/title/tt0070510/?ref_=sr_t_27,1973,1h 42m,PG,8.1,54K
28. Female Vampire,https://www.imdb.com/title/tt0069745/?ref_=sr_t_28,1973,1h 12m,Not Rated,4.7,2.1K
29. Robin Hood,https://www.imdb.com/title/tt0070608/?ref_=sr_t_29,1973,1h 23m,G,7.5,143K
30. Soylent Green,https://www.imdb.com/title/tt0070723/?ref_=sr_t_30,1973,1h 37m,PG,7.0,72K
31. Westworld,https://www.imdb.com/title/tt0070909/?ref_=sr_t_31,1973,1h 28m,PG,6.9,64K
32. The Last Detail,https://www.imdb.com/title/tt0070290/?ref_=sr_t_32,1973,1h 44m,R,7.5,29K
33. Badlands,https://www.imdb.com/title/tt0069762/?ref_=sr_t_33,1973,1h 34m,PG,7.7,80K
34. Walking Tall,https://www.imdb.com/title/tt0070895/?ref_=sr_t_34,1973,2h 5m,R,6.9,7K
35. The Three Musketeers,https://www.imdb.com/title/tt0072281/?ref_=sr_t_35,1973,1h 46m,PG,7.1,21K
36. Don't Look Now,https://www.imdb.com/title/tt0069995/?ref_=sr_t_36,1973,1h 50m,R,7.1,65K
37. My Name Is Nobody,https://www.imdb.com/title/tt0070215/?ref_=sr_t_37,1973,1h 56m,PG,7.3,30K
38. White Lightning,https://www.imdb.com/title/tt0070915/?ref_=sr_t_38,1973,1h 41m,PG,6.4,6.1K
39. Holiday on the Buses,https://www.imdb.com/title/tt0071613/?ref_=sr_t_39,1973,1h 27m,Approved,5.8,2.1K
40. Pat Garrett & Billy the Kid,https://www.imdb.com/title/tt0070518/?ref_=sr_t_40,1973,2h 2m,R,7.2,22K
41. The Long Goodbye,https://www.imdb.com/title/tt0070334/?ref_=sr_t_41,1973,1h 52m,R,7.5,40K
42. Jesus Christ Superstar,https://www.imdb.com/title/tt0070239/?ref_=sr_t_42,1973,1h 46m,G,7.4,31K
43. Invasion of the Bee Girls,https://www.imdb.com/title/tt0070222/?ref_=sr_t_43,1973,1h 26m,R,4.9,3.3K
44. 14 and Under,https://www.imdb.com/title/tt0150661/?ref_=sr_t_44,1973,1h 27m,X,4.9,527
45. Malicious,https://www.imdb.com/title/tt0070358/?ref_=sr_t_45,1973,1h 38m,R,6.3,3.7K
46. Torso,https://www.imdb.com/title/tt0069920/?ref_=sr_t_46,1973,1h 32m,R,6.5,8.3K
47. The Last of Sheila,https://www.imdb.com/title/tt0070291/?ref_=sr_t_47,1973,2h,PG,7.2,9.2K
48. The Golden Voyage of Sinbad,https://www.imdb.com/title/tt0071569/?ref_=sr_t_48,1973,1h 45m,G,6.8,11K
49. The Big Feast,https://www.imdb.com/title/tt0070130/?ref_=sr_t_49,1973,2h 10m,NC-17,7.1,15K
50. Fantastic Planet,https://www.imdb.com/title/tt0070544/?ref_=sr_t_50,1973,1h 12m,PG,7.7,39K
51. Immoral Tales,https://www.imdb.com/title/tt0071359/?ref_=sr_t_51,1973,1h 43m,Not Rated,5.6,5.8K
52. The Cheerleaders,https://www.imdb.com/title/tt0068364/?ref_=sr_t_52,1973,1h 24m,R,5.4,1.6K
53. Turkish Delight,https://www.imdb.com/title/tt0070842/?ref_=sr_t_53,1973,1h 48m,R,7.1,12K
54. The Offence,https://www.imdb.com/title/tt0070468/?ref_=sr_t_54,1973,1h 52m,R,6.9,8.3K
55. Coffy,https://www.imdb.com/title/tt0069897/?ref_=sr_t_55,1973,1h 30m,R,6.8,13K
56. Belladonna of Sadness,https://www.imdb.com/title/tt0071203/?ref_=sr_t_56,1973,1h 26m,Unrated,7.3,8.3K
57. Thriller: A Cruel Picture,https://www.imdb.com/title/tt0072285/?ref_=sr_t_57,1973,1h 44m,R,6.4,8.8K
58. Tom Sawyer,https://www.imdb.com/title/tt0070814/?ref_=sr_t_58,1973,1h 43m,G,6.4,2.7K
59. A Virgin Among the Living Dead,https://www.imdb.com/title/tt0066914/?ref_=sr_t_59,1973,1h 45m,Not Rated,4.9,2.8K
60. Anita,https://www.imdb.com/title/tt0069718/?ref_=sr_t_60,1973,1h 35m,X,5.1,1.8K
61. Theater of Blood,https://www.imdb.com/title/tt0070791/?ref_=sr_t_61,1973,1h 44m,R,7.1,13K
62. The Legend of Hell House,https://www.imdb.com/title/tt0070294/?ref_=sr_t_62,1973,1h 35m,PG,6.6,15K
63. Carry on Girls,https://www.imdb.com/title/tt0069848/?ref_=sr_t_63,1973,1h 28m,Not Rated,5.8,3.3K
64. Emperor of the North,https://www.imdb.com/title/tt0070030/?ref_=sr_t_64,1973,1h 58m,PG,7.2,7.3K
65. Black Mama White Mama,https://www.imdb.com/title/tt0068282/?ref_=sr_t_65,1973,1h 27m,R,5.6,3.8K
66. Scarecrow,https://www.imdb.com/title/tt0070643/?ref_=sr_t_66,1973,1h 52m,R,7.2,20K
67. Lost Horizon,https://www.imdb.com/title/tt0070337/?ref_=sr_t_67,1973,2h 30m,G,5.2,3K
68. The Train Robbers,https://www.imdb.com/title/tt0070825/?ref_=sr_t_68,1973,1h 32m,PG,6.4,7K
69. Flesh for Frankenstein,https://www.imdb.com/title/tt0071508/?ref_=sr_t_69,1973,1h 35m,R,5.8,7.2K
70. Story of a Cloistered Nun,https://www.imdb.com/title/tt0070738/?ref_=sr_t_70,1973,1h 37m,R,5.5,502
71. Lady Snowblood,https://www.imdb.com/title/tt0158714/?ref_=sr_t_71,1973,1h 37m,Not Rated,7.6,17K
72. Cannibal Girls,https://www.imdb.com/title/tt0069841/?ref_=sr_t_72,1973,1h 24m,R,4.6,1.5K
73. The Spirit of the Beehive,https://www.imdb.com/title/tt0070040/?ref_=sr_t_73,1973,1h 38m,Not Rated,7.8,21K
74. Charlotte's Web,https://www.imdb.com/title/tt0070016/?ref_=sr_t_74,1973,1h 34m,G,6.9,23K
75. The Devil's Plaything,https://www.imdb.com/title/tt0070066/?ref_=sr_t_75,1973,1h 43m,X,4.8,971
76. The Baby,https://www.imdb.com/title/tt0069754/?ref_=sr_t_76,1973,1h 24m,PG,6.1,4.7K
77. Baba Yaga,https://www.imdb.com/title/tt0069753/?ref_=sr_t_77,1973,1h 29m,Unrated,5.7,2.4K
78. The Paper Chase,https://www.imdb.com/title/tt0070509/?ref_=sr_t_78,1973,1h 53m,PG,7.2,8.9K
79. Heavy Traffic,https://www.imdb.com/title/tt0070165/?ref_=sr_t_79,1973,1h 17m,R,6.5,3.9K
80. Pets,https://www.imdb.com/title/tt0071992/?ref_=sr_t_80,1973,1h 43m,R,5.7,785
81. Breezy,https://www.imdb.com/title/tt0069822/?ref_=sr_t_81,1973,1h 46m,R,7.0,6K
82. The Hourglass Sanatorium,https://www.imdb.com/title/tt0070628/?ref_=sr_t_82,1973,2h 4m,,7.5,5.2K
83. The Crazies,https://www.imdb.com/title/tt0069895/?ref_=sr_t_83,1973,1h 43m,R,6.1,15K
84. The Friends of Eddie Coyle,https://www.imdb.com/title/tt0070077/?ref_=sr_t_84,1973,1h 42m,R,7.4,13K
85. Charley Varrick,https://www.imdb.com/title/tt0069865/?ref_=sr_t_85,1973,1h 51m,PG,7.5,15K
86. Terminal Island,https://www.imdb.com/title/tt0070782/?ref_=sr_t_86,1973,1h 28m,R,5.3,1.6K
87. Ludwig,https://www.imdb.com/title/tt0068883/?ref_=sr_t_87,1973,3h 58m,PG,7.5,6.2K
88. Godspell,https://www.imdb.com/title/tt0070121/?ref_=sr_t_88,1973,1h 43m,G,6.5,3.8K
89. The Last American Hero,https://www.imdb.com/title/tt0070287/?ref_=sr_t_89,1973,1h 35m,PG,6.4,2.3K
90. O Lucky Man!,https://www.imdb.com/title/tt0070464/?ref_=sr_t_90,1973,2h 58m,R,7.6,9K
91. Night Watch,https://www.imdb.com/title/tt0070444/?ref_=sr_t_91,1973,1h 39m,PG,6.3,2.4K
92. The Mad Adventures of Rabbi Jacob,https://www.imdb.com/title/tt0069747/?ref_=sr_t_92,1973,1h 35m,G,7.4,15K
93. The Satanic Rites of Dracula,https://www.imdb.com/title/tt0070634/?ref_=sr_t_93,1973,1h 27m,R,5.5,7.3K
94. The Candy Snatchers,https://www.imdb.com/title/tt0069840/?ref_=sr_t_94,1973,1h 34m,R,6.3,1.8K
95. The Devil's Wedding Night,https://www.imdb.com/title/tt0070547/?ref_=sr_t_95,1973,1h 23m,R,5.3,1.1K
96. The Seven-Ups,https://www.imdb.com/title/tt0070672/?ref_=sr_t_96,1973,1h 43m,PG,6.8,6.9K
97. Secrets of Naked Girls,https://www.imdb.com/title/tt0070376/?ref_=sr_t_97,1973,1h 28m,,5.8,40
98. Electra Glide in Blue,https://www.imdb.com/title/tt0070022/?ref_=sr_t_98,1973,1h 54m,PG,7.0,6.6K
99. Cahill U.S. Marshal,https://www.imdb.com/title/tt0069834/?ref_=sr_t_99,1973,1h 43m,PG,6.4,7.5K
100. The Harrad Experiment,https://www.imdb.com/title/tt0070157/?ref_=sr_t_100,1973,1h 37m,R,4.6,982
101. Sinner: The Secret Diary of a Nymphomaniac,https://www.imdb.com/title/tt0069973/?ref_=sr_t_101,1973,1h 27m,R,5.4,639
102. She Devils of the SS,https://www.imdb.com/title/tt0071161/?ref_=sr_t_102,1973,1h 36m,Not Rated,4.1,853
103. Steptoe and Son Ride Again,https://www.imdb.com/title/tt0070734/?ref_=sr_t_103,1973,1h 39m,,6.7,1.4K
104. The Demons,https://www.imdb.com/title/tt0068522/?ref_=sr_t_104,1973,1h 19m,R,5.2,940
105. The Outfit,https://www.imdb.com/title/tt0071960/?ref_=sr_t_105,1973,1h 43m,PG,7.0,5.3K
106. Seduction,https://www.imdb.com/title/tt0070660/?ref_=sr_t_106,1973,1h 39m,,6.0,632
107. Eugenie de Sade,https://www.imdb.com/title/tt0218181/?ref_=sr_t_107,1973,1h 26m,X,5.6,1.2K
108. Sugar Cookies,https://www.imdb.com/title/tt0070746/?ref_=sr_t_108,1973,1h 31m,X,5.4,685
109. 'Gator Bait,https://www.imdb.com/title/tt0074080/?ref_=sr_t_109,1973,1h 28m,R,5.4,1.5K
110. Savage Abduction,https://www.imdb.com/title/tt0068440/?ref_=sr_t_110,1973,1h 22m,R,3.4,285
111. The Mack,https://www.imdb.com/title/tt0070350/?ref_=sr_t_111,1973,1h 50m,R,6.6,3.4K
112. Karate Girl,https://www.imdb.com/title/tt0278527/?ref_=sr_t_112,1973,1h 25m,,3.6,534
113. Scorpio,https://www.imdb.com/title/tt0070653/?ref_=sr_t_113,1973,1h 54m,PG,6.4,5.4K
114. Lisa and the Devil,https://www.imdb.com/title/tt0068863/?ref_=sr_t_114,1973,1h 35m,Not Rated,6.2,5.6K
115. Veronica,https://www.imdb.com/title/tt0069458/?ref_=sr_t_115,1973,1h 34m,,8.0,821
116. Lemora: A Child's Tale of the Supernatural,https://www.imdb.com/title/tt0070300/?ref_=sr_t_116,1973,1h 20m,PG,6.1,2.6K
117. Save the Tiger,https://www.imdb.com/title/tt0070640/?ref_=sr_t_117,1973,1h 40m,R,6.9,5.8K
118. Sssssss,https://www.imdb.com/title/tt0070622/?ref_=sr_t_118,1973,1h 39m,PG,5.4,4.1K
119. Blue Summer,https://www.imdb.com/title/tt0069807/?ref_=sr_t_119,1973,1h 19m,X,4.4,496
120. The Olsen Gang Runs Amok,https://www.imdb.com/title/tt0070474/?ref_=sr_t_120,1973,1h 40m,Not Rated,7.0,2.2K
121. Sex & Fury,https://www.imdb.com/title/tt0070085/?ref_=sr_t_121,1973,1h 28m,R,6.7,3.6K
122. The Killing Kind,https://www.imdb.com/title/tt0070270/?ref_=sr_t_122,1973,1h 35m,R,6.1,1.3K
123. The Last House on Dead End Street,https://www.imdb.com/title/tt0076295/?ref_=sr_t_123,1973,1h 18m,R,5.1,2.4K
124. Liebe zwischen Tür und Angel - Vertreterinnen-Report,https://www.imdb.com/title/tt0187240/?ref_=sr_t_124,1973,1h 17m,R,4.2,151
125. Hollywood 90028,https://www.imdb.com/title/tt0078728/?ref_=sr_t_125,1973,1h 16m,R,5.9,181
126. The Iceman Cometh,https://www.imdb.com/title/tt0070212/?ref_=sr_t_126,1973,3h 59m,PG,7.2,1.9K
127. Swap Meat at the Love Market,https://www.imdb.com/title/tt0070315/?ref_=sr_t_127,1973,1h 37m,,4.8,136
128. Dillinger,https://www.imdb.com/title/tt0069976/?ref_=sr_t_128,1973,1h 47m,R,6.9,6K
129. The Castle of Purity,https://www.imdb.com/title/tt0068348/?ref_=sr_t_129,1973,1h 50m,Not Rated,7.5,2.5K
130. The Vault of Horror,https://www.imdb.com/title/tt0070868/?ref_=sr_t_130,1973,1h 27m,PG,6.5,6.5K
131. The Dirty Mind of Young Sally,https://www.imdb.com/title/tt0065643/?ref_=sr_t_131,1973,1h 35m,X,5.0,336
132. Bawdy Tales,https://www.imdb.com/title/tt0205430/?ref_=sr_t_132,1973,1h 33m,Not Rated,5.7,251
133. Sex of the Witch,https://www.imdb.com/title/tt0195248/?ref_=sr_t_133,1973,1h 35m,Not Rated,4.3,533
134. Blackenstein,https://www.imdb.com/title/tt0069795/?ref_=sr_t_134,1973,1h 18m,R,3.4,1.5K
135. Le Magnifique,https://www.imdb.com/title/tt0070354/?ref_=sr_t_135,1973,1h 35m,,7.1,6.6K
136. Emil och griseknoen,https://www.imdb.com/title/tt0072931/?ref_=sr_t_136,1973,1h 37m,,7.2,3K
"137. Don Juan, or If Don Juan Were a Woman",https://www.imdb.com/title/tt0069990/?ref_=sr_t_137,1973,1h 27m,R,5.0,1.2K
138. Bang the Drum Slowly,https://www.imdb.com/title/tt0069765/?ref_=sr_t_138,1973,1h 36m,PG,6.7,6.4K
139. The World's Greatest Athlete,https://www.imdb.com/title/tt0070928/?ref_=sr_t_139,1973,1h 33m,G,5.7,1.8K
140. Chino,https://www.imdb.com/title/tt0069833/?ref_=sr_t_140,1973,1h 37m,PG,6.0,2.9K
141. Two Men in Town,https://www.imdb.com/title/tt0069967/?ref_=sr_t_141,1973,1h 40m,Not Rated,7.3,5.4K
142. Kid Blue,https://www.imdb.com/title/tt0070267/?ref_=sr_t_142,1973,1h 40m,PG,6.2,867
143. The Nun and the Devil,https://www.imdb.com/title/tt0070404/?ref_=sr_t_143,1973,1h 40m,R,5.3,622
144. Lolly-Madonna XXX,https://www.imdb.com/title/tt0070332/?ref_=sr_t_144,1973,1h 45m,PG,6.4,918
145. Pigs,https://www.imdb.com/title/tt0070537/?ref_=sr_t_145,1973,1h 20m,R,4.8,1.6K
146. Hitler: The Last Ten Days,https://www.imdb.com/title/tt0070184/?ref_=sr_t_146,1973,1h 48m,PG,6.5,1.9K
147. Tales That Witness Madness,https://www.imdb.com/title/tt0070770/?ref_=sr_t_147,1973,1h 30m,R,5.6,2.3K
148. Schoolgirl Report Part 5: What All Parents Should Know,https://www.imdb.com/title/tt0070649/?ref_=sr_t_148,1973,1h 26m,,4.4,394
149. F for Fake,https://www.imdb.com/title/tt0072962/?ref_=sr_t_149,1973,1h 29m,PG,7.7,19K
150. Wonder Women,https://www.imdb.com/title/tt0070926/?ref_=sr_t_150,1973,1h 22m,PG,4.5,1.1K
151. And Now the Screaming Starts!,https://www.imdb.com/title/tt0069715/?ref_=sr_t_151,1973,1h 31m,R,5.9,3.2K
152. Schlock,https://www.imdb.com/title/tt0067716/?ref_=sr_t_152,1973,1h 20m,PG,5.5,2.1K
153. Massage Parlor Murders!,https://www.imdb.com/title/tt0495861/?ref_=sr_t_153,1973,1h 20m,R,4.7,606
154. Secrets of Sweet Sixteen,https://www.imdb.com/title/tt0070900/?ref_=sr_t_154,1973,1h 14m,R,4.0,341
155. The Final Programme,https://www.imdb.com/title/tt0070289/?ref_=sr_t_155,1973,1h 21m,R,5.4,1.1K
156. Scream Blacula Scream,https://www.imdb.com/title/tt0070656/?ref_=sr_t_156,1973,1h 36m,PG,5.6,3.3K
157. The Erotic Rites of Frankenstein,https://www.imdb.com/title/tt0068559/?ref_=sr_t_157,1973,1h 34m,Not Rated,5.0,904
158. Tiffany Jones,https://www.imdb.com/title/tt0070802/?ref_=sr_t_158,1973,1h 30m,R,4.7,332
159. Jonathan Livingston Seagull,https://www.imdb.com/title/tt0070248/?ref_=sr_t_159,1973,1h 39m,G,5.7,2.4K
160. Executive Action,https://www.imdb.com/title/tt0070046/?ref_=sr_t_160,1973,1h 31m,PG,6.7,3.4K
161. Godzilla vs. Megalon,https://www.imdb.com/title/tt0070122/?ref_=sr_t_161,1973,1h 18m,G,4.8,7.3K
162. The Death Wheelers,https://www.imdb.com/title/tt0067630/?ref_=sr_t_162,1973,1h 25m,PG,5.8,3.3K
163. Don't Look in the Basement,https://www.imdb.com/title/tt0069994/?ref_=sr_t_163,1973,1h 29m,R,4.9,3.6K
164. Death Smiles on a Murderer,https://www.imdb.com/title/tt0068972/?ref_=sr_t_164,1973,1h 28m,Not Rated,5.7,1.7K
165. Horror Hospital,https://www.imdb.com/title/tt0070190/?ref_=sr_t_165,1973,1h 30m,R,5.3,1.9K
166. Count Dracula's Great Love,https://www.imdb.com/title/tt0068654/?ref_=sr_t_166,1973,1h 25m,,5.2,1.3K
167. Ivan Vasilyevich Changes His Profession,https://www.imdb.com/title/tt0070233/?ref_=sr_t_167,1973,1h 28m,TV-G,8.2,19K
168. Battles Without Honor and Humanity,https://www.imdb.com/title/tt0070246/?ref_=sr_t_168,1973,1h 39m,Not Rated,7.4,4.5K
169. A Touch of Class,https://www.imdb.com/title/tt0070819/?ref_=sr_t_169,1973,1h 46m,PG,6.5,3.7K
170. That'll Be the Day,https://www.imdb.com/title/tt0070788/?ref_=sr_t_170,1973,1h 31m,PG,6.6,1.4K
171. Fly Me,https://www.imdb.com/title/tt0068599/?ref_=sr_t_171,1973,1h 14m,R,4.7,300
172. The Stone Killer,https://www.imdb.com/title/tt0070736/?ref_=sr_t_172,1973,1h 35m,R,6.1,4K
173. Schoolgirls in Chains,https://www.imdb.com/title/tt0197857/?ref_=sr_t_173,1973,1h 30m,R,4.9,827
174. Showdown,https://www.imdb.com/title/tt0070687/?ref_=sr_t_174,1973,1h 39m,PG,5.9,1.3K
175. The Laughing Policeman,https://www.imdb.com/title/tt0070292/?ref_=sr_t_175,1973,1h 52m,R,6.4,3.4K
176. Stacey,https://www.imdb.com/title/tt0070727/?ref_=sr_t_176,1973,1h 21m,R,5.0,279
177. Beyond Atlantis,https://www.imdb.com/title/tt0069783/?ref_=sr_t_177,1973,1h 31m,PG,4.0,863
178. Class of '44,https://www.imdb.com/title/tt0069888/?ref_=sr_t_178,1973,1h 35m,PG,5.4,659
179. The Creeping Flesh,https://www.imdb.com/title/tt0068424/?ref_=sr_t_179,1973,1h 32m,PG,6.1,4.7K
180. The Sinful Bed,https://www.imdb.com/title/tt0070765/?ref_=sr_t_180,1973,1h 13m,R,5.2,93
181. Cinderella Liberty,https://www.imdb.com/title/tt0069883/?ref_=sr_t_181,1973,1h 57m,R,6.7,2.5K
182. Traitement de choc,https://www.imdb.com/title/tt0070827/?ref_=sr_t_182,1973,1h 31m,,6.1,1.9K
183. The Vampires Night Orgy,https://www.imdb.com/title/tt0069047/?ref_=sr_t_183,1973,1h 24m,R,4.9,923
184. Frank & Eva,https://www.imdb.com/title/tt0070072/?ref_=sr_t_184,1973,1h 45m,Not Rated,5.6,269
185. The Don Is Dead,https://www.imdb.com/title/tt0069989/?ref_=sr_t_185,1973,1h 55m,R,6.2,1.5K
186. Arnold,https://www.imdb.com/title/tt0069732/?ref_=sr_t_186,1973,1h 34m,PG,5.8,682
187. The Inconsolable Widow Thanks All Those Who Consoled Her,https://www.imdb.com/title/tt0072356/?ref_=sr_t_187,1973,1h 38m,,5.5,198
188. Night of Fear,https://www.imdb.com/title/tt0130905/?ref_=sr_t_188,1973,54m,,5.5,805
189. The Edifying and Joyous Story of Colinot,https://www.imdb.com/title/tt0069899/?ref_=sr_t_189,1973,1h 45m,,4.5,228
190. 40 Carats,https://www.imdb.com/title/tt0070068/?ref_=sr_t_190,1973,1h 50m,PG,6.4,933
191. The MacKintosh Man,https://www.imdb.com/title/tt0070351/?ref_=sr_t_191,1973,1h 38m,PG,6.3,5.4K
192. The Roommates,https://www.imdb.com/title/tt0236693/?ref_=sr_t_192,1973,1h 27m,R,5.3,396
193. The Severed Arm,https://www.imdb.com/title/tt0070673/?ref_=sr_t_193,1973,1h 31m,R,4.9,1.2K
194. Deaf Smith & Johnny Ears,https://www.imdb.com/title/tt0068454/?ref_=sr_t_194,1973,1h 31m,PG,5.6,764
195. Shamus,https://www.imdb.com/title/tt0070680/?ref_=sr_t_195,1973,1h 46m,PG,6.0,1.7K
196. Hunchback of the Morgue,https://www.imdb.com/title/tt0068772/?ref_=sr_t_196,1973,1h 27m,R,6.1,952
197. Black Snake,https://www.imdb.com/title/tt0069796/?ref_=sr_t_197,1973,1h 22m,R,5.1,706
198. The Man Who Loved Cat Dancing,https://www.imdb.com/title/tt0070363/?ref_=sr_t_198,1973,1h 54m,PG,6.2,1.7K
199. Touki Bouki,https://www.imdb.com/title/tt0070820/?ref_=sr_t_199,1973,1h 25m,Not Rated,7.0,4.3K
200. The Naked Ape,https://www.imdb.com/title/tt0070433/?ref_=sr_t_200,1973,1h 25m,PG,5.2,186
201. No Way Out,https://www.imdb.com/title/tt0069013/?ref_=sr_t_201,1973,1h 30m,R,6.7,2.7K
202. Superchick,https://www.imdb.com/title/tt0070752/?ref_=sr_t_202,1973,1h 34m,R,3.8,658
203. Procession of Memories,https://www.imdb.com/title/tt0070935/?ref_=sr_t_203,1973,2h 44m,,7.3,2.2K
204. Teenage Innocence,https://www.imdb.com/title/tt0124897/?ref_=sr_t_204,1973,1h 12m,R,5.7,301
205. Battle of the Amazons,https://www.imdb.com/title/tt0069700/?ref_=sr_t_205,1973,1h 40m,R,4.3,259
206. Bell from Hell,https://www.imdb.com/title/tt0069838/?ref_=sr_t_206,1973,1h 33m,Unrated,5.6,1.6K
207. The Reincarnation of Isabel,https://www.imdb.com/title/tt0122685/?ref_=sr_t_207,1973,1h 38m,Unrated,4.9,1.1K
208. Gawain and the Green Knight,https://www.imdb.com/title/tt0070093/?ref_=sr_t_208,1973,1h 33m,Not Rated,5.3,310
209. Campus Pussycats,https://www.imdb.com/title/tt0070650/?ref_=sr_t_209,1973,1h 29m,R,4.6,307
210. Alvin Purple,https://www.imdb.com/title/tt0069698/?ref_=sr_t_210,1973,1h 27m,R,5.5,690
211. Shaft in Africa,https://www.imdb.com/title/tt0070679/?ref_=sr_t_211,1973,1h 52m,R,5.9,3.3K
212. The Naughty Stewardesses,https://www.imdb.com/title/tt0125430/?ref_=sr_t_212,1973,1h 42m,R,3.6,493
213. Nothing But the Night,https://www.imdb.com/title/tt0069024/?ref_=sr_t_213,1973,1h 30m,PG,5.5,2.2K
214. The Iron Rose,https://www.imdb.com/title/tt0126004/?ref_=sr_t_214,1973,1h 26m,Unrated,6.0,2.4K
215. Jeremy,https://www.imdb.com/title/tt0070238/?ref_=sr_t_215,1973,1h 30m,PG,6.9,1.1K
216. Superdad,https://www.imdb.com/title/tt0070716/?ref_=sr_t_216,1973,1h 36m,G,5.1,882
217. Black Caesar,https://www.imdb.com/title/tt0069792/?ref_=sr_t_217,1973,1h 27m,R,6.4,4K
218. The Legend of Blood Castle,https://www.imdb.com/title/tt0068352/?ref_=sr_t_218,1973,1h 29m,PG,5.9,862
219. It Happened at Nightmare Inn,https://www.imdb.com/title/tt0070869/?ref_=sr_t_219,1973,1h 27m,PG,5.8,1.2K
220. Jimi Hendrix,https://www.imdb.com/title/tt0070242/?ref_=sr_t_220,1973,1h 38m,R,7.7,1.9K
221. Lucky Luciano,https://www.imdb.com/title/tt0071782/?ref_=sr_t_221,1973,1h 45m,R,6.4,1.7K
222. Mais où est donc passée la 7ème compagnie,https://www.imdb.com/title/tt0070356/?ref_=sr_t_222,1973,1h 35m,,6.9,2.6K
223. Love in 3-D,https://www.imdb.com/title/tt0070313/?ref_=sr_t_223,1973,1h 33m,X,4.3,156
224. Revolver,https://www.imdb.com/title/tt0073626/?ref_=sr_t_224,1973,1h 51m,R,6.9,2.5K
225. Women in Cell Block 7,https://www.imdb.com/title/tt0068483/?ref_=sr_t_225,1973,1h 21m,R,4.7,305
226. Mirko and Slavko,https://www.imdb.com/title/tt0181690/?ref_=sr_t_226,1973,1h 31m,,6.1,166
227. Naughty Wives,https://www.imdb.com/title/tt0070659/?ref_=sr_t_227,1973,1h 20m,R,4.4,161
228. The Soul of Nigger Charley,https://www.imdb.com/title/tt0070721/?ref_=sr_t_228,1973,1h 49m,R,5.3,234
229. Hostess in Heat,https://www.imdb.com/title/tt0068268/?ref_=sr_t_229,1973,1h 19m,,3.6,213
230. Love and Pain and the Whole Damn Thing,https://www.imdb.com/title/tt0068850/?ref_=sr_t_230,1973,1h 50m,PG,6.6,1K
231. Redneck,https://www.imdb.com/title/tt0069248/?ref_=sr_t_231,1973,1h 29m,R,5.2,482
"232. Anna: The Pleasure, the Torment",https://www.imdb.com/title/tt0071147/?ref_=sr_t_232,1973,1h 40m,,6.0,447
233. The Wild Little Bunch,https://www.imdb.com/title/tt0070921/?ref_=sr_t_233,1973,1h 45m,,6.1,316
234. Blood Orgy of the She-Devils,https://www.imdb.com/title/tt0068288/?ref_=sr_t_234,1973,1h 13m,PG,3.1,900
235. I Like the Girls Who Do,https://www.imdb.com/title/tt0070314/?ref_=sr_t_235,1973,1h 20m,,5.0,177
236. The Mean Machine,https://www.imdb.com/title/tt0068183/?ref_=sr_t_236,1973,1h 29m,R,6.1,545
237. Tenderness of the Wolves,https://www.imdb.com/title/tt0070957/?ref_=sr_t_237,1973,1h 22m,Not Rated,6.3,1.6K
238. The Spook Who Sat by the Door,https://www.imdb.com/title/tt0070726/?ref_=sr_t_238,1973,1h 42m,PG,7.1,1.7K
239. Giovannona Long-Thigh,https://www.imdb.com/title/tt0070111/?ref_=sr_t_239,1973,1h 34m,,5.5,612
240. Cleopatra Jones,https://www.imdb.com/title/tt0069890/?ref_=sr_t_240,1973,1h 29m,PG,5.9,3.6K
241. Hell Up in Harlem,https://www.imdb.com/title/tt0070169/?ref_=sr_t_241,1973,1h 34m,R,5.9,1.8K
242. Return of the Evil Dead,https://www.imdb.com/title/tt0068232/?ref_=sr_t_242,1973,1h 31m,Not Rated,5.8,3K
243. Laß jucken Kumpel 2. Teil: Das Bullenkloster,https://www.imdb.com/title/tt0181648/?ref_=sr_t_243,1973,1h 32m,,4.2,95
244. Liebesgrüße aus der Lederhos'n,https://www.imdb.com/title/tt0071753/?ref_=sr_t_244,1973,1h 32m,,3.9,160
245. Daddy,https://www.imdb.com/title/tt0071383/?ref_=sr_t_245,1973,1h 30m,,6.4,114
246. Urlaubsgrüße aus dem Unterhöschen,https://www.imdb.com/title/tt0142952/?ref_=sr_t_246,1973,1h 17m,,4.7,95
247. All Nudity Shall Be Punished,https://www.imdb.com/title/tt0069389/?ref_=sr_t_247,1973,1h 42m,,6.9,649
248. Slither,https://www.imdb.com/title/tt0069282/?ref_=sr_t_248,1973,1h 37m,PG,6.2,1.8K
249. A Warm December,https://www.imdb.com/title/tt0070898/?ref_=sr_t_249,1973,1h 39m,PG,6.2,833
250. Butterflies,https://www.imdb.com/title/tt0374884/?ref_=sr_t_250,1973,1h 19m,,7.3,96
"251. Wicked, Wicked",https://www.imdb.com/title/tt0070916/?ref_=sr_t_251,1973,1h 35m,PG,5.4,756
252. The Black Alley Cats,https://www.imdb.com/title/tt0069789/?ref_=sr_t_252,1973,1h 21m,,4.7,155
253. Even Angels Eat Beans,https://www.imdb.com/title/tt0069713/?ref_=sr_t_253,1973,1h 51m,PG,6.2,3.4K
254. Female Prisoner Scorpion: Beast Stable,https://www.imdb.com/title/tt0226875/?ref_=sr_t_254,1973,1h 27m,Not Rated,7.0,2.2K
255. Save the Children,https://www.imdb.com/title/tt0128454/?ref_=sr_t_255,1973,2h 3m,G,7.1,129
256. The Burned Barns,https://www.imdb.com/title/tt0070133/?ref_=sr_t_256,1973,1h 38m,,6.6,1.4K
257. Bust Out,https://www.imdb.com/title/tt0065574/?ref_=sr_t_257,1973,1h 15m,,4.5,131
258. Rebel,https://www.imdb.com/title/tt0066156/?ref_=sr_t_258,1973,1h 20m,R,4.0,897
259. A Doll's House,https://www.imdb.com/title/tt0069987/?ref_=sr_t_259,1973,1h 45m,G,6.4,1.4K
260. Crypt of the Living Dead,https://www.imdb.com/title/tt0069933/?ref_=sr_t_260,1973,1h 15m,PG,4.6,1.1K
261. Facets of Love,https://www.imdb.com/title/tt0070049/?ref_=sr_t_261,1973,1h 34m,,5.8,186
262. Sensuela,https://www.imdb.com/title/tt0138795/?ref_=sr_t_262,1973,1h 44m,,5.2,685
263. Teenage Intimacies,https://www.imdb.com/title/tt0070648/?ref_=sr_t_263,1973,1h 27m,R,4.3,123
264. The Single Girls,https://www.imdb.com/title/tt0070697/?ref_=sr_t_264,1973,1h 23m,R,4.4,280
265. Nirmalyam,https://www.imdb.com/title/tt0070449/?ref_=sr_t_265,1973,2h 14m,,8.0,156
266. The Mad Bomber,https://www.imdb.com/title/tt0068892/?ref_=sr_t_266,1973,1h 31m,R,5.8,827
"267. No, the Case Is Happily Resolved",https://www.imdb.com/title/tt0188949/?ref_=sr_t_267,1973,1h 38m,,7.0,559
268. The Adventures of Mowgli,https://www.imdb.com/title/tt0217590/?ref_=sr_t_268,1973,1h 30m,Not Rated,7.6,2.4K
269. Naked Over the Fence,https://www.imdb.com/title/tt0070430/?ref_=sr_t_269,1973,1h 38m,,5.4,304
270. Love Brides of the Blood Mummy,https://www.imdb.com/title/tt0072132/?ref_=sr_t_270,1973,1h 33m,,4.8,234
"271. Cries of Ecstasy, Blows of Death",https://www.imdb.com/title/tt2337879/?ref_=sr_t_271,1973,1h 15m,,4.0,125
272. Lady Ice,https://www.imdb.com/title/tt0070284/?ref_=sr_t_272,1973,1h 33m,PG,4.8,668
273. The Corruption of Chris Miller,https://www.imdb.com/title/tt0069922/?ref_=sr_t_273,1973,1h 47m,R,6.4,1K
274. The Young Nurses,https://www.imdb.com/title/tt0070944/?ref_=sr_t_274,1973,1h 16m,R,4.5,322
275. Some Call It Loving,https://www.imdb.com/title/tt0070714/?ref_=sr_t_275,1973,1h 43m,R,5.3,472
276. One Little Indian,https://www.imdb.com/title/tt0070481/?ref_=sr_t_276,1973,1h 30m,G,6.0,744
277. Please Don't Eat My Mother!,https://www.imdb.com/title/tt0069100/?ref_=sr_t_277,1973,1h 38m,,3.7,586
278. Property Is No Longer a Theft,https://www.imdb.com/title/tt0070568/?ref_=sr_t_278,1973,2h 6m,Not Rated,7.1,1.4K
279. Because of the Cats,https://www.imdb.com/title/tt0069772/?ref_=sr_t_279,1973,1h 38m,R,5.6,528
280. No Sex Please - We're British,https://www.imdb.com/title/tt0070450/?ref_=sr_t_280,1973,1h 31m,Approved,5.4,732
281. The Neptune Factor,https://www.imdb.com/title/tt0070438/?ref_=sr_t_281,1973,1h 38m,G,4.4,1.4K
282. The Boy Who Cried Werewolf,https://www.imdb.com/title/tt0069820/?ref_=sr_t_282,1973,1h 33m,PG,5.1,825
283. Hiroshima Death Match,https://www.imdb.com/title/tt0070245/?ref_=sr_t_283,1973,1h 39m,Not Rated,7.5,2K
284. The Thief Who Came to Dinner,https://www.imdb.com/title/tt0070794/?ref_=sr_t_284,1973,1h 44m,PG,6.1,1.3K
285. Zanjeer,https://www.imdb.com/title/tt0070947/?ref_=sr_t_285,1973,2h 25m,Not Rated,7.5,4.3K
286. Digby: The Biggest Dog in the World,https://www.imdb.com/title/tt0069974/?ref_=sr_t_286,1973,1h 28m,G,5.4,826
287. Olsen-banden og Dynamitt-Harry går amok,https://www.imdb.com/title/tt0132377/?ref_=sr_t_287,1973,1h 42m,,6.5,990
288. Between the Sheets,https://www.imdb.com/title/tt0070610/?ref_=sr_t_288,1973,1h 43m,,4.6,179
289. The Kyoto Connection,https://www.imdb.com/title/tt0070448/?ref_=sr_t_289,1973,1h 12m,R,4.7,376
290. My Dear Brother,https://www.imdb.com/title/tt0267351/?ref_=sr_t_290,1973,1h 26m,,8.6,11K
291. When the Screaming Stops,https://www.imdb.com/title/tt0071535/?ref_=sr_t_291,1973,1h 25m,R,5.7,1.1K
292. Love & Anarchy,https://www.imdb.com/title/tt0070061/?ref_=sr_t_292,1973,2h,R,7.7,3.6K
293. Mad Memories of a Lifeguard,https://www.imdb.com/title/tt0069760/?ref_=sr_t_293,1973,1h 22m,R,4.0,50
294. Charley-One-Eye,https://www.imdb.com/title/tt0068358/?ref_=sr_t_294,1973,1h 36m,R,5.9,313
295. The Five Days,https://www.imdb.com/title/tt0069884/?ref_=sr_t_295,1973,2h 2m,,5.9,757
296. Horror High,https://www.imdb.com/title/tt0072331/?ref_=sr_t_296,1973,1h 25m,PG,5.0,1.2K
297. White Fang,https://www.imdb.com/title/tt0069536/?ref_=sr_t_297,1973,1h 42m,PG,6.0,976
298. Savulun Battal Gazi Geliyor,https://www.imdb.com/title/tt0282140/?ref_=sr_t_298,1973,1h 25m,,6.2,1.6K
299. No One Heard the Scream,https://www.imdb.com/title/tt0070432/?ref_=sr_t_299,1973,1h 32m,,6.2,482
300. Gott schützt die Liebenden,https://www.imdb.com/title/tt0070127/?ref_=sr_t_300,1973,1h 45m,,4.8,44
301. Snake Fist Fighter,https://www.imdb.com/title/tt0068000/?ref_=sr_t_301,1973,1h 20m,R,5.1,2.2K
302. Son of Dracula,https://www.imdb.com/title/tt0072189/?ref_=sr_t_302,1973,1h 30m,PG,4.2,464
303. Daag: A Poem of Love,https://www.imdb.com/title/tt0150251/?ref_=sr_t_303,1973,2h 26m,Not Rated,7.0,699
304. A Doll's House,https://www.imdb.com/title/tt0069988/?ref_=sr_t_304,1973,1h 46m,G,6.0,838
"305. Peg Leg, Musket & Sabre",https://www.imdb.com/title/tt0070642/?ref_=sr_t_305,1973,1h 32m,G,5.1,414
306. The All-American Girl,https://www.imdb.com/title/tt0122888/?ref_=sr_t_306,1973,1h 20m,Unrated,5.7,155
307. Female Prisoner Scorpion: #701's Grudge Song,https://www.imdb.com/title/tt0226873/?ref_=sr_t_307,1973,1h 29m,Not Rated,6.3,1.7K
308. A Scream in the Streets,https://www.imdb.com/title/tt0060951/?ref_=sr_t_308,1973,1h 31m,Not Rated,4.6,464
309. Unterm Dirndl wird gejodelt,https://www.imdb.com/title/tt0072346/?ref_=sr_t_309,1973,1h 29m,,3.9,94
310. High Crime,https://www.imdb.com/title/tt0070552/?ref_=sr_t_310,1973,1h 43m,R,6.9,1.2K
311. The Hanging Woman,https://www.imdb.com/title/tt0069046/?ref_=sr_t_311,1973,1h 38m,R,5.7,984
312. The Legend of Paul and Paula,https://www.imdb.com/title/tt0070299/?ref_=sr_t_312,1973,1h 45m,Not Rated,6.8,1.3K
313. Female Yakuza Tale: Inquisition and Torture,https://www.imdb.com/title/tt0142998/?ref_=sr_t_313,1973,1h 26m,,6.4,994
314. Blume in Love,https://www.imdb.com/title/tt0069808/?ref_=sr_t_314,1973,1h 55m,R,6.2,1.3K
315. Steelyard Blues,https://www.imdb.com/title/tt0070731/?ref_=sr_t_315,1973,1h 33m,PG,5.3,1K
316. The Deadly Trackers,https://www.imdb.com/title/tt0069951/?ref_=sr_t_316,1973,1h 50m,PG,5.6,1.1K
317. Saudagar,https://www.imdb.com/title/tt0070637/?ref_=sr_t_317,1973,2h 11m,Not Rated,7.4,903
318. The Bamboo House of Dolls,https://www.imdb.com/title/tt0071189/?ref_=sr_t_318,1973,1h 50m,R,5.4,631
319. The Best Pair of Legs in the Business,https://www.imdb.com/title/tt0068266/?ref_=sr_t_319,1973,1h 28m,Not Rated,6.0,252
320. The Mysterious Island of Captain Nemo,https://www.imdb.com/title/tt0068748/?ref_=sr_t_320,1973,1h 36m,PG,5.8,677
321. Girls Are for Loving,https://www.imdb.com/title/tt0070113/?ref_=sr_t_321,1973,1h 35m,R,5.2,265
322. Blade,https://www.imdb.com/title/tt0069797/?ref_=sr_t_322,1973,1h 30m,R,5.3,297
323. The Nelson Affair,https://www.imdb.com/title/tt0070437/?ref_=sr_t_323,1973,1h 58m,PG,6.4,278
324. Vengeance of the Zombies,https://www.imdb.com/title/tt0069165/?ref_=sr_t_324,1973,1h 29m,Not Rated,4.8,962
325. Seven Deaths in the Cats Eyes,https://www.imdb.com/title/tt0068415/?ref_=sr_t_325,1973,1h 35m,Not Rated,5.7,1.7K
326. The Boss,https://www.imdb.com/title/tt0069818/?ref_=sr_t_326,1973,1h 40m,R,6.9,2.4K
327. From the Mixed-Up Files of Mrs. Basil E. Frankweiler,https://www.imdb.com/title/tt0070079/?ref_=sr_t_327,1973,1h 45m,G,6.3,833
328. Payday,https://www.imdb.com/title/tt0069067/?ref_=sr_t_328,1973,1h 43m,R,7.1,1.1K
329. The Sensual Man,https://www.imdb.com/title/tt0070519/?ref_=sr_t_329,1973,1h 44m,R,5.8,183
330. The Last Train,https://www.imdb.com/title/tt0070826/?ref_=sr_t_330,1973,1h 35m,PG,6.9,1.8K
331. Police Woman,https://www.imdb.com/title/tt0124836/?ref_=sr_t_331,1973,1h 20m,Not Rated,3.6,1.6K
332. I Will Walk Like a Crazy Horse,https://www.imdb.com/title/tt0070235/?ref_=sr_t_332,1973,1h 40m,Not Rated,6.7,984
333. Terror Circus,https://www.imdb.com/title/tt0070445/?ref_=sr_t_333,1973,1h 26m,R,4.2,776
334. Der Ostfriesen-Report,https://www.imdb.com/title/tt0071952/?ref_=sr_t_334,1973,1h 20m,,4.3,107
335. Giordano Bruno,https://www.imdb.com/title/tt0070109/?ref_=sr_t_335,1973,2h 3m,,7.2,1K
336. Manson,https://www.imdb.com/title/tt0068918/?ref_=sr_t_336,1973,1h 23m,R,7.2,1.1K
337. The Serpent,https://www.imdb.com/title/tt0069251/?ref_=sr_t_337,1973,1h 53m,PG,6.2,1.3K
338. Ulagam Sutrum Valiban,https://www.imdb.com/title/tt0259699/?ref_=sr_t_338,1973,3h 4m,,7.2,168
339. Curse of the Devil,https://www.imdb.com/title/tt0070603/?ref_=sr_t_339,1973,1h 13m,R,5.4,923
340. Bummer,https://www.imdb.com/title/tt0068324/?ref_=sr_t_340,1973,1h 30m,R,3.8,327
341. The Punishment,https://www.imdb.com/title/tt0069135/?ref_=sr_t_341,1973,1h 35m,,4.1,392
342. Anamika,https://www.imdb.com/title/tt0069711/?ref_=sr_t_342,1973,2h 5m,,7.1,392
343. Psyched by the 4D Witch,https://www.imdb.com/title/tt0265587/?ref_=sr_t_343,1973,1h 21m,R,3.2,346
344. Idaho Transfer,https://www.imdb.com/title/tt0071647/?ref_=sr_t_344,1973,1h 26m,PG,5.1,1.1K
345. Green Inferno,https://www.imdb.com/title/tt0069345/?ref_=sr_t_345,1973,1h 25m,Not Rated,4.0,55
346. Sixteen,https://www.imdb.com/title/tt0147414/?ref_=sr_t_346,1973,1h 35m,R,5.1,64
347. Bobby,https://www.imdb.com/title/tt0069810/?ref_=sr_t_347,1973,2h 48m,,6.9,2.1K
348. Death Carries a Cane,https://www.imdb.com/title/tt0069064/?ref_=sr_t_348,1973,1h 24m,Not Rated,5.7,869
349. Muschimaus mag's grad heraus,https://www.imdb.com/title/tt0068980/?ref_=sr_t_349,1973,1h 30m,,5.1,66
350. Les chiennes,https://www.imdb.com/title/tt0317233/?ref_=sr_t_350,1973,1h 30m,,5.5,105
351. Slaughter's Big Rip-Off,https://www.imdb.com/title/tt0070706/?ref_=sr_t_351,1973,1h 34m,R,5.8,612
352. The Man Called Noon,https://www.imdb.com/title/tt0068870/?ref_=sr_t_352,1973,1h 38m,R,5.8,611
353. Kamouraska,https://www.imdb.com/title/tt0070263/?ref_=sr_t_353,1973,2h 4m,R,7.5,427
354. Charley and the Angel,https://www.imdb.com/title/tt0069866/?ref_=sr_t_354,1973,1h 33m,G,6.1,667
355. Johnny Corncob,https://www.imdb.com/title/tt0121431/?ref_=sr_t_355,1973,1h 14m,Not Rated,7.5,1.4K
"356. My Wife, a Body to Love",https://www.imdb.com/title/tt0128345/?ref_=sr_t_356,1973,1h 22m,,4.9,116
357. Love Bavarian Style,https://www.imdb.com/title/tt0070096/?ref_=sr_t_357,1973,1h 25m,,4.8,268
358. When Love Is Lust,https://www.imdb.com/title/tt0140489/?ref_=sr_t_358,1973,1h 33m,,5.0,149
359. Flying Acquaintances,https://www.imdb.com/title/tt0123074/?ref_=sr_t_359,1973,1h 19m,X,3.6,49
360. Murder in a Blue World,https://www.imdb.com/title/tt0070126/?ref_=sr_t_360,1973,1h 28m,R,5.7,582
361. Take Me High,https://www.imdb.com/title/tt0070194/?ref_=sr_t_361,1973,1h 30m,,4.7,297
362. A Pain in the Ass,https://www.imdb.com/title/tt0072934/?ref_=sr_t_362,1973,1h 25m,PG,7.1,3.8K
363. Ultimo tango a Zagarol,https://www.imdb.com/title/tt0070850/?ref_=sr_t_363,1973,1h 40m,,5.8,276
364. The Werewolf of Washington,https://www.imdb.com/title/tt0070908/?ref_=sr_t_364,1973,1h 30m,PG,4.0,1.3K
365. A Man Called Tiger,https://www.imdb.com/title/tt0070301/?ref_=sr_t_365,1973,1h 53m,Not Rated,6.1,128
366. I racconti di Viterbury - Le più allegre storie del '300,https://www.imdb.com/title/tt0070587/?ref_=sr_t_366,1973,1h 32m,,5.0,93
367. Two People,https://www.imdb.com/title/tt0070845/?ref_=sr_t_367,1973,1h 40m,R,6.1,259
368. Santee,https://www.imdb.com/title/tt0070630/?ref_=sr_t_368,1973,1h 33m,PG,5.7,618
369. Twins from Immen Farm,https://www.imdb.com/title/tt0070956/?ref_=sr_t_369,1973,1h 34m,,4.4,183
370. Horror Rises from the Tomb,https://www.imdb.com/title/tt0070039/?ref_=sr_t_370,1973,1h 28m,R,5.6,1.6K
371. Welcome to Arrow Beach,https://www.imdb.com/title/tt0072392/?ref_=sr_t_371,1973,1h 25m,R,5.6,447
372. Abhimaan,https://www.imdb.com/title/tt0069671/?ref_=sr_t_372,1973,2h 2m,Not Rated,7.8,3.1K
373. Only Love Defies,https://www.imdb.com/title/tt0069917/?ref_=sr_t_373,1973,1h 45m,,6.3,46
374. The Homecoming,https://www.imdb.com/title/tt0070188/?ref_=sr_t_374,1973,1h 51m,PG,6.8,875
375. The Knock Out Cop,https://www.imdb.com/title/tt0070534/?ref_=sr_t_375,1973,1h 47m,PG,6.7,4.3K
376. Badge 373,https://www.imdb.com/title/tt0069761/?ref_=sr_t_376,1973,1h 56m,R,5.7,940
377. Godmonster of Indian Flats,https://www.imdb.com/title/tt0070119/?ref_=sr_t_377,1973,1h 29m,Not Rated,3.6,949
378. Massacre in Rome,https://www.imdb.com/title/tt0070592/?ref_=sr_t_378,1973,1h 50m,PG,6.5,1.6K
379. The Student Teachers,https://www.imdb.com/title/tt0070743/?ref_=sr_t_379,1973,1h 18m,R,4.5,295
380. A Slightly Pregnant Man,https://www.imdb.com/title/tt0070960/?ref_=sr_t_380,1973,1h 32m,PG,5.8,1.1K
381. Bohachi Bushido: Code of the Forgotten Eight,https://www.imdb.com/title/tt0142773/?ref_=sr_t_381,1973,1h 21m,,6.8,699
382. A Taste of Hell,https://www.imdb.com/title/tt0168210/?ref_=sr_t_382,1973,1h 30m,PG,5.3,102
383. Veronica se întoarce,https://www.imdb.com/title/tt0070874/?ref_=sr_t_383,1973,1h 24m,,7.8,342
384. The Pyx,https://www.imdb.com/title/tt0070578/?ref_=sr_t_384,1973,1h 48m,R,5.4,1K
385. Stone Wedding,https://www.imdb.com/title/tt0069033/?ref_=sr_t_385,1973,1h 30m,,7.7,605
386. Five on the Black Hand Side,https://www.imdb.com/title/tt0070063/?ref_=sr_t_386,1973,1h 36m,PG,6.4,517
387. Harry in Your Pocket,https://www.imdb.com/title/tt0070158/?ref_=sr_t_387,1973,1h 43m,PG,6.3,1.5K
388. Lone Wolf and Cub: Baby Cart in the Land of Demons,https://www.imdb.com/title/tt0143428/?ref_=sr_t_388,1973,1h 29m,Not Rated,7.5,4.8K
389. Wedding in Blood,https://www.imdb.com/title/tt0070453/?ref_=sr_t_389,1973,1h 35m,PG,6.9,2.1K
390. Visions of Eight,https://www.imdb.com/title/tt0070884/?ref_=sr_t_390,1973,1h 50m,G,6.8,797
391. The Violent Professionals,https://www.imdb.com/title/tt0070393/?ref_=sr_t_391,1973,1h 44m,R,6.5,1K
392. Stateline Motel,https://www.imdb.com/title/tt0073744/?ref_=sr_t_392,1973,1h 26m,R,5.4,376
393. Golgo 13,https://www.imdb.com/title/tt0174699/?ref_=sr_t_393,1973,1h 44m,,6.1,397
394. Heterosexualis,https://www.imdb.com/title/tt0070173/?ref_=sr_t_394,1973,1h 9m,X,4.4,35
395. Expulsion of the Devil,https://www.imdb.com/title/tt0068236/?ref_=sr_t_395,1973,1h 30m,,5.8,333
396. Penny Gold,https://www.imdb.com/title/tt0070524/?ref_=sr_t_396,1973,1h 27m,,5.3,348
"397. Peter Pan, Land of Forever",https://www.imdb.com/title/tt7409674/?ref_=sr_t_397,1973,,,,
398. Teenage Tramp,https://www.imdb.com/title/tt0128719/?ref_=sr_t_398,1973,1h 20m,R,4.4,203
399. Turist Ömer Uzay Yolunda,https://www.imdb.com/title/tt0182503/?ref_=sr_t_399,1973,1h 12m,,7.2,3.7K
400. And When She Was Bad...,https://www.imdb.com/title/tt0364943/?ref_=sr_t_400,1973,1h 25m,X,4.4,106
401. Chuang wai,https://www.imdb.com/title/tt1240913/?ref_=sr_t_401,1973,1h 48m,,6.3,75
402. Namak Haraam,https://www.imdb.com/title/tt0070434/?ref_=sr_t_402,1973,2h 26m,Not Rated,7.2,1.9K
403. Simbad e il califfo di Bagdad,https://www.imdb.com/title/tt0070695/?ref_=sr_t_403,1973,1h 41m,,4.4,123
404. 20 gynaikes ki ego!,https://www.imdb.com/title/tt0230172/?ref_=sr_t_404,1973,1h 38m,,5.5,210
405. Domo Arigato,https://www.imdb.com/title/tt0068494/?ref_=sr_t_405,1973,1h 31m,R,5.0,28
"406. Summer Wishes, Winter Dreams",https://www.imdb.com/title/tt0070748/?ref_=sr_t_406,1973,1h 33m,PG,6.4,883
407. Anna and the Wolves,https://www.imdb.com/title/tt0068207/?ref_=sr_t_407,1973,1h 40m,,7.3,2K
408. The House That Vanished,https://www.imdb.com/title/tt0070655/?ref_=sr_t_408,1973,1h 36m,R,5.0,676
409. A Delicate Balance,https://www.imdb.com/title/tt0069958/?ref_=sr_t_409,1973,2h 13m,PG,6.5,994
410. Scream Bloody Murder,https://www.imdb.com/title/tt0070654/?ref_=sr_t_410,1973,1h 30m,R,4.7,1.2K
411. The Last Snow of Springtime,https://www.imdb.com/title/tt0162026/?ref_=sr_t_411,1973,1h 35m,,6.4,266
412. All the Young Wives,https://www.imdb.com/title/tt0163117/?ref_=sr_t_412,1973,1h 32m,R,4.8,58
413. The Lonely Woman,https://www.imdb.com/title/tt0069014/?ref_=sr_t_413,1973,1h 33m,R,4.2,93
414. That Man Bolt,https://www.imdb.com/title/tt0070787/?ref_=sr_t_414,1973,1h 44m,R,5.8,458
415. Terrifying Girls' High School: Lynch Law Classroom,https://www.imdb.com/title/tt0451788/?ref_=sr_t_415,1973,1h 28m,,6.7,845
416. Happy New Year,https://www.imdb.com/title/tt0069815/?ref_=sr_t_416,1973,1h 55m,PG,7.3,2.1K
417. El amor tiene cara de mujer,https://www.imdb.com/title/tt0069707/?ref_=sr_t_417,1973,1h 39m,,6.7,25
418. The House in Nightmare Park,https://www.imdb.com/title/tt0070195/?ref_=sr_t_418,1973,1h 35m,PG,5.7,800
419. Rugantino,https://www.imdb.com/title/tt0070614/?ref_=sr_t_419,1973,1h 50m,,5.8,406
420. Les confidences érotiques d'un lit trop accueillant,https://www.imdb.com/title/tt0317260/?ref_=sr_t_420,1973,1h 18m,,4.9,64
421. Jagame maya,https://www.imdb.com/title/tt8737192/?ref_=sr_t_421,1973,2h 2m,Not Rated,,
422. Zolotye roga,https://www.imdb.com/title/tt0069544/?ref_=sr_t_422,1973,1h 10m,,6.6,463
423. Big Zapper,https://www.imdb.com/title/tt0069785/?ref_=sr_t_423,1973,1h 32m,R,4.8,158
424. Swedish Lessons in Love,https://www.imdb.com/title/tt0190816/?ref_=sr_t_424,1973,1h 25m,R,2.5,20
425. Love on a Horse,https://www.imdb.com/title/tt0121503/?ref_=sr_t_425,1973,1h 37m,R,4.2,210
426. Dr. Tarr's Torture Dungeon,https://www.imdb.com/title/tt0068504/?ref_=sr_t_426,1973,1h 22m,R,5.1,1.4K
427. Paperback Hero,https://www.imdb.com/title/tt0071966/?ref_=sr_t_427,1973,1h 33m,R,6.0,235
428. I din fars lomme,https://www.imdb.com/title/tt0122540/?ref_=sr_t_428,1973,1h 17m,,5.6,23
429. Themroc,https://www.imdb.com/title/tt0069369/?ref_=sr_t_429,1973,1h 40m,,7.0,1.7K
430. Hex,https://www.imdb.com/title/tt0070174/?ref_=sr_t_430,1973,1h 32m,PG,4.7,232
431. Sex Clinic '74,https://www.imdb.com/title/tt0070255/?ref_=sr_t_431,1973,1h 23m,R,5.4,50
432. Mistress Pamela,https://www.imdb.com/title/tt0071849/?ref_=sr_t_432,1973,1h 31m,R,6.1,56
433. Onna jigoku: Mori wa nureta,https://www.imdb.com/title/tt0228677/?ref_=sr_t_433,1973,1h 5m,,5.5,166
434. The Battle of Sutjeska,https://www.imdb.com/title/tt0070758/?ref_=sr_t_434,1973,2h 10m,PG,6.8,1.9K
435. War Goddess,https://www.imdb.com/title/tt0070140/?ref_=sr_t_435,1973,1h 29m,R,4.8,431
436. Terror in the Wax Museum,https://www.imdb.com/title/tt0070783/?ref_=sr_t_436,1973,1h 33m,PG,5.0,889
437. La femme en bleu,https://www.imdb.com/title/tt0068581/?ref_=sr_t_437,1973,1h 35m,,6.6,351
438. Prem Parvat,https://www.imdb.com/title/tt0379445/?ref_=sr_t_438,1973,,,6.9,17
439. Time to Run,https://www.imdb.com/title/tt0070806/?ref_=sr_t_439,1973,1h 37m,PG,6.4,144
440. The Inheritor,https://www.imdb.com/title/tt0068724/?ref_=sr_t_440,1973,1h 52m,PG,6.2,1.5K
441. The Scarlet Letter,https://www.imdb.com/title/tt0069228/?ref_=sr_t_441,1973,1h 30m,,5.8,919
442. Joshila,https://www.imdb.com/title/tt0158690/?ref_=sr_t_442,1973,2h 17m,,6.1,149
443. Little Cigars,https://www.imdb.com/title/tt0070323/?ref_=sr_t_443,1973,1h 32m,PG,5.3,282
444. The Mermaid,https://www.imdb.com/title/tt0171526/?ref_=sr_t_444,1973,1h 24m,X,6.6,48
445. The Optimists,https://www.imdb.com/title/tt0070488/?ref_=sr_t_445,1973,1h 50m,PG,6.6,580
446. Love Thy Neighbour,https://www.imdb.com/title/tt0191255/?ref_=sr_t_446,1973,1h 25m,Not Rated,5.8,373
447. Terrifying Girls' High School: Animal Courage,https://www.imdb.com/title/tt2393804/?ref_=sr_t_447,1973,1h 26m,,6.3,124
448. The Earth Is a Sinful Song,https://www.imdb.com/title/tt0071786/?ref_=sr_t_448,1973,1h 48m,R,6.9,934
449. Teen-Age Jail Bait,https://www.imdb.com/title/tt0305957/?ref_=sr_t_449,1973,1h 5m,X,5.4,42
450. Oh Olsun,https://www.imdb.com/title/tt0253377/?ref_=sr_t_450,1973,1h 26m,,7.2,3.4K
451. Tender and Perverse Emanuelle,https://www.imdb.com/title/tt0070779/?ref_=sr_t_451,1973,1h 15m,,4.2,347
452. Wesele,https://www.imdb.com/title/tt0069492/?ref_=sr_t_452,1973,1h 42m,,6.9,1.4K
453. A Brief Vacation,https://www.imdb.com/title/tt0069823/?ref_=sr_t_453,1973,1h 52m,PG,7.5,1K
454. Andhala Martoy Dola,https://www.imdb.com/title/tt14690340/?ref_=sr_t_454,1973,2h 30m,,8.2,7
455. Kuchhe Dhaage,https://www.imdb.com/title/tt0231847/?ref_=sr_t_455,1973,1h 58m,,7.1,91
456. Blackmail,https://www.imdb.com/title/tt0154706/?ref_=sr_t_456,1973,2h 25m,,6.6,287
457. The Dirty Dolls,https://www.imdb.com/title/tt0228220/?ref_=sr_t_457,1973,1h 13m,X,4.7,164
458. Super Fly T.N.T.,https://www.imdb.com/title/tt0070753/?ref_=sr_t_458,1973,1h 27m,R,4.4,422
459. The Black 6,https://www.imdb.com/title/tt0071227/?ref_=sr_t_459,1973,1h 34m,R,4.1,644
460. Prijela k nám pout,https://www.imdb.com/title/tt0175066/?ref_=sr_t_460,1973,,,6.4,86
461. Ash Wednesday,https://www.imdb.com/title/tt0069736/?ref_=sr_t_461,1973,1h 39m,R,5.1,801
462. The Witches Mountain,https://www.imdb.com/title/tt0068966/?ref_=sr_t_462,1973,1h 26m,Unrated,4.2,558
463. Le grand bazar,https://www.imdb.com/title/tt0070128/?ref_=sr_t_463,1973,1h 26m,,6.3,958
464. Sexy Cat,https://www.imdb.com/title/tt0069255/?ref_=sr_t_464,1973,1h 27m,,5.2,169
465. Nightbird,https://www.imdb.com/title/tt0351569/?ref_=sr_t_465,1973,1h 5m,,6.4,31
466. The Countess Died of Laughter,https://www.imdb.com/title/tt0070076/?ref_=sr_t_466,1973,1h 27m,,4.1,94
467. Not Now Darling,https://www.imdb.com/title/tt0070459/?ref_=sr_t_467,1973,1h 37m,R,5.6,267
468. Quartier de femmes,https://www.imdb.com/title/tt0069142/?ref_=sr_t_468,1973,1h 37m,,4.8,256
469. The Dragon Strikes Back,https://www.imdb.com/title/tt0068954/?ref_=sr_t_469,1973,1h 38m,R,5.7,1.2K
470. One Way,https://www.imdb.com/title/tt0171304/?ref_=sr_t_470,1973,1h 31m,,5.5,62
471. Loafer,https://www.imdb.com/title/tt0156745/?ref_=sr_t_471,1973,2h 18m,Not Rated,6.6,223
472. A River Called Titas,https://www.imdb.com/title/tt0070809/?ref_=sr_t_472,1973,2h 39m,Not Rated,7.2,1.4K
473. Hotel Monterey,https://www.imdb.com/title/tt0068725/?ref_=sr_t_473,1973,1h 5m,,6.2,966
474. Réjeanne Padovani,https://www.imdb.com/title/tt0070620/?ref_=sr_t_474,1973,1h 36m,,7.6,427
475. Number one,https://www.imdb.com/title/tt0174077/?ref_=sr_t_475,1973,1h 35m,,6.2,97
476. W pustyni i w puszczy,https://www.imdb.com/title/tt0070894/?ref_=sr_t_476,1973,3h 15m,,6.4,545
477. Sukeban Sex Violence,https://www.imdb.com/title/tt0227582/?ref_=sr_t_477,1973,1h 9m,,4.5,14
478. Hanzo the Razor: The Snare,https://www.imdb.com/title/tt0174707/?ref_=sr_t_478,1973,1h 29m,Not Rated,7.0,1.3K
479. Violent Rape,https://www.imdb.com/title/tt0288654/?ref_=sr_t_479,1973,1h 35m,,3.8,65
480. Sex-Träume-Report,https://www.imdb.com/title/tt0196939/?ref_=sr_t_480,1973,1h 27m,,3.7,74
481. Girl Boss Revenge: Sukeban,https://www.imdb.com/title/tt0358717/?ref_=sr_t_481,1973,1h 26m,,6.4,336
482. Mean Frank and Crazy Tony,https://www.imdb.com/title/tt0069979/?ref_=sr_t_482,1973,1h 25m,R,5.9,512
483. Zatoichi's Conspiracy,https://www.imdb.com/title/tt0072439/?ref_=sr_t_483,1973,1h 28m,Not Rated,7.1,1.1K
484. The Bride,https://www.imdb.com/title/tt0071626/?ref_=sr_t_484,1973,1h 25m,PG,5.3,432
485. The Illumination,https://www.imdb.com/title/tt0070217/?ref_=sr_t_485,1973,1h 31m,,7.1,2K
486. A Super Fêmea,https://www.imdb.com/title/tt0140584/?ref_=sr_t_486,1973,1h 41m,,4.2,129
487. Submersion of Japan,https://www.imdb.com/title/tt0070447/?ref_=sr_t_487,1973,2h 23m,PG,5.5,550
488. The Gospel Road: A Story of Jesus,https://www.imdb.com/title/tt0070125/?ref_=sr_t_488,1973,1h 33m,G,5.7,312
489. The Big Game,https://www.imdb.com/title/tt0068274/?ref_=sr_t_489,1973,1h 34m,,4.4,167
490. School for Swingers,https://www.imdb.com/title/tt0190812/?ref_=sr_t_490,1973,1h 29m,X,4.4,67
491. The Death of a Lumberjack,https://www.imdb.com/title/tt0070411/?ref_=sr_t_491,1973,1h 55m,,7.3,340
492. Tarkan: Güçlü Kahraman Kolsuz Kahraman'a Karsi,https://www.imdb.com/title/tt0274935/?ref_=sr_t_492,1973,1h 22m,,6.6,1.5K
493. Hit!,https://www.imdb.com/title/tt0070183/?ref_=sr_t_493,1973,2h 14m,R,6.1,921
494. La révélation,https://www.imdb.com/title/tt0195223/?ref_=sr_t_494,1973,1h 30m,,5.9,50
495. Merry-Go-Round,https://www.imdb.com/title/tt0072075/?ref_=sr_t_495,1973,2h 2m,R,6.2,104
496. Mig og mafiaen,https://www.imdb.com/title/tt0070391/?ref_=sr_t_496,1973,1h 37m,,5.7,345
497. Taureau,https://www.imdb.com/title/tt0069350/?ref_=sr_t_497,1973,1h 38m,,6.7,55
498. Gordon's War,https://www.imdb.com/title/tt0070124/?ref_=sr_t_498,1973,1h 30m,R,6.4,464
499. Cops and Robbers,https://www.imdb.com/title/tt0069919/?ref_=sr_t_499,1973,1h 29m,PG,6.4,899
500. I Escaped from Devil's Island,https://www.imdb.com/title/tt0070205/?ref_=sr_t_500,1973,1h 29m,R,5.4,589
