Title,Movie Link,Year,Duration,MPA,Rating,Votes
1. The Jungle Book,https://www.imdb.com/title/tt0061852/?ref_=sr_t_1,1967,1h 18m,Approved,7.6,204K
2. The Graduate,https://www.imdb.com/title/tt0061722/?ref_=sr_t_2,1967,1h 46m,PG,8.0,294K
3. Guess Who's Coming to Dinner,https://www.imdb.com/title/tt0061735/?ref_=sr_t_3,1967,1h 48m,Approved,7.8,50K
4. You Only Live Twice,https://www.imdb.com/title/tt0062512/?ref_=sr_t_4,1967,1h 57m,PG,6.8,121K
5. Belle de Jour,https://www.imdb.com/title/tt0061395/?ref_=sr_t_5,1967,1h 40m,Approved,7.6,51K
6. The Producers,https://www.imdb.com/title/tt0063462/?ref_=sr_t_6,1967,1h 28m,PG,7.5,62K
7. Le Samouraï,https://www.imdb.com/title/tt0062229/?ref_=sr_t_7,1967,1h 41m,GP,8.0,61K
8. 2 or 3 Things I Know About Her,https://www.imdb.com/title/tt0060304/?ref_=sr_t_8,1967,1h 27m,Not Rated,6.5,8.8K
9. The Young Girls of Rochefort,https://www.imdb.com/title/tt0062873/?ref_=sr_t_9,1967,2h 5m,G,7.7,13K
10. The Two of Us,https://www.imdb.com/title/tt0063771/?ref_=sr_t_10,1967,1h 26m,Not Rated,7.6,2.6K
11. The Chinese,https://www.imdb.com/title/tt0061473/?ref_=sr_t_11,1967,1h 35m,Not Rated,6.9,8.6K
12. Accident,https://www.imdb.com/title/tt0061328/?ref_=sr_t_12,1967,1h 45m,Not Rated,6.8,5.1K
13. Far from Vietnam,https://www.imdb.com/title/tt0061913/?ref_=sr_t_13,1967,2h,Not Rated,7.3,912
14. A Man Vanishes,https://www.imdb.com/title/tt0062043/?ref_=sr_t_14,1967,2h 10m,,7.1,856
15. Fitzwilly,https://www.imdb.com/title/tt0061669/?ref_=sr_t_15,1967,1h 42m,Approved,6.6,2.2K
16. Cool Hand Luke,https://www.imdb.com/title/tt0061512/?ref_=sr_t_16,1967,2h 7m,Approved,8.0,193K
17. The Dirty Dozen,https://www.imdb.com/title/tt0061578/?ref_=sr_t_17,1967,2h 30m,Approved,7.7,81K
18. Casino Royale,https://www.imdb.com/title/tt0061452/?ref_=sr_t_18,1967,2h 11m,Approved,5.0,33K
19. Bonnie and Clyde,https://www.imdb.com/title/tt0061418/?ref_=sr_t_19,1967,1h 51m,R,7.7,123K
20. Playtime,https://www.imdb.com/title/tt0062136/?ref_=sr_t_20,1967,2h 35m,Not Rated,7.8,27K
21. Bob Dylan: Dont Look Back,https://www.imdb.com/title/tt0061589/?ref_=sr_t_21,1967,1h 36m,Not Rated,7.9,10K
22. In the Heat of the Night,https://www.imdb.com/title/tt0061811/?ref_=sr_t_22,1967,1h 50m,Approved,7.9,86K
23. Valley of the Dolls,https://www.imdb.com/title/tt0062430/?ref_=sr_t_23,1967,2h 3m,PG-13,6.0,10K
24. The Fearless Vampire Killers,https://www.imdb.com/title/tt0061655/?ref_=sr_t_24,1967,1h 31m,Approved,7.0,35K
25. In Cold Blood,https://www.imdb.com/title/tt0061809/?ref_=sr_t_25,1967,2h 14m,R,7.9,30K
26. Death Rides a Horse,https://www.imdb.com/title/tt0064208/?ref_=sr_t_26,1967,1h 54m,R,7.0,9.9K
27. The War Wagon,https://www.imdb.com/title/tt0062472/?ref_=sr_t_27,1967,1h 41m,Unrated,6.8,11K
28. Wait Until Dark,https://www.imdb.com/title/tt0062467/?ref_=sr_t_28,1967,1h 48m,Approved,7.7,35K
29. The Way West,https://www.imdb.com/title/tt0062479/?ref_=sr_t_29,1967,2h 2m,Approved,6.2,3.8K
30. Viy,https://www.imdb.com/title/tt0062453/?ref_=sr_t_30,1967,1h 17m,Not Rated,7.2,10K
"31. To Sir, with Love",https://www.imdb.com/title/tt0062376/?ref_=sr_t_31,1967,1h 45m,Approved,7.6,21K
32. Hombre,https://www.imdb.com/title/tt0061770/?ref_=sr_t_32,1967,1h 51m,Approved,7.4,14K
33. Camelot,https://www.imdb.com/title/tt0061439/?ref_=sr_t_33,1967,2h 59m,G,6.6,7.7K
34. Point Blank,https://www.imdb.com/title/tt0062138/?ref_=sr_t_34,1967,1h 32m,Approved,7.3,24K
35. The Ambushers,https://www.imdb.com/title/tt0062657/?ref_=sr_t_35,1967,1h 42m,Not Rated,5.3,2.4K
36. Titicut Follies,https://www.imdb.com/title/tt0062374/?ref_=sr_t_36,1967,1h 24m,Unrated,7.7,5.3K
37. Doctor Dolittle,https://www.imdb.com/title/tt0061584/?ref_=sr_t_37,1967,2h 32m,G,6.2,11K
38. Bedazzled,https://www.imdb.com/title/tt0061391/?ref_=sr_t_38,1967,1h 43m,Approved,6.7,10K
39. Robbery,https://www.imdb.com/title/tt0062207/?ref_=sr_t_39,1967,1h 50m,,6.9,2.2K
40. Two for the Road,https://www.imdb.com/title/tt0062407/?ref_=sr_t_40,1967,1h 51m,Approved,7.4,15K
41. Barefoot in the Park,https://www.imdb.com/title/tt0061385/?ref_=sr_t_41,1967,1h 46m,G,7.0,21K
42. Those Fantastic Flying Fools,https://www.imdb.com/title/tt0062363/?ref_=sr_t_42,1967,1h 35m,Not Rated,5.3,979
43. Torture Garden,https://www.imdb.com/title/tt0062384/?ref_=sr_t_43,1967,1h 33m,Approved,6.1,3.6K
44. Berserk,https://www.imdb.com/title/tt0061398/?ref_=sr_t_44,1967,1h 36m,Approved,5.3,2.8K
45. They Came from Beyond Space,https://www.imdb.com/title/tt0062360/?ref_=sr_t_45,1967,1h 25m,Unrated,4.6,2.2K
46. The Witches,https://www.imdb.com/title/tt0061037/?ref_=sr_t_46,1967,1h 45m,Not Rated,5.9,2.1K
47. Thoroughly Modern Millie,https://www.imdb.com/title/tt0062362/?ref_=sr_t_47,1967,2h 18m,G,6.9,7.3K
48. I Am Curious (Yellow),https://www.imdb.com/title/tt0061834/?ref_=sr_t_48,1967,2h 1m,X,6.0,4.4K
49. The Born Losers,https://www.imdb.com/title/tt0061420/?ref_=sr_t_49,1967,1h 53m,PG,5.9,2.9K
50. Far from the Madding Crowd,https://www.imdb.com/title/tt0061648/?ref_=sr_t_50,1967,2h 48m,GP,7.2,6.4K
51. Reflections in a Golden Eye,https://www.imdb.com/title/tt0062185/?ref_=sr_t_51,1967,1h 48m,Approved,6.7,8.4K
52. Quatermass and the Pit,https://www.imdb.com/title/tt0062168/?ref_=sr_t_52,1967,1h 37m,Approved,7.0,12K
53. The Taming of The Shrew,https://www.imdb.com/title/tt0061407/?ref_=sr_t_53,1967,2h 2m,Approved,7.1,8.9K
54. The Firemen's Ball,https://www.imdb.com/title/tt0061781/?ref_=sr_t_54,1967,1h 13m,Not Rated,7.4,13K
55. Carry on Doctor,https://www.imdb.com/title/tt0061450/?ref_=sr_t_55,1967,1h 34m,PG,6.5,4.3K
56. Will Penny,https://www.imdb.com/title/tt0063811/?ref_=sr_t_56,1967,1h 48m,Approved,7.1,5.4K
57. Deadlier Than the Male,https://www.imdb.com/title/tt0060288/?ref_=sr_t_57,1967,1h 38m,Approved,6.3,2.1K
58. The Gnome-Mobile,https://www.imdb.com/title/tt0061715/?ref_=sr_t_58,1967,1h 24m,G,6.4,2.5K
59. Night of the Big Heat,https://www.imdb.com/title/tt0062037/?ref_=sr_t_59,1967,1h 34m,GP,5.6,2.5K
60. God Forgives... I Don't!,https://www.imdb.com/title/tt0061576/?ref_=sr_t_60,1967,1h 37m,PG-13,6.2,5.7K
61. The Night of the Generals,https://www.imdb.com/title/tt0062038/?ref_=sr_t_61,1967,2h 28m,PG,7.2,9.1K
62. Marketa Lazarová,https://www.imdb.com/title/tt0063278/?ref_=sr_t_62,1967,2h 42m,Not Rated,7.9,6.2K
63. The Happiest Millionaire,https://www.imdb.com/title/tt0061749/?ref_=sr_t_63,1967,2h 21m,G,6.5,2.5K
64. Hells Angels on Wheels,https://www.imdb.com/title/tt0061758/?ref_=sr_t_64,1967,1h 35m,Approved,5.2,2.8K
"65. Spider Baby or, The Maddest Story Ever Told",https://www.imdb.com/title/tt0058606/?ref_=sr_t_65,1967,1h 21m,Not Rated,6.8,8.1K
66. Hour of the Gun,https://www.imdb.com/title/tt0061787/?ref_=sr_t_66,1967,1h 40m,Approved,6.6,4.8K
67. Who's That Knocking at My Door,https://www.imdb.com/title/tt0063803/?ref_=sr_t_67,1967,1h 30m,R,6.5,10K
68. Samurai Rebellion,https://www.imdb.com/title/tt0061847/?ref_=sr_t_68,1967,2h 8m,Not Rated,8.3,15K
69. Onkel Joakims hemmelighed,https://www.imdb.com/title/tt0062057/?ref_=sr_t_69,1967,1h 43m,,6.0,294
70. Mig og min lillebror,https://www.imdb.com/title/tt0061972/?ref_=sr_t_70,1967,1h 35m,,5.5,353
71. A Countess from Hong Kong,https://www.imdb.com/title/tt0061523/?ref_=sr_t_71,1967,2h,G,6.0,7.2K
72. The Collector,https://www.imdb.com/title/tt0061495/?ref_=sr_t_72,1967,1h 26m,Not Rated,7.3,10K
73. Mad Monster Party?,https://www.imdb.com/title/tt0061931/?ref_=sr_t_73,1967,1h 34m,Unrated,6.6,3.7K
74. In Like Flint,https://www.imdb.com/title/tt0061810/?ref_=sr_t_74,1967,1h 54m,Approved,6.1,6.2K
75. How to Succeed in Business Without Really Trying,https://www.imdb.com/title/tt0061791/?ref_=sr_t_75,1967,2h 1m,Approved,7.2,5.3K
76. Fathom,https://www.imdb.com/title/tt0061653/?ref_=sr_t_76,1967,1h 39m,Approved,5.7,1.8K
77. Caprice,https://www.imdb.com/title/tt0061447/?ref_=sr_t_77,1967,1h 38m,Approved,5.5,1.8K
78. Oedipus Rex,https://www.imdb.com/title/tt0061613/?ref_=sr_t_78,1967,1h 44m,Not Rated,7.2,7.1K
79. The Torture Chamber of Dr. Sadism,https://www.imdb.com/title/tt0062235/?ref_=sr_t_79,1967,1h 24m,M,5.8,2.8K
80. Clambake,https://www.imdb.com/title/tt0061489/?ref_=sr_t_80,1967,1h 39m,TV-G,5.6,3.4K
81. Divorce American Style,https://www.imdb.com/title/tt0061581/?ref_=sr_t_81,1967,1h 49m,Approved,6.3,1.9K
82. The Big Gundown,https://www.imdb.com/title/tt0063501/?ref_=sr_t_82,1967,1h 50m,R,7.4,7.4K
83. How I Won the War,https://www.imdb.com/title/tt0061789/?ref_=sr_t_83,1967,1h 49m,Approved,5.5,2.6K
84. The Trip,https://www.imdb.com/title/tt0062395/?ref_=sr_t_84,1967,1h 22m,Approved,6.1,5.6K
85. The Oldest Profession,https://www.imdb.com/title/tt0062137/?ref_=sr_t_85,1967,1h 59m,,5.4,652
86. Branded to Kill,https://www.imdb.com/title/tt0061882/?ref_=sr_t_86,1967,1h 31m,Not Rated,7.2,11K
87. A Guide for the Married Man,https://www.imdb.com/title/tt0061736/?ref_=sr_t_87,1967,1h 29m,PG,6.6,3K
88. Day of Anger,https://www.imdb.com/title/tt0061709/?ref_=sr_t_88,1967,1h 51m,M,7.1,5.8K
89. Fantomas vs. Scotland Yard,https://www.imdb.com/title/tt0060400/?ref_=sr_t_89,1967,1h 40m,PG,6.7,8.2K
90. The St. Valentine's Day Massacre,https://www.imdb.com/title/tt0062301/?ref_=sr_t_90,1967,1h 40m,Approved,6.6,4.9K
91. Billion Dollar Brain,https://www.imdb.com/title/tt0061405/?ref_=sr_t_91,1967,1h 51m,Approved,5.9,6.2K
92. The Incident,https://www.imdb.com/title/tt0061814/?ref_=sr_t_92,1967,1h 47m,Approved,7.6,5K
93. Tobruk,https://www.imdb.com/title/tt0062377/?ref_=sr_t_93,1967,1h 47m,Approved,6.4,3.7K
94. Weekend,https://www.imdb.com/title/tt0062480/?ref_=sr_t_94,1967,1h 45m,Not Rated,6.9,16K
95. Mouchette,https://www.imdb.com/title/tt0061996/?ref_=sr_t_95,1967,1h 21m,Not Rated,7.7,13K
96. Operation Kid Brother,https://www.imdb.com/title/tt0062078/?ref_=sr_t_96,1967,1h 44m,Approved,3.6,1.6K
97. I Am What I Am,https://www.imdb.com/title/tt0061493/?ref_=sr_t_97,1967,1h 44m,X,5.5,915
98. Elvira Madigan,https://www.imdb.com/title/tt0061620/?ref_=sr_t_98,1967,1h 31m,PG,7.0,3.3K
99. The Stranger,https://www.imdb.com/title/tt0062310/?ref_=sr_t_99,1967,1h 44m,,7.1,3.3K
100. Asterix the Gaul,https://www.imdb.com/title/tt0061369/?ref_=sr_t_100,1967,1h 8m,,6.6,12K
101. Tony Rome,https://www.imdb.com/title/tt0062380/?ref_=sr_t_101,1967,1h 50m,Not Rated,6.5,3.4K
102. She Freak,https://www.imdb.com/title/tt0062259/?ref_=sr_t_102,1967,1h 23m,Unrated,3.6,1.3K
103. She-Man: A Story of Fixation,https://www.imdb.com/title/tt0183766/?ref_=sr_t_103,1967,1h 8m,,4.5,421
"104. Kidnapping, Caucasian Style",https://www.imdb.com/title/tt0060584/?ref_=sr_t_104,1967,1h 22m,TV-13,8.3,14K
105. The Million Eyes of Sumuru,https://www.imdb.com/title/tt0061976/?ref_=sr_t_105,1967,1h 35m,Not Rated,3.7,1.4K
106. The Deadly Affair,https://www.imdb.com/title/tt0061556/?ref_=sr_t_106,1967,1h 47m,Approved,6.7,4.4K
"107. Easy Come, Easy Go",https://www.imdb.com/title/tt0061610/?ref_=sr_t_107,1967,1h 35m,PG,5.2,1.9K
108. The Red Mantle,https://www.imdb.com/title/tt0063531/?ref_=sr_t_108,1967,1h 32m,R,6.0,185
109. The Snow Queen,https://www.imdb.com/title/tt0254782/?ref_=sr_t_109,1967,1h 25m,,6.9,1K
110. Doctor Faustus,https://www.imdb.com/title/tt0062898/?ref_=sr_t_110,1967,1h 33m,Unrated,5.4,1.4K
111. Our Folks,https://www.imdb.com/title/tt0062228/?ref_=sr_t_111,1967,1h 21m,,7.9,4.1K
112. Don't Make Waves,https://www.imdb.com/title/tt0061590/?ref_=sr_t_112,1967,1h 37m,Approved,5.8,2K
113. We Still Kill the Old Way,https://www.imdb.com/title/tt0061320/?ref_=sr_t_113,1967,1h 39m,Not Rated,7.0,1.9K
114. A Time for Killing,https://www.imdb.com/title/tt0062373/?ref_=sr_t_114,1967,1h 28m,Not Rated,5.4,1.1K
115. The Fox,https://www.imdb.com/title/tt0062990/?ref_=sr_t_115,1967,1h 50m,PG,6.5,1.3K
116. The Red and the White,https://www.imdb.com/title/tt0061537/?ref_=sr_t_116,1967,1h 30m,Not Rated,7.5,4.1K
117. Good Times,https://www.imdb.com/title/tt0061720/?ref_=sr_t_117,1967,1h 31m,Not Rated,4.5,764
118. The 25th Hour,https://www.imdb.com/title/tt0062445/?ref_=sr_t_118,1967,2h 10m,Approved,7.4,2.4K
119. P.J.,https://www.imdb.com/title/tt0063402/?ref_=sr_t_119,1967,1h 49m,Approved,6.5,557
120. Rough Night in Jericho,https://www.imdb.com/title/tt0062218/?ref_=sr_t_120,1967,1h 44m,Approved,6.4,1.6K
121. Martha,https://www.imdb.com/title/tt0061957/?ref_=sr_t_121,1967,1h 33m,,7.1,1.1K
122. The Plank,https://www.imdb.com/title/tt0062133/?ref_=sr_t_122,1967,45m,,6.7,1.7K
123. The Flim-Flam Man,https://www.imdb.com/title/tt0061678/?ref_=sr_t_123,1967,1h 44m,Approved,6.8,2.5K
124. Frankenstein Created Woman,https://www.imdb.com/title/tt0061683/?ref_=sr_t_124,1967,1h 32m,Approved,6.5,5.7K
125. Oscar,https://www.imdb.com/title/tt0062083/?ref_=sr_t_125,1967,1h 25m,G,7.5,7.8K
126. The Shuttered Room,https://www.imdb.com/title/tt0062266/?ref_=sr_t_126,1967,1h 39m,Unrated,5.8,1.9K
127. Countdown,https://www.imdb.com/title/tt0062827/?ref_=sr_t_127,1967,1h 41m,Approved,5.9,2.7K
128. Hillbillys in a Haunted House,https://www.imdb.com/title/tt0061765/?ref_=sr_t_128,1967,1h 26m,TV-G,2.8,1.6K
129. Ulysses,https://www.imdb.com/title/tt0062414/?ref_=sr_t_129,1967,2h 3m,Not Rated,6.4,1K
130. The Honey Pot,https://www.imdb.com/title/tt0061780/?ref_=sr_t_130,1967,2h 30m,Approved,6.7,3.1K
131. Festival,https://www.imdb.com/title/tt0061658/?ref_=sr_t_131,1967,1h 35m,Not Rated,7.5,773
132. A Bullet for the General,https://www.imdb.com/title/tt0061429/?ref_=sr_t_132,1967,1h 55m,M,7.0,5.3K
133. Carry on Don't Lose Your Head,https://www.imdb.com/title/tt0060330/?ref_=sr_t_133,1967,1h 30m,,6.5,3.2K
134. The Sorcerers,https://www.imdb.com/title/tt0062292/?ref_=sr_t_134,1967,1h 26m,Unrated,6.2,2.5K
135. Our Mother's House,https://www.imdb.com/title/tt0062089/?ref_=sr_t_135,1967,1h 44m,Approved,7.2,2.3K
136. Son of Godzilla,https://www.imdb.com/title/tt0061856/?ref_=sr_t_136,1967,1h 24m,PG,5.2,6.2K
137. Poor Cow,https://www.imdb.com/title/tt0062141/?ref_=sr_t_137,1967,1h 41m,Approved,6.8,2.1K
138. The Whisperers,https://www.imdb.com/title/tt0061180/?ref_=sr_t_138,1967,1h 46m,Not Rated,7.1,1.5K
139. Diabolically Yours,https://www.imdb.com/title/tt0061568/?ref_=sr_t_139,1967,1h 33m,G,6.0,2K
140. More Than a Miracle,https://www.imdb.com/title/tt0061433/?ref_=sr_t_140,1967,1h 55m,Not Rated,6.0,1.6K
141. The President's Analyst,https://www.imdb.com/title/tt0062153/?ref_=sr_t_141,1967,1h 43m,Not Rated,6.8,3.6K
142. Argoman the Fantastic Superman,https://www.imdb.com/title/tt0061500/?ref_=sr_t_142,1967,1h 23m,M,4.4,584
143. Blast-Off Girls,https://www.imdb.com/title/tt0061408/?ref_=sr_t_143,1967,1h 23m,Not Rated,4.4,316
144. One-Armed Swordsman,https://www.imdb.com/title/tt0061597/?ref_=sr_t_144,1967,1h 55m,R,7.2,3.8K
145. Pedro Paramo,https://www.imdb.com/title/tt0062108/?ref_=sr_t_145,1967,1h 50m,TV-PG,7.0,415
146. Hurry Sundown,https://www.imdb.com/title/tt0061796/?ref_=sr_t_146,1967,2h 26m,Approved,5.8,1.4K
147. Games,https://www.imdb.com/title/tt0061696/?ref_=sr_t_147,1967,1h 40m,Approved,6.4,1.5K
148. Who's Minding the Mint?,https://www.imdb.com/title/tt0062490/?ref_=sr_t_148,1967,1h 37m,Not Rated,7.0,1.4K
149. The Adventures of Bullwhip Griffin,https://www.imdb.com/title/tt0061333/?ref_=sr_t_149,1967,1h 48m,Approved,6.4,1.4K
150. This Night I'll Possess Your Corpse,https://www.imdb.com/title/tt0060380/?ref_=sr_t_150,1967,1h 48m,,7.0,2.2K
151. Common Law Cabin,https://www.imdb.com/title/tt0061504/?ref_=sr_t_151,1967,1h 10m,R,4.8,793
152. The Comedians,https://www.imdb.com/title/tt0061502/?ref_=sr_t_152,1967,2h 30m,Approved,6.3,2.3K
153. The Touch of Her Flesh,https://www.imdb.com/title/tt0062385/?ref_=sr_t_153,1967,1h 18m,,5.0,427
154. Vengeance Is Mine,https://www.imdb.com/title/tt0062114/?ref_=sr_t_154,1967,1h 40m,Not Rated,6.4,479
155. Untamable Angelique,https://www.imdb.com/title/tt0061819/?ref_=sr_t_155,1967,1h 35m,TV-14,6.5,1.6K
156. Woman Times Seven,https://www.imdb.com/title/tt0062502/?ref_=sr_t_156,1967,1h 39m,Not Rated,5.8,2.1K
157. King Kong Escapes,https://www.imdb.com/title/tt0061868/?ref_=sr_t_157,1967,1h 36m,G,5.5,3.3K
158. Grand Slam,https://www.imdb.com/title/tt0062636/?ref_=sr_t_158,1967,2h 1m,Not Rated,6.8,1.4K
159. Up the Down Staircase,https://www.imdb.com/title/tt0062425/?ref_=sr_t_159,1967,2h 4m,Approved,7.3,2.6K
160. Face to Face,https://www.imdb.com/title/tt0061636/?ref_=sr_t_160,1967,1h 51m,R,7.1,3.5K
161. Luv,https://www.imdb.com/title/tt0061927/?ref_=sr_t_161,1967,1h 33m,Approved,5.3,859
162. Creature with the Blue Hand,https://www.imdb.com/title/tt0061409/?ref_=sr_t_162,1967,1h 27m,GP,6.0,951
163. Custer of the West,https://www.imdb.com/title/tt0062844/?ref_=sr_t_163,1967,2h 23m,G,5.8,1.7K
164. Hotel,https://www.imdb.com/title/tt0061786/?ref_=sr_t_164,1967,2h 4m,GP,6.6,1.7K
165. It!,https://www.imdb.com/title/tt0061826/?ref_=sr_t_165,1967,1h 36m,Unrated,5.6,1.6K
166. The Ballad of Josie,https://www.imdb.com/title/tt0061380/?ref_=sr_t_166,1967,1h 42m,Approved,5.7,1.2K
167. Herostratus,https://www.imdb.com/title/tt0061761/?ref_=sr_t_167,1967,2h 22m,,6.7,479
168. The Hellbenders,https://www.imdb.com/title/tt0060261/?ref_=sr_t_168,1967,1h 30m,Not Rated,6.7,2.2K
169. The Last Challenge,https://www.imdb.com/title/tt0061893/?ref_=sr_t_169,1967,1h 36m,Approved,6.1,1.3K
170. The Last Adventure,https://www.imdb.com/title/tt0061376/?ref_=sr_t_170,1967,1h 52m,M,7.0,4.2K
171. Anna Karenina,https://www.imdb.com/title/tt0061359/?ref_=sr_t_171,1967,2h 25m,Not Rated,7.0,1K
172. I Even Met Happy Gypsies,https://www.imdb.com/title/tt0062277/?ref_=sr_t_172,1967,1h 34m,,7.6,2.7K
173. Wavelength,https://www.imdb.com/title/tt0127354/?ref_=sr_t_173,1967,45m,Not Rated,5.4,3.1K
174. The Big Mouth,https://www.imdb.com/title/tt0061401/?ref_=sr_t_174,1967,1h 47m,,5.5,1.3K
175. Marat/Sade,https://www.imdb.com/title/tt0060668/?ref_=sr_t_175,1967,1h 59m,Approved,7.5,2.7K
176. The Exchange Student,https://www.imdb.com/title/tt0060475/?ref_=sr_t_176,1967,1h 24m,,6.5,3.9K
177. Double Trouble,https://www.imdb.com/title/tt0061595/?ref_=sr_t_177,1967,1h 32m,Approved,5.1,1.9K
178. Gunn,https://www.imdb.com/title/tt0061739/?ref_=sr_t_178,1967,1h 34m,Not Rated,6.0,572
179. Something Weird,https://www.imdb.com/title/tt0062288/?ref_=sr_t_179,1967,1h 20m,Not Rated,5.0,955
180. The Happening,https://www.imdb.com/title/tt0061748/?ref_=sr_t_180,1967,1h 41m,,5.1,858
181. Jewel Thief,https://www.imdb.com/title/tt0061842/?ref_=sr_t_181,1967,3h 6m,,7.9,2.1K
182. The Reluctant Astronaut,https://www.imdb.com/title/tt0062190/?ref_=sr_t_182,1967,1h 41m,Approved,6.3,2.8K
183. The Vengeance of Fu Manchu,https://www.imdb.com/title/tt0063764/?ref_=sr_t_183,1967,1h 31m,Unrated,5.1,1.1K
184. Danger!! Death Ray,https://www.imdb.com/title/tt0062035/?ref_=sr_t_184,1967,1h 33m,Not Rated,2.8,923
185. The Spirit Is Willing,https://www.imdb.com/title/tt0062298/?ref_=sr_t_185,1967,1h 40m,Unrated,5.6,547
186. Mission Stardust,https://www.imdb.com/title/tt0063859/?ref_=sr_t_186,1967,1h 35m,G,4.2,917
187. Carry on Follow That Camel,https://www.imdb.com/title/tt0061680/?ref_=sr_t_187,1967,1h 35m,Not Rated,6.0,2.8K
188. Half a Sixpence,https://www.imdb.com/title/tt0061742/?ref_=sr_t_188,1967,2h 23m,Not Rated,6.4,923
189. Dragon Inn,https://www.imdb.com/title/tt0060635/?ref_=sr_t_189,1967,1h 51m,Not Rated,7.4,3.8K
190. Hugo and Josephine,https://www.imdb.com/title/tt0061793/?ref_=sr_t_190,1967,1h 22m,G,6.4,527
191. The Viking Queen,https://www.imdb.com/title/tt0062443/?ref_=sr_t_191,1967,1h 31m,Approved,5.1,993
192. The Nude Restaurant,https://www.imdb.com/title/tt0062055/?ref_=sr_t_192,1967,1h 40m,,5.4,223
193. Eight on the Lam,https://www.imdb.com/title/tt0061617/?ref_=sr_t_193,1967,1h 47m,Not Rated,5.5,775
194. Waterhole #3,https://www.imdb.com/title/tt0062477/?ref_=sr_t_194,1967,1h 35m,Approved,6.1,1.7K
195. Counterpoint,https://www.imdb.com/title/tt0062829/?ref_=sr_t_195,1967,1h 47m,Approved,6.3,1.1K
196. The Long Duel,https://www.imdb.com/title/tt0061916/?ref_=sr_t_196,1967,1h 55m,Approved,5.9,739
197. Hamraaz,https://www.imdb.com/title/tt0061744/?ref_=sr_t_197,1967,2h 50m,,7.2,523
198. Taqdeer,https://www.imdb.com/title/tt0165973/?ref_=sr_t_198,1967,1h 48m,Not Rated,6.6,60
199. Island of the Lost,https://www.imdb.com/title/tt0061824/?ref_=sr_t_199,1967,1h 32m,PG,4.2,169
200. Prehistoric Women,https://www.imdb.com/title/tt0062150/?ref_=sr_t_200,1967,1h 31m,Approved,4.5,1.4K
201. The Tiger Makes Out,https://www.imdb.com/title/tt0062369/?ref_=sr_t_201,1967,1h 34m,Approved,5.8,347
202. The Penthouse,https://www.imdb.com/title/tt0062112/?ref_=sr_t_202,1967,1h 36m,Approved,5.6,289
203. When I Am Dead and Gone,https://www.imdb.com/title/tt0061855/?ref_=sr_t_203,1967,1h 19m,,8.0,1.5K
204. Tarzan and the Great River,https://www.imdb.com/title/tt0062341/?ref_=sr_t_204,1967,1h 28m,G,5.3,450
205. The College Girl Murders,https://www.imdb.com/title/tt0062022/?ref_=sr_t_205,1967,1h 28m,Not Rated,6.2,1.1K
206. Zatoichi Challenged,https://www.imdb.com/title/tt0063834/?ref_=sr_t_206,1967,1h 27m,Not Rated,7.4,1.6K
207. Privilege,https://www.imdb.com/title/tt0062155/?ref_=sr_t_207,1967,1h 43m,,6.8,1.4K
208. Banning,https://www.imdb.com/title/tt0061383/?ref_=sr_t_208,1967,1h 42m,Approved,5.7,342
"209. Gungala, the Virgin of the Jungle",https://www.imdb.com/title/tt0178543/?ref_=sr_t_209,1967,1h 27m,,4.1,121
210. Beach Red,https://www.imdb.com/title/tt0061389/?ref_=sr_t_210,1967,1h 45m,GP,6.2,1.8K
211. A Taste of Flesh,https://www.imdb.com/title/tt0062346/?ref_=sr_t_211,1967,1h 13m,Not Rated,5.3,139
212. Muhair,https://www.imdb.com/title/tt0062004/?ref_=sr_t_212,1967,1h 24m,,5.5,75
213. Night Fright,https://www.imdb.com/title/tt0062036/?ref_=sr_t_213,1967,1h 15m,Unrated,2.8,1.1K
"214. Django Kill... If You Live, Shoot!",https://www.imdb.com/title/tt0062082/?ref_=sr_t_214,1967,1h 40m,Not Rated,6.3,3K
215. Kaleidoscope,https://www.imdb.com/title/tt6914094/?ref_=sr_t_215,1967,,,,
216. Riot on Sunset Strip,https://www.imdb.com/title/tt0062203/?ref_=sr_t_216,1967,1h 27m,Not Rated,5.0,502
217. Anyone Can Play,https://www.imdb.com/title/tt0061586/?ref_=sr_t_217,1967,1h 28m,R,5.3,143
218. The Commissar,https://www.imdb.com/title/tt0061876/?ref_=sr_t_218,1967,1h 50m,,7.5,1.7K
219. Gamera vs. Gyaos,https://www.imdb.com/title/tt0061695/?ref_=sr_t_219,1967,1h 27m,Not Rated,5.1,2.6K
220. Shanty Tramp,https://www.imdb.com/title/tt0060968/?ref_=sr_t_220,1967,1h 12m,R,5.6,514
221. A Matter of Innocence,https://www.imdb.com/title/tt0061960/?ref_=sr_t_221,1967,1h 42m,,6.1,222
222. Requiescant,https://www.imdb.com/title/tt0063500/?ref_=sr_t_222,1967,1h 46m,Not Rated,6.5,1.2K
223. I'll Never Forget What's'isname,https://www.imdb.com/title/tt0061801/?ref_=sr_t_223,1967,1h 37m,,6.2,1.1K
224. Breza,https://www.imdb.com/title/tt0066862/?ref_=sr_t_224,1967,1h 32m,,7.8,891
225. A Degree of Murder,https://www.imdb.com/title/tt0061992/?ref_=sr_t_225,1967,1h 27m,R,6.0,353
226. Danger Route,https://www.imdb.com/title/tt0062860/?ref_=sr_t_226,1967,1h 32m,Approved,5.6,529
227. Catalina Caper,https://www.imdb.com/title/tt0061456/?ref_=sr_t_227,1967,1h 24m,G,2.3,2.3K
228. Violated Angels,https://www.imdb.com/title/tt0062069/?ref_=sr_t_228,1967,56m,,6.8,1.7K
229. Crazy Westerners,https://www.imdb.com/title/tt0062205/?ref_=sr_t_229,1967,1h 30m,,4.6,680
230. Blood of the Virgins,https://www.imdb.com/title/tt0062231/?ref_=sr_t_230,1967,1h 12m,R,4.7,377
231. A Colt Is My Passport,https://www.imdb.com/title/tt0330536/?ref_=sr_t_231,1967,1h 24m,,7.4,2.4K
232. Journey to the Center of Time,https://www.imdb.com/title/tt0061850/?ref_=sr_t_232,1967,1h 22m,Not Rated,3.7,1K
233. The Glory Stompers,https://www.imdb.com/title/tt0061714/?ref_=sr_t_233,1967,1h 25m,Not Rated,5.0,651
234. Entranced Earth,https://www.imdb.com/title/tt0062352/?ref_=sr_t_234,1967,1h 48m,,7.3,3.7K
235. Smashing Time,https://www.imdb.com/title/tt0062281/?ref_=sr_t_235,1967,1h 36m,Not Rated,5.9,642
236. Helga,https://www.imdb.com/title/tt0157743/?ref_=sr_t_236,1967,1h 17m,,5.0,62
"237. Chingachgook, die grosse Schlange",https://www.imdb.com/title/tt0202832/?ref_=sr_t_237,1967,1h 32m,,6.0,474
238. Good Morning... and Goodbye!,https://www.imdb.com/title/tt0061719/?ref_=sr_t_238,1967,1h 20m,R,5.5,633
"239. $10,000 Blood Money",https://www.imdb.com/title/tt0061313/?ref_=sr_t_239,1967,1h 37m,Not Rated,6.1,749
240. The Champagne Murders,https://www.imdb.com/title/tt0060944/?ref_=sr_t_240,1967,1h 45m,,5.8,894
241. The Boy and the Wind,https://www.imdb.com/title/tt0144304/?ref_=sr_t_241,1967,1h 44m,,7.8,223
242. Live for Life,https://www.imdb.com/title/tt0062452/?ref_=sr_t_242,1967,2h 10m,,6.4,693
243. Payment in Blood,https://www.imdb.com/title/tt0063587/?ref_=sr_t_243,1967,1h 38m,R,5.5,360
244. Django the Last Killer,https://www.imdb.com/title/tt0062413/?ref_=sr_t_244,1967,1h 28m,,5.9,453
245. Hoor My Lied,https://www.imdb.com/title/tt2022422/?ref_=sr_t_245,1967,1h 47m,,6.6,23
246. Peppermint Frappé,https://www.imdb.com/title/tt0062113/?ref_=sr_t_246,1967,1h 34m,,7.1,2K
247. The Fastest Guitar Alive,https://www.imdb.com/title/tt0061652/?ref_=sr_t_247,1967,1h 27m,Approved,4.3,483
"248. Doctor, You've Got to Be Kidding!",https://www.imdb.com/title/tt0061585/?ref_=sr_t_248,1967,1h 34m,Approved,5.3,575
249. A Good Time with a Bad Girl,https://www.imdb.com/title/tt0139258/?ref_=sr_t_249,1967,1h 1m,,3.9,147
250. The X from Outer Space,https://www.imdb.com/title/tt0062411/?ref_=sr_t_250,1967,1h 29m,PG,4.9,1.6K
"251. Monkeys, Go Home!",https://www.imdb.com/title/tt0061989/?ref_=sr_t_251,1967,1h 41m,Approved,5.7,605
252. Thunder Alley,https://www.imdb.com/title/tt0062365/?ref_=sr_t_252,1967,1h 29m,Not Rated,5.2,381
253. Brief Encounters,https://www.imdb.com/title/tt0061883/?ref_=sr_t_253,1967,1h 36m,Not Rated,7.2,1.2K
254. Hot Thrills and Warm Chills,https://www.imdb.com/title/tt0061785/?ref_=sr_t_254,1967,1h 20m,,3.8,295
255. The Wild Rebels,https://www.imdb.com/title/tt0062493/?ref_=sr_t_255,1967,1h 30m,R,2.4,1.1K
256. The Double Man,https://www.imdb.com/title/tt0061594/?ref_=sr_t_256,1967,1h 45m,Not Rated,5.9,1.2K
257. The Mummy's Shroud,https://www.imdb.com/title/tt0062006/?ref_=sr_t_257,1967,1h 30m,Approved,5.5,2.4K
258. Any Gun Can Play,https://www.imdb.com/title/tt0062429/?ref_=sr_t_258,1967,1h 45m,Not Rated,5.9,828
259. The Rover,https://www.imdb.com/title/tt0061377/?ref_=sr_t_259,1967,1h 43m,,6.1,583
260. Happy End,https://www.imdb.com/title/tt0061029/?ref_=sr_t_260,1967,1h 13m,,7.9,1.5K
261. Tub Girls,https://www.imdb.com/title/tt0495909/?ref_=sr_t_261,1967,1h 30m,,6.8,68
262. The Tiger and the Pussycat,https://www.imdb.com/title/tt0062370/?ref_=sr_t_262,1967,1h 50m,,6.3,513
263. Mister Ten Per Cent,https://www.imdb.com/title/tt0060705/?ref_=sr_t_263,1967,1h 24m,Not Rated,5.1,73
264. Five Golden Dragons,https://www.imdb.com/title/tt0061670/?ref_=sr_t_264,1967,1h 33m,Not Rated,4.9,576
265. Up the MacGregors,https://www.imdb.com/title/tt0062251/?ref_=sr_t_265,1967,1h 44m,,5.4,166
266. The Day the Fish Came Out,https://www.imdb.com/title/tt0061553/?ref_=sr_t_266,1967,1h 49m,Not Rated,5.3,688
267. Rosie!,https://www.imdb.com/title/tt0063523/?ref_=sr_t_267,1967,1h 38m,,6.7,319
268. Devil's Angels,https://www.imdb.com/title/tt0061565/?ref_=sr_t_268,1967,1h 24m,R,5.0,596
269. Ultraman,https://www.imdb.com/title/tt0204714/?ref_=sr_t_269,1967,1h 19m,,7.3,352
270. A Challenge for Robin Hood,https://www.imdb.com/title/tt0062787/?ref_=sr_t_270,1967,1h 25m,G,5.8,701
"271. Carmen, Baby",https://www.imdb.com/title/tt0061448/?ref_=sr_t_271,1967,1h 27m,Not Rated,5.1,203
"272. Oh Dad, Poor Dad, Mamma's Hung You in the Closet and I'm Feelin' So Sad",https://www.imdb.com/title/tt0062067/?ref_=sr_t_272,1967,1h 26m,Not Rated,4.8,337
273. The Perils of Pauline,https://www.imdb.com/title/tt0062117/?ref_=sr_t_273,1967,1h 47m,Approved,5.6,330
274. The Gruesome Twosome,https://www.imdb.com/title/tt0061733/?ref_=sr_t_274,1967,1h 12m,Not Rated,4.8,1.2K
275. The Panther Women,https://www.imdb.com/title/tt0132340/?ref_=sr_t_275,1967,1h 27m,TV-PG,5.6,161
276. Gappa the Triphibian Monster,https://www.imdb.com/title/tt0061550/?ref_=sr_t_276,1967,1h 30m,PG,4.4,1.8K
"277. War and Peace, Part III: The Year 1812",https://www.imdb.com/title/tt0062455/?ref_=sr_t_277,1967,1h 21m,Not Rated,8.3,1.9K
"278. Susanne, die Wirtin von der Lahn",https://www.imdb.com/title/tt0062499/?ref_=sr_t_278,1967,1h 30m,,4.8,83
279. Theatre of Death,https://www.imdb.com/title/tt0062358/?ref_=sr_t_279,1967,1h 31m,Not Rated,5.7,882
280. Akudôma jûnen,https://www.imdb.com/title/tt0229967/?ref_=sr_t_280,1967,1h 30m,,4.2,9
281. Desert Commandos,https://www.imdb.com/title/tt0061693/?ref_=sr_t_281,1967,1h 36m,PG,5.0,434
282. Dutch Wife in the Desert,https://www.imdb.com/title/tt0201716/?ref_=sr_t_282,1967,1h 25m,NC-17,5.7,551
"283. House of 1,000 Dolls",https://www.imdb.com/title/tt0061451/?ref_=sr_t_283,1967,1h 19m,R,5.0,551
284. Patthar Ke Sanam,https://www.imdb.com/title/tt0176012/?ref_=sr_t_284,1967,2h 16m,Not Rated,6.4,182
285. Two Weeks in September,https://www.imdb.com/title/tt0062534/?ref_=sr_t_285,1967,1h 36m,,5.3,345
286. Choueki juhachi-nen,https://www.imdb.com/title/tt0225390/?ref_=sr_t_286,1967,1h 30m,,7.4,72
287. Aladdin and His Magic Lamp,https://www.imdb.com/title/tt0167482/?ref_=sr_t_287,1967,1h 24m,PG,6.7,694
288. Batman Fights Dracula,https://www.imdb.com/title/tt0061386/?ref_=sr_t_288,1967,,,6.7,120
"289. War and Peace, Part IV: Pierre Bezukhov",https://www.imdb.com/title/tt0062456/?ref_=sr_t_289,1967,1h 40m,Not Rated,8.1,1.8K
290. Dirty Heroes,https://www.imdb.com/title/tt0062855/?ref_=sr_t_290,1967,1h 45m,G,5.1,273
291. Dick Smart 2.007,https://www.imdb.com/title/tt0061570/?ref_=sr_t_291,1967,1h 42m,,5.5,83
292. The Outsiders,https://www.imdb.com/title/tt0060201/?ref_=sr_t_292,1967,1h 35m,,7.8,731
293. The Naked Runner,https://www.imdb.com/title/tt0062029/?ref_=sr_t_293,1967,1h 41m,,5.9,573
294. Long Days of Vengeance,https://www.imdb.com/title/tt0060641/?ref_=sr_t_294,1967,2h 3m,,6.2,541
295. Roseanna,https://www.imdb.com/title/tt0062217/?ref_=sr_t_295,1967,1h 44m,,5.2,200
"296. A Minute to Pray, a Second to Die",https://www.imdb.com/title/tt0063308/?ref_=sr_t_296,1967,1h 58m,R,6.3,663
297. Santo vs. the Martian Invasion,https://www.imdb.com/title/tt0060938/?ref_=sr_t_297,1967,1h 32m,,5.3,381
298. The Bobo,https://www.imdb.com/title/tt0061414/?ref_=sr_t_298,1967,1h 45m,Approved,5.5,1K
299. Matchless,https://www.imdb.com/title/tt0060676/?ref_=sr_t_299,1967,1h 44m,Approved,5.2,343
300. Farz,https://www.imdb.com/title/tt0061650/?ref_=sr_t_300,1967,2h 50m,Not Rated,6.2,134
301. Welcome to Hard Times,https://www.imdb.com/title/tt0062482/?ref_=sr_t_301,1967,1h 43m,Approved,5.8,1.7K
302. Su excelencia,https://www.imdb.com/title/tt0061038/?ref_=sr_t_302,1967,2h 13m,Unrated,7.1,656
303. The Harem,https://www.imdb.com/title/tt0063042/?ref_=sr_t_303,1967,1h 36m,,6.5,379
304. A Stranger in Town,https://www.imdb.com/title/tt0060325/?ref_=sr_t_304,1967,1h 26m,R,5.9,767
305. Kolonaki: Diagogi miden,https://www.imdb.com/title/tt0136344/?ref_=sr_t_305,1967,1h 23m,,6.1,104
306. Segretissimo,https://www.imdb.com/title/tt0060961/?ref_=sr_t_306,1967,1h 34m,,5.4,64
"307. Love Affair, or The Case of the Missing Switchboard Operator",https://www.imdb.com/title/tt0061912/?ref_=sr_t_307,1967,1h 10m,TV-MA,7.3,2K
308. Oi voskoi,https://www.imdb.com/title/tt0061084/?ref_=sr_t_308,1967,2h,,7.5,487
309. Raaz,https://www.imdb.com/title/tt0206238/?ref_=sr_t_309,1967,2h 19m,,6.0,181
310. Det største spillet,https://www.imdb.com/title/tt0062313/?ref_=sr_t_310,1967,2h 9m,,6.6,74
311. The Acid Eaters,https://www.imdb.com/title/tt0061329/?ref_=sr_t_311,1967,1h 2m,Not Rated,3.6,298
312. Help Its Vengos Visible Agent '000',https://www.imdb.com/title/tt0123313/?ref_=sr_t_312,1967,1h 29m,,8.2,1.5K
313. Japan's Longest Day,https://www.imdb.com/title/tt0062041/?ref_=sr_t_313,1967,2h 37m,,7.7,1.1K
314. The Christmas Kid,https://www.imdb.com/title/tt0061844/?ref_=sr_t_314,1967,1h 30m,,5.4,71
315. The Blue Beads from Greece,https://www.imdb.com/title/tt0136559/?ref_=sr_t_315,1967,1h 34m,,6.3,749
316. The Terrornauts,https://www.imdb.com/title/tt0062355/?ref_=sr_t_316,1967,1h 15m,,4.8,686
"317. Spy Today, Die Tomorrow",https://www.imdb.com/title/tt0061982/?ref_=sr_t_317,1967,1h 48m,,3.4,231
318. A Certain Killer,https://www.imdb.com/title/tt0220315/?ref_=sr_t_318,1967,1h 22m,,6.7,243
319. Livet är stenkul,https://www.imdb.com/title/tt0061911/?ref_=sr_t_319,1967,1h 24m,,5.3,91
320. L'occhio selvaggio,https://www.imdb.com/title/tt0062063/?ref_=sr_t_320,1967,1h 38m,,6.6,187
321. The Three Fantastic Supermen,https://www.imdb.com/title/tt0061646/?ref_=sr_t_321,1967,1h 34m,PG,5.6,268
"322. Yongary, Monster from the Deep",https://www.imdb.com/title/tt0061549/?ref_=sr_t_322,1967,1h 20m,PG,3.8,1.8K
323. La perra,https://www.imdb.com/title/tt0062119/?ref_=sr_t_323,1967,1h 30m,,5.7,15
324. The Brick Dollhouse,https://www.imdb.com/title/tt0131986/?ref_=sr_t_324,1967,55m,Unrated,4.0,173
325. Les risques du métier,https://www.imdb.com/title/tt0062204/?ref_=sr_t_325,1967,1h 45m,,7.1,640
326. Shock Troops,https://www.imdb.com/title/tt0062416/?ref_=sr_t_326,1967,1h 50m,Approved,7.0,858
327. An Evening in Paris,https://www.imdb.com/title/tt0074503/?ref_=sr_t_327,1967,2h 48m,Not Rated,6.5,409
328. Cjamango,https://www.imdb.com/title/tt0165688/?ref_=sr_t_328,1967,1h 30m,,5.5,349
329. The Cool Ones,https://www.imdb.com/title/tt0061514/?ref_=sr_t_329,1967,1h 35m,Approved,4.4,424
330. Mini-Skirt Love,https://www.imdb.com/title/tt0061980/?ref_=sr_t_330,1967,1h 14m,,4.7,142
331. The White Bus,https://www.imdb.com/title/tt0061181/?ref_=sr_t_331,1967,46m,Not Rated,6.4,635
332. Jack of Diamonds,https://www.imdb.com/title/tt0061831/?ref_=sr_t_332,1967,1h 48m,Approved,5.2,463
333. Bandidos,https://www.imdb.com/title/tt0062706/?ref_=sr_t_333,1967,1h 30m,PG,6.6,1.1K
334. Arabella,https://www.imdb.com/title/tt0061365/?ref_=sr_t_334,1967,1h 28m,M/PG,5.2,166
335. Sing a Song of Sex,https://www.imdb.com/title/tt0062042/?ref_=sr_t_335,1967,1h 43m,,6.5,925
336. Bullets Don't Come Back,https://www.imdb.com/title/tt0136527/?ref_=sr_t_336,1967,1h 56m,,7.5,253
337. Professionals for a Massacre,https://www.imdb.com/title/tt0062157/?ref_=sr_t_337,1967,1h 29m,,5.6,360
338. The Corrupt Ones,https://www.imdb.com/title/tt0061800/?ref_=sr_t_338,1967,1h 33m,,5.7,246
339. Double Suicide: Japanese Summer,https://www.imdb.com/title/tt0062009/?ref_=sr_t_339,1967,1h 38m,,6.7,917
340. The Thief of Paris,https://www.imdb.com/title/tt0062457/?ref_=sr_t_340,1967,2h,Not Rated,6.8,2.4K
341. Chuka,https://www.imdb.com/title/tt0061477/?ref_=sr_t_341,1967,1h 45m,Approved,6.3,1.1K
342. Spring Night Summer Night,https://www.imdb.com/title/tt0247527/?ref_=sr_t_342,1967,1h 22m,R,7.1,781
343. One-Penny Youth,https://www.imdb.com/title/tt0128346/?ref_=sr_t_343,1967,1h 33m,,6.8,123
344. Fleur d'oseille,https://www.imdb.com/title/tt0175615/?ref_=sr_t_344,1967,1h 40m,,6.1,192
345. Enter Laughing,https://www.imdb.com/title/tt0061626/?ref_=sr_t_345,1967,1h 52m,Approved,6.3,750
346. First to Fight,https://www.imdb.com/title/tt0061667/?ref_=sr_t_346,1967,1h 32m,,5.7,369
347. Caballos de acero,https://www.imdb.com/title/tt0251622/?ref_=sr_t_347,1967,1h 25m,,6.8,18
348. The Karate Killers,https://www.imdb.com/title/tt0061858/?ref_=sr_t_348,1967,1h 29m,Approved,5.3,715
349. S.O.S. Operation Bikini,https://www.imdb.com/title/tt0242830/?ref_=sr_t_349,1967,1h 24m,TV-PG,5.3,111
350. Stimulantia,https://www.imdb.com/title/tt0062306/?ref_=sr_t_350,1967,1h 45m,,5.6,298
351. It's a Bikini World,https://www.imdb.com/title/tt0061827/?ref_=sr_t_351,1967,1h 26m,Not Rated,4.7,398
352. Gentle Giant,https://www.imdb.com/title/tt0061703/?ref_=sr_t_352,1967,1h 35m,Approved,6.1,219
353. Bottoms,https://www.imdb.com/title/tt8275062/?ref_=sr_t_353,1967,1h 20m,,4.3,17
354. The Stranger Returns,https://www.imdb.com/title/tt0063747/?ref_=sr_t_354,1967,1h 35m,R,6.2,584
355. Praktor Kitsos... kalei Gastouni,https://www.imdb.com/title/tt0232448/?ref_=sr_t_355,1967,1h 34m,,3.9,13
356. Die Heiden von Kummerow und ihre lustigen Streiche,https://www.imdb.com/title/tt0061755/?ref_=sr_t_356,1967,1h 34m,,6.9,217
357. The Rats Woke Up,https://www.imdb.com/title/tt0061428/?ref_=sr_t_357,1967,1h 19m,,7.6,459
358. The Jokers,https://www.imdb.com/title/tt0060566/?ref_=sr_t_358,1967,1h 34m,,6.6,933
"359. Charlie, the Lonesome Cougar",https://www.imdb.com/title/tt0062793/?ref_=sr_t_359,1967,1h 15m,Approved,6.7,964
360. The Departure,https://www.imdb.com/title/tt0061605/?ref_=sr_t_360,1967,1h 33m,,6.4,1.1K
361. Kill a Dragon,https://www.imdb.com/title/tt0180781/?ref_=sr_t_361,1967,1h 31m,PG-13,4.5,271
362. Island of the Doomed,https://www.imdb.com/title/tt0059215/?ref_=sr_t_362,1967,1h 28m,,4.4,396
363. Los tres mosqueteros de Dios,https://www.imdb.com/title/tt0274984/?ref_=sr_t_363,1967,1h 25m,,6.9,25
364. A Covenant with Death,https://www.imdb.com/title/tt0061525/?ref_=sr_t_364,1967,1h 37m,,6.0,398
365. The Wacky World of Mother Goose,https://www.imdb.com/title/tt0062466/?ref_=sr_t_365,1967,1h 21m,Not Rated,4.9,221
366. The Dirty Outlaws,https://www.imdb.com/title/tt0061563/?ref_=sr_t_366,1967,1h 43m,R,6.3,445
367. The Zoo,https://www.imdb.com/title/tt0061474/?ref_=sr_t_367,1967,2h 5m,Not Rated,7.2,1.2K
368. Battle Beneath the Earth,https://www.imdb.com/title/tt0061387/?ref_=sr_t_368,1967,1h 31m,Approved,4.5,1K
"369. On My Way to the Crusades, I Met a Girl Who...",https://www.imdb.com/title/tt0064167/?ref_=sr_t_369,1967,1h 33m,R,4.7,239
370. Rustom Sohrab,https://www.imdb.com/title/tt0133188/?ref_=sr_t_370,1967,2h 24m,,6.6,40
371. The Adventures of Busty Brown,https://www.imdb.com/title/tt0173620/?ref_=sr_t_371,1967,1h 1m,,4.7,39
372. Tumannost Andromedy,https://www.imdb.com/title/tt0278781/?ref_=sr_t_372,1967,1h 17m,,5.5,355
373. The Empire of Dracula,https://www.imdb.com/title/tt0128266/?ref_=sr_t_373,1967,1h 25m,,5.4,96
374. The Girl and the General,https://www.imdb.com/title/tt0062174/?ref_=sr_t_374,1967,1h 43m,,6.0,237
375. Bob Dylan's Circus Movie,https://www.imdb.com/title/tt12663240/?ref_=sr_t_375,1967,,,,
376. Bhakta Prahlada,https://www.imdb.com/title/tt0247203/?ref_=sr_t_376,1967,2h 31m,,8.2,270
377. La feldmarescialla,https://www.imdb.com/title/tt0061656/?ref_=sr_t_377,1967,1h 50m,,4.6,278
378. Kristove roky,https://www.imdb.com/title/tt0061884/?ref_=sr_t_378,1967,1h 35m,,6.7,261
379. Kandan Karunai,https://www.imdb.com/title/tt0192198/?ref_=sr_t_379,1967,2h 29m,,7.1,94
380. Spiked Heels and Black Nylons,https://www.imdb.com/title/tt0258201/?ref_=sr_t_380,1967,1h 14m,Unrated,4.7,20
381. The Devil's Girls,https://www.imdb.com/title/tt0122222/?ref_=sr_t_381,1967,1h 36m,,6.5,160
382. The Unknown Man of Shandigor,https://www.imdb.com/title/tt0061815/?ref_=sr_t_382,1967,1h 36m,,6.3,264
383. The Busy Body,https://www.imdb.com/title/tt0061431/?ref_=sr_t_383,1967,1h 41m,Not Rated,5.4,389
384. Aurat,https://www.imdb.com/title/tt0061370/?ref_=sr_t_384,1967,2h 29m,Not Rated,7.5,77
385. The Spy in the Green Hat,https://www.imdb.com/title/tt0061020/?ref_=sr_t_385,1967,1h 32m,Not Rated,5.7,583
386. Africa: Texas Style,https://www.imdb.com/title/tt0061334/?ref_=sr_t_386,1967,1h 49m,Approved,5.3,224
387. Gallery of Horror,https://www.imdb.com/title/tt0062193/?ref_=sr_t_387,1967,1h 23m,Not Rated,3.4,842
388. My Body Hungers,https://www.imdb.com/title/tt0057240/?ref_=sr_t_388,1967,1h 20m,Unrated,5.8,51
389. The Sailor from Gibraltar,https://www.imdb.com/title/tt0062225/?ref_=sr_t_389,1967,1h 31m,,6.1,451
390. The Killing Game,https://www.imdb.com/title/tt0061841/?ref_=sr_t_390,1967,1h 31m,,6.3,317
391. Upkar,https://www.imdb.com/title/tt0146335/?ref_=sr_t_391,1967,2h 55m,,7.6,637
392. The Magnificent Two,https://www.imdb.com/title/tt0061938/?ref_=sr_t_392,1967,1h 40m,,5.2,410
393. Wedding in Malinovka,https://www.imdb.com/title/tt0062323/?ref_=sr_t_393,1967,1h 35m,PG,7.3,1.6K
394. The Tale of Tsar Saltan,https://www.imdb.com/title/tt0174207/?ref_=sr_t_394,1967,1h 27m,Not Rated,7.2,522
395. Flashman,https://www.imdb.com/title/tt0061676/?ref_=sr_t_395,1967,1h 36m,,4.7,188
"396. Mädchen, Mädchen",https://www.imdb.com/title/tt0163759/?ref_=sr_t_396,1967,1h 42m,,6.6,150
397. Si quiero,https://www.imdb.com/title/tt0250732/?ref_=sr_t_397,1967,1h 25m,,5.5,11
398. ****,https://www.imdb.com/title/tt0179184/?ref_=sr_t_398,1967,25h,TV-MA,6.2,108
399. 40 Guns to Apache Pass,https://www.imdb.com/title/tt0060048/?ref_=sr_t_399,1967,1h 35m,Approved,5.7,1.2K
400. Elsk... din næste!,https://www.imdb.com/title/tt0129056/?ref_=sr_t_400,1967,1h 40m,,3.8,88
401. The Man with the Balloons,https://www.imdb.com/title/tt0059851/?ref_=sr_t_401,1967,1h 25m,,7.0,370
402. Ballata per un pistolero,https://www.imdb.com/title/tt0061381/?ref_=sr_t_402,1967,1h 38m,,5.8,192
403. Makedonska krvava svadba,https://www.imdb.com/title/tt0179957/?ref_=sr_t_403,1967,1h 43m,,7.9,170
404. Amor en el aire,https://www.imdb.com/title/tt0061351/?ref_=sr_t_404,1967,1h 40m,,5.6,110
405. The Naked Witch,https://www.imdb.com/title/tt0132354/?ref_=sr_t_405,1967,1h 37m,Not Rated,4.8,63
406. Kavalkaran,https://www.imdb.com/title/tt0248131/?ref_=sr_t_406,1967,2h 57m,Not Rated,7.2,36
407. Brigitta,https://www.imdb.com/title/tt0211996/?ref_=sr_t_407,1967,1h 1m,,3.9,111
408. Sor Citroen,https://www.imdb.com/title/tt0062290/?ref_=sr_t_408,1967,1h 27m,,5.2,361
409. Fearless Frank,https://www.imdb.com/title/tt0061654/?ref_=sr_t_409,1967,1h 23m,G,3.8,379
410. I giorni della violenza,https://www.imdb.com/title/tt0061710/?ref_=sr_t_410,1967,1h 45m,,5.6,210
411. Kati kourasmena palikaria,https://www.imdb.com/title/tt0136284/?ref_=sr_t_411,1967,1h 36m,,6.9,622
412. Venus in Furs,https://www.imdb.com/title/tt0062434/?ref_=sr_t_412,1967,1h 5m,Unrated,4.6,147
413. Avenger X,https://www.imdb.com/title/tt0060706/?ref_=sr_t_413,1967,1h 30m,,5.3,110
414. Blood of Ghastly Horror,https://www.imdb.com/title/tt0068291/?ref_=sr_t_414,1967,1h 25m,GP,2.9,782
415. Tammy and the Millionaire,https://www.imdb.com/title/tt0062334/?ref_=sr_t_415,1967,1h 27m,Unrated,5.7,237
"416. Ghosts, Italian Style",https://www.imdb.com/title/tt0063480/?ref_=sr_t_416,1967,1h 32m,G,5.5,606
417. Bokseri idu u raj,https://www.imdb.com/title/tt0179684/?ref_=sr_t_417,1967,1h 28m,,7.6,472
418. Anita,https://www.imdb.com/title/tt0231150/?ref_=sr_t_418,1967,2h 34m,,6.2,164
419. Spree,https://www.imdb.com/title/tt0062299/?ref_=sr_t_419,1967,1h 24m,R,7.6,43
420. Snow Devils,https://www.imdb.com/title/tt0059104/?ref_=sr_t_420,1967,1h 18m,G,3.6,721
421. Strange Rampage,https://www.imdb.com/title/tt0062308/?ref_=sr_t_421,1967,1h 5m,Not Rated,5.5,23
422. Killer Caliber .32,https://www.imdb.com/title/tt0061865/?ref_=sr_t_422,1967,1h 34m,,5.8,346
423. Run Swinger Run!,https://www.imdb.com/title/tt0147299/?ref_=sr_t_423,1967,1h 12m,,5.1,87
424. Die Nibelungen 2. Teil - Kriemhilds Rache,https://www.imdb.com/title/tt0060750/?ref_=sr_t_424,1967,1h 50m,,6.2,622
425. Mr. Mari's Girls,https://www.imdb.com/title/tt0126466/?ref_=sr_t_425,1967,1h 3m,Approved,5.4,99
426. Black Tigress,https://www.imdb.com/title/tt0157936/?ref_=sr_t_426,1967,1h 25m,,4.9,137
427. Wanted,https://www.imdb.com/title/tt0062047/?ref_=sr_t_427,1967,1h 47m,,6.0,486
428. Scattered Clouds,https://www.imdb.com/title/tt0061971/?ref_=sr_t_428,1967,1h 48m,,7.8,1.4K
429. Gunfight in Abilene,https://www.imdb.com/title/tt0061738/?ref_=sr_t_429,1967,1h 26m,Approved,5.7,530
"430. Man, Pride & Vengeance",https://www.imdb.com/title/tt0062424/?ref_=sr_t_430,1967,1h 41m,Not Rated,5.9,792
431. Lust Weekend,https://www.imdb.com/title/tt0061926/?ref_=sr_t_431,1967,1h 10m,,4.7,15
432. The Hardy Boys: The Mystery of the Chinese Junk,https://www.imdb.com/title/tt0202490/?ref_=sr_t_432,1967,1h,,7.6,40
433. Dil Ne Pukara,https://www.imdb.com/title/tt0175566/?ref_=sr_t_433,1967,2h 53m,,6.6,44
434. Ti ho sposato per allegria,https://www.imdb.com/title/tt0062367/?ref_=sr_t_434,1967,1h 40m,X,6.7,90
435. Harlekin és szerelmese,https://www.imdb.com/title/tt0060489/?ref_=sr_t_435,1967,1h 27m,,7.1,32
436. Vedreba,https://www.imdb.com/title/tt0064680/?ref_=sr_t_436,1967,1h 17m,,7.7,920
437. Action Man,https://www.imdb.com/title/tt0061000/?ref_=sr_t_437,1967,1h 35m,,6.4,778
438. Neulovimye mstiteli,https://www.imdb.com/title/tt0060747/?ref_=sr_t_438,1967,1h 18m,,7.3,2K
439. The Living Corpse,https://www.imdb.com/title/tt0360232/?ref_=sr_t_439,1967,1h 43m,Unrated,5.1,540
440. Cop-Out,https://www.imdb.com/title/tt0061515/?ref_=sr_t_440,1967,1h 44m,Approved,5.5,280
441. Rush to Judgment,https://www.imdb.com/title/tt0060920/?ref_=sr_t_441,1967,1h 38m,,7.9,215
442. The Affair,https://www.imdb.com/title/tt0202415/?ref_=sr_t_442,1967,1h 37m,,7.3,452
443. Japanese Erotica: Five Films on Love and Sex from the Japanese Underground of the Experimental Cinema,https://www.imdb.com/title/tt22072406/?ref_=sr_t_443,1967,1h 18m,,,
444. Cottonpickin' Chickenpickers,https://www.imdb.com/title/tt0061522/?ref_=sr_t_444,1967,1h 32m,,4.2,179
445. The Caper of the Golden Bulls,https://www.imdb.com/title/tt0060209/?ref_=sr_t_445,1967,1h 42m,,6.1,219
446. The Jackals,https://www.imdb.com/title/tt0061832/?ref_=sr_t_446,1967,1h 36m,Approved,5.2,330
447. Ram Aur Shyam,https://www.imdb.com/title/tt0062177/?ref_=sr_t_447,1967,2h 51m,Not Rated,7.2,1.1K
448. Professor Lust,https://www.imdb.com/title/tt0242226/?ref_=sr_t_448,1967,1h 35m,,4.3,24
449. The Story of a Three Day Pass,https://www.imdb.com/title/tt0063646/?ref_=sr_t_449,1967,1h 27m,Not Rated,7.2,654
450. The Cape Town Affair,https://www.imdb.com/title/tt0061445/?ref_=sr_t_450,1967,1h 36m,Approved,4.3,489
451. Teenage Mother,https://www.imdb.com/title/tt0061071/?ref_=sr_t_451,1967,1h 18m,GP,4.9,173
452. David Holzman's Diary,https://www.imdb.com/title/tt0062864/?ref_=sr_t_452,1967,1h 14m,Not Rated,6.5,1.9K
453. Balika Badhu,https://www.imdb.com/title/tt0465904/?ref_=sr_t_453,1967,2h 10m,,8.4,37
454. Groom from London,https://www.imdb.com/title/tt0136211/?ref_=sr_t_454,1967,1h 18m,,6.5,565
455. A Rose for Everyone,https://www.imdb.com/title/tt0062216/?ref_=sr_t_455,1967,1h 50m,,6.6,109
456. Ukradená vzducholod,https://www.imdb.com/title/tt0062412/?ref_=sr_t_456,1967,1h 24m,,7.3,699
457. Dark Story of a Japanese Rapist,https://www.imdb.com/title/tt0223801/?ref_=sr_t_457,1967,1h 13m,,5.7,43
458. Un millón en la basura,https://www.imdb.com/title/tt0061977/?ref_=sr_t_458,1967,1h 30m,,6.8,225
459. The Unfortunate Bridegroom,https://www.imdb.com/title/tt0173279/?ref_=sr_t_459,1967,1h 34m,,7.8,222
460. Hostile Guns,https://www.imdb.com/title/tt0061783/?ref_=sr_t_460,1967,1h 31m,Approved,5.4,283
461. The Reluctant Sadist,https://www.imdb.com/title/tt0061837/?ref_=sr_t_461,1967,1h 30m,,5.0,32
462. Milan,https://www.imdb.com/title/tt0061974/?ref_=sr_t_462,1967,2h 50m,Not Rated,6.9,209
463. Electra One,https://www.imdb.com/title/tt0060364/?ref_=sr_t_463,1967,1h 26m,,5.3,106
464. Around the World,https://www.imdb.com/title/tt0061366/?ref_=sr_t_464,1967,2h 58m,,5.5,119
465. A Few Bullets More,https://www.imdb.com/title/tt0061775/?ref_=sr_t_465,1967,1h 25m,G,5.9,145
466. Zatoichi the Outlaw,https://www.imdb.com/title/tt0062518/?ref_=sr_t_466,1967,1h 36m,Not Rated,7.0,1.4K
467. The Assassin,https://www.imdb.com/title/tt0061547/?ref_=sr_t_467,1967,2h 1m,PG-13,6.5,306
468. The Violent Enemy,https://www.imdb.com/title/tt0063781/?ref_=sr_t_468,1967,1h 34m,,6.0,121
469. Kan Kanda Daivam,https://www.imdb.com/title/tt0214833/?ref_=sr_t_469,1967,,,8.4,7
470. Night in London,https://www.imdb.com/title/tt0158026/?ref_=sr_t_470,1967,,,6.6,50
471. The Face of Medusa,https://www.imdb.com/title/tt0232480/?ref_=sr_t_471,1967,1h 30m,,5.9,213
472. The Young Rebel,https://www.imdb.com/title/tt0060227/?ref_=sr_t_472,1967,1h 51m,M,5.6,218
473. Au pan coupé,https://www.imdb.com/title/tt0290137/?ref_=sr_t_473,1967,1h 20m,,7.1,439
474. Le viol,https://www.imdb.com/title/tt0062447/?ref_=sr_t_474,1967,1h 22m,,6.9,85
475. Life with Daddy,https://www.imdb.com/title/tt0123834/?ref_=sr_t_475,1967,1h 49m,,6.3,261
476. Seful sectorului suflete,https://www.imdb.com/title/tt0062247/?ref_=sr_t_476,1967,1h 30m,,6.8,110
477. Man of Steel,https://www.imdb.com/title/tt0263704/?ref_=sr_t_477,1967,1h 21m,Not Rated,6.7,29
478. Maroc 7,https://www.imdb.com/title/tt0061956/?ref_=sr_t_478,1967,1h 31m,Not Rated,5.2,285
479. Åsa-Nisse i agentform,https://www.imdb.com/title/tt0062536/?ref_=sr_t_479,1967,1h 37m,,3.0,113
"480. Don't Wait, Django... Shoot!",https://www.imdb.com/title/tt0063364/?ref_=sr_t_480,1967,1h 28m,,4.6,294
481. If One Is Born a Swine,https://www.imdb.com/title/tt0063813/?ref_=sr_t_481,1967,1h 22m,,5.2,73
482. A Killer's Key,https://www.imdb.com/title/tt0315211/?ref_=sr_t_482,1967,1h 19m,,6.9,72
483. Dim,https://www.imdb.com/title/tt0179770/?ref_=sr_t_483,1967,1h 26m,,7.1,41
484. Mosby's Marauders,https://www.imdb.com/title/tt7000522/?ref_=sr_t_484,1967,1h 20m,,6.2,131
485. A Taste of Blood,https://www.imdb.com/title/tt0062345/?ref_=sr_t_485,1967,1h 57m,Not Rated,4.7,732
"486. Lucky, el intrépido",https://www.imdb.com/title/tt0061339/?ref_=sr_t_486,1967,1h 31m,,5.7,239
487. Tarzan's Jungle Rebellion,https://www.imdb.com/title/tt0059783/?ref_=sr_t_487,1967,1h 34m,G,5.4,45
488. Death at Owell Rock,https://www.imdb.com/title/tt0061995/?ref_=sr_t_488,1967,1h 33m,,5.7,215
489. Seis días para morir,https://www.imdb.com/title/tt0180136/?ref_=sr_t_489,1967,1h 30m,,6.9,50
"490. C'mon, Let's Live a Little",https://www.imdb.com/title/tt0061434/?ref_=sr_t_490,1967,1h 24m,,5.3,90
491. Palki,https://www.imdb.com/title/tt0232260/?ref_=sr_t_491,1967,2h 40m,,5.2,53
492. He and She,https://www.imdb.com/title/tt0136133/?ref_=sr_t_492,1967,1h 35m,,5.0,90
493. The King's Pirate,https://www.imdb.com/title/tt0061867/?ref_=sr_t_493,1967,1h 40m,Approved,5.5,223
494. Toutes folles de lui,https://www.imdb.com/title/tt0062387/?ref_=sr_t_494,1967,1h 40m,,5.8,22
495. Come Spy with Me,https://www.imdb.com/title/tt0061498/?ref_=sr_t_495,1967,1h 25m,Approved,5.6,98
496. Fort Utah,https://www.imdb.com/title/tt0062989/?ref_=sr_t_496,1967,1h 24m,Approved,5.0,329
497. I a Man,https://www.imdb.com/title/tt0220569/?ref_=sr_t_497,1967,1h 39m,,5.8,181
498. Portrait of Jason,https://www.imdb.com/title/tt0062144/?ref_=sr_t_498,1967,1h 45m,Not Rated,7.0,1.5K
499. Cat and Mouse,https://www.imdb.com/title/tt0060583/?ref_=sr_t_499,1967,1h 32m,,6.3,137
500. The Mini-Mob,https://www.imdb.com/title/tt0247522/?ref_=sr_t_500,1967,1h 32m,,7.8,14
