Title,Movie Link,Year,Duration,MPA,Rating,Votes
1. Mary Poppins,https://www.imdb.com/title/tt0058331/?ref_=sr_t_1,1964,2h 19m,G,7.8,191K
2. My Fair Lady,https://www.imdb.com/title/tt0058385/?ref_=sr_t_2,1964,2h 50m,G,7.7,104K
3. Goldfinger,https://www.imdb.com/title/tt0058150/?ref_=sr_t_3,1964,1h 50m,Approved,7.7,207K
4. A Fistful of Dollars,https://www.imdb.com/title/tt0058461/?ref_=sr_t_4,1964,1h 39m,R,7.9,240K
5. A Shot in the Dark,https://www.imdb.com/title/tt0058586/?ref_=sr_t_5,1964,1h 42m,Approved,7.3,32K
6. Dr. Strangelove or: How I Learned to Stop Worrying and Love the Bomb,https://www.imdb.com/title/tt0057012/?ref_=sr_t_6,1964,1h 35m,PG,8.3,532K
"7. Hey There, It's Yogi Bear",https://www.imdb.com/title/tt0154587/?ref_=sr_t_7,1964,1h 29m,G,6.5,1.2K
8. A Hard Day's Night,https://www.imdb.com/title/tt0058182/?ref_=sr_t_8,1964,1h 27m,G,7.5,49K
9. I Am Cuba,https://www.imdb.com/title/tt0058604/?ref_=sr_t_9,1964,2h 21m,Not Rated,8.2,11K
10. Becket,https://www.imdb.com/title/tt0057877/?ref_=sr_t_10,1964,2h 28m,PG-13,7.8,16K
11. The Umbrellas of Cherbourg,https://www.imdb.com/title/tt0058450/?ref_=sr_t_11,1964,1h 31m,Not Rated,7.8,33K
12. Band of Outsiders,https://www.imdb.com/title/tt0057869/?ref_=sr_t_12,1964,1h 35m,Not Rated,7.6,28K
13. That Man from Rio,https://www.imdb.com/title/tt0058203/?ref_=sr_t_13,1964,1h 52m,Not Rated,7.0,6.5K
14. Nothing But a Man,https://www.imdb.com/title/tt0058414/?ref_=sr_t_14,1964,1h 35m,Not Rated,7.9,2.1K
15. Marriage Italian Style,https://www.imdb.com/title/tt0058335/?ref_=sr_t_15,1964,1h 42m,Not Rated,7.4,12K
"16. Black God, White Devil",https://www.imdb.com/title/tt0058006/?ref_=sr_t_16,1964,2h,Not Rated,7.2,5.7K
17. The Soft Skin,https://www.imdb.com/title/tt0058458/?ref_=sr_t_17,1964,1h 53m,Not Rated,7.5,8.6K
18. Zulu,https://www.imdb.com/title/tt0058777/?ref_=sr_t_18,1964,2h 18m,Approved,7.7,44K
19. Santa Claus Conquers the Martians,https://www.imdb.com/title/tt0058548/?ref_=sr_t_19,1964,1h 21m,Not Rated,2.7,13K
20. 633 Squadron,https://www.imdb.com/title/tt0057811/?ref_=sr_t_20,1964,1h 42m,Approved,6.4,4.7K
21. Marnie,https://www.imdb.com/title/tt0058329/?ref_=sr_t_21,1964,2h 10m,PG,7.1,56K
22. What a Way to Go!,https://www.imdb.com/title/tt0058743/?ref_=sr_t_22,1964,1h 51m,Approved,6.9,6.2K
23. The Train,https://www.imdb.com/title/tt0059825/?ref_=sr_t_23,1964,2h 13m,Approved,7.8,20K
24. Onibaba,https://www.imdb.com/title/tt0058430/?ref_=sr_t_24,1964,1h 43m,Not Rated,7.9,23K
25. The Fall of the Roman Empire,https://www.imdb.com/title/tt0058085/?ref_=sr_t_25,1964,3h 8m,Approved,6.7,11K
26. Fantomas,https://www.imdb.com/title/tt0058089/?ref_=sr_t_26,1964,1h 44m,Not Rated,6.9,13K
27. The Night of the Iguana,https://www.imdb.com/title/tt0058404/?ref_=sr_t_27,1964,2h 5m,Approved,7.6,13K
28. Fail Safe,https://www.imdb.com/title/tt0058083/?ref_=sr_t_28,1964,1h 52m,Approved,8.0,25K
29. Father Goose,https://www.imdb.com/title/tt0058092/?ref_=sr_t_29,1964,1h 58m,Approved,7.3,13K
30. Viva Las Vegas,https://www.imdb.com/title/tt0058725/?ref_=sr_t_30,1964,1h 25m,Approved,6.4,9.5K
31. Woman in the Dunes,https://www.imdb.com/title/tt0058625/?ref_=sr_t_31,1964,2h 27m,Not Rated,8.4,24K
32. The Gospel According to St. Matthew,https://www.imdb.com/title/tt0058715/?ref_=sr_t_32,1964,2h 17m,Not Rated,7.6,14K
33. Kwaidan,https://www.imdb.com/title/tt0058279/?ref_=sr_t_33,1964,3h 3m,Not Rated,7.9,21K
34. The Unsinkable Molly Brown,https://www.imdb.com/title/tt0058708/?ref_=sr_t_34,1964,2h 8m,Approved,6.6,4.4K
35. The Third Secret,https://www.imdb.com/title/tt0058649/?ref_=sr_t_35,1964,1h 43m,Approved,6.5,1.4K
"36. Hush...Hush, Sweet Charlotte",https://www.imdb.com/title/tt0058213/?ref_=sr_t_36,1964,2h 13m,Approved,7.5,17K
37. Zorba the Greek,https://www.imdb.com/title/tt0057831/?ref_=sr_t_37,1964,2h 22m,Not Rated,7.6,25K
38. Cheyenne Autumn,https://www.imdb.com/title/tt0057940/?ref_=sr_t_38,1964,2h 34m,Approved,6.7,6.7K
39. Seven Days in May,https://www.imdb.com/title/tt0058576/?ref_=sr_t_39,1964,1h 58m,Approved,7.8,18K
40. Sommer i Tyrol,https://www.imdb.com/title/tt0058600/?ref_=sr_t_40,1964,1h 39m,,6.7,1.1K
41. Carry on Cleo,https://www.imdb.com/title/tt0057918/?ref_=sr_t_41,1964,1h 32m,Not Rated,6.7,5.2K
42. Blood and Black Lace,https://www.imdb.com/title/tt0058567/?ref_=sr_t_42,1964,1h 28m,Not Rated,7.1,14K
43. The Last Man on Earth,https://www.imdb.com/title/tt0058700/?ref_=sr_t_43,1964,1h 26m,Not Rated,6.7,22K
44. Angélique,https://www.imdb.com/title/tt0057846/?ref_=sr_t_44,1964,1h 55m,TV-14,6.7,3.1K
45. First Men in the Moon,https://www.imdb.com/title/tt0058100/?ref_=sr_t_45,1964,1h 43m,Approved,6.5,6.6K
46. Robin and the 7 Hoods,https://www.imdb.com/title/tt0058529/?ref_=sr_t_46,1964,2h 3m,Approved,6.4,5.8K
47. Man's Favorite Sport?,https://www.imdb.com/title/tt0058324/?ref_=sr_t_47,1964,2h,Approved,7.1,6.4K
48. Woman of Straw,https://www.imdb.com/title/tt0058754/?ref_=sr_t_48,1964,2h 2m,Approved,6.8,3.2K
49. Topkapi,https://www.imdb.com/title/tt0058672/?ref_=sr_t_49,1964,2h,Unrated,6.9,11K
50. Red Desert,https://www.imdb.com/title/tt0058003/?ref_=sr_t_50,1964,1h 57m,Not Rated,7.4,18K
51. The Pawnbroker,https://www.imdb.com/title/tt0059575/?ref_=sr_t_51,1964,1h 56m,Approved,7.6,11K
52. The Masque of the Red Death,https://www.imdb.com/title/tt0058333/?ref_=sr_t_52,1964,1h 29m,Not Rated,6.9,17K
53. Joy House,https://www.imdb.com/title/tt0058123/?ref_=sr_t_53,1964,1h 37m,TV-MA,7.0,3.1K
54. The Curse of the Mummy's Tomb,https://www.imdb.com/title/tt0057986/?ref_=sr_t_54,1964,1h 21m,Approved,5.6,3.7K
55. The Naked Kiss,https://www.imdb.com/title/tt0058390/?ref_=sr_t_55,1964,1h 30m,Approved,7.2,9.1K
56. Paris When It Sizzles,https://www.imdb.com/title/tt0058453/?ref_=sr_t_56,1964,1h 50m,Approved,6.3,9.7K
57. Witchcraft,https://www.imdb.com/title/tt0058753/?ref_=sr_t_57,1964,1h 19m,Approved,6.1,1.6K
58. Swingers' Paradise,https://www.imdb.com/title/tt0058755/?ref_=sr_t_58,1964,1h 53m,Not Rated,5.3,339
59. The Incredible Mr. Limpet,https://www.imdb.com/title/tt0058230/?ref_=sr_t_59,1964,1h 39m,G,6.5,6.2K
60. The World of Henry Orient,https://www.imdb.com/title/tt0058756/?ref_=sr_t_60,1964,1h 46m,Approved,6.6,3.9K
61. Magic Christmas Tree,https://www.imdb.com/title/tt0195039/?ref_=sr_t_61,1964,1h,TV-G,2.4,347
62. The Killers,https://www.imdb.com/title/tt0058262/?ref_=sr_t_62,1964,1h 33m,Approved,7.0,9.7K
63. The Americanization of Emily,https://www.imdb.com/title/tt0057840/?ref_=sr_t_63,1964,1h 55m,Approved,7.3,5.9K
64. Sex and the Single Girl,https://www.imdb.com/title/tt0058580/?ref_=sr_t_64,1964,1h 50m,Not Rated,6.4,4.9K
65. The Carpetbaggers,https://www.imdb.com/title/tt0057917/?ref_=sr_t_65,1964,2h 30m,PG,6.5,2.6K
66. This Special Friendship,https://www.imdb.com/title/tt0057842/?ref_=sr_t_66,1964,1h 39m,TV-14,7.6,3.1K
67. Good Neighbor Sam,https://www.imdb.com/title/tt0058153/?ref_=sr_t_67,1964,2h 10m,Approved,6.8,3.3K
"68. Kiss Me, Stupid",https://www.imdb.com/title/tt0058265/?ref_=sr_t_68,1964,2h 5m,PG-13,6.9,8.8K
69. The Moon-Spinners,https://www.imdb.com/title/tt0058371/?ref_=sr_t_69,1964,1h 58m,PG,6.5,3.1K
70. Goodbye Charlie,https://www.imdb.com/title/tt0058154/?ref_=sr_t_70,1964,1h 56m,Approved,6.2,2.2K
"71. Ghidorah, the Three-Headed Monster",https://www.imdb.com/title/tt0058544/?ref_=sr_t_71,1964,1h 25m,Not Rated,6.5,8.4K
72. Castle of Blood,https://www.imdb.com/title/tt0057993/?ref_=sr_t_72,1964,1h 27m,Not Rated,6.8,3K
73. Murder Most Foul,https://www.imdb.com/title/tt0058383/?ref_=sr_t_73,1964,1h 30m,Approved,7.1,6.5K
74. Bedtime Story,https://www.imdb.com/title/tt0057878/?ref_=sr_t_74,1964,1h 39m,Not Rated,6.7,2.5K
75. Circus World,https://www.imdb.com/title/tt0057952/?ref_=sr_t_75,1964,2h 15m,Approved,6.1,3.1K
76. The Long Ships,https://www.imdb.com/title/tt0057259/?ref_=sr_t_76,1964,2h 6m,Not Rated,6.0,3.2K
77. The Black Tulip,https://www.imdb.com/title/tt0058692/?ref_=sr_t_77,1964,1h 55m,,6.6,2.9K
78. The Time Travelers,https://www.imdb.com/title/tt0058659/?ref_=sr_t_78,1964,1h 24m,Approved,5.2,3.3K
79. Send Me No Flowers,https://www.imdb.com/title/tt0058571/?ref_=sr_t_79,1964,1h 40m,Approved,6.9,7.6K
80. Strait-Jacket,https://www.imdb.com/title/tt0058620/?ref_=sr_t_80,1964,1h 33m,Approved,6.8,7K
81. Roustabout,https://www.imdb.com/title/tt0058534/?ref_=sr_t_81,1964,1h 41m,PG,6.0,3.4K
82. Room 13,https://www.imdb.com/title/tt0058773/?ref_=sr_t_82,1964,1h 22m,,6.0,565
83. Russ Meyer's Lorna,https://www.imdb.com/title/tt0058301/?ref_=sr_t_83,1964,1h 18m,Unrated,5.8,1.2K
84. 3 Nuts in Search of a Bolt,https://www.imdb.com/title/tt0057808/?ref_=sr_t_84,1964,1h 19m,Unrated,4.7,261
85. Rio Conchos,https://www.imdb.com/title/tt0058525/?ref_=sr_t_85,1964,1h 47m,Approved,6.6,2.4K
86. The Yellow Rolls-Royce,https://www.imdb.com/title/tt0059927/?ref_=sr_t_86,1964,2h 2m,Approved,6.4,4.1K
87. Bikini Beach,https://www.imdb.com/title/tt0057887/?ref_=sr_t_87,1964,1h 39m,Approved,5.4,1.8K
88. The Horror of Party Beach,https://www.imdb.com/title/tt0058208/?ref_=sr_t_88,1964,1h 18m,Approved,3.3,3.3K
89. Gate of Flesh,https://www.imdb.com/title/tt0058409/?ref_=sr_t_89,1964,1h 30m,Not Rated,7.2,3.5K
90. 36 Hours,https://www.imdb.com/title/tt0057809/?ref_=sr_t_90,1964,1h 55m,Approved,7.3,5K
91. The Evil of Frankenstein,https://www.imdb.com/title/tt0058073/?ref_=sr_t_91,1964,1h 24m,Approved,6.0,4.8K
92. Crypt of the Vampire,https://www.imdb.com/title/tt0057280/?ref_=sr_t_92,1964,1h 25m,Not Rated,5.8,1.3K
93. Kissin' Cousins,https://www.imdb.com/title/tt0057227/?ref_=sr_t_93,1964,1h 36m,Approved,5.3,2.6K
94. Before the Revolution,https://www.imdb.com/title/tt0056371/?ref_=sr_t_94,1964,1h 45m,,6.8,3.2K
95. Robinson Crusoe on Mars,https://www.imdb.com/title/tt0058530/?ref_=sr_t_95,1964,1h 50m,Approved,6.4,7.3K
96. Lilith,https://www.imdb.com/title/tt0058294/?ref_=sr_t_96,1964,1h 54m,Approved,6.8,3.4K
97. The Gorgon,https://www.imdb.com/title/tt0058155/?ref_=sr_t_97,1964,1h 23m,Approved,6.4,7.3K
98. King & Country,https://www.imdb.com/title/tt0058263/?ref_=sr_t_98,1964,1h 26m,Not Rated,7.5,2.6K
99. Guns of Diablo,https://www.imdb.com/title/tt0058167/?ref_=sr_t_99,1964,1h 31m,Not Rated,5.6,911
100. 7 Faces of Dr. Lao,https://www.imdb.com/title/tt0057812/?ref_=sr_t_100,1964,1h 40m,Approved,7.1,5.6K
101. Psyche 59,https://www.imdb.com/title/tt0058499/?ref_=sr_t_101,1964,1h 34m,Approved,6.0,595
102. Two Thousand Maniacs!,https://www.imdb.com/title/tt0058694/?ref_=sr_t_102,1964,1h 23m,Not Rated,5.8,5.4K
103. The Chalk Garden,https://www.imdb.com/title/tt0057933/?ref_=sr_t_103,1964,1h 46m,Approved,7.2,2.7K
104. Behold a Pale Horse,https://www.imdb.com/title/tt0057879/?ref_=sr_t_104,1964,1h 58m,Approved,6.7,2.4K
105. Bullet for a Badman,https://www.imdb.com/title/tt0057905/?ref_=sr_t_105,1964,1h 20m,Approved,6.4,1.1K
106. The Pumpkin Eater,https://www.imdb.com/title/tt0058500/?ref_=sr_t_106,1964,1h 58m,Not Rated,7.1,3.1K
107. Das Verrätertor,https://www.imdb.com/title/tt0058718/?ref_=sr_t_107,1964,1h 20m,,5.7,445
108. The Curse of the Hidden Vault,https://www.imdb.com/title/tt0058161/?ref_=sr_t_108,1964,1h 30m,,5.5,533
109. Mothra vs. Godzilla,https://www.imdb.com/title/tt0058379/?ref_=sr_t_109,1964,1h 29m,Not Rated,6.5,11K
110. Diary of a Chambermaid,https://www.imdb.com/title/tt0058249/?ref_=sr_t_110,1964,1h 37m,Not Rated,7.4,10K
111. Nightmare,https://www.imdb.com/title/tt0058405/?ref_=sr_t_111,1964,1h 22m,Approved,6.7,2.7K
112. Get Yourself a College Girl,https://www.imdb.com/title/tt0161612/?ref_=sr_t_112,1964,1h 27m,Approved,4.9,541
113. The Gendarme of Saint-Tropez,https://www.imdb.com/title/tt0058135/?ref_=sr_t_113,1964,1h 30m,,7.1,14K
114. Children of the Damned,https://www.imdb.com/title/tt0056931/?ref_=sr_t_114,1964,1h 29m,Approved,6.2,5.2K
115. Seduced and Abandoned,https://www.imdb.com/title/tt0058564/?ref_=sr_t_115,1964,1h 55m,Not Rated,7.9,4K
116. The Incredibly Strange Creatures Who Stopped Living and Became Mixed-Up Zombies!!?,https://www.imdb.com/title/tt0057181/?ref_=sr_t_116,1964,1h 22m,Not Rated,2.3,5.4K
117. Murder Ahoy,https://www.imdb.com/title/tt0058382/?ref_=sr_t_117,1964,1h 33m,Approved,7.0,6K
118. The Pleasure Seekers,https://www.imdb.com/title/tt0058479/?ref_=sr_t_118,1964,1h 47m,Approved,5.6,794
119. Muscle Beach Party,https://www.imdb.com/title/tt0058384/?ref_=sr_t_119,1964,1h 35m,Approved,5.2,1.8K
120. Fate Is the Hunter,https://www.imdb.com/title/tt0058091/?ref_=sr_t_120,1964,1h 46m,Approved,6.8,2K
121. The Long Hair of Death,https://www.imdb.com/title/tt0058307/?ref_=sr_t_121,1964,1h 36m,Not Rated,6.3,1.9K
122. The Best Man,https://www.imdb.com/title/tt0057883/?ref_=sr_t_122,1964,1h 42m,Approved,7.6,3.9K
123. Carry on Spying,https://www.imdb.com/title/tt0057920/?ref_=sr_t_123,1964,1h 27m,,6.2,3.2K
124. Kitten with a Whip,https://www.imdb.com/title/tt0058267/?ref_=sr_t_124,1964,1h 23m,Approved,5.2,1.6K
125. The Strangler,https://www.imdb.com/title/tt0058622/?ref_=sr_t_125,1964,1h 29m,Approved,6.6,1.3K
126. The Visit,https://www.imdb.com/title/tt0058724/?ref_=sr_t_126,1964,1h 40m,Not Rated,7.4,2.1K
127. The Secret Invasion,https://www.imdb.com/title/tt0058561/?ref_=sr_t_127,1964,1h 35m,Approved,5.8,1.4K
128. The Disorderly Orderly,https://www.imdb.com/title/tt0058018/?ref_=sr_t_128,1964,1h 30m,Approved,6.3,3.5K
129. The Night Walker,https://www.imdb.com/title/tt0058403/?ref_=sr_t_129,1964,1h 26m,Approved,6.3,2.6K
130. Tintin and the Blue Oranges,https://www.imdb.com/title/tt0058663/?ref_=sr_t_130,1964,1h 45m,,4.8,1.2K
131. Gertrud,https://www.imdb.com/title/tt0058138/?ref_=sr_t_131,1964,1h 56m,Not Rated,7.3,7K
132. A Married Woman,https://www.imdb.com/title/tt0058701/?ref_=sr_t_132,1964,1h 34m,Not Rated,7.1,4.5K
133. Apache Rifles,https://www.imdb.com/title/tt0057851/?ref_=sr_t_133,1964,1h 32m,Approved,6.4,3.4K
134. Seance on a Wet Afternoon,https://www.imdb.com/title/tt0058557/?ref_=sr_t_134,1964,1h 55m,,7.6,7.7K
135. Lady in a Cage,https://www.imdb.com/title/tt0058283/?ref_=sr_t_135,1964,1h 34m,Approved,6.7,3.9K
136. Invitation to a Gunfighter,https://www.imdb.com/title/tt0058238/?ref_=sr_t_136,1964,1h 32m,Not Rated,6.3,2.4K
137. Firelight,https://www.imdb.com/title/tt0059181/?ref_=sr_t_137,1964,2h 20m,,5.5,474
138. Emil and the Detectives,https://www.imdb.com/title/tt0058056/?ref_=sr_t_138,1964,1h 39m,Approved,6.1,864
139. The Winston Affair,https://www.imdb.com/title/tt0058323/?ref_=sr_t_139,1964,1h 34m,Approved,6.6,916
"140. Lana, Queen of the Amazons",https://www.imdb.com/title/tt0058285/?ref_=sr_t_140,1964,1h 19m,,4.1,140
141. Ensign Pulver,https://www.imdb.com/title/tt0058060/?ref_=sr_t_141,1964,1h 44m,Approved,5.9,1.8K
142. Loving Couples,https://www.imdb.com/title/tt0058780/?ref_=sr_t_142,1964,1h 58m,Not Rated,6.6,819
143. Pajama Party,https://www.imdb.com/title/tt0058440/?ref_=sr_t_143,1964,1h 22m,Approved,4.9,1.3K
144. Circle of Love,https://www.imdb.com/title/tt0058533/?ref_=sr_t_144,1964,1h 50m,Not Rated,5.5,673
145. All These Women,https://www.imdb.com/title/tt0058124/?ref_=sr_t_145,1964,1h 20m,Not Rated,5.4,2.6K
146. The Mysterious Magician,https://www.imdb.com/title/tt0058191/?ref_=sr_t_146,1964,1h 35m,,6.6,1.7K
147. The Brass Bottle,https://www.imdb.com/title/tt0057897/?ref_=sr_t_147,1964,1h 29m,Approved,6.3,1K
148. McHale's Navy,https://www.imdb.com/title/tt0058336/?ref_=sr_t_148,1964,1h 33m,Approved,6.4,1.2K
149. The Tomb of Ligeia,https://www.imdb.com/title/tt0059821/?ref_=sr_t_149,1964,1h 22m,Approved,6.4,7.1K
150. Dr. Sex,https://www.imdb.com/title/tt0058037/?ref_=sr_t_150,1964,1h 3m,,3.8,256
151. Kiss Me Quick!,https://www.imdb.com/title/tt0058264/?ref_=sr_t_151,1964,1h 6m,X,4.7,420
152. The Curse of the Living Corpse,https://www.imdb.com/title/tt0057985/?ref_=sr_t_152,1964,1h 24m,Approved,5.3,891
153. Pale Flower,https://www.imdb.com/title/tt0056327/?ref_=sr_t_153,1964,1h 36m,Not Rated,7.7,4.6K
154. East of Sudan,https://www.imdb.com/title/tt0060362/?ref_=sr_t_154,1964,1h 25m,Approved,5.0,291
155. Lemonade Joe,https://www.imdb.com/title/tt0058275/?ref_=sr_t_155,1964,1h 24m,,7.4,3.1K
156. The Flesh Eaters,https://www.imdb.com/title/tt0058101/?ref_=sr_t_156,1964,1h 27m,Unrated,5.7,1.5K
157. At Midnight I'll Take Your Soul,https://www.imdb.com/title/tt0059440/?ref_=sr_t_157,1964,1h 24m,,6.9,4.1K
158. Ride the Wild Surf,https://www.imdb.com/title/tt0058523/?ref_=sr_t_158,1964,1h 41m,TV-G,5.8,818
159. The 7th Dawn,https://www.imdb.com/title/tt0057813/?ref_=sr_t_159,1964,2h 3m,Not Rated,6.4,1.2K
160. The Magnificent Cuckold,https://www.imdb.com/title/tt0058316/?ref_=sr_t_160,1964,1h 57m,,6.8,798
161. The Confession,https://www.imdb.com/title/tt0057961/?ref_=sr_t_161,1964,1h 36m,GP,3.7,165
162. Of Human Bondage,https://www.imdb.com/title/tt0058425/?ref_=sr_t_162,1964,1h 40m,Approved,6.5,1.1K
163. The Girl-Getters,https://www.imdb.com/title/tt0060461/?ref_=sr_t_163,1964,1h 33m,Not Rated,6.6,903
164. Hamlet,https://www.imdb.com/title/tt0058126/?ref_=sr_t_164,1964,2h 20m,Not Rated,8.2,3K
165. Love Meetings,https://www.imdb.com/title/tt0057960/?ref_=sr_t_165,1964,1h 32m,Not Rated,7.5,2.7K
166. The Leather Boys,https://www.imdb.com/title/tt0057244/?ref_=sr_t_166,1964,1h 48m,Not Rated,7.1,1.1K
167. Winnetou: The Red Gentleman,https://www.imdb.com/title/tt0058751/?ref_=sr_t_167,1964,1h 34m,,6.5,3.7K
168. Agent 38-24-36,https://www.imdb.com/title/tt0058703/?ref_=sr_t_168,1964,1h 50m,,5.5,492
169. The World's Most Beautiful Swindlers,https://www.imdb.com/title/tt0058480/?ref_=sr_t_169,1964,1h 48m,,5.6,556
170. Teenage Strangler,https://www.imdb.com/title/tt0059786/?ref_=sr_t_170,1964,1h 1m,PG-13,2.4,1.1K
171. Where Love Has Gone,https://www.imdb.com/title/tt0058745/?ref_=sr_t_171,1964,1h 54m,Approved,6.1,1.8K
172. The Earth Dies Screaming,https://www.imdb.com/title/tt0058050/?ref_=sr_t_172,1964,1h 2m,Approved,5.8,2.5K
173. Black Like Me,https://www.imdb.com/title/tt0057889/?ref_=sr_t_173,1964,1h 45m,Approved,6.6,779
174. Carry on Jack,https://www.imdb.com/title/tt0057919/?ref_=sr_t_174,1964,1h 31m,Not Rated,5.9,2.7K
175. Dear Heart,https://www.imdb.com/title/tt0057999/?ref_=sr_t_175,1964,1h 54m,Approved,7.2,1.9K
176. Sangam,https://www.imdb.com/title/tt0058547/?ref_=sr_t_176,1964,3h 58m,,7.3,2K
177. Warm Nights and Hot Pleasures,https://www.imdb.com/title/tt0057670/?ref_=sr_t_177,1964,1h 18m,,4.3,73
178. Devil Doll,https://www.imdb.com/title/tt0058007/?ref_=sr_t_178,1964,1h 21m,,4.8,2.6K
179. Russ Meyer's Fanny Hill,https://www.imdb.com/title/tt0058088/?ref_=sr_t_179,1964,1h 44m,GP,4.5,391
180. Amongst Vultures,https://www.imdb.com/title/tt0058709/?ref_=sr_t_180,1964,1h 38m,Approved,5.9,1.9K
181. El padrecito,https://www.imdb.com/title/tt0058438/?ref_=sr_t_181,1964,2h 10m,,7.2,976
182. Crooks in Cloisters,https://www.imdb.com/title/tt0057974/?ref_=sr_t_182,1964,1h 37m,Not Rated,5.4,450
183. Let's Rob the Bank,https://www.imdb.com/title/tt0057051/?ref_=sr_t_183,1964,1h 28m,,6.7,2.7K
184. Three Outlaw Samurai,https://www.imdb.com/title/tt0058652/?ref_=sr_t_184,1964,1h 34m,Not Rated,7.6,4.1K
185. The Thin Red Line,https://www.imdb.com/title/tt0058648/?ref_=sr_t_185,1964,1h 39m,,6.7,866
186. I'd Rather Be Rich,https://www.imdb.com/title/tt0058222/?ref_=sr_t_186,1964,1h 36m,Approved,6.8,469
187. L'insoumis,https://www.imdb.com/title/tt0058232/?ref_=sr_t_187,1964,1h 55m,,7.0,1.1K
188. The Outrage,https://www.imdb.com/title/tt0058437/?ref_=sr_t_188,1964,1h 36m,Approved,6.2,2.6K
189. The Patsy,https://www.imdb.com/title/tt0058456/?ref_=sr_t_189,1964,1h 41m,Approved,6.2,2.6K
"190. One Potato, Two Potato",https://www.imdb.com/title/tt0058429/?ref_=sr_t_190,1964,1h 32m,,7.2,959
191. Night Must Fall,https://www.imdb.com/title/tt0058401/?ref_=sr_t_191,1964,1h 41m,,6.4,1K
192. Guns at Batasi,https://www.imdb.com/title/tt0058166/?ref_=sr_t_192,1964,1h 43m,Approved,7.1,2K
193. Dogora,https://www.imdb.com/title/tt0058698/?ref_=sr_t_193,1964,1h 23m,,5.6,1.1K
194. Nudes on Tiger Reef,https://www.imdb.com/title/tt0134858/?ref_=sr_t_194,1964,1h 4m,,4.5,60
195. Flight from Ashiya,https://www.imdb.com/title/tt0058104/?ref_=sr_t_195,1964,1h 40m,Not Rated,5.4,759
196. The Quick Gun,https://www.imdb.com/title/tt0058507/?ref_=sr_t_196,1964,1h 27m,Approved,5.8,1K
197. Ken,https://www.imdb.com/title/tt0366668/?ref_=sr_t_197,1964,1h 34m,,7.4,408
198. Charulata,https://www.imdb.com/title/tt0057935/?ref_=sr_t_198,1964,1h 57m,Not Rated,8.1,7.5K
199. Looking for Love,https://www.imdb.com/title/tt0059398/?ref_=sr_t_199,1964,1h 25m,Approved,5.7,449
200. Haqeeqat,https://www.imdb.com/title/tt0154565/?ref_=sr_t_200,1964,3h 4m,,7.8,572
201. The Prince and the Nature Girl,https://www.imdb.com/title/tt0187420/?ref_=sr_t_201,1964,1h 10m,Not Rated,4.1,135
202. Hercules Against the Barbarians,https://www.imdb.com/title/tt0183451/?ref_=sr_t_202,1964,1h 36m,Not Rated,4.6,232
203. Strange Voyage,https://www.imdb.com/title/tt0061633/?ref_=sr_t_203,1964,1h 32m,,7.6,1.8K
204. Swastika,https://www.imdb.com/title/tt0058326/?ref_=sr_t_204,1964,1h 31m,,6.8,1.2K
205. Weekend at Dunkirk,https://www.imdb.com/title/tt0058740/?ref_=sr_t_205,1964,1h 59m,Approved,6.9,2K
206. Shock Treatment,https://www.imdb.com/title/tt0058585/?ref_=sr_t_206,1964,1h 34m,Approved,6.6,634
207. The T.A.M.I. Show,https://www.imdb.com/title/tt0058631/?ref_=sr_t_207,1964,2h 3m,,8.2,1K
208. Agent 8 3/4,https://www.imdb.com/title/tt0059282/?ref_=sr_t_208,1964,1h 38m,,6.1,964
209. Greed in the Sun,https://www.imdb.com/title/tt0056917/?ref_=sr_t_209,1964,2h 2m,,7.0,2.8K
210. Italiano brava gente,https://www.imdb.com/title/tt0059323/?ref_=sr_t_210,1964,2h 17m,,7.1,439
211. Server Sundaram,https://www.imdb.com/title/tt0234697/?ref_=sr_t_211,1964,2h 45m,Not Rated,7.9,395
212. Revenge,https://www.imdb.com/title/tt0185842/?ref_=sr_t_212,1964,1h 44m,Not Rated,7.6,588
213. Sin in the Suburbs,https://www.imdb.com/title/tt0056491/?ref_=sr_t_213,1964,1h 28m,Not Rated,6.1,273
214. A Distant Trumpet,https://www.imdb.com/title/tt0058019/?ref_=sr_t_214,1964,1h 57m,Approved,6.3,1.1K
215. The Monster of the Opera,https://www.imdb.com/title/tt0058377/?ref_=sr_t_215,1964,1h 24m,,5.4,266
216. The Castle of the Living Dead,https://www.imdb.com/title/tt0057924/?ref_=sr_t_216,1964,1h 30m,,5.7,1.3K
217. Island of the Blue Dolphins,https://www.imdb.com/title/tt0058241/?ref_=sr_t_217,1964,1h 33m,,6.1,569
218. Night Train to Paris,https://www.imdb.com/title/tt0058402/?ref_=sr_t_218,1964,1h 5m,Approved,5.0,392
219. For Those Who Think Young,https://www.imdb.com/title/tt0058110/?ref_=sr_t_219,1964,1h 36m,Approved,5.2,592
220. The Shape of Night,https://www.imdb.com/title/tt2162278/?ref_=sr_t_220,1964,1h 49m,Not Rated,7.4,230
221. Your Cheatin' Heart,https://www.imdb.com/title/tt0058765/?ref_=sr_t_221,1964,1h 39m,Not Rated,6.5,875
222. Ya shagayu po Moskve,https://www.imdb.com/title/tt0057694/?ref_=sr_t_222,1964,1h 18m,,7.7,3.5K
223. Dog Star Man,https://www.imdb.com/title/tt5896468/?ref_=sr_t_223,1964,1h 18m,,6.2,1.4K
224. Mars na Drinu,https://www.imdb.com/title/tt0172776/?ref_=sr_t_224,1964,1h 47m,,8.4,2K
225. Le ore nude,https://www.imdb.com/title/tt0058434/?ref_=sr_t_225,1964,1h 32m,,6.2,40
226. Shadow of Evil,https://www.imdb.com/title/tt0140834/?ref_=sr_t_226,1964,1h 32m,,5.5,428
227. Sallah Shabati,https://www.imdb.com/title/tt0058541/?ref_=sr_t_227,1964,1h 50m,Not Rated,7.2,1.2K
228. He Rides Tall,https://www.imdb.com/title/tt0058186/?ref_=sr_t_228,1964,1h 24m,Approved,6.0,214
229. A House Is Not a Home,https://www.imdb.com/title/tt0058209/?ref_=sr_t_229,1964,1h 38m,Not Rated,5.8,271
230. Olga's Girls,https://www.imdb.com/title/tt0058427/?ref_=sr_t_230,1964,1h 10m,,5.1,360
231. Hour of Death,https://www.imdb.com/title/tt0057848/?ref_=sr_t_231,1964,1h 38m,,6.2,183
232. Night of the Vampires,https://www.imdb.com/title/tt0058106/?ref_=sr_t_232,1964,1h 26m,Approved,5.4,431
233. Kashmir Ki Kali,https://www.imdb.com/title/tt0058257/?ref_=sr_t_233,1964,2h 48m,Not Rated,6.9,584
"234. Mata Hari, agent H21",https://www.imdb.com/title/tt0059435/?ref_=sr_t_234,1964,1h 38m,,6.2,495
235. Rhino!,https://www.imdb.com/title/tt0058522/?ref_=sr_t_235,1964,1h 31m,,5.5,181
236. The Bargee,https://www.imdb.com/title/tt0057872/?ref_=sr_t_236,1964,1h 42m,Not Rated,6.3,546
237. Day-Dream,https://www.imdb.com/title/tt0058173/?ref_=sr_t_237,1964,1h 32m,,6.1,285
238. Karnan,https://www.imdb.com/title/tt0250461/?ref_=sr_t_238,1964,3h 7m,,8.3,641
239. Dosti,https://www.imdb.com/title/tt0146645/?ref_=sr_t_239,1964,2h 43m,Not Rated,8.5,1.9K
240. Diamonds of the Night,https://www.imdb.com/title/tt0058001/?ref_=sr_t_240,1964,1h 7m,Not Rated,7.3,3K
241. Youngblood Hawke,https://www.imdb.com/title/tt0058764/?ref_=sr_t_241,1964,2h 17m,Unrated,6.1,455
242. Old Shatterhand,https://www.imdb.com/title/tt0057380/?ref_=sr_t_242,1964,1h 29m,,6.1,1.9K
243. The Black Torment,https://www.imdb.com/title/tt0057890/?ref_=sr_t_243,1964,1h 25m,Not Rated,5.9,862
244. Face of the Screaming Werewolf,https://www.imdb.com/title/tt0058079/?ref_=sr_t_244,1964,1h,Not Rated,2.7,485
245. Nothing But the Best,https://www.imdb.com/title/tt0058415/?ref_=sr_t_245,1964,1h 39m,,6.6,516
246. Inferno,https://www.imdb.com/title/tt0058059/?ref_=sr_t_246,1964,1h 30m,,,
247. Hamlet,https://www.imdb.com/title/tt0058175/?ref_=sr_t_247,1964,3h 11m,,7.7,541
248. Black Peter,https://www.imdb.com/title/tt0056919/?ref_=sr_t_248,1964,1h 25m,,7.0,3.2K
249. Hercules Against the Moon Men,https://www.imdb.com/title/tt0058311/?ref_=sr_t_249,1964,1h 28m,Unrated,3.0,2K
250. The Thrill Killers,https://www.imdb.com/title/tt0058653/?ref_=sr_t_250,1964,1h 10m,Unrated,5.6,548
251. Minnesota Clay,https://www.imdb.com/title/tt0058202/?ref_=sr_t_251,1964,1h 30m,Not Rated,6.0,977
252. Tres muchachas de Jalisco,https://www.imdb.com/title/tt0237851/?ref_=sr_t_252,1964,1h 40m,,6.1,8
253. The Great Spy Chase,https://www.imdb.com/title/tt0057870/?ref_=sr_t_253,1964,1h 24m,,6.8,2.1K
254. Honeymoon Hotel,https://www.imdb.com/title/tt0058204/?ref_=sr_t_254,1964,1h 29m,Approved,5.1,287
255. The Misadventures of Merlin Jones,https://www.imdb.com/title/tt0058355/?ref_=sr_t_255,1964,1h 31m,G,6.2,877
256. Surf Party,https://www.imdb.com/title/tt0058626/?ref_=sr_t_256,1964,1h 8m,Approved,4.3,325
257. Sinderella and the Golden Bra,https://www.imdb.com/title/tt0058590/?ref_=sr_t_257,1964,1h 21m,,4.3,215
258. Caressed,https://www.imdb.com/title/tt0212542/?ref_=sr_t_258,1964,1h 21m,R,6.7,61
"259. Villa Vennely, Home of Copenhagen Call Girls",https://www.imdb.com/title/tt0133263/?ref_=sr_t_259,1964,1h 21m,,4.2,19
260. Advance to the Rear,https://www.imdb.com/title/tt0057820/?ref_=sr_t_260,1964,1h 40m,Approved,5.9,926
261. Lullaby of Bareland,https://www.imdb.com/title/tt0275481/?ref_=sr_t_261,1964,57m,,5.3,53
262. The Human Duplicators,https://www.imdb.com/title/tt0059290/?ref_=sr_t_262,1964,1h 20m,,3.2,940
263. Backfire!,https://www.imdb.com/title/tt0058785/?ref_=sr_t_263,1964,1h 34m,,6.1,370
264. Mail Order Bride,https://www.imdb.com/title/tt0058318/?ref_=sr_t_264,1964,1h 23m,Approved,6.1,604
265. Intentions of Murder,https://www.imdb.com/title/tt0057829/?ref_=sr_t_265,1964,2h 30m,Not Rated,7.6,1.9K
266. Buffalo Bill,https://www.imdb.com/title/tt0057904/?ref_=sr_t_266,1964,1h 33m,,4.6,227
267. Father of a Soldier,https://www.imdb.com/title/tt0169828/?ref_=sr_t_267,1964,1h 27m,Not Rated,8.3,4.7K
268. Olga's House of Shame,https://www.imdb.com/title/tt0126562/?ref_=sr_t_268,1964,1h 10m,Not Rated,4.1,465
269. Wild and Wonderful,https://www.imdb.com/title/tt0058750/?ref_=sr_t_269,1964,1h 28m,Approved,6.0,373
270. Blood on the Arrow,https://www.imdb.com/title/tt0057891/?ref_=sr_t_270,1964,1h 31m,Approved,5.1,280
271. The Mystery of Thug Island,https://www.imdb.com/title/tt0058131/?ref_=sr_t_271,1964,1h 36m,,5.0,112
272. Girl with Green Eyes,https://www.imdb.com/title/tt0058142/?ref_=sr_t_272,1964,1h 31m,Not Rated,6.9,1.5K
273. Time of Indifference,https://www.imdb.com/title/tt0058231/?ref_=sr_t_273,1964,1h 24m,,6.7,471
274. My Tale Is Hot,https://www.imdb.com/title/tt0126478/?ref_=sr_t_274,1964,1h,Not Rated,4.6,127
275. Woh Kaun Thi?,https://www.imdb.com/title/tt0232960/?ref_=sr_t_275,1964,2h 20m,Not Rated,7.5,1.3K
276. Kisses for My President,https://www.imdb.com/title/tt0058266/?ref_=sr_t_276,1964,1h 53m,Not Rated,5.5,763
"277. Wolves, Pigs and People",https://www.imdb.com/title/tt0300290/?ref_=sr_t_277,1964,1h 35m,,7.4,246
278. The Dungeon of Harrow,https://www.imdb.com/title/tt0042423/?ref_=sr_t_278,1964,1h 26m,Not Rated,3.4,652
279. The Lively Set,https://www.imdb.com/title/tt0058296/?ref_=sr_t_279,1964,1h 35m,Approved,5.8,284
280. Mutiny in Outer Space,https://www.imdb.com/title/tt0059486/?ref_=sr_t_280,1964,1h 22m,,4.9,596
281. Rattle of a Simple Man,https://www.imdb.com/title/tt0058515/?ref_=sr_t_281,1964,1h 36m,,6.7,333
282. The Brig,https://www.imdb.com/title/tt0057899/?ref_=sr_t_282,1964,1h 8m,Not Rated,7.0,312
283. Super rapina a Milano,https://www.imdb.com/title/tt0168201/?ref_=sr_t_283,1964,1h 33m,,5.9,198
284. 491,https://www.imdb.com/title/tt0057810/?ref_=sr_t_284,1964,1h 50m,,5.8,440
285. The Wrestling Women vs. the Aztec Mummy,https://www.imdb.com/title/tt0058304/?ref_=sr_t_285,1964,1h 25m,,4.3,422
286. Flipper's New Adventure,https://www.imdb.com/title/tt0058105/?ref_=sr_t_286,1964,1h 34m,G,6.0,652
287. Empire,https://www.imdb.com/title/tt0196530/?ref_=sr_t_287,1964,8h 5m,,3.7,1.5K
288. To Trap a Spy,https://www.imdb.com/title/tt0061098/?ref_=sr_t_288,1964,1h 32m,Not Rated,6.0,583
289. Das Ungeheuer von London-City,https://www.imdb.com/title/tt0058706/?ref_=sr_t_289,1964,1h 27m,,5.8,290
290. Ferry Cross the Mersey,https://www.imdb.com/title/tt0059175/?ref_=sr_t_290,1964,1h 28m,G,6.7,204
291. It Happened Here,https://www.imdb.com/title/tt0055024/?ref_=sr_t_291,1964,1h 33m,Not Rated,6.7,1.3K
292. White Slaves of Chinatown,https://www.imdb.com/title/tt0129598/?ref_=sr_t_292,1964,1h 12m,,5.0,230
293. Yearning,https://www.imdb.com/title/tt0058349/?ref_=sr_t_293,1964,1h 38m,,8.0,2.2K
294. Starci na chmelu,https://www.imdb.com/title/tt0124888/?ref_=sr_t_294,1964,1h 33m,,7.1,449
295. The Blood Drinkers,https://www.imdb.com/title/tt0060175/?ref_=sr_t_295,1964,1h 28m,GP,5.3,424
296. The New Interns,https://www.imdb.com/title/tt0058398/?ref_=sr_t_296,1964,2h 3m,,6.1,232
297. The Monster of Camp Sunshine or How I Learned to Stop Worrying and Love Nature,https://www.imdb.com/title/tt0126456/?ref_=sr_t_297,1964,1h 14m,,3.9,569
298. The Ape Woman,https://www.imdb.com/title/tt0057006/?ref_=sr_t_298,1964,1h 32m,,7.3,998
299. Games of Desire,https://www.imdb.com/title/tt0063211/?ref_=sr_t_299,1964,1h 30m,,5.2,72
300. Sodrásban,https://www.imdb.com/title/tt0057514/?ref_=sr_t_300,1964,1h 21m,,7.4,745
301. The Mistresses of Dr. Jekyll,https://www.imdb.com/title/tt0058563/?ref_=sr_t_301,1964,1h 30m,Not Rated,5.4,657
302. Einer frisst den anderen,https://www.imdb.com/title/tt0058024/?ref_=sr_t_302,1964,1h 24m,,5.4,330
303. I cento cavalieri,https://www.imdb.com/title/tt0059036/?ref_=sr_t_303,1964,1h 25m,,6.3,220
304. Zindagi,https://www.imdb.com/title/tt0058774/?ref_=sr_t_304,1964,2h 37m,Not Rated,6.2,73
305. The Outlaws Is Coming,https://www.imdb.com/title/tt0059558/?ref_=sr_t_305,1964,1h 28m,Approved,6.0,763
306. The Devil-Ship Pirates,https://www.imdb.com/title/tt0058011/?ref_=sr_t_306,1964,1h 26m,Approved,6.0,949
307. Anthar l'invincibile,https://www.imdb.com/title/tt0058341/?ref_=sr_t_307,1964,1h 33m,Unrated,4.1,306
308. Rajkumar,https://www.imdb.com/title/tt0314557/?ref_=sr_t_308,1964,2h 58m,Not Rated,6.6,230
309. The Pink Pussy: Where Sin Lives,https://www.imdb.com/title/tt0145644/?ref_=sr_t_309,1964,1h 10m,,4.9,53
310. Ayee Milan Ki Bela,https://www.imdb.com/title/tt0233147/?ref_=sr_t_310,1964,2h 26m,,6.5,150
311. Mr. X in Bombay,https://www.imdb.com/title/tt0357926/?ref_=sr_t_311,1964,2h 6m,Not Rated,6.4,150
312. The Starfighters,https://www.imdb.com/title/tt0058615/?ref_=sr_t_312,1964,1h 18m,,1.6,3.5K
313. Birds of Exile,https://www.imdb.com/title/tt0184543/?ref_=sr_t_313,1964,1h 42m,,7.4,1.2K
314. Los novios de mis hijas,https://www.imdb.com/title/tt0272219/?ref_=sr_t_314,1964,1h 33m,PG,7.2,44
"315. Welcome, or No Trespassing",https://www.imdb.com/title/tt0058022/?ref_=sr_t_315,1964,1h 14m,,7.9,3.6K
"316. Tjorven, Batsman, and Moses",https://www.imdb.com/title/tt0058666/?ref_=sr_t_316,1964,1h 32m,,6.4,1.1K
317. The Comedy Man,https://www.imdb.com/title/tt0056942/?ref_=sr_t_317,1964,1h 32m,Approved,6.8,333
318. The Luck of Ginger Coffey,https://www.imdb.com/title/tt0058305/?ref_=sr_t_318,1964,1h 40m,,6.8,407
319. Moonshine Mountain,https://www.imdb.com/title/tt0058372/?ref_=sr_t_319,1964,1h 25m,Not Rated,4.3,390
320. Pyro... The Thing Without a Face,https://www.imdb.com/title/tt0057082/?ref_=sr_t_320,1964,1h 39m,Not Rated,5.7,301
321. A Tale of Lost Times,https://www.imdb.com/title/tt0166804/?ref_=sr_t_321,1964,1h 25m,,7.1,671
322. The Cat in the Bag,https://www.imdb.com/title/tt0057937/?ref_=sr_t_322,1964,1h 14m,,7.4,512
323. A Fool's World,https://www.imdb.com/title/tt0172815/?ref_=sr_t_323,1964,1h 33m,Not Rated,4.3,279
324. Everybody Loves It,https://www.imdb.com/title/tt0233670/?ref_=sr_t_324,1964,1h 8m,,4.8,20
325. Taggart,https://www.imdb.com/title/tt0058633/?ref_=sr_t_325,1964,1h 25m,Approved,5.8,421
326. Lola,https://www.imdb.com/title/tt0127665/?ref_=sr_t_326,1964,1h 44m,,7.7,782
327. Beti Bete,https://www.imdb.com/title/tt0057884/?ref_=sr_t_327,1964,2h 25m,Not Rated,7.1,45
328. De l'amour,https://www.imdb.com/title/tt0059089/?ref_=sr_t_328,1964,1h 30m,,6.3,164
329. The Girl and the Echo,https://www.imdb.com/title/tt0194918/?ref_=sr_t_329,1964,59m,,7.7,423
330. The Guns of August,https://www.imdb.com/title/tt0132998/?ref_=sr_t_330,1964,1h 40m,,7.6,297
331. Cruel Gun Story,https://www.imdb.com/title/tt1446089/?ref_=sr_t_331,1964,1h 27m,,7.2,1.3K
332. A Tiger Walks,https://www.imdb.com/title/tt0058657/?ref_=sr_t_332,1964,1h 31m,Approved,6.2,415
333. Mozambique,https://www.imdb.com/title/tt0059475/?ref_=sr_t_333,1964,1h 38m,Not Rated,5.3,298
334. The Young Lovers,https://www.imdb.com/title/tt0058763/?ref_=sr_t_334,1964,1h 49m,Approved,5.3,205
335. Panic Button,https://www.imdb.com/title/tt0058446/?ref_=sr_t_335,1964,1h 30m,Not Rated,5.1,199
336. The Counterfeit Constable,https://www.imdb.com/title/tt0057834/?ref_=sr_t_336,1964,1h 30m,,6.2,302
337. Skok do tmy,https://www.imdb.com/title/tt1478285/?ref_=sr_t_337,1964,1h 32m,,6.2,12
338. Ring of Treason,https://www.imdb.com/title/tt0057458/?ref_=sr_t_338,1964,1h 30m,,6.6,506
339. Nobody Waved Good-bye,https://www.imdb.com/title/tt0059515/?ref_=sr_t_339,1964,1h 20m,,7.0,357
340. What's Happening! The Beatles in the U.S.A.,https://www.imdb.com/title/tt0058744/?ref_=sr_t_340,1964,1h 10m,,7.3,129
341. A Funny Boss,https://www.imdb.com/title/tt0058704/?ref_=sr_t_341,1964,1h 35m,,6.0,619
342. Die goldene Gans,https://www.imdb.com/title/tt0183126/?ref_=sr_t_342,1964,1h 7m,,6.4,326
343. Das 7. Opfer,https://www.imdb.com/title/tt0058587/?ref_=sr_t_343,1964,1h 33m,,5.8,217
344. Bhargavi Nilayam,https://www.imdb.com/title/tt0213512/?ref_=sr_t_344,1964,2h 55m,,7.9,166
345. La donna è una cosa meravigliosa,https://www.imdb.com/title/tt0058031/?ref_=sr_t_345,1964,1h 30m,,6.0,45
346. Batman Dracula,https://www.imdb.com/title/tt0057875/?ref_=sr_t_346,1964,54m,Approved,4.7,196
347. Flight to Fury,https://www.imdb.com/title/tt0060418/?ref_=sr_t_347,1964,1h 20m,,5.4,315
348. Simbad contro i sette saraceni,https://www.imdb.com/title/tt0058589/?ref_=sr_t_348,1964,1h 20m,,4.2,166
349. Los amores de Marieta - Los Fabulosos 20s,https://www.imdb.com/title/tt0210500/?ref_=sr_t_349,1964,1h 30m,,4.3,11
350. Bullets Don't Argue,https://www.imdb.com/title/tt0058475/?ref_=sr_t_350,1964,1h 29m,,5.8,298
351. Malamondo,https://www.imdb.com/title/tt0058321/?ref_=sr_t_351,1964,1h 50m,,6.5,67
352. The Flying Saucer,https://www.imdb.com/title/tt0058017/?ref_=sr_t_352,1964,1h 34m,,5.8,324
353. Spartacus and the Ten Gladiators,https://www.imdb.com/title/tt0058605/?ref_=sr_t_353,1964,1h 39m,,4.3,273
354. Zatoichi's Flashing Sword,https://www.imdb.com/title/tt0191664/?ref_=sr_t_354,1964,1h 30m,Not Rated,7.2,1.8K
355. L'âge ingrat,https://www.imdb.com/title/tt0185786/?ref_=sr_t_355,1964,1h 35m,,5.8,296
356. Don't Cry Peter,https://www.imdb.com/title/tt0058394/?ref_=sr_t_356,1964,1h 32m,,8.1,801
357. The Main Chance,https://www.imdb.com/title/tt1730155/?ref_=sr_t_357,1964,1h 1m,,5.7,79
358. It's Hot on Sin Island,https://www.imdb.com/title/tt0141402/?ref_=sr_t_358,1964,1h 2m,Unrated,4.4,14
359. Bebo's Girl,https://www.imdb.com/title/tt0057444/?ref_=sr_t_359,1964,1h 46m,,6.9,542
360. Giants of Rome,https://www.imdb.com/title/tt0058140/?ref_=sr_t_360,1964,1h 35m,Not Rated,4.9,308
361. Hercules and the Tyrants of Babylon,https://www.imdb.com/title/tt0058063/?ref_=sr_t_361,1964,1h 26m,Unrated,4.3,588
362. Daniel Barrion,https://www.imdb.com/title/tt5210620/?ref_=sr_t_362,1964,,,,
363. Suhagan,https://www.imdb.com/title/tt0215219/?ref_=sr_t_363,1964,,,6.4,27
364. FX 18,https://www.imdb.com/title/tt0057966/?ref_=sr_t_364,1964,1h 35m,,5.1,112
365. Law of the Lawless,https://www.imdb.com/title/tt0058286/?ref_=sr_t_365,1964,1h 27m,Approved,6.0,423
366. The Fog,https://www.imdb.com/title/tt0058270/?ref_=sr_t_366,1964,2h 33m,,6.9,167
367. The Young Nun,https://www.imdb.com/title/tt0209389/?ref_=sr_t_367,1964,1h 37m,,4.0,14
368. Dear John,https://www.imdb.com/title/tt0058281/?ref_=sr_t_368,1964,1h 55m,,6.4,414
369. I pirati della Malesia,https://www.imdb.com/title/tt0058473/?ref_=sr_t_369,1964,1h 50m,Not Rated,5.3,346
370. Bláznova kronika,https://www.imdb.com/title/tt0057894/?ref_=sr_t_370,1964,1h 22m,,7.2,548
371. The Golden Cockerel,https://www.imdb.com/title/tt0058125/?ref_=sr_t_371,1964,1h 45m,Not Rated,7.3,288
"372. Maciste, gladiatore di Sparta",https://www.imdb.com/title/tt0058312/?ref_=sr_t_372,1964,1h 43m,Approved,4.7,241
373. The Two Gladiators,https://www.imdb.com/title/tt0058043/?ref_=sr_t_373,1964,1h 40m,,5.0,181
"374. Code 7, Victim 5",https://www.imdb.com/title/tt0058632/?ref_=sr_t_374,1964,1h 29m,Not Rated,5.3,369
375. Aao Pyar Karen,https://www.imdb.com/title/tt0057815/?ref_=sr_t_375,1964,2h 2m,,6.4,27
376. Egoismos,https://www.imdb.com/title/tt0135406/?ref_=sr_t_376,1964,1h 25m,,5.9,110
377. I Will Treat You Like a Queen,https://www.imdb.com/title/tt0181052/?ref_=sr_t_377,1964,1h 33m,,7.7,1K
378. Oh! Those Most Secret Agents,https://www.imdb.com/title/tt0058885/?ref_=sr_t_378,1964,1h 29m,,5.6,199
379. Rodnaya krov,https://www.imdb.com/title/tt0130223/?ref_=sr_t_379,1964,1h 23m,,7.4,110
380. Aap Ki Parchhaiyan,https://www.imdb.com/title/tt0233145/?ref_=sr_t_380,1964,2h 8m,Not Rated,6.7,55
381. Secret of the Sphinx,https://www.imdb.com/title/tt0123262/?ref_=sr_t_381,1964,1h 35m,,5.6,60
382. Everything for the Woman,https://www.imdb.com/title/tt0122375/?ref_=sr_t_382,1964,1h 30m,,5.7,90
383. The Big Scare,https://www.imdb.com/title/tt0058159/?ref_=sr_t_383,1964,1h 25m,,6.3,564
384. Il magnifico gladiatore,https://www.imdb.com/title/tt0290240/?ref_=sr_t_384,1964,1h 35m,,5.3,110
385. Smokescreen,https://www.imdb.com/title/tt0058596/?ref_=sr_t_385,1964,1h 10m,,6.9,537
386. High Infidelity,https://www.imdb.com/title/tt0057837/?ref_=sr_t_386,1964,2h,,6.5,138
387. Door Ki Awaz,https://www.imdb.com/title/tt0214639/?ref_=sr_t_387,1964,2h 15m,,6.3,43
388. War of the Zombies,https://www.imdb.com/title/tt0134061/?ref_=sr_t_388,1964,1h 38m,,4.6,203
389. Young Fury,https://www.imdb.com/title/tt0059932/?ref_=sr_t_389,1964,1h 20m,Approved,5.5,288
390. Couch,https://www.imdb.com/title/tt0215674/?ref_=sr_t_390,1964,54m,,5.6,90
391. The Yellow One,https://www.imdb.com/title/tt0058553/?ref_=sr_t_391,1964,1h 58m,,5.8,958
392. Cyrano et d'Artagnan,https://www.imdb.com/title/tt0057988/?ref_=sr_t_392,1964,2h 25m,,6.2,244
393. Astro Boy,https://www.imdb.com/title/tt0185719/?ref_=sr_t_393,1964,1h 25m,,7.2,121
394. Gunfighters of Casa Grande,https://www.imdb.com/title/tt0057122/?ref_=sr_t_394,1964,1h 30m,Approved,4.6,194
"395. Sandy, the Reluctant Nature Girl",https://www.imdb.com/title/tt0166787/?ref_=sr_t_395,1964,47m,,6.1,14
396. Stage to Thunder Rock,https://www.imdb.com/title/tt0058612/?ref_=sr_t_396,1964,1h 22m,Approved,5.7,216
397. French Dressing,https://www.imdb.com/title/tt0057073/?ref_=sr_t_397,1964,1h 26m,Not Rated,6.0,464
398. What's Up Front!,https://www.imdb.com/title/tt0057679/?ref_=sr_t_398,1964,1h 23m,Not Rated,3.9,57
399. Kadalikka Neramillai,https://www.imdb.com/title/tt0322902/?ref_=sr_t_399,1964,2h 39m,Not Rated,8.2,447
400. Gonks Go Beat,https://www.imdb.com/title/tt0059237/?ref_=sr_t_400,1964,1h 30m,,4.4,199
401. Male Hunt,https://www.imdb.com/title/tt0057936/?ref_=sr_t_401,1964,1h 31m,,6.3,642
402. A Yank in Viet-Nam,https://www.imdb.com/title/tt0058761/?ref_=sr_t_402,1964,1h 20m,,6.6,58
403. Behind the Nudist Curtain,https://www.imdb.com/title/tt0186864/?ref_=sr_t_403,1964,1h 11m,Not Rated,4.9,15
404. Gazal,https://www.imdb.com/title/tt0139237/?ref_=sr_t_404,1964,2h 9m,Not Rated,7.4,57
405. Mark of the Tortoise,https://www.imdb.com/title/tt0058737/?ref_=sr_t_405,1964,1h 30m,,6.0,298
406. Dandelions by the Roots,https://www.imdb.com/title/tt0057414/?ref_=sr_t_406,1964,1h 35m,,5.8,719
407. Back Door to Hell,https://www.imdb.com/title/tt0057864/?ref_=sr_t_407,1964,1h 15m,Approved,5.2,944
408. Father Came Too!,https://www.imdb.com/title/tt0057055/?ref_=sr_t_408,1964,1h 31m,,6.2,350
409. Das Geheimnis der chinesischen Nelke,https://www.imdb.com/title/tt0058132/?ref_=sr_t_409,1964,1h 30m,,5.8,136
410. Death on the Fourposter,https://www.imdb.com/title/tt0058000/?ref_=sr_t_410,1964,1h 30m,,5.0,211
411. Leader,https://www.imdb.com/title/tt0058287/?ref_=sr_t_411,1964,2h 56m,,7.2,244
412. Dulha Dulhan,https://www.imdb.com/title/tt0058045/?ref_=sr_t_412,1964,2h 21m,,7.3,108
413. Apache Fury,https://www.imdb.com/title/tt0058198/?ref_=sr_t_413,1964,1h 30m,,5.0,115
414. Primitive Love,https://www.imdb.com/title/tt0057844/?ref_=sr_t_414,1964,1h 23m,,4.2,227
415. Hell of Borneo,https://www.imdb.com/title/tt0060500/?ref_=sr_t_415,1964,1h 36m,,4.3,83
"416. ¡Buenas noches, año nuevo!",https://www.imdb.com/title/tt0057903/?ref_=sr_t_416,1964,1h 52m,,6.4,30
417. Men and Women,https://www.imdb.com/title/tt0189814/?ref_=sr_t_417,1964,1h 33m,,7.5,667
418. O teleftaios peirasmos,https://www.imdb.com/title/tt0232778/?ref_=sr_t_418,1964,1h 29m,,6.2,37
419. The Last Ride to Santa Cruz,https://www.imdb.com/title/tt0057247/?ref_=sr_t_419,1964,1h 39m,,4.6,146
420. The Battle for Naesbygaard,https://www.imdb.com/title/tt0058255/?ref_=sr_t_420,1964,1h 48m,,5.7,319
421. The Guns,https://www.imdb.com/title/tt0058122/?ref_=sr_t_421,1964,1h 20m,,7.6,777
422. The Assassination,https://www.imdb.com/title/tt0174476/?ref_=sr_t_422,1964,1h 44m,,7.5,489
423. Artist Studio Secrets,https://www.imdb.com/title/tt0131808/?ref_=sr_t_423,1964,1h 10m,,5.1,14
424. Die Goldsucher von Arkansas,https://www.imdb.com/title/tt0058151/?ref_=sr_t_424,1964,1h 38m,,5.2,107
425. Yaadein,https://www.imdb.com/title/tt0058759/?ref_=sr_t_425,1964,1h 53m,,7.4,127
426. Il trionfo dei dieci gladiatori,https://www.imdb.com/title/tt0058688/?ref_=sr_t_426,1964,1h 46m,,4.6,128
427. Strainul,https://www.imdb.com/title/tt0058619/?ref_=sr_t_427,1964,2h 38m,,7.7,82
428. Sleepy Eyes of Death: Sword of Adventure,https://www.imdb.com/title/tt0148935/?ref_=sr_t_428,1964,1h 23m,Not Rated,7.2,305
429. Code Name: Tiger,https://www.imdb.com/title/tt0058658/?ref_=sr_t_429,1964,1h 30m,,4.9,267
430. Mooga Manasulu,https://www.imdb.com/title/tt0261075/?ref_=sr_t_430,1964,2h 44m,,8.5,120
"431. Hercules, Prisoner of Evil",https://www.imdb.com/title/tt0058712/?ref_=sr_t_431,1964,1h 30m,,4.5,264
432. Cherchez l'idole,https://www.imdb.com/title/tt0056927/?ref_=sr_t_432,1964,1h 25m,,6.2,184
433. La Grande Magia,https://www.imdb.com/title/tt8291750/?ref_=sr_t_433,1964,,,7.7,15
434. The Candidate,https://www.imdb.com/title/tt0057911/?ref_=sr_t_434,1964,1h 24m,Not Rated,5.7,97
435. Dark Purpose,https://www.imdb.com/title/tt0058234/?ref_=sr_t_435,1964,1h 37m,Approved,5.2,194
436. Four Days in November,https://www.imdb.com/title/tt0059197/?ref_=sr_t_436,1964,2h 2m,Not Rated,7.5,674
437. The Invincible Brothers Maciste,https://www.imdb.com/title/tt0134747/?ref_=sr_t_437,1964,1h 32m,,5.3,66
438. Honeymoon of Horror,https://www.imdb.com/title/tt0058205/?ref_=sr_t_438,1964,1h 22m,,3.3,91
439. Sleep,https://www.imdb.com/title/tt0187513/?ref_=sr_t_439,1964,5h 21m,,3.5,545
440. Shots Ring Out!,https://www.imdb.com/title/tt0057981/?ref_=sr_t_440,1964,1h 15m,,4.6,66
441. This Is My Street,https://www.imdb.com/title/tt0057577/?ref_=sr_t_441,1964,1h 34m,,6.5,266
442. The Death Ray of Dr. Mabuse,https://www.imdb.com/title/tt0058667/?ref_=sr_t_442,1964,1h 30m,,4.8,445
443. Only on Mondays,https://www.imdb.com/title/tt0322399/?ref_=sr_t_443,1964,1h 34m,,6.7,214
444. Viheltäjät,https://www.imdb.com/title/tt0139717/?ref_=sr_t_444,1964,1h 21m,,5.0,53
445. Just for You,https://www.imdb.com/title/tt0060314/?ref_=sr_t_445,1964,1h 3m,,5.6,81
446. Nihiki no mesu inu,https://www.imdb.com/title/tt0058407/?ref_=sr_t_446,1964,1h 31m,,6.7,8
447. Maratha Tituka Melvava,https://www.imdb.com/title/tt0252687/?ref_=sr_t_447,1964,2h 17m,,9.2,54
448. Deadline for Murder,https://www.imdb.com/title/tt0205284/?ref_=sr_t_448,1964,1h 30m,,4.7,43
449. Naked Shadow,https://www.imdb.com/title/tt0291224/?ref_=sr_t_449,1964,1h 24m,,6.1,23
450. Amfivolies,https://www.imdb.com/title/tt0203292/?ref_=sr_t_450,1964,1h 33m,,6.3,84
451. Monsieur,https://www.imdb.com/title/tt0058369/?ref_=sr_t_451,1964,1h 45m,,6.6,380
452. Male Companion,https://www.imdb.com/title/tt0059840/?ref_=sr_t_452,1964,1h 32m,,6.4,219
453. Sandokan alla riscossa,https://www.imdb.com/title/tt0058545/?ref_=sr_t_453,1964,1h 31m,Not Rated,5.0,125
454. Die lustigen Weiber von Tirol,https://www.imdb.com/title/tt0058308/?ref_=sr_t_454,1964,1h 34m,,5.9,36
"455. Fight, Zatoichi, Fight",https://www.imdb.com/title/tt0123334/?ref_=sr_t_455,1964,1h 27m,Not Rated,7.4,2K
456. Llanto por un bandido,https://www.imdb.com/title/tt0058297/?ref_=sr_t_456,1964,1h 40m,,5.8,221
457. The Finest Hours,https://www.imdb.com/title/tt0058099/?ref_=sr_t_457,1964,1h 56m,,7.2,96
458. Love and Marriage,https://www.imdb.com/title/tt0058225/?ref_=sr_t_458,1964,1h 46m,,5.2,20
459. Sex and the College Girl,https://www.imdb.com/title/tt0058579/?ref_=sr_t_459,1964,1h 30m,,4.0,119
460. Life Upside Down,https://www.imdb.com/title/tt0059874/?ref_=sr_t_460,1964,1h 32m,,7.3,348
461. Erzähl mir nichts,https://www.imdb.com/title/tt0058064/?ref_=sr_t_461,1964,1h 41m,,7.1,14
462. L'autre femme,https://www.imdb.com/title/tt0056842/?ref_=sr_t_462,1964,1h 29m,,4.9,27
463. Signpost to Murder,https://www.imdb.com/title/tt0059718/?ref_=sr_t_463,1964,1h 18m,Approved,6.2,548
464. Seaside Swingers,https://www.imdb.com/title/tt0059691/?ref_=sr_t_464,1964,1h 34m,,5.1,207
465. Pudhiya Paravai,https://www.imdb.com/title/tt0819841/?ref_=sr_t_465,1964,2h 27m,Not Rated,7.9,180
466. Sehrazat,https://www.imdb.com/title/tt0288211/?ref_=sr_t_466,1964,,,5.1,10
467. La juventud se impone,https://www.imdb.com/title/tt0280803/?ref_=sr_t_467,1964,1h 53m,,6.7,24
468. Samson and the Mighty Challenge,https://www.imdb.com/title/tt0059672/?ref_=sr_t_468,1964,1h 40m,,4.8,329
469. So in Love,https://www.imdb.com/title/tt0058229/?ref_=sr_t_469,1964,1h 50m,,6.6,230
470. Shagoon,https://www.imdb.com/title/tt0268631/?ref_=sr_t_470,1964,2h 5m,,6.7,34
471. I maniaci,https://www.imdb.com/title/tt0058325/?ref_=sr_t_471,1964,1h 32m,,5.7,232
472. Something Hot,https://www.imdb.com/title/tt0200767/?ref_=sr_t_472,1964,1h 50m,,6.7,680
473. Frühstück mit dem Tod,https://www.imdb.com/title/tt0058119/?ref_=sr_t_473,1964,1h 24m,,5.9,21
474. La muerte silba un blues,https://www.imdb.com/title/tt0056259/?ref_=sr_t_474,1964,1h 25m,,5.9,233
475. Crazy Wild and Crazy,https://www.imdb.com/title/tt0059067/?ref_=sr_t_475,1964,1h 3m,,4.2,54
476. Adventures of Zatoichi,https://www.imdb.com/title/tt0164984/?ref_=sr_t_476,1964,1h 26m,Not Rated,7.1,1.6K
477. The Son of Caesar and Cleopatra,https://www.imdb.com/title/tt0056510/?ref_=sr_t_477,1964,2h 8m,Not Rated,5.3,154
478. Black Sun,https://www.imdb.com/title/tt0781599/?ref_=sr_t_478,1964,1h 35m,Not Rated,6.7,501
479. Hide and Seek,https://www.imdb.com/title/tt0160362/?ref_=sr_t_479,1964,1h 30m,,5.9,208
480. Tengo 17 años,https://www.imdb.com/title/tt0058641/?ref_=sr_t_480,1964,1h 51m,,6.0,72
481. My Name Is Kozha,https://www.imdb.com/title/tt1804605/?ref_=sr_t_481,1964,1h 26m,,7.5,77
482. Punar Milan,https://www.imdb.com/title/tt0058501/?ref_=sr_t_482,1964,,,7.0,11
483. Holiday in St. Tropez,https://www.imdb.com/title/tt0058197/?ref_=sr_t_483,1964,1h 36m,,5.5,41
484. Under Age,https://www.imdb.com/title/tt0057621/?ref_=sr_t_484,1964,1h 30m,,4.1,41
485. The Horror of It All,https://www.imdb.com/title/tt0057156/?ref_=sr_t_485,1964,1h 15m,Approved,4.8,443
486. Aama,https://www.imdb.com/title/tt1999819/?ref_=sr_t_486,1964,1h 49m,,9.1,62
487. Enchanted Desna,https://www.imdb.com/title/tt0175345/?ref_=sr_t_487,1964,1h 21m,,7.2,240
488. Como dos gotas de agua,https://www.imdb.com/title/tt0056944/?ref_=sr_t_488,1964,1h 32m,,4.3,54
489. The Three Avengers,https://www.imdb.com/title/tt0058651/?ref_=sr_t_489,1964,1h 37m,Not Rated,5.6,82
490. A Home of Your Own,https://www.imdb.com/title/tt0058200/?ref_=sr_t_490,1964,40m,,6.8,179
491. Tarzan and Jane Regained... Sort of,https://www.imdb.com/title/tt0244833/?ref_=sr_t_491,1964,1h 20m,,5.7,56
492. The Glass Cage,https://www.imdb.com/title/tt0058144/?ref_=sr_t_492,1964,1h 24m,,6.4,125
493. Assault on Fort Texan,https://www.imdb.com/title/tt0059778/?ref_=sr_t_493,1964,1h 40m,,4.7,95
494. Tre dollari di piombo,https://www.imdb.com/title/tt0059826/?ref_=sr_t_494,1964,1h 29m,,4.7,65
495. Chitralekha,https://www.imdb.com/title/tt0138360/?ref_=sr_t_495,1964,2h 15m,,7.8,94
496. The Peach Thief,https://www.imdb.com/title/tt0058277/?ref_=sr_t_496,1964,1h 24m,,7.8,991
497. La calda vita,https://www.imdb.com/title/tt0159318/?ref_=sr_t_497,1964,1h 44m,,6.7,153
498. Zatoichi and the Chest of Gold,https://www.imdb.com/title/tt0130377/?ref_=sr_t_498,1964,1h 23m,Not Rated,7.3,1.9K
499. La mia signora,https://www.imdb.com/title/tt0058348/?ref_=sr_t_499,1964,1h 42m,,6.2,220
500. Il gaucho,https://www.imdb.com/title/tt0134668/?ref_=sr_t_500,1964,1h 51m,,6.8,399
