Title,Movie Link,Year,Duration,MPA,Rating,Votes
1. Star Wars: Episode I - The Phantom Menace,https://www.imdb.com/title/tt0120915/?ref_=sr_t_1,1999,2h 16m,PG,6.5,879K
2. The Sixth Sense,https://www.imdb.com/title/tt0167404/?ref_=sr_t_2,1999,1h 47m,PG-13,8.2,1.1M
3. Toy Story 2,https://www.imdb.com/title/tt0120363/?ref_=sr_t_3,1999,1h 32m,G,7.9,636K
4. Austin Powers: The Spy Who Shagged Me,https://www.imdb.com/title/tt0145660/?ref_=sr_t_4,1999,1h 35m,PG-13,6.7,254K
5. The Matrix,https://www.imdb.com/title/tt0133093/?ref_=sr_t_5,1999,2h 16m,R,8.7,2.1M
6. Tarzan,https://www.imdb.com/title/tt0120855/?ref_=sr_t_6,1999,1h 28m,G,7.3,255K
7. Big Daddy,https://www.imdb.com/title/tt0142342/?ref_=sr_t_7,1999,1h 33m,PG-13,6.4,240K
8. The Mummy,https://www.imdb.com/title/tt0120616/?ref_=sr_t_8,1999,2h 4m,PG-13,7.1,475K
9. Runaway Bride,https://www.imdb.com/title/tt0163187/?ref_=sr_t_9,1999,1h 56m,PG,5.6,107K
10. The Blair Witch Project,https://www.imdb.com/title/tt0185937/?ref_=sr_t_10,1999,1h 21m,R,6.5,298K
11. Stuart Little,https://www.imdb.com/title/tt0164912/?ref_=sr_t_11,1999,1h 24m,PG,6.0,153K
12. The Green Mile,https://www.imdb.com/title/tt0120689/?ref_=sr_t_12,1999,3h 9m,R,8.6,1.5M
13. American Beauty,https://www.imdb.com/title/tt0169547/?ref_=sr_t_13,1999,2h 2m,R,8.3,1.2M
14. The World Is Not Enough,https://www.imdb.com/title/tt0143145/?ref_=sr_t_14,1999,2h 8m,PG-13,6.4,213K
15. Double Jeopardy,https://www.imdb.com/title/tt0150377/?ref_=sr_t_15,1999,1h 45m,R,6.5,99K
16. Notting Hill,https://www.imdb.com/title/tt0125439/?ref_=sr_t_16,1999,2h 4m,PG-13,7.2,357K
17. Wild Wild West,https://www.imdb.com/title/tt0120891/?ref_=sr_t_17,1999,1h 46m,PG-13,4.9,169K
18. Analyze This,https://www.imdb.com/title/tt0122933/?ref_=sr_t_18,1999,1h 43m,R,6.7,164K
19. The General's Daughter,https://www.imdb.com/title/tt0144214/?ref_=sr_t_19,1999,1h 56m,R,6.4,65K
20. American Pie,https://www.imdb.com/title/tt0163651/?ref_=sr_t_20,1999,1h 35m,R,7.0,445K
21. Sleepy Hollow,https://www.imdb.com/title/tt0162661/?ref_=sr_t_21,1999,1h 45m,R,7.3,395K
22. Inspector Gadget,https://www.imdb.com/title/tt0141369/?ref_=sr_t_22,1999,1h 18m,PG,4.2,52K
23. The Haunting,https://www.imdb.com/title/tt0171363/?ref_=sr_t_23,1999,1h 53m,PG-13,5.0,82K
24. Entrapment,https://www.imdb.com/title/tt0137494/?ref_=sr_t_24,1999,1h 53m,PG-13,6.3,126K
25. Payback,https://www.imdb.com/title/tt0120784/?ref_=sr_t_25,1999,1h 40m,R,7.1,149K
26. The Talented Mr. Ripley,https://www.imdb.com/title/tt0134119/?ref_=sr_t_26,1999,2h 19m,R,7.4,258K
27. Any Given Sunday,https://www.imdb.com/title/tt0146838/?ref_=sr_t_27,1999,2h 42m,R,6.9,128K
28. Deep Blue Sea,https://www.imdb.com/title/tt0149261/?ref_=sr_t_28,1999,1h 45m,R,5.9,146K
29. Galaxy Quest,https://www.imdb.com/title/tt0177789/?ref_=sr_t_29,1999,1h 42m,PG,7.4,183K
30. The Thomas Crown Affair,https://www.imdb.com/title/tt0155267/?ref_=sr_t_30,1999,1h 53m,R,6.9,103K
31. Blue Streak,https://www.imdb.com/title/tt0181316/?ref_=sr_t_31,1999,1h 33m,PG-13,6.4,91K
32. End of Days,https://www.imdb.com/title/tt0146675/?ref_=sr_t_32,1999,2h 2m,R,5.8,118K
33. The Bone Collector,https://www.imdb.com/title/tt0145681/?ref_=sr_t_33,1999,1h 58m,R,6.7,191K
34. Bowfinger,https://www.imdb.com/title/tt0131325/?ref_=sr_t_34,1999,1h 37m,PG-13,6.5,75K
35. Deuce Bigalow: Male Gigolo,https://www.imdb.com/title/tt0205000/?ref_=sr_t_35,1999,1h 28m,R,5.7,82K
36. Life,https://www.imdb.com/title/tt0123964/?ref_=sr_t_36,1999,1h 48m,R,6.8,57K
37. She's All That,https://www.imdb.com/title/tt0160862/?ref_=sr_t_37,1999,1h 35m,PG-13,5.9,106K
38. Fantasia 2000,https://www.imdb.com/title/tt0120910/?ref_=sr_t_38,1999,1h 15m,G,7.1,42K
39. Three Kings,https://www.imdb.com/title/tt0120188/?ref_=sr_t_39,1999,1h 54m,R,7.1,183K
40. Bicentennial Man,https://www.imdb.com/title/tt0182789/?ref_=sr_t_40,1999,2h 12m,PG,6.9,127K
41. The Cider House Rules,https://www.imdb.com/title/tt0124315/?ref_=sr_t_41,1999,2h 6m,PG-13,7.4,106K
42. Eyes Wide Shut,https://www.imdb.com/title/tt0120663/?ref_=sr_t_42,1999,2h 39m,TV-MA,7.5,391K
43. Never Been Kissed,https://www.imdb.com/title/tt0151738/?ref_=sr_t_43,1999,1h 47m,PG-13,6.0,100K
44. Forces of Nature,https://www.imdb.com/title/tt0141098/?ref_=sr_t_44,1999,1h 45m,PG-13,5.5,36K
45. Varsity Blues,https://www.imdb.com/title/tt0139699/?ref_=sr_t_45,1999,1h 46m,R,6.5,50K
46. Message in a Bottle,https://www.imdb.com/title/tt0139462/?ref_=sr_t_46,1999,2h 6m,PG-13,6.2,41K
"47. South Park: Bigger, Longer & Uncut",https://www.imdb.com/title/tt0158983/?ref_=sr_t_47,1999,1h 21m,R,7.7,219K
48. The Hurricane,https://www.imdb.com/title/tt0174856/?ref_=sr_t_48,1999,2h 26m,R,7.6,104K
49. Stigmata,https://www.imdb.com/title/tt0145531/?ref_=sr_t_49,1999,1h 43m,R,6.2,74K
50. Pokémon the Movie 2000,https://www.imdb.com/title/tt0210234/?ref_=sr_t_50,1999,1h 39m,G,6.1,24K
51. House on Haunted Hill,https://www.imdb.com/title/tt0185371/?ref_=sr_t_51,1999,1h 33m,R,5.6,61K
52. Anna and the King,https://www.imdb.com/title/tt0166485/?ref_=sr_t_52,1999,2h 28m,PG-13,6.7,40K
53. Cruel Intentions,https://www.imdb.com/title/tt0139134/?ref_=sr_t_53,1999,1h 37m,R,6.8,211K
54. 10 Things I Hate About You,https://www.imdb.com/title/tt0147800/?ref_=sr_t_54,1999,1h 37m,PG-13,7.3,407K
55. Fight Club,https://www.imdb.com/title/tt0137523/?ref_=sr_t_55,1999,2h 19m,R,8.8,2.4M
56. My Favorite Martian,https://www.imdb.com/title/tt0120764/?ref_=sr_t_56,1999,1h 34m,PG,5.1,15K
57. 8MM,https://www.imdb.com/title/tt0134273/?ref_=sr_t_57,1999,2h 3m,R,6.6,146K
58. For Love of the Game,https://www.imdb.com/title/tt0126916/?ref_=sr_t_58,1999,2h 17m,PG-13,6.6,38K
59. Man on the Moon,https://www.imdb.com/title/tt0125664/?ref_=sr_t_59,1999,1h 58m,R,7.4,140K
60. Instinct,https://www.imdb.com/title/tt0128278/?ref_=sr_t_60,1999,2h 6m,R,6.5,35K
61. The Best Man,https://www.imdb.com/title/tt0168501/?ref_=sr_t_61,1999,2h,R,6.7,12K
62. Mickey Blue Eyes,https://www.imdb.com/title/tt0130121/?ref_=sr_t_62,1999,1h 42m,PG-13,5.9,39K
63. The 13th Warrior,https://www.imdb.com/title/tt0120657/?ref_=sr_t_63,1999,1h 42m,R,6.6,135K
64. October Sky,https://www.imdb.com/title/tt0132477/?ref_=sr_t_64,1999,1h 48m,PG,7.8,100K
65. Lake Placid,https://www.imdb.com/title/tt0139414/?ref_=sr_t_65,1999,1h 22m,R,5.8,67K
66. Random Hearts,https://www.imdb.com/title/tt0156934/?ref_=sr_t_66,1999,2h 13m,R,5.4,24K
67. Dogma,https://www.imdb.com/title/tt0120655/?ref_=sr_t_67,1999,2h 10m,R,7.3,233K
68. Superstar,https://www.imdb.com/title/tt0167427/?ref_=sr_t_68,1999,1h 21m,PG-13,5.2,21K
69. Mystery Men,https://www.imdb.com/title/tt0132347/?ref_=sr_t_69,1999,2h 1m,PG-13,6.1,72K
70. The Insider,https://www.imdb.com/title/tt0140352/?ref_=sr_t_70,1999,2h 37m,R,7.8,184K
"71. Girl, Interrupted",https://www.imdb.com/title/tt0172493/?ref_=sr_t_71,1999,2h 7m,R,7.3,220K
72. The Out-of-Towners,https://www.imdb.com/title/tt0129280/?ref_=sr_t_72,1999,1h 30m,PG-13,5.5,15K
73. The Other Sister,https://www.imdb.com/title/tt0123209/?ref_=sr_t_73,1999,2h 9m,PG-13,6.4,13K
74. Baby Geniuses,https://www.imdb.com/title/tt0118665/?ref_=sr_t_74,1999,1h 37m,PG,2.6,28K
75. The Story of Us,https://www.imdb.com/title/tt0160916/?ref_=sr_t_75,1999,1h 35m,R,6.0,25K
76. Blast from the Past,https://www.imdb.com/title/tt0124298/?ref_=sr_t_76,1999,1h 52m,PG-13,6.7,73K
77. The Wood,https://www.imdb.com/title/tt0161100/?ref_=sr_t_77,1999,1h 46m,R,7.0,11K
78. Arlington Road,https://www.imdb.com/title/tt0137363/?ref_=sr_t_78,1999,1h 57m,R,7.2,94K
79. The Iron Giant,https://www.imdb.com/title/tt0129167/?ref_=sr_t_79,1999,1h 26m,PG,8.1,239K
80. Being John Malkovich,https://www.imdb.com/title/tt0120601/?ref_=sr_t_80,1999,1h 53m,R,7.7,359K
81. Magnolia,https://www.imdb.com/title/tt0175880/?ref_=sr_t_81,1999,3h 8m,R,8.0,335K
82. Edtv,https://www.imdb.com/title/tt0131369/?ref_=sr_t_82,1999,2h 2m,PG-13,6.1,46K
83. At First Sight,https://www.imdb.com/title/tt0132512/?ref_=sr_t_83,1999,2h 8m,PG-13,6.0,15K
84. The Bachelor,https://www.imdb.com/title/tt0120596/?ref_=sr_t_84,1999,1h 41m,PG-13,5.1,19K
85. Stir of Echoes,https://www.imdb.com/title/tt0164181/?ref_=sr_t_85,1999,1h 39m,R,6.9,90K
86. Doug's 1st Movie,https://www.imdb.com/title/tt0187819/?ref_=sr_t_86,1999,1h 17m,G,4.9,3.6K
87. Summer of Sam,https://www.imdb.com/title/tt0162677/?ref_=sr_t_87,1999,2h 22m,R,6.7,43K
88. Anywhere But Here,https://www.imdb.com/title/tt0149691/?ref_=sr_t_88,1999,1h 54m,PG-13,6.2,19K
89. The Ninth Gate,https://www.imdb.com/title/tt0142688/?ref_=sr_t_89,1999,2h 13m,R,6.7,202K
90. An Ideal Husband,https://www.imdb.com/title/tt0122541/?ref_=sr_t_90,1999,1h 37m,PG-13,6.8,17K
91. Drive Me Crazy,https://www.imdb.com/title/tt0164114/?ref_=sr_t_91,1999,1h 31m,PG-13,5.8,22K
92. The Rage: Carrie 2,https://www.imdb.com/title/tt0144814/?ref_=sr_t_92,1999,1h 44m,R,4.8,18K
93. Go,https://www.imdb.com/title/tt0139239/?ref_=sr_t_93,1999,1h 42m,R,7.2,77K
94. Bringing Out the Dead,https://www.imdb.com/title/tt0163988/?ref_=sr_t_94,1999,2h 1m,R,6.9,78K
95. True Crime,https://www.imdb.com/title/tt0139668/?ref_=sr_t_95,1999,2h 7m,R,6.6,39K
96. Muppets from Space,https://www.imdb.com/title/tt0158811/?ref_=sr_t_96,1999,1h 27m,G,6.2,21K
97. Eye of the Beholder,https://www.imdb.com/title/tt0120662/?ref_=sr_t_97,1999,1h 49m,R,5.0,16K
98. A Midsummer Night's Dream,https://www.imdb.com/title/tt0140379/?ref_=sr_t_98,1999,1h 56m,PG-13,6.4,27K
99. The Corruptor,https://www.imdb.com/title/tt0142192/?ref_=sr_t_99,1999,1h 50m,R,6.1,19K
100. Election,https://www.imdb.com/title/tt0126886/?ref_=sr_t_100,1999,1h 43m,R,7.2,108K
101. Music of the Heart,https://www.imdb.com/title/tt0166943/?ref_=sr_t_101,1999,2h 4m,PG,6.7,14K
102. Snow Falling on Cedars,https://www.imdb.com/title/tt0120834/?ref_=sr_t_102,1999,2h 7m,PG-13,6.7,15K
103. Tea with Mussolini,https://www.imdb.com/title/tt0120857/?ref_=sr_t_103,1999,1h 57m,PG,6.9,15K
104. The Messenger: The Story of Joan of Arc,https://www.imdb.com/title/tt0151137/?ref_=sr_t_104,1999,2h 28m,R,6.4,71K
105. Virus,https://www.imdb.com/title/tt0120458/?ref_=sr_t_105,1999,1h 39m,R,5.0,31K
106. In Too Deep,https://www.imdb.com/title/tt0160401/?ref_=sr_t_106,1999,1h 35m,R,6.2,7.3K
107. The Deep End of the Ocean,https://www.imdb.com/title/tt0120646/?ref_=sr_t_107,1999,1h 46m,PG-13,6.3,22K
108. The Mod Squad,https://www.imdb.com/title/tt0120757/?ref_=sr_t_108,1999,1h 32m,R,4.3,9.6K
109. Angela's Ashes,https://www.imdb.com/title/tt0145653/?ref_=sr_t_109,1999,2h 25m,R,7.3,24K
110. The Omega Code,https://www.imdb.com/title/tt0203408/?ref_=sr_t_110,1999,1h 40m,PG-13,3.5,5.6K
111. In Dreams,https://www.imdb.com/title/tt0120710/?ref_=sr_t_111,1999,1h 40m,R,5.5,14K
112. The King and I,https://www.imdb.com/title/tt0160429/?ref_=sr_t_112,1999,1h 28m,G,4.4,4.4K
113. The Thirteenth Floor,https://www.imdb.com/title/tt0139809/?ref_=sr_t_113,1999,1h 40m,R,7.0,79K
114. The Adventures of Elmo in Grouchland,https://www.imdb.com/title/tt0159421/?ref_=sr_t_114,1999,1h 13m,G,5.8,3.9K
115. The Muse,https://www.imdb.com/title/tt0164108/?ref_=sr_t_115,1999,1h 37m,PG-13,5.7,12K
116. Wing Commander,https://www.imdb.com/title/tt0131646/?ref_=sr_t_116,1999,1h 40m,PG-13,4.3,18K
117. Boys Don't Cry,https://www.imdb.com/title/tt0171804/?ref_=sr_t_117,1999,1h 58m,R,7.5,105K
118. Chill Factor,https://www.imdb.com/title/tt0163579/?ref_=sr_t_118,1999,1h 42m,R,5.2,10K
119. Cookie's Fortune,https://www.imdb.com/title/tt0126250/?ref_=sr_t_119,1999,1h 58m,PG-13,6.8,14K
120. The End of the Affair,https://www.imdb.com/title/tt0172396/?ref_=sr_t_120,1999,1h 42m,R,7.0,24K
121. Office Space,https://www.imdb.com/title/tt0151804/?ref_=sr_t_121,1999,1h 29m,R,7.6,295K
122. The Astronaut's Wife,https://www.imdb.com/title/tt0138304/?ref_=sr_t_122,1999,1h 49m,R,5.4,58K
123. Universal Soldier: The Return,https://www.imdb.com/title/tt0176269/?ref_=sr_t_123,1999,1h 23m,R,4.2,31K
124. Drop Dead Gorgeous,https://www.imdb.com/title/tt0157503/?ref_=sr_t_124,1999,1h 37m,PG-13,6.7,42K
125. Three to Tango,https://www.imdb.com/title/tt0144640/?ref_=sr_t_125,1999,1h 38m,PG-13,6.1,20K
126. Bats,https://www.imdb.com/title/tt0200469/?ref_=sr_t_126,1999,1h 31m,PG-13,4.1,12K
127. Brokedown Palace,https://www.imdb.com/title/tt0120620/?ref_=sr_t_127,1999,1h 40m,PG-13,6.4,24K
128. Godzilla 2000,https://www.imdb.com/title/tt0188640/?ref_=sr_t_128,1999,1h 39m,PG,6.0,9.7K
129. Dudley Do-Right,https://www.imdb.com/title/tt0160236/?ref_=sr_t_129,1999,1h 17m,PG,3.9,12K
130. Trippin',https://www.imdb.com/title/tt0160298/?ref_=sr_t_130,1999,1h 34m,R,5.3,1.4K
131. Teaching Mrs. Tingle,https://www.imdb.com/title/tt0133046/?ref_=sr_t_131,1999,1h 36m,PG-13,5.3,22K
"132. Mystery, Alaska",https://www.imdb.com/title/tt0134618/?ref_=sr_t_132,1999,1h 59m,R,6.7,29K
133. Play It to the Bone,https://www.imdb.com/title/tt0196857/?ref_=sr_t_133,1999,2h 4m,R,5.5,13K
134. Pushing Tin,https://www.imdb.com/title/tt0120797/?ref_=sr_t_134,1999,2h 4m,R,6.0,31K
135. All About My Mother,https://www.imdb.com/title/tt0185125/?ref_=sr_t_135,1999,1h 41m,R,7.8,105K
136. The Love Letter,https://www.imdb.com/title/tt0166252/?ref_=sr_t_136,1999,1h 28m,R,5.5,4.8K
137. Outside Providence,https://www.imdb.com/title/tt0125971/?ref_=sr_t_137,1999,1h 36m,R,6.4,9.5K
138. Buena Vista Social Club,https://www.imdb.com/title/tt0186508/?ref_=sr_t_138,1999,1h 45m,G,7.6,21K
139. 200 Cigarettes,https://www.imdb.com/title/tt0137338/?ref_=sr_t_139,1999,1h 41m,R,6.0,17K
140. Lost & Found,https://www.imdb.com/title/tt0120836/?ref_=sr_t_140,1999,1h 40m,PG-13,5.1,7K
141. Dick,https://www.imdb.com/title/tt0144168/?ref_=sr_t_141,1999,1h 34m,PG-13,6.2,22K
142. Topsy-Turvy,https://www.imdb.com/title/tt0151568/?ref_=sr_t_142,1999,2h 40m,R,7.3,14K
143. The Straight Story,https://www.imdb.com/title/tt0166896/?ref_=sr_t_143,1999,1h 52m,G,8.0,100K
144. Foolish,https://www.imdb.com/title/tt0166195/?ref_=sr_t_144,1999,1h 24m,R,4.9,7.4K
145. Light It Up,https://www.imdb.com/title/tt0172726/?ref_=sr_t_145,1999,1h 39m,R,6.0,4K
146. Black & White,https://www.imdb.com/title/tt0165643/?ref_=sr_t_146,1999,1h 38m,R,5.0,6.1K
147. Siegfried & Roy: The Magic Box,https://www.imdb.com/title/tt0182299/?ref_=sr_t_147,1999,50m,,6.0,200
148. Sunshine,https://www.imdb.com/title/tt0145503/?ref_=sr_t_148,1999,3h 1m,R,7.5,16K
149. Jakob the Liar,https://www.imdb.com/title/tt0120716/?ref_=sr_t_149,1999,2h,PG-13,6.5,18K
150. The Virgin Suicides,https://www.imdb.com/title/tt0159097/?ref_=sr_t_150,1999,1h 37m,R,7.2,175K
151. Mansfield Park,https://www.imdb.com/title/tt0178737/?ref_=sr_t_151,1999,1h 52m,PG-13,7.0,26K
152. A Walk on the Moon,https://www.imdb.com/title/tt0120613/?ref_=sr_t_152,1999,1h 47m,R,6.6,9.4K
153. Held Up,https://www.imdb.com/title/tt0165831/?ref_=sr_t_153,1999,1h 29m,PG-13,5.2,4.2K
154. Mumford,https://www.imdb.com/title/tt0140397/?ref_=sr_t_154,1999,1h 52m,R,6.8,9.6K
155. Flawless,https://www.imdb.com/title/tt0155711/?ref_=sr_t_155,1999,1h 52m,R,6.4,20K
156. Simply Irresistible,https://www.imdb.com/title/tt0145893/?ref_=sr_t_156,1999,1h 36m,PG-13,5.2,15K
157. Detroit Rock City,https://www.imdb.com/title/tt0165710/?ref_=sr_t_157,1999,1h 35m,R,6.8,42K
158. Gloria,https://www.imdb.com/title/tt0120683/?ref_=sr_t_158,1999,1h 48m,R,5.2,6.4K
159. Sweet and Lowdown,https://www.imdb.com/title/tt0158371/?ref_=sr_t_159,1999,1h 35m,PG-13,7.2,37K
160. East Is East,https://www.imdb.com/title/tt0166175/?ref_=sr_t_160,1999,1h 36m,R,6.9,20K
161. Idle Hands,https://www.imdb.com/title/tt0138510/?ref_=sr_t_161,1999,1h 32m,R,6.3,48K
162. The Winslow Boy,https://www.imdb.com/title/tt0155388/?ref_=sr_t_162,1999,1h 44m,G,7.3,9.6K
163. Liberty Heights,https://www.imdb.com/title/tt0165859/?ref_=sr_t_163,1999,2h 7m,R,7.0,7.2K
164. Fifty,https://www.imdb.com/title/tt0221959/?ref_=sr_t_164,1999,1h 37m,Not Rated,6.8,99
165. Elvis Gratton II: Miracle à Memphis,https://www.imdb.com/title/tt0180668/?ref_=sr_t_165,1999,1h 45m,,5.8,1.1K
166. Ghost Dog: The Way of the Samurai,https://www.imdb.com/title/tt0165798/?ref_=sr_t_166,1999,1h 56m,R,7.5,99K
167. The Limey,https://www.imdb.com/title/tt0165854/?ref_=sr_t_167,1999,1h 29m,R,6.9,36K
168. The Big Kahuna,https://www.imdb.com/title/tt0189584/?ref_=sr_t_168,1999,1h 30m,R,6.5,15K
169. Jawbreaker,https://www.imdb.com/title/tt0155776/?ref_=sr_t_169,1999,1h 26m,R,5.7,30K
170. Love Stinks,https://www.imdb.com/title/tt0188863/?ref_=sr_t_170,1999,1h 34m,R,5.7,5.6K
171. Cradle Will Rock,https://www.imdb.com/title/tt0150216/?ref_=sr_t_171,1999,2h 12m,R,6.8,9.6K
172. eXistenZ,https://www.imdb.com/title/tt0120907/?ref_=sr_t_172,1999,1h 37m,R,6.8,109K
173. Himalaya,https://www.imdb.com/title/tt0210727/?ref_=sr_t_173,1999,1h 48m,,7.4,5.8K
174. East/West,https://www.imdb.com/title/tt0181530/?ref_=sr_t_174,1999,2h 1m,PG-13,7.4,5.2K
175. But I'm a Cheerleader,https://www.imdb.com/title/tt0179116/?ref_=sr_t_175,1999,1h 25m,R,6.8,45K
176. A Dog of Flanders,https://www.imdb.com/title/tt0160216/?ref_=sr_t_176,1999,1h 40m,PG,6.2,1K
177. Limbo,https://www.imdb.com/title/tt0164085/?ref_=sr_t_177,1999,2h 6m,R,7.0,6.5K
178. Butterfly,https://www.imdb.com/title/tt0188030/?ref_=sr_t_178,1999,1h 36m,R,7.6,10K
179. Trick,https://www.imdb.com/title/tt0162710/?ref_=sr_t_179,1999,1h 29m,R,7.2,9.6K
180. Ravenous,https://www.imdb.com/title/tt0129332/?ref_=sr_t_180,1999,1h 41m,R,6.9,44K
181. Beyond the Mat,https://www.imdb.com/title/tt0218043/?ref_=sr_t_181,1999,1h 42m,R,7.6,9.6K
182. Three Seasons,https://www.imdb.com/title/tt0138874/?ref_=sr_t_182,1999,1h 44m,PG-13,7.2,3.3K
183. Taal,https://www.imdb.com/title/tt0152836/?ref_=sr_t_183,1999,2h 59m,Not Rated,6.6,6.1K
184. Better Than Chocolate,https://www.imdb.com/title/tt0168987/?ref_=sr_t_184,1999,1h 41m,R,6.1,8.9K
185. Titus,https://www.imdb.com/title/tt0120866/?ref_=sr_t_185,1999,2h 42m,R,7.1,22K
186. Crazy in Alabama,https://www.imdb.com/title/tt0142201/?ref_=sr_t_186,1999,1h 51m,PG-13,6.2,7.6K
187. Hum Saath-Saath Hain,https://www.imdb.com/title/tt0216817/?ref_=sr_t_187,1999,2h 57m,Not Rated,6.3,10K
"188. Happy, Texas",https://www.imdb.com/title/tt0162360/?ref_=sr_t_188,1999,1h 38m,PG-13,6.3,10K
189. The Color of Paradise,https://www.imdb.com/title/tt0191043/?ref_=sr_t_189,1999,1h 30m,PG,8.1,19K
190. Holy Smoke,https://www.imdb.com/title/tt0144715/?ref_=sr_t_190,1999,1h 55m,R,5.9,16K
191. Romance,https://www.imdb.com/title/tt0194314/?ref_=sr_t_191,1999,1h 24m,Unrated,5.2,12K
192. Asterix and Obelix vs. Caesar,https://www.imdb.com/title/tt0133385/?ref_=sr_t_192,1999,1h 49m,Not Rated,6.0,46K
193. Tumbleweeds,https://www.imdb.com/title/tt0161023/?ref_=sr_t_193,1999,1h 42m,PG-13,6.7,3.7K
194. Catfish in Black Bean Sauce,https://www.imdb.com/title/tt0162903/?ref_=sr_t_194,1999,1h 59m,PG-13,6.6,520
195. Jesus' Son,https://www.imdb.com/title/tt0186253/?ref_=sr_t_195,1999,1h 47m,R,6.9,7.6K
196. The Road Home,https://www.imdb.com/title/tt0235060/?ref_=sr_t_196,1999,1h 29m,G,7.7,14K
197. American Movie,https://www.imdb.com/title/tt0181288/?ref_=sr_t_197,1999,1h 47m,R,7.8,20K
198. Shower,https://www.imdb.com/title/tt0215369/?ref_=sr_t_198,1999,1h 32m,PG-13,7.5,4.3K
199. The Cup,https://www.imdb.com/title/tt0201840/?ref_=sr_t_199,1999,1h 33m,G,6.9,3.4K
200. Straight from the Heart,https://www.imdb.com/title/tt0150992/?ref_=sr_t_200,1999,3h 8m,Not Rated,7.4,20K
201. Twin Falls Idaho,https://www.imdb.com/title/tt0162830/?ref_=sr_t_201,1999,1h 51m,R,7.1,5.3K
202. Simpatico,https://www.imdb.com/title/tt0174204/?ref_=sr_t_202,1999,1h 46m,R,4.7,3.8K
203. Aimee & Jaguar,https://www.imdb.com/title/tt0130444/?ref_=sr_t_203,1999,2h 5m,Not Rated,7.2,7.1K
204. Felicia's Journey,https://www.imdb.com/title/tt0165773/?ref_=sr_t_204,1999,1h 56m,PG-13,7.0,8.5K
205. Laura Cadieux... la suite,https://www.imdb.com/title/tt0207363/?ref_=sr_t_205,1999,1h 38m,,5.4,232
206. New Waterford Girl,https://www.imdb.com/title/tt0213121/?ref_=sr_t_206,1999,1h 37m,TV-PG,6.8,1.9K
207. The Girl Next Door,https://www.imdb.com/title/tt0189553/?ref_=sr_t_207,1999,1h 22m,Not Rated,6.0,1K
208. Body Shots,https://www.imdb.com/title/tt0172627/?ref_=sr_t_208,1999,1h 46m,R,4.9,5.7K
209. Kadosh,https://www.imdb.com/title/tt0189630/?ref_=sr_t_209,1999,1h 50m,Not Rated,6.9,2K
210. Baadshah,https://www.imdb.com/title/tt0211934/?ref_=sr_t_210,1999,2h 55m,,6.9,21K
211. My Life So Far,https://www.imdb.com/title/tt0120899/?ref_=sr_t_211,1999,1h 38m,PG-13,6.5,3.2K
212. Goya in Bordeaux,https://www.imdb.com/title/tt0210717/?ref_=sr_t_212,1999,1h 40m,R,6.6,2.3K
213. Ride with the Devil,https://www.imdb.com/title/tt0134154/?ref_=sr_t_213,1999,2h 18m,R,6.7,15K
214. Grey Owl,https://www.imdb.com/title/tt0128239/?ref_=sr_t_214,1999,1h 58m,PG-13,6.0,4.1K
215. Guinevere,https://www.imdb.com/title/tt0160338/?ref_=sr_t_215,1999,1h 44m,R,5.9,2.8K
216. Not One Less,https://www.imdb.com/title/tt0209189/?ref_=sr_t_216,1999,1h 46m,G,7.7,9.5K
217. The Third Miracle,https://www.imdb.com/title/tt0174268/?ref_=sr_t_217,1999,1h 59m,R,6.5,3.6K
218. Gloomy Sunday,https://www.imdb.com/title/tt0155722/?ref_=sr_t_218,1999,1h 52m,Not Rated,7.8,8.6K
219. The Opportunists,https://www.imdb.com/title/tt0138681/?ref_=sr_t_219,1999,1h 30m,R,5.7,1.3K
220. A Map of the World,https://www.imdb.com/title/tt0160513/?ref_=sr_t_220,1999,2h 5m,R,6.5,4.8K
221. Mifune,https://www.imdb.com/title/tt0164756/?ref_=sr_t_221,1999,1h 38m,R,7.1,8.1K
"222. Mr. Death: The Rise and Fall of Fred A. Leuchter, Jr.",https://www.imdb.com/title/tt0192335/?ref_=sr_t_222,1999,1h 31m,PG-13,7.5,5.9K
223. The Five Senses,https://www.imdb.com/title/tt0168794/?ref_=sr_t_223,1999,1h 46m,R,6.7,3.2K
224. The Last September,https://www.imdb.com/title/tt0180793/?ref_=sr_t_224,1999,1h 43m,R,6.0,972
225. Plunkett & Macleane,https://www.imdb.com/title/tt0134033/?ref_=sr_t_225,1999,1h 39m,R,6.3,11K
226. Venus Beauty Institute,https://www.imdb.com/title/tt0174330/?ref_=sr_t_226,1999,1h 45m,R,6.3,4.5K
227. 8 ½ Women,https://www.imdb.com/title/tt0154443/?ref_=sr_t_227,1999,1h 58m,R,5.6,4.2K
228. Wonderland,https://www.imdb.com/title/tt0171865/?ref_=sr_t_228,1999,1h 48m,R,7.1,4.3K
229. Tuvalu,https://www.imdb.com/title/tt0162023/?ref_=sr_t_229,1999,1h 41m,Not Rated,7.3,2.8K
230. A Wake in Providence,https://www.imdb.com/title/tt0192766/?ref_=sr_t_230,1999,1h 32m,R,5.4,389
231. Dillagi,https://www.imdb.com/title/tt0225515/?ref_=sr_t_231,1999,3h 8m,Not Rated,5.3,1.3K
232. Genghis Blues,https://www.imdb.com/title/tt0187859/?ref_=sr_t_232,1999,1h 28m,Not Rated,7.8,1.5K
233. The Minus Man,https://www.imdb.com/title/tt0151582/?ref_=sr_t_233,1999,1h 51m,R,6.0,7.4K
234. Me Myself I,https://www.imdb.com/title/tt0183503/?ref_=sr_t_234,1999,1h 44m,R,6.7,2.7K
235. The Basket,https://www.imdb.com/title/tt0190255/?ref_=sr_t_235,1999,1h 45m,PG,6.5,681
236. The Source,https://www.imdb.com/title/tt0181833/?ref_=sr_t_236,1999,1h 28m,,7.2,854
237. An Affair of Love,https://www.imdb.com/title/tt0204709/?ref_=sr_t_237,1999,1h 20m,R,6.9,5.8K
238. The Children of the Marshland,https://www.imdb.com/title/tt0167926/?ref_=sr_t_238,1999,1h 55m,,7.4,3.2K
239. Le dernier souffle,https://www.imdb.com/title/tt0191076/?ref_=sr_t_239,1999,1h 44m,,6.7,248
240. Grass,https://www.imdb.com/title/tt0214730/?ref_=sr_t_240,1999,1h 20m,R,7.2,3.6K
241. Hindustan Ki Kasam,https://www.imdb.com/title/tt0207513/?ref_=sr_t_241,1999,2h 26m,Not Rated,3.5,695
242. Cotton Mary,https://www.imdb.com/title/tt0159373/?ref_=sr_t_242,1999,2h 4m,R,5.2,547
243. Luminarias,https://www.imdb.com/title/tt0160498/?ref_=sr_t_243,1999,1h 40m,R,5.3,639
244. Simon Sez,https://www.imdb.com/title/tt0168172/?ref_=sr_t_244,1999,1h 25m,PG-13,2.7,7.2K
245. Sarfarosh,https://www.imdb.com/title/tt0200087/?ref_=sr_t_245,1999,2h 54m,Not Rated,8.1,28K
246. American Pimp,https://www.imdb.com/title/tt0179074/?ref_=sr_t_246,1999,1h 27m,R,6.6,2.4K
247. Dil Kya Kare,https://www.imdb.com/title/tt0216707/?ref_=sr_t_247,1999,2h 38m,,5.1,1.3K
248. Smiling Fish & Goat on Fire,https://www.imdb.com/title/tt0162348/?ref_=sr_t_248,1999,1h 30m,R,7.4,2.7K
249. Solas,https://www.imdb.com/title/tt0190798/?ref_=sr_t_249,1999,1h 41m,R,7.5,3.9K
250. Rosetta,https://www.imdb.com/title/tt0200071/?ref_=sr_t_250,1999,1h 35m,R,7.4,16K
251. Beautiful People,https://www.imdb.com/title/tt0159272/?ref_=sr_t_251,1999,1h 47m,R,6.7,2.6K
252. The Wind Will Carry Us,https://www.imdb.com/title/tt0209463/?ref_=sr_t_252,1999,1h 58m,Not Rated,7.4,13K
253. The War Zone,https://www.imdb.com/title/tt0141974/?ref_=sr_t_253,1999,1h 38m,R,7.2,11K
254. Marcel Proust's Time Regained,https://www.imdb.com/title/tt0189142/?ref_=sr_t_254,1999,2h 49m,,6.7,2.9K
255. Hello Brother,https://www.imdb.com/title/tt0233856/?ref_=sr_t_255,1999,2h 19m,,4.7,4.8K
256. Little Saints,https://www.imdb.com/title/tt0126651/?ref_=sr_t_256,1999,1h 45m,R,6.7,581
257. One Man's Hero,https://www.imdb.com/title/tt0120775/?ref_=sr_t_257,1999,2h 1m,R,6.0,1.4K
258. The Log,https://www.imdb.com/title/tt0211286/?ref_=sr_t_258,1999,1h 46m,,6.3,1.9K
259. Babar: King of the Elephants,https://www.imdb.com/title/tt0166090/?ref_=sr_t_259,1999,1h 20m,G,6.0,606
260. Ratcatcher,https://www.imdb.com/title/tt0171685/?ref_=sr_t_260,1999,1h 34m,Not Rated,7.5,12K
261. Hote Hote Pyar Hogaya,https://www.imdb.com/title/tt0206020/?ref_=sr_t_261,1999,2h 20m,,4.4,362
262. Revelation,https://www.imdb.com/title/tt0161942/?ref_=sr_t_262,1999,1h 38m,PG-13,4.8,1.1K
263. Onegin,https://www.imdb.com/title/tt0119079/?ref_=sr_t_263,1999,1h 46m,R,6.8,8.5K
264. Postmen in the Mountains,https://www.imdb.com/title/tt0210916/?ref_=sr_t_264,1999,1h 33m,Unrated,7.8,1.9K
265. Kikujiro,https://www.imdb.com/title/tt0199683/?ref_=sr_t_265,1999,2h 2m,PG-13,7.7,23K
266. The Big Tease,https://www.imdb.com/title/tt0156639/?ref_=sr_t_266,1999,1h 26m,R,6.1,2.7K
267. Breakfast of Champions,https://www.imdb.com/title/tt0120618/?ref_=sr_t_267,1999,1h 50m,R,4.5,8.4K
268. Sugar Town,https://www.imdb.com/title/tt0173390/?ref_=sr_t_268,1999,1h 32m,R,6.1,944
269. Uninvited Guest,https://www.imdb.com/title/tt0188694/?ref_=sr_t_269,1999,1h 56m,R,5.1,737
270. Grizzly Falls,https://www.imdb.com/title/tt0196596/?ref_=sr_t_270,1999,1h 34m,PG,5.8,679
271. Solomon & Gaenor,https://www.imdb.com/title/tt0181830/?ref_=sr_t_271,1999,1h 45m,R,6.8,1.5K
272. Mast,https://www.imdb.com/title/tt0214931/?ref_=sr_t_272,1999,2h 33m,,5.4,1.1K
273. One Day in September,https://www.imdb.com/title/tt0230591/?ref_=sr_t_273,1999,1h 34m,R,7.8,6.3K
274. Lal Baadshah,https://www.imdb.com/title/tt0172704/?ref_=sr_t_274,1999,3h,,3.3,733
275. Agnes Browne,https://www.imdb.com/title/tt0160509/?ref_=sr_t_275,1999,1h 32m,R,6.5,2.3K
276. Deterrence,https://www.imdb.com/title/tt0158583/?ref_=sr_t_276,1999,1h 44m,R,6.4,2.9K
277. Silsila Hai Pyar Ka,https://www.imdb.com/title/tt0267928/?ref_=sr_t_277,1999,2h 30m,Not Rated,2.8,268
278. Histoires d'hiver,https://www.imdb.com/title/tt0142215/?ref_=sr_t_278,1999,1h 45m,,7.0,260
279. The Cherry Orchard,https://www.imdb.com/title/tt0144134/?ref_=sr_t_279,1999,2h 21m,Not Rated,6.4,723
280. Audition,https://www.imdb.com/title/tt0235198/?ref_=sr_t_280,1999,1h 55m,R,7.1,93K
281. Matroni and Me,https://www.imdb.com/title/tt0204471/?ref_=sr_t_281,1999,1h 41m,,6.6,346
282. Haseena Maan Jaayegi,https://www.imdb.com/title/tt0267548/?ref_=sr_t_282,1999,2h 27m,,6.3,3.8K
283. Running Free,https://www.imdb.com/title/tt0173910/?ref_=sr_t_283,1999,1h 21m,G,5.4,749
284. Spring Forward,https://www.imdb.com/title/tt0156096/?ref_=sr_t_284,1999,1h 50m,R,7.5,1.5K
285. Unconditional Love,https://www.imdb.com/title/tt0189173/?ref_=sr_t_285,1999,1h 45m,R,4.1,57
286. Taboo,https://www.imdb.com/title/tt0213682/?ref_=sr_t_286,1999,1h 40m,Unrated,6.8,8.2K
287. Thicker Than Water,https://www.imdb.com/title/tt0220095/?ref_=sr_t_287,1999,1h 31m,R,4.7,706
288. The 24 Hour Woman,https://www.imdb.com/title/tt0138279/?ref_=sr_t_288,1999,1h 33m,R,5.3,481
289. A Slipping-Down Life,https://www.imdb.com/title/tt0162662/?ref_=sr_t_289,1999,1h 49m,R,6.1,1.2K
290. Human Traffic,https://www.imdb.com/title/tt0188674/?ref_=sr_t_290,1999,1h 39m,R,7.1,28K
291. Shiri,https://www.imdb.com/title/tt0192657/?ref_=sr_t_291,1999,2h 5m,R,6.5,8.7K
292. Jin-Roh: The Wolf Brigade,https://www.imdb.com/title/tt0193253/?ref_=sr_t_292,1999,1h 42m,R,7.3,20K
293. Diamonds,https://www.imdb.com/title/tt0167423/?ref_=sr_t_293,1999,1h 31m,R,5.4,1.8K
294. Julien Donkey-Boy,https://www.imdb.com/title/tt0192194/?ref_=sr_t_294,1999,1h 34m,R,6.7,7.9K
295. ABCD,https://www.imdb.com/title/tt0221794/?ref_=sr_t_295,1999,1h 45m,Unrated,5.7,325
296. Better Living Through Circuitry,https://www.imdb.com/title/tt0207998/?ref_=sr_t_296,1999,1h 25m,Not Rated,7.0,460
297. Best Man in Grass Creek,https://www.imdb.com/title/tt0216569/?ref_=sr_t_297,1999,1h 28m,PG,5.8,173
298. Vaastav: The Reality,https://www.imdb.com/title/tt0220832/?ref_=sr_t_298,1999,2h 25m,,8.0,15K
299. Set Me Free,https://www.imdb.com/title/tt0148103/?ref_=sr_t_299,1999,1h 34m,,6.9,1.1K
300. Virtual Sexuality,https://www.imdb.com/title/tt0164221/?ref_=sr_t_300,1999,1h 32m,R,5.1,3.1K
301. Loving Jezebel,https://www.imdb.com/title/tt0174885/?ref_=sr_t_301,1999,1h 27m,R,5.4,440
302. Kohram,https://www.imdb.com/title/tt0213775/?ref_=sr_t_302,1999,2h 30m,,5.3,758
303. Judy Berlin,https://www.imdb.com/title/tt0181618/?ref_=sr_t_303,1999,1h 33m,,6.9,1.1K
304. Joe the King,https://www.imdb.com/title/tt0160672/?ref_=sr_t_304,1999,1h 33m,R,6.7,3.1K
305. Shiloh 2: Shiloh Season,https://www.imdb.com/title/tt0175159/?ref_=sr_t_305,1999,1h 36m,PG,6.0,1K
306. Children of the Century,https://www.imdb.com/title/tt0177746/?ref_=sr_t_306,1999,2h 15m,,6.5,2.1K
307. Herod's Law,https://www.imdb.com/title/tt0221344/?ref_=sr_t_307,1999,2h 3m,R,7.8,7.3K
308. Only You,https://www.imdb.com/title/tt0244794/?ref_=sr_t_308,1999,2h 30m,,6.2,1.8K
309. International Khiladi,https://www.imdb.com/title/tt0196635/?ref_=sr_t_309,1999,2h 55m,Not Rated,4.8,2.5K
310. On the Ropes,https://www.imdb.com/title/tt0181733/?ref_=sr_t_310,1999,1h 34m,,7.3,486
311. Get Bruce,https://www.imdb.com/title/tt0184510/?ref_=sr_t_311,1999,1h 22m,R,6.2,746
312. Miss Julie,https://www.imdb.com/title/tt0189744/?ref_=sr_t_312,1999,1h 43m,R,6.2,1.6K
313. Dahek: A Burning Passion,https://www.imdb.com/title/tt0217351/?ref_=sr_t_313,1999,2h 35m,,5.1,244
314. Simon Magus,https://www.imdb.com/title/tt0161977/?ref_=sr_t_314,1999,1h 41m,,6.9,626
315. Whiteboyz,https://www.imdb.com/title/tt0178988/?ref_=sr_t_315,1999,1h 32m,R,5.4,2.1K
316. Man of the Century,https://www.imdb.com/title/tt0138537/?ref_=sr_t_316,1999,1h 17m,R,7.0,1.3K
317. Friends & Lovers,https://www.imdb.com/title/tt0143261/?ref_=sr_t_317,1999,1h 43m,R,4.4,1.7K
318. Bolivia,https://www.imdb.com/title/tt0301050/?ref_=sr_t_318,1999,1h 15m,Unrated,7.2,1.2K
319. The Weekend,https://www.imdb.com/title/tt0180301/?ref_=sr_t_319,1999,1h 37m,Not Rated,6.2,335
320. The Boondock Saints,https://www.imdb.com/title/tt0144117/?ref_=sr_t_320,1999,1h 48m,R,7.6,254K
321. Beyond Beautiful,https://www.imdb.com/title/tt10192652/?ref_=sr_t_321,1999,,,,
322. Southpaw,https://www.imdb.com/title/tt0190027/?ref_=sr_t_322,1999,1h 17m,,6.7,152
323. Best Laid Plans,https://www.imdb.com/title/tt0133412/?ref_=sr_t_323,1999,1h 32m,R,6.1,8.4K
324. The Joyriders,https://www.imdb.com/title/tt0139394/?ref_=sr_t_324,1999,1h 40m,PG-13,5.8,512
325. A Room for Romeo Brass,https://www.imdb.com/title/tt0202559/?ref_=sr_t_325,1999,1h 30m,R,7.5,6.3K
326. Clubland,https://www.imdb.com/title/tt0127489/?ref_=sr_t_326,1999,1h 34m,R,4.5,275
327. Molly,https://www.imdb.com/title/tt0143746/?ref_=sr_t_327,1999,1h 42m,PG-13,5.7,3.2K
328. Speedway Junky,https://www.imdb.com/title/tt0155197/?ref_=sr_t_328,1999,1h 45m,R,6.0,2K
329. Bobby G. Can't Swim,https://www.imdb.com/title/tt0194710/?ref_=sr_t_329,1999,1h 29m,R,6.4,397
330. Two Ninas,https://www.imdb.com/title/tt0162024/?ref_=sr_t_330,1999,1h 28m,R,6.1,1.1K
331. Soft Fruit,https://www.imdb.com/title/tt0180181/?ref_=sr_t_331,1999,1h 41m,R,6.6,574
332. Buddy Boy,https://www.imdb.com/title/tt0146516/?ref_=sr_t_332,1999,1h 45m,R,6.3,1.2K
333. Dreaming of Joseph Lees,https://www.imdb.com/title/tt0144178/?ref_=sr_t_333,1999,1h 32m,R,6.3,967
334. Janice Beard,https://www.imdb.com/title/tt0209055/?ref_=sr_t_334,1999,1h 21m,,6.0,378
335. My Voyage to Italy,https://www.imdb.com/title/tt0173772/?ref_=sr_t_335,1999,4h 6m,PG-13,8.2,3.6K
336. The Suburbans,https://www.imdb.com/title/tt0157075/?ref_=sr_t_336,1999,1h 21m,R,4.2,2.6K
337. All the Rage,https://www.imdb.com/title/tt0176426/?ref_=sr_t_337,1999,1h 39m,R,5.5,2K
338. The Young Girl and the Monsoon,https://www.imdb.com/title/tt0161109/?ref_=sr_t_338,1999,1h 30m,Not Rated,5.5,195
339. Tequila Body Shots,https://www.imdb.com/title/tt0144637/?ref_=sr_t_339,1999,1h 37m,R,3.5,407
340. Gendernauts: A Journey Through Shifting Identities,https://www.imdb.com/title/tt0192069/?ref_=sr_t_340,1999,1h 27m,Not Rated,6.5,193
341. Speaking in Strings,https://www.imdb.com/title/tt0181835/?ref_=sr_t_341,1999,1h 13m,Not Rated,6.7,241
342. All My Loved Ones,https://www.imdb.com/title/tt0218705/?ref_=sr_t_342,1999,1h 31m,,7.3,600
343. Coming Soon,https://www.imdb.com/title/tt0150176/?ref_=sr_t_343,1999,1h 36m,R,4.5,1.9K
344. Suits,https://www.imdb.com/title/tt0185711/?ref_=sr_t_344,1999,1h 28m,R,3.9,236
345. Do You Wanna Dance?,https://www.imdb.com/title/tt0118994/?ref_=sr_t_345,1999,1h 44m,,6.2,158
346. Oxygen,https://www.imdb.com/title/tt0160620/?ref_=sr_t_346,1999,1h 32m,R,6.0,4.8K
347. Whatever Happened to Harold Smith?,https://www.imdb.com/title/tt0194530/?ref_=sr_t_347,1999,1h 35m,R,6.4,1.3K
348. The Opera Lover,https://www.imdb.com/title/tt0266820/?ref_=sr_t_348,1999,1h 33m,Not Rated,6.4,141
349. Pups,https://www.imdb.com/title/tt0185101/?ref_=sr_t_349,1999,1h 39m,R,6.1,1.8K
350. The Underground Comedy Movie,https://www.imdb.com/title/tt0201290/?ref_=sr_t_350,1999,1h 28m,R,2.0,2.8K
351. Nobody,https://www.imdb.com/title/tt0203027/?ref_=sr_t_351,1999,,,6.6,153
352. In Bed with Santa,https://www.imdb.com/title/tt0201265/?ref_=sr_t_352,1999,1h 35m,,6.9,9.2K
353. The Man-Eater,https://www.imdb.com/title/tt0195656/?ref_=sr_t_353,1999,1h 20m,,4.3,825
354. Cosy Dens,https://www.imdb.com/title/tt0167331/?ref_=sr_t_354,1999,1h 55m,,8.1,6.5K
355. Pola X,https://www.imdb.com/title/tt0152015/?ref_=sr_t_355,1999,2h 14m,Not Rated,5.7,5.4K
356. Beau Travail,https://www.imdb.com/title/tt0209933/?ref_=sr_t_356,1999,1h 32m,Unrated,7.3,16K
357. The One and Only,https://www.imdb.com/title/tt0167137/?ref_=sr_t_357,1999,1h 46m,,6.9,5.3K
358. Dead End,https://www.imdb.com/title/tt0176646/?ref_=sr_t_358,1999,1h 35m,,5.2,679
359. The Sex Monster,https://www.imdb.com/title/tt0159730/?ref_=sr_t_359,1999,1h 37m,R,5.1,3K
360. Happy End,https://www.imdb.com/title/tt0220507/?ref_=sr_t_360,1999,1h 40m,Not Rated,6.7,2.3K
361. Christmas Vacation 2000,https://www.imdb.com/title/tt0200245/?ref_=sr_t_361,1999,1h 50m,,4.4,1.3K
362. Inferno,https://www.imdb.com/title/tt0139151/?ref_=sr_t_362,1999,1h 35m,R,5.2,11K
363. Two Hands,https://www.imdb.com/title/tt0145547/?ref_=sr_t_363,1999,1h 43m,R,7.1,14K
364. Cherry Falls,https://www.imdb.com/title/tt0175526/?ref_=sr_t_364,1999,1h 32m,R,5.3,15K
365. The Trench,https://www.imdb.com/title/tt0161010/?ref_=sr_t_365,1999,1h 38m,Not Rated,5.9,4.4K
366. Beowulf,https://www.imdb.com/title/tt0120604/?ref_=sr_t_366,1999,1h 35m,R,4.1,13K
367. My Teacher's Wife,https://www.imdb.com/title/tt0112444/?ref_=sr_t_367,1999,1h 29m,R,5.5,2.1K
368. In China They Eat Dogs,https://www.imdb.com/title/tt0180748/?ref_=sr_t_368,1999,1h 31m,Not Rated,7.3,23K
369. Unruly,https://www.imdb.com/title/tt0187330/?ref_=sr_t_369,1999,1h 40m,,4.6,533
370. Upendra,https://www.imdb.com/title/tt2330098/?ref_=sr_t_370,1999,2h 18m,,8.8,3.8K
371. Little Crumb,https://www.imdb.com/title/tt0205190/?ref_=sr_t_371,1999,1h 59m,,6.5,2.7K
372. Bleeder,https://www.imdb.com/title/tt0161292/?ref_=sr_t_372,1999,1h 38m,,6.8,9.5K
373. Sunburn,https://www.imdb.com/title/tt0168199/?ref_=sr_t_373,1999,1h 29m,Not Rated,6.4,852
374. The New Eve,https://www.imdb.com/title/tt0186397/?ref_=sr_t_374,1999,1h 34m,,6.0,724
375. Sangharsh,https://www.imdb.com/title/tt0111068/?ref_=sr_t_375,1999,2h 7m,Not Rated,6.7,5.9K
376. Rogue Trader,https://www.imdb.com/title/tt0131566/?ref_=sr_t_376,1999,1h 41m,R,6.4,11K
377. The Awakening of Gabriella,https://www.imdb.com/title/tt0208697/?ref_=sr_t_377,1999,1h 33m,R,4.7,544
378. Kaun?,https://www.imdb.com/title/tt0195002/?ref_=sr_t_378,1999,1h 30m,,7.8,5.4K
379. My Best Fiend,https://www.imdb.com/title/tt0200849/?ref_=sr_t_379,1999,1h 35m,Not Rated,7.8,12K
380. Harem Suare,https://www.imdb.com/title/tt0179841/?ref_=sr_t_380,1999,2h 5m,R,6.1,3.2K
381. Between Your Legs,https://www.imdb.com/title/tt0177747/?ref_=sr_t_381,1999,1h 55m,,6.2,3.1K
382. Resurrection,https://www.imdb.com/title/tt0142804/?ref_=sr_t_382,1999,1h 48m,R,6.1,11K
383. Guest House Paradiso,https://www.imdb.com/title/tt0202381/?ref_=sr_t_383,1999,1h 29m,R,6.1,11K
384. Gorgeous,https://www.imdb.com/title/tt0184526/?ref_=sr_t_384,1999,2h 1m,PG-13,6.0,14K
385. Freeway II: Confessions of a Trickbaby,https://www.imdb.com/title/tt0175536/?ref_=sr_t_385,1999,1h 37m,R,5.4,3.6K
386. Giving It Up,https://www.imdb.com/title/tt0120628/?ref_=sr_t_386,1999,1h 30m,R,4.2,495
387. Y2K,https://www.imdb.com/title/tt0196221/?ref_=sr_t_387,1999,1h 46m,R,4.2,621
388. Walking Across Egypt,https://www.imdb.com/title/tt0175317/?ref_=sr_t_388,1999,1h 40m,PG-13,7.2,1.4K
389. The Last Seduction II,https://www.imdb.com/title/tt0177898/?ref_=sr_t_389,1999,1h 36m,R,4.3,574
390. Treasure Island,https://www.imdb.com/title/tt0248568/?ref_=sr_t_390,1999,1h 34m,PG-13,5.2,660
391. The Miracle Maker,https://www.imdb.com/title/tt0208298/?ref_=sr_t_391,1999,1h 30m,G,7.1,1.8K
392. Peppermint Candy,https://www.imdb.com/title/tt0247613/?ref_=sr_t_392,1999,2h 9m,,7.6,11K
393. Phone Sex,https://www.imdb.com/title/tt0318564/?ref_=sr_t_393,1999,1h 32m,,6.0,716
394. Girl on the Bridge,https://www.imdb.com/title/tt0144201/?ref_=sr_t_394,1999,1h 30m,R,7.5,15K
395. Shandra: The Jungle Girl,https://www.imdb.com/title/tt0218604/?ref_=sr_t_395,1999,1h 14m,R,3.1,336
396. Terror Firmer,https://www.imdb.com/title/tt0169299/?ref_=sr_t_396,1999,2h 4m,R,6.1,5.8K
397. Desecration,https://www.imdb.com/title/tt0273169/?ref_=sr_t_397,1999,1h 28m,Unrated,4.4,678
398. Humanité,https://www.imdb.com/title/tt0197569/?ref_=sr_t_398,1999,2h 21m,Not Rated,6.8,5.2K
399. My Neighbors the Yamadas,https://www.imdb.com/title/tt0206013/?ref_=sr_t_399,1999,1h 44m,PG,7.1,17K
400. Veronica 2030,https://www.imdb.com/title/tt0189184/?ref_=sr_t_400,1999,1h 10m,R,3.9,552
"401. Sexo, pudor y lágrimas",https://www.imdb.com/title/tt0164877/?ref_=sr_t_401,1999,1h 49m,R,6.5,3.2K
402. Splendor,https://www.imdb.com/title/tt0127296/?ref_=sr_t_402,1999,1h 33m,R,6.0,3.7K
403. Trailer Park Boys,https://www.imdb.com/title/tt0383678/?ref_=sr_t_403,1999,1h 7m,PG-13,7.9,4K
404. Just Looking,https://www.imdb.com/title/tt0162236/?ref_=sr_t_404,1999,1h 37m,R,6.6,1.6K
405. Komodo,https://www.imdb.com/title/tt0172669/?ref_=sr_t_405,1999,1h 30m,PG-13,4.2,3.8K
406. The Escort,https://www.imdb.com/title/tt0187601/?ref_=sr_t_406,1999,1h 40m,Not Rated,6.2,1.4K
407. Paperback Hero,https://www.imdb.com/title/tt0180037/?ref_=sr_t_407,1999,1h 36m,Not Rated,6.4,2.4K
408. Embrace the Darkness,https://www.imdb.com/title/tt0162945/?ref_=sr_t_408,1999,1h 33m,R,3.4,702
409. Blood Dolls,https://www.imdb.com/title/tt0203343/?ref_=sr_t_409,1999,1h 24m,R,4.5,1.8K
410. The Mating Habits of the Earthbound Human,https://www.imdb.com/title/tt0165874/?ref_=sr_t_410,1999,1h 28m,R,6.3,6.6K
411. The Protagonists,https://www.imdb.com/title/tt0167351/?ref_=sr_t_411,1999,1h 32m,,5.5,563
"412. Shame, Shame, Shame",https://www.imdb.com/title/tt0117617/?ref_=sr_t_412,1999,1h 27m,R,3.6,205
413. The Key to Sex,https://www.imdb.com/title/tt0177967/?ref_=sr_t_413,1999,1h 26m,R,4.9,533
414. Sethu,https://www.imdb.com/title/tt0265730/?ref_=sr_t_414,1999,2h 10m,,8.1,3K
415. The Green Elephant,https://www.imdb.com/title/tt1003080/?ref_=sr_t_415,1999,1h 30m,,5.3,3.4K
416. Thick as Thieves,https://www.imdb.com/title/tt0147599/?ref_=sr_t_416,1999,1h 33m,R,5.8,2.9K
417. The Breaks,https://www.imdb.com/title/tt0181322/?ref_=sr_t_417,1999,1h 26m,R,6.1,1.4K
418. Vivid,https://www.imdb.com/title/tt0144669/?ref_=sr_t_418,1999,1h 24m,R,4.2,604
419. Anarchy in Japan-Suke,https://www.imdb.com/title/tt0315764/?ref_=sr_t_419,1999,1h 8m,,5.2,146
420. Ring 2,https://www.imdb.com/title/tt0218553/?ref_=sr_t_420,1999,1h 35m,Not Rated,5.9,15K
421. Drawing Blood,https://www.imdb.com/title/tt0286069/?ref_=sr_t_421,1999,1h 30m,Not Rated,4.2,257
422. With Fire and Sword,https://www.imdb.com/title/tt0128378/?ref_=sr_t_422,1999,2h 55m,,7.0,5.6K
423. Stripper Wives,https://www.imdb.com/title/tt0197922/?ref_=sr_t_423,1999,1h 26m,R,5.3,209
424. King of Comedy,https://www.imdb.com/title/tt0188766/?ref_=sr_t_424,1999,1h 29m,,7.2,8.2K
425. I Like to Play Games Too,https://www.imdb.com/title/tt0210112/?ref_=sr_t_425,1999,1h 36m,R,4.9,449
426. Kolobos,https://www.imdb.com/title/tt0151239/?ref_=sr_t_426,1999,1h 27m,R,5.1,2.7K
427. The Rifleman of the Voroshilov Regiment,https://www.imdb.com/title/tt0200267/?ref_=sr_t_427,1999,1h 35m,,7.4,5.1K
428. Forbidden Sins,https://www.imdb.com/title/tt0171326/?ref_=sr_t_428,1999,1h 33m,R,4.1,595
429. Scorpio Nights 2,https://www.imdb.com/title/tt0292223/?ref_=sr_t_429,1999,1h 36m,,5.5,556
430. Silvia Prieto,https://www.imdb.com/title/tt0194378/?ref_=sr_t_430,1999,1h 32m,R,6.8,1.8K
431. My Brother the Pig,https://www.imdb.com/title/tt0165396/?ref_=sr_t_431,1999,1h 32m,PG,4.2,1.6K
432. What Becomes of the Broken Hearted?,https://www.imdb.com/title/tt0197094/?ref_=sr_t_432,1999,1h 48m,,6.3,3.8K
433. The 4th Floor,https://www.imdb.com/title/tt0167752/?ref_=sr_t_433,1999,1h 30m,R,5.8,5.7K
434. Sex Education,https://www.imdb.com/title/tt0427845/?ref_=sr_t_434,1999,,,4.9,13
435. I'll Remember April,https://www.imdb.com/title/tt0155754/?ref_=sr_t_435,1999,1h 30m,PG,6.3,790
436. The Killer Eye,https://www.imdb.com/title/tt0177886/?ref_=sr_t_436,1999,1h 12m,R,2.8,1.3K
437. Guardami,https://www.imdb.com/title/tt0172518/?ref_=sr_t_437,1999,1h 35m,,5.5,806
438. Franck Spadone,https://www.imdb.com/title/tt0166199/?ref_=sr_t_438,1999,1h 25m,,4.4,418
439. Gemini,https://www.imdb.com/title/tt0210302/?ref_=sr_t_439,1999,1h 24m,,6.8,3K
440. Kate's Addiction,https://www.imdb.com/title/tt0190503/?ref_=sr_t_440,1999,1h 30m,R,4.1,729
441. After the Rain,https://www.imdb.com/title/tt0181960/?ref_=sr_t_441,1999,1h 31m,,7.6,4.6K
442. Tom's Midnight Garden,https://www.imdb.com/title/tt0146315/?ref_=sr_t_442,1999,1h 47m,Unrated,6.5,937
443. Woman Wanted,https://www.imdb.com/title/tt0158369/?ref_=sr_t_443,1999,1h 50m,R,5.4,840
444. Dying of Laughter,https://www.imdb.com/title/tt0168080/?ref_=sr_t_444,1999,1h 53m,R,6.5,3.7K
445. Bridge of Dragons,https://www.imdb.com/title/tt0194722/?ref_=sr_t_445,1999,1h 32m,R,4.7,3K
446. Kærlighed ved første hik,https://www.imdb.com/title/tt0164711/?ref_=sr_t_446,1999,1h 25m,Not Rated,6.1,3K
447. Animal Attraction: Carnal Desires,https://www.imdb.com/title/tt0225339/?ref_=sr_t_447,1999,1h 27m,R,4.3,430
448. Gamera 3: Revenge of Iris,https://www.imdb.com/title/tt0184503/?ref_=sr_t_448,1999,1h 48m,Not Rated,7.1,3.4K
449. Turbulence 2: Fear of Flying,https://www.imdb.com/title/tt0192701/?ref_=sr_t_449,1999,1h 41m,R,4.3,2.4K
450. The Knife,https://www.imdb.com/title/tt0192377/?ref_=sr_t_450,1999,2h 15m,,8.5,3.8K
451. The Health Journey,https://www.imdb.com/title/tt0166653/?ref_=sr_t_451,1999,1h 45m,,4.3,3.9K
452. Criminal Lovers,https://www.imdb.com/title/tt0205735/?ref_=sr_t_452,1999,1h 36m,TV-MA,6.4,4.6K
453. Lola and Billy the Kid,https://www.imdb.com/title/tt0137079/?ref_=sr_t_453,1999,1h 33m,Unrated,6.9,1.4K
454. Vanaprastham,https://www.imdb.com/title/tt0202055/?ref_=sr_t_454,1999,1h 59m,,8.1,2K
455. Doraemon: Nobita Drifts in the Universe,https://www.imdb.com/title/tt1147514/?ref_=sr_t_455,1999,1h 33m,,6.6,339
456. Dead or Alive,https://www.imdb.com/title/tt0221111/?ref_=sr_t_456,1999,1h 45m,Unrated,6.7,8.7K
457. The Confession,https://www.imdb.com/title/tt0128137/?ref_=sr_t_457,1999,1h 54m,R,6.0,2.9K
458. Forever Mine,https://www.imdb.com/title/tt0179182/?ref_=sr_t_458,1999,1h 55m,R,5.3,2.8K
459. Railroad Man,https://www.imdb.com/title/tt0206216/?ref_=sr_t_459,1999,1h 52m,,7.1,1.4K
460. Story of a Bad Boy,https://www.imdb.com/title/tt0138834/?ref_=sr_t_460,1999,1h 25m,Not Rated,5.2,509
461. Suckers,https://www.imdb.com/title/tt0199054/?ref_=sr_t_461,1999,1h 27m,R,6.4,1.1K
"462. Sex, Death & The Hollywood Mystique",https://www.imdb.com/title/tt1836910/?ref_=sr_t_462,1999,2h 35m,,6.4,8
463. The Nameless,https://www.imdb.com/title/tt0222368/?ref_=sr_t_463,1999,1h 42m,R,5.8,7.8K
464. Sooryavansham,https://www.imdb.com/title/tt0214178/?ref_=sr_t_464,1999,2h 48m,,6.4,4.1K
465. No One Writes to the Colonel,https://www.imdb.com/title/tt0132905/?ref_=sr_t_465,1999,2h 2m,Not Rated,6.6,1.3K
466. Dreamers,https://www.imdb.com/title/tt0160229/?ref_=sr_t_466,1999,1h 33m,,5.1,175
467. Peppermint,https://www.imdb.com/title/tt0232295/?ref_=sr_t_467,1999,1h 45m,,6.8,1K
468. Interceptor Force,https://www.imdb.com/title/tt0167215/?ref_=sr_t_468,1999,1h 37m,R,3.8,992
469. Julia,https://www.imdb.com/title/tt0431785/?ref_=sr_t_469,1999,1h 25m,,4.6,315
470. Furia,https://www.imdb.com/title/tt0181549/?ref_=sr_t_470,1999,1h 30m,,5.3,728
471. Olsenbandens siste stikk,https://www.imdb.com/title/tt0195960/?ref_=sr_t_471,1999,1h 30m,,5.3,829
472. Flypaper,https://www.imdb.com/title/tt0132165/?ref_=sr_t_472,1999,1h 48m,R,5.2,872
473. Clouds of May,https://www.imdb.com/title/tt0234217/?ref_=sr_t_473,1999,2h 10m,,7.3,7K
474. The Secret Laughter of Women,https://www.imdb.com/title/tt0132502/?ref_=sr_t_474,1999,1h 39m,,6.0,760
475. Propaganda,https://www.imdb.com/title/tt0216986/?ref_=sr_t_475,1999,2h,,7.1,10K
476. Jaime,https://www.imdb.com/title/tt0120790/?ref_=sr_t_476,1999,1h 51m,,7.0,1.3K
477. The Mission,https://www.imdb.com/title/tt0220644/?ref_=sr_t_477,1999,1h 24m,Not Rated,7.5,6.3K
478. Wild Zero,https://www.imdb.com/title/tt0267116/?ref_=sr_t_478,1999,1h 38m,Not Rated,6.3,3.9K
479. L'iniziazione,https://www.imdb.com/title/tt0360665/?ref_=sr_t_479,1999,52m,,7.3,64
480. Kachche Dhaage,https://www.imdb.com/title/tt0206067/?ref_=sr_t_480,1999,2h 24m,Not Rated,6.0,1.8K
481. Noll tolerans,https://www.imdb.com/title/tt0198837/?ref_=sr_t_481,1999,1h 48m,,6.5,4.3K
482. Major Rock,https://www.imdb.com/title/tt0209124/?ref_=sr_t_482,1999,1h 23m,R,5.8,125
483. Bang Boom Bang - Ein todsicheres Ding,https://www.imdb.com/title/tt0135790/?ref_=sr_t_483,1999,1h 50m,,7.5,11K
484. Table for One,https://www.imdb.com/title/tt0163318/?ref_=sr_t_484,1999,1h 50m,R,5.2,599
485. Goosed,https://www.imdb.com/title/tt0138474/?ref_=sr_t_485,1999,1h 35m,Not Rated,4.3,579
486. Mann - Soul's Heart,https://www.imdb.com/title/tt0206921/?ref_=sr_t_486,1999,2h 40m,Not Rated,6.2,6K
487. The Legend of the Titanic,https://www.imdb.com/title/tt1623780/?ref_=sr_t_487,1999,1h 24m,G,1.4,3.7K
488. Captain Pantoja and the Special Services,https://www.imdb.com/title/tt0190611/?ref_=sr_t_488,1999,2h 17m,R,7.1,2.7K
489. Women Talking Dirty,https://www.imdb.com/title/tt0180316/?ref_=sr_t_489,1999,1h 37m,Not Rated,6.0,864
490. Third World Cop,https://www.imdb.com/title/tt0179063/?ref_=sr_t_490,1999,1h 38m,R,6.1,504
491. Hot Wax Zombies on Wheels,https://www.imdb.com/title/tt0160376/?ref_=sr_t_491,1999,1h 22m,Not Rated,3.2,876
492. The Lost Son,https://www.imdb.com/title/tt0144286/?ref_=sr_t_492,1999,1h 42m,R,6.4,2.1K
493. Choke,https://www.imdb.com/title/tt0251637/?ref_=sr_t_493,1999,1h 38m,Unrated,7.4,984
494. Running Out of Time,https://www.imdb.com/title/tt0216165/?ref_=sr_t_494,1999,1h 33m,Not Rated,7.3,6.7K
495. American Virgin,https://www.imdb.com/title/tt0143422/?ref_=sr_t_495,1999,1h 28m,R,3.5,1.7K
496. Padaiyappa,https://www.imdb.com/title/tt0213969/?ref_=sr_t_496,1999,3h 1m,,8.2,8.3K
497. Monishaa en Monalisa,https://www.imdb.com/title/tt0285739/?ref_=sr_t_497,1999,,,5.2,75
498. Kadhalar Dinam,https://www.imdb.com/title/tt0213753/?ref_=sr_t_498,1999,2h 27m,,6.6,853
499. Pan Tadeusz,https://www.imdb.com/title/tt0170351/?ref_=sr_t_499,1999,2h 27m,Not Rated,6.1,3.8K
500. Aa Ab Laut Chalen,https://www.imdb.com/title/tt0149568/?ref_=sr_t_500,1999,2h 57m,,5.4,2K
