Title,Movie Link,Year,Duration,MPA,Rating,Votes
1. One Hundred and One Dalmatians,https://www.imdb.com/title/tt0055254/?ref_=sr_t_1,1961,1h 19m,G,7.3,187K
2. West Side Story,https://www.imdb.com/title/tt0055614/?ref_=sr_t_2,1961,2h 33m,Approved,7.6,123K
3. Seong Chun-hyang,https://www.imdb.com/title/tt0390466/?ref_=sr_t_3,1961,2h,,6.2,78
4. Last Year at Marienbad,https://www.imdb.com/title/tt0054632/?ref_=sr_t_4,1961,1h 34m,Not Rated,7.6,26K
5. Lola,https://www.imdb.com/title/tt0055093/?ref_=sr_t_5,1961,1h 30m,Not Rated,7.4,7.9K
6. A Woman Is a Woman,https://www.imdb.com/title/tt0055572/?ref_=sr_t_6,1961,1h 24m,Not Rated,7.3,20K
"7. Léon Morin, Priest",https://www.imdb.com/title/tt0055082/?ref_=sr_t_7,1961,1h 57m,Not Rated,7.5,5.9K
8. A Difficult Life,https://www.imdb.com/title/tt0055602/?ref_=sr_t_8,1961,1h 58m,Not Rated,8.0,2.3K
9. Yojimbo,https://www.imdb.com/title/tt0055630/?ref_=sr_t_9,1961,1h 50m,Not Rated,8.2,136K
10. La Notte,https://www.imdb.com/title/tt0054130/?ref_=sr_t_10,1961,2h 2m,Not Rated,7.9,25K
11. The Exiles,https://www.imdb.com/title/tt0054861/?ref_=sr_t_11,1961,1h 12m,Not Rated,6.6,1.4K
12. Il posto,https://www.imdb.com/title/tt0055320/?ref_=sr_t_12,1961,1h 33m,Not Rated,7.9,7K
13. Breakfast at Tiffany's,https://www.imdb.com/title/tt0054698/?ref_=sr_t_13,1961,1h 55m,Approved,7.6,196K
14. Babes in Toyland,https://www.imdb.com/title/tt0054649/?ref_=sr_t_14,1961,1h 46m,Approved,6.1,5K
15. The Guns of Navarone,https://www.imdb.com/title/tt0054953/?ref_=sr_t_15,1961,2h 38m,Not Rated,7.5,57K
16. Pocketful of Miracles,https://www.imdb.com/title/tt0055312/?ref_=sr_t_16,1961,2h 16m,Approved,7.1,8.2K
17. The Parent Trap,https://www.imdb.com/title/tt0055277/?ref_=sr_t_17,1961,2h 9m,G,7.2,25K
18. Judgment at Nuremberg,https://www.imdb.com/title/tt0055031/?ref_=sr_t_18,1961,2h 59m,Approved,8.3,89K
19. The Innocents,https://www.imdb.com/title/tt0055018/?ref_=sr_t_19,1961,1h 40m,Approved,7.7,34K
20. King of Kings,https://www.imdb.com/title/tt0055047/?ref_=sr_t_20,1961,2h 48m,PG-13,7.0,9.3K
21. The Last Sunset,https://www.imdb.com/title/tt0055073/?ref_=sr_t_21,1961,1h 52m,Approved,6.7,3.9K
22. The Hustler,https://www.imdb.com/title/tt0054997/?ref_=sr_t_22,1961,2h 14m,Approved,7.9,88K
23. El Cid,https://www.imdb.com/title/tt0054847/?ref_=sr_t_23,1961,3h 2m,Approved,7.2,16K
24. Splendor in the Grass,https://www.imdb.com/title/tt0055471/?ref_=sr_t_24,1961,2h 4m,Approved,7.7,23K
25. Viridiana,https://www.imdb.com/title/tt0055601/?ref_=sr_t_25,1961,1h 31m,Not Rated,8.0,27K
26. The Misfits,https://www.imdb.com/title/tt0055184/?ref_=sr_t_26,1961,2h 5m,Approved,7.2,24K
27. Cash on Demand,https://www.imdb.com/title/tt0054731/?ref_=sr_t_27,1961,1h 29m,Approved,7.5,3.1K
28. One-Eyed Jacks,https://www.imdb.com/title/tt0055257/?ref_=sr_t_28,1961,2h 21m,Not Rated,7.1,14K
29. Blast of Silence,https://www.imdb.com/title/tt0054687/?ref_=sr_t_29,1961,1h 17m,Approved,7.4,6K
30. The Secret Ways,https://www.imdb.com/title/tt0055423/?ref_=sr_t_30,1961,1h 52m,Approved,6.2,539
31. Black Gravel,https://www.imdb.com/title/tt0055418/?ref_=sr_t_31,1961,1h 53m,,7.5,465
32. Blue Hawaii,https://www.imdb.com/title/tt0054692/?ref_=sr_t_32,1961,1h 42m,PG,6.1,7.8K
"33. One, Two, Three",https://www.imdb.com/title/tt0055256/?ref_=sr_t_33,1961,1h 44m,Approved,7.8,24K
34. No Place Like Homicide!,https://www.imdb.com/title/tt0056285/?ref_=sr_t_34,1961,1h 27m,,6.3,1K
35. Mysterious Island,https://www.imdb.com/title/tt0055207/?ref_=sr_t_35,1961,1h 41m,Approved,6.7,8.8K
36. Wonderful to Be Young!,https://www.imdb.com/title/tt0055626/?ref_=sr_t_36,1961,1h 32m,Not Rated,5.8,748
37. Two Rode Together,https://www.imdb.com/title/tt0055558/?ref_=sr_t_37,1961,1h 49m,Approved,6.7,7.2K
38. The Curse of the Werewolf,https://www.imdb.com/title/tt0054777/?ref_=sr_t_38,1961,1h 33m,Approved,6.5,7.3K
39. The Children's Hour,https://www.imdb.com/title/tt0054743/?ref_=sr_t_39,1961,1h 48m,Approved,7.8,19K
40. The Absent Minded Professor,https://www.imdb.com/title/tt0054594/?ref_=sr_t_40,1961,1h 37m,Approved,6.7,9.5K
41. A Raisin in the Sun,https://www.imdb.com/title/tt0055353/?ref_=sr_t_41,1961,2h 8m,Approved,8.0,10K
42. The Pit and the Pendulum,https://www.imdb.com/title/tt0055304/?ref_=sr_t_42,1961,1h 20m,Approved,7.0,17K
43. Murder She Said,https://www.imdb.com/title/tt0055205/?ref_=sr_t_43,1961,1h 27m,Approved,7.3,8.9K
44. Whistle Down the Wind,https://www.imdb.com/title/tt0055618/?ref_=sr_t_44,1961,1h 39m,Unrated,7.6,3.9K
45. The Miracle of the Wolves,https://www.imdb.com/title/tt0055182/?ref_=sr_t_45,1961,1h 40m,,6.1,463
46. Through a Glass Darkly,https://www.imdb.com/title/tt0055499/?ref_=sr_t_46,1961,1h 30m,Not Rated,7.9,28K
47. The Comancheros,https://www.imdb.com/title/tt0054757/?ref_=sr_t_47,1961,1h 47m,Approved,6.8,10K
48. Placido,https://www.imdb.com/title/tt0055310/?ref_=sr_t_48,1961,1h 25m,,7.8,3.9K
49. Lover Come Back,https://www.imdb.com/title/tt0055100/?ref_=sr_t_49,1961,1h 47m,Approved,7.1,9.1K
50. Flower Drum Song,https://www.imdb.com/title/tt0054885/?ref_=sr_t_50,1961,2h 13m,Approved,6.9,3.8K
51. Mr. Sardonicus,https://www.imdb.com/title/tt0055200/?ref_=sr_t_51,1961,1h 29m,Approved,6.6,3.8K
52. Homicidal,https://www.imdb.com/title/tt0054988/?ref_=sr_t_52,1961,1h 28m,Unrated,6.8,4K
53. Gorgo,https://www.imdb.com/title/tt0054938/?ref_=sr_t_53,1961,1h 18m,Approved,5.6,4.5K
54. Barabbas,https://www.imdb.com/title/tt0055774/?ref_=sr_t_54,1961,2h 17m,Approved,6.9,7.2K
55. A Taste of Honey,https://www.imdb.com/title/tt0055506/?ref_=sr_t_55,1961,1h 41m,Approved,7.4,6.5K
56. The Strange Countess,https://www.imdb.com/title/tt0055429/?ref_=sr_t_56,1961,1h 35m,,6.1,805
57. King of the Roaring 20's: The Story of Arnold Rothstein,https://www.imdb.com/title/tt0055048/?ref_=sr_t_57,1961,1h 46m,Approved,5.6,331
58. Girl with a Suitcase,https://www.imdb.com/title/tt0054225/?ref_=sr_t_58,1961,1h 36m,,7.4,2.6K
59. Landsbylægen,https://www.imdb.com/title/tt0122581/?ref_=sr_t_59,1961,1h 27m,,5.6,141
60. Divorce Italian Style,https://www.imdb.com/title/tt0055913/?ref_=sr_t_60,1961,1h 45m,Approved,7.9,15K
61. Valley of the Dragons,https://www.imdb.com/title/tt0055583/?ref_=sr_t_61,1961,1h 22m,Approved,4.9,804
62. The Colossus of Rhodes,https://www.imdb.com/title/tt0054756/?ref_=sr_t_62,1961,2h 7m,Approved,5.8,4.4K
63. Come September,https://www.imdb.com/title/tt0054759/?ref_=sr_t_63,1961,1h 52m,Approved,6.9,4.2K
64. The Phantom Planet,https://www.imdb.com/title/tt0055294/?ref_=sr_t_64,1961,1h 22m,Unrated,3.9,3.4K
65. X-15,https://www.imdb.com/title/tt0055627/?ref_=sr_t_65,1961,1h 47m,,5.5,788
66. Tintin and the Mystery of the Golden Fleece,https://www.imdb.com/title/tt0055526/?ref_=sr_t_66,1961,1h 44m,,6.1,1.6K
67. The Human Condition III: A Soldier's Prayer,https://www.imdb.com/title/tt0055233/?ref_=sr_t_67,1961,3h 10m,Not Rated,8.8,7.7K
68. The Night Before Christmas,https://www.imdb.com/title/tt0057637/?ref_=sr_t_68,1961,1h 8m,,7.5,2.2K
69. Mothra,https://www.imdb.com/title/tt0055198/?ref_=sr_t_69,1961,1h 41m,Approved,6.6,5.6K
70. Something Wild,https://www.imdb.com/title/tt0055464/?ref_=sr_t_70,1961,1h 53m,Not Rated,6.7,1.8K
71. Paris Blues,https://www.imdb.com/title/tt0055278/?ref_=sr_t_71,1961,1h 38m,Approved,6.7,4.1K
72. Reptilicus,https://www.imdb.com/title/tt0056405/?ref_=sr_t_72,1961,1h 22m,Approved,3.6,4.5K
73. The Forger of London,https://www.imdb.com/title/tt0054906/?ref_=sr_t_73,1961,1h 33m,,6.1,671
74. The Devil at 4 O'Clock,https://www.imdb.com/title/tt0054805/?ref_=sr_t_74,1961,2h 6m,Approved,6.4,2.7K
75. The Roman Spring of Mrs. Stone,https://www.imdb.com/title/tt0055382/?ref_=sr_t_75,1961,1h 43m,Approved,6.4,3.1K
76. Accattone,https://www.imdb.com/title/tt0054599/?ref_=sr_t_76,1961,1h 57m,Not Rated,7.6,10K
77. His and Hers,https://www.imdb.com/title/tt0054973/?ref_=sr_t_77,1961,1h 30m,,5.7,301
78. Night Tide,https://www.imdb.com/title/tt0055230/?ref_=sr_t_78,1961,1h 26m,Not Rated,6.4,4.3K
79. Victim,https://www.imdb.com/title/tt0055597/?ref_=sr_t_79,1961,1h 40m,Not Rated,7.7,7.6K
80. Hercules in the Haunted World,https://www.imdb.com/title/tt0054850/?ref_=sr_t_80,1961,1h 24m,G,6.1,2.5K
81. The Young Savages,https://www.imdb.com/title/tt0055633/?ref_=sr_t_81,1961,1h 43m,Not Rated,6.9,3.1K
82. Hercules and the Captive Women,https://www.imdb.com/title/tt0054851/?ref_=sr_t_82,1961,1h 34m,Unrated,4.4,1.7K
83. Nude on the Moon,https://www.imdb.com/title/tt0056293/?ref_=sr_t_83,1961,1h 23m,Unrated,3.8,1.4K
84. Carry on Regardless,https://www.imdb.com/title/tt0054727/?ref_=sr_t_84,1961,1h 30m,Not Rated,6.0,2.6K
85. The Day the Earth Caught Fire,https://www.imdb.com/title/tt0054790/?ref_=sr_t_85,1961,1h 39m,Unrated,7.2,6.5K
86. Flight That Disappeared,https://www.imdb.com/title/tt0054881/?ref_=sr_t_86,1961,1h 11m,Approved,5.7,926
87. Pirates of Tortuga,https://www.imdb.com/title/tt0055302/?ref_=sr_t_87,1961,1h 37m,Approved,5.3,457
88. Greyfriars Bobby: The True Story of a Dog,https://www.imdb.com/title/tt0054944/?ref_=sr_t_88,1961,1h 27m,Approved,7.2,1.9K
89. Voyage to the Bottom of the Sea,https://www.imdb.com/title/tt0055608/?ref_=sr_t_89,1961,1h 45m,PG,6.0,6.8K
90. The Ladies Man,https://www.imdb.com/title/tt0055069/?ref_=sr_t_90,1961,1h 35m,Approved,6.3,4.8K
91. Scream of Fear,https://www.imdb.com/title/tt0055505/?ref_=sr_t_91,1961,1h 21m,Approved,7.4,5.8K
92. Drei Mann in einem Boot,https://www.imdb.com/title/tt0054826/?ref_=sr_t_92,1961,1h 30m,,6.1,540
93. Back Street,https://www.imdb.com/title/tt0054653/?ref_=sr_t_93,1961,1h 47m,Approved,6.6,1.3K
94. The Story of the Count of Monte Cristo,https://www.imdb.com/title/tt0054761/?ref_=sr_t_94,1961,2h 12m,,6.4,570
95. The Deadly Companions,https://www.imdb.com/title/tt0054795/?ref_=sr_t_95,1961,1h 33m,Approved,6.1,2.9K
96. Atlantis: The Lost Continent,https://www.imdb.com/title/tt0054642/?ref_=sr_t_96,1961,1h 30m,Approved,5.5,2.2K
97. Town Without Pity,https://www.imdb.com/title/tt0055539/?ref_=sr_t_97,1961,1h 45m,Approved,7.2,2K
98. The Three Musketeers: Part I - The Queen's Diamonds,https://www.imdb.com/title/tt0055549/?ref_=sr_t_98,1961,1h 42m,,6.6,660
99. The Naked Edge,https://www.imdb.com/title/tt0055214/?ref_=sr_t_99,1961,1h 37m,Approved,6.6,1.6K
100. Goodbye Again,https://www.imdb.com/title/tt0054936/?ref_=sr_t_100,1961,2h,Not Rated,7.0,3.2K
101. The Beast of Yucca Flats,https://www.imdb.com/title/tt0054673/?ref_=sr_t_101,1961,54m,Unrated,1.9,11K
102. Gidget Goes Hawaiian,https://www.imdb.com/title/tt0054923/?ref_=sr_t_102,1961,1h 41m,Not Rated,5.7,1.3K
103. Fanny,https://www.imdb.com/title/tt0054866/?ref_=sr_t_103,1961,2h 14m,Approved,6.8,2.8K
104. Hand in Hand,https://www.imdb.com/title/tt0053889/?ref_=sr_t_104,1961,1h 18m,Approved,7.4,599
105. A Majority of One,https://www.imdb.com/title/tt0055124/?ref_=sr_t_105,1961,2h 36m,Approved,6.7,1.3K
106. Madame,https://www.imdb.com/title/tt0056208/?ref_=sr_t_106,1961,1h 38m,,6.0,473
107. On the Double,https://www.imdb.com/title/tt0055253/?ref_=sr_t_107,1961,1h 32m,Approved,6.4,909
108. Francis of Assisi,https://www.imdb.com/title/tt0054892/?ref_=sr_t_108,1961,1h 45m,Approved,6.3,1.2K
109. The Marriage-Go-Round,https://www.imdb.com/title/tt0054064/?ref_=sr_t_109,1961,1h 38m,Approved,5.9,423
110. The Naked Witch,https://www.imdb.com/title/tt0054111/?ref_=sr_t_110,1961,59m,R,3.2,606
111. Duel of the Titans,https://www.imdb.com/title/tt0057460/?ref_=sr_t_111,1961,1h 29m,Not Rated,5.8,1K
112. Bachelor in Paradise,https://www.imdb.com/title/tt0054652/?ref_=sr_t_112,1961,1h 49m,Not Rated,6.3,1.9K
113. Go Naked in the World,https://www.imdb.com/title/tt0054933/?ref_=sr_t_113,1961,1h 43m,Approved,5.4,461
114. Mother Joan of the Angels,https://www.imdb.com/title/tt0055153/?ref_=sr_t_114,1961,1h 50m,,7.5,4.5K
115. The Steamroller and the Violin,https://www.imdb.com/title/tt0053987/?ref_=sr_t_115,1961,46m,,7.4,7.3K
116. Master of the World,https://www.imdb.com/title/tt0055152/?ref_=sr_t_116,1961,1h 42m,Approved,5.8,3.6K
117. Paris Belongs to Us,https://www.imdb.com/title/tt0054156/?ref_=sr_t_117,1961,2h,Not Rated,6.7,2.8K
118. A Cold Wind in August,https://www.imdb.com/title/tt0054755/?ref_=sr_t_118,1961,1h 20m,Approved,6.6,439
119. The Snake Woman,https://www.imdb.com/title/tt0055456/?ref_=sr_t_119,1961,1h 8m,Approved,4.9,591
120. The Mask,https://www.imdb.com/title/tt0055151/?ref_=sr_t_120,1961,1h 23m,Approved,5.8,1.1K
121. Wild in the Country,https://www.imdb.com/title/tt0055623/?ref_=sr_t_121,1961,1h 54m,Approved,6.3,2.1K
122. The Thief of Baghdad,https://www.imdb.com/title/tt0054013/?ref_=sr_t_122,1961,1h 40m,Approved,6.3,704
123. Dead Eyes of London,https://www.imdb.com/title/tt0054395/?ref_=sr_t_123,1961,1h 44m,Not Rated,6.4,1.4K
124. Romulus and the Sabines,https://www.imdb.com/title/tt0055356/?ref_=sr_t_124,1961,1h 38m,,4.7,370
125. A Thunder of Drums,https://www.imdb.com/title/tt0055524/?ref_=sr_t_125,1961,1h 37m,Approved,5.9,1K
126. Creature from the Haunted Sea,https://www.imdb.com/title/tt0054768/?ref_=sr_t_126,1961,1h 3m,Unrated,3.5,3.4K
127. The Trojan Horse,https://www.imdb.com/title/tt0056042/?ref_=sr_t_127,1961,1h 45m,Not Rated,5.9,680
128. Diary of a Nudist,https://www.imdb.com/title/tt0054809/?ref_=sr_t_128,1961,1h 12m,,4.2,582
129. Erik the Conqueror,https://www.imdb.com/title/tt0055022/?ref_=sr_t_129,1961,1h 21m,Not Rated,6.2,1K
130. Queen of the Nile,https://www.imdb.com/title/tt0055222/?ref_=sr_t_130,1961,1h 37m,,5.3,562
"131. Please, Not Now!",https://www.imdb.com/title/tt0054700/?ref_=sr_t_131,1961,1h 25m,,5.5,562
132. Snow White and the Three Stooges,https://www.imdb.com/title/tt0055458/?ref_=sr_t_132,1961,1h 47m,PG,5.2,1.2K
133. The End of Summer,https://www.imdb.com/title/tt0055052/?ref_=sr_t_133,1961,1h 43m,,7.7,4.6K
134. Snow White,https://www.imdb.com/title/tt0173173/?ref_=sr_t_134,1961,1h 3m,,6.4,278
135. Tammy Tell Me True,https://www.imdb.com/title/tt0055503/?ref_=sr_t_135,1961,1h 37m,Approved,6.4,936
136. Too Late Blues,https://www.imdb.com/title/tt0055534/?ref_=sr_t_136,1961,1h 43m,Not Rated,6.8,1.6K
137. The Important Man,https://www.imdb.com/title/tt0055646/?ref_=sr_t_137,1961,1h 40m,Not Rated,7.4,803
138. Partners in Crime,https://www.imdb.com/title/tt10014064/?ref_=sr_t_138,1961,54m,,6.3,56
139. Havoc in Heaven,https://www.imdb.com/title/tt0059855/?ref_=sr_t_139,1961,1h 54m,Not Rated,8.0,2.5K
140. The Second Time Around,https://www.imdb.com/title/tt0055421/?ref_=sr_t_140,1961,1h 39m,Approved,6.5,911
141. Underworld U.S.A.,https://www.imdb.com/title/tt0055571/?ref_=sr_t_141,1961,1h 39m,Not Rated,7.3,4.1K
142. Walk the Angry Beach,https://www.imdb.com/title/tt0055612/?ref_=sr_t_142,1961,1h 14m,,2.0,655
143. Chronicle of a Summer,https://www.imdb.com/title/tt0054745/?ref_=sr_t_143,1961,1h 25m,Not Rated,7.5,3.7K
144. The Devil's Hand,https://www.imdb.com/title/tt0055902/?ref_=sr_t_144,1961,1h 11m,Approved,4.6,1.5K
145. The Shadow of the Cat,https://www.imdb.com/title/tt0055438/?ref_=sr_t_145,1961,1h 19m,Approved,6.3,1.7K
146. Summer and Smoke,https://www.imdb.com/title/tt0055489/?ref_=sr_t_146,1961,1h 58m,Approved,6.8,2.1K
147. The Mark,https://www.imdb.com/title/tt0055146/?ref_=sr_t_147,1961,2h 7m,Approved,7.2,1.1K
148. Parrish,https://www.imdb.com/title/tt0055279/?ref_=sr_t_148,1961,2h 18m,Approved,6.5,1.3K
149. The Silent Call,https://www.imdb.com/title/tt0055449/?ref_=sr_t_149,1961,1h 3m,Approved,5.8,145
150. Atlas Against the Cyclops,https://www.imdb.com/title/tt0055116/?ref_=sr_t_150,1961,1h 40m,Not Rated,4.6,388
151. The Honeymoon Machine,https://www.imdb.com/title/tt0054989/?ref_=sr_t_151,1961,1h 27m,Approved,6.1,1.5K
152. Bridge to the Sun,https://www.imdb.com/title/tt0054701/?ref_=sr_t_152,1961,1h 53m,Approved,7.1,949
153. I Promised to Pay,https://www.imdb.com/title/tt0055283/?ref_=sr_t_153,1961,1h 34m,,7.0,979
154. The Frightened City,https://www.imdb.com/title/tt0054898/?ref_=sr_t_154,1961,1h 37m,,6.2,1.2K
155. The Wonders of Aladdin,https://www.imdb.com/title/tt0055178/?ref_=sr_t_155,1961,1h 33m,,5.5,539
156. Konga,https://www.imdb.com/title/tt0055058/?ref_=sr_t_156,1961,1h 30m,Unrated,4.5,2.2K
157. Battle of the Worlds,https://www.imdb.com/title/tt0054950/?ref_=sr_t_157,1961,1h 24m,Approved,4.3,1K
158. The Terror of the Tongs,https://www.imdb.com/title/tt0055516/?ref_=sr_t_158,1961,1h 16m,Approved,5.7,1.2K
159. Look in Any Window,https://www.imdb.com/title/tt0055097/?ref_=sr_t_159,1961,1h 27m,,5.4,371
160. Pigs and Battleships,https://www.imdb.com/title/tt0054709/?ref_=sr_t_160,1961,1h 48m,Not Rated,7.5,2.7K
161. Battle at Bloody Beach,https://www.imdb.com/title/tt0054671/?ref_=sr_t_161,1961,1h 23m,Approved,5.4,531
162. Vengeance of the Three Musketeers,https://www.imdb.com/title/tt0055548/?ref_=sr_t_162,1961,1h 31m,,6.5,486
163. Ay Chabela...!,https://www.imdb.com/title/tt0276791/?ref_=sr_t_163,1961,1h 20m,,7.6,11
164. Kipling's Women,https://www.imdb.com/title/tt0142453/?ref_=sr_t_164,1961,1h,,4.6,67
165. Far til fire med fuld musik,https://www.imdb.com/title/tt0054868/?ref_=sr_t_165,1961,1h 35m,Not Rated,5.7,390
166. Gunga Jumna,https://www.imdb.com/title/tt0054910/?ref_=sr_t_166,1961,2h 58m,,7.4,694
167. Ring of Fire,https://www.imdb.com/title/tt0055374/?ref_=sr_t_167,1961,1h 31m,Approved,6.2,712
168. The Sins of Rachel Cade,https://www.imdb.com/title/tt0055453/?ref_=sr_t_168,1961,2h 4m,Approved,5.9,618
169. Posse from Hell,https://www.imdb.com/title/tt0055318/?ref_=sr_t_169,1961,1h 28m,Approved,6.6,1.4K
170. La viaccia,https://www.imdb.com/title/tt0056657/?ref_=sr_t_170,1961,1h 42m,,6.9,829
171. Naked As Nature Intended,https://www.imdb.com/title/tt0055216/?ref_=sr_t_171,1961,1h,,4.2,165
172. Common Law Wife,https://www.imdb.com/title/tt0123722/?ref_=sr_t_172,1961,1h 21m,Not Rated,4.4,201
173. The Outsider,https://www.imdb.com/title/tt0055270/?ref_=sr_t_173,1961,1h 48m,Approved,7.2,1K
174. Like Wow!,https://www.imdb.com/title/tt0056256/?ref_=sr_t_174,1961,1h,Unrated,4.7,59
175. On the Fiddle,https://www.imdb.com/title/tt0055262/?ref_=sr_t_175,1961,1h 29m,Not Rated,5.7,589
176. Five Minutes to Live,https://www.imdb.com/title/tt0054817/?ref_=sr_t_176,1961,1h 15m,Approved,5.4,1.1K
"177. Hey, Let's Twist!",https://www.imdb.com/title/tt0054971/?ref_=sr_t_177,1961,1h 19m,Not Rated,4.4,155
178. The Pleasure of His Company,https://www.imdb.com/title/tt0055307/?ref_=sr_t_178,1961,1h 55m,Not Rated,6.7,932
179. Constantine and the Cross,https://www.imdb.com/title/tt0055867/?ref_=sr_t_179,1961,2h,Approved,5.8,595
180. Loss of Innocence,https://www.imdb.com/title/tt0055098/?ref_=sr_t_180,1961,1h 39m,Approved,6.7,610
181. Hum Dono,https://www.imdb.com/title/tt0225961/?ref_=sr_t_181,1961,2h 44m,,7.5,504
182. L'enclos,https://www.imdb.com/title/tt0188589/?ref_=sr_t_182,1961,1h 45m,,6.7,199
183. Taxi for Tobruk,https://www.imdb.com/title/tt0054425/?ref_=sr_t_183,1961,1h 35m,,7.2,2.1K
184. The Errand Boy,https://www.imdb.com/title/tt0054853/?ref_=sr_t_184,1961,1h 32m,Approved,6.4,2.2K
185. All in a Night's Work,https://www.imdb.com/title/tt0054615/?ref_=sr_t_185,1961,1h 34m,Approved,6.1,1K
186. Call Me Genius,https://www.imdb.com/title/tt0055361/?ref_=sr_t_186,1961,1h 45m,,6.8,1.2K
187. Antigone,https://www.imdb.com/title/tt0055375/?ref_=sr_t_187,1961,1h 33m,Not Rated,7.2,926
188. Fear No More,https://www.imdb.com/title/tt0150524/?ref_=sr_t_188,1961,1h 20m,,6.3,402
189. A Wife Confesses,https://www.imdb.com/title/tt0055551/?ref_=sr_t_189,1961,1h 31m,,7.5,836
190. Gold of the Seven Saints,https://www.imdb.com/title/tt0054934/?ref_=sr_t_190,1961,1h 28m,Unrated,6.4,735
191. Suerte te dé Dios,https://www.imdb.com/title/tt0277354/?ref_=sr_t_191,1961,1h 30m,,7.3,16
192. Invasion of the Neptune Men,https://www.imdb.com/title/tt0055562/?ref_=sr_t_192,1961,1h 14m,,2.2,2.9K
193. Don Camillo monsignore... ma non troppo,https://www.imdb.com/title/tt0054814/?ref_=sr_t_193,1961,1h 49m,,6.9,2K
194. A Dance in the Rain,https://www.imdb.com/title/tt0055309/?ref_=sr_t_194,1961,1h 40m,,7.4,419
195. The Giant of Metropolis,https://www.imdb.com/title/tt0054924/?ref_=sr_t_195,1961,1h 38m,Unrated,4.7,471
196. Twenty Plus Two,https://www.imdb.com/title/tt0055552/?ref_=sr_t_196,1961,1h 42m,Approved,6.2,622
197. The Assassin,https://www.imdb.com/title/tt0054640/?ref_=sr_t_197,1961,1h 23m,Not Rated,7.0,1.6K
198. Amphibian Man,https://www.imdb.com/title/tt0055844/?ref_=sr_t_198,1961,1h 36m,Not Rated,6.9,2.9K
199. The Mongols,https://www.imdb.com/title/tt0055190/?ref_=sr_t_199,1961,1h 45m,,5.3,379
200. Boy Who Caught a Crook,https://www.imdb.com/title/tt0054695/?ref_=sr_t_200,1961,1h 12m,Approved,5.5,105
201. The Choppers,https://www.imdb.com/title/tt0054744/?ref_=sr_t_201,1961,1h 6m,Not Rated,4.7,456
202. Joseph and His Brethren,https://www.imdb.com/title/tt0056124/?ref_=sr_t_202,1961,1h 43m,Not Rated,5.4,283
203. The Fascist,https://www.imdb.com/title/tt0054870/?ref_=sr_t_203,1961,1h 42m,,7.4,870
204. Le capitaine Fracasse,https://www.imdb.com/title/tt0053695/?ref_=sr_t_204,1961,1h 48m,,6.1,783
205. Jungle Street Girls,https://www.imdb.com/title/tt0055034/?ref_=sr_t_205,1961,1h 22m,,5.8,191
206. Junglee,https://www.imdb.com/title/tt0055035/?ref_=sr_t_206,1961,2h 30m,,6.9,573
207. Misty,https://www.imdb.com/title/tt0055186/?ref_=sr_t_207,1961,1h 31m,Approved,6.5,392
208. Most Dangerous Man Alive,https://www.imdb.com/title/tt0055197/?ref_=sr_t_208,1961,1h 22m,Approved,5.4,325
209. The Explosive Generation,https://www.imdb.com/title/tt0054862/?ref_=sr_t_209,1961,1h 29m,TV-PG,6.3,442
210. Cuando regrese mamá,https://www.imdb.com/title/tt0276884/?ref_=sr_t_210,1961,1h 30m,,7.9,35
211. Mad Dog Coll,https://www.imdb.com/title/tt0055118/?ref_=sr_t_211,1961,1h 28m,,5.5,398
212. Angel Baby,https://www.imdb.com/title/tt0054628/?ref_=sr_t_212,1961,1h 37m,Approved,6.2,479
213. Alye parusa,https://www.imdb.com/title/tt0054618/?ref_=sr_t_213,1961,1h 28m,,7.0,715
214. The Young Doctors,https://www.imdb.com/title/tt0055632/?ref_=sr_t_214,1961,1h 40m,Approved,6.7,623
215. Three Daughters,https://www.imdb.com/title/tt0055508/?ref_=sr_t_215,1961,1h 54m,Passed,7.9,1.7K
216. I Aliki sto Naftiko,https://www.imdb.com/title/tt0179634/?ref_=sr_t_216,1961,1h 30m,,6.4,2K
217. The Devil's Daffodil,https://www.imdb.com/title/tt0054912/?ref_=sr_t_217,1961,1h 26m,,5.6,656
218. Dondi,https://www.imdb.com/title/tt0054816/?ref_=sr_t_218,1961,1h 39m,Not Rated,3.6,327
219. Journey Beneath the Desert,https://www.imdb.com/title/tt0054641/?ref_=sr_t_219,1961,1h 45m,,5.4,171
220. Za dvoma zaytsiamy,https://www.imdb.com/title/tt0055635/?ref_=sr_t_220,1961,1h 17m,,8.0,1.4K
221. The Counterfeiters of Paris,https://www.imdb.com/title/tt0054734/?ref_=sr_t_221,1961,1h 38m,,7.0,1.5K
222. Double Bunk,https://www.imdb.com/title/tt0054820/?ref_=sr_t_222,1961,1h 32m,Not Rated,6.2,408
223. Honeymoon of Terror,https://www.imdb.com/title/tt0173908/?ref_=sr_t_223,1961,1h 2m,,4.5,141
224. Pagan Island,https://www.imdb.com/title/tt0054154/?ref_=sr_t_224,1961,1h 7m,,4.5,156
225. I Like Money,https://www.imdb.com/title/tt0055201/?ref_=sr_t_225,1961,1h 37m,Approved,6.1,544
226. Daniella by Night,https://www.imdb.com/title/tt0055636/?ref_=sr_t_226,1961,1h 23m,Not Rated,4.9,143
227. Komal Gandhar,https://www.imdb.com/title/tt0055055/?ref_=sr_t_227,1961,2h 14m,,7.2,311
228. Return to Peyton Place,https://www.imdb.com/title/tt0055370/?ref_=sr_t_228,1961,2h 3m,Approved,5.8,1K
229. Bachelor Flat,https://www.imdb.com/title/tt0054651/?ref_=sr_t_229,1961,1h 31m,Not Rated,5.8,492
230. Eve and the Handyman,https://www.imdb.com/title/tt0054859/?ref_=sr_t_230,1961,1h 5m,,4.0,598
231. The Hellions,https://www.imdb.com/title/tt0054968/?ref_=sr_t_231,1961,1h 26m,Approved,5.9,188
232. Mole Men Against the Son of Hercules,https://www.imdb.com/title/tt0055117/?ref_=sr_t_232,1961,1h 35m,Not Rated,4.7,384
233. The 7th Commandment,https://www.imdb.com/title/tt0054297/?ref_=sr_t_233,1961,1h 22m,Approved,6.2,125
234. Claudelle Inglish,https://www.imdb.com/title/tt0054752/?ref_=sr_t_234,1961,1h 39m,Approved,6.1,436
235. By Love Possessed,https://www.imdb.com/title/tt0054710/?ref_=sr_t_235,1961,1h 55m,Not Rated,5.4,664
236. Sanctuary,https://www.imdb.com/title/tt0055402/?ref_=sr_t_236,1961,1h 30m,,6.0,358
237. Two Half-Times in Hell,https://www.imdb.com/title/tt0056160/?ref_=sr_t_237,1961,2h 20m,,7.9,1.5K
238. The Connection,https://www.imdb.com/title/tt0054763/?ref_=sr_t_238,1961,1h 50m,Not Rated,7.0,1.1K
239. The Tartars,https://www.imdb.com/title/tt0056558/?ref_=sr_t_239,1961,1h 23m,Approved,4.6,520
240. A Neighborhood Named 'The Dream',https://www.imdb.com/title/tt0196995/?ref_=sr_t_240,1961,1h 35m,,8.0,969
241. Bloodlust!,https://www.imdb.com/title/tt0054691/?ref_=sr_t_241,1961,1h 8m,Approved,3.6,2.6K
242. The George Raft Story,https://www.imdb.com/title/tt0054918/?ref_=sr_t_242,1961,1h 46m,Approved,5.7,305
243. Der grüne Bogenschütze,https://www.imdb.com/title/tt0054947/?ref_=sr_t_243,1961,1h 33m,,5.9,901
"244. Nikki, Wild Dog of the North",https://www.imdb.com/title/tt0055232/?ref_=sr_t_244,1961,1h 14m,G,6.6,532
245. The Singer Not the Song,https://www.imdb.com/title/tt0054740/?ref_=sr_t_245,1961,2h 12m,Not Rated,6.2,723
"246. Kaasua, komisario Palmu!",https://www.imdb.com/title/tt0055038/?ref_=sr_t_246,1961,1h 39m,,7.7,1.7K
247. Erotica,https://www.imdb.com/title/tt0054852/?ref_=sr_t_247,1961,1h 8m,,4.6,160
248. Striped Trip,https://www.imdb.com/title/tt0056357/?ref_=sr_t_248,1961,1h 27m,,7.3,2.8K
249. Jungle Fighters,https://www.imdb.com/title/tt0054037/?ref_=sr_t_249,1961,1h 50m,Approved,6.7,1K
250. Werewolf in a Girls' Dormitory,https://www.imdb.com/title/tt0055106/?ref_=sr_t_250,1961,1h 23m,Approved,4.8,1.4K
251. Jab Pyar Kisise Hota Hai,https://www.imdb.com/title/tt0230348/?ref_=sr_t_251,1961,2h 19m,,6.6,160
252. War Is Hell,https://www.imdb.com/title/tt0052376/?ref_=sr_t_252,1961,1h 21m,,5.5,146
253. Three Blondes in His Life,https://www.imdb.com/title/tt0181055/?ref_=sr_t_253,1961,1h 26m,,5.2,130
254. The Two Little Bears,https://www.imdb.com/title/tt0055555/?ref_=sr_t_254,1961,1h 21m,Approved,6.1,84
255. El analfabeto,https://www.imdb.com/title/tt0053600/?ref_=sr_t_255,1961,2h 8m,,7.1,712
256. Schön ist die Liebe am Königssee,https://www.imdb.com/title/tt0054282/?ref_=sr_t_256,1961,1h 23m,,4.1,33
257. Flame in the Streets,https://www.imdb.com/title/tt0054879/?ref_=sr_t_257,1961,1h 33m,Not Rated,6.7,434
258. Spoiled Rotten,https://www.imdb.com/title/tt0180779/?ref_=sr_t_258,1961,1h 44m,,6.7,415
259. I zoi mou arhizei me sena,https://www.imdb.com/title/tt0290943/?ref_=sr_t_259,1961,1h 32m,,3.5,22
260. Ada,https://www.imdb.com/title/tt0054601/?ref_=sr_t_260,1961,1h 49m,Approved,6.6,1.1K
261. Seniman Bujang Lapok,https://www.imdb.com/title/tt0278028/?ref_=sr_t_261,1961,2h,,7.7,179
262. The Return of Dr. Mabuse,https://www.imdb.com/title/tt0055008/?ref_=sr_t_262,1961,1h 29m,Not Rated,5.9,830
263. A Weekend with Lulu,https://www.imdb.com/title/tt0056683/?ref_=sr_t_263,1961,1h 29m,Approved,5.9,297
264. Shangri-La,https://www.imdb.com/title/tt0148786/?ref_=sr_t_264,1961,1h 3m,,5.4,33
265. The Centurion,https://www.imdb.com/title/tt0055866/?ref_=sr_t_265,1961,1h 17m,,4.7,161
266. Susan Slade,https://www.imdb.com/title/tt0055490/?ref_=sr_t_266,1961,1h 56m,Approved,6.3,976
267. Sansone,https://www.imdb.com/title/tt0358100/?ref_=sr_t_267,1961,1h 39m,,4.8,213
268. El gato con botas,https://www.imdb.com/title/tt0054911/?ref_=sr_t_268,1961,1h 30m,Not Rated,6.0,77
269. Pasamalar,https://www.imdb.com/title/tt0156874/?ref_=sr_t_269,1961,3h 17m,Not Rated,7.6,223
270. Boy Friend,https://www.imdb.com/title/tt0135168/?ref_=sr_t_270,1961,2h 17m,Not Rated,7.9,86
271. Cry for Happy,https://www.imdb.com/title/tt0054772/?ref_=sr_t_271,1961,1h 50m,,5.8,326
"272. My Son, the Hero",https://www.imdb.com/title/tt0054969/?ref_=sr_t_272,1961,1h 35m,,7.9,378
273. Man-Trap,https://www.imdb.com/title/tt0055134/?ref_=sr_t_273,1961,1h 33m,Unrated,6.0,269
274. Ghosts of Rome,https://www.imdb.com/title/tt0054867/?ref_=sr_t_274,1961,1h 41m,,6.8,696
275. Sekai daisensô,https://www.imdb.com/title/tt0055428/?ref_=sr_t_275,1961,1h 50m,,6.3,271
276. The Joy of Living,https://www.imdb.com/title/tt0053707/?ref_=sr_t_276,1961,2h 12m,,6.5,578
277. L'imprevisto,https://www.imdb.com/title/tt0055012/?ref_=sr_t_277,1961,1h 45m,,6.3,89
278. Scanty Panties,https://www.imdb.com/title/tt7255934/?ref_=sr_t_278,1961,1h 12m,,3.0,9
279. Le triomphe de Michel Strogoff,https://www.imdb.com/title/tt0055547/?ref_=sr_t_279,1961,1h 58m,,5.7,202
280. Anatomy of a Psycho,https://www.imdb.com/title/tt0054627/?ref_=sr_t_280,1961,1h 15m,PG-13,4.1,647
281. Doctor Blood's Coffin,https://www.imdb.com/title/tt0054823/?ref_=sr_t_281,1961,1h 32m,Unrated,4.9,1.1K
282. Le président,https://www.imdb.com/title/tt0055336/?ref_=sr_t_282,1961,1h 50m,,7.2,1.1K
283. Operation Eichmann,https://www.imdb.com/title/tt0055261/?ref_=sr_t_283,1961,1h 32m,Approved,6.3,319
284. Roommates,https://www.imdb.com/title/tt0055354/?ref_=sr_t_284,1961,1h 31m,Not Rated,5.9,391
285. No Love for Johnnie,https://www.imdb.com/title/tt0055234/?ref_=sr_t_285,1961,1h 50m,,6.9,670
286. Twist Around the Clock,https://www.imdb.com/title/tt0055554/?ref_=sr_t_286,1961,1h 23m,TV-Y7,4.8,255
287. A Fever in the Blood,https://www.imdb.com/title/tt0054873/?ref_=sr_t_287,1961,1h 57m,Approved,6.4,259
288. The Last Judgment,https://www.imdb.com/title/tt0054931/?ref_=sr_t_288,1961,1h 40m,Not Rated,6.6,799
289. Buddha,https://www.imdb.com/title/tt0054706/?ref_=sr_t_289,1961,2h 19m,,6.8,98
290. Dersu Uzala,https://www.imdb.com/title/tt0411281/?ref_=sr_t_290,1961,1h 26m,,7.5,305
291. Goliath Against the Giants,https://www.imdb.com/title/tt0056035/?ref_=sr_t_291,1961,1h 30m,,5.5,152
292. Murder in Eden,https://www.imdb.com/title/tt0249032/?ref_=sr_t_292,1961,1h 3m,,5.4,124
293. The World in My Pocket,https://www.imdb.com/title/tt0055252/?ref_=sr_t_293,1961,1h 33m,,6.2,132
294. Famous Love Affairs,https://www.imdb.com/title/tt0054516/?ref_=sr_t_294,1961,2h 10m,,5.1,277
"295. Marines, Let's Go",https://www.imdb.com/title/tt0055144/?ref_=sr_t_295,1961,1h 43m,Not Rated,4.5,240
296. Portrait of a Mobster,https://www.imdb.com/title/tt0055317/?ref_=sr_t_296,1961,1h 48m,,6.6,143
297. The Hoodlum Priest,https://www.imdb.com/title/tt0054991/?ref_=sr_t_297,1961,1h 41m,Approved,6.6,505
298. V.D.,https://www.imdb.com/title/tt0055580/?ref_=sr_t_298,1961,1h 31m,,5.3,211
299. Aimless Bullet,https://www.imdb.com/title/tt0053577/?ref_=sr_t_299,1961,1h 50m,Not Rated,7.2,838
300. Harry and the Butler,https://www.imdb.com/title/tt0054965/?ref_=sr_t_300,1961,1h 45m,,7.5,523
301. De hombre a hombre,https://www.imdb.com/title/tt0237140/?ref_=sr_t_301,1961,1h 27m,,,
302. Kabuliwala,https://www.imdb.com/title/tt0055039/?ref_=sr_t_302,1961,2h 14m,,8.0,368
303. Two Loves,https://www.imdb.com/title/tt0055557/?ref_=sr_t_303,1961,1h 36m,Approved,5.0,416
304. Love in a Goldfish Bowl,https://www.imdb.com/title/tt0055099/?ref_=sr_t_304,1961,1h 28m,Not Rated,5.1,155
305. Five Golden Hours,https://www.imdb.com/title/tt0054877/?ref_=sr_t_305,1961,1h 30m,Approved,5.6,306
306. Saptapadi,https://www.imdb.com/title/tt0055411/?ref_=sr_t_306,1961,2h 43m,,8.3,507
307. Why Bother to Knock,https://www.imdb.com/title/tt0055621/?ref_=sr_t_307,1961,1h 29m,,5.1,256
308. The Long Absence,https://www.imdb.com/title/tt0054426/?ref_=sr_t_308,1961,1h 34m,,6.9,1.1K
309. A Coming-Out Party,https://www.imdb.com/title/tt0055593/?ref_=sr_t_309,1961,1h 38m,,6.7,633
310. The Best of Enemies,https://www.imdb.com/title/tt0054678/?ref_=sr_t_310,1961,1h 44m,Approved,6.7,793
311. The Big Gamble,https://www.imdb.com/title/tt0054679/?ref_=sr_t_311,1961,1h 40m,,5.8,317
312. Ring of Terror,https://www.imdb.com/title/tt0056415/?ref_=sr_t_312,1961,1h 11m,Unrated,1.9,1.5K
313. Princess of Cleves,https://www.imdb.com/title/tt0054208/?ref_=sr_t_313,1961,1h 41m,,6.1,527
314. Nude Odyssey,https://www.imdb.com/title/tt0056301/?ref_=sr_t_314,1961,2h,,7.6,39
315. The Last Time I Saw Archie,https://www.imdb.com/title/tt0055074/?ref_=sr_t_315,1961,1h 38m,Approved,5.7,457
316. Samson and the 7 Miracles of the World,https://www.imdb.com/title/tt0055114/?ref_=sr_t_316,1961,1h 20m,,4.8,326
317. Sail a Crooked Ship,https://www.imdb.com/title/tt0055394/?ref_=sr_t_317,1961,1h 28m,Approved,6.1,289
318. Shola Aur Shabnam,https://www.imdb.com/title/tt0055444/?ref_=sr_t_318,1961,2h 15m,Not Rated,7.7,68
319. What a Whopper,https://www.imdb.com/title/tt0055615/?ref_=sr_t_319,1961,1h 30m,,5.2,295
320. Goliath and the Vampires,https://www.imdb.com/title/tt0055115/?ref_=sr_t_320,1961,1h 31m,Approved,5.6,440
321. The Dead One,https://www.imdb.com/title/tt0054793/?ref_=sr_t_321,1961,1h 8m,Not Rated,3.4,287
322. Naked Autumn,https://www.imdb.com/title/tt0054069/?ref_=sr_t_322,1961,1h 38m,,6.6,122
323. Garibaldi,https://www.imdb.com/title/tt0054447/?ref_=sr_t_323,1961,2h 9m,Not Rated,6.3,472
324. Bandits of Orgosolo,https://www.imdb.com/title/tt0053632/?ref_=sr_t_324,1961,1h 35m,,7.7,812
325. The Steel Claw,https://www.imdb.com/title/tt0055479/?ref_=sr_t_325,1961,1h 36m,Approved,4.8,206
"326. The Sky Above, the Mud Below",https://www.imdb.com/title/tt0053714/?ref_=sr_t_326,1961,1h 32m,,7.1,309
327. El hombre de la ametralladora,https://www.imdb.com/title/tt0277014/?ref_=sr_t_327,1961,1h 25m,,6.9,9
328. The Happy Thieves,https://www.imdb.com/title/tt0056057/?ref_=sr_t_328,1961,1h 28m,Not Rated,5.2,626
329. All Hands on Deck,https://www.imdb.com/title/tt0054613/?ref_=sr_t_329,1961,1h 40m,Approved,5.6,315
330. Queen of the Seas,https://www.imdb.com/title/tt0054648/?ref_=sr_t_330,1961,1h 27m,,5.5,175
331. Palum Pazhamum,https://www.imdb.com/title/tt0156864/?ref_=sr_t_331,1961,3h 4m,Not Rated,7.7,51
332. The American Beauty,https://www.imdb.com/title/tt0054676/?ref_=sr_t_332,1961,1h 44m,,6.3,720
333. The Secret Partner,https://www.imdb.com/title/tt0055422/?ref_=sr_t_333,1961,1h 31m,,6.6,799
334. Santo vs. the Evil Brain,https://www.imdb.com/title/tt0052159/?ref_=sr_t_334,1961,1h 13m,TV-14,4.9,224
335. In the Doghouse,https://www.imdb.com/title/tt0055015/?ref_=sr_t_335,1961,1h 35m,,6.1,222
336. Gharana,https://www.imdb.com/title/tt0146791/?ref_=sr_t_336,1961,2h 34m,Not Rated,7.0,84
337. La mort de Belle,https://www.imdb.com/title/tt0055194/?ref_=sr_t_337,1961,1h 31m,,6.8,291
338. The Little Shepherd of Kingdom Come,https://www.imdb.com/title/tt0055091/?ref_=sr_t_338,1961,1h 48m,,6.0,129
339. Man Called Rocca,https://www.imdb.com/title/tt0055569/?ref_=sr_t_339,1961,1h 42m,,6.4,596
340. Atlas,https://www.imdb.com/title/tt0053610/?ref_=sr_t_340,1961,1h 19m,Not Rated,3.9,351
341. Swingin' Along,https://www.imdb.com/title/tt0056543/?ref_=sr_t_341,1961,1h 14m,,4.7,90
342. El padre Pistolas,https://www.imdb.com/title/tt0277211/?ref_=sr_t_342,1961,1h 30m,,6.5,28
343. Everything's Ducky,https://www.imdb.com/title/tt0054860/?ref_=sr_t_343,1961,1h 20m,,4.4,152
344. The Third Alibi,https://www.imdb.com/title/tt0219347/?ref_=sr_t_344,1961,1h 8m,,7.0,509
345. The Sin of Mona Kent,https://www.imdb.com/title/tt0275682/?ref_=sr_t_345,1961,1h 15m,,5.9,16
346. Nudist Life,https://www.imdb.com/title/tt0182345/?ref_=sr_t_346,1961,1h 12m,Not Rated,4.5,29
347. Il re di Poggioreale,https://www.imdb.com/title/tt0055358/?ref_=sr_t_347,1961,1h 53m,,7.0,58
348. Women Are Born Twice,https://www.imdb.com/title/tt0219228/?ref_=sr_t_348,1961,1h 39m,,7.3,210
349. Tout l'or du monde,https://www.imdb.com/title/tt0055538/?ref_=sr_t_349,1961,1h 30m,,6.1,428
350. Five Day Lover,https://www.imdb.com/title/tt0054621/?ref_=sr_t_350,1961,1h 35m,TV-14,6.2,241
351. Støv på hjernen,https://www.imdb.com/title/tt0055487/?ref_=sr_t_351,1961,1h 44m,Not Rated,6.7,809
352. Revenge of the Snakes,https://www.imdb.com/title/tt0275089/?ref_=sr_t_352,1961,1h 44m,,7.7,1.6K
353. The Lions Are Loose,https://www.imdb.com/title/tt0055087/?ref_=sr_t_353,1961,1h 35m,,5.7,216
354. Armored Command,https://www.imdb.com/title/tt0054636/?ref_=sr_t_354,1961,1h 39m,Approved,5.1,280
355. Sampoorna Ramayana,https://www.imdb.com/title/tt0242840/?ref_=sr_t_355,1961,3h 3m,,7.7,85
356. The Canadians,https://www.imdb.com/title/tt0054715/?ref_=sr_t_356,1961,1h 25m,Approved,5.4,300
357. Romanoff and Juliet,https://www.imdb.com/title/tt0055383/?ref_=sr_t_357,1961,1h 43m,Approved,6.2,536
358. House of Mystery,https://www.imdb.com/title/tt27202844/?ref_=sr_t_358,1961,56m,,5.7,28
359. Sword of the Conqueror,https://www.imdb.com/title/tt0056427/?ref_=sr_t_359,1961,1h 36m,Approved,5.4,269
360. The Adventures of Lucky Pierre,https://www.imdb.com/title/tt0054604/?ref_=sr_t_360,1961,1h,Unrated,4.0,148
361. When the Clock Strikes,https://www.imdb.com/title/tt0055617/?ref_=sr_t_361,1961,1h 12m,,6.1,288
362. Johnny Nobody,https://www.imdb.com/title/tt0055030/?ref_=sr_t_362,1961,1h 28m,TV-PG,6.3,340
363. Then There Were Three,https://www.imdb.com/title/tt0055520/?ref_=sr_t_363,1961,1h 22m,,5.3,141
364. Zero Focus,https://www.imdb.com/title/tt0227858/?ref_=sr_t_364,1961,1h 35m,,7.0,768
365. Pecado de amor,https://www.imdb.com/title/tt0055284/?ref_=sr_t_365,1961,1h 56m,,6.5,112
366. El tiro de gracia,https://www.imdb.com/title/tt0274971/?ref_=sr_t_366,1961,1h 27m,,,
367. Guns of the Black Witch,https://www.imdb.com/title/tt0055517/?ref_=sr_t_367,1961,1h 21m,,5.8,51
368. The Queen's Guards,https://www.imdb.com/title/tt0055348/?ref_=sr_t_368,1961,1h 50m,Approved,5.8,190
369. Spotlight on a Murderer,https://www.imdb.com/title/tt0055308/?ref_=sr_t_369,1961,1h 35m,Not Rated,6.5,664
370. Woe to the Young,https://www.imdb.com/title/tt0122883/?ref_=sr_t_370,1961,1h 27m,,8.1,1.4K
371. Some Like It Cool,https://www.imdb.com/title/tt0055463/?ref_=sr_t_371,1961,1h 1m,,7.0,33
372. Alba Regia,https://www.imdb.com/title/tt0054610/?ref_=sr_t_372,1961,1h 30m,,6.1,48
373. Unsere tollen Tanten,https://www.imdb.com/title/tt0055574/?ref_=sr_t_373,1961,1h 40m,,4.8,44
374. Razia Sultana,https://www.imdb.com/title/tt0381528/?ref_=sr_t_374,1961,2h 17m,,6.2,27
375. 7 Women from Hell,https://www.imdb.com/title/tt0055436/?ref_=sr_t_375,1961,1h 28m,Approved,5.1,133
376. Fray Escoba,https://www.imdb.com/title/tt0054895/?ref_=sr_t_376,1961,1h 41m,,7.1,91
"377. Proshchayte, golubi",https://www.imdb.com/title/tt0056381/?ref_=sr_t_377,1961,1h 22m,,7.4,71
378. Duel of Champions,https://www.imdb.com/title/tt0055264/?ref_=sr_t_378,1961,1h 45m,,4.8,368
379. Dark Odyssey,https://www.imdb.com/title/tt0054787/?ref_=sr_t_379,1961,1h 25m,Not Rated,6.6,76
380. Wise Guys,https://www.imdb.com/title/tt0053872/?ref_=sr_t_380,1961,1h 39m,,6.3,373
381. Muñecos infernales,https://www.imdb.com/title/tt0063330/?ref_=sr_t_381,1961,1h 21m,Approved,6.0,376
382. Hercules in the Valley of Woe,https://www.imdb.com/title/tt0122597/?ref_=sr_t_382,1961,1h 30m,,5.0,109
"383. Young, Willing and Eager",https://www.imdb.com/title/tt0250682/?ref_=sr_t_383,1961,1h 17m,,5.5,181
384. Matomena stefana,https://www.imdb.com/title/tt0220634/?ref_=sr_t_384,1961,1h 25m,,3.2,14
385. Happiness of Us Alone,https://www.imdb.com/title/tt0055217/?ref_=sr_t_385,1961,2h 10m,,7.9,204
386. Dharmputra,https://www.imdb.com/title/tt0158585/?ref_=sr_t_386,1961,2h 30m,,7.0,133
387. La ragazza in vetrina,https://www.imdb.com/title/tt0055352/?ref_=sr_t_387,1961,1h 30m,,7.1,396
388. Love Mates,https://www.imdb.com/title/tt0055647/?ref_=sr_t_388,1961,1h 48m,,6.7,410
389. Bara roligt i Bullerbyn,https://www.imdb.com/title/tt0054663/?ref_=sr_t_389,1961,1h 15m,,5.7,179
390. Immortal Love,https://www.imdb.com/title/tt0054845/?ref_=sr_t_390,1961,1h 43m,,7.3,646
391. Ce soir ou jamais,https://www.imdb.com/title/tt0053704/?ref_=sr_t_391,1961,1h 44m,,6.3,265
392. The Betrayer,https://www.imdb.com/title/tt0055585/?ref_=sr_t_392,1961,2h 7m,,6.1,373
393. Chhaya,https://www.imdb.com/title/tt0054737/?ref_=sr_t_393,1961,2h 24m,Not Rated,6.8,61
394. Guns of the Trees,https://www.imdb.com/title/tt0058168/?ref_=sr_t_394,1961,1h 25m,,6.9,386
395. Die Hele Dorp Weet,https://www.imdb.com/title/tt2054744/?ref_=sr_t_395,1961,1h 16m,,,
396. The Last of the Vikings,https://www.imdb.com/title/tt0054423/?ref_=sr_t_396,1961,1h 43m,Unrated,4.7,238
397. Living Venus,https://www.imdb.com/title/tt0054035/?ref_=sr_t_397,1961,1h 16m,Unrated,5.8,124
398. Ursus,https://www.imdb.com/title/tt0055577/?ref_=sr_t_398,1961,1h 30m,,5.1,220
399. Teenage Millionaire,https://www.imdb.com/title/tt0056563/?ref_=sr_t_399,1961,1h 24m,Approved,4.5,131
400. The Season for Love,https://www.imdb.com/title/tt0054094/?ref_=sr_t_400,1961,1h 40m,Not Rated,6.0,112
401. The Green Helmet,https://www.imdb.com/title/tt0054943/?ref_=sr_t_401,1961,1h 28m,Approved,5.4,195
402. The Secret of the Black Falcon,https://www.imdb.com/title/tt0055427/?ref_=sr_t_402,1961,1h 32m,,5.2,96
403. Le rendez-vous,https://www.imdb.com/title/tt0055366/?ref_=sr_t_403,1961,2h 8m,,6.1,108
404. The Wind of Change,https://www.imdb.com/title/tt0055624/?ref_=sr_t_404,1961,1h 4m,Not Rated,6.3,125
405. The Continental Twist,https://www.imdb.com/title/tt0054764/?ref_=sr_t_405,1961,1h 16m,,5.4,72
406. The Secret of Monte Cristo,https://www.imdb.com/title/tt0055544/?ref_=sr_t_406,1961,1h 35m,Approved,5.4,143
407. Traveling Light,https://www.imdb.com/title/tt0199055/?ref_=sr_t_407,1961,1h 3m,,,
408. Miyamoto Musashi,https://www.imdb.com/title/tt0055188/?ref_=sr_t_408,1961,1h 50m,Not Rated,7.1,285
409. Ordered to Love,https://www.imdb.com/title/tt0055077/?ref_=sr_t_409,1961,1h 31m,,5.4,140
410. The Coachman,https://www.imdb.com/title/tt0232019/?ref_=sr_t_410,1961,1h 37m,,6.6,170
411. Fury at Smugglers' Bay,https://www.imdb.com/title/tt0057085/?ref_=sr_t_411,1961,1h 22m,,5.5,291
412. The Hellfire Club,https://www.imdb.com/title/tt0053903/?ref_=sr_t_412,1961,1h 34m,Approved,5.3,386
413. The Curse of Nostradamus,https://www.imdb.com/title/tt0054054/?ref_=sr_t_413,1961,1h 18m,,5.1,104
414. Favela,https://www.imdb.com/title/tt0122062/?ref_=sr_t_414,1961,1h 16m,,4.8,25
415. Il trionfo di Maciste,https://www.imdb.com/title/tt0149295/?ref_=sr_t_415,1961,1h 27m,,4.2,151
416. A Matter of WHO,https://www.imdb.com/title/tt0055156/?ref_=sr_t_416,1961,1h 30m,Not Rated,6.2,196
417. Sanjog,https://www.imdb.com/title/tt0055406/?ref_=sr_t_417,1961,,,5.9,31
418. Mother Holly,https://www.imdb.com/title/tt0195726/?ref_=sr_t_418,1961,1h 13m,,5.9,102
419. The Bacchantes,https://www.imdb.com/title/tt0054650/?ref_=sr_t_419,1961,1h 42m,,5.2,151
420. Lalaban kami,https://www.imdb.com/title/tt1204236/?ref_=sr_t_420,1961,,,,
421. Que me maten en tus brazos,https://www.imdb.com/title/tt0277263/?ref_=sr_t_421,1961,1h 25m,,5.0,6
422. Time Out for Love,https://www.imdb.com/title/tt0054941/?ref_=sr_t_422,1961,1h 35m,,6.3,116
423. Slave of Rome,https://www.imdb.com/title/tt0054274/?ref_=sr_t_423,1961,1h 25m,,5.7,139
424. Hunted in Holland,https://www.imdb.com/title/tt0167613/?ref_=sr_t_424,1961,1h 1m,,6.2,75
425. Tres tristes tigres,https://www.imdb.com/title/tt0277396/?ref_=sr_t_425,1961,1h 40m,,6.7,18
426. The Right Approach,https://www.imdb.com/title/tt0055373/?ref_=sr_t_426,1961,1h 32m,Approved,5.3,125
427. Yom min omri,https://www.imdb.com/title/tt0367255/?ref_=sr_t_427,1961,2h 28m,,6.4,213
428. Sasural,https://www.imdb.com/title/tt0246916/?ref_=sr_t_428,1961,2h 44m,,6.7,57
429. The Monster of Highgate Ponds,https://www.imdb.com/title/tt0145911/?ref_=sr_t_429,1961,59m,,5.8,145
"430. So Evil, So Young",https://www.imdb.com/title/tt0055459/?ref_=sr_t_430,1961,1h 17m,,5.2,187
431. Ojos tapatios,https://www.imdb.com/title/tt0054137/?ref_=sr_t_431,1961,1h 30m,,,
432. Clear Skies,https://www.imdb.com/title/tt0053712/?ref_=sr_t_432,1961,1h 50m,Not Rated,7.2,496
433. Secret of Deep Harbor,https://www.imdb.com/title/tt0055424/?ref_=sr_t_433,1961,1h 10m,Approved,5.3,116
434. Jhumroo,https://www.imdb.com/title/tt0130803/?ref_=sr_t_434,1961,2h 51m,,6.8,583
435. El rufián,https://www.imdb.com/title/tt0054254/?ref_=sr_t_435,1961,2h,,7.1,70
"436. Totò, Peppino e... la dolce vita",https://www.imdb.com/title/tt0055536/?ref_=sr_t_436,1961,1h 30m,,6.5,466
437. Yabanci adam,https://www.imdb.com/title/tt0376998/?ref_=sr_t_437,1961,,,,
438. The Black Monocle,https://www.imdb.com/title/tt0055191/?ref_=sr_t_438,1961,1h 28m,,6.2,401
439. Diesmal muss es Kaviar sein,https://www.imdb.com/title/tt0054810/?ref_=sr_t_439,1961,1h 38m,,5.7,130
"440. Liane, die Tochter des Dschungels",https://www.imdb.com/title/tt0122587/?ref_=sr_t_440,1961,1h 41m,,4.8,52
441. Wa Islamah,https://www.imdb.com/title/tt0370051/?ref_=sr_t_441,1961,1h 50m,Not Rated,6.6,395
442. Asiong Salonga,https://www.imdb.com/title/tt0375567/?ref_=sr_t_442,1961,,,,
443. The Ghost Story of Oiwa's Spirit,https://www.imdb.com/title/tt0122564/?ref_=sr_t_443,1961,1h 34m,,6.6,154
444. Cirkus Buster,https://www.imdb.com/title/tt0054751/?ref_=sr_t_444,1961,1h 41m,,6.1,64
445. Cinderella,https://www.imdb.com/title/tt0054748/?ref_=sr_t_445,1961,1h 24m,,7.4,80
446. A cavallo della tigre,https://www.imdb.com/title/tt0054586/?ref_=sr_t_446,1961,1h 49m,,7.1,595
447. Spare the Rod,https://www.imdb.com/title/tt0055469/?ref_=sr_t_447,1961,1h 33m,Not Rated,6.6,270
448. The Cat Burglar,https://www.imdb.com/title/tt0054733/?ref_=sr_t_448,1961,1h 5m,Approved,5.9,334
449. Suicídate mi amor,https://www.imdb.com/title/tt0054504/?ref_=sr_t_449,1961,1h 30m,,7.0,28
450. Mother Courage and Her Children,https://www.imdb.com/title/tt0054106/?ref_=sr_t_450,1961,2h 31m,,7.9,60
"451. Napoléon II, l'aiglon",https://www.imdb.com/title/tt0055219/?ref_=sr_t_451,1961,1h 45m,,5.3,37
452. Dark Journey,https://www.imdb.com/title/tt0055084/?ref_=sr_t_452,1961,1h 38m,,6.4,110
453. I due marescialli,https://www.imdb.com/title/tt0054830/?ref_=sr_t_453,1961,1h 33m,,7.1,677
454. The Red Detachment of Women,https://www.imdb.com/title/tt0472622/?ref_=sr_t_454,1961,1h 32m,,7.0,376
455. Mary Had a Little...,https://www.imdb.com/title/tt0055149/?ref_=sr_t_455,1961,1h 23m,Approved,4.7,85
456. Chhote Nawab,https://www.imdb.com/title/tt0283989/?ref_=sr_t_456,1961,2h 20m,Not Rated,5.7,38
457. The Girl with the Golden Eyes,https://www.imdb.com/title/tt0054928/?ref_=sr_t_457,1961,1h 30m,,6.1,233
458. Ljuvlig är sommarnatten,https://www.imdb.com/title/tt0055092/?ref_=sr_t_458,1961,1h 42m,,5.8,173
459. The Trunk,https://www.imdb.com/title/tt0181086/?ref_=sr_t_459,1961,1h 12m,,6.2,12
460. Girl Under the Sheet,https://www.imdb.com/title/tt0139552/?ref_=sr_t_460,1961,1h 49m,,4.9,16
461. Onna bakari no yoru,https://www.imdb.com/title/tt0203040/?ref_=sr_t_461,1961,1h 33m,,7.3,349
462. Akiko,https://www.imdb.com/title/tt0054609/?ref_=sr_t_462,1961,1h 35m,,6.3,44
463. Nude in Charcoal,https://www.imdb.com/title/tt0056292/?ref_=sr_t_463,1961,1h 15m,,5.4,21
464. The Seven Revenges,https://www.imdb.com/title/tt0062254/?ref_=sr_t_464,1961,1h 32m,,7.1,74
465. Rage of the Buccaneers,https://www.imdb.com/title/tt0054937/?ref_=sr_t_465,1961,1h 28m,,5.1,224
466. Madison Avenue,https://www.imdb.com/title/tt0056209/?ref_=sr_t_466,1961,1h 34m,Approved,5.9,358
467. The Missing Note,https://www.imdb.com/title/tt0055185/?ref_=sr_t_467,1961,56m,,7.5,17
468. Totòtruffa '62,https://www.imdb.com/title/tt0055535/?ref_=sr_t_468,1961,1h 47m,,7.3,912
469. Amazons of Rome,https://www.imdb.com/title/tt0055590/?ref_=sr_t_469,1961,1h 33m,Not Rated,5.0,232
470. Remolino,https://www.imdb.com/title/tt0242814/?ref_=sr_t_470,1961,1h 30m,,5.4,14
471. The Last Rhino,https://www.imdb.com/title/tt0168944/?ref_=sr_t_471,1961,56m,,7.3,18
472. Udiplomo sasidzo,https://www.imdb.com/title/tt0270711/?ref_=sr_t_472,1961,1h 30m,,7.7,377
473. Tartar Invasion,https://www.imdb.com/title/tt0056641/?ref_=sr_t_473,1961,1h 25m,,4.6,92
474. Sønner av Norge,https://www.imdb.com/title/tt0055500/?ref_=sr_t_474,1961,1h 30m,,6.2,131
475. Once Upon a Knight,https://www.imdb.com/title/tt0244113/?ref_=sr_t_475,1961,1h 12m,,4.3,23
"476. Two Living, One Dead",https://www.imdb.com/title/tt0055556/?ref_=sr_t_476,1961,1h 45m,,7.3,83
477. Kôshoku ichidai otoko,https://www.imdb.com/title/tt0210143/?ref_=sr_t_477,1961,1h 32m,,6.5,175
478. Thou Shalt Not Kill,https://www.imdb.com/title/tt0055244/?ref_=sr_t_478,1961,2h 28m,,7.7,79
"479. Qui êtes-vous, Monsieur Sorge?",https://www.imdb.com/title/tt0055350/?ref_=sr_t_479,1961,2h 9m,,6.4,107
480. Dangerous Afternoon,https://www.imdb.com/title/tt0181437/?ref_=sr_t_480,1961,1h 2m,,6.1,251
481. The Corsican Brothers,https://www.imdb.com/title/tt0139222/?ref_=sr_t_481,1961,1h 25m,,5.5,118
482. Big Wednesday,https://www.imdb.com/title/tt28516563/?ref_=sr_t_482,1961,,,,
483. Question 7,https://www.imdb.com/title/tt0055349/?ref_=sr_t_483,1961,1h 46m,,6.1,135
484. Es muss nicht immer Kaviar sein,https://www.imdb.com/title/tt0054855/?ref_=sr_t_484,1961,1h 25m,,5.9,284
485. Muchachas que trabajan,https://www.imdb.com/title/tt0180851/?ref_=sr_t_485,1961,1h 15m,,6.5,10
486. Hazreti Ömer'in adaleti,https://www.imdb.com/title/tt0372962/?ref_=sr_t_486,1961,,,5.7,21
487. Le jeu de la vérité,https://www.imdb.com/title/tt0055029/?ref_=sr_t_487,1961,1h 20m,,6.4,236
488. Part-Time Wife,https://www.imdb.com/title/tt0055280/?ref_=sr_t_488,1961,1h 10m,,5.2,38
489. The Pleasure Garden,https://www.imdb.com/title/tt0055103/?ref_=sr_t_489,1961,1h 33m,,5.8,186
490. Shri Sabarimalai Shri Ayyappan,https://www.imdb.com/title/tt0369931/?ref_=sr_t_490,1961,,,,
491. Fi Baytena Ragul,https://www.imdb.com/title/tt0366442/?ref_=sr_t_491,1961,2h 39m,,7.5,1.1K
492. Ali Baba Bujang Lapok,https://www.imdb.com/title/tt0277563/?ref_=sr_t_492,1961,2h 2m,,7.9,186
493. Kazaki,https://www.imdb.com/title/tt0174810/?ref_=sr_t_493,1961,1h 37m,,6.4,76
494. Kauf dir einen bunten Luftballon,https://www.imdb.com/title/tt0053988/?ref_=sr_t_494,1961,1h 42m,,4.9,103
495. The Miracle of Father Malachia,https://www.imdb.com/title/tt0055183/?ref_=sr_t_495,1961,2h 2m,,7.3,87
496. Der Lügner,https://www.imdb.com/title/tt0055111/?ref_=sr_t_496,1961,1h 30m,,6.5,131
497. Rosa blanca,https://www.imdb.com/title/tt0055386/?ref_=sr_t_497,1961,1h 45m,,7.4,162
498. Jetpiloter,https://www.imdb.com/title/tt0122559/?ref_=sr_t_498,1961,1h 18m,,4.9,79
499. The Big Show,https://www.imdb.com/title/tt0054681/?ref_=sr_t_499,1961,1h 53m,Approved,5.3,174
500. In The Water... Which Makes Bubbles!...,https://www.imdb.com/title/tt0053749/?ref_=sr_t_500,1961,1h 30m,,5.5,271
