Title,Movie Link,Year,Duration,MPA,Rating,Votes
1. Rogue One: A Star Wars Story,https://www.imdb.com/title/tt3748528/?ref_=sr_t_1,2016,2h 13m,PG-13,7.8,704K
2. Finding Dory,https://www.imdb.com/title/tt2277860/?ref_=sr_t_2,2016,1h 37m,PG,7.2,314K
3. Captain America: Civil War,https://www.imdb.com/title/tt3498820/?ref_=sr_t_3,2016,2h 27m,PG-13,7.8,875K
4. The Secret Life of Pets,https://www.imdb.com/title/tt2709768/?ref_=sr_t_4,2016,1h 26m,PG,6.5,224K
5. The Jungle Book,https://www.imdb.com/title/tt3040964/?ref_=sr_t_5,2016,1h 46m,PG,7.3,297K
6. Deadpool,https://www.imdb.com/title/tt1431045/?ref_=sr_t_6,2016,1h 48m,R,8.0,1.2M
7. Zootopia,https://www.imdb.com/title/tt2948356/?ref_=sr_t_7,2016,1h 48m,PG,8.0,569K
8. Batman v Superman: Dawn of Justice,https://www.imdb.com/title/tt2975590/?ref_=sr_t_8,2016,2h 31m,R,6.5,765K
9. Suicide Squad,https://www.imdb.com/title/tt1386697/?ref_=sr_t_9,2016,2h 3m,PG-13,5.9,735K
10. Sing,https://www.imdb.com/title/tt3470600/?ref_=sr_t_10,2016,1h 48m,PG,7.1,199K
11. Moana,https://www.imdb.com/title/tt3521164/?ref_=sr_t_11,2016,1h 47m,PG,7.6,403K
12. Fantastic Beasts and Where to Find Them,https://www.imdb.com/title/tt3183660/?ref_=sr_t_12,2016,2h 12m,PG-13,7.2,519K
13. Doctor Strange,https://www.imdb.com/title/tt1211837/?ref_=sr_t_13,2016,1h 55m,PG-13,7.5,830K
14. Hidden Figures,https://www.imdb.com/title/tt4846340/?ref_=sr_t_14,2016,2h 7m,PG,7.8,268K
15. Jason Bourne,https://www.imdb.com/title/tt4196776/?ref_=sr_t_15,2016,2h 3m,PG-13,6.6,248K
16. Star Trek Beyond,https://www.imdb.com/title/tt2660888/?ref_=sr_t_16,2016,2h 2m,PG-13,7.0,263K
17. X-Men: Apocalypse,https://www.imdb.com/title/tt3385516/?ref_=sr_t_17,2016,2h 24m,PG-13,6.8,474K
18. Trolls,https://www.imdb.com/title/tt1679335/?ref_=sr_t_18,2016,1h 32m,PG,6.4,95K
19. La La Land,https://www.imdb.com/title/tt3783958/?ref_=sr_t_19,2016,2h 8m,PG-13,8.0,703K
20. Kung Fu Panda 3,https://www.imdb.com/title/tt2267968/?ref_=sr_t_20,2016,1h 35m,PG,7.1,199K
21. Split,https://www.imdb.com/title/tt4972582/?ref_=sr_t_21,2016,1h 57m,PG-13,7.3,579K
22. Ghostbusters,https://www.imdb.com/title/tt1289401/?ref_=sr_t_22,2016,1h 57m,PG-13,6.8,251K
23. Central Intelligence,https://www.imdb.com/title/tt1489889/?ref_=sr_t_23,2016,1h 47m,PG-13,6.3,222K
24. The Legend of Tarzan,https://www.imdb.com/title/tt0918940/?ref_=sr_t_24,2016,1h 50m,PG-13,6.2,192K
25. Sully,https://www.imdb.com/title/tt3263904/?ref_=sr_t_25,2016,1h 36m,PG-13,7.4,307K
26. Bad Moms,https://www.imdb.com/title/tt4651520/?ref_=sr_t_26,2016,1h 40m,R,6.2,137K
27. The Angry Birds Movie,https://www.imdb.com/title/tt1985949/?ref_=sr_t_27,2016,1h 37m,PG,6.3,108K
28. Independence Day: Resurgence,https://www.imdb.com/title/tt1628841/?ref_=sr_t_28,2016,2h,PG-13,5.2,193K
29. The Conjuring 2,https://www.imdb.com/title/tt3065204/?ref_=sr_t_29,2016,2h 14m,R,7.3,313K
30. Arrival,https://www.imdb.com/title/tt2543164/?ref_=sr_t_30,2016,1h 56m,PG-13,7.9,800K
31. Passengers,https://www.imdb.com/title/tt1355644/?ref_=sr_t_31,2016,1h 56m,PG-13,7.0,466K
32. Sausage Party,https://www.imdb.com/title/tt1700841/?ref_=sr_t_32,2016,1h 29m,R,6.1,216K
33. The Magnificent Seven,https://www.imdb.com/title/tt2404435/?ref_=sr_t_33,2016,2h 12m,PG-13,6.9,234K
34. Ride Along 2,https://www.imdb.com/title/tt2869728/?ref_=sr_t_34,2016,1h 42m,PG-13,5.9,65K
35. Don't Breathe,https://www.imdb.com/title/tt4160708/?ref_=sr_t_35,2016,1h 28m,R,7.1,313K
36. Miss Peregrine's Home for Peculiar Children,https://www.imdb.com/title/tt1935859/?ref_=sr_t_36,2016,2h 7m,PG-13,6.7,197K
37. The Accountant,https://www.imdb.com/title/tt2140479/?ref_=sr_t_37,2016,2h 8m,R,7.3,334K
38. Teenage Mutant Ninja Turtles: Out of the Shadows,https://www.imdb.com/title/tt3949660/?ref_=sr_t_38,2016,1h 52m,PG-13,5.9,102K
39. The Purge: Election Year,https://www.imdb.com/title/tt4094724/?ref_=sr_t_39,2016,1h 48m,R,6.0,114K
40. Alice Through the Looking Glass,https://www.imdb.com/title/tt2567026/?ref_=sr_t_40,2016,1h 53m,PG,6.2,127K
41. Pete's Dragon,https://www.imdb.com/title/tt2788732/?ref_=sr_t_41,2016,1h 42m,PG,6.7,63K
42. The Girl on the Train,https://www.imdb.com/title/tt3631112/?ref_=sr_t_42,2016,1h 52m,R,6.5,203K
43. Boo! A Madea Halloween,https://www.imdb.com/title/tt5325452/?ref_=sr_t_43,2016,1h 43m,PG-13,4.7,9.6K
44. Storks,https://www.imdb.com/title/tt4624424/?ref_=sr_t_44,2016,1h 27m,PG,6.8,69K
45. 10 Cloverfield Lane,https://www.imdb.com/title/tt1179933/?ref_=sr_t_45,2016,1h 43m,PG-13,7.2,366K
46. Lights Out,https://www.imdb.com/title/tt4786282/?ref_=sr_t_46,2016,1h 21m,PG-13,6.3,146K
47. Hacksaw Ridge,https://www.imdb.com/title/tt2119532/?ref_=sr_t_47,2016,2h 19m,R,8.1,622K
48. Allegiant,https://www.imdb.com/title/tt3410834/?ref_=sr_t_48,2016,2h,PG-13,5.7,139K
49. Now You See Me 2,https://www.imdb.com/title/tt3110958/?ref_=sr_t_49,2016,2h 9m,PG-13,6.4,332K
50. Ice Age: Collision Course,https://www.imdb.com/title/tt3416828/?ref_=sr_t_50,2016,1h 34m,PG,5.7,79K
51. The Boss,https://www.imdb.com/title/tt2702724/?ref_=sr_t_51,2016,1h 39m,R,5.4,50K
52. London Has Fallen,https://www.imdb.com/title/tt3300542/?ref_=sr_t_52,2016,1h 39m,R,5.9,173K
53. Miracles from Heaven,https://www.imdb.com/title/tt4257926/?ref_=sr_t_53,2016,1h 49m,PG,7.1,29K
54. Deepwater Horizon,https://www.imdb.com/title/tt1860357/?ref_=sr_t_54,2016,1h 47m,PG-13,7.1,188K
55. Why Him?,https://www.imdb.com/title/tt4501244/?ref_=sr_t_55,2016,1h 51m,R,6.2,129K
56. My Big Fat Greek Wedding 2,https://www.imdb.com/title/tt3760922/?ref_=sr_t_56,2016,1h 34m,PG-13,6.0,36K
57. Jack Reacher: Never Go Back,https://www.imdb.com/title/tt3393786/?ref_=sr_t_57,2016,1h 58m,PG-13,6.2,183K
58. Fences,https://www.imdb.com/title/tt2671706/?ref_=sr_t_58,2016,2h 19m,PG-13,7.2,121K
59. Me Before You,https://www.imdb.com/title/tt2674426/?ref_=sr_t_59,2016,1h 50m,PG-13,7.4,303K
60. The BFG,https://www.imdb.com/title/tt3691740/?ref_=sr_t_60,2016,1h 57m,PG,6.3,96K
61. Neighbors 2: Sorority Rising,https://www.imdb.com/title/tt4438848/?ref_=sr_t_61,2016,1h 32m,R,5.7,133K
62. The Shallows,https://www.imdb.com/title/tt4052882/?ref_=sr_t_62,2016,1h 26m,PG-13,6.3,148K
63. Office Christmas Party,https://www.imdb.com/title/tt1711525/?ref_=sr_t_63,2016,1h 45m,R,5.9,91K
64. Assassin's Creed,https://www.imdb.com/title/tt2094766/?ref_=sr_t_64,2016,1h 55m,PG-13,5.6,212K
65. Barbershop: The Next Cut,https://www.imdb.com/title/tt3628584/?ref_=sr_t_65,2016,1h 51m,PG-13,5.9,16K
66. 13 Hours: The Secret Soldiers of Benghazi,https://www.imdb.com/title/tt4172430/?ref_=sr_t_66,2016,2h 24m,R,7.3,168K
67. Lion,https://www.imdb.com/title/tt3741834/?ref_=sr_t_67,2016,1h 58m,PG-13,8.0,257K
68. The Huntsman: Winter's War,https://www.imdb.com/title/tt2381991/?ref_=sr_t_68,2016,1h 54m,PG-13,6.1,122K
69. Kubo and the Two Strings,https://www.imdb.com/title/tt4302938/?ref_=sr_t_69,2016,1h 41m,PG,7.7,141K
70. Manchester by the Sea,https://www.imdb.com/title/tt4034228/?ref_=sr_t_70,2016,2h 17m,R,7.8,326K
71. Warcraft,https://www.imdb.com/title/tt0803096/?ref_=sr_t_71,2016,2h 3m,PG-13,6.7,286K
72. How to Be Single,https://www.imdb.com/title/tt1292566/?ref_=sr_t_72,2016,1h 50m,R,6.1,96K
73. Mike and Dave Need Wedding Dates,https://www.imdb.com/title/tt2823054/?ref_=sr_t_73,2016,1h 38m,R,6.0,97K
74. The Great Wall,https://www.imdb.com/title/tt2034800/?ref_=sr_t_74,2016,1h 43m,PG-13,5.9,152K
75. War Dogs,https://www.imdb.com/title/tt2005151/?ref_=sr_t_75,2016,1h 54m,R,7.1,271K
76. Almost Christmas,https://www.imdb.com/title/tt4649416/?ref_=sr_t_76,2016,1h 51m,PG-13,6.2,8.7K
77. Money Monster,https://www.imdb.com/title/tt2241351/?ref_=sr_t_77,2016,1h 38m,R,6.5,108K
78. Allied,https://www.imdb.com/title/tt3640424/?ref_=sr_t_78,2016,2h 4m,R,7.1,174K
79. Nerve,https://www.imdb.com/title/tt3531824/?ref_=sr_t_79,2016,1h 36m,PG-13,6.5,143K
80. Risen,https://www.imdb.com/title/tt3231054/?ref_=sr_t_80,2016,1h 47m,PG-13,6.3,31K
81. The Nice Guys,https://www.imdb.com/title/tt3799694/?ref_=sr_t_81,2016,1h 56m,R,7.4,387K
82. The Boy,https://www.imdb.com/title/tt3882082/?ref_=sr_t_82,2016,1h 37m,PG-13,6.0,105K
83. Dirty Grandpa,https://www.imdb.com/title/tt1860213/?ref_=sr_t_83,2016,1h 42m,R,5.9,136K
84. Ouija: Origin of Evil,https://www.imdb.com/title/tt4361050/?ref_=sr_t_84,2016,1h 39m,PG-13,6.2,78K
85. The 5th Wave,https://www.imdb.com/title/tt2304933/?ref_=sr_t_85,2016,1h 52m,PG-13,5.2,120K
86. Inferno,https://www.imdb.com/title/tt3062096/?ref_=sr_t_86,2016,2h 1m,PG-13,6.2,194K
87. Monster Trucks,https://www.imdb.com/title/tt3095734/?ref_=sr_t_87,2016,1h 44m,PG,5.7,19K
88. Mother's Day,https://www.imdb.com/title/tt4824302/?ref_=sr_t_88,2016,1h 58m,PG-13,5.7,41K
89. Patriots Day,https://www.imdb.com/title/tt4572514/?ref_=sr_t_89,2016,2h 13m,R,7.3,116K
90. Gods of Egypt,https://www.imdb.com/title/tt2404233/?ref_=sr_t_90,2016,2h 7m,PG-13,5.4,129K
91. Collateral Beauty,https://www.imdb.com/title/tt4682786/?ref_=sr_t_91,2016,1h 37m,PG-13,6.8,107K
"92. Hail, Caesar!",https://www.imdb.com/title/tt0475290/?ref_=sr_t_92,2016,1h 46m,PG-13,6.3,146K
93. Underworld: Blood Wars,https://www.imdb.com/title/tt3717252/?ref_=sr_t_93,2016,1h 31m,R,5.8,83K
94. When the Bough Breaks,https://www.imdb.com/title/tt1389139/?ref_=sr_t_94,2016,1h 47m,PG-13,5.2,8.3K
95. Zoolander 2,https://www.imdb.com/title/tt1608290/?ref_=sr_t_95,2016,1h 41m,PG-13,4.7,78K
96. Moonlight,https://www.imdb.com/title/tt4975722/?ref_=sr_t_96,2016,1h 51m,R,7.4,338K
97. The Finest Hours,https://www.imdb.com/title/tt2025690/?ref_=sr_t_97,2016,1h 57m,PG-13,6.7,72K
98. Florence Foster Jenkins,https://www.imdb.com/title/tt4136084/?ref_=sr_t_98,2016,1h 51m,PG-13,6.8,61K
99. Hell or High Water,https://www.imdb.com/title/tt2582782/?ref_=sr_t_99,2016,1h 42m,R,7.6,261K
100. Resident Evil: The Final Chapter,https://www.imdb.com/title/tt2592614/?ref_=sr_t_100,2016,1h 47m,R,5.5,104K
101. The Forest,https://www.imdb.com/title/tt3387542/?ref_=sr_t_101,2016,1h 33m,PG-13,4.8,46K
102. Ben-Hur,https://www.imdb.com/title/tt2638144/?ref_=sr_t_102,2016,2h 3m,PG-13,5.7,48K
103. Leap!,https://www.imdb.com/title/tt2261287/?ref_=sr_t_103,2016,1h 29m,PG,6.8,25K
104. Bridget Jones's Baby,https://www.imdb.com/title/tt1473832/?ref_=sr_t_104,2016,2h 3m,R,6.4,84K
105. Kevin Hart: What Now?,https://www.imdb.com/title/tt4669186/?ref_=sr_t_105,2016,1h 36m,R,6.0,10K
106. Whiskey Tango Foxtrot,https://www.imdb.com/title/tt3553442/?ref_=sr_t_106,2016,1h 52m,R,6.6,58K
107. Snowden,https://www.imdb.com/title/tt3774114/?ref_=sr_t_107,2016,2h 14m,R,7.3,167K
108. Mechanic: Resurrection,https://www.imdb.com/title/tt3522806/?ref_=sr_t_108,2016,1h 38m,R,5.7,97K
109. Free State of Jones,https://www.imdb.com/title/tt1124037/?ref_=sr_t_109,2016,2h 19m,R,6.9,65K
110. Blair Witch,https://www.imdb.com/title/tt1540011/?ref_=sr_t_110,2016,1h 29m,R,5.0,51K
111. God's Not Dead 2,https://www.imdb.com/title/tt4824308/?ref_=sr_t_111,2016,2h,PG,4.3,14K
112. Keanu,https://www.imdb.com/title/tt4139124/?ref_=sr_t_112,2016,1h 40m,R,6.2,53K
113. Middle School: The Worst Years of My Life,https://www.imdb.com/title/tt4981636/?ref_=sr_t_113,2016,1h 32m,PG,6.1,10K
114. Nine Lives,https://www.imdb.com/title/tt4383594/?ref_=sr_t_114,2016,1h 27m,PG,5.3,25K
115. Race,https://www.imdb.com/title/tt3499096/?ref_=sr_t_115,2016,2h 14m,PG-13,7.1,42K
116. The Choice,https://www.imdb.com/title/tt3797868/?ref_=sr_t_116,2016,1h 51m,PG-13,6.5,47K
117. Bad Santa 2,https://www.imdb.com/title/tt1798603/?ref_=sr_t_117,2016,1h 32m,R,5.6,30K
118. Norm of the North,https://www.imdb.com/title/tt1594972/?ref_=sr_t_118,2016,1h 30m,PG,3.4,10K
119. The Birth of a Nation,https://www.imdb.com/title/tt4196450/?ref_=sr_t_119,2016,2h,R,6.5,22K
120. A Beautiful Planet,https://www.imdb.com/title/tt2800050/?ref_=sr_t_120,2016,46m,G,7.3,1.5K
121. The Infiltrator,https://www.imdb.com/title/tt1355631/?ref_=sr_t_121,2016,2h 7m,R,7.0,81K
122. Keeping Up with the Joneses,https://www.imdb.com/title/tt2387499/?ref_=sr_t_122,2016,1h 45m,PG-13,5.9,70K
123. Criminal,https://www.imdb.com/title/tt3014866/?ref_=sr_t_123,2016,1h 53m,R,6.3,72K
124. The Edge of Seventeen,https://www.imdb.com/title/tt1878870/?ref_=sr_t_124,2016,1h 44m,R,7.3,144K
125. Love & Friendship,https://www.imdb.com/title/tt3068194/?ref_=sr_t_125,2016,1h 30m,PG,6.4,27K
126. Jackie,https://www.imdb.com/title/tt1619029/?ref_=sr_t_126,2016,1h 40m,R,6.6,85K
127. Born in China,https://www.imdb.com/title/tt4629266/?ref_=sr_t_127,2016,1h 19m,G,7.2,4.2K
128. Hillary's America: The Secret History of the Democratic Party,https://www.imdb.com/title/tt5646136/?ref_=sr_t_128,2016,1h 46m,PG-13,4.8,8.1K
129. The Founder,https://www.imdb.com/title/tt4276820/?ref_=sr_t_129,2016,1h 55m,PG-13,7.2,187K
130. Triple 9,https://www.imdb.com/title/tt1712261/?ref_=sr_t_130,2016,1h 55m,R,6.3,79K
131. The Light Between Oceans,https://www.imdb.com/title/tt2547584/?ref_=sr_t_131,2016,2h 13m,PG-13,7.2,61K
132. Dangal,https://www.imdb.com/title/tt5074352/?ref_=sr_t_132,2016,2h 41m,Not Rated,8.3,221K
133. Fifty Shades of Black,https://www.imdb.com/title/tt4667094/?ref_=sr_t_133,2016,1h 32m,R,3.5,24K
134. No Manches Frida,https://www.imdb.com/title/tt5259966/?ref_=sr_t_134,2016,1h 54m,PG-13,5.5,2.8K
135. Café Society,https://www.imdb.com/title/tt4513674/?ref_=sr_t_135,2016,1h 36m,PG-13,6.6,83K
136. Pride and Prejudice and Zombies,https://www.imdb.com/title/tt1374989/?ref_=sr_t_136,2016,1h 48m,PG-13,5.8,62K
137. The Darkness,https://www.imdb.com/title/tt1878841/?ref_=sr_t_137,2016,1h 32m,PG-13,4.5,17K
138. Nocturnal Animals,https://www.imdb.com/title/tt4550098/?ref_=sr_t_138,2016,1h 56m,R,7.4,324K
139. Live by Night,https://www.imdb.com/title/tt2361317/?ref_=sr_t_139,2016,2h 9m,R,6.4,61K
140. The Belko Experiment,https://www.imdb.com/title/tt1082807/?ref_=sr_t_140,2016,1h 29m,R,6.2,62K
141. The Perfect Match,https://www.imdb.com/title/tt4871980/?ref_=sr_t_141,2016,1h 36m,R,4.9,4.5K
142. Popstar: Never Stop Never Stopping,https://www.imdb.com/title/tt3960412/?ref_=sr_t_142,2016,1h 27m,R,6.7,70K
143. Rock Dog,https://www.imdb.com/title/tt2822672/?ref_=sr_t_143,2016,1h 30m,PG,6.0,6.2K
144. Meet the Blacks,https://www.imdb.com/title/tt4191580/?ref_=sr_t_144,2016,1h 34m,R,4.8,38K
145. Queen of Katwe,https://www.imdb.com/title/tt4341582/?ref_=sr_t_145,2016,2h 4m,PG,7.4,19K
146. Ratchet & Clank,https://www.imdb.com/title/tt2865120/?ref_=sr_t_146,2016,1h 34m,PG,5.5,12K
147. The Lost City of Z,https://www.imdb.com/title/tt1212428/?ref_=sr_t_147,2016,2h 21m,PG-13,6.6,102K
148. The Promise,https://www.imdb.com/title/tt4776998/?ref_=sr_t_148,2016,2h 13m,PG-13,6.1,179K
149. A Cure for Wellness,https://www.imdb.com/title/tt4731136/?ref_=sr_t_149,2016,2h 26m,R,6.4,113K
150. The Wild Life,https://www.imdb.com/title/tt4731008/?ref_=sr_t_150,2016,1h 31m,PG,5.4,6.8K
151. Loving,https://www.imdb.com/title/tt4669986/?ref_=sr_t_151,2016,2h 3m,PG-13,7.0,38K
152. Gold,https://www.imdb.com/title/tt1800302/?ref_=sr_t_152,2016,2h,R,6.7,71K
153. I Am Not Your Negro,https://www.imdb.com/title/tt5804038/?ref_=sr_t_153,2016,1h 33m,PG-13,7.9,24K
154. Silence,https://www.imdb.com/title/tt0490215/?ref_=sr_t_154,2016,2h 41m,R,7.2,126K
155. Birth of the Dragon,https://www.imdb.com/title/tt2720826/?ref_=sr_t_155,2016,1h 35m,PG-13,5.7,9K
156. Shut In,https://www.imdb.com/title/tt2582500/?ref_=sr_t_156,2016,1h 31m,PG-13,4.8,15K
157. The Brothers Grimsby,https://www.imdb.com/title/tt3381008/?ref_=sr_t_157,2016,1h 23m,R,6.2,114K
158. The Young Messiah,https://www.imdb.com/title/tt1002563/?ref_=sr_t_158,2016,1h 51m,PG-13,5.7,4K
159. Southside with You,https://www.imdb.com/title/tt4258698/?ref_=sr_t_159,2016,1h 24m,PG-13,6.3,10K
160. Lowriders,https://www.imdb.com/title/tt1366338/?ref_=sr_t_160,2016,1h 38m,PG-13,5.7,2.8K
161. Sultan,https://www.imdb.com/title/tt4832640/?ref_=sr_t_161,2016,2h 50m,Not Rated,7.1,54K
162. Maudie,https://www.imdb.com/title/tt3721954/?ref_=sr_t_162,2016,1h 55m,PG-13,7.6,24K
163. Captain Fantastic,https://www.imdb.com/title/tt3553976/?ref_=sr_t_163,2016,1h 58m,R,7.8,241K
164. 20th Century Women,https://www.imdb.com/title/tt4385888/?ref_=sr_t_164,2016,1h 59m,R,7.3,51K
165. Paris Can Wait,https://www.imdb.com/title/tt4429194/?ref_=sr_t_165,2016,1h 32m,PG,5.8,10K
166. Hunt for the Wilderpeople,https://www.imdb.com/title/tt4698684/?ref_=sr_t_166,2016,1h 41m,PG-13,7.8,146K
167. Bleed for This,https://www.imdb.com/title/tt1620935/?ref_=sr_t_167,2016,1h 57m,R,6.8,32K
168. Your Name.,https://www.imdb.com/title/tt5311514/?ref_=sr_t_168,2016,1h 46m,,8.4,344K
169. Incarnate,https://www.imdb.com/title/tt3216348/?ref_=sr_t_169,2016,1h 27m,PG-13,5.3,14K
170. Absolutely Fabulous: The Movie,https://www.imdb.com/title/tt2112096/?ref_=sr_t_170,2016,1h 31m,R,5.4,13K
171. Hands of Stone,https://www.imdb.com/title/tt1781827/?ref_=sr_t_171,2016,1h 51m,R,6.6,18K
172. Don't Think Twice,https://www.imdb.com/title/tt4972062/?ref_=sr_t_172,2016,1h 32m,R,6.7,18K
173. Ae Dil Hai Mushkil,https://www.imdb.com/title/tt4559006/?ref_=sr_t_173,2016,2h 38m,Not Rated,5.9,27K
174. A Hologram for the King,https://www.imdb.com/title/tt2980210/?ref_=sr_t_174,2016,1h 38m,R,6.1,48K
175. Swiss Army Man,https://www.imdb.com/title/tt4034354/?ref_=sr_t_175,2016,1h 37m,R,6.9,136K
176. Denial,https://www.imdb.com/title/tt4645330/?ref_=sr_t_176,2016,1h 49m,PG-13,6.8,24K
177. Sleight,https://www.imdb.com/title/tt4573516/?ref_=sr_t_177,2016,1h 29m,R,5.9,9.4K
178. Morgan,https://www.imdb.com/title/tt4520364/?ref_=sr_t_178,2016,1h 32m,R,5.8,47K
179. Kabali,https://www.imdb.com/title/tt5071886/?ref_=sr_t_179,2016,2h 33m,Not Rated,6.1,15K
180. A United Kingdom,https://www.imdb.com/title/tt3387266/?ref_=sr_t_180,2016,1h 51m,PG-13,6.9,17K
181. Max Steel,https://www.imdb.com/title/tt1472584/?ref_=sr_t_181,2016,1h 32m,PG-13,4.6,21K
182. Norman,https://www.imdb.com/title/tt4191702/?ref_=sr_t_182,2016,1h 58m,R,6.1,6.7K
183. Batman: The Killing Joke,https://www.imdb.com/title/tt4853102/?ref_=sr_t_183,2016,1h 16m,Not Rated,6.4,63K
184. Friend Request,https://www.imdb.com/title/tt3352390/?ref_=sr_t_184,2016,1h 32m,R,5.2,28K
185. A Monster Calls,https://www.imdb.com/title/tt3416532/?ref_=sr_t_185,2016,1h 48m,PG-13,7.4,96K
186. Midnight Special,https://www.imdb.com/title/tt2649554/?ref_=sr_t_186,2016,1h 52m,PG-13,6.6,85K
187. Rules Don't Apply,https://www.imdb.com/title/tt1974420/?ref_=sr_t_187,2016,2h 7m,PG-13,5.7,12K
188. Their Finest,https://www.imdb.com/title/tt1661275/?ref_=sr_t_188,2016,1h 57m,R,6.8,22K
189. Miss Sloane,https://www.imdb.com/title/tt4540710/?ref_=sr_t_189,2016,2h 12m,R,7.5,85K
190. Indignation,https://www.imdb.com/title/tt4193394/?ref_=sr_t_190,2016,1h 50m,R,6.7,13K
191. Everybody Wants Some!!,https://www.imdb.com/title/tt2937696/?ref_=sr_t_191,2016,1h 57m,R,6.9,62K
192. Sing Street,https://www.imdb.com/title/tt3544112/?ref_=sr_t_192,2016,1h 46m,PG-13,7.9,103K
193. The Mermaid,https://www.imdb.com/title/tt4701660/?ref_=sr_t_193,2016,1h 34m,R,6.2,10K
194. The Eagle Huntress,https://www.imdb.com/title/tt3882074/?ref_=sr_t_194,2016,1h 27m,G,7.5,4.2K
195. Our Kind of Traitor,https://www.imdb.com/title/tt1995390/?ref_=sr_t_195,2016,1h 48m,R,6.2,24K
196. Compadres,https://www.imdb.com/title/tt3367294/?ref_=sr_t_196,2016,1h 41m,R,4.8,1.2K
197. Colossal,https://www.imdb.com/title/tt4680182/?ref_=sr_t_197,2016,1h 49m,R,6.2,71K
198. The Other Side of the Door,https://www.imdb.com/title/tt3702652/?ref_=sr_t_198,2016,1h 36m,R,5.3,20K
199. Anthropoid,https://www.imdb.com/title/tt4190530/?ref_=sr_t_199,2016,2h,R,7.2,56K
200. The Beatles: Eight Days a Week - The Touring Years,https://www.imdb.com/title/tt2531318/?ref_=sr_t_200,2016,1h 46m,Not Rated,7.8,14K
201. Kedi,https://www.imdb.com/title/tt4420704/?ref_=sr_t_201,2016,1h 19m,Not Rated,7.6,16K
202. Kapoor & Sons,https://www.imdb.com/title/tt4900716/?ref_=sr_t_202,2016,2h 12m,Not Rated,7.7,29K
203. LBJ,https://www.imdb.com/title/tt4778988/?ref_=sr_t_203,2016,1h 38m,R,6.5,8K
204. The Disappointments Room,https://www.imdb.com/title/tt2364897/?ref_=sr_t_204,2016,1h 31m,R,3.9,11K
205. The Salesman,https://www.imdb.com/title/tt5186714/?ref_=sr_t_205,2016,2h 4m,PG-13,7.7,66K
206. Hillsong: Let Hope Rise,https://www.imdb.com/title/tt3850544/?ref_=sr_t_206,2016,1h 43m,PG,6.1,926
207. Dear Zindagi,https://www.imdb.com/title/tt5946128/?ref_=sr_t_207,2016,2h 31m,Not Rated,7.4,45K
208. Elle,https://www.imdb.com/title/tt3716530/?ref_=sr_t_208,2016,2h 10m,R,7.1,72K
209. A Aa,https://www.imdb.com/title/tt5684466/?ref_=sr_t_209,2016,2h 32m,,6.8,4K
210. Fan,https://www.imdb.com/title/tt3495026/?ref_=sr_t_210,2016,2h 22m,Not Rated,6.8,50K
211. Collide,https://www.imdb.com/title/tt2126235/?ref_=sr_t_211,2016,1h 39m,PG-13,5.7,18K
212. The Patriarch,https://www.imdb.com/title/tt4958468/?ref_=sr_t_212,2016,1h 34m,PG-13,6.9,1.3K
213. Paterson,https://www.imdb.com/title/tt5247022/?ref_=sr_t_213,2016,1h 58m,R,7.3,91K
214. Train to Busan,https://www.imdb.com/title/tt5700672/?ref_=sr_t_214,2016,1h 58m,Not Rated,7.6,275K
215. I'm Not Ashamed,https://www.imdb.com/title/tt4950110/?ref_=sr_t_215,2016,1h 52m,PG-13,5.8,4.3K
216. The Handmaiden,https://www.imdb.com/title/tt4016934/?ref_=sr_t_216,2016,2h 25m,Not Rated,8.1,183K
217. Greater,https://www.imdb.com/title/tt2950418/?ref_=sr_t_217,2016,2h 10m,PG,7.4,8.9K
218. Shin Godzilla,https://www.imdb.com/title/tt4262980/?ref_=sr_t_218,2016,2h,Not Rated,6.8,40K
219. A Quiet Passion,https://www.imdb.com/title/tt2392830/?ref_=sr_t_219,2016,2h 5m,PG-13,6.4,6.5K
220. M.S. Dhoni: The Untold Story,https://www.imdb.com/title/tt4169250/?ref_=sr_t_220,2016,3h 4m,Not Rated,8.0,71K
221. Free Fire,https://www.imdb.com/title/tt4158096/?ref_=sr_t_221,2016,1h 31m,R,6.3,52K
222. Find a Boyfriend for My Wife... PLEASE!,https://www.imdb.com/title/tt5321942/?ref_=sr_t_222,2016,1h 32m,PG-13,5.7,528
223. Billy Lynn's Long Halftime Walk,https://www.imdb.com/title/tt2513074/?ref_=sr_t_223,2016,1h 53m,R,6.2,24K
"224. To Joey, with Love",https://www.imdb.com/title/tt6023560/?ref_=sr_t_224,2016,1h 30m,Not Rated,8.3,196
225. Weiner,https://www.imdb.com/title/tt5278596/?ref_=sr_t_225,2016,1h 36m,R,7.6,11K
226. The Comedian,https://www.imdb.com/title/tt1967614/?ref_=sr_t_226,2016,2h,R,5.8,8.3K
227. Equity,https://www.imdb.com/title/tt3958780/?ref_=sr_t_227,2016,1h 40m,R,5.6,3.9K
228. Neerja,https://www.imdb.com/title/tt5286444/?ref_=sr_t_228,2016,2h 2m,Not Rated,7.6,24K
229. Priceless,https://www.imdb.com/title/tt4978274/?ref_=sr_t_229,2016,1h 37m,PG-13,6.0,4.3K
230. Julieta,https://www.imdb.com/title/tt4326444/?ref_=sr_t_230,2016,1h 39m,R,7.1,34K
231. Toni Erdmann,https://www.imdb.com/title/tt4048272/?ref_=sr_t_231,2016,2h 42m,R,7.3,53K
232. The Wedding Plan,https://www.imdb.com/title/tt5991206/?ref_=sr_t_232,2016,1h 50m,PG,6.5,1.6K
233. Genius,https://www.imdb.com/title/tt1703957/?ref_=sr_t_233,2016,1h 44m,PG-13,6.5,22K
234. The Neon Demon,https://www.imdb.com/title/tt1974419/?ref_=sr_t_234,2016,1h 57m,R,6.1,107K
235. Housefull 3,https://www.imdb.com/title/tt4559046/?ref_=sr_t_235,2016,2h 20m,Not Rated,4.9,11K
236. Personal Shopper,https://www.imdb.com/title/tt4714782/?ref_=sr_t_236,2016,1h 45m,R,6.1,44K
237. Mohenjo Daro,https://www.imdb.com/title/tt3859980/?ref_=sr_t_237,2016,2h 35m,Not Rated,5.6,13K
238. The Women's Balcony,https://www.imdb.com/title/tt5974460/?ref_=sr_t_238,2016,1h 36m,,6.6,864
239. Vaxxed: From Cover-Up to Catastrophe,https://www.imdb.com/title/tt5562652/?ref_=sr_t_239,2016,1h 31m,,4.6,5.3K
240. Lady Macbeth,https://www.imdb.com/title/tt4291600/?ref_=sr_t_240,2016,1h 29m,R,6.8,28K
241. Wazir,https://www.imdb.com/title/tt0315642/?ref_=sr_t_241,2016,1h 43m,Not Rated,7.1,20K
242. The Insanity of God,https://www.imdb.com/title/tt4273630/?ref_=sr_t_242,2016,,,7.6,139
243. Certain Women,https://www.imdb.com/title/tt4468634/?ref_=sr_t_243,2016,1h 47m,R,6.4,16K
244. Rustom,https://www.imdb.com/title/tt5165344/?ref_=sr_t_244,2016,2h 28m,Not Rated,7.0,29K
245. A Silent Voice: The Movie,https://www.imdb.com/title/tt5323662/?ref_=sr_t_245,2016,2h 10m,Not Rated,8.1,112K
246. The Innocents,https://www.imdb.com/title/tt4370784/?ref_=sr_t_246,2016,1h 55m,PG-13,7.3,12K
247. Elvis & Nixon,https://www.imdb.com/title/tt2093991/?ref_=sr_t_247,2016,1h 26m,R,6.3,15K
248. Battle for Incheon: Operation Chromite,https://www.imdb.com/title/tt4939066/?ref_=sr_t_248,2016,1h 51m,Not Rated,6.2,6.3K
249. The Hollars,https://www.imdb.com/title/tt3714720/?ref_=sr_t_249,2016,1h 28m,PG-13,6.6,15K
250. Yu-Gi-Oh!: The Dark Side of Dimensions,https://www.imdb.com/title/tt4273562/?ref_=sr_t_250,2016,2h 10m,PG,6.8,3.7K
251. Baar Baar Dekho,https://www.imdb.com/title/tt5197544/?ref_=sr_t_251,2016,2h 21m,Not Rated,5.4,7.9K
252. Neruda,https://www.imdb.com/title/tt4698584/?ref_=sr_t_252,2016,1h 47m,R,6.8,11K
253. The Red Turtle,https://www.imdb.com/title/tt3666024/?ref_=sr_t_253,2016,1h 20m,PG,7.5,40K
254. George Takei's Allegiance,https://www.imdb.com/title/tt6316170/?ref_=sr_t_254,2016,2h 10m,,8.3,275
255. Gentleman,https://www.imdb.com/title/tt5815940/?ref_=sr_t_255,2016,2h 24m,,7.1,2.8K
256. Believe,https://www.imdb.com/title/tt4700756/?ref_=sr_t_256,2016,1h 59m,PG,5.1,488
257. Frantz,https://www.imdb.com/title/tt5029608/?ref_=sr_t_257,2016,1h 53m,PG-13,7.5,18K
258. Ki & Ka,https://www.imdb.com/title/tt4744086/?ref_=sr_t_258,2016,2h 6m,Not Rated,5.7,6.5K
259. Premam,https://www.imdb.com/title/tt5712058/?ref_=sr_t_259,2016,2h 37m,,6.4,1.9K
260. Dishoom,https://www.imdb.com/title/tt3679060/?ref_=sr_t_260,2016,2h 4m,Not Rated,5.2,9.2K
261. Operation Mekong,https://www.imdb.com/title/tt6044910/?ref_=sr_t_261,2016,2h 3m,Not Rated,6.5,5.5K
262. The Wailing,https://www.imdb.com/title/tt5215952/?ref_=sr_t_262,2016,2h 36m,TV-MA,7.4,88K
263. 31,https://www.imdb.com/title/tt3835080/?ref_=sr_t_263,2016,1h 42m,,5.1,24K
264. Chongqing Hot Pot,https://www.imdb.com/title/tt5596352/?ref_=sr_t_264,2016,1h 34m,,6.6,1.4K
265. I Belonged to You,https://www.imdb.com/title/tt6074202/?ref_=sr_t_265,2016,1h 52m,PG-13,5.5,663
266. Saturday's Warrior,https://www.imdb.com/title/tt4699130/?ref_=sr_t_266,2016,2h,PG,5.6,308
267. The Monkey King 2,https://www.imdb.com/title/tt4591310/?ref_=sr_t_267,2016,1h 59m,Not Rated,5.9,3.6K
268. The Exception,https://www.imdb.com/title/tt4721124/?ref_=sr_t_268,2016,1h 47m,R,6.8,16K
269. Little Men,https://www.imdb.com/title/tt4919484/?ref_=sr_t_269,2016,1h 25m,PG,6.7,7.9K
270. Chaar Sahibzaade 2: Rise of Banda Singh Bahadur,https://www.imdb.com/title/tt6246170/?ref_=sr_t_270,2016,2h 14m,Not Rated,8.6,885
271. Lost in Paris,https://www.imdb.com/title/tt2936884/?ref_=sr_t_271,2016,1h 23m,Not Rated,6.3,3.7K
272. Mr. Church,https://www.imdb.com/title/tt4196848/?ref_=sr_t_272,2016,1h 44m,PG-13,7.6,32K
273. American Honey,https://www.imdb.com/title/tt3721936/?ref_=sr_t_273,2016,2h 43m,R,7.0,48K
274. Embrace: The Documentary,https://www.imdb.com/title/tt4862478/?ref_=sr_t_274,2016,1h 30m,TV-PG,7.2,1.1K
275. Range 15,https://www.imdb.com/title/tt4687276/?ref_=sr_t_275,2016,1h 29m,TV-MA,4.0,5.2K
276. Tickled,https://www.imdb.com/title/tt5278506/?ref_=sr_t_276,2016,1h 32m,R,7.5,22K
277. Neither Wolf Nor Dog,https://www.imdb.com/title/tt3951908/?ref_=sr_t_277,2016,1h 50m,,7.3,384
278. Master,https://www.imdb.com/title/tt5735464/?ref_=sr_t_278,2016,2h 23m,Not Rated,6.6,2.7K
279. Lo and Behold: Reveries of the Connected World,https://www.imdb.com/title/tt5275828/?ref_=sr_t_279,2016,1h 38m,PG-13,7.0,14K
280. Gleason,https://www.imdb.com/title/tt4632316/?ref_=sr_t_280,2016,1h 50m,R,8.3,3.2K
281. Tommy's Honour,https://www.imdb.com/title/tt3467914/?ref_=sr_t_281,2016,1h 52m,PG,6.4,1.4K
282. Tunnel,https://www.imdb.com/title/tt5910280/?ref_=sr_t_282,2016,2h 6m,TV-14,6.8,11K
283. Cold War 2,https://www.imdb.com/title/tt5112622/?ref_=sr_t_283,2016,1h 50m,Not Rated,6.5,3.2K
284. American Pastoral,https://www.imdb.com/title/tt0376479/?ref_=sr_t_284,2016,1h 48m,R,6.1,19K
285. The Age of Shadows,https://www.imdb.com/title/tt4914580/?ref_=sr_t_285,2016,2h 20m,TV-MA,7.1,11K
286. Fitoor,https://www.imdb.com/title/tt4399594/?ref_=sr_t_286,2016,2h 11m,,5.4,5.4K
287. The First Monday in May,https://www.imdb.com/title/tt5519566/?ref_=sr_t_287,2016,1h 30m,PG-13,7.1,2K
288. Raw,https://www.imdb.com/title/tt4954522/?ref_=sr_t_288,2016,1h 39m,R,6.9,92K
289. Befikre,https://www.imdb.com/title/tt5108476/?ref_=sr_t_289,2016,2h 10m,Not Rated,4.1,8.4K
290. Wiener-Dog,https://www.imdb.com/title/tt4144190/?ref_=sr_t_290,2016,1h 28m,R,5.9,11K
291. Luck-Key,https://www.imdb.com/title/tt6175078/?ref_=sr_t_291,2016,1h 52m,,6.9,3.3K
292. Gimme Danger,https://www.imdb.com/title/tt1714917/?ref_=sr_t_292,2016,1h 48m,R,7.2,6.7K
293. Baaghi,https://www.imdb.com/title/tt4864932/?ref_=sr_t_293,2016,2h 13m,Not Rated,5.3,11K
294. I Am Not Madame Bovary,https://www.imdb.com/title/tt5918090/?ref_=sr_t_294,2016,2h 8m,Not Rated,6.9,2.5K
295. One Piece Film: Gold,https://www.imdb.com/title/tt5251328/?ref_=sr_t_295,2016,2h 4m,TV-14,7.1,7.8K
296. Chasing Trane: The John Coltrane Documentary,https://www.imdb.com/title/tt4283892/?ref_=sr_t_296,2016,1h 39m,Not Rated,7.3,2.5K
297. Things to Come,https://www.imdb.com/title/tt4120176/?ref_=sr_t_297,2016,1h 42m,PG-13,6.9,15K
298. The Wasted Times,https://www.imdb.com/title/tt4623812/?ref_=sr_t_298,2016,2h 5m,Unrated,6.9,2.1K
299. Letters from Baghdad,https://www.imdb.com/title/tt6086614/?ref_=sr_t_299,2016,1h 35m,TV-PG,6.9,496
300. Mr. Donkey,https://www.imdb.com/title/tt6167014/?ref_=sr_t_300,2016,1h 53m,,7.4,2.3K
301. Eat That Question: Frank Zappa in His Own Words,https://www.imdb.com/title/tt5275830/?ref_=sr_t_301,2016,1h 33m,R,7.5,1.4K
302. Happy Bhaag Jayegi,https://www.imdb.com/title/tt5472758/?ref_=sr_t_302,2016,2h 6m,Not Rated,6.4,5.8K
303. Kahaani 2,https://www.imdb.com/title/tt5477608/?ref_=sr_t_303,2016,2h 7m,Not Rated,6.5,6.2K
304. L.O.R.D: Legend of Ravaging Dynasties,https://www.imdb.com/title/tt4819576/?ref_=sr_t_304,2016,1h 58m,13+,5.1,1.4K
305. Terrifier,https://www.imdb.com/title/tt4281724/?ref_=sr_t_305,2016,1h 25m,Unrated,5.5,79K
306. Te3n,https://www.imdb.com/title/tt4814290/?ref_=sr_t_306,2016,2h 16m,,7.2,14K
307. Kaashmora,https://www.imdb.com/title/tt5980232/?ref_=sr_t_307,2016,2h 43m,Not Rated,5.6,2.1K
308. The Bounce Back,https://www.imdb.com/title/tt3253232/?ref_=sr_t_308,2016,1h 44m,PG-13,5.3,780
309. Chuck,https://www.imdb.com/title/tt1610525/?ref_=sr_t_309,2016,1h 38m,R,6.5,7.1K
310. AmeriGeddon,https://www.imdb.com/title/tt4059702/?ref_=sr_t_310,2016,1h 30m,PG-13,3.8,13K
311. Obit.,https://www.imdb.com/title/tt4820284/?ref_=sr_t_311,2016,1h 33m,,7.3,801
312. Citizen Jane: Battle for the City,https://www.imdb.com/title/tt3699354/?ref_=sr_t_312,2016,1h 32m,Not Rated,7.0,683
313. My Life as a Zucchini,https://www.imdb.com/title/tt2321405/?ref_=sr_t_313,2016,1h 10m,PG-13,7.8,31K
314. Christine,https://www.imdb.com/title/tt4666726/?ref_=sr_t_314,2016,1h 59m,R,6.9,17K
315. Aquarius,https://www.imdb.com/title/tt5221584/?ref_=sr_t_315,2016,2h 26m,Not Rated,7.4,21K
316. After the Storm,https://www.imdb.com/title/tt5294966/?ref_=sr_t_316,2016,1h 58m,Not Rated,7.4,13K
317. Kingsglaive: Final Fantasy XV,https://www.imdb.com/title/tt5595168/?ref_=sr_t_317,2016,1h 50m,PG-13,6.7,24K
318. Wakefield,https://www.imdb.com/title/tt5195412/?ref_=sr_t_318,2016,1h 46m,R,6.3,18K
"319. I, Daniel Blake",https://www.imdb.com/title/tt5168192/?ref_=sr_t_319,2016,1h 40m,R,7.8,66K
320. Cezanne et Moi,https://www.imdb.com/title/tt5078354/?ref_=sr_t_320,2016,1h 57m,R,6.1,1.5K
"321. Life, Animated",https://www.imdb.com/title/tt3917210/?ref_=sr_t_321,2016,1h 32m,PG,7.4,6.2K
322. Dean,https://www.imdb.com/title/tt3914332/?ref_=sr_t_322,2016,1h 34m,PG-13,6.3,2.7K
323. Oasis: Supersonic,https://www.imdb.com/title/tt5213534/?ref_=sr_t_323,2016,2h 2m,R,7.8,13K
324. Jimmy Vestvood: Amerikan Hero,https://www.imdb.com/title/tt3135556/?ref_=sr_t_324,2016,1h 24m,TV-MA,5.1,3.1K
325. The Love Witch,https://www.imdb.com/title/tt3908142/?ref_=sr_t_325,2016,2h,Unrated,6.2,21K
326. Jeremiah Tower: The Last Magnificent,https://www.imdb.com/title/tt5163286/?ref_=sr_t_326,2016,1h 43m,R,6.6,557
327. Spirit of the Game,https://www.imdb.com/title/tt4947738/?ref_=sr_t_327,2016,1h 38m,PG,5.2,311
328. Akira,https://www.imdb.com/title/tt5465370/?ref_=sr_t_328,2016,2h 17m,Not Rated,5.9,4.5K
329. California Typewriter,https://www.imdb.com/title/tt5966990/?ref_=sr_t_329,2016,1h 43m,TV-PG,7.3,1.1K
330. Railroad Tigers,https://www.imdb.com/title/tt4687848/?ref_=sr_t_330,2016,2h 4m,TV-PG,5.8,5.1K
331. All I See Is You,https://www.imdb.com/title/tt4486986/?ref_=sr_t_331,2016,1h 49m,R,5.4,14K
332. Big Sonia,https://www.imdb.com/title/tt3531176/?ref_=sr_t_332,2016,1h 33m,,7.6,459
333. Seed: The Untold Story,https://www.imdb.com/title/tt5971724/?ref_=sr_t_333,2016,1h 34m,PG,7.7,371
334. Kaptaan,https://www.imdb.com/title/tt5595240/?ref_=sr_t_334,2016,2h 22m,,6.2,244
335. White Girl,https://www.imdb.com/title/tt4129870/?ref_=sr_t_335,2016,1h 28m,TV-MA,5.7,12K
336. Risk,https://www.imdb.com/title/tt4964772/?ref_=sr_t_336,2016,1h 26m,TV-MA,6.3,2.4K
337. Spark: A Space Tail,https://www.imdb.com/title/tt3228088/?ref_=sr_t_337,2016,1h 31m,PG,4.4,1.4K
338. Complete Unknown,https://www.imdb.com/title/tt4230700/?ref_=sr_t_338,2016,1h 31m,R,5.4,6.7K
339. The Masked Saint,https://www.imdb.com/title/tt3103166/?ref_=sr_t_339,2016,1h 45m,PG-13,4.7,776
340. League of Gods,https://www.imdb.com/title/tt5481184/?ref_=sr_t_340,2016,1h 49m,PG-13,4.5,3K
341. The Bad Batch,https://www.imdb.com/title/tt4334266/?ref_=sr_t_341,2016,1h 58m,R,5.2,36K
342. Past Life,https://www.imdb.com/title/tt5787384/?ref_=sr_t_342,2016,1h 49m,,6.5,623
343. Graduation,https://www.imdb.com/title/tt4936450/?ref_=sr_t_343,2016,2h 8m,R,7.3,15K
344. Asura,https://www.imdb.com/title/tt5918028/?ref_=sr_t_344,2016,2h 16m,Not Rated,6.7,3.5K
345. In This Corner (and Other Corners) of the World,https://www.imdb.com/title/tt4769824/?ref_=sr_t_345,2016,2h 9m,PG-13,7.8,13K
346. David Lynch: The Art Life,https://www.imdb.com/title/tt1691152/?ref_=sr_t_346,2016,1h 28m,Not Rated,7.2,6.8K
347. Apparition Hill,https://www.imdb.com/title/tt5260002/?ref_=sr_t_347,2016,1h 55m,PG-13,8.8,76
348. Polina,https://www.imdb.com/title/tt4383288/?ref_=sr_t_348,2016,1h 48m,,6.7,2K
349. Eva Hesse,https://www.imdb.com/title/tt3601350/?ref_=sr_t_349,2016,1h 48m,PG-13,7.1,192
350. The Journey,https://www.imdb.com/title/tt4826674/?ref_=sr_t_350,2016,1h 34m,PG-13,6.7,2.2K
351. Endless Poetry,https://www.imdb.com/title/tt4451458/?ref_=sr_t_351,2016,2h 8m,Unrated,7.5,6.8K
352. Generation Found,https://www.imdb.com/title/tt4633036/?ref_=sr_t_352,2016,1h 25m,Not Rated,8.6,18
353. The Void,https://www.imdb.com/title/tt4255304/?ref_=sr_t_353,2016,1h 30m,Not Rated,5.9,44K
354. The Unknown Girl,https://www.imdb.com/title/tt4630550/?ref_=sr_t_354,2016,1h 53m,Unrated,6.5,11K
355. Kicks,https://www.imdb.com/title/tt4254584/?ref_=sr_t_355,2016,1h 20m,R,6.4,4.6K
356. Michael Moore in TrumpLand,https://www.imdb.com/title/tt6163356/?ref_=sr_t_356,2016,1h 13m,Not Rated,5.8,4.2K
357. Restless Creature: Wendy Whelan,https://www.imdb.com/title/tt3551540/?ref_=sr_t_357,2016,1h 30m,,7.2,387
358. The Last Dalai Lama?,https://www.imdb.com/title/tt6865478/?ref_=sr_t_358,2016,1h 22m,,7.5,62
359. Until Forever,https://www.imdb.com/title/tt4061196/?ref_=sr_t_359,2016,1h 40m,Unrated,6.2,753
360. Ism,https://www.imdb.com/title/tt6130166/?ref_=sr_t_360,2016,2h 12m,,5.6,479
361. Dawson City: Frozen Time,https://www.imdb.com/title/tt5215486/?ref_=sr_t_361,2016,2h,,7.5,2.2K
362. Moka,https://www.imdb.com/title/tt5072406/?ref_=sr_t_362,2016,1h 29m,Not Rated,6.3,1.3K
363. I Called Him Morgan,https://www.imdb.com/title/tt4170344/?ref_=sr_t_363,2016,1h 32m,,7.3,2K
364. Marie Curie: The Courage of Knowledge,https://www.imdb.com/title/tt5705058/?ref_=sr_t_364,2016,1h 40m,,5.6,1.6K
365. Spirits' Homecoming,https://www.imdb.com/title/tt5503266/?ref_=sr_t_365,2016,2h 7m,,6.7,582
366. The B-Side,https://www.imdb.com/title/tt5952468/?ref_=sr_t_366,2016,1h 16m,R,6.7,846
367. '85: The Greatest Team in Football History,https://www.imdb.com/title/tt4417402/?ref_=sr_t_367,2016,1h 30m,,6.8,165
368. Fire at Sea,https://www.imdb.com/title/tt3652526/?ref_=sr_t_368,2016,1h 54m,,6.7,6.1K
369. Three,https://www.imdb.com/title/tt4379728/?ref_=sr_t_369,2016,1h 28m,Not Rated,5.9,2.1K
370. Remember the Goal,https://www.imdb.com/title/tt5066818/?ref_=sr_t_370,2016,1h 28m,PG,6.4,413
371. Caged No More,https://www.imdb.com/title/tt4104354/?ref_=sr_t_371,2016,1h 30m,PG-13,5.5,572
372. Abacus: Small Enough to Jail,https://www.imdb.com/title/tt5952382/?ref_=sr_t_372,2016,1h 28m,Not Rated,7.1,3K
373. The King's Choice,https://www.imdb.com/title/tt4353996/?ref_=sr_t_373,2016,2h 13m,,7.1,10K
374. Slack Bay,https://www.imdb.com/title/tt4726636/?ref_=sr_t_374,2016,2h 2m,Unrated,6.0,5K
375. Zero Days,https://www.imdb.com/title/tt5446858/?ref_=sr_t_375,2016,1h 56m,PG-13,7.7,11K
376. In Between,https://www.imdb.com/title/tt5974388/?ref_=sr_t_376,2016,1h 43m,R,7.3,3.2K
377. Like Crazy,https://www.imdb.com/title/tt4621872/?ref_=sr_t_377,2016,1h 56m,Not Rated,7.1,10K
378. Best Worst Thing That Ever Could Have Happened,https://www.imdb.com/title/tt3282712/?ref_=sr_t_378,2016,1h 35m,,7.6,752
379. Dictator,https://www.imdb.com/title/tt5304086/?ref_=sr_t_379,2016,2h 35m,Not Rated,4.0,765
380. Cameraperson,https://www.imdb.com/title/tt5375040/?ref_=sr_t_380,2016,1h 42m,Not Rated,7.4,3.4K
381. Tower,https://www.imdb.com/title/tt5116410/?ref_=sr_t_381,2016,1h 22m,TV-14,7.9,8.4K
382. Score,https://www.imdb.com/title/tt4207112/?ref_=sr_t_382,2016,1h 33m,Not Rated,7.5,5K
383. Some Like It Hot,https://www.imdb.com/title/tt6398666/?ref_=sr_t_383,2016,1h 56m,,5.7,1.2K
384. Rock on 2,https://www.imdb.com/title/tt2137241/?ref_=sr_t_384,2016,2h 23m,Not Rated,4.9,2.3K
385. Aida's Secrets,https://www.imdb.com/title/tt5706568/?ref_=sr_t_385,2016,1h 30m,Not Rated,7.2,275
386. Seondal: The Man Who Sells the River,https://www.imdb.com/title/tt5729246/?ref_=sr_t_386,2016,2h,,6.6,910
387. Godspeed: The Race Across America,https://www.imdb.com/title/tt6082798/?ref_=sr_t_387,2016,1h 53m,,6.8,16
388. Never Gone,https://www.imdb.com/title/tt5011290/?ref_=sr_t_388,2016,1h 40m,PG-13,5.2,1.1K
389. The Fight Within,https://www.imdb.com/title/tt4838334/?ref_=sr_t_389,2016,1h 34m,PG-13,4.4,461
"390. New York, New York",https://www.imdb.com/title/tt5576336/?ref_=sr_t_390,2016,1h 46m,,5.0,151
391. Other People,https://www.imdb.com/title/tt4158876/?ref_=sr_t_391,2016,1h 37m,Unrated,6.8,13K
392. Morris from America,https://www.imdb.com/title/tt3652862/?ref_=sr_t_392,2016,1h 31m,R,6.3,5.7K
393. I Married an Anti-Fan,https://www.imdb.com/title/tt5240372/?ref_=sr_t_393,2016,2h,PG-13,5.8,1.1K
394. Goldstone,https://www.imdb.com/title/tt4911996/?ref_=sr_t_394,2016,1h 50m,R,6.6,6.4K
395. Sand Storm,https://www.imdb.com/title/tt4365518/?ref_=sr_t_395,2016,1h 27m,,6.8,4K
396. Author: The JT LeRoy Story,https://www.imdb.com/title/tt5278462/?ref_=sr_t_396,2016,1h 50m,R,7.1,1.3K
397. Chapter & Verse,https://www.imdb.com/title/tt3946960/?ref_=sr_t_397,2016,1h 37m,R,6.4,234
398. Cock and Bull,https://www.imdb.com/title/tt6067462/?ref_=sr_t_398,2016,1h 50m,,6.8,951
399. A Street Cat Named Bob,https://www.imdb.com/title/tt3606888/?ref_=sr_t_399,2016,1h 43m,Not Rated,7.3,35K
400. King Cobra,https://www.imdb.com/title/tt5129682/?ref_=sr_t_400,2016,1h 31m,Not Rated,5.6,9.7K
401. For the Love of Spock,https://www.imdb.com/title/tt4572820/?ref_=sr_t_401,2016,1h 51m,Not Rated,7.6,5K
402. My Best Friend's Wedding,https://www.imdb.com/title/tt5275314/?ref_=sr_t_402,2016,1h 31m,PG,5.1,371
403. Stefan Zweig: Farewell to Europe,https://www.imdb.com/title/tt3397160/?ref_=sr_t_403,2016,1h 46m,,6.7,2.7K
404. Sky on Fire,https://www.imdb.com/title/tt6157600/?ref_=sr_t_404,2016,1h 39m,Not Rated,4.6,417
405. Irudhi Suttru,https://www.imdb.com/title/tt5310090/?ref_=sr_t_405,2016,1h 49m,Not Rated,7.6,13K
406. Sword Master,https://www.imdb.com/title/tt5269396/?ref_=sr_t_406,2016,1h 48m,Not Rated,6.0,2.7K
407. Te Ata,https://www.imdb.com/title/tt4061944/?ref_=sr_t_407,2016,1h 45m,PG,7.4,1K
408. Buster's Mal Heart,https://www.imdb.com/title/tt5173032/?ref_=sr_t_408,2016,1h 36m,Unrated,6.1,12K
409. Do Not Resist,https://www.imdb.com/title/tt5557976/?ref_=sr_t_409,2016,1h 12m,Not Rated,7.0,1.2K
410. Dancer,https://www.imdb.com/title/tt5097070/?ref_=sr_t_410,2016,1h 25m,Not Rated,7.8,3.2K
411. The Congressman,https://www.imdb.com/title/tt3485800/?ref_=sr_t_411,2016,1h 38m,R,6.3,480
412. Norman Lear: Just Another Version of You,https://www.imdb.com/title/tt5275866/?ref_=sr_t_412,2016,1h 31m,Unrated,7.3,482
413. My Entire High School Sinking Into the Sea,https://www.imdb.com/title/tt5538568/?ref_=sr_t_413,2016,1h 15m,PG-13,6.1,1.3K
414. Alive and Kicking,https://www.imdb.com/title/tt4329394/?ref_=sr_t_414,2016,1h 28m,Not Rated,7.2,522
415. Phantom Detective,https://www.imdb.com/title/tt5644726/?ref_=sr_t_415,2016,2h 6m,PG-13,6.3,1.4K
416. The Teacher,https://www.imdb.com/title/tt5061162/?ref_=sr_t_416,2016,1h 42m,Unrated,7.2,3.9K
417. The Tenth Man,https://www.imdb.com/title/tt5446610/?ref_=sr_t_417,2016,1h 22m,Unrated,5.8,1.3K
418. Trapped,https://www.imdb.com/title/tt5259692/?ref_=sr_t_418,2016,1h 30m,Not Rated,7.1,269
419. The Gardener,https://www.imdb.com/title/tt6566400/?ref_=sr_t_419,2016,1h 28m,TV-G,7.4,298
420. The Tiger Hunter,https://www.imdb.com/title/tt3853830/?ref_=sr_t_420,2016,1h 34m,Not Rated,6.0,1.1K
421. In a Valley of Violence,https://www.imdb.com/title/tt3608930/?ref_=sr_t_421,2016,1h 44m,R,6.1,22K
422. Donald Cried,https://www.imdb.com/title/tt4442604/?ref_=sr_t_422,2016,1h 25m,Not Rated,6.6,1.4K
423. Time Renegades,https://www.imdb.com/title/tt5597408/?ref_=sr_t_423,2016,1h 47m,PG-13,6.8,1.3K
424. Bang! The Bert Berns Story,https://www.imdb.com/title/tt5432624/?ref_=sr_t_424,2016,1h 34m,,7.9,80
425. Vanishing Time: A Boy Who Returned,https://www.imdb.com/title/tt6273736/?ref_=sr_t_425,2016,2h 10m,,7.2,2.4K
426. Command and Control,https://www.imdb.com/title/tt5598206/?ref_=sr_t_426,2016,1h 32m,PG,7.3,1K
427. Pele: Birth of a Legend,https://www.imdb.com/title/tt0995868/?ref_=sr_t_427,2016,1h 47m,PG,7.1,22K
428. Dongju: The Portrait of a Poet,https://www.imdb.com/title/tt5799928/?ref_=sr_t_428,2016,1h 50m,,7.2,478
429. The Lovers & the Despot,https://www.imdb.com/title/tt5278868/?ref_=sr_t_429,2016,1h 38m,Unrated,6.6,1.1K
430. Voyage of Time,https://www.imdb.com/title/tt6024606/?ref_=sr_t_430,2016,44m,G,7.0,3.1K
431. High Strung,https://www.imdb.com/title/tt3451230/?ref_=sr_t_431,2016,1h 36m,PG,6.3,11K
432. Being 17,https://www.imdb.com/title/tt4331970/?ref_=sr_t_432,2016,1h 54m,Unrated,7.2,7.5K
433. My Journey Through French Cinema,https://www.imdb.com/title/tt5652594/?ref_=sr_t_433,2016,3h 21m,Not Rated,7.7,1K
434. My Annoying Brother,https://www.imdb.com/title/tt6388082/?ref_=sr_t_434,2016,1h 50m,PG,7.3,4.5K
435. Tickling Giants,https://www.imdb.com/title/tt5494396/?ref_=sr_t_435,2016,1h 51m,TV-14,8.2,1.7K
436. The Unknowns,https://www.imdb.com/title/tt4526922/?ref_=sr_t_436,2016,1h 25m,,8.7,68
437. Like for Likes,https://www.imdb.com/title/tt5358570/?ref_=sr_t_437,2016,2h,PG-13,6.4,743
438. The Ornithologist,https://www.imdb.com/title/tt4929038/?ref_=sr_t_438,2016,1h 57m,Unrated,6.3,3.9K
439. Keep Quiet,https://www.imdb.com/title/tt4789160/?ref_=sr_t_439,2016,1h 30m,,6.9,363
440. The Take,https://www.imdb.com/title/tt2368619/?ref_=sr_t_440,2016,1h 32m,R,6.3,52K
441. From the Land of the Moon,https://www.imdb.com/title/tt3794028/?ref_=sr_t_441,2016,2h,R,6.6,6.9K
442. So B. It,https://www.imdb.com/title/tt3663020/?ref_=sr_t_442,2016,1h 38m,PG-13,6.9,729
443. The Greasy Strangler,https://www.imdb.com/title/tt4381236/?ref_=sr_t_443,2016,1h 33m,Unrated,5.7,8.9K
444. 3 Weeks in Yerevan,https://www.imdb.com/title/tt5791932/?ref_=sr_t_444,2016,1h 32m,,7.1,217
445. We Are X,https://www.imdb.com/title/tt4835086/?ref_=sr_t_445,2016,1h 33m,R,7.5,1.1K
446. A Melody to Remember,https://www.imdb.com/title/tt5093754/?ref_=sr_t_446,2016,2h 4m,,7.1,414
447. Nuts!,https://www.imdb.com/title/tt5236900/?ref_=sr_t_447,2016,1h 19m,Unrated,7.1,899
448. Phantom of the Theatre,https://www.imdb.com/title/tt5639650/?ref_=sr_t_448,2016,1h 43m,13+,5.2,426
449. The Land,https://www.imdb.com/title/tt5164412/?ref_=sr_t_449,2016,1h 44m,R,6.4,1.9K
450. The Death of Louis XIV,https://www.imdb.com/title/tt5129510/?ref_=sr_t_450,2016,1h 55m,,6.8,2.7K
451. Mastizaade,https://www.imdb.com/title/tt3726012/?ref_=sr_t_451,2016,1h 59m,Not Rated,2.4,3.1K
452. Hermia & Helena,https://www.imdb.com/title/tt5880296/?ref_=sr_t_452,2016,1h 27m,Not Rated,5.9,499
453. Restored Me,https://www.imdb.com/title/tt3477172/?ref_=sr_t_453,2016,2h 15m,Not Rated,6.5,76
454. One Week and a Day,https://www.imdb.com/title/tt4777584/?ref_=sr_t_454,2016,1h 38m,,6.7,980
455. The Settlers,https://www.imdb.com/title/tt5278914/?ref_=sr_t_455,2016,1h 47m,,7.5,294
456. Karl Marx City,https://www.imdb.com/title/tt5952526/?ref_=sr_t_456,2016,1h 29m,,6.5,263
457. Wild Oats,https://www.imdb.com/title/tt1655461/?ref_=sr_t_457,2016,1h 26m,PG-13,5.7,4.8K
458. Is That a Gun in Your Pocket?,https://www.imdb.com/title/tt4196832/?ref_=sr_t_458,2016,1h 35m,R,5.0,2.1K
459. Paradise,https://www.imdb.com/title/tt4551318/?ref_=sr_t_459,2016,2h 10m,,7.0,2.1K
460. The Commune,https://www.imdb.com/title/tt3082854/?ref_=sr_t_460,2016,1h 51m,Not Rated,6.4,8.4K
461. Spa Night,https://www.imdb.com/title/tt5254640/?ref_=sr_t_461,2016,1h 33m,Unrated,6.1,1.4K
462. Germans & Jews,https://www.imdb.com/title/tt5718290/?ref_=sr_t_462,2016,1h 16m,,7.6,83
463. The Heart of Nuba,https://www.imdb.com/title/tt6255478/?ref_=sr_t_463,2016,1h 25m,,8.4,146
464. A Woman's Life,https://www.imdb.com/title/tt5078134/?ref_=sr_t_464,2016,1h 59m,Not Rated,6.4,1.3K
465. School Life,https://www.imdb.com/title/tt5475022/?ref_=sr_t_465,2016,1h 39m,PG-13,7.4,329
466. Trust Fund,https://www.imdb.com/title/tt3969208/?ref_=sr_t_466,2016,1h 47m,PG,4.8,298
467. How to Let Go of the World: and Love All the Things Climate Can't Change,https://www.imdb.com/title/tt5246328/?ref_=sr_t_467,2016,2h 7m,TV-14,7.1,385
468. The Road Movie,https://www.imdb.com/title/tt6235786/?ref_=sr_t_468,2016,1h 7m,,6.4,951
469. Rat Film,https://www.imdb.com/title/tt5840448/?ref_=sr_t_469,2016,1h 22m,,6.9,1K
470. Sophie and the Rising Sun,https://www.imdb.com/title/tt4532818/?ref_=sr_t_470,2016,1h 45m,R,6.7,1.5K
471. Sweet Sixteen,https://www.imdb.com/title/tt4171876/?ref_=sr_t_471,2016,1h 33m,PG-13,4.8,318
472. Off the Rails,https://www.imdb.com/title/tt5131960/?ref_=sr_t_472,2016,1h 26m,TV-14,7.1,363
473. The Map Against the World,https://www.imdb.com/title/tt5973508/?ref_=sr_t_473,2016,2h 9m,,5.9,151
474. Afterimage,https://www.imdb.com/title/tt5186236/?ref_=sr_t_474,2016,1h 38m,,7.0,3.4K
475. Alone in Berlin,https://www.imdb.com/title/tt3026488/?ref_=sr_t_475,2016,1h 43m,R,6.5,10K
476. The Intervention,https://www.imdb.com/title/tt4872078/?ref_=sr_t_476,2016,1h 30m,R,6.0,6.6K
477. Under the Shadow,https://www.imdb.com/title/tt4273292/?ref_=sr_t_477,2016,1h 24m,PG-13,6.8,31K
478. Sidemen: Long Road to Glory,https://www.imdb.com/title/tt5191938/?ref_=sr_t_478,2016,1h 17m,PG,7.3,167
479. Poor Boy,https://www.imdb.com/title/tt3893664/?ref_=sr_t_479,2016,1h 44m,Not Rated,4.1,253
480. The Son of Joseph,https://www.imdb.com/title/tt4741774/?ref_=sr_t_480,2016,1h 53m,,6.5,914
481. Nocturama,https://www.imdb.com/title/tt4795546/?ref_=sr_t_481,2016,2h 10m,,6.4,5.5K
482. For a Few Bullets,https://www.imdb.com/title/tt5882704/?ref_=sr_t_482,2016,1h 55m,,5.3,246
483. The Best Democracy Money Can Buy,https://www.imdb.com/title/tt5347158/?ref_=sr_t_483,2016,1h 54m,,6.7,162
484. The Last Princess,https://www.imdb.com/title/tt5947416/?ref_=sr_t_484,2016,2h 7m,Not Rated,7.1,2.3K
485. Restoring Tomorrow,https://www.imdb.com/title/tt3249794/?ref_=sr_t_485,2016,1h 22m,PG,8.6,76
486. The Seasons In Quincy: Four Portraits of John Berger,https://www.imdb.com/title/tt5298558/?ref_=sr_t_486,2016,1h 30m,,6.7,249
487. Ribbons,https://www.imdb.com/title/tt4581734/?ref_=sr_t_487,2016,1h 35m,R,5.9,54
488. Radio Dreams,https://www.imdb.com/title/tt3990782/?ref_=sr_t_488,2016,1h 33m,,6.1,327
489. The Untamed,https://www.imdb.com/title/tt5265960/?ref_=sr_t_489,2016,1h 38m,Not Rated,6.1,7K
490. Unlocking the Cage,https://www.imdb.com/title/tt5016028/?ref_=sr_t_490,2016,1h 31m,TV-14,7.0,428
491. The Eyes of My Mother,https://www.imdb.com/title/tt5225338/?ref_=sr_t_491,2016,1h 16m,R,6.2,15K
492. Mali Blues,https://www.imdb.com/title/tt5427450/?ref_=sr_t_492,2016,1h 30m,Not Rated,7.2,125
493. Papa,https://www.imdb.com/title/tt4694440/?ref_=sr_t_493,2016,1h 46m,,6.2,77
494. They Call Us Monsters,https://www.imdb.com/title/tt5730882/?ref_=sr_t_494,2016,1h 22m,Not Rated,7.0,673
495. Jet Trash,https://www.imdb.com/title/tt3124210/?ref_=sr_t_495,2016,1h 25m,,5.0,371
496. Kate Plays Christine,https://www.imdb.com/title/tt5278592/?ref_=sr_t_496,2016,1h 52m,Not Rated,6.2,1.2K
497. Banjo,https://www.imdb.com/title/tt5755606/?ref_=sr_t_497,2016,2h 17m,Not Rated,5.0,1.3K
498. The New Year's Eve of Old Lee,https://www.imdb.com/title/tt5515022/?ref_=sr_t_498,2016,1h 46m,,4.6,85
499. Disturbing the Peace,https://www.imdb.com/title/tt5503512/?ref_=sr_t_499,2016,1h 27m,Not Rated,7.5,284
500. Naples '44,https://www.imdb.com/title/tt3886508/?ref_=sr_t_500,2016,1h 20m,Not Rated,6.7,236
