Title,Movie Link,Year,Duration,MPA,Rating,Votes
1. Jaws,https://www.imdb.com/title/tt0073195/?ref_=sr_t_1,1975,2h 4m,PG,8.1,683K
2. The Rocky Horror Picture Show,https://www.imdb.com/title/tt0073629/?ref_=sr_t_2,1975,1h 40m,R,7.4,173K
3. One Flew Over the Cuckoo's Nest,https://www.imdb.com/title/tt0073486/?ref_=sr_t_3,1975,2h 13m,R,8.7,1.1M
4. Dog Day Afternoon,https://www.imdb.com/title/tt0072890/?ref_=sr_t_4,1975,2h 5m,R,8.0,279K
5. Shampoo,https://www.imdb.com/title/tt0073692/?ref_=sr_t_5,1975,1h 50m,R,6.4,15K
6. The Return of the Pink Panther,https://www.imdb.com/title/tt0072081/?ref_=sr_t_6,1975,1h 53m,G,7.0,31K
7. Funny Lady,https://www.imdb.com/title/tt0073026/?ref_=sr_t_7,1975,2h 16m,PG,6.2,6.1K
8. The Apple Dumpling Gang,https://www.imdb.com/title/tt0072653/?ref_=sr_t_8,1975,1h 40m,G,6.4,6.7K
9. Tommy,https://www.imdb.com/title/tt0073812/?ref_=sr_t_9,1975,1h 51m,PG,6.6,23K
10. Three Days of the Condor,https://www.imdb.com/title/tt0073802/?ref_=sr_t_10,1975,1h 57m,R,7.4,65K
11. Lucky Lady,https://www.imdb.com/title/tt0073317/?ref_=sr_t_11,1975,1h 58m,PG,5.2,1.4K
12. The Great Waldo Pepper,https://www.imdb.com/title/tt0073075/?ref_=sr_t_12,1975,1h 47m,PG,6.7,6.8K
13. Love and Death,https://www.imdb.com/title/tt0073312/?ref_=sr_t_13,1975,1h 25m,PG,7.6,42K
14. Escape to Witch Mountain,https://www.imdb.com/title/tt0072951/?ref_=sr_t_14,1975,1h 37m,G,6.3,12K
15. Once Is Not Enough,https://www.imdb.com/title/tt0073190/?ref_=sr_t_15,1975,2h 1m,R,4.6,938
16. The Eiger Sanction,https://www.imdb.com/title/tt0072926/?ref_=sr_t_16,1975,2h 9m,R,6.4,23K
17. French Connection II,https://www.imdb.com/title/tt0073018/?ref_=sr_t_17,1975,1h 59m,R,6.7,22K
"18. Give 'em Hell, Harry!",https://www.imdb.com/title/tt0073053/?ref_=sr_t_18,1975,1h 44m,PG,7.3,596
19. Nashville,https://www.imdb.com/title/tt0073440/?ref_=sr_t_19,1975,2h 40m,R,7.6,29K
20. Bug,https://www.imdb.com/title/tt0072750/?ref_=sr_t_20,1975,1h 39m,PG,5.2,2.7K
21. Monty Python and the Holy Grail,https://www.imdb.com/title/tt0071853/?ref_=sr_t_21,1975,1h 31m,PG,8.2,581K
22. Framed,https://www.imdb.com/title/tt0073015/?ref_=sr_t_22,1975,1h 46m,R,6.4,782
23. At Long Last Love,https://www.imdb.com/title/tt0072665/?ref_=sr_t_23,1975,1h 58m,G,5.3,1.4K
24. The Passenger,https://www.imdb.com/title/tt0073580/?ref_=sr_t_24,1975,2h 6m,PG,7.5,27K
25. The Giant Spider Invasion,https://www.imdb.com/title/tt0073043/?ref_=sr_t_25,1975,1h 24m,PG,3.3,4.8K
26. Switchblade Sisters,https://www.imdb.com/title/tt0073778/?ref_=sr_t_26,1975,1h 31m,R,6.5,4.4K
27. Picnic at Hanging Rock,https://www.imdb.com/title/tt0073540/?ref_=sr_t_27,1975,1h 55m,PG,7.4,43K
28. Grey Gardens,https://www.imdb.com/title/tt0073076/?ref_=sr_t_28,1975,1h 35m,PG,7.5,16K
29. Mirror,https://www.imdb.com/title/tt0072443/?ref_=sr_t_29,1975,1h 47m,Not Rated,7.9,54K
30. That Most Important Thing: Love,https://www.imdb.com/title/tt0073155/?ref_=sr_t_30,1975,1h 49m,R,7.0,4.9K
31. Seven Beauties,https://www.imdb.com/title/tt0075040/?ref_=sr_t_31,1975,1h 56m,R,7.7,6.7K
32. Fox and His Friends,https://www.imdb.com/title/tt0072976/?ref_=sr_t_32,1975,2h 4m,Not Rated,7.6,7.1K
33. Mother Kusters Goes to Heaven,https://www.imdb.com/title/tt0073424/?ref_=sr_t_33,1975,1h 48m,,7.5,2.3K
34. The Story of Adele H,https://www.imdb.com/title/tt0073114/?ref_=sr_t_34,1975,1h 36m,PG,7.2,9.3K
"35. Salò, or the 120 Days of Sodom",https://www.imdb.com/title/tt0073650/?ref_=sr_t_35,1975,1h 57m,TV-MA,5.8,68K
36. Barry Lyndon,https://www.imdb.com/title/tt0072684/?ref_=sr_t_36,1975,3h 5m,PG,8.1,189K
37. Operation Daybreak,https://www.imdb.com/title/tt0075019/?ref_=sr_t_37,1975,1h 58m,PG,7.0,2.5K
38. Ilsa: She Wolf of the SS,https://www.imdb.com/title/tt0071650/?ref_=sr_t_38,1975,1h 36m,R,5.1,8.4K
39. Death Race 2000,https://www.imdb.com/title/tt0072856/?ref_=sr_t_39,1975,1h 20m,R,6.2,32K
40. The School Teacher,https://www.imdb.com/title/tt0073170/?ref_=sr_t_40,1975,1h 29m,,4.8,955
41. The Beast,https://www.imdb.com/title/tt0072752/?ref_=sr_t_41,1975,1h 38m,Not Rated,5.7,5.6K
42. The Pinchcliffe Grand Prix,https://www.imdb.com/title/tt0073000/?ref_=sr_t_42,1975,1h 28m,G,8.4,15K
43. The Story of O,https://www.imdb.com/title/tt0073115/?ref_=sr_t_43,1975,1h 37m,NC-17,5.3,7.1K
44. Supervixens,https://www.imdb.com/title/tt0073768/?ref_=sr_t_44,1975,1h 46m,Unrated,5.9,5.2K
45. Rollerball,https://www.imdb.com/title/tt0073631/?ref_=sr_t_45,1975,2h 5m,R,6.5,30K
46. The Man Who Would Be King,https://www.imdb.com/title/tt0073341/?ref_=sr_t_46,1975,2h 9m,PG,7.7,53K
47. Deep Red,https://www.imdb.com/title/tt0073582/?ref_=sr_t_47,1975,2h 7m,R,7.5,44K
"48. Jeanne Dielman, 23, quai du commerce, 1080 Bruxelles",https://www.imdb.com/title/tt0073198/?ref_=sr_t_48,1975,3h 22m,Not Rated,7.5,15K
49. The Family Vice,https://www.imdb.com/title/tt0073870/?ref_=sr_t_49,1975,1h 30m,,5.1,363
50. Shivers,https://www.imdb.com/title/tt0073705/?ref_=sr_t_50,1975,1h 27m,R,6.3,24K
51. Night Moves,https://www.imdb.com/title/tt0073453/?ref_=sr_t_51,1975,1h 40m,R,7.1,19K
52. A Boy and His Dog,https://www.imdb.com/title/tt0072730/?ref_=sr_t_52,1975,1h 31m,R,6.4,20K
53. Countess Perverse,https://www.imdb.com/title/tt0069930/?ref_=sr_t_53,1975,1h 27m,,5.3,767
54. Mandingo,https://www.imdb.com/title/tt0073349/?ref_=sr_t_54,1975,2h 7m,R,6.5,4.4K
55. The Stepford Wives,https://www.imdb.com/title/tt0073747/?ref_=sr_t_55,1975,1h 55m,PG,6.9,20K
56. Breakheart Pass,https://www.imdb.com/title/tt0072735/?ref_=sr_t_56,1975,1h 35m,PG,6.7,9.3K
57. Strip Nude for Your Killer,https://www.imdb.com/title/tt0073470/?ref_=sr_t_57,1975,1h 38m,Not Rated,5.6,3.3K
58. Hard Times,https://www.imdb.com/title/tt0073092/?ref_=sr_t_58,1975,1h 33m,PG,7.2,13K
59. Manila in the Claws of Light,https://www.imdb.com/title/tt0073363/?ref_=sr_t_59,1975,2h 5m,TV-14,7.8,2.8K
60. Dersu Uzala,https://www.imdb.com/title/tt0071411/?ref_=sr_t_60,1975,2h 22m,G,8.2,34K
61. Hester Street,https://www.imdb.com/title/tt0073107/?ref_=sr_t_61,1975,1h 29m,PG,7.0,2.1K
62. Black Moon,https://www.imdb.com/title/tt0072709/?ref_=sr_t_62,1975,1h 40m,R,6.1,6.4K
63. The Sensuous Nurse,https://www.imdb.com/title/tt0074682/?ref_=sr_t_63,1975,1h 45m,R,4.8,871
64. Rooster Cogburn,https://www.imdb.com/title/tt0073636/?ref_=sr_t_64,1975,1h 48m,PG,6.8,13K
65. The Wind and the Lion,https://www.imdb.com/title/tt0073906/?ref_=sr_t_65,1975,1h 59m,PG,6.8,10K
66. Smile,https://www.imdb.com/title/tt0073722/?ref_=sr_t_66,1975,1h 53m,PG,7.1,2.6K
67. Snuff,https://www.imdb.com/title/tt0072184/?ref_=sr_t_67,1975,1h 20m,X,2.8,2.1K
68. Sholay,https://www.imdb.com/title/tt0073707/?ref_=sr_t_68,1975,2h 42m,Not Rated,8.1,60K
69. The Day of the Locust,https://www.imdb.com/title/tt0072848/?ref_=sr_t_69,1975,2h 24m,R,6.9,6.6K
"70. Farewell, My Lovely",https://www.imdb.com/title/tt0072973/?ref_=sr_t_70,1975,1h 35m,R,7.0,10K
71. Let's Do It Again,https://www.imdb.com/title/tt0073282/?ref_=sr_t_71,1975,1h 50m,PG,6.7,3.4K
72. Carry on Behind,https://www.imdb.com/title/tt0072764/?ref_=sr_t_72,1975,1h 30m,Not Rated,5.6,3.1K
73. Nishant,https://www.imdb.com/title/tt0073458/?ref_=sr_t_73,1975,2h 20m,,7.6,767
74. Rosebud,https://www.imdb.com/title/tt0073637/?ref_=sr_t_74,1975,2h 6m,PG,5.2,1.1K
75. Cooley High,https://www.imdb.com/title/tt0072820/?ref_=sr_t_75,1975,1h 47m,PG,7.1,5.7K
76. Emmanuelle II,https://www.imdb.com/title/tt0072933/?ref_=sr_t_76,1975,1h 23m,NC-17,4.8,3.9K
77. Deewaar,https://www.imdb.com/title/tt0072860/?ref_=sr_t_77,1975,2h 54m,,8.0,12K
78. Emanuelle and Francoise,https://www.imdb.com/title/tt0074472/?ref_=sr_t_78,1975,1h 38m,Not Rated,5.4,831
79. Playing with Fire,https://www.imdb.com/title/tt0073203/?ref_=sr_t_79,1975,1h 52m,,5.7,735
80. The Other Side of the Mountain,https://www.imdb.com/title/tt0073496/?ref_=sr_t_80,1975,1h 42m,PG,6.4,1.3K
"81. A Genius, Two Partners and a Dupe",https://www.imdb.com/title/tt0073036/?ref_=sr_t_81,1975,2h 6m,,6.2,6K
82. Tarzoon: Shame of the Jungle,https://www.imdb.com/title/tt0073691/?ref_=sr_t_82,1975,1h 25m,R,5.0,1.4K
83. Black Emanuelle,https://www.imdb.com/title/tt0072930/?ref_=sr_t_83,1975,1h 36m,R,4.6,1.8K
84. Zorro,https://www.imdb.com/title/tt0072448/?ref_=sr_t_84,1975,2h,G,6.4,4.6K
85. Lips of Blood,https://www.imdb.com/title/tt0073324/?ref_=sr_t_85,1975,1h 28m,Not Rated,5.9,2.1K
86. The Killer Elite,https://www.imdb.com/title/tt0073240/?ref_=sr_t_86,1975,2h 2m,PG,6.0,7.5K
87. The Reincarnation of Peter Proud,https://www.imdb.com/title/tt0073615/?ref_=sr_t_87,1975,1h 45m,R,6.4,2.4K
88. Familien Gyldenkål,https://www.imdb.com/title/tt0072963/?ref_=sr_t_88,1975,1h 40m,,5.9,559
89. Last Stop on the Night Train,https://www.imdb.com/title/tt0073836/?ref_=sr_t_89,1975,1h 34m,R,6.1,3.5K
90. Valentina ...The Virgin Wife,https://www.imdb.com/title/tt0073398/?ref_=sr_t_90,1975,1h 38m,R,5.1,412
"91. So Young, So Lovely, So Vicious...",https://www.imdb.com/title/tt0131526/?ref_=sr_t_91,1975,1h 30m,,4.9,487
92. The Chaos Class,https://www.imdb.com/title/tt0252487/?ref_=sr_t_92,1975,1h 25m,,9.2,44K
93. That Malicious Age,https://www.imdb.com/title/tt0073597/?ref_=sr_t_93,1975,1h 30m,TV-14,4.8,544
94. The Strongest Man in the World,https://www.imdb.com/title/tt0073760/?ref_=sr_t_94,1975,1h 32m,G,5.9,3.8K
"95. My Nights with Susan, Olga, Albert, Julie, Piet & Sandra",https://www.imdb.com/title/tt0073387/?ref_=sr_t_95,1975,1h 25m,,5.2,372
96. Women Behind Bars,https://www.imdb.com/title/tt0381985/?ref_=sr_t_96,1975,1h 15m,Not Rated,4.1,774
97. Bite the Bullet,https://www.imdb.com/title/tt0072705/?ref_=sr_t_97,1975,2h 12m,PG,6.6,6.1K
98. Eyeball,https://www.imdb.com/title/tt0071537/?ref_=sr_t_98,1975,1h 31m,R,5.9,2.1K
99. Dolemite,https://www.imdb.com/title/tt0072895/?ref_=sr_t_99,1975,1h 30m,R,5.6,7K
100. Linda Lovelace for President,https://www.imdb.com/title/tt0074800/?ref_=sr_t_100,1975,1h 35m,R,4.2,400
101. Psycho from Texas,https://www.imdb.com/title/tt0082955/?ref_=sr_t_101,1975,1h 29m,R,3.8,389
102. The Adventures of the Wilderness Family,https://www.imdb.com/title/tt0072610/?ref_=sr_t_102,1975,1h 40m,G,6.3,1.9K
103. La Collegiale,https://www.imdb.com/title/tt0072798/?ref_=sr_t_103,1975,1h 32m,,3.7,162
104. Lisztomania,https://www.imdb.com/title/tt0073298/?ref_=sr_t_104,1975,1h 43m,R,6.1,3.2K
105. The Drowning Pool,https://www.imdb.com/title/tt0072912/?ref_=sr_t_105,1975,1h 48m,PG,6.5,6.4K
106. Out of Season,https://www.imdb.com/title/tt0073501/?ref_=sr_t_106,1975,1h 30m,R,5.9,607
107. Rancho Deluxe,https://www.imdb.com/title/tt0073605/?ref_=sr_t_107,1975,1h 33m,R,6.3,2.2K
108. Race with the Devil,https://www.imdb.com/title/tt0073600/?ref_=sr_t_108,1975,1h 28m,PG,6.6,7.7K
109. Bullet Train,https://www.imdb.com/title/tt0080479/?ref_=sr_t_109,1975,2h 32m,Not Rated,6.8,1.8K
110. Part 2: Walking Tall,https://www.imdb.com/title/tt0073880/?ref_=sr_t_110,1975,1h 49m,PG,6.0,1.6K
111. Conduct Unbecoming,https://www.imdb.com/title/tt0072812/?ref_=sr_t_111,1975,1h 47m,PG,6.5,1.1K
112. The Sunshine Boys,https://www.imdb.com/title/tt0073766/?ref_=sr_t_112,1975,1h 51m,PG,7.1,6.9K
113. Inserts,https://www.imdb.com/title/tt0073172/?ref_=sr_t_113,1975,1h 57m,NC-17,6.3,2.5K
114. Brannigan,https://www.imdb.com/title/tt0072732/?ref_=sr_t_114,1975,1h 51m,PG,6.1,6.6K
115. Doc Savage: The Man of Bronze,https://www.imdb.com/title/tt0072886/?ref_=sr_t_115,1975,1h 40m,G,5.4,2.2K
116. Capone,https://www.imdb.com/title/tt0072761/?ref_=sr_t_116,1975,1h 41m,R,5.7,3.3K
117. The Hindenburg,https://www.imdb.com/title/tt0073113/?ref_=sr_t_117,1975,2h 5m,PG,6.3,6.8K
118. The Adventure of Sherlock Holmes' Smarter Brother,https://www.imdb.com/title/tt0072608/?ref_=sr_t_118,1975,1h 31m,PG,6.0,7.5K
119. Mitchell,https://www.imdb.com/title/tt0073396/?ref_=sr_t_119,1975,1h 37m,R,2.8,5K
120. The Private Lesson,https://www.imdb.com/title/tt0073286/?ref_=sr_t_120,1975,1h 35m,,4.8,482
121. Fantozzi,https://www.imdb.com/title/tt0071486/?ref_=sr_t_121,1975,1h 48m,PG-13,7.8,7.3K
122. One of Our Dinosaurs Is Missing,https://www.imdb.com/title/tt0075016/?ref_=sr_t_122,1975,1h 34m,G,5.9,2K
123. The Little Mermaid,https://www.imdb.com/title/tt0070326/?ref_=sr_t_123,1975,1h 14m,Not Rated,7.3,1.2K
124. Royal Flash,https://www.imdb.com/title/tt0073639/?ref_=sr_t_124,1975,1h 42m,PG,6.3,2.3K
125. Mahogany,https://www.imdb.com/title/tt0073335/?ref_=sr_t_125,1975,1h 49m,PG,6.1,2.3K
126. The Devil's Rain,https://www.imdb.com/title/tt0072869/?ref_=sr_t_126,1975,1h 26m,PG,5.1,5.3K
"127. 'Sheba, Baby'",https://www.imdb.com/title/tt0073697/?ref_=sr_t_127,1975,1h 30m,PG,5.6,1.9K
128. Chupke Chupke,https://www.imdb.com/title/tt0072783/?ref_=sr_t_128,1975,2h 26m,Not Rated,8.3,13K
129. Varsity Playthings,https://www.imdb.com/title/tt0073668/?ref_=sr_t_129,1975,1h 32m,R,3.9,236
130. The Four of the Apocalypse...,https://www.imdb.com/title/tt0073594/?ref_=sr_t_130,1975,1h 27m,Unrated,6.3,3.1K
131. The Magic Flute,https://www.imdb.com/title/tt0073822/?ref_=sr_t_131,1975,2h 15m,G,7.4,5.4K
132. Autopsy,https://www.imdb.com/title/tt0073327/?ref_=sr_t_132,1975,1h 40m,R,5.9,2.1K
133. The Hiding Place,https://www.imdb.com/title/tt0073109/?ref_=sr_t_133,1975,2h 30m,PG,7.4,2.5K
134. The Happy Hooker,https://www.imdb.com/title/tt0073091/?ref_=sr_t_134,1975,1h 36m,R,3.8,905
135. Ägget är löst! En hårdkokt saga,https://www.imdb.com/title/tt0073946/?ref_=sr_t_135,1975,1h 47m,,6.2,1.1K
136. The Story of Sin,https://www.imdb.com/title/tt0072919/?ref_=sr_t_136,1975,2h 10m,R,6.1,903
137. Friday Foster,https://www.imdb.com/title/tt0073019/?ref_=sr_t_137,1975,1h 30m,R,6.0,2.7K
138. The Suspicious Death of a Minor,https://www.imdb.com/title/tt0073406/?ref_=sr_t_138,1975,1h 40m,Not Rated,6.5,1.9K
139. Hustle,https://www.imdb.com/title/tt0073133/?ref_=sr_t_139,1975,2h,R,6.2,3K
140. The Old Gun,https://www.imdb.com/title/tt0073864/?ref_=sr_t_140,1975,1h 43m,R,7.5,5.1K
141. Delinquent School Girls,https://www.imdb.com/title/tt0087132/?ref_=sr_t_141,1975,1h 29m,R,4.8,385
142. Leave Us Alone,https://www.imdb.com/title/tt0123949/?ref_=sr_t_142,1975,1h 22m,,5.8,201
143. Penelope Pulls It Off,https://www.imdb.com/title/tt0201070/?ref_=sr_t_143,1975,1h 24m,,4.7,92
144. Breakout,https://www.imdb.com/title/tt0072737/?ref_=sr_t_144,1975,1h 36m,PG,6.1,4.8K
145. Scandal in the Family,https://www.imdb.com/title/tt0073524/?ref_=sr_t_145,1975,1h 37m,,4.8,213
146. The Wild Party,https://www.imdb.com/title/tt0073903/?ref_=sr_t_146,1975,1h 35m,R,5.3,837
147. Heißer Mund auf feuchten Lippen,https://www.imdb.com/title/tt0073102/?ref_=sr_t_147,1975,1h 16m,,6.4,36
148. Amici miei,https://www.imdb.com/title/tt0072637/?ref_=sr_t_148,1975,2h 20m,R,7.9,8.2K
149. That Lucky Touch,https://www.imdb.com/title/tt0073797/?ref_=sr_t_149,1975,1h 29m,PG,4.8,398
150. The Premonition,https://www.imdb.com/title/tt0075097/?ref_=sr_t_150,1975,1h 34m,PG,5.3,1.1K
151. The Fortune,https://www.imdb.com/title/tt0073008/?ref_=sr_t_151,1975,1h 28m,PG,5.6,3.3K
152. Welcome Home Brother Charles,https://www.imdb.com/title/tt0073735/?ref_=sr_t_152,1975,1h 31m,R,4.9,814
153. Satanico Pandemonium,https://www.imdb.com/title/tt0070636/?ref_=sr_t_153,1975,1h 29m,Not Rated,6.1,1.6K
154. A Woman for All Men,https://www.imdb.com/title/tt0316900/?ref_=sr_t_154,1975,1h 35m,R,5.0,282
155. Katie Tippel,https://www.imdb.com/title/tt0073233/?ref_=sr_t_155,1975,1h 40m,R,6.7,2.8K
156. Dirty Hands,https://www.imdb.com/title/tt0073169/?ref_=sr_t_156,1975,1h 42m,R,6.8,2.5K
157. Crazy Mama,https://www.imdb.com/title/tt0072829/?ref_=sr_t_157,1975,1h 20m,PG,5.4,1.1K
158. White Line Fever,https://www.imdb.com/title/tt0073896/?ref_=sr_t_158,1975,1h 30m,PG,6.1,2.4K
159. The Girl from Starship Venus,https://www.imdb.com/title/tt0073688/?ref_=sr_t_159,1975,1h 22m,R,4.5,294
160. The Girls of the Golden Saloon,https://www.imdb.com/title/tt0213652/?ref_=sr_t_160,1975,1h 21m,,3.7,101
161. Darker Than Night,https://www.imdb.com/title/tt0223777/?ref_=sr_t_161,1975,1h 42m,,6.7,1.6K
162. Pick-up,https://www.imdb.com/title/tt0254688/?ref_=sr_t_162,1975,1h 20m,R,4.5,1.1K
163. Saturday Night at the Baths,https://www.imdb.com/title/tt0257099/?ref_=sr_t_163,1975,1h 26m,R,5.7,562
164. Cover Girl Models,https://www.imdb.com/title/tt0072827/?ref_=sr_t_164,1975,1h 13m,R,4.3,313
165. Bucktown,https://www.imdb.com/title/tt0072747/?ref_=sr_t_165,1975,1h 34m,R,6.1,1.7K
166. Summer School Teachers,https://www.imdb.com/title/tt0073764/?ref_=sr_t_166,1975,1h 25m,R,4.4,356
167. Aloha Bobby and Rose,https://www.imdb.com/title/tt0073941/?ref_=sr_t_167,1975,1h 28m,PG,6.3,736
168. The Prisoner of Second Avenue,https://www.imdb.com/title/tt0072034/?ref_=sr_t_168,1975,1h 38m,PG,6.7,4K
169. Foreplay,https://www.imdb.com/title/tt0073006/?ref_=sr_t_169,1975,1h 15m,R,4.0,185
170. W.W. and the Dixie Dancekings,https://www.imdb.com/title/tt0073878/?ref_=sr_t_170,1975,1h 31m,PG,5.9,1.1K
171. The Amusement Park,https://www.imdb.com/title/tt9270362/?ref_=sr_t_171,1975,53m,,6.3,3.4K
172. Flic Story,https://www.imdb.com/title/tt0072996/?ref_=sr_t_172,1975,1h 52m,,6.9,3.2K
173. The Sex Machine,https://www.imdb.com/title/tt0072819/?ref_=sr_t_173,1975,1h 44m,R,6.0,258
174. Alfie Darling,https://www.imdb.com/title/tt0072623/?ref_=sr_t_174,1975,1h 42m,R,4.6,431
175. India Song,https://www.imdb.com/title/tt0073166/?ref_=sr_t_175,1975,2h,Not Rated,6.1,2.7K
176. Overlord,https://www.imdb.com/title/tt0073502/?ref_=sr_t_176,1975,1h 23m,Not Rated,7.1,3.5K
177. Wrong Move,https://www.imdb.com/title/tt0071483/?ref_=sr_t_177,1975,1h 43m,Not Rated,6.9,4.1K
178. Satan's Children,https://www.imdb.com/title/tt0128451/?ref_=sr_t_178,1975,1h 27m,Not Rated,4.4,659
179. Intimate Relations,https://www.imdb.com/title/tt0079349/?ref_=sr_t_179,1975,1h 35m,,6.7,75
180. Blue Jeans,https://www.imdb.com/title/tt0072714/?ref_=sr_t_180,1975,1h 33m,TV-14,5.2,421
181. If You Don't Stop It... You'll Go Blind!!!,https://www.imdb.com/title/tt0144246/?ref_=sr_t_181,1975,1h 20m,R,4.6,434
182. Footprints on the Moon,https://www.imdb.com/title/tt0071950/?ref_=sr_t_182,1975,1h 30m,Not Rated,6.6,2.6K
183. Night of the Howling Beast,https://www.imdb.com/title/tt0073338/?ref_=sr_t_183,1975,1h 27m,R,5.3,944
"184. How to Drown Dr. Mracek, the Lawyer",https://www.imdb.com/title/tt0071687/?ref_=sr_t_184,1975,1h 36m,,7.5,1.4K
185. Blazing Stewardesses,https://www.imdb.com/title/tt0071231/?ref_=sr_t_185,1975,1h 35m,R,2.7,589
186. The Teasers,https://www.imdb.com/title/tt0073290/?ref_=sr_t_186,1975,1h 30m,R,4.6,827
187. Adam and Nicole,https://www.imdb.com/title/tt0186797/?ref_=sr_t_187,1975,1h 20m,X,4.8,81
188. The Romantic Englishwoman,https://www.imdb.com/title/tt0073634/?ref_=sr_t_188,1975,1h 56m,R,6.1,1.5K
189. The Bloodsucker Leads the Dance,https://www.imdb.com/title/tt0073655/?ref_=sr_t_189,1975,1h 29m,Not Rated,3.7,504
190. The Night Caller,https://www.imdb.com/title/tt0073535/?ref_=sr_t_190,1975,1h 31m,R,6.9,4.5K
191. The Novice,https://www.imdb.com/title/tt0073469/?ref_=sr_t_191,1975,1h 35m,,4.3,163
192. The Awakening of Annie,https://www.imdb.com/title/tt0195537/?ref_=sr_t_192,1975,1h 46m,X,4.0,126
193. Afonya,https://www.imdb.com/title/tt0072613/?ref_=sr_t_193,1975,1h 32m,PG,7.8,5.1K
194. The Black Bird,https://www.imdb.com/title/tt0072706/?ref_=sr_t_194,1975,1h 50m,PG,5.4,685
195. Legend of the Werewolf,https://www.imdb.com/title/tt0073275/?ref_=sr_t_195,1975,1h 25m,,5.6,976
196. Terror of Mechagodzilla,https://www.imdb.com/title/tt0073373/?ref_=sr_t_196,1975,1h 19m,G,6.1,6.1K
197. The Man from Hong Kong,https://www.imdb.com/title/tt0073343/?ref_=sr_t_197,1975,1h 46m,R,6.6,2K
198. The Travelling Players,https://www.imdb.com/title/tt0073800/?ref_=sr_t_198,1975,3h 50m,,7.9,4.5K
199. Oryu's Passion: Bondage Skin,https://www.imdb.com/title/tt0287617/?ref_=sr_t_199,1975,1h 16m,,5.7,28
200. Cookies,https://www.imdb.com/title/tt0187044/?ref_=sr_t_200,1975,1h 45m,R,6.6,1.1K
201. Night of the Seagulls,https://www.imdb.com/title/tt0073461/?ref_=sr_t_201,1975,1h 29m,R,5.7,2.3K
202. Loaded Guns,https://www.imdb.com/title/tt0071344/?ref_=sr_t_202,1975,1h 36m,PG,4.8,520
"203. Mary, Mary, Bloody Mary",https://www.imdb.com/title/tt0074873/?ref_=sr_t_203,1975,1h 31m,R,5.0,837
204. They Fought for Their Country,https://www.imdb.com/title/tt0073488/?ref_=sr_t_204,1975,2h 38m,,7.7,3.4K
205. Waves of Lust,https://www.imdb.com/title/tt0073485/?ref_=sr_t_205,1975,1h 28m,Not Rated,5.5,564
206. Galileo,https://www.imdb.com/title/tt0073029/?ref_=sr_t_206,1975,2h 25m,PG,6.5,759
207. Against a Crooked Sky,https://www.imdb.com/title/tt0072615/?ref_=sr_t_207,1975,1h 29m,G,5.4,789
208. L'éventreur de Notre-Dame,https://www.imdb.com/title/tt0083155/?ref_=sr_t_208,1975,1h 35m,Not Rated,4.7,972
"209. Cornbread, Earl and Me",https://www.imdb.com/title/tt0072822/?ref_=sr_t_209,1975,1h 35m,PG,6.9,1.1K
210. The Ghoul,https://www.imdb.com/title/tt0073042/?ref_=sr_t_210,1975,1h 28m,R,5.3,1.9K
211. Infra-Man,https://www.imdb.com/title/tt0073168/?ref_=sr_t_211,1975,1h 30m,PG,6.3,2.3K
212. The Wilby Conspiracy,https://www.imdb.com/title/tt0073901/?ref_=sr_t_212,1975,1h 45m,PG,6.4,2.3K
213. Jessi's Girls,https://www.imdb.com/title/tt0073202/?ref_=sr_t_213,1975,1h 20m,R,4.9,398
214. Julie,https://www.imdb.com/title/tt0187192/?ref_=sr_t_214,1975,2h 25m,Not Rated,6.2,308
215. Teenage Seductress,https://www.imdb.com/title/tt0221269/?ref_=sr_t_215,1975,1h 26m,R,3.7,314
216. The Sweet Aunts,https://www.imdb.com/title/tt0072894/?ref_=sr_t_216,1975,1h 30m,,4.7,204
217. The Olsen Gang on the Track,https://www.imdb.com/title/tt0073482/?ref_=sr_t_217,1975,1h 45m,Not Rated,7.2,2.2K
218. Violated!,https://www.imdb.com/title/tt0256308/?ref_=sr_t_218,1975,1h 25m,R,5.0,142
219. Deadly Strangers,https://www.imdb.com/title/tt0071398/?ref_=sr_t_219,1975,1h 28m,R,6.4,787
220. Da jiang nan bei,https://www.imdb.com/title/tt0165239/?ref_=sr_t_220,1975,1h 28m,,6.2,18
221. Abigail Lesley Is Back in Town,https://www.imdb.com/title/tt0071093/?ref_=sr_t_221,1975,1h 40m,R,5.7,505
222. It Seemed Like a Good Idea at the Time,https://www.imdb.com/title/tt0073181/?ref_=sr_t_222,1975,1h 30m,PG,3.7,418
223. Hot Sex in Bangkok,https://www.imdb.com/title/tt0146872/?ref_=sr_t_223,1975,1h 22m,,3.2,156
224. The Ultimate Warrior,https://www.imdb.com/title/tt0073835/?ref_=sr_t_224,1975,1h 34m,R,5.6,2.3K
225. The Mummy's Revenge,https://www.imdb.com/title/tt0070871/?ref_=sr_t_225,1975,1h 31m,,5.4,404
226. End of the Game,https://www.imdb.com/title/tt0075140/?ref_=sr_t_226,1975,1h 46m,PG,5.9,1.1K
"227. Cousin, Cousine",https://www.imdb.com/title/tt0072826/?ref_=sr_t_227,1975,1h 35m,R,6.7,1.8K
228. Report to the Commissioner,https://www.imdb.com/title/tt0073620/?ref_=sr_t_228,1975,1h 52m,PG,6.7,1.3K
229. Sharon's Baby,https://www.imdb.com/title/tt0072867/?ref_=sr_t_229,1975,1h 35m,R,4.2,1.5K
230. The Sunday Woman,https://www.imdb.com/title/tt0074423/?ref_=sr_t_230,1975,1h 49m,R,6.6,1.4K
231. The Adolescents,https://www.imdb.com/title/tt0072605/?ref_=sr_t_231,1975,1h 45m,,4.7,183
232. Dr. Minx,https://www.imdb.com/title/tt0072905/?ref_=sr_t_232,1975,1h 34m,R,4.3,153
233. Catherine & Co.,https://www.imdb.com/title/tt0072770/?ref_=sr_t_233,1975,1h 40m,R,5.3,243
234. Hard Love,https://www.imdb.com/title/tt0256116/?ref_=sr_t_234,1975,1h 33m,,5.8,37
235. The Divine Nymph,https://www.imdb.com/title/tt0079058/?ref_=sr_t_235,1975,1h 55m,R,5.7,433
236. Bellas de noche,https://www.imdb.com/title/tt0071204/?ref_=sr_t_236,1975,1h 38m,,5.5,145
237. Street Girls,https://www.imdb.com/title/tt0072222/?ref_=sr_t_237,1975,1h 14m,R,4.3,255
238. Dharmatma,https://www.imdb.com/title/tt0361505/?ref_=sr_t_238,1975,2h 43m,Not Rated,6.6,398
239. Peeper,https://www.imdb.com/title/tt0073526/?ref_=sr_t_239,1975,1h 27m,PG,5.6,957
240. A Dragonfly for Each Corpse,https://www.imdb.com/title/tt0070312/?ref_=sr_t_240,1975,1h 25m,Not Rated,5.7,716
241. Moonrunners,https://www.imdb.com/title/tt0071854/?ref_=sr_t_241,1975,1h 50m,PG,5.9,404
242. Death Brings Roses,https://www.imdb.com/title/tt2321247/?ref_=sr_t_242,1975,1h 35m,,3.4,134
243. Flatfoot in Hong Kong,https://www.imdb.com/title/tt0073541/?ref_=sr_t_243,1975,1h 55m,,6.4,3.7K
244. Eskimo Nell,https://www.imdb.com/title/tt0072953/?ref_=sr_t_244,1975,1h 25m,,4.4,450
245. Journey Into Fear,https://www.imdb.com/title/tt0073213/?ref_=sr_t_245,1975,1h 40m,R,5.2,348
246. Winterhawk,https://www.imdb.com/title/tt0075432/?ref_=sr_t_246,1975,1h 38m,PG,5.7,650
247. A Virgin for St. Tropez,https://www.imdb.com/title/tt0206381/?ref_=sr_t_247,1975,1h 25m,Not Rated,5.3,95
248. Confessions of a Pop Performer,https://www.imdb.com/title/tt0072814/?ref_=sr_t_248,1975,1h 31m,,4.3,1K
249. A Haunted Turkish Bathhouse,https://www.imdb.com/title/tt2393868/?ref_=sr_t_249,1975,1h 21m,Unrated,5.9,348
250. Deadly Hero,https://www.imdb.com/title/tt0074381/?ref_=sr_t_250,1975,1h 42m,R,5.8,423
251. The Lost Honor of Katharina Blum,https://www.imdb.com/title/tt0073858/?ref_=sr_t_251,1975,1h 46m,R,7.3,5.1K
252. The Chaos Class Failed the Class,https://www.imdb.com/title/tt0252488/?ref_=sr_t_252,1975,1h 35m,,8.8,25K
253. The Maids,https://www.imdb.com/title/tt0071798/?ref_=sr_t_253,1975,1h 35m,PG,6.3,602
254. The Promised Land,https://www.imdb.com/title/tt0072446/?ref_=sr_t_254,1975,2h 50m,Not Rated,7.8,4.2K
255. Psychic Killer,https://www.imdb.com/title/tt0073586/?ref_=sr_t_255,1975,1h 29m,PG,5.5,1.1K
256. The Flying Guillotine,https://www.imdb.com/title/tt0071512/?ref_=sr_t_256,1975,1h 51m,Not Rated,6.6,1.7K
257. The Man in the Glass Booth,https://www.imdb.com/title/tt0073345/?ref_=sr_t_257,1975,1h 57m,PG,7.0,1.5K
258. The Amorous Milkman,https://www.imdb.com/title/tt0068204/?ref_=sr_t_258,1975,1h 26m,,2.9,431
259. Return to Macon County,https://www.imdb.com/title/tt0073624/?ref_=sr_t_259,1975,1h 30m,PG,5.6,902
260. Posse,https://www.imdb.com/title/tt0073559/?ref_=sr_t_260,1975,1h 32m,PG,6.5,2.5K
261. Man Friday,https://www.imdb.com/title/tt0074849/?ref_=sr_t_261,1975,1h 55m,PG,6.2,1.1K
262. Juego de amor prohibido,https://www.imdb.com/title/tt0073218/?ref_=sr_t_262,1975,1h 25m,,6.1,215
263. The French Detective,https://www.imdb.com/title/tt0072603/?ref_=sr_t_263,1975,1h 31m,,6.9,1.9K
264. Take a Hard Ride,https://www.imdb.com/title/tt0073784/?ref_=sr_t_264,1975,1h 43m,PG,5.7,1.5K
265. Olsenbandens siste bedrifter,https://www.imdb.com/title/tt0132379/?ref_=sr_t_265,1975,1h 31m,,6.4,853
266. The Swiss Family Robinson,https://www.imdb.com/title/tt0073775/?ref_=sr_t_266,1975,1h 40m,,6.2,256
267. The 18 Bronzemen,https://www.imdb.com/title/tt0075203/?ref_=sr_t_267,1975,1h 35m,PG,6.3,499
268. Lepke,https://www.imdb.com/title/tt0073279/?ref_=sr_t_268,1975,1h 50m,R,5.5,459
269. Charandas Chor,https://www.imdb.com/title/tt0155606/?ref_=sr_t_269,1975,2h 36m,,7.8,61
270. The Spiral Staircase,https://www.imdb.com/title/tt0073739/?ref_=sr_t_270,1975,1h 29m,Approved,4.7,614
271. The Swinging Barmaids,https://www.imdb.com/title/tt0073773/?ref_=sr_t_271,1975,1h 28m,R,5.3,325
272. The Flesh of the Orchid,https://www.imdb.com/title/tt0071297/?ref_=sr_t_272,1975,1h 50m,,6.1,720
273. A Woman Called Sada Abe,https://www.imdb.com/title/tt0073208/?ref_=sr_t_273,1975,1h 25m,,6.1,626
274. My Pleasure Is My Business,https://www.imdb.com/title/tt0071882/?ref_=sr_t_274,1975,1h 34m,R,4.5,73
275. Poor Pretty Eddie,https://www.imdb.com/title/tt0070556/?ref_=sr_t_275,1975,1h 32m,R,5.4,977
276. Black Magic,https://www.imdb.com/title/tt0073206/?ref_=sr_t_276,1975,1h 36m,R,6.2,880
277. The Love Butcher,https://www.imdb.com/title/tt0084272/?ref_=sr_t_277,1975,1h 25m,R,5.8,497
278. Leonor,https://www.imdb.com/title/tt0073278/?ref_=sr_t_278,1975,1h 41m,PG,5.6,492
279. Aandhi,https://www.imdb.com/title/tt0178186/?ref_=sr_t_279,1975,2h 13m,,7.9,1.7K
280. Savage Man Savage Beast,https://www.imdb.com/title/tt0155306/?ref_=sr_t_280,1975,1h 34m,R,5.4,405
281. Criminally Insane,https://www.imdb.com/title/tt0072831/?ref_=sr_t_281,1975,1h 1m,R,5.3,1.3K
282. Dracula in the Provinces,https://www.imdb.com/title/tt0072771/?ref_=sr_t_282,1975,1h 40m,,5.7,322
283. Hennessy,https://www.imdb.com/title/tt0073103/?ref_=sr_t_283,1975,1h 43m,PG,6.2,898
284. Kiss of the Tarantula,https://www.imdb.com/title/tt0131449/?ref_=sr_t_284,1975,1h 25m,PG,4.4,900
285. The Devil's Cross,https://www.imdb.com/title/tt0072833/?ref_=sr_t_285,1975,1h 32m,,5.4,194
286. School of Death,https://www.imdb.com/title/tt0071341/?ref_=sr_t_286,1975,1h 50m,,5.2,188
287. Thiruvarul,https://www.imdb.com/title/tt3269022/?ref_=sr_t_287,1975,,,6.2,13
288. Incorrigible,https://www.imdb.com/title/tt0073163/?ref_=sr_t_288,1975,1h 40m,,6.5,1.9K
289. The Black Gestapo,https://www.imdb.com/title/tt0169620/?ref_=sr_t_289,1975,1h 30m,R,4.7,1.4K
290. Adoption,https://www.imdb.com/title/tt0073948/?ref_=sr_t_290,1975,1h 29m,Not Rated,7.2,1.5K
291. My Mother's Friend,https://www.imdb.com/title/tt0071131/?ref_=sr_t_291,1975,1h 35m,,4.5,155
292. Lady Cocoa,https://www.imdb.com/title/tt0073259/?ref_=sr_t_292,1975,1h 33m,R,4.7,415
293. Abduction,https://www.imdb.com/title/tt0072597/?ref_=sr_t_293,1975,1h 35m,R,5.0,301
294. Frozen Scream,https://www.imdb.com/title/tt0173866/?ref_=sr_t_294,1975,1h 25m,Not Rated,2.8,654
295. Number Two,https://www.imdb.com/title/tt0073471/?ref_=sr_t_295,1975,1h 28m,,6.2,1.1K
296. Hugo the Hippo,https://www.imdb.com/title/tt0074657/?ref_=sr_t_296,1975,1h 31m,G,6.8,566
297. The Killer of Dolls,https://www.imdb.com/title/tt0071164/?ref_=sr_t_297,1975,1h 38m,,5.9,424
298. Tickled Pink,https://www.imdb.com/title/tt0072773/?ref_=sr_t_298,1975,1h 23m,R,4.7,313
299. The Daughter of Emanuelle,https://www.imdb.com/title/tt0257667/?ref_=sr_t_299,1975,1h 30m,,4.6,87
300. Geet Gaata Chal,https://www.imdb.com/title/tt0165795/?ref_=sr_t_300,1975,2h 10m,Not Rated,7.5,171
301. The 'Human' Factor,https://www.imdb.com/title/tt0073131/?ref_=sr_t_301,1975,1h 35m,R,5.6,751
302. Ein echter Hausfrauenfreund,https://www.imdb.com/title/tt0145761/?ref_=sr_t_302,1975,1h 18m,,4.6,116
303. Piger i trøjen,https://www.imdb.com/title/tt0073543/?ref_=sr_t_303,1975,1h 50m,,5.9,677
304. La supplente,https://www.imdb.com/title/tt0073769/?ref_=sr_t_304,1975,1h 35m,,4.7,88
305. The Day That Shook the World,https://www.imdb.com/title/tt0073660/?ref_=sr_t_305,1975,1h 51m,R,6.1,375
306. Ne bolit golova u dyatla,https://www.imdb.com/title/tt0156836/?ref_=sr_t_306,1975,1h 19m,,7.4,369
307. Australia After Dark,https://www.imdb.com/title/tt0207983/?ref_=sr_t_307,1975,1h 30m,,4.8,191
308. Sixpack Annie,https://www.imdb.com/title/tt0073716/?ref_=sr_t_308,1975,1h 28m,R,4.2,348
309. Sheila Levine Is Dead and Living in New York,https://www.imdb.com/title/tt0073698/?ref_=sr_t_309,1975,1h 53m,PG,6.5,340
310. Hearts of the West,https://www.imdb.com/title/tt0073096/?ref_=sr_t_310,1975,1h 42m,PG,6.5,1.8K
"311. Forever Young, Forever Free",https://www.imdb.com/title/tt0074542/?ref_=sr_t_311,1975,1h 25m,G,6.9,233
312. Rachel's Man,https://www.imdb.com/title/tt0072060/?ref_=sr_t_312,1975,1h 51m,PG,5.2,63
313. Le sauvage,https://www.imdb.com/title/tt0073663/?ref_=sr_t_313,1975,1h 47m,PG,6.5,2.2K
314. Marco Polo,https://www.imdb.com/title/tt0073326/?ref_=sr_t_314,1975,1h 43m,R,6.3,385
315. La course à l'échalote,https://www.imdb.com/title/tt0072825/?ref_=sr_t_315,1975,1h 35m,,6.2,1.3K
316. Love Under the Elms,https://www.imdb.com/title/tt0192472/?ref_=sr_t_316,1975,1h 35m,,5.9,119
317. Trip with the Teacher,https://www.imdb.com/title/tt0070834/?ref_=sr_t_317,1975,1h 31m,R,4.6,1.7K
318. The Flower in His Mouth,https://www.imdb.com/title/tt0072123/?ref_=sr_t_318,1975,1h 53m,Not Rated,6.4,525
319. Largo retorno,https://www.imdb.com/title/tt0073266/?ref_=sr_t_319,1975,1h 56m,,6.5,95
320. The Return of the Exorcist,https://www.imdb.com/title/tt0073847/?ref_=sr_t_320,1975,1h 28m,Not Rated,3.9,359
321. Slade in Flame,https://www.imdb.com/title/tt0072993/?ref_=sr_t_321,1975,1h 31m,,6.9,686
322. Emilienne & Nicole,https://www.imdb.com/title/tt0072932/?ref_=sr_t_322,1975,1h 35m,,4.8,212
323. Silent Action,https://www.imdb.com/title/tt0075083/?ref_=sr_t_323,1975,1h 38m,,6.4,577
324. Dharam Karam,https://www.imdb.com/title/tt0072870/?ref_=sr_t_324,1975,2h 39m,,5.6,174
325. Down Town,https://www.imdb.com/title/tt0072904/?ref_=sr_t_325,1975,1h 26m,,4.7,493
326. The House of Exorcism,https://www.imdb.com/title/tt3420392/?ref_=sr_t_326,1975,1h 32m,R,4.6,887
327. Let Joy Reign Supreme,https://www.imdb.com/title/tt0072053/?ref_=sr_t_327,1975,1h 59m,Not Rated,7.0,1.8K
328. Murph the Surf,https://www.imdb.com/title/tt0073302/?ref_=sr_t_328,1975,1h 41m,PG,6.1,252
329. Khel Khel Mein,https://www.imdb.com/title/tt0073236/?ref_=sr_t_329,1975,2h 19m,,7.2,428
330. Il nano e la strega,https://www.imdb.com/title/tt0222225/?ref_=sr_t_330,1975,1h 7m,,4.9,140
331. The Master Gunfighter,https://www.imdb.com/title/tt0073357/?ref_=sr_t_331,1975,2h 1m,PG,4.5,454
332. Darktown Strutters,https://www.imdb.com/title/tt0072844/?ref_=sr_t_332,1975,1h 30m,PG,4.8,553
333. Exorcism,https://www.imdb.com/title/tt0071478/?ref_=sr_t_333,1975,1h 30m,Not Rated,4.9,634
334. Lover Boy,https://www.imdb.com/title/tt0073067/?ref_=sr_t_334,1975,1h 35m,,5.0,405
335. Trucker's Woman,https://www.imdb.com/title/tt0260440/?ref_=sr_t_335,1975,1h 21m,R,2.8,329
336. The Police Are Blundering in the Dark,https://www.imdb.com/title/tt0073554/?ref_=sr_t_336,1975,1h 27m,Not Rated,4.9,602
337. El llanto de la tortuga,https://www.imdb.com/title/tt0071765/?ref_=sr_t_337,1975,1h 33m,,7.1,107
338. Jana Aranya,https://www.imdb.com/title/tt0074710/?ref_=sr_t_338,1975,2h 11m,,8.3,1.9K
339. A Woman Possessed,https://www.imdb.com/title/tt0071967/?ref_=sr_t_339,1975,1h 35m,,4.9,232
340. The Adventures of Frontier Fremont,https://www.imdb.com/title/tt0071104/?ref_=sr_t_340,1975,1h 46m,G,6.4,140
341. The Executioner,https://www.imdb.com/title/tt0073530/?ref_=sr_t_341,1975,1h 33m,PG,5.6,355
342. Wanted: Babysitter,https://www.imdb.com/title/tt0073205/?ref_=sr_t_342,1975,1h 50m,,5.4,419
343. Le gitan,https://www.imdb.com/title/tt0071557/?ref_=sr_t_343,1975,1h 42m,,6.3,1.3K
344. The Rare Blue Apes of Cannibal Isle,https://www.imdb.com/title/tt29266802/?ref_=sr_t_344,1975,1h 23m,,5.4,91
345. The Humpbacked Horse,https://www.imdb.com/title/tt0239096/?ref_=sr_t_345,1975,1h 13m,G,7.4,1.3K
346. Inn of the Damned,https://www.imdb.com/title/tt0071661/?ref_=sr_t_346,1975,1h 58m,R,4.7,555
347. Gina,https://www.imdb.com/title/tt0071552/?ref_=sr_t_347,1975,1h 35m,,6.4,634
348. No hay que aflojarle a la vida,https://www.imdb.com/title/tt0183581/?ref_=sr_t_348,1975,1h 30m,,4.4,19
349. It Can't Be!,https://www.imdb.com/title/tt0073442/?ref_=sr_t_349,1975,1h 40m,,7.7,2.4K
350. The Story of Heidi,https://www.imdb.com/title/tt6649276/?ref_=sr_t_350,1975,1h 33m,,7.5,219
351. The Golden Mass,https://www.imdb.com/title/tt0071834/?ref_=sr_t_351,1975,1h 30m,,4.9,72
352. L'assassino è costretto ad uccidere ancora,https://www.imdb.com/title/tt0072662/?ref_=sr_t_352,1975,1h 30m,Not Rated,6.4,1.4K
353. Demon Witch Child,https://www.imdb.com/title/tt0071465/?ref_=sr_t_353,1975,1h 30m,R,5.0,643
354. Inside Out,https://www.imdb.com/title/tt0073174/?ref_=sr_t_354,1975,1h 37m,PG,5.8,678
355. All in the Family,https://www.imdb.com/title/tt0080897/?ref_=sr_t_355,1975,1h 37m,Not Rated,5.2,188
356. Kidnap Syndicate,https://www.imdb.com/title/tt0072786/?ref_=sr_t_356,1975,1h 38m,R,6.5,939
357. Las Vegas Lady,https://www.imdb.com/title/tt0074775/?ref_=sr_t_357,1975,1h 27m,PG,4.4,263
358. Cops vs. Thugs,https://www.imdb.com/title/tt0073234/?ref_=sr_t_358,1975,1h 40m,Not Rated,7.2,1K
359. Sensualidad,https://www.imdb.com/title/tt0073683/?ref_=sr_t_359,1975,1h 55m,,4.4,47
360. The Boob Tube,https://www.imdb.com/title/tt0072723/?ref_=sr_t_360,1975,1h 22m,R,4.1,243
361. Zinda Dil,https://www.imdb.com/title/tt0360231/?ref_=sr_t_361,1975,2h 5m,,6.9,69
362. The Battle of Chile: Part I,https://www.imdb.com/title/tt0072685/?ref_=sr_t_362,1975,1h 37m,Not Rated,8.1,1.7K
363. Attenti... arrivano le collegiali!,https://www.imdb.com/title/tt0072668/?ref_=sr_t_363,1975,1h 23m,,4.2,66
364. Apoorva Raagangal,https://www.imdb.com/title/tt0154159/?ref_=sr_t_364,1975,2h 24m,Not Rated,7.6,492
365. La traque,https://www.imdb.com/title/tt0073815/?ref_=sr_t_365,1975,1h 37m,,7.2,763
366. Graveyard of Honor,https://www.imdb.com/title/tt0073207/?ref_=sr_t_366,1975,1h 34m,Not Rated,7.1,2K
"367. The White, the Yellow, and the Black",https://www.imdb.com/title/tt0072699/?ref_=sr_t_367,1975,1h 39m,R,5.4,798
368. Special Section,https://www.imdb.com/title/tt0073679/?ref_=sr_t_368,1975,1h 50m,PG,7.6,1.7K
369. The Season,https://www.imdb.com/title/tt0151511/?ref_=sr_t_369,1975,2h 36m,,8.0,1K
370. Normande,https://www.imdb.com/title/tt0073830/?ref_=sr_t_370,1975,1h 57m,,6.2,220
371. Russian Roulette,https://www.imdb.com/title/tt0073646/?ref_=sr_t_371,1975,1h 33m,PG,5.6,529
372. 92 in the Shade,https://www.imdb.com/title/tt0072594/?ref_=sr_t_372,1975,1h 33m,R,6.0,611
373. The Immortal Bachelor,https://www.imdb.com/title/tt0072595/?ref_=sr_t_373,1975,1h 40m,Not Rated,6.0,448
374. Pleasure Party,https://www.imdb.com/title/tt0072342/?ref_=sr_t_374,1975,1h 40m,R,6.3,764
375. Mackintosh and T.J.,https://www.imdb.com/title/tt0073328/?ref_=sr_t_375,1975,1h 36m,PG,7.0,266
376. Zakhmee,https://www.imdb.com/title/tt0073923/?ref_=sr_t_376,1975,,,5.9,49
377. Rapiña,https://www.imdb.com/title/tt0302961/?ref_=sr_t_377,1975,1h 54m,,7.3,365
378. Pratiggya,https://www.imdb.com/title/tt0216110/?ref_=sr_t_378,1975,2h 20m,,7.6,369
379. Laura's Toys,https://www.imdb.com/title/tt0073270/?ref_=sr_t_379,1975,1h 43m,X,5.7,306
380. Paper Tiger,https://www.imdb.com/title/tt0073511/?ref_=sr_t_380,1975,1h 39m,PG,5.8,775
381. The Astrologer,https://www.imdb.com/title/tt0187530/?ref_=sr_t_381,1975,1h 36m,R,4.2,404
382. Mr. Ricco,https://www.imdb.com/title/tt0073411/?ref_=sr_t_382,1975,1h 38m,PG,5.8,708
383. Africa Express,https://www.imdb.com/title/tt0072614/?ref_=sr_t_383,1975,1h 38m,,5.5,467
384. Khushboo,https://www.imdb.com/title/tt0215900/?ref_=sr_t_384,1975,2h 12m,,7.4,350
385. The Candy Tangerine Man,https://www.imdb.com/title/tt0072759/?ref_=sr_t_385,1975,1h 35m,R,6.1,328
386. How to Kill a Judge,https://www.imdb.com/title/tt0071987/?ref_=sr_t_386,1975,1h 50m,Not Rated,6.7,697
387. Kiliç Aslan,https://www.imdb.com/title/tt0181966/?ref_=sr_t_387,1975,1h 49m,Not Rated,5.9,983
388. Mondo Magic,https://www.imdb.com/title/tt0183466/?ref_=sr_t_388,1975,1h 40m,X,5.7,232
389. Lifespan,https://www.imdb.com/title/tt0071756/?ref_=sr_t_389,1975,1h 25m,,5.8,405
390. Il gatto mammone,https://www.imdb.com/title/tt0073035/?ref_=sr_t_390,1975,1h 35m,,5.8,171
391. Sudden Fury,https://www.imdb.com/title/tt0073762/?ref_=sr_t_391,1975,1h 32m,,6.6,599
392. Swami Ayyappan,https://www.imdb.com/title/tt0363110/?ref_=sr_t_392,1975,2h 19m,,7.7,35
393. Askerin Dönüsü,https://www.imdb.com/title/tt0280440/?ref_=sr_t_393,1975,1h 14m,,6.7,197
394. Our Family,https://www.imdb.com/title/tt0456047/?ref_=sr_t_394,1975,1h 32m,,8.4,7.5K
395. Down the Ancient Stairs,https://www.imdb.com/title/tt0073529/?ref_=sr_t_395,1975,1h 50m,R,6.7,433
396. Hanzo,https://www.imdb.com/title/tt0252496/?ref_=sr_t_396,1975,1h 17m,,6.3,4.5K
397. Wolf Guy,https://www.imdb.com/title/tt0202114/?ref_=sr_t_397,1975,1h 26m,Not Rated,6.3,1.2K
398. Apple Pie,https://www.imdb.com/title/tt0074149/?ref_=sr_t_398,1975,1h 16m,Not Rated,5.1,160
399. Thota Ramudu,https://www.imdb.com/title/tt0371991/?ref_=sr_t_399,1975,,,,
400. Mondo candido,https://www.imdb.com/title/tt0198769/?ref_=sr_t_400,1975,1h 47m,,6.8,348
401. Lord Shango,https://www.imdb.com/title/tt0173990/?ref_=sr_t_401,1975,1h 32m,R,5.3,194
402. Best Friends,https://www.imdb.com/title/tt0072695/?ref_=sr_t_402,1975,1h 23m,R,5.1,585
403. Hustruer,https://www.imdb.com/title/tt0073135/?ref_=sr_t_403,1975,1h 24m,,5.8,301
404. Bed Hostesses,https://www.imdb.com/title/tt0071885/?ref_=sr_t_404,1975,1h 9m,X,4.9,169
405. Trompie,https://www.imdb.com/title/tt2180579/?ref_=sr_t_405,1975,1h 23m,Not Rated,5.5,40
406. Ah Deme Oh De,https://www.imdb.com/title/tt1018863/?ref_=sr_t_406,1975,,,4.7,25
407. Xin si wang you xi,https://www.imdb.com/title/tt0073061/?ref_=sr_t_407,1975,1h 24m,R,4.8,311
408. New Apartment Wife: Swapping,https://www.imdb.com/title/tt0224092/?ref_=sr_t_408,1975,1h 7m,,,
409. Xala,https://www.imdb.com/title/tt0073915/?ref_=sr_t_409,1975,2h 3m,Not Rated,6.7,2K
410. Johnny Firecloud,https://www.imdb.com/title/tt0073210/?ref_=sr_t_410,1975,1h 39m,R,6.3,402
411. Return of the Sister Street Fighter,https://www.imdb.com/title/tt0196100/?ref_=sr_t_411,1975,1h 17m,Not Rated,6.2,472
412. We Are No Angels,https://www.imdb.com/title/tt0073463/?ref_=sr_t_412,1975,1h 32m,,5.8,76
413. Amanush,https://www.imdb.com/title/tt0246420/?ref_=sr_t_413,1975,2h 33m,Not Rated,7.0,289
414. Brother and Sister,https://www.imdb.com/title/tt0172195/?ref_=sr_t_414,1975,1h 20m,,7.0,17
415. Under the Blossoming Cherry Trees,https://www.imdb.com/title/tt0073841/?ref_=sr_t_415,1975,1h 35m,Not Rated,7.3,1.2K
416. Rafferty and the Gold Dust Twins,https://www.imdb.com/title/tt0073601/?ref_=sr_t_416,1975,1h 31m,R,6.4,638
417. Chronicle of the Years of Fire,https://www.imdb.com/title/tt0072782/?ref_=sr_t_417,1975,2h 57m,,7.3,665
418. The Spiritual Boxer,https://www.imdb.com/title/tt0073700/?ref_=sr_t_418,1975,1h 43m,Not Rated,6.6,342
419. Adiós Amigo,https://www.imdb.com/title/tt0072604/?ref_=sr_t_419,1975,1h 27m,PG,4.1,352
420. Metoikos,https://www.imdb.com/title/tt0263607/?ref_=sr_t_420,1975,1h 38m,,7.1,35
421. Jai Santoshi Maa,https://www.imdb.com/title/tt0073191/?ref_=sr_t_421,1975,2h 25m,Not Rated,6.5,225
422. Nazareno Cruz and the Wolf,https://www.imdb.com/title/tt0071897/?ref_=sr_t_422,1975,1h 32m,,6.9,795
423. Violent Rome,https://www.imdb.com/title/tt0073633/?ref_=sr_t_423,1975,1h 29m,,6.6,716
424. In Celebration,https://www.imdb.com/title/tt0073158/?ref_=sr_t_424,1975,2h 11m,PG,7.0,454
425. Diabolicamente... Letizia,https://www.imdb.com/title/tt0072874/?ref_=sr_t_425,1975,1h 34m,,4.4,135
426. Bloodbath,https://www.imdb.com/title/tt0076038/?ref_=sr_t_426,1975,1h 34m,,4.6,334
427. The Specialist,https://www.imdb.com/title/tt0073736/?ref_=sr_t_427,1975,1h 33m,R,4.3,191
428. The Ups and Downs of a Handyman,https://www.imdb.com/title/tt0073846/?ref_=sr_t_428,1975,1h 40m,R,4.3,272
429. Fango bollente,https://www.imdb.com/title/tt0072966/?ref_=sr_t_429,1975,1h 25m,,6.8,576
430. The Perennial Weed,https://www.imdb.com/title/tt0323970/?ref_=sr_t_430,1975,1h 27m,,6.4,24
"431. Jim, the World's Greatest",https://www.imdb.com/title/tt0074714/?ref_=sr_t_431,1975,1h 34m,PG,5.7,157
432. Sins Without Intentions,https://www.imdb.com/title/tt0131529/?ref_=sr_t_432,1975,1h 30m,,4.9,19
433. Aaron Loves Angela,https://www.imdb.com/title/tt0072596/?ref_=sr_t_433,1975,1h 39m,R,5.8,321
434. La gammick,https://www.imdb.com/title/tt0071533/?ref_=sr_t_434,1975,1h 26m,,6.7,112
435. The Blazer Girls,https://www.imdb.com/title/tt0253300/?ref_=sr_t_435,1975,1h 26m,R,4.6,121
436. Carmina burana,https://www.imdb.com/title/tt0298787/?ref_=sr_t_436,1975,1h 3m,,8.3,182
437. Disciples of Shaolin,https://www.imdb.com/title/tt0073121/?ref_=sr_t_437,1975,1h 46m,R,6.6,480
438. Una vergine in famiglia,https://www.imdb.com/title/tt0153520/?ref_=sr_t_438,1975,1h 31m,,4.1,67
439. Sunburst,https://www.imdb.com/title/tt0072179/?ref_=sr_t_439,1975,1h 14m,R,3.0,482
440. Daguerreotypes,https://www.imdb.com/title/tt0071384/?ref_=sr_t_440,1975,1h 18m,Not Rated,7.6,2.1K
441. Lies My Father Told Me,https://www.imdb.com/title/tt0073293/?ref_=sr_t_441,1975,1h 42m,PG,6.7,605
442. Sanyasi,https://www.imdb.com/title/tt0073657/?ref_=sr_t_442,1975,2h 35m,Not Rated,6.8,81
443. The Seventh Company Has Been Found,https://www.imdb.com/title/tt0075007/?ref_=sr_t_443,1975,1h 30m,,6.7,1.9K
444. El vicio y la virtud,https://www.imdb.com/title/tt0073861/?ref_=sr_t_444,1975,1h 38m,,5.2,16
445. Sunday Too Far Away,https://www.imdb.com/title/tt0073765/?ref_=sr_t_445,1975,1h 34m,Not Rated,6.9,971
446. Hotel Pacific,https://www.imdb.com/title/tt0075454/?ref_=sr_t_446,1975,1h 34m,,7.2,1.2K
447. Cleopatra Jones and the Casino of Gold,https://www.imdb.com/title/tt0072791/?ref_=sr_t_447,1975,1h 34m,R,5.6,1.3K
448. The Immoral Three,https://www.imdb.com/title/tt0068734/?ref_=sr_t_448,1975,1h 15m,R,4.5,303
449. Blonde in Black Leather,https://www.imdb.com/title/tt0073598/?ref_=sr_t_449,1975,1h 40m,PG,5.5,252
450. Actorul si salbaticii,https://www.imdb.com/title/tt0071101/?ref_=sr_t_450,1975,2h 30m,,8.7,869
451. Garden of Beauty,https://www.imdb.com/title/tt0166748/?ref_=sr_t_451,1975,1h 35m,R,5.4,75
452. La presidenta municipal,https://www.imdb.com/title/tt0313496/?ref_=sr_t_452,1975,1h 35m,,7.0,73
453. Yuppi du,https://www.imdb.com/title/tt0168265/?ref_=sr_t_453,1975,2h,,6.0,470
454. Diamonds,https://www.imdb.com/title/tt0072877/?ref_=sr_t_454,1975,1h 48m,PG,5.2,370
"455. Amori, letti e tradimenti",https://www.imdb.com/title/tt0072641/?ref_=sr_t_455,1975,1h 30m,,3.8,84
456. Swinging Sorority,https://www.imdb.com/title/tt0128674/?ref_=sr_t_456,1975,1h 20m,,4.1,30
457. The Cage,https://www.imdb.com/title/tt0071265/?ref_=sr_t_457,1975,1h 30m,,6.3,540
458. Cold Blood,https://www.imdb.com/title/tt0071138/?ref_=sr_t_458,1975,1h 20m,Not Rated,4.7,298
459. Whiffs,https://www.imdb.com/title/tt0073891/?ref_=sr_t_459,1975,1h 31m,PG,4.5,265
460. Pandu Hawaldar,https://www.imdb.com/title/tt0232264/?ref_=sr_t_460,1975,2h 23m,,7.4,109
461. Saazish,https://www.imdb.com/title/tt0430561/?ref_=sr_t_461,1975,2h 12m,Not Rated,6.0,68
462. One Way or Another,https://www.imdb.com/title/tt0075915/?ref_=sr_t_462,1975,1h 18m,,7.0,693
463. Les chatouilleuses,https://www.imdb.com/title/tt0262328/?ref_=sr_t_463,1975,1h 40m,,4.7,112
464. Le grand délire,https://www.imdb.com/title/tt0073079/?ref_=sr_t_464,1975,1h 30m,,5.0,65
465. Strange Love of the Vampires,https://www.imdb.com/title/tt0072961/?ref_=sr_t_465,1975,1h 30m,,5.5,183
466. The Unforgettable Character,https://www.imdb.com/title/tt6395308/?ref_=sr_t_466,1975,1h 42m,,5.5,16
467. Aakhri Daao,https://www.imdb.com/title/tt0178174/?ref_=sr_t_467,1975,,,5.5,51
468. Do Jhoot,https://www.imdb.com/title/tt0370468/?ref_=sr_t_468,1975,,,5.3,14
469. C'est pas parce qu'on n'a rien à dire qu'il faut fermer sa gueule...,https://www.imdb.com/title/tt0155581/?ref_=sr_t_469,1975,1h 33m,,5.7,516
470. The Cheaters,https://www.imdb.com/title/tt0071331/?ref_=sr_t_470,1975,1h 41m,R,6.5,374
471. Släpp fångarne loss - det är vår!,https://www.imdb.com/title/tt0073720/?ref_=sr_t_471,1975,1h 37m,,6.2,1.3K
472. That's the Way of the World,https://www.imdb.com/title/tt0073703/?ref_=sr_t_472,1975,1h 40m,PG,6.1,405
473. Velké trápení,https://www.imdb.com/title/tt0226585/?ref_=sr_t_473,1975,1h 27m,,5.7,32
474. Azgin Bakireler,https://www.imdb.com/title/tt5520934/?ref_=sr_t_474,1975,,,4.6,34
475. The Hallucinating Trip,https://www.imdb.com/title/tt0139573/?ref_=sr_t_475,1975,1h 34m,,4.9,177
476. Cruel High School Girl: Sex Lynch,https://www.imdb.com/title/tt2100685/?ref_=sr_t_476,1975,1h 3m,,5.3,24
477. Lips of Lurid Blue,https://www.imdb.com/title/tt0125826/?ref_=sr_t_477,1975,1h 50m,,5.4,77
"478. Dad, Make Me Marry",https://www.imdb.com/title/tt0276793/?ref_=sr_t_478,1975,1h 21m,,7.3,1.9K
479. Tubby the Tuba,https://www.imdb.com/title/tt0253848/?ref_=sr_t_479,1975,1h 21m,G,6.1,148
"480. Bad, Black and Beautiful",https://www.imdb.com/title/tt3088364/?ref_=sr_t_480,1975,1h 23m,R,3.5,56
481. Challenge to Be Free,https://www.imdb.com/title/tt0074299/?ref_=sr_t_481,1975,1h 28m,G,6.3,268
482. Vai Gorilla,https://www.imdb.com/title/tt0075377/?ref_=sr_t_482,1975,1h 40m,,6.4,228
483. The Climber,https://www.imdb.com/title/tt0072634/?ref_=sr_t_483,1975,1h 42m,Not Rated,6.1,288
484. Mili,https://www.imdb.com/title/tt0073391/?ref_=sr_t_484,1975,2h 30m,Not Rated,7.4,1.5K
485. Act of Aggression,https://www.imdb.com/title/tt0072618/?ref_=sr_t_485,1975,1h 41m,R,5.3,501
486. Frankenstein: Italian Style,https://www.imdb.com/title/tt0076051/?ref_=sr_t_486,1975,1h 35m,X,3.8,119
487. The Bus,https://www.imdb.com/title/tt0212408/?ref_=sr_t_487,1975,1h 27m,,7.4,2.3K
488. Champion of Death,https://www.imdb.com/title/tt0165348/?ref_=sr_t_488,1975,1h 25m,R,6.6,461
489. Un sac de billes,https://www.imdb.com/title/tt0153414/?ref_=sr_t_489,1975,1h 45m,,6.7,375
490. The True Story of Eskimo Nell,https://www.imdb.com/title/tt0131078/?ref_=sr_t_490,1975,1h 43m,,4.9,110
491. Mean Johnny Barrows,https://www.imdb.com/title/tt0074885/?ref_=sr_t_491,1975,1h 30m,R,5.0,567
492. Reflections in Black,https://www.imdb.com/title/tt0073871/?ref_=sr_t_492,1975,1h 30m,,4.9,194
493. Anna Karenina,https://www.imdb.com/title/tt0166082/?ref_=sr_t_493,1975,1h 21m,PG-13,6.8,79
494. Iracema - Uma Transa Amazônica,https://www.imdb.com/title/tt0126968/?ref_=sr_t_494,1975,1h 30m,Not Rated,7.2,552
495. El albañil,https://www.imdb.com/title/tt0071112/?ref_=sr_t_495,1975,1h 37m,TV-PG,6.4,44
496. Zameer,https://www.imdb.com/title/tt0073924/?ref_=sr_t_496,1975,2h 16m,,6.0,442
497. Backbone,https://www.imdb.com/title/tt0074741/?ref_=sr_t_497,1975,1h 31m,,6.0,202
498. Newlywed Hell,https://www.imdb.com/title/tt1219153/?ref_=sr_t_498,1975,1h 16m,,5.3,91
499. Pas de problème!,https://www.imdb.com/title/tt0073516/?ref_=sr_t_499,1975,1h 45m,,6.3,439
500. Jitsuroku onna kanbetsusho: Sei-jigoku,https://www.imdb.com/title/tt0228461/?ref_=sr_t_500,1975,1h 12m,Not Rated,5.1,156
