Title,Movie Link,Year,Duration,MPA,Rating,Votes
1. Shrek 2,https://www.imdb.com/title/tt0298148/?ref_=sr_t_1,2004,1h 33m,PG,7.4,521K
2. Spider-Man 2,https://www.imdb.com/title/tt0316654/?ref_=sr_t_2,2004,2h 7m,PG-13,7.5,733K
3. The Passion of the Christ,https://www.imdb.com/title/tt0335345/?ref_=sr_t_3,2004,2h 7m,R,7.2,255K
4. Meet the Fockers,https://www.imdb.com/title/tt0290002/?ref_=sr_t_4,2004,1h 55m,PG-13,6.3,292K
5. The Incredibles,https://www.imdb.com/title/tt0317705/?ref_=sr_t_5,2004,1h 55m,PG,8.0,839K
6. Harry Potter and the Prisoner of Azkaban,https://www.imdb.com/title/tt0304141/?ref_=sr_t_6,2004,2h 22m,PG,7.9,716K
7. The Polar Express,https://www.imdb.com/title/tt0338348/?ref_=sr_t_7,2004,1h 40m,G,6.6,254K
8. The Day After Tomorrow,https://www.imdb.com/title/tt0319262/?ref_=sr_t_8,2004,2h 4m,PG-13,6.5,491K
9. The Bourne Supremacy,https://www.imdb.com/title/tt0372183/?ref_=sr_t_9,2004,1h 48m,PG-13,7.7,496K
10. National Treasure,https://www.imdb.com/title/tt0368891/?ref_=sr_t_10,2004,2h 11m,PG,6.9,364K
11. Shark Tale,https://www.imdb.com/title/tt0307453/?ref_=sr_t_11,2004,1h 30m,PG,6.0,204K
"12. I, Robot",https://www.imdb.com/title/tt0343818/?ref_=sr_t_12,2004,1h 55m,PG-13,7.1,589K
13. Troy,https://www.imdb.com/title/tt0332452/?ref_=sr_t_13,2004,2h 43m,R,7.3,585K
14. Ocean's Twelve,https://www.imdb.com/title/tt0349903/?ref_=sr_t_14,2004,2h 5m,PG-13,6.5,422K
15. 50 First Dates,https://www.imdb.com/title/tt0343660/?ref_=sr_t_15,2004,1h 39m,PG-13,6.8,392K
16. Van Helsing,https://www.imdb.com/title/tt0338526/?ref_=sr_t_16,2004,2h 11m,PG-13,6.1,294K
17. Fahrenheit 9/11,https://www.imdb.com/title/tt0361596/?ref_=sr_t_17,2004,2h 2m,R,7.5,133K
18. A Series of Unfortunate Events,https://www.imdb.com/title/tt0339291/?ref_=sr_t_18,2004,1h 48m,PG,6.8,225K
19. Dodgeball: A True Underdog Story,https://www.imdb.com/title/tt0364725/?ref_=sr_t_19,2004,1h 32m,PG-13,6.7,273K
20. The Village,https://www.imdb.com/title/tt0368447/?ref_=sr_t_20,2004,1h 48m,PG-13,6.6,285K
21. The Grudge,https://www.imdb.com/title/tt0391198/?ref_=sr_t_21,2004,1h 31m,PG-13,5.9,153K
22. The Aviator,https://www.imdb.com/title/tt0338751/?ref_=sr_t_22,2004,2h 50m,PG-13,7.5,391K
23. Collateral,https://www.imdb.com/title/tt0369339/?ref_=sr_t_23,2004,2h,R,7.5,443K
24. Million Dollar Baby,https://www.imdb.com/title/tt0405159/?ref_=sr_t_24,2004,2h 12m,PG-13,8.1,737K
25. The Princess Diaries 2: Royal Engagement,https://www.imdb.com/title/tt0368933/?ref_=sr_t_25,2004,1h 53m,G,5.8,92K
26. Starsky & Hutch,https://www.imdb.com/title/tt0335438/?ref_=sr_t_26,2004,1h 41m,PG-13,6.1,157K
27. Along Came Polly,https://www.imdb.com/title/tt0343135/?ref_=sr_t_27,2004,1h 30m,PG-13,6.0,146K
28. Mean Girls,https://www.imdb.com/title/tt0377092/?ref_=sr_t_28,2004,1h 37m,PG-13,7.1,453K
29. The SpongeBob SquarePants Movie,https://www.imdb.com/title/tt0345950/?ref_=sr_t_29,2004,1h 27m,PG,7.2,106K
30. Anchorman: The Legend of Ron Burgundy,https://www.imdb.com/title/tt0357413/?ref_=sr_t_30,2004,1h 34m,PG-13,7.1,387K
31. Scooby-Doo 2: Monsters Unleashed,https://www.imdb.com/title/tt0331632/?ref_=sr_t_31,2004,1h 33m,PG,5.3,67K
32. The Notebook,https://www.imdb.com/title/tt0332280/?ref_=sr_t_32,2004,2h 3m,PG-13,7.8,643K
33. Alien vs. Predator,https://www.imdb.com/title/tt0370263/?ref_=sr_t_33,2004,1h 41m,PG-13,5.7,221K
34. Man on Fire,https://www.imdb.com/title/tt0328107/?ref_=sr_t_34,2004,2h 26m,R,7.7,399K
35. The Terminal,https://www.imdb.com/title/tt0362227/?ref_=sr_t_35,2004,2h 8m,PG-13,7.4,508K
36. Garfield: The Movie,https://www.imdb.com/title/tt0356634/?ref_=sr_t_36,2004,1h 20m,PG,5.1,97K
37. Ray,https://www.imdb.com/title/tt0350258/?ref_=sr_t_37,2004,2h 32m,PG-13,7.7,160K
38. Ladder 49,https://www.imdb.com/title/tt0349710/?ref_=sr_t_38,2004,1h 55m,PG-13,6.5,60K
39. Christmas with the Kranks,https://www.imdb.com/title/tt0388419/?ref_=sr_t_39,2004,1h 39m,PG,5.5,61K
40. Sideways,https://www.imdb.com/title/tt0375063/?ref_=sr_t_40,2004,2h 7m,R,7.5,209K
41. White Chicks,https://www.imdb.com/title/tt0381707/?ref_=sr_t_41,2004,1h 49m,PG-13,5.8,172K
42. Hidalgo,https://www.imdb.com/title/tt0317648/?ref_=sr_t_42,2004,2h 16m,PG-13,6.7,87K
43. The Forgotten,https://www.imdb.com/title/tt0356618/?ref_=sr_t_43,2004,1h 31m,PG-13,5.8,69K
44. Kill Bill: Vol. 2,https://www.imdb.com/title/tt0378194/?ref_=sr_t_44,2004,2h 17m,R,8.0,827K
45. The Manchurian Candidate,https://www.imdb.com/title/tt0368008/?ref_=sr_t_45,2004,2h 9m,R,6.6,119K
46. Barbershop 2: Back in Business,https://www.imdb.com/title/tt0337579/?ref_=sr_t_46,2004,1h 46m,PG-13,5.7,16K
47. Miracle,https://www.imdb.com/title/tt0349825/?ref_=sr_t_47,2004,2h 15m,PG,7.5,60K
48. Friday Night Lights,https://www.imdb.com/title/tt0390022/?ref_=sr_t_48,2004,1h 58m,PG-13,7.2,68K
49. Hellboy,https://www.imdb.com/title/tt0167190/?ref_=sr_t_49,2004,2h 2m,PG-13,6.9,358K
50. The Stepford Wives,https://www.imdb.com/title/tt0327162/?ref_=sr_t_50,2004,1h 33m,PG-13,5.4,71K
51. Dawn of the Dead,https://www.imdb.com/title/tt0363547/?ref_=sr_t_51,2004,1h 41m,R,7.2,279K
52. Without a Paddle,https://www.imdb.com/title/tt0364751/?ref_=sr_t_52,2004,1h 35m,PG-13,5.8,52K
53. The Butterfly Effect,https://www.imdb.com/title/tt0289879/?ref_=sr_t_53,2004,1h 53m,R,7.6,534K
54. Shall We Dance?,https://www.imdb.com/title/tt0358135/?ref_=sr_t_54,2004,1h 46m,PG-13,6.2,50K
55. The Chronicles of Riddick,https://www.imdb.com/title/tt0296572/?ref_=sr_t_55,2004,1h 59m,R,6.6,246K
56. 13 Going on 30,https://www.imdb.com/title/tt0337563/?ref_=sr_t_56,2004,1h 38m,PG-13,6.3,227K
57. Saw,https://www.imdb.com/title/tt0387564/?ref_=sr_t_57,2004,1h 43m,R,7.6,483K
58. Crash,https://www.imdb.com/title/tt0375679/?ref_=sr_t_58,2004,1h 52m,R,7.7,453K
59. Blade: Trinity,https://www.imdb.com/title/tt0359013/?ref_=sr_t_59,2004,1h 53m,R,5.8,194K
60. King Arthur,https://www.imdb.com/title/tt0349683/?ref_=sr_t_60,2004,2h 6m,PG-13,6.3,179K
61. Finding Neverland,https://www.imdb.com/title/tt0308644/?ref_=sr_t_61,2004,1h 46m,PG,7.7,214K
62. A Cinderella Story,https://www.imdb.com/title/tt0356470/?ref_=sr_t_62,2004,1h 35m,PG,5.9,96K
63. The Phantom of the Opera,https://www.imdb.com/title/tt0293508/?ref_=sr_t_63,2004,2h 23m,PG-13,7.2,133K
64. Resident Evil: Apocalypse,https://www.imdb.com/title/tt0318627/?ref_=sr_t_64,2004,1h 34m,R,6.1,214K
65. Home on the Range,https://www.imdb.com/title/tt0299172/?ref_=sr_t_65,2004,1h 16m,PG,5.4,27K
66. Fat Albert,https://www.imdb.com/title/tt0396592/?ref_=sr_t_66,2004,1h 33m,PG,4.4,13K
67. Secret Window,https://www.imdb.com/title/tt0363988/?ref_=sr_t_67,2004,1h 36m,PG-13,6.5,214K
68. Walking Tall,https://www.imdb.com/title/tt0351977/?ref_=sr_t_68,2004,1h 26m,PG-13,6.3,111K
69. In Good Company,https://www.imdb.com/title/tt0385267/?ref_=sr_t_69,2004,1h 49m,PG-13,6.5,57K
70. Napoleon Dynamite,https://www.imdb.com/title/tt0374900/?ref_=sr_t_70,2004,1h 36m,PG,7.0,244K
71. Spanglish,https://www.imdb.com/title/tt0371246/?ref_=sr_t_71,2004,2h 11m,PG-13,6.4,90K
72. Exorcist: The Beginning,https://www.imdb.com/title/tt0204313/?ref_=sr_t_72,2004,1h 54m,R,5.1,41K
73. You Got Served,https://www.imdb.com/title/tt0365957/?ref_=sr_t_73,2004,1h 35m,PG-13,3.9,29K
74. Bridget Jones: The Edge of Reason,https://www.imdb.com/title/tt0317198/?ref_=sr_t_74,2004,1h 48m,R,6.0,125K
75. Catwoman,https://www.imdb.com/title/tt0327554/?ref_=sr_t_75,2004,1h 44m,PG-13,3.4,128K
76. The Ladykillers,https://www.imdb.com/title/tt0335245/?ref_=sr_t_76,2004,1h 44m,R,6.2,110K
77. Sky Captain and the World of Tomorrow,https://www.imdb.com/title/tt0346156/?ref_=sr_t_77,2004,1h 46m,PG,6.1,88K
78. Raising Helen,https://www.imdb.com/title/tt0350028/?ref_=sr_t_78,2004,1h 59m,PG-13,6.0,39K
79. Taxi,https://www.imdb.com/title/tt0316732/?ref_=sr_t_79,2004,1h 37m,PG-13,4.6,46K
80. Eternal Sunshine of the Spotless Mind,https://www.imdb.com/title/tt0338013/?ref_=sr_t_80,2004,1h 48m,R,8.3,1.1M
81. Alexander,https://www.imdb.com/title/tt0346491/?ref_=sr_t_81,2004,2h 55m,R,5.6,179K
82. Closer,https://www.imdb.com/title/tt0376541/?ref_=sr_t_82,2004,1h 44m,R,7.2,241K
83. The Punisher,https://www.imdb.com/title/tt0330793/?ref_=sr_t_83,2004,2h 4m,R,6.4,174K
84. Team America: World Police,https://www.imdb.com/title/tt0372588/?ref_=sr_t_84,2004,1h 38m,R,7.2,181K
85. Taking Lives,https://www.imdb.com/title/tt0364045/?ref_=sr_t_85,2004,1h 43m,R,6.2,98K
86. Anacondas: The Hunt for the Blood Orchid,https://www.imdb.com/title/tt0366174/?ref_=sr_t_86,2004,1h 37m,PG-13,4.7,35K
87. Cellular,https://www.imdb.com/title/tt0337921/?ref_=sr_t_87,2004,1h 34m,PG-13,6.5,107K
88. Johnson Family Vacation,https://www.imdb.com/title/tt0359517/?ref_=sr_t_88,2004,1h 37m,PG-13,4.6,8.6K
89. Confessions of a Teenage Drama Queen,https://www.imdb.com/title/tt0361467/?ref_=sr_t_89,2004,1h 29m,PG,4.7,32K
90. After the Sunset,https://www.imdb.com/title/tt0367479/?ref_=sr_t_90,2004,1h 37m,PG-13,6.2,51K
91. The Prince and Me,https://www.imdb.com/title/tt0337697/?ref_=sr_t_91,2004,1h 51m,PG,5.9,42K
92. Garden State,https://www.imdb.com/title/tt0333766/?ref_=sr_t_92,2004,1h 42m,R,7.4,225K
93. Jersey Girl,https://www.imdb.com/title/tt0300051/?ref_=sr_t_93,2004,1h 42m,PG-13,6.2,72K
94. Twisted,https://www.imdb.com/title/tt0315297/?ref_=sr_t_94,2004,1h 37m,R,5.3,24K
95. The Life Aquatic with Steve Zissou,https://www.imdb.com/title/tt0362270/?ref_=sr_t_95,2004,1h 59m,R,7.2,214K
96. Around the World in 80 Days,https://www.imdb.com/title/tt0327437/?ref_=sr_t_96,2004,2h,PG,5.9,97K
97. Agent Cody Banks 2: Destination London,https://www.imdb.com/title/tt0358349/?ref_=sr_t_97,2004,1h 40m,PG,4.6,16K
98. Hotel Rwanda,https://www.imdb.com/title/tt0395169/?ref_=sr_t_98,2004,2h 1m,PG-13,8.1,380K
99. Ella Enchanted,https://www.imdb.com/title/tt0327679/?ref_=sr_t_99,2004,1h 36m,PG,6.3,77K
100. The Alamo,https://www.imdb.com/title/tt0318974/?ref_=sr_t_100,2004,2h 17m,PG-13,6.1,23K
101. Mr. 3000,https://www.imdb.com/title/tt0339412/?ref_=sr_t_101,2004,1h 44m,PG-13,5.6,15K
102. NASCAR: The IMAX Experience,https://www.imdb.com/title/tt0353774/?ref_=sr_t_102,2004,48m,PG,6.9,667
103. Torque,https://www.imdb.com/title/tt0329691/?ref_=sr_t_103,2004,1h 24m,PG-13,4.1,30K
104. Flight of the Phoenix,https://www.imdb.com/title/tt0377062/?ref_=sr_t_104,2004,1h 53m,PG-13,6.1,57K
105. Little Black Book,https://www.imdb.com/title/tt0361841/?ref_=sr_t_105,2004,1h 47m,PG-13,5.3,19K
106. Yu-Gi-Oh!: The Movie,https://www.imdb.com/title/tt0403703/?ref_=sr_t_106,2004,1h 30m,PG,5.0,9.2K
107. Two Brothers,https://www.imdb.com/title/tt0338512/?ref_=sr_t_107,2004,1h 49m,PG,7.0,16K
108. Harold & Kumar Go to White Castle,https://www.imdb.com/title/tt0366551/?ref_=sr_t_108,2004,1h 28m,R,7.0,210K
109. Laws of Attraction,https://www.imdb.com/title/tt0323033/?ref_=sr_t_109,2004,1h 30m,PG-13,5.9,25K
110. EuroTrip,https://www.imdb.com/title/tt0356150/?ref_=sr_t_110,2004,1h 32m,R,6.6,229K
111. My Baby's Daddy,https://www.imdb.com/title/tt0332712/?ref_=sr_t_111,2004,1h 26m,PG-13,4.5,4K
112. Kung Fu Hustle,https://www.imdb.com/title/tt0373074/?ref_=sr_t_112,2004,1h 39m,R,7.7,155K
113. Seed of Chucky,https://www.imdb.com/title/tt0387575/?ref_=sr_t_113,2004,1h 27m,R,4.9,52K
114. Win a Date with Tad Hamilton!,https://www.imdb.com/title/tt0335559/?ref_=sr_t_114,2004,1h 35m,PG-13,5.6,30K
115. Wimbledon,https://www.imdb.com/title/tt0360201/?ref_=sr_t_115,2004,1h 38m,PG-13,6.3,68K
116. The Motorcycle Diaries,https://www.imdb.com/title/tt0318462/?ref_=sr_t_116,2004,2h 6m,R,7.7,106K
117. Catch That Kid,https://www.imdb.com/title/tt0337917/?ref_=sr_t_117,2004,1h 31m,PG,5.2,11K
118. The Whole Ten Yards,https://www.imdb.com/title/tt0327247/?ref_=sr_t_118,2004,1h 38m,PG-13,5.5,59K
119. Vanity Fair,https://www.imdb.com/title/tt0241025/?ref_=sr_t_119,2004,2h 21m,PG-13,6.2,24K
120. Paparazzi,https://www.imdb.com/title/tt0338325/?ref_=sr_t_120,2004,1h 24m,PG-13,5.7,16K
121. The Girl Next Door,https://www.imdb.com/title/tt0265208/?ref_=sr_t_121,2004,1h 49m,R,6.7,248K
122. Welcome to Mooseport,https://www.imdb.com/title/tt0361925/?ref_=sr_t_122,2004,1h 50m,PG-13,5.3,14K
123. Godsend,https://www.imdb.com/title/tt0335121/?ref_=sr_t_123,2004,1h 42m,PG-13,4.8,27K
124. Shaun of the Dead,https://www.imdb.com/title/tt0365748/?ref_=sr_t_124,2004,1h 39m,R,7.9,611K
125. Soul Plane,https://www.imdb.com/title/tt0367085/?ref_=sr_t_125,2004,1h 26m,R,4.5,25K
126. Dirty Dancing: Havana Nights,https://www.imdb.com/title/tt0338096/?ref_=sr_t_126,2004,1h 26m,PG-13,5.9,30K
127. New York Minute,https://www.imdb.com/title/tt0363282/?ref_=sr_t_127,2004,1h 31m,PG,5.0,25K
128. Envy,https://www.imdb.com/title/tt0326856/?ref_=sr_t_128,2004,1h 39m,PG-13,4.8,33K
129. De-Lovely,https://www.imdb.com/title/tt0352277/?ref_=sr_t_129,2004,2h 5m,PG-13,6.6,12K
130. Alfie,https://www.imdb.com/title/tt0375173/?ref_=sr_t_130,2004,1h 43m,R,6.2,56K
131. Wicker Park,https://www.imdb.com/title/tt0324554/?ref_=sr_t_131,2004,1h 54m,PG-13,6.9,59K
132. I Heart Huckabees,https://www.imdb.com/title/tt0356721/?ref_=sr_t_132,2004,1h 47m,R,6.5,67K
133. Breakin' All the Rules,https://www.imdb.com/title/tt0349169/?ref_=sr_t_133,2004,1h 25m,PG-13,5.6,6.5K
134. Chasing Liberty,https://www.imdb.com/title/tt0360139/?ref_=sr_t_134,2004,1h 51m,PG-13,6.1,42K
135. The Cookout,https://www.imdb.com/title/tt0380277/?ref_=sr_t_135,2004,1h 37m,PG-13,3.8,3.5K
136. Surviving Christmas,https://www.imdb.com/title/tt0252028/?ref_=sr_t_136,2004,1h 31m,PG-13,5.5,29K
137. Super Size Me,https://www.imdb.com/title/tt0390521/?ref_=sr_t_137,2004,1h 40m,PG-13,7.2,115K
138. House of Flying Daggers,https://www.imdb.com/title/tt0385004/?ref_=sr_t_138,2004,1h 59m,PG-13,7.5,117K
139. What the #$*! Do We (K)now!?,https://www.imdb.com/title/tt0399877/?ref_=sr_t_139,2004,1h 49m,Not Rated,5.2,14K
140. Raise Your Voice,https://www.imdb.com/title/tt0361696/?ref_=sr_t_140,2004,1h 43m,PG,5.8,29K
141. The Perfect Score,https://www.imdb.com/title/tt0314498/?ref_=sr_t_141,2004,1h 33m,PG-13,5.7,27K
142. Kinsey,https://www.imdb.com/title/tt0362269/?ref_=sr_t_142,2004,1h 58m,R,7.1,52K
143. Sleepover,https://www.imdb.com/title/tt0368975/?ref_=sr_t_143,2004,1h 29m,PG,5.3,18K
144. Superbabies: Baby Geniuses 2,https://www.imdb.com/title/tt0270846/?ref_=sr_t_144,2004,1h 28m,PG,1.5,32K
145. Howl's Moving Castle,https://www.imdb.com/title/tt0347149/?ref_=sr_t_145,2004,1h 59m,PG,8.2,471K
146. First Daughter,https://www.imdb.com/title/tt0361620/?ref_=sr_t_146,2004,1h 46m,PG,5.1,29K
147. Saved!,https://www.imdb.com/title/tt0332375/?ref_=sr_t_147,2004,1h 32m,PG-13,6.7,50K
148. Suspect Zero,https://www.imdb.com/title/tt0324127/?ref_=sr_t_148,2004,1h 39m,R,5.8,22K
149. Connie and Carla,https://www.imdb.com/title/tt0345074/?ref_=sr_t_149,2004,1h 38m,PG-13,6.3,8.8K
150. Being Julia,https://www.imdb.com/title/tt0340012/?ref_=sr_t_150,2004,1h 44m,R,7.0,13K
151. Thunderbirds,https://www.imdb.com/title/tt0167456/?ref_=sr_t_151,2004,1h 35m,PG,4.3,15K
152. Woman Thou Art Loosed,https://www.imdb.com/title/tt0399901/?ref_=sr_t_152,2004,1h 34m,R,6.6,1.1K
153. Ladies in Lavender,https://www.imdb.com/title/tt0377084/?ref_=sr_t_153,2004,1h 44m,PG-13,7.0,13K
154. Bride & Prejudice,https://www.imdb.com/title/tt0361411/?ref_=sr_t_154,2004,2h 2m,PG-13,6.2,22K
155. Millions,https://www.imdb.com/title/tt0366777/?ref_=sr_t_155,2004,1h 38m,PG,6.8,27K
156. Maria Full of Grace,https://www.imdb.com/title/tt0390221/?ref_=sr_t_156,2004,1h 41m,R,7.4,37K
157. A Very Long Engagement,https://www.imdb.com/title/tt0344510/?ref_=sr_t_157,2004,2h 13m,R,7.6,77K
158. Teacher's Pet,https://www.imdb.com/title/tt0350194/?ref_=sr_t_158,2004,1h 13m,PG,5.7,2K
159. The Big Bounce,https://www.imdb.com/title/tt0315824/?ref_=sr_t_159,2004,1h 28m,PG-13,4.9,19K
160. Beyond the Sea,https://www.imdb.com/title/tt0363473/?ref_=sr_t_160,2004,1h 58m,PG-13,6.7,16K
161. Against the Ropes,https://www.imdb.com/title/tt0312329/?ref_=sr_t_161,2004,1h 51m,PG-13,5.3,7.5K
162. Before Sunset,https://www.imdb.com/title/tt0381681/?ref_=sr_t_162,2004,1h 20m,R,8.1,297K
163. The Clearing,https://www.imdb.com/title/tt0331952/?ref_=sr_t_163,2004,1h 35m,R,5.8,14K
164. Never Die Alone,https://www.imdb.com/title/tt0354766/?ref_=sr_t_164,2004,1h 28m,R,5.6,6.2K
165. Downfall,https://www.imdb.com/title/tt0363163/?ref_=sr_t_165,2004,2h 36m,R,8.2,384K
166. Bad Education,https://www.imdb.com/title/tt0275491/?ref_=sr_t_166,2004,1h 46m,R,7.4,64K
167. Birth,https://www.imdb.com/title/tt0337876/?ref_=sr_t_167,2004,1h 40m,R,6.3,42K
168. Club Dread,https://www.imdb.com/title/tt0331953/?ref_=sr_t_168,2004,1h 44m,R,5.7,32K
169. The Libertine,https://www.imdb.com/title/tt0375920/?ref_=sr_t_169,2004,1h 54m,R,6.2,38K
170. Mindhunters,https://www.imdb.com/title/tt0297284/?ref_=sr_t_170,2004,1h 46m,R,6.3,65K
171. Spartan,https://www.imdb.com/title/tt0360009/?ref_=sr_t_171,2004,1h 46m,R,6.5,33K
172. A Day Without a Mexican,https://www.imdb.com/title/tt0377744/?ref_=sr_t_172,2004,1h 40m,R,4.8,3.3K
173. Camping sauvage,https://www.imdb.com/title/tt0389831/?ref_=sr_t_173,2004,1h 40m,,5.8,682
174. The Door in the Floor,https://www.imdb.com/title/tt0348593/?ref_=sr_t_174,2004,1h 51m,R,6.6,16K
175. Melinda and Melinda,https://www.imdb.com/title/tt0378947/?ref_=sr_t_175,2004,1h 39m,PG-13,6.4,34K
176. Benji: Off the Leash!,https://www.imdb.com/title/tt0315273/?ref_=sr_t_176,2004,1h 37m,PG,5.2,696
177. Vera Drake,https://www.imdb.com/title/tt0383694/?ref_=sr_t_177,2004,2h 5m,R,7.6,28K
178. The Merchant of Venice,https://www.imdb.com/title/tt0379889/?ref_=sr_t_178,2004,2h 11m,R,7.0,39K
179. The Chorus,https://www.imdb.com/title/tt0372824/?ref_=sr_t_179,2004,1h 37m,PG-13,7.8,69K
180. Born Into Brothels: Calcutta's Red Light Kids,https://www.imdb.com/title/tt0388789/?ref_=sr_t_180,2004,1h 25m,R,7.2,18K
181. The Work and the Glory,https://www.imdb.com/title/tt0410454/?ref_=sr_t_181,2004,1h 50m,PG,6.5,1.2K
182. Veer-Zaara,https://www.imdb.com/title/tt0420332/?ref_=sr_t_182,2004,3h 12m,Not Rated,7.8,59K
183. Clifford's Really Big Movie,https://www.imdb.com/title/tt0398872/?ref_=sr_t_183,2004,1h 14m,G,5.4,1.1K
184. Ma vie en cinémascope,https://www.imdb.com/title/tt0396112/?ref_=sr_t_184,2004,1h 45m,,6.6,405
185. Walk on Water,https://www.imdb.com/title/tt0352994/?ref_=sr_t_185,2004,1h 43m,R,7.3,7.1K
186. Bobby Jones: Stroke of Genius,https://www.imdb.com/title/tt0375104/?ref_=sr_t_186,2004,2h,PG,6.6,4.2K
187. Thérèse: The Story of Saint Thérèse of Lisieux,https://www.imdb.com/title/tt0286218/?ref_=sr_t_187,2004,1h 36m,PG,6.3,557
188. Control Room,https://www.imdb.com/title/tt0391024/?ref_=sr_t_188,2004,1h 24m,Not Rated,7.6,5.3K
189. Layer Cake,https://www.imdb.com/title/tt0375912/?ref_=sr_t_189,2004,1h 45m,R,7.3,200K
190. Riding Giants,https://www.imdb.com/title/tt0389326/?ref_=sr_t_190,2004,1h 45m,PG-13,7.8,4.7K
191. Dans une galaxie près de chez vous - Le film,https://www.imdb.com/title/tt0385635/?ref_=sr_t_191,2004,1h 49m,,6.9,1.2K
192. Intimate Strangers,https://www.imdb.com/title/tt0363532/?ref_=sr_t_192,2004,1h 44m,R,6.9,5.3K
193. The Sea Inside,https://www.imdb.com/title/tt0369702/?ref_=sr_t_193,2004,2h 6m,PG-13,8.0,86K
194. We Don't Live Here Anymore,https://www.imdb.com/title/tt0361309/?ref_=sr_t_194,2004,1h 41m,R,6.3,10K
195. The Five of Us,https://www.imdb.com/title/tt0400400/?ref_=sr_t_195,2004,1h 27m,,7.0,787
196. Elvis Gratton 3: Le retour d'Elvis Wong,https://www.imdb.com/title/tt0380344/?ref_=sr_t_196,2004,1h 45m,,4.8,561
197. The Blue Butterfly,https://www.imdb.com/title/tt0313300/?ref_=sr_t_197,2004,1h 37m,PG,6.2,1.6K
198. Main Hoon Na,https://www.imdb.com/title/tt0347473/?ref_=sr_t_198,2004,3h 2m,,7.1,42K
199. Look at Me,https://www.imdb.com/title/tt0374583/?ref_=sr_t_199,2004,1h 50m,PG-13,6.8,5.5K
200. Battle of the Brave,https://www.imdb.com/title/tt0386669/?ref_=sr_t_200,2004,2h 23m,PG-13,5.3,1.4K
201. The Woodsman,https://www.imdb.com/title/tt0361127/?ref_=sr_t_201,2004,1h 27m,R,7.1,36K
202. Night Watch,https://www.imdb.com/title/tt0403358/?ref_=sr_t_202,2004,1h 54m,R,6.4,56K
203. 2046,https://www.imdb.com/title/tt0212712/?ref_=sr_t_203,2004,2h 9m,R,7.4,63K
204. Monica la mitraille,https://www.imdb.com/title/tt0385878/?ref_=sr_t_204,2004,2h 5m,,6.6,564
205. Ushpizin,https://www.imdb.com/title/tt0426155/?ref_=sr_t_205,2004,1h 30m,PG,7.3,2.2K
206. Le dernier tunnel,https://www.imdb.com/title/tt0373788/?ref_=sr_t_206,2004,1h 49m,,6.4,767
207. A Dirty Shame,https://www.imdb.com/title/tt0365125/?ref_=sr_t_207,2004,1h 29m,NC-17,5.1,14K
208. Ghost in the Shell 2: Innocence,https://www.imdb.com/title/tt0347246/?ref_=sr_t_208,2004,1h 40m,PG-13,7.4,41K
209. Going the Distance,https://www.imdb.com/title/tt0388285/?ref_=sr_t_209,2004,1h 33m,R,5.5,4K
210. Swades,https://www.imdb.com/title/tt0367110/?ref_=sr_t_210,2004,3h 9m,Not Rated,8.2,101K
211. Metallica: Some Kind of Monster,https://www.imdb.com/title/tt0387412/?ref_=sr_t_211,2004,1h 24m,Not Rated,7.5,21K
212. District B13,https://www.imdb.com/title/tt0414852/?ref_=sr_t_212,2004,1h 24m,R,7.1,75K
213. Saving Face,https://www.imdb.com/title/tt0384504/?ref_=sr_t_213,2004,1h 31m,R,7.4,14K
214. The Best Two Years,https://www.imdb.com/title/tt0377038/?ref_=sr_t_214,2004,1h 52m,PG,7.5,1.8K
215. Les aimants,https://www.imdb.com/title/tt0409673/?ref_=sr_t_215,2004,1h 31m,,6.8,629
216. Paper Clips,https://www.imdb.com/title/tt0380615/?ref_=sr_t_216,2004,1h 22m,G,7.3,1.8K
217. Tae Guk Gi: The Brotherhood of War,https://www.imdb.com/title/tt0386064/?ref_=sr_t_217,2004,2h 20m,R,8.0,42K
218. The Machinist,https://www.imdb.com/title/tt0361862/?ref_=sr_t_218,2004,1h 41m,R,7.6,424K
219. A Home at the End of the World,https://www.imdb.com/title/tt0359423/?ref_=sr_t_219,2004,1h 37m,R,6.6,14K
220. Silver City,https://www.imdb.com/title/tt0376890/?ref_=sr_t_220,2004,2h 8m,R,6.0,4.3K
221. My Summer of Love,https://www.imdb.com/title/tt0382189/?ref_=sr_t_221,2004,1h 26m,R,6.7,22K
222. Criminal,https://www.imdb.com/title/tt0362526/?ref_=sr_t_222,2004,1h 27m,R,6.4,11K
223. Mujhse Shaadi Karogi,https://www.imdb.com/title/tt0418362/?ref_=sr_t_223,2004,2h 43m,,6.7,18K
224. Innocent Voices,https://www.imdb.com/title/tt0387914/?ref_=sr_t_224,2004,2h,R,7.8,8.3K
225. Hum Tum,https://www.imdb.com/title/tt0378072/?ref_=sr_t_225,2004,2h 23m,Not Rated,7.0,15K
226. Stage Beauty,https://www.imdb.com/title/tt0368658/?ref_=sr_t_226,2004,1h 46m,R,7.1,11K
227. Lakshya,https://www.imdb.com/title/tt0323013/?ref_=sr_t_227,2004,3h 6m,Not Rated,7.8,26K
228. Fade to Black,https://www.imdb.com/title/tt0428518/?ref_=sr_t_228,2004,1h 49m,R,6.9,1.1K
229. Mysterious Skin,https://www.imdb.com/title/tt0370986/?ref_=sr_t_229,2004,1h 45m,Unrated,7.6,79K
230. The Assassination of Richard Nixon,https://www.imdb.com/title/tt0364961/?ref_=sr_t_230,2004,1h 35m,R,6.9,26K
231. Nobody Knows,https://www.imdb.com/title/tt0408664/?ref_=sr_t_231,2004,2h 21m,PG-13,8.0,33K
232. Red Lights,https://www.imdb.com/title/tt0365190/?ref_=sr_t_232,2004,1h 45m,Unrated,6.6,3.1K
233. C.S.A.: The Confederate States of America,https://www.imdb.com/title/tt0389828/?ref_=sr_t_233,2004,1h 29m,PG-13,6.4,5.2K
234. Going Upriver,https://www.imdb.com/title/tt0407263/?ref_=sr_t_234,2004,1h 27m,PG-13,7.8,889
235. Gunner Palace,https://www.imdb.com/title/tt0424129/?ref_=sr_t_235,2004,1h 25m,PG-13,6.6,2K
236. Mean Creek,https://www.imdb.com/title/tt0377091/?ref_=sr_t_236,2004,1h 30m,R,7.1,34K
237. Khakee,https://www.imdb.com/title/tt0347332/?ref_=sr_t_237,2004,2h 54m,,7.4,17K
238. Touch of Pink,https://www.imdb.com/title/tt0374277/?ref_=sr_t_238,2004,1h 31m,R,6.4,4.5K
239. Palindromes,https://www.imdb.com/title/tt0362004/?ref_=sr_t_239,2004,1h 40m,Not Rated,6.7,13K
240. The Final Cut,https://www.imdb.com/title/tt0364343/?ref_=sr_t_240,2004,1h 35m,PG-13,6.1,35K
241. Changing Times,https://www.imdb.com/title/tt0399738/?ref_=sr_t_241,2004,1h 34m,,6.1,1.8K
242. L'incomparable mademoiselle C.,https://www.imdb.com/title/tt0385779/?ref_=sr_t_242,2004,1h 43m,,5.9,142
243. Saint Ralph,https://www.imdb.com/title/tt0384488/?ref_=sr_t_243,2004,1h 38m,PG-13,7.3,6.4K
244. Steamboy,https://www.imdb.com/title/tt0348121/?ref_=sr_t_244,2004,2h 6m,PG-13,6.8,19K
245. The Last Shot,https://www.imdb.com/title/tt0357054/?ref_=sr_t_245,2004,1h 33m,R,5.7,4.4K
246. Outfoxed: Rupert Murdoch's War on Journalism,https://www.imdb.com/title/tt0418038/?ref_=sr_t_246,2004,1h 18m,Unrated,7.5,6.3K
247. The Beautiful Country,https://www.imdb.com/title/tt0273108/?ref_=sr_t_247,2004,2h 5m,R,7.4,4K
248. Head-On,https://www.imdb.com/title/tt0347048/?ref_=sr_t_248,2004,2h 1m,R,7.9,59K
249. Primer,https://www.imdb.com/title/tt0390384/?ref_=sr_t_249,2004,1h 17m,PG-13,6.7,117K
250. Ferpect Crime,https://www.imdb.com/title/tt0395125/?ref_=sr_t_250,2004,1h 45m,Not Rated,7.0,13K
251. In the Realms of the Unreal,https://www.imdb.com/title/tt0390123/?ref_=sr_t_251,2004,1h 21m,Unrated,7.3,2.3K
252. Head in the Clouds,https://www.imdb.com/title/tt0338097/?ref_=sr_t_252,2004,2h 12m,R,6.5,16K
253. Still We Believe: The Boston Red Sox Movie,https://www.imdb.com/title/tt0403893/?ref_=sr_t_253,2004,1h 50m,PG,7.1,334
254. Yes,https://www.imdb.com/title/tt0381717/?ref_=sr_t_254,2004,1h 40m,R,6.4,3.3K
255. Brothers,https://www.imdb.com/title/tt0386342/?ref_=sr_t_255,2004,1h 57m,R,7.5,12K
256. House of D,https://www.imdb.com/title/tt0372334/?ref_=sr_t_256,2004,1h 37m,PG-13,6.8,10K
257. Short Cut to Nirvana: Kumbh Mela,https://www.imdb.com/title/tt0420723/?ref_=sr_t_257,2004,1h 25m,Unrated,7.1,151
258. Syrian Bride,https://www.imdb.com/title/tt0423310/?ref_=sr_t_258,2004,1h 37m,,7.4,3.5K
259. The Hunting of the President,https://www.imdb.com/title/tt0391225/?ref_=sr_t_259,2004,1h 30m,TV-14,6.9,946
260. Highwaymen,https://www.imdb.com/title/tt0339147/?ref_=sr_t_260,2004,1h 20m,R,5.6,9.7K
261. She Hate Me,https://www.imdb.com/title/tt0384533/?ref_=sr_t_261,2004,2h 18m,R,5.3,8.4K
262. Enduring Love,https://www.imdb.com/title/tt0375735/?ref_=sr_t_262,2004,1h 40m,R,6.3,11K
263. Don't Move,https://www.imdb.com/title/tt0330702/?ref_=sr_t_263,2004,2h 5m,,7.0,8.7K
264. Look What's Happened Now,https://www.imdb.com/title/tt0349703/?ref_=sr_t_264,2004,2h 45m,,4.3,2K
265. Yuva,https://www.imdb.com/title/tt0382383/?ref_=sr_t_265,2004,2h 41m,Not Rated,7.3,9.5K
266. Winter Solstice,https://www.imdb.com/title/tt0365938/?ref_=sr_t_266,2004,1h 30m,R,6.0,1.5K
267. America's Heart & Soul,https://www.imdb.com/title/tt0381006/?ref_=sr_t_267,2004,1h 24m,PG,5.1,724
268. Masti,https://www.imdb.com/title/tt0406977/?ref_=sr_t_268,2004,2h 46m,,6.2,7.2K
269. Secuestro express,https://www.imdb.com/title/tt0371939/?ref_=sr_t_269,2004,1h 26m,R,6.4,2.7K
270. Hair Show,https://www.imdb.com/title/tt0382561/?ref_=sr_t_270,2004,1h 45m,PG-13,5.0,5.8K
271. The Holy Girl,https://www.imdb.com/title/tt0300270/?ref_=sr_t_271,2004,1h 46m,R,6.7,4.4K
272. Cronicas,https://www.imdb.com/title/tt0382621/?ref_=sr_t_272,2004,1h 48m,R,6.8,3.6K
273. Mickey,https://www.imdb.com/title/tt0277895/?ref_=sr_t_273,2004,1h 45m,PG,6.5,524
274. Kings & Queen,https://www.imdb.com/title/tt0344273/?ref_=sr_t_274,2004,2h 30m,Unrated,7.0,4.1K
275. The Aryan Couple,https://www.imdb.com/title/tt0407536/?ref_=sr_t_275,2004,2h,PG-13,6.4,1.3K
276. Only Human,https://www.imdb.com/title/tt0376177/?ref_=sr_t_276,2004,1h 25m,R,6.8,1.8K
277. This Old Cub,https://www.imdb.com/title/tt0408261/?ref_=sr_t_277,2004,1h 26m,Not Rated,8.2,411
278. Turtles Can Fly,https://www.imdb.com/title/tt0424227/?ref_=sr_t_278,2004,1h 38m,PG-13,8.0,21K
279. À Tout de Suite,https://www.imdb.com/title/tt0407342/?ref_=sr_t_279,2004,1h 35m,Unrated,6.4,1.1K
280. Watermarks,https://www.imdb.com/title/tt0405461/?ref_=sr_t_280,2004,1h 20m,Unrated,7.2,258
281. Dhoom,https://www.imdb.com/title/tt0422091/?ref_=sr_t_281,2004,2h 9m,Not Rated,6.6,23K
282. Up and Down,https://www.imdb.com/title/tt0401488/?ref_=sr_t_282,2004,1h 48m,R,7.0,2K
283. 3-Iron,https://www.imdb.com/title/tt0423866/?ref_=sr_t_283,2004,1h 28m,R,7.9,59K
284. Uncovered: The War on Iraq,https://www.imdb.com/title/tt0420286/?ref_=sr_t_284,2004,1h 23m,Unrated,7.5,625
285. A Good Woman,https://www.imdb.com/title/tt0379306/?ref_=sr_t_285,2004,1h 33m,PG,6.4,14K
286. Asa Nu Maan Watna Da: In Search of Our Roots,https://www.imdb.com/title/tt0414834/?ref_=sr_t_286,2004,2h 59m,,6.6,166
287. Imaginary Heroes,https://www.imdb.com/title/tt0373024/?ref_=sr_t_287,2004,1h 51m,R,7.0,10K
288. Guiana 1838,https://www.imdb.com/title/tt0428609/?ref_=sr_t_288,2004,2h,Unrated,7.0,83
289. The Beauty Academy of Kabul,https://www.imdb.com/title/tt0439130/?ref_=sr_t_289,2004,1h 14m,Not Rated,6.7,179
290. Mondovino,https://www.imdb.com/title/tt0411674/?ref_=sr_t_290,2004,2h 15m,PG-13,7.0,1.5K
291. Modigliani,https://www.imdb.com/title/tt0367188/?ref_=sr_t_291,2004,2h 8m,R,7.2,13K
292. The Home Teachers,https://www.imdb.com/title/tt0377071/?ref_=sr_t_292,2004,1h 22m,PG,4.3,390
293. Darwin's Nightmare,https://www.imdb.com/title/tt0424024/?ref_=sr_t_293,2004,1h 47m,,7.4,5.7K
294. Lightning in a Bottle,https://www.imdb.com/title/tt0396705/?ref_=sr_t_294,2004,1h 43m,PG-13,7.6,748
295. Cama adentro,https://www.imdb.com/title/tt0356453/?ref_=sr_t_295,2004,1h 23m,Unrated,7.0,998
296. Around the Bend,https://www.imdb.com/title/tt0384810/?ref_=sr_t_296,2004,1h 25m,R,6.4,4.5K
297. November,https://www.imdb.com/title/tt0368089/?ref_=sr_t_297,2004,1h 13m,R,5.4,3.2K
298. Lost Embrace,https://www.imdb.com/title/tt0366137/?ref_=sr_t_298,2004,1h 39m,Not Rated,6.9,3.1K
299. Eros,https://www.imdb.com/title/tt0343663/?ref_=sr_t_299,2004,1h 44m,R,5.9,7.5K
300. Hellbent,https://www.imdb.com/title/tt0356159/?ref_=sr_t_300,2004,1h 24m,R,5.5,2.8K
301. My Date with Drew,https://www.imdb.com/title/tt0378407/?ref_=sr_t_301,2004,1h 30m,PG,6.5,4.8K
302. P.S.,https://www.imdb.com/title/tt0380609/?ref_=sr_t_302,2004,1h 37m,R,6.1,6.7K
303. Bush's Brain,https://www.imdb.com/title/tt0403910/?ref_=sr_t_303,2004,1h 20m,PG-13,6.7,937
304. Touch the Sound: A Sound Journey with Evelyn Glennie,https://www.imdb.com/title/tt0424509/?ref_=sr_t_304,2004,1h 39m,Not Rated,7.2,694
305. The Edukators,https://www.imdb.com/title/tt0408777/?ref_=sr_t_305,2004,2h 7m,R,7.4,33K
306. Stateside,https://www.imdb.com/title/tt0339727/?ref_=sr_t_306,2004,1h 37m,R,5.8,2K
307. Baptists at Our Barbecue,https://www.imdb.com/title/tt0391104/?ref_=sr_t_307,2004,1h 32m,PG,5.6,529
308. A Love Song for Bobby Long,https://www.imdb.com/title/tt0369672/?ref_=sr_t_308,2004,1h 59m,R,7.1,28K
309. In My Country,https://www.imdb.com/title/tt0349260/?ref_=sr_t_309,2004,1h 45m,R,6.0,3K
310. When Will I Be Loved,https://www.imdb.com/title/tt0396271/?ref_=sr_t_310,2004,1h 21m,R,4.4,3.6K
311. Killing Cabos,https://www.imdb.com/title/tt0380538/?ref_=sr_t_311,2004,1h 34m,R,7.4,5.9K
312. Dans l'oeil du chat,https://www.imdb.com/title/tt0387155/?ref_=sr_t_312,2004,1h 34m,TV-MA,4.6,242
313. Eating Out,https://www.imdb.com/title/tt0372884/?ref_=sr_t_313,2004,1h 30m,Unrated,5.8,6.5K
314. Crimson Rivers 2: Angels of the Apocalypse,https://www.imdb.com/title/tt0337103/?ref_=sr_t_314,2004,1h 40m,R,5.9,22K
315. Garçon stupide,https://www.imdb.com/title/tt0419766/?ref_=sr_t_315,2004,1h 34m,Unrated,6.1,1.3K
316. Duck Season,https://www.imdb.com/title/tt0407246/?ref_=sr_t_316,2004,1h 30m,R,7.2,4.8K
317. Before the Fall,https://www.imdb.com/title/tt0384369/?ref_=sr_t_317,2004,1h 50m,,7.4,18K
318. Undertow,https://www.imdb.com/title/tt0360130/?ref_=sr_t_318,2004,1h 48m,R,6.5,9.5K
319. Mountain Patrol,https://www.imdb.com/title/tt0386651/?ref_=sr_t_319,2004,1h 30m,PG-13,7.6,5.5K
320. Haven,https://www.imdb.com/title/tt0386504/?ref_=sr_t_320,2004,1h 55m,R,5.7,7K
321. Music from the Inside Out,https://www.imdb.com/title/tt0425274/?ref_=sr_t_321,2004,1h 29m,Not Rated,7.7,111
322. Our Music,https://www.imdb.com/title/tt0360845/?ref_=sr_t_322,2004,1h 20m,,6.8,3.2K
323. Clean,https://www.imdb.com/title/tt0388838/?ref_=sr_t_323,2004,1h 30m,R,6.8,5K
324. Riding the Bullet,https://www.imdb.com/title/tt0355954/?ref_=sr_t_324,2004,1h 38m,R,5.2,11K
325. Be Here to Love Me,https://www.imdb.com/title/tt0423853/?ref_=sr_t_325,2004,1h 39m,Not Rated,7.8,1.5K
326. Tony Takitani,https://www.imdb.com/title/tt0420260/?ref_=sr_t_326,2004,1h 15m,,7.2,5.1K
327. Appleseed,https://www.imdb.com/title/tt0401233/?ref_=sr_t_327,2004,1h 41m,R,6.9,19K
328. Five Times Two,https://www.imdb.com/title/tt0354356/?ref_=sr_t_328,2004,1h 30m,R,6.6,11K
329. Dig!,https://www.imdb.com/title/tt0388888/?ref_=sr_t_329,2004,1h 47m,R,7.7,6.8K
330. Howard Zinn: You Can't Be Neutral on a Moving Train,https://www.imdb.com/title/tt0416825/?ref_=sr_t_330,2004,1h 18m,Not Rated,7.4,837
331. Lila dit ça,https://www.imdb.com/title/tt0424237/?ref_=sr_t_331,2004,1h 29m,R,6.9,5.1K
332. It's All Gone Pete Tong,https://www.imdb.com/title/tt0388139/?ref_=sr_t_332,2004,1h 30m,R,7.2,21K
333. Sons of Provo,https://www.imdb.com/title/tt0396223/?ref_=sr_t_333,2004,1h 33m,PG,5.9,430
334. Games People Play: New York,https://www.imdb.com/title/tt0371683/?ref_=sr_t_334,2004,1h 37m,Not Rated,4.6,209
335. The Bridesmaid,https://www.imdb.com/title/tt0405866/?ref_=sr_t_335,2004,1h 51m,Not Rated,6.7,2.9K
336. Let's Bring Our Heroes Home,https://www.imdb.com/title/tt0387989/?ref_=sr_t_336,2004,2h 43m,,6.0,1.7K
337. Word Wars,https://www.imdb.com/title/tt0390632/?ref_=sr_t_337,2004,1h 20m,Unrated,6.9,1.7K
338. Face,https://www.imdb.com/title/tt0409947/?ref_=sr_t_338,2004,1h 32m,R,5.6,1.2K
339. Carlos Castaneda: Enigma of a Sorcerer,https://www.imdb.com/title/tt0398835/?ref_=sr_t_339,2004,1h 31m,,4.5,119
340. Guerrilla: The Taking of Patty Hearst,https://www.imdb.com/title/tt0884842/?ref_=sr_t_340,2004,1h 29m,Not Rated,7.1,653
341. Cachorro,https://www.imdb.com/title/tt0359045/?ref_=sr_t_341,2004,1h 39m,R,7.1,3.7K
342. Fida,https://www.imdb.com/title/tt0422236/?ref_=sr_t_342,2004,2h 2m,Not Rated,5.5,3K
343. D.E.B.S.,https://www.imdb.com/title/tt0367631/?ref_=sr_t_343,2004,1h 31m,PG-13,5.4,18K
344. Summer Storm,https://www.imdb.com/title/tt0420206/?ref_=sr_t_344,2004,1h 38m,R,7.3,15K
345. Celsius 41.11: The Temperature at Which the Brain... Begins to Die,https://www.imdb.com/title/tt0424885/?ref_=sr_t_345,2004,1h 12m,R,4.1,1.4K
346. Somersault,https://www.imdb.com/title/tt0381429/?ref_=sr_t_346,2004,1h 46m,Not Rated,6.7,8.3K
347. Aitraaz,https://www.imdb.com/title/tt0418460/?ref_=sr_t_347,2004,2h 40m,Not Rated,6.6,11K
348. Phir Milenge,https://www.imdb.com/title/tt0422950/?ref_=sr_t_348,2004,2h 22m,,6.1,2.4K
349. Seeing Other People,https://www.imdb.com/title/tt0362129/?ref_=sr_t_349,2004,1h 30m,R,5.8,3.1K
350. Go for Zucker,https://www.imdb.com/title/tt0416331/?ref_=sr_t_350,2004,1h 35m,Unrated,6.7,2.9K
351. Decoys,https://www.imdb.com/title/tt0357585/?ref_=sr_t_351,2004,1h 35m,R,4.7,5.5K
352. Dev,https://www.imdb.com/title/tt0364303/?ref_=sr_t_352,2004,2h 52m,,6.7,1.5K
353. The Future of Food,https://www.imdb.com/title/tt0427276/?ref_=sr_t_353,2004,1h 28m,Not Rated,7.7,1.4K
354. Brother to Brother,https://www.imdb.com/title/tt0306597/?ref_=sr_t_354,2004,1h 34m,Not Rated,7.1,1.3K
355. Chrystal,https://www.imdb.com/title/tt0362506/?ref_=sr_t_355,2004,1h 46m,R,6.5,1.7K
356. Ginger Snaps 2: Unleashed,https://www.imdb.com/title/tt0353489/?ref_=sr_t_356,2004,1h 34m,R,6.4,16K
357. Jack Paradise (Les nuits de Montréal),https://www.imdb.com/title/tt0374783/?ref_=sr_t_357,2004,1h 30m,,5.7,173
358. Three... Extremes,https://www.imdb.com/title/tt0420251/?ref_=sr_t_358,2004,2h 5m,R,6.9,21K
359. Eulogy,https://www.imdb.com/title/tt0349416/?ref_=sr_t_359,2004,1h 31m,R,6.4,9.4K
360. The Nomi Song,https://www.imdb.com/title/tt0402406/?ref_=sr_t_360,2004,1h 38m,Not Rated,7.4,1.1K
361. The Ninth Day,https://www.imdb.com/title/tt0411702/?ref_=sr_t_361,2004,1h 38m,Not Rated,7.0,2K
362. Dorian Blues,https://www.imdb.com/title/tt0398963/?ref_=sr_t_362,2004,1h 28m,Not Rated,6.7,2.5K
363. Ma mère,https://www.imdb.com/title/tt0381392/?ref_=sr_t_363,2004,1h 50m,NC-17,5.0,7.8K
364. Take Out,https://www.imdb.com/title/tt0391483/?ref_=sr_t_364,2004,1h 27m,Not Rated,7.1,1.6K
365. Shake Hands with the Devil: The Journey of Roméo Dallaire,https://www.imdb.com/title/tt0424435/?ref_=sr_t_365,2004,1h 30m,,8.1,1.1K
366. 9 Songs,https://www.imdb.com/title/tt0411705/?ref_=sr_t_366,2004,1h 11m,Not Rated,4.8,24K
367. The Talent Given Us,https://www.imdb.com/title/tt0417182/?ref_=sr_t_367,2004,1h 38m,Not Rated,5.7,464
368. The World,https://www.imdb.com/title/tt0423176/?ref_=sr_t_368,2004,2h 23m,Not Rated,7.1,3.6K
369. Mail Order Wife,https://www.imdb.com/title/tt0377088/?ref_=sr_t_369,2004,1h 32m,R,6.2,1.4K
370. Poster Boy,https://www.imdb.com/title/tt0297389/?ref_=sr_t_370,2004,1h 38m,R,6.0,1.4K
371. You I Love,https://www.imdb.com/title/tt0402595/?ref_=sr_t_371,2004,1h 23m,,6.2,952
372. Voices of Iraq,https://www.imdb.com/title/tt0430745/?ref_=sr_t_372,2004,1h 20m,Unrated,6.8,396
373. The Other Side of the Street,https://www.imdb.com/title/tt0402417/?ref_=sr_t_373,2004,1h 38m,,6.7,1K
374. RRRrrrr!!!,https://www.imdb.com/title/tt0357111/?ref_=sr_t_374,2004,1h 38m,,5.8,15K
375. Schizo,https://www.imdb.com/title/tt0406216/?ref_=sr_t_375,2004,1h 26m,,7.0,1.1K
376. L.A. Twister,https://www.imdb.com/title/tt0347368/?ref_=sr_t_376,2004,1h 32m,R,5.8,287
377. Plagues and Pleasures on the Salton Sea,https://www.imdb.com/title/tt0438327/?ref_=sr_t_377,2004,1h 14m,Not Rated,7.4,706
378. Hiding and Seeking: Faith and Tolerance After the Holocaust,https://www.imdb.com/title/tt0398103/?ref_=sr_t_378,2004,1h 37m,Unrated,7.8,168
379. Terkel in Trouble,https://www.imdb.com/title/tt0386820/?ref_=sr_t_379,2004,1h 17m,Not Rated,7.1,12K
380. After Midnight,https://www.imdb.com/title/tt0402141/?ref_=sr_t_380,2004,1h 32m,Unrated,6.8,1.6K
381. The Bridge of San Luis Rey,https://www.imdb.com/title/tt0356443/?ref_=sr_t_381,2004,2h,PG,5.0,3.7K
382. On the Outs,https://www.imdb.com/title/tt0389235/?ref_=sr_t_382,2004,1h 26m,R,6.7,697
383. Fakers,https://www.imdb.com/title/tt0338022/?ref_=sr_t_383,2004,1h 25m,R,5.7,603
384. Tropical Malady,https://www.imdb.com/title/tt0381668/?ref_=sr_t_384,2004,1h 58m,Not Rated,7.1,6.5K
385. Straight-Jacket,https://www.imdb.com/title/tt0367097/?ref_=sr_t_385,2004,1h 36m,TV-MA,6.6,984
386. A State of Mind,https://www.imdb.com/title/tt0456012/?ref_=sr_t_386,2004,1h 33m,Not Rated,7.7,1.1K
387. The Intruder,https://www.imdb.com/title/tt0422491/?ref_=sr_t_387,2004,2h 10m,Unrated,6.7,2.2K
388. Tying the Knot,https://www.imdb.com/title/tt0410818/?ref_=sr_t_388,2004,1h 21m,Unrated,7.3,316
389. Justice,https://www.imdb.com/title/tt0411545/?ref_=sr_t_389,2004,1h 44m,R,6.6,93
390. Tell Them Who You Are,https://www.imdb.com/title/tt0420952/?ref_=sr_t_390,2004,1h 35m,R,6.9,558
391. The Hidden Blade,https://www.imdb.com/title/tt0442286/?ref_=sr_t_391,2004,2h 12m,R,7.7,7.3K
392. Incident at Loch Ness,https://www.imdb.com/title/tt0374639/?ref_=sr_t_392,2004,1h 34m,PG-13,6.4,4.5K
393. Mind Game,https://www.imdb.com/title/tt0452039/?ref_=sr_t_393,2004,1h 43m,Not Rated,7.7,11K
394. Jiminy Glick in Lalawood,https://www.imdb.com/title/tt0347369/?ref_=sr_t_394,2004,1h 30m,R,5.1,2.5K
395. The Year of the Yao,https://www.imdb.com/title/tt0360216/?ref_=sr_t_395,2004,1h 28m,PG,7.2,1.2K
396. Black Friday,https://www.imdb.com/title/tt0400234/?ref_=sr_t_396,2004,2h 23m,Not Rated,8.4,22K
397. Campfire,https://www.imdb.com/title/tt0374036/?ref_=sr_t_397,2004,1h 36m,Not Rated,7.0,691
398. Anatomy of Hell,https://www.imdb.com/title/tt0348529/?ref_=sr_t_398,2004,1h 17m,Unrated,4.4,6.4K
399. Kamikaze Girls,https://www.imdb.com/title/tt0416220/?ref_=sr_t_399,2004,1h 42m,,7.2,8.4K
400. Keane,https://www.imdb.com/title/tt0420291/?ref_=sr_t_400,2004,1h 40m,R,6.8,5.9K
401. Gilles' Wife,https://www.imdb.com/title/tt0382691/?ref_=sr_t_401,2004,1h 43m,Not Rated,6.7,902
402. The Raspberry Reich,https://www.imdb.com/title/tt0390418/?ref_=sr_t_402,2004,1h 30m,Unrated,5.1,1.8K
403. The Take,https://www.imdb.com/title/tt0426596/?ref_=sr_t_403,2004,1h 27m,Unrated,7.6,1.2K
404. Down to the Bone,https://www.imdb.com/title/tt0363579/?ref_=sr_t_404,2004,1h 44m,R,6.6,2.5K
405. WMD: Weapons of Mass Deception,https://www.imdb.com/title/tt0402577/?ref_=sr_t_405,2004,1h 38m,,7.7,459
406. A Fond Kiss,https://www.imdb.com/title/tt0380366/?ref_=sr_t_406,2004,1h 44m,R,7.1,7.4K
407. Lbs.,https://www.imdb.com/title/tt0390185/?ref_=sr_t_407,2004,1h 39m,Not Rated,6.9,451
408. Naked Fame,https://www.imdb.com/title/tt0407031/?ref_=sr_t_408,2004,1h 25m,Not Rated,5.2,209
409. Or (My Treasure),https://www.imdb.com/title/tt0388311/?ref_=sr_t_409,2004,1h 37m,Unrated,7.0,1.6K
410. The PianoTuner of EarthQuakes,https://www.imdb.com/title/tt0342882/?ref_=sr_t_410,2004,1h 39m,Not Rated,6.2,1.5K
411. The Heart Is Deceitful Above All Things,https://www.imdb.com/title/tt0368774/?ref_=sr_t_411,2004,1h 37m,R,6.2,7.3K
412. Guys and Balls,https://www.imdb.com/title/tt0375911/?ref_=sr_t_412,2004,1h 46m,R,6.7,2K
413. Eternal,https://www.imdb.com/title/tt0382019/?ref_=sr_t_413,2004,1h 47m,R,4.8,1.5K
414. Superstar in a Housedress,https://www.imdb.com/title/tt0396240/?ref_=sr_t_414,2004,1h 35m,Not Rated,7.6,178
"415. Leaving Home, Coming Home: A Portrait of Robert Frank",https://www.imdb.com/title/tt0479943/?ref_=sr_t_415,2004,1h 25m,Not Rated,6.9,92
416. Cape of Good Hope,https://www.imdb.com/title/tt0398830/?ref_=sr_t_416,2004,1h 47m,PG-13,6.9,292
417. Machuca,https://www.imdb.com/title/tt0378284/?ref_=sr_t_417,2004,2h 1m,Not Rated,7.7,13K
418. Brodeuses,https://www.imdb.com/title/tt0387892/?ref_=sr_t_418,2004,1h 29m,,6.9,1.6K
419. Trilogia: To livadi pou dakryzei,https://www.imdb.com/title/tt0366721/?ref_=sr_t_419,2004,2h 50m,,7.9,5.5K
420. Eat This New York,https://www.imdb.com/title/tt0376588/?ref_=sr_t_420,2004,1h 20m,Unrated,6.9,104
421. When the Sea Rises,https://www.imdb.com/title/tt0410549/?ref_=sr_t_421,2004,1h 29m,,6.7,737
422. Rory O'Shea Was Here,https://www.imdb.com/title/tt0417791/?ref_=sr_t_422,2004,1h 44m,R,7.7,16K
423. Three Dancing Slaves,https://www.imdb.com/title/tt0380773/?ref_=sr_t_423,2004,1h 26m,Unrated,6.4,1.8K
424. Ceský sen,https://www.imdb.com/title/tt0402906/?ref_=sr_t_424,2004,1h 30m,Not Rated,7.3,2.4K
425. Slutty Summer,https://www.imdb.com/title/tt0411883/?ref_=sr_t_425,2004,1h 25m,Unrated,5.1,903
426. Imaginary Witness: Hollywood and the Holocaust,https://www.imdb.com/title/tt0379158/?ref_=sr_t_426,2004,1h 32m,,7.5,669
427. Killer Diller,https://www.imdb.com/title/tt0369294/?ref_=sr_t_427,2004,1h 35m,PG-13,6.7,433
428. 4,https://www.imdb.com/title/tt0445161/?ref_=sr_t_428,2004,2h 6m,Not Rated,6.5,2.3K
429. Bombón: El Perro,https://www.imdb.com/title/tt0420548/?ref_=sr_t_429,2004,1h 37m,Unrated,7.1,4.5K
430. Asambhav,https://www.imdb.com/title/tt0368580/?ref_=sr_t_430,2004,2h 19m,,3.8,667
431. Melancholian 3 huonetta,https://www.imdb.com/title/tt0424272/?ref_=sr_t_431,2004,1h 46m,Not Rated,7.1,708
432. A League of Ordinary Gentlemen,https://www.imdb.com/title/tt0430289/?ref_=sr_t_432,2004,1h 33m,R,7.0,434
433. Dear Frankie,https://www.imdb.com/title/tt0377752/?ref_=sr_t_433,2004,1h 45m,PG-13,7.7,23K
434. The Great Water,https://www.imdb.com/title/tt0365285/?ref_=sr_t_434,2004,1h 33m,,7.0,889
435. Fascination,https://www.imdb.com/title/tt0305632/?ref_=sr_t_435,2004,1h 35m,R,3.8,1.6K
436. Genesis,https://www.imdb.com/title/tt0287457/?ref_=sr_t_436,2004,1h 21m,G,7.1,1.5K
437. I Like Killing Flies,https://www.imdb.com/title/tt0390109/?ref_=sr_t_437,2004,1h 20m,R,7.3,1.3K
438. Perfect Opposites,https://www.imdb.com/title/tt0259567/?ref_=sr_t_438,2004,1h 39m,PG-13,5.5,1.4K
439. Private,https://www.imdb.com/title/tt0420090/?ref_=sr_t_439,2004,1h 30m,,6.9,952
440. Quill: The Life of a Guide Dog,https://www.imdb.com/title/tt0400761/?ref_=sr_t_440,2004,1h 40m,Not Rated,7.1,1.8K
441. A Letter to True,https://www.imdb.com/title/tt0401581/?ref_=sr_t_441,2004,1h 18m,Not Rated,6.4,171
442. Oyster Farmer,https://www.imdb.com/title/tt0379918/?ref_=sr_t_442,2004,1h 31m,Not Rated,6.5,1.3K
443. Formula 17,https://www.imdb.com/title/tt0420627/?ref_=sr_t_443,2004,1h 28m,Not Rated,6.2,1.1K
444. Wild Side,https://www.imdb.com/title/tt0364120/?ref_=sr_t_444,2004,1h 33m,Not Rated,6.4,1.1K
445. Harry + Max,https://www.imdb.com/title/tt0390080/?ref_=sr_t_445,2004,1h 14m,,5.5,1.1K
446. Off the Lip,https://www.imdb.com/title/tt0223828/?ref_=sr_t_446,2004,1h 27m,R,5.3,101
447. Shem,https://www.imdb.com/title/tt0406214/?ref_=sr_t_447,2004,1h 33m,Unrated,4.7,158
448. Mur,https://www.imdb.com/title/tt0413018/?ref_=sr_t_448,2004,1h 36m,Not Rated,6.5,289
449. The 24th Day,https://www.imdb.com/title/tt0246404/?ref_=sr_t_449,2004,1h 32m,R,6.4,3.8K
450. A Silent Love,https://www.imdb.com/title/tt0344337/?ref_=sr_t_450,2004,1h 40m,,6.7,170
451. Crutch,https://www.imdb.com/title/tt0422029/?ref_=sr_t_451,2004,1h 29m,R,5.1,754
452. Marebito,https://www.imdb.com/title/tt0434179/?ref_=sr_t_452,2004,1h 32m,R,6.0,5.8K
453. Up for Grabs,https://www.imdb.com/title/tt0420356/?ref_=sr_t_453,2004,1h 30m,,7.3,254
454. Autumn,https://www.imdb.com/title/tt0407551/?ref_=sr_t_454,2004,1h 50m,Unrated,6.0,148
455. The Dust Factory,https://www.imdb.com/title/tt0329030/?ref_=sr_t_455,2004,1h 39m,PG,5.8,1.7K
456. Close Call,https://www.imdb.com/title/tt0267379/?ref_=sr_t_456,2004,1h 33m,Not Rated,4.1,142
457. Shaye & Kiki,https://www.imdb.com/title/tt0307456/?ref_=sr_t_457,2004,1h 36m,16+,7.2,205
458. Woman Is the Future of Man,https://www.imdb.com/title/tt0403692/?ref_=sr_t_458,2004,1h 28m,Not Rated,6.4,2K
459. Writer of O,https://www.imdb.com/title/tt0424584/?ref_=sr_t_459,2004,1h 20m,,7.0,113
460. Girl Play,https://www.imdb.com/title/tt0416773/?ref_=sr_t_460,2004,1h 20m,Not Rated,4.5,888
461. Le grand rôle,https://www.imdb.com/title/tt0330080/?ref_=sr_t_461,2004,1h 29m,Not Rated,5.6,184
462. Freshman Orientation,https://www.imdb.com/title/tt0380420/?ref_=sr_t_462,2004,1h 32m,R,5.2,1.8K
463. Mind the Gap,https://www.imdb.com/title/tt0373152/?ref_=sr_t_463,2004,2h 14m,R,6.9,1K
464. White Rainbow,https://www.imdb.com/title/tt0398390/?ref_=sr_t_464,2004,1h 34m,PG-13,7.6,140
465. Fighting Tommy Riley,https://www.imdb.com/title/tt0366444/?ref_=sr_t_465,2004,1h 49m,R,6.5,845
466. As It Is in Heaven,https://www.imdb.com/title/tt0382330/?ref_=sr_t_466,2004,2h 13m,Not Rated,7.5,19K
467. Ethan Mao,https://www.imdb.com/title/tt0430063/?ref_=sr_t_467,2004,1h 27m,Not Rated,6.1,640
468. Blackballed: The Bobby Dukes Story,https://www.imdb.com/title/tt0379184/?ref_=sr_t_468,2004,1h 31m,Unrated,6.2,1.3K
469. Primo amore,https://www.imdb.com/title/tt0396818/?ref_=sr_t_469,2004,1h 34m,Not Rated,6.6,2K
470. Crazy Like a Fox,https://www.imdb.com/title/tt0301358/?ref_=sr_t_470,2004,1h 38m,PG-13,5.4,186
471. Rolling Family,https://www.imdb.com/title/tt0359254/?ref_=sr_t_471,2004,1h 43m,Not Rated,6.6,1.4K
472. Illusion,https://www.imdb.com/title/tt0290218/?ref_=sr_t_472,2004,1h 46m,PG-13,7.2,499
473. Living Life,https://www.imdb.com/title/tt0435691/?ref_=sr_t_473,2004,1h 28m,PG,7.2,93
474. The Swenkas,https://www.imdb.com/title/tt0457499/?ref_=sr_t_474,2004,1h 12m,,7.1,132
475. Evil Remains,https://www.imdb.com/title/tt0350232/?ref_=sr_t_475,2004,1h 28m,R,3.9,1.6K
476. Salvador Allende,https://www.imdb.com/title/tt0418129/?ref_=sr_t_476,2004,1h 40m,Not Rated,7.6,780
477. Twist of Faith,https://www.imdb.com/title/tt0436857/?ref_=sr_t_477,2004,1h 27m,TV-MA,7.2,995
478. A Decent Factory,https://www.imdb.com/title/tt0448435/?ref_=sr_t_478,2004,1h 19m,,6.8,49
479. Kill Your Idols,https://www.imdb.com/title/tt0407926/?ref_=sr_t_479,2004,1h 15m,,6.4,591
480. With All Deliberate Speed,https://www.imdb.com/title/tt0408338/?ref_=sr_t_480,2004,1h 50m,Unrated,7.7,74
481. Hurensohn,https://www.imdb.com/title/tt0388118/?ref_=sr_t_481,2004,1h 26m,,5.9,336
482. Masai: The Rain Warriors,https://www.imdb.com/title/tt0348847/?ref_=sr_t_482,2004,1h 34m,,6.4,238
483. Electric Shadows,https://www.imdb.com/title/tt0424273/?ref_=sr_t_483,2004,1h 33m,Not Rated,7.5,1.1K
484. Santa santita,https://www.imdb.com/title/tt0433635/?ref_=sr_t_484,2004,1h 53m,Not Rated,6.4,62
485. Beyond Honor,https://www.imdb.com/title/tt0396502/?ref_=sr_t_485,2004,1h 41m,R,5.7,111
486. Dead Man's Shoes,https://www.imdb.com/title/tt0419677/?ref_=sr_t_486,2004,1h 30m,Not Rated,7.5,60K
487. Jailbait,https://www.imdb.com/title/tt0364435/?ref_=sr_t_487,2004,1h 30m,R,5.7,448
488. Klezmer on Fish Street,https://www.imdb.com/title/tt0414201/?ref_=sr_t_488,2004,1h 25m,,7.0,17
489. Hair High,https://www.imdb.com/title/tt0365296/?ref_=sr_t_489,2004,1h 18m,TV-MA,6.7,1.2K
"490. Vendetta: No Conscience, No Mercy",https://www.imdb.com/title/tt0285624/?ref_=sr_t_490,2004,1h 52m,R,5.0,297
491. The Life,https://www.imdb.com/title/tt0404552/?ref_=sr_t_491,2004,1h 27m,R,4.2,1.8K
492. Home of the Brave,https://www.imdb.com/title/tt0389009/?ref_=sr_t_492,2004,1h 15m,Not Rated,7.3,146
493. Isn't This a Time! A Tribute Concert for Harold Leventhal,https://www.imdb.com/title/tt0424189/?ref_=sr_t_493,2004,1h 30m,,9.2,38
494. The Tollbooth,https://www.imdb.com/title/tt0326292/?ref_=sr_t_494,2004,1h 25m,,5.4,187
495. Looking for Kitty,https://www.imdb.com/title/tt0401593/?ref_=sr_t_495,2004,1h 35m,R,6.0,969
496. The Hillside Strangler,https://www.imdb.com/title/tt0376649/?ref_=sr_t_496,2004,1h 37m,R,5.3,2K
497. Stella Street,https://www.imdb.com/title/tt0360025/?ref_=sr_t_497,2004,1h 20m,R,5.8,506
498. Bandido,https://www.imdb.com/title/tt0297012/?ref_=sr_t_498,2004,1h 35m,R,5.1,125
499. Simon,https://www.imdb.com/title/tt0393775/?ref_=sr_t_499,2004,1h 42m,TV-MA,7.8,8.3K
"500. C'est pas moi, c'est l'autre",https://www.imdb.com/title/tt0428287/?ref_=sr_t_500,2004,1h 30m,,5.6,256
501. Going Under,https://www.imdb.com/title/tt0431091/?ref_=sr_t_501,2004,1h 38m,Unrated,4.6,418
502. Saints and Sinners,https://www.imdb.com/title/tt0392739/?ref_=sr_t_502,2004,1h 20m,Not Rated,5.9,73
503. A Hole in My Heart,https://www.imdb.com/title/tt0381682/?ref_=sr_t_503,2004,1h 38m,Unrated,4.4,5.1K
"504. Still, the Children Are Here",https://www.imdb.com/title/tt0432361/?ref_=sr_t_504,2004,1h 25m,,5.7,7
505. Moog,https://www.imdb.com/title/tt0378378/?ref_=sr_t_505,2004,1h 12m,Not Rated,6.2,651
506. Vsadnik po imeni Smert,https://www.imdb.com/title/tt0412042/?ref_=sr_t_506,2004,1h 46m,Not Rated,6.3,440
507. Calvaire,https://www.imdb.com/title/tt0407621/?ref_=sr_t_507,2004,1h 28m,Not Rated,6.1,14K
508. 95 Miles to Go,https://www.imdb.com/title/tt0428196/?ref_=sr_t_508,2004,1h 17m,R,5.9,171
509. Los Muertos,https://www.imdb.com/title/tt0407021/?ref_=sr_t_509,2004,1h 18m,,6.7,1.2K
510. Agnes and His Brothers,https://www.imdb.com/title/tt0389738/?ref_=sr_t_510,2004,1h 55m,Not Rated,6.6,1.8K
511. Motocross Kids,https://www.imdb.com/title/tt0386649/?ref_=sr_t_511,2004,1h 22m,PG,3.6,508
512. Hom rong,https://www.imdb.com/title/tt0415046/?ref_=sr_t_512,2004,1h 43m,,7.9,1.1K
513. The Big Question,https://www.imdb.com/title/tt0439467/?ref_=sr_t_513,2004,1h 16m,PG-13,4.6,187
514. Iluzija,https://www.imdb.com/title/tt0368962/?ref_=sr_t_514,2004,1h 47m,,7.5,1.2K
515. Persons of Interest,https://www.imdb.com/title/tt0390365/?ref_=sr_t_515,2004,1h 3m,,7.5,78
516. Pusher II,https://www.imdb.com/title/tt0396184/?ref_=sr_t_516,2004,1h 40m,Not Rated,7.3,26K
517. Making Grace,https://www.imdb.com/title/tt0475333/?ref_=sr_t_517,2004,1h 27m,Not Rated,5.1,26
518. Monumental: David Brower's Fight for Wild America,https://www.imdb.com/title/tt0427557/?ref_=sr_t_518,2004,1h 28m,TV-G,7.9,43
519. A Breath,https://www.imdb.com/title/tt0396962/?ref_=sr_t_519,2004,1h 47m,,8.2,1.6K
520. Return to the Land of Wonders,https://www.imdb.com/title/tt0461832/?ref_=sr_t_520,2004,1h 28m,,6.9,45
521. Proteus: A Nineteenth Century Vision,https://www.imdb.com/title/tt0391407/?ref_=sr_t_521,2004,1h 37m,,7.5,124
522. The Ister,https://www.imdb.com/title/tt0397477/?ref_=sr_t_522,2004,3h 9m,Not Rated,7.1,231
523. Freeze Frame,https://www.imdb.com/title/tt0363095/?ref_=sr_t_523,2004,1h 39m,R,6.3,3K
524. Producing Adults,https://www.imdb.com/title/tt0366701/?ref_=sr_t_524,2004,1h 42m,,6.1,1.3K
525. Steve + Sky,https://www.imdb.com/title/tt0399692/?ref_=sr_t_525,2004,1h 37m,Not Rated,6.6,2.5K
526. Canary,https://www.imdb.com/title/tt0468777/?ref_=sr_t_526,2004,2h 12m,,6.9,374
527. Noel,https://www.imdb.com/title/tt0383534/?ref_=sr_t_527,2004,1h 36m,PG,6.1,11K
528. Antares,https://www.imdb.com/title/tt0419449/?ref_=sr_t_528,2004,1h 45m,Unrated,6.1,3.7K
529. Speak,https://www.imdb.com/title/tt0378793/?ref_=sr_t_529,2004,1h 29m,PG-13,7.2,30K
530. White Coats,https://www.imdb.com/title/tt0367232/?ref_=sr_t_530,2004,1h 30m,R,5.4,2.5K
531. Concrete,https://www.imdb.com/title/tt0434131/?ref_=sr_t_531,2004,1h 53m,,4.4,598
532. Shutter,https://www.imdb.com/title/tt0440803/?ref_=sr_t_532,2004,1h 37m,Not Rated,7.0,51K
533. Cruel Intentions 3,https://www.imdb.com/title/tt0391891/?ref_=sr_t_533,2004,1h 25m,R,4.6,8.9K
534. Creep,https://www.imdb.com/title/tt0381966/?ref_=sr_t_534,2004,1h 25m,R,5.6,33K
535. Wild Things 2,https://www.imdb.com/title/tt0365270/?ref_=sr_t_535,2004,1h 35m,R,4.5,8K
536. New Police Story,https://www.imdb.com/title/tt0386005/?ref_=sr_t_536,2004,2h 3m,R,6.9,30K
537. The Football Factory,https://www.imdb.com/title/tt0385705/?ref_=sr_t_537,2004,1h 31m,R,6.7,33K
538. Godzilla: Final Wars,https://www.imdb.com/title/tt0399102/?ref_=sr_t_538,2004,2h 5m,PG-13,6.3,10K
539. If Only,https://www.imdb.com/title/tt0332136/?ref_=sr_t_539,2004,1h 32m,PG-13,7.0,34K
540. Five Children and It,https://www.imdb.com/title/tt0366450/?ref_=sr_t_540,2004,1h 29m,Not Rated,5.5,5.6K
541. Employee of the Month,https://www.imdb.com/title/tt0362590/?ref_=sr_t_541,2004,1h 37m,R,6.1,11K
542. Immortal,https://www.imdb.com/title/tt0314063/?ref_=sr_t_542,2004,1h 43m,R,5.9,22K
543. Grande école,https://www.imdb.com/title/tt0340137/?ref_=sr_t_543,2004,1h 50m,TV-MA,5.7,2.4K
544. The Corsican File,https://www.imdb.com/title/tt0380349/?ref_=sr_t_544,2004,1h 32m,G,5.8,4.5K
545. Dumplings,https://www.imdb.com/title/tt0472458/?ref_=sr_t_545,2004,1h 31m,Not Rated,6.7,11K
546. George and the Dragon,https://www.imdb.com/title/tt0306892/?ref_=sr_t_546,2004,1h 33m,PG,5.6,4.5K
547. G.O.R.A.,https://www.imdb.com/title/tt0384116/?ref_=sr_t_547,2004,2h 7m,,8.0,69K
548. The Junior Olsen Gang Rocks It,https://www.imdb.com/title/tt0390320/?ref_=sr_t_548,2004,1h 32m,,5.1,757
549. The Consequences of Love,https://www.imdb.com/title/tt0398883/?ref_=sr_t_549,2004,1h 40m,,7.5,19K
550. Book of Love,https://www.imdb.com/title/tt0376006/?ref_=sr_t_550,2004,1h 23m,R,5.4,1.8K
551. Satan's Little Helper,https://www.imdb.com/title/tt0380687/?ref_=sr_t_551,2004,1h 36m,R,5.3,7K
552. Naruto the Movie: Ninja Clash in the Land of Snow,https://www.imdb.com/title/tt0476680/?ref_=sr_t_552,2004,1h 22m,TV-14,6.6,8.5K
553. Christmas Child,https://www.imdb.com/title/tt0346750/?ref_=sr_t_553,2004,1h 36m,Not Rated,6.2,681
554. The Japanese Wife Next Door,https://www.imdb.com/title/tt1439456/?ref_=sr_t_554,2004,1h,Not Rated,5.2,1.3K
555. Cube Zero,https://www.imdb.com/title/tt0377713/?ref_=sr_t_555,2004,1h 37m,R,5.6,44K
556. Arsène Lupin,https://www.imdb.com/title/tt0373690/?ref_=sr_t_556,2004,2h 5m,Not Rated,5.4,7.6K
557. Innocence,https://www.imdb.com/title/tt0375233/?ref_=sr_t_557,2004,2h 2m,R,6.8,6.6K
558. The Magic Roundabout,https://www.imdb.com/title/tt0339334/?ref_=sr_t_558,2005,1h 21m,,5.2,3.8K
559. A Moment to Remember,https://www.imdb.com/title/tt0428870/?ref_=sr_t_559,2004,1h 57m,PG-13,8.1,26K
560. The Life and Death of Peter Sellers,https://www.imdb.com/title/tt0352520/?ref_=sr_t_560,2004,2h 2m,TV-MA,6.9,15K
561. Daniel the Wizard,https://www.imdb.com/title/tt0421051/?ref_=sr_t_561,2004,1h 21m,Not Rated,1.2,15K
562. Glitterati,https://www.imdb.com/title/tt0390051/?ref_=sr_t_562,2004,1h 30m,,8.0,194
563. Suburban Secrets,https://www.imdb.com/title/tt0406951/?ref_=sr_t_563,2004,2h 33m,R,4.2,505
564. The Place Promised in Our Early Days,https://www.imdb.com/title/tt0381348/?ref_=sr_t_564,2004,1h 30m,TV-PG,6.8,16K
565. Ginger Snaps Back: The Beginning,https://www.imdb.com/title/tt0365265/?ref_=sr_t_565,2004,1h 34m,R,5.8,12K
566. The Taste of Tea,https://www.imdb.com/title/tt0413893/?ref_=sr_t_566,2004,2h 23m,,7.6,7.4K
567. The Lizard,https://www.imdb.com/title/tt0416960/?ref_=sr_t_567,2004,1h 55m,,8.4,23K
568. Toolbox Murders,https://www.imdb.com/title/tt0367153/?ref_=sr_t_568,2004,1h 35m,R,5.3,9K
569. Three Way,https://www.imdb.com/title/tt0368343/?ref_=sr_t_569,2004,1h 28m,R,4.6,1.6K
570. The Japanese Wife Next Door: Part 2,https://www.imdb.com/title/tt1439455/?ref_=sr_t_570,2004,1h 1m,Not Rated,4.2,334
571. Hulchul,https://www.imdb.com/title/tt0437238/?ref_=sr_t_571,2004,2h 29m,Not Rated,7.1,9.7K
572. Happily Ever After,https://www.imdb.com/title/tt0381270/?ref_=sr_t_572,2004,1h 40m,Unrated,6.4,5.5K
573. The Last Trapper,https://www.imdb.com/title/tt0395514/?ref_=sr_t_573,2004,1h 34m,,7.0,1.8K
574. King's Game,https://www.imdb.com/title/tt0378215/?ref_=sr_t_574,2004,1h 47m,Not Rated,7.3,4.9K
575. A Killer Within,https://www.imdb.com/title/tt0385813/?ref_=sr_t_575,2004,1h 50m,R,5.0,882
576. Cash Truck,https://www.imdb.com/title/tt0347330/?ref_=sr_t_576,2004,1h 35m,Not Rated,6.5,4.5K
577. Naked Twins,https://www.imdb.com/title/tt12139764/?ref_=sr_t_577,2004,1h 30m,,6.1,48
578. Dead Birds,https://www.imdb.com/title/tt0377749/?ref_=sr_t_578,2004,1h 31m,R,5.6,11K
579. The Hazing,https://www.imdb.com/title/tt0366555/?ref_=sr_t_579,2004,1h 27m,R,5.4,2K
580. Chestnut: Hero of Central Park,https://www.imdb.com/title/tt0387925/?ref_=sr_t_580,2004,1h 27m,G,5.8,1.6K
581. Murder-Set-Pieces,https://www.imdb.com/title/tt0422779/?ref_=sr_t_581,2004,1h 45m,R,3.7,4.6K
582. 36th Precinct,https://www.imdb.com/title/tt0390808/?ref_=sr_t_582,2004,1h 51m,Not Rated,7.1,19K
583. Uno,https://www.imdb.com/title/tt0384639/?ref_=sr_t_583,2004,1h 43m,Not Rated,6.8,4.6K
"584. When I Grow Up, I'll Be a Kangaroo",https://www.imdb.com/title/tt0383846/?ref_=sr_t_584,2004,1h 32m,,8.4,12K
585. Renegade,https://www.imdb.com/title/tt0276830/?ref_=sr_t_585,2004,2h 4m,R,5.2,12K
586. Murder,https://www.imdb.com/title/tt0405507/?ref_=sr_t_586,2004,2h 10m,Not Rated,5.5,4.5K
587. Wake of Death,https://www.imdb.com/title/tt0367478/?ref_=sr_t_587,2004,1h 31m,R,5.5,10K
588. Swing Girls,https://www.imdb.com/title/tt0435434/?ref_=sr_t_588,2004,1h 44m,,7.5,5K
589. Ju-rei: Gekijô-ban - Kuro-ju-rei,https://www.imdb.com/title/tt0445483/?ref_=sr_t_589,2004,1h 16m,Not Rated,5.0,538
590. Dead Leaves,https://www.imdb.com/title/tt0439533/?ref_=sr_t_590,2004,55m,Not Rated,7.1,4.6K
591. Raincoat,https://www.imdb.com/title/tt0405266/?ref_=sr_t_591,2004,1h 57m,Not Rated,7.7,5.3K
592. Dracula 3000,https://www.imdb.com/title/tt0367677/?ref_=sr_t_592,2004,1h 26m,R,2.1,6.7K
593. LolliLove,https://www.imdb.com/title/tt0316187/?ref_=sr_t_593,2004,1h 4m,Not Rated,6.1,1.6K
594. The Halfway House,https://www.imdb.com/title/tt0390073/?ref_=sr_t_594,2004,1h 30m,R,4.3,1.1K
595. The Hand,https://www.imdb.com/title/tt15165236/?ref_=sr_t_595,2004,56m,,7.4,1.1K
596. Arya,https://www.imdb.com/title/tt0431619/?ref_=sr_t_596,2004,2h 31m,,7.8,8.4K
597. Life Is a Miracle,https://www.imdb.com/title/tt0322420/?ref_=sr_t_597,2004,2h 35m,Not Rated,7.5,14K
598. (T)Raumschiff Surprise - Periode 1,https://www.imdb.com/title/tt0349047/?ref_=sr_t_598,2004,1h 27m,,5.5,17K
599. Strange Bedfellows,https://www.imdb.com/title/tt0360032/?ref_=sr_t_599,2004,1h 40m,R,6.2,2K
600. Post Impact,https://www.imdb.com/title/tt0362942/?ref_=sr_t_600,2004,1h 35m,R,3.3,2.5K
