Title,Movie Link,Year,Duration,MPA,Rating,Votes
1. Saving Private Ryan,https://www.imdb.com/title/tt0120815/?ref_=sr_t_1,1998,2h 49m,R,8.6,1.5M
2. Armageddon,https://www.imdb.com/title/tt0120591/?ref_=sr_t_2,1998,2h 31m,PG-13,6.7,461K
3. There's Something About Mary,https://www.imdb.com/title/tt0129387/?ref_=sr_t_3,1998,1h 59m,R,7.1,336K
4. A Bug's Life,https://www.imdb.com/title/tt0120623/?ref_=sr_t_4,1998,1h 35m,G,7.2,322K
5. The Waterboy,https://www.imdb.com/title/tt0120484/?ref_=sr_t_5,1998,1h 30m,PG-13,6.2,183K
6. Doctor Dolittle,https://www.imdb.com/title/tt0118998/?ref_=sr_t_6,1998,1h 25m,PG-13,5.4,104K
7. Rush Hour,https://www.imdb.com/title/tt0120812/?ref_=sr_t_7,1998,1h 38m,PG-13,7.0,305K
8. Deep Impact,https://www.imdb.com/title/tt0120647/?ref_=sr_t_8,1998,2h,PG-13,6.3,195K
9. Godzilla,https://www.imdb.com/title/tt0120685/?ref_=sr_t_9,1998,2h 19m,PG-13,5.5,207K
10. Patch Adams,https://www.imdb.com/title/tt0129290/?ref_=sr_t_10,1998,1h 55m,PG-13,6.8,125K
11. Lethal Weapon 4,https://www.imdb.com/title/tt0122151/?ref_=sr_t_11,1998,2h 7m,R,6.6,175K
12. The Truman Show,https://www.imdb.com/title/tt0120382/?ref_=sr_t_12,1998,1h 43m,PG,8.2,1.2M
13. Mulan,https://www.imdb.com/title/tt0120762/?ref_=sr_t_13,1998,1h 27m,G,7.7,326K
14. You've Got Mail,https://www.imdb.com/title/tt0128853/?ref_=sr_t_14,1998,1h 59m,PG,6.7,235K
15. Enemy of the State,https://www.imdb.com/title/tt0120660/?ref_=sr_t_15,1998,2h 12m,R,7.3,264K
16. The Prince of Egypt,https://www.imdb.com/title/tt0120794/?ref_=sr_t_16,1998,1h 39m,PG,7.2,152K
17. The Rugrats Movie,https://www.imdb.com/title/tt0134067/?ref_=sr_t_17,1998,1h 19m,G,5.9,21K
18. Shakespeare in Love,https://www.imdb.com/title/tt0138097/?ref_=sr_t_18,1998,2h 3m,R,7.1,237K
19. The Mask of Zorro,https://www.imdb.com/title/tt0120746/?ref_=sr_t_19,1998,2h 16m,PG-13,6.8,202K
20. Stepmom,https://www.imdb.com/title/tt0120686/?ref_=sr_t_20,1998,2h 5m,PG-13,6.8,77K
21. Antz,https://www.imdb.com/title/tt0120587/?ref_=sr_t_21,1998,1h 23m,PG,6.5,166K
22. Pokémon: The First Movie - Mewtwo Strikes Back,https://www.imdb.com/title/tt0190641/?ref_=sr_t_22,1998,1h 36m,G,6.3,47K
23. The X Files,https://www.imdb.com/title/tt0120902/?ref_=sr_t_23,1998,2h 1m,PG-13,7.0,112K
24. The Wedding Singer,https://www.imdb.com/title/tt0120888/?ref_=sr_t_24,1998,1h 37m,PG-13,6.9,166K
25. City of Angels,https://www.imdb.com/title/tt0120632/?ref_=sr_t_25,1998,1h 54m,PG-13,6.7,130K
26. The Horse Whisperer,https://www.imdb.com/title/tt0119314/?ref_=sr_t_26,1998,2h 49m,PG-13,6.7,44K
27. Six Days Seven Nights,https://www.imdb.com/title/tt0120828/?ref_=sr_t_27,1998,1h 42m,PG-13,5.9,85K
28. Star Trek: Insurrection,https://www.imdb.com/title/tt0120844/?ref_=sr_t_28,1998,1h 43m,PG,6.4,81K
29. Blade,https://www.imdb.com/title/tt0120611/?ref_=sr_t_29,1998,2h,R,7.1,312K
30. Lost in Space,https://www.imdb.com/title/tt0120738/?ref_=sr_t_30,1998,2h 10m,PG-13,5.2,76K
31. A Perfect Murder,https://www.imdb.com/title/tt0120787/?ref_=sr_t_31,1998,1h 47m,R,6.6,94K
32. The Parent Trap,https://www.imdb.com/title/tt0120783/?ref_=sr_t_32,1998,2h 8m,PG,6.7,161K
33. Ever After: A Cinderella Story,https://www.imdb.com/title/tt0120631/?ref_=sr_t_33,1998,2h 1m,PG-13,7.1,83K
34. Hope Floats,https://www.imdb.com/title/tt0119313/?ref_=sr_t_34,1998,1h 54m,PG-13,6.0,31K
35. U.S. Marshals,https://www.imdb.com/title/tt0120873/?ref_=sr_t_35,1998,2h 11m,PG-13,6.6,116K
36. The Man in the Iron Mask,https://www.imdb.com/title/tt0120744/?ref_=sr_t_36,1998,2h 12m,PG-13,6.5,182K
37. A Civil Action,https://www.imdb.com/title/tt0120633/?ref_=sr_t_37,1998,1h 55m,PG-13,6.6,32K
38. Snake Eyes,https://www.imdb.com/title/tt0120832/?ref_=sr_t_38,1998,1h 38m,R,6.1,89K
39. What Dreams May Come,https://www.imdb.com/title/tt0120889/?ref_=sr_t_39,1998,1h 53m,PG-13,7.0,116K
40. Halloween H20: 20 Years Later,https://www.imdb.com/title/tt0120694/?ref_=sr_t_40,1998,1h 26m,R,5.8,85K
41. Small Soldiers,https://www.imdb.com/title/tt0122718/?ref_=sr_t_41,1998,1h 50m,PG-13,6.3,108K
42. T-Rex: Back to the Cretaceous,https://www.imdb.com/title/tt0163862/?ref_=sr_t_42,1998,45m,,4.8,804
43. Mighty Joe Young,https://www.imdb.com/title/tt0120751/?ref_=sr_t_43,1998,1h 54m,PG,5.7,31K
44. Practical Magic,https://www.imdb.com/title/tt0120791/?ref_=sr_t_44,1998,1h 44m,PG-13,6.3,99K
45. Meet Joe Black,https://www.imdb.com/title/tt0119643/?ref_=sr_t_45,1998,2h 58m,PG-13,7.2,274K
46. The Negotiator,https://www.imdb.com/title/tt0120768/?ref_=sr_t_46,1998,2h 20m,R,7.3,159K
47. Ronin,https://www.imdb.com/title/tt0122690/?ref_=sr_t_47,1998,2h 2m,R,7.2,199K
48. The Siege,https://www.imdb.com/title/tt0133952/?ref_=sr_t_48,1998,1h 56m,R,6.4,80K
49. Pleasantville,https://www.imdb.com/title/tt0120789/?ref_=sr_t_49,1998,2h 4m,PG-13,7.5,139K
50. The Faculty,https://www.imdb.com/title/tt0133751/?ref_=sr_t_50,1998,1h 44m,R,6.6,140K
51. I Still Know What You Did Last Summer,https://www.imdb.com/title/tt0130018/?ref_=sr_t_51,1998,1h 40m,R,4.8,81K
52. Primary Colors,https://www.imdb.com/title/tt0119942/?ref_=sr_t_52,1998,2h 23m,R,6.7,31K
53. Urban Legend,https://www.imdb.com/title/tt0146336/?ref_=sr_t_53,1998,1h 39m,R,5.6,74K
54. How Stella Got Her Groove Back,https://www.imdb.com/title/tt0120703/?ref_=sr_t_54,1998,2h 4m,R,5.7,8.5K
55. Out of Sight,https://www.imdb.com/title/tt0120780/?ref_=sr_t_55,1998,2h 3m,R,7.0,102K
56. Sphere,https://www.imdb.com/title/tt0120184/?ref_=sr_t_56,1998,2h 14m,PG-13,6.1,115K
57. The Thin Red Line,https://www.imdb.com/title/tt0120863/?ref_=sr_t_57,1998,2h 50m,R,7.6,204K
58. Jack Frost,https://www.imdb.com/title/tt0141109/?ref_=sr_t_58,1998,1h 41m,PG,5.5,43K
59. Mercury Rising,https://www.imdb.com/title/tt0120749/?ref_=sr_t_59,1998,1h 51m,R,6.1,79K
60. Bride of Chucky,https://www.imdb.com/title/tt0144120/?ref_=sr_t_60,1998,1h 29m,R,5.6,67K
61. A Night at the Roxbury,https://www.imdb.com/title/tt0120770/?ref_=sr_t_61,1998,1h 22m,PG-13,6.2,66K
62. Wild Things,https://www.imdb.com/title/tt0120890/?ref_=sr_t_62,1998,1h 48m,R,6.6,134K
63. Elizabeth,https://www.imdb.com/title/tt0127536/?ref_=sr_t_63,1998,2h 4m,R,7.4,107K
64. Madeline,https://www.imdb.com/title/tt0123987/?ref_=sr_t_64,1998,1h 28m,PG,6.0,8.2K
65. The Object of My Affection,https://www.imdb.com/title/tt0120772/?ref_=sr_t_65,1998,1h 51m,R,6.0,22K
66. The Big Hit,https://www.imdb.com/title/tt0120609/?ref_=sr_t_66,1998,1h 31m,R,6.1,32K
67. Paulie,https://www.imdb.com/title/tt0125454/?ref_=sr_t_67,1998,1h 31m,PG,6.5,17K
68. Bulworth,https://www.imdb.com/title/tt0118798/?ref_=sr_t_68,1998,1h 48m,R,6.8,28K
69. Great Expectations,https://www.imdb.com/title/tt0119223/?ref_=sr_t_69,1998,1h 51m,R,6.8,58K
70. Can't Hardly Wait,https://www.imdb.com/title/tt0127723/?ref_=sr_t_70,1998,1h 40m,PG-13,6.5,55K
71. Fallen,https://www.imdb.com/title/tt0119099/?ref_=sr_t_71,1998,2h 4m,R,7.0,96K
72. Waking Ned Devine,https://www.imdb.com/title/tt0166396/?ref_=sr_t_72,1998,1h 31m,PG,7.3,29K
73. The Avengers,https://www.imdb.com/title/tt0118661/?ref_=sr_t_73,1998,1h 29m,PG-13,3.8,46K
74. One True Thing,https://www.imdb.com/title/tt0120776/?ref_=sr_t_74,1998,2h 7m,R,6.9,13K
75. The Players Club,https://www.imdb.com/title/tt0119905/?ref_=sr_t_75,1998,1h 44m,R,5.8,7.5K
76. Rounders,https://www.imdb.com/title/tt0128442/?ref_=sr_t_76,1998,2h 1m,R,7.3,163K
77. Beloved,https://www.imdb.com/title/tt0120603/?ref_=sr_t_77,1998,2h 52m,R,6.1,9.7K
78. Quest for Camelot,https://www.imdb.com/title/tt0120800/?ref_=sr_t_78,1998,1h 26m,G,6.3,19K
79. He Got Game,https://www.imdb.com/title/tt0124718/?ref_=sr_t_79,1998,2h 16m,R,6.9,53K
80. Psycho,https://www.imdb.com/title/tt0155975/?ref_=sr_t_80,1998,1h 45m,R,4.6,51K
81. Vampires,https://www.imdb.com/title/tt0120877/?ref_=sr_t_81,1998,1h 48m,R,6.1,65K
82. Mafia!,https://www.imdb.com/title/tt0120741/?ref_=sr_t_82,1998,1h 27m,PG-13,5.5,16K
83. Hard Rain,https://www.imdb.com/title/tt0120696/?ref_=sr_t_83,1998,1h 37m,R,5.9,38K
84. The Big Lebowski,https://www.imdb.com/title/tt0118715/?ref_=sr_t_84,1998,1h 57m,R,8.1,880K
85. Species II,https://www.imdb.com/title/tt0120841/?ref_=sr_t_85,1998,1h 33m,R,4.5,32K
86. The Replacement Killers,https://www.imdb.com/title/tt0120008/?ref_=sr_t_86,1998,1h 27m,R,6.1,31K
87. The Odd Couple II,https://www.imdb.com/title/tt0120773/?ref_=sr_t_87,1998,1h 37m,PG-13,6.4,11K
88. Babe: Pig in the City,https://www.imdb.com/title/tt0120595/?ref_=sr_t_88,1998,1h 37m,PG,5.8,36K
89. Simon Birch,https://www.imdb.com/title/tt0124879/?ref_=sr_t_89,1998,1h 54m,PG,6.8,22K
90. Disturbing Behavior,https://www.imdb.com/title/tt0134619/?ref_=sr_t_90,1998,1h 24m,R,5.6,26K
91. Half Baked,https://www.imdb.com/title/tt0120693/?ref_=sr_t_91,1998,1h 22m,R,6.6,69K
92. Rushmore,https://www.imdb.com/title/tt0128445/?ref_=sr_t_92,1998,1h 33m,R,7.6,201K
93. 54,https://www.imdb.com/title/tt0120577/?ref_=sr_t_93,1998,1h 33m,R,5.9,35K
94. A Simple Plan,https://www.imdb.com/title/tt0120324/?ref_=sr_t_94,1998,2h 1m,R,7.5,78K
95. Dance with Me,https://www.imdb.com/title/tt0120576/?ref_=sr_t_95,1998,2h 6m,PG,5.9,7K
96. Dead Man on Campus,https://www.imdb.com/title/tt0118301/?ref_=sr_t_96,1998,1h 36m,R,6.0,17K
97. Twilight,https://www.imdb.com/title/tt0119594/?ref_=sr_t_97,1998,1h 34m,R,6.2,14K
98. Soldier,https://www.imdb.com/title/tt0120157/?ref_=sr_t_98,1998,1h 39m,R,6.0,61K
99. Dark City,https://www.imdb.com/title/tt0118929/?ref_=sr_t_99,1998,1h 40m,R,7.6,217K
100. Les Misérables,https://www.imdb.com/title/tt0119683/?ref_=sr_t_100,1998,2h 14m,PG-13,7.4,44K
101. Blues Brothers 2000,https://www.imdb.com/title/tt0118747/?ref_=sr_t_101,1998,2h 3m,PG-13,4.9,35K
102. Desperate Measures,https://www.imdb.com/title/tt0118966/?ref_=sr_t_102,1998,1h 40m,R,6.1,18K
103. Hush,https://www.imdb.com/title/tt0118744/?ref_=sr_t_103,1998,1h 36m,PG-13,5.5,14K
104. Black Dog,https://www.imdb.com/title/tt0120610/?ref_=sr_t_104,1998,1h 29m,PG-13,5.5,10K
105. Living Out Loud,https://www.imdb.com/title/tt0120722/?ref_=sr_t_105,1998,1h 40m,R,6.5,5.1K
106. Senseless,https://www.imdb.com/title/tt0120820/?ref_=sr_t_106,1998,1h 33m,R,6.0,18K
107. Why Do Fools Fall in Love,https://www.imdb.com/title/tt0123324/?ref_=sr_t_107,1998,1h 56m,R,6.4,4.7K
108. Barney's Great Adventure,https://www.imdb.com/title/tt0120598/?ref_=sr_t_108,1998,1h 16m,G,3.3,3.7K
109. I'll Be Home for Christmas,https://www.imdb.com/title/tt0155753/?ref_=sr_t_109,1998,1h 26m,PG,5.5,13K
110. Holy Man,https://www.imdb.com/title/tt0120701/?ref_=sr_t_110,1998,1h 54m,PG,5.0,21K
111. Sliding Doors,https://www.imdb.com/title/tt0120148/?ref_=sr_t_111,1998,1h 39m,PG-13,6.7,73K
112. Deep Rising,https://www.imdb.com/title/tt0118956/?ref_=sr_t_112,1998,1h 46m,R,6.1,42K
113. Fear and Loathing in Las Vegas,https://www.imdb.com/title/tt0120669/?ref_=sr_t_113,1998,1h 58m,R,7.5,307K
114. Home Fries,https://www.imdb.com/title/tt0119304/?ref_=sr_t_114,1998,1h 31m,PG-13,5.1,9.1K
115. The Newton Boys,https://www.imdb.com/title/tt0120769/?ref_=sr_t_115,1998,2h 2m,PG-13,6.1,13K
116. Knock Off,https://www.imdb.com/title/tt0120724/?ref_=sr_t_116,1998,1h 31m,R,4.9,17K
117. I Got the Hook Up,https://www.imdb.com/title/tt0131436/?ref_=sr_t_117,1998,1h 33m,R,4.1,2.5K
118. Air Bud: Golden Receiver,https://www.imdb.com/title/tt0140796/?ref_=sr_t_118,1998,1h 30m,G,4.5,6.4K
119. Dirty Work,https://www.imdb.com/title/tt0120654/?ref_=sr_t_119,1998,1h 22m,PG-13,6.4,31K
120. The Red Violin,https://www.imdb.com/title/tt0120802/?ref_=sr_t_120,1998,2h 10m,R,7.6,35K
121. Very Bad Things,https://www.imdb.com/title/tt0124198/?ref_=sr_t_121,1998,1h 40m,R,6.3,50K
122. Belly,https://www.imdb.com/title/tt0158493/?ref_=sr_t_122,1998,1h 36m,R,6.2,13K
123. Wrongfully Accused,https://www.imdb.com/title/tt0120901/?ref_=sr_t_123,1998,1h 27m,PG-13,6.0,30K
124. Ringmaster,https://www.imdb.com/title/tt0165494/?ref_=sr_t_124,1998,1h 30m,R,3.3,5.4K
125. Apt Pupil,https://www.imdb.com/title/tt0118636/?ref_=sr_t_125,1998,1h 51m,R,6.7,43K
126. Return to Paradise,https://www.imdb.com/title/tt0124595/?ref_=sr_t_126,1998,1h 51m,R,6.9,16K
127. Firestorm,https://www.imdb.com/title/tt0120670/?ref_=sr_t_127,1998,1h 29m,R,4.8,4.4K
128. My Giant,https://www.imdb.com/title/tt0120765/?ref_=sr_t_128,1998,1h 43m,PG,5.0,7.3K
129. Woo,https://www.imdb.com/title/tt0120531/?ref_=sr_t_129,1998,1h 24m,R,4.2,2.3K
130. Run Lola Run,https://www.imdb.com/title/tt0130827/?ref_=sr_t_130,1998,1h 20m,R,7.6,211K
131. Krippendorf's Tribe,https://www.imdb.com/title/tt0120725/?ref_=sr_t_131,1998,1h 34m,PG-13,5.1,6.5K
132. BASEketball,https://www.imdb.com/title/tt0131857/?ref_=sr_t_132,1998,1h 43m,R,6.5,67K
133. Caught Up,https://www.imdb.com/title/tt0119988/?ref_=sr_t_133,1998,1h 37m,R,5.4,1.1K
134. Smoke Signals,https://www.imdb.com/title/tt0120321/?ref_=sr_t_134,1998,1h 29m,PG-13,7.2,13K
135. American History X,https://www.imdb.com/title/tt0120586/?ref_=sr_t_135,1998,1h 59m,R,8.5,1.2M
136. Gods and Monsters,https://www.imdb.com/title/tt0120684/?ref_=sr_t_136,1998,1h 45m,R,7.3,33K
137. Croupier,https://www.imdb.com/title/tt0159382/?ref_=sr_t_137,1998,1h 34m,Not Rated,7.0,24K
138. Almost Heroes,https://www.imdb.com/title/tt0119053/?ref_=sr_t_138,1998,1h 30m,PG-13,5.8,18K
139. Les Boys II,https://www.imdb.com/title/tt0137401/?ref_=sr_t_139,1998,2h,,6.2,1.6K
140. Central Station,https://www.imdb.com/title/tt0140888/?ref_=sr_t_140,1998,1h 50m,R,8.0,44K
141. The Opposite of Sex,https://www.imdb.com/title/tt0120777/?ref_=sr_t_141,1998,1h 45m,R,6.4,22K
142. Palmetto,https://www.imdb.com/title/tt0120782/?ref_=sr_t_142,1998,1h 54m,R,6.1,8.7K
143. Down in the Delta,https://www.imdb.com/title/tt0142231/?ref_=sr_t_143,1998,1h 52m,PG-13,6.9,1.9K
144. Phantoms,https://www.imdb.com/title/tt0119891/?ref_=sr_t_144,1998,1h 36m,R,5.4,23K
145. Slums of Beverly Hills,https://www.imdb.com/title/tt0120831/?ref_=sr_t_145,1998,1h 31m,R,6.7,15K
146. Ride,https://www.imdb.com/title/tt0120707/?ref_=sr_t_146,1998,1h 30m,R,4.4,854
147. Celebrity,https://www.imdb.com/title/tt0120533/?ref_=sr_t_147,1998,1h 53m,R,6.3,29K
148. Hilary and Jackie,https://www.imdb.com/title/tt0150915/?ref_=sr_t_148,1998,2h 1m,R,7.3,11K
149. Your Friends and Neighbors,https://www.imdb.com/title/tt0119517/?ref_=sr_t_149,1998,1h 40m,R,6.3,8.4K
150. Little Voice,https://www.imdb.com/title/tt0147004/?ref_=sr_t_150,1998,1h 37m,R,7.0,17K
151. Dangerous Beauty,https://www.imdb.com/title/tt0118892/?ref_=sr_t_151,1998,1h 51m,R,7.1,20K
152. Meet the Deedles,https://www.imdb.com/title/tt0120645/?ref_=sr_t_152,1998,1h 33m,PG,4.1,3.2K
153. Kissing a Fool,https://www.imdb.com/title/tt0120723/?ref_=sr_t_153,1998,1h 33m,R,5.5,5.5K
154. Le Dîner de Cons,https://www.imdb.com/title/tt0119038/?ref_=sr_t_154,1998,1h 20m,PG-13,7.6,46K
155. Playing by Heart,https://www.imdb.com/title/tt0145734/?ref_=sr_t_155,1998,2h 1m,R,6.9,21K
"156. Lock, Stock and Two Smoking Barrels",https://www.imdb.com/title/tt0120735/?ref_=sr_t_156,1998,1h 47m,R,8.1,629K
157. The Governess,https://www.imdb.com/title/tt0120687/?ref_=sr_t_157,1998,1h 55m,R,6.2,3.3K
158. Major League: Back to the Minors,https://www.imdb.com/title/tt0120742/?ref_=sr_t_158,1998,1h 40m,PG-13,4.7,8.3K
159. Next Stop Wonderland,https://www.imdb.com/title/tt0119778/?ref_=sr_t_159,1998,1h 44m,R,6.6,5.2K
160. Pi,https://www.imdb.com/title/tt0138704/?ref_=sr_t_160,1998,1h 24m,R,7.3,188K
161. The Last Days of Disco,https://www.imdb.com/title/tt0120728/?ref_=sr_t_161,1998,1h 53m,R,6.7,15K
162. Happiness,https://www.imdb.com/title/tt0147612/?ref_=sr_t_162,1998,2h 14m,NC-17,7.7,76K
163. Freeriders,https://www.imdb.com/title/tt0168808/?ref_=sr_t_163,1998,1h 26m,Not Rated,7.4,56
164. The Mighty,https://www.imdb.com/title/tt0119670/?ref_=sr_t_164,1998,1h 40m,PG-13,7.2,14K
165. Buffalo '66,https://www.imdb.com/title/tt0118789/?ref_=sr_t_165,1998,1h 50m,R,7.4,63K
166. Mark Twain's America in,https://www.imdb.com/title/tt0119621/?ref_=sr_t_166,1998,52m,G,6.4,57
167. Dancing at Lughnasa,https://www.imdb.com/title/tt0120643/?ref_=sr_t_167,1998,1h 35m,PG,6.3,4.2K
168. Hav Plenty,https://www.imdb.com/title/tt0126938/?ref_=sr_t_168,1998,1h 32m,R,6.3,1.2K
169. Pecker,https://www.imdb.com/title/tt0126604/?ref_=sr_t_169,1998,1h 27m,R,6.3,15K
170. Autumn Tale,https://www.imdb.com/title/tt0137439/?ref_=sr_t_170,1998,1h 52m,PG,7.4,6.5K
171. The Impostors,https://www.imdb.com/title/tt0120823/?ref_=sr_t_171,1998,1h 41m,R,6.5,5.4K
172. Tarzan and the Lost City,https://www.imdb.com/title/tt0120856/?ref_=sr_t_172,1998,1h 23m,PG,4.0,2.4K
173. Zero Effect,https://www.imdb.com/title/tt0120906/?ref_=sr_t_173,1998,1h 56m,R,6.9,16K
174. Billy's Hollywood Screen Kiss,https://www.imdb.com/title/tt0137386/?ref_=sr_t_174,1998,1h 32m,R,6.6,4K
175. Besieged,https://www.imdb.com/title/tt0149723/?ref_=sr_t_175,1998,1h 33m,R,6.8,5.3K
176. High Art,https://www.imdb.com/title/tt0139362/?ref_=sr_t_176,1998,1h 41m,R,6.6,11K
177. Goodbye Lover,https://www.imdb.com/title/tt0119219/?ref_=sr_t_177,1998,1h 42m,R,5.6,4.4K
178. Tango,https://www.imdb.com/title/tt0120274/?ref_=sr_t_178,1998,1h 55m,PG-13,7.0,3.1K
179. Hurlyburly,https://www.imdb.com/title/tt0119336/?ref_=sr_t_179,1998,2h 2m,R,5.8,11K
180. Clay Pigeons,https://www.imdb.com/title/tt0118863/?ref_=sr_t_180,1998,1h 44m,R,6.6,12K
181. A Soldier's Daughter Never Cries,https://www.imdb.com/title/tt0120835/?ref_=sr_t_181,1998,2h 7m,R,6.8,2.5K
182. The Dreamlife of Angels,https://www.imdb.com/title/tt0120449/?ref_=sr_t_182,1998,1h 53m,R,7.4,7.8K
183. The Life and Times of Hank Greenberg,https://www.imdb.com/title/tt0208261/?ref_=sr_t_183,1998,1h 30m,PG,7.6,821
184. The Gingerbread Man,https://www.imdb.com/title/tt0119196/?ref_=sr_t_184,1998,1h 54m,R,5.7,12K
185. The Celebration,https://www.imdb.com/title/tt0154420/?ref_=sr_t_185,1998,1h 41m,R,8.0,96K
186. In God's Hands,https://www.imdb.com/title/tt0140282/?ref_=sr_t_186,1998,1h 36m,PG-13,5.4,1.3K
187. Cousin Bette,https://www.imdb.com/title/tt0118894/?ref_=sr_t_187,1998,1h 48m,R,6.2,2.9K
188. The Emperor and the Assassin,https://www.imdb.com/title/tt0162866/?ref_=sr_t_188,1998,2h 42m,R,7.2,6.5K
189. Hideous Kinky,https://www.imdb.com/title/tt0136244/?ref_=sr_t_189,1998,1h 38m,R,6.0,7K
190. One Tough Cop,https://www.imdb.com/title/tt0122642/?ref_=sr_t_190,1998,1h 30m,R,5.1,1.3K
191. The General,https://www.imdb.com/title/tt0120706/?ref_=sr_t_191,1998,2h 4m,R,7.2,9.4K
192. Permanent Midnight,https://www.imdb.com/title/tt0120788/?ref_=sr_t_192,1998,1h 28m,R,6.2,8.1K
193. Get Real,https://www.imdb.com/title/tt0162973/?ref_=sr_t_193,1998,1h 48m,R,7.5,15K
194. A Price Above Rubies,https://www.imdb.com/title/tt0120793/?ref_=sr_t_194,1998,1h 57m,R,6.5,3K
195. This Is My Father,https://www.imdb.com/title/tt0120865/?ref_=sr_t_195,1998,1h 59m,R,6.9,1.9K
196. Left Luggage,https://www.imdb.com/title/tt0119512/?ref_=sr_t_196,1998,1h 40m,Unrated,7.3,3K
197. Velvet Goldmine,https://www.imdb.com/title/tt0120879/?ref_=sr_t_197,1998,1h 58m,R,6.9,39K
198. Another Day in Paradise,https://www.imdb.com/title/tt0127722/?ref_=sr_t_198,1998,1h 41m,R,6.5,9.4K
199. Xiu Xiu: The Sent-Down Girl,https://www.imdb.com/title/tt0115005/?ref_=sr_t_199,1998,1h 39m,R,7.5,3.7K
200. Slam,https://www.imdb.com/title/tt0139615/?ref_=sr_t_200,1998,1h 40m,R,7.0,2.5K
201. Strike!,https://www.imdb.com/title/tt0120692/?ref_=sr_t_201,1998,1h 37m,PG-13,6.6,7.8K
202. Place Vendôme,https://www.imdb.com/title/tt0119901/?ref_=sr_t_202,1998,1h 57m,R,6.2,2.7K
203. The Other Conquest,https://www.imdb.com/title/tt0175996/?ref_=sr_t_203,1998,1h 45m,R,6.6,1.2K
204. Edge of Seventeen,https://www.imdb.com/title/tt0138414/?ref_=sr_t_204,1998,1h 39m,TV-MA,6.8,7.2K
205. Illuminata,https://www.imdb.com/title/tt0120709/?ref_=sr_t_205,1998,1h 59m,R,6.0,1.8K
206. After Life,https://www.imdb.com/title/tt0165078/?ref_=sr_t_206,1998,1h 59m,Not Rated,7.6,14K
207. Without Limits,https://www.imdb.com/title/tt0119934/?ref_=sr_t_207,1998,1h 57m,PG-13,7.2,7.7K
208. Strangeland,https://www.imdb.com/title/tt0124102/?ref_=sr_t_208,1998,1h 25m,R,5.1,8K
209. Polish Wedding,https://www.imdb.com/title/tt0119910/?ref_=sr_t_209,1998,1h 45m,PG-13,5.5,3.5K
"210. Dancer, Texas Pop. 81",https://www.imdb.com/title/tt0118925/?ref_=sr_t_210,1998,1h 37m,PG,6.7,2.6K
211. Kurt & Courtney,https://www.imdb.com/title/tt0138563/?ref_=sr_t_211,1998,1h 35m,R,6.1,7.4K
212. Last Night,https://www.imdb.com/title/tt0156729/?ref_=sr_t_212,1998,1h 35m,R,7.1,10K
213. 20 Dates,https://www.imdb.com/title/tt0138987/?ref_=sr_t_213,1998,1h 27m,R,5.6,1.8K
214. Still Crazy,https://www.imdb.com/title/tt0149151/?ref_=sr_t_214,1998,1h 35m,R,7.0,9.1K
215. Alice and Martin,https://www.imdb.com/title/tt0176422/?ref_=sr_t_215,1998,2h 4m,R,6.2,1.9K
216. Just the Ticket,https://www.imdb.com/title/tt0123221/?ref_=sr_t_216,1998,1h 55m,R,5.6,2.1K
217. Earth,https://www.imdb.com/title/tt0150433/?ref_=sr_t_217,1998,1h 50m,Not Rated,7.6,8.2K
218. The Last Days,https://www.imdb.com/title/tt0174852/?ref_=sr_t_218,1998,1h 27m,PG-13,7.9,6K
219. The School of Flesh,https://www.imdb.com/title/tt0157208/?ref_=sr_t_219,1998,1h 41m,R,6.5,1.6K
220. Gang Land,https://www.imdb.com/title/tt0151905/?ref_=sr_t_220,1998,1h 37m,R,4.3,966
221. Head On,https://www.imdb.com/title/tt0138487/?ref_=sr_t_221,1998,1h 44m,Not Rated,6.5,4.7K
222. 3 Ninjas: High Noon at Mega Mountain,https://www.imdb.com/title/tt0118539/?ref_=sr_t_222,1998,1h 33m,PG,3.0,13K
223. My Name Is Joe,https://www.imdb.com/title/tt0151691/?ref_=sr_t_223,1998,1h 45m,R,7.4,9.1K
224. Love Is the Devil: Study for a Portrait of Francis Bacon,https://www.imdb.com/title/tt0119577/?ref_=sr_t_224,1998,1h 27m,Unrated,6.5,4.1K
"225. Black Cat, White Cat",https://www.imdb.com/title/tt0118843/?ref_=sr_t_225,1998,2h 7m,R,8.0,57K
226. Monument Ave.,https://www.imdb.com/title/tt0119802/?ref_=sr_t_226,1998,1h 33m,R,6.6,1.9K
227. Lovers of the Arctic Circle,https://www.imdb.com/title/tt0133363/?ref_=sr_t_227,1998,1h 52m,R,7.6,20K
228. Under the Sun,https://www.imdb.com/title/tt0158302/?ref_=sr_t_228,1998,2h 10m,,6.8,3.1K
229. Whatever,https://www.imdb.com/title/tt0140688/?ref_=sr_t_229,1998,1h 52m,R,6.4,1.1K
230. SLC Punk!,https://www.imdb.com/title/tt0133189/?ref_=sr_t_230,1998,1h 37m,R,7.4,34K
231. Wide Awake,https://www.imdb.com/title/tt0120510/?ref_=sr_t_231,1998,1h 28m,PG,5.8,4.7K
232. Twice Upon a Yesterday,https://www.imdb.com/title/tt0138590/?ref_=sr_t_232,1998,1h 31m,R,6.1,2.8K
233. Beefcake,https://www.imdb.com/title/tt0187712/?ref_=sr_t_233,1998,1h 31m,,6.7,1.1K
234. Dancemaker,https://www.imdb.com/title/tt0175550/?ref_=sr_t_234,1998,1h 38m,,7.1,147
235. A Place Called Chiapas,https://www.imdb.com/title/tt0145394/?ref_=sr_t_235,1998,1h 29m,Not Rated,7.4,408
236. Dog Park,https://www.imdb.com/title/tt0129884/?ref_=sr_t_236,1998,1h 31m,R,5.2,2.4K
237. The Land Girls,https://www.imdb.com/title/tt0119494/?ref_=sr_t_237,1998,1h 51m,R,6.2,2.2K
238. No Looking Back,https://www.imdb.com/title/tt0119560/?ref_=sr_t_238,1998,1h 36m,R,5.9,2.2K
239. The Tic Code,https://www.imdb.com/title/tt0165986/?ref_=sr_t_239,1998,1h 31m,R,6.7,494
240. Cleopatra's Second Husband,https://www.imdb.com/title/tt0146562/?ref_=sr_t_240,1998,1h 32m,R,4.5,619
241. Show Me Love,https://www.imdb.com/title/tt0150662/?ref_=sr_t_241,1998,1h 29m,Not Rated,7.5,56K
242. The Legend of 1900,https://www.imdb.com/title/tt0120731/?ref_=sr_t_242,1998,2h 49m,R,8.0,71K
243. The Hi-Lo Country,https://www.imdb.com/title/tt0120699/?ref_=sr_t_243,1998,1h 54m,R,6.1,4.6K
244. The Loss of Sexual Innocence,https://www.imdb.com/title/tt0126859/?ref_=sr_t_244,1998,1h 46m,R,5.3,3.4K
245. The Terrorist,https://www.imdb.com/title/tt0169302/?ref_=sr_t_245,1998,1h 35m,Unrated,7.0,2.1K
246. The Proposition,https://www.imdb.com/title/tt0120108/?ref_=sr_t_246,1998,1h 50m,R,6.2,2.4K
247. Six-String Samurai,https://www.imdb.com/title/tt0118736/?ref_=sr_t_247,1998,1h 31m,PG-13,6.4,8.2K
248. The Visitors II: The Corridors of Time,https://www.imdb.com/title/tt0120882/?ref_=sr_t_248,1998,1h 58m,G,6.1,14K
249. Endurance,https://www.imdb.com/title/tt0120659/?ref_=sr_t_249,1998,1h 23m,G,6.3,453
250. Bedrooms and Hallways,https://www.imdb.com/title/tt0126810/?ref_=sr_t_250,1998,1h 32m,Not Rated,6.6,3.6K
251. Sour Grapes,https://www.imdb.com/title/tt0120838/?ref_=sr_t_251,1998,1h 31m,R,5.8,3.1K
252. Music from Another Room,https://www.imdb.com/title/tt0119734/?ref_=sr_t_252,1998,1h 44m,PG-13,6.3,5.6K
253. Eternity and a Day,https://www.imdb.com/title/tt0156794/?ref_=sr_t_253,1998,2h 17m,Unrated,7.9,15K
254. Shattered Image,https://www.imdb.com/title/tt0143874/?ref_=sr_t_254,1998,1h 42m,R,4.8,759
255. Little Men,https://www.imdb.com/title/tt0145048/?ref_=sr_t_255,1998,1h 38m,PG,6.3,663
256. The Adventures of Sebastian Cole,https://www.imdb.com/title/tt0168449/?ref_=sr_t_256,1998,1h 39m,R,6.6,2K
257. Desert Blue,https://www.imdb.com/title/tt0126261/?ref_=sr_t_257,1998,1h 30m,R,6.1,2.6K
258. Train of Life,https://www.imdb.com/title/tt0170705/?ref_=sr_t_258,1998,1h 43m,R,7.6,9.7K
259. The Very Thought of You,https://www.imdb.com/title/tt0120747/?ref_=sr_t_259,1998,1h 28m,PG-13,6.4,4.8K
260. The Brandon Teena Story,https://www.imdb.com/title/tt0144801/?ref_=sr_t_260,1998,1h 29m,Not Rated,7.0,1.4K
261. Slappy and the Stinkers,https://www.imdb.com/title/tt0120213/?ref_=sr_t_261,1998,1h 18m,PG,5.1,1.4K
262. Homegrown,https://www.imdb.com/title/tt0119305/?ref_=sr_t_262,1998,1h 42m,R,5.7,5.2K
263. Restaurant,https://www.imdb.com/title/tt0152176/?ref_=sr_t_263,1998,1h 47m,R,6.0,712
264. The Theory of Flight,https://www.imdb.com/title/tt0120861/?ref_=sr_t_264,1998,1h 41m,R,6.5,2.8K
"265. Late August, Early September",https://www.imdb.com/title/tt0167925/?ref_=sr_t_265,1998,1h 52m,,6.8,2K
266. Just a Little Harmless Sex,https://www.imdb.com/title/tt0175777/?ref_=sr_t_266,1998,1h 38m,R,4.9,808
267. Titanic Town,https://www.imdb.com/title/tt0127319/?ref_=sr_t_267,1998,1h 40m,,6.4,465
268. Among Giants,https://www.imdb.com/title/tt0122906/?ref_=sr_t_268,1998,1h 33m,R,5.9,996
269. The Way We Laughed,https://www.imdb.com/title/tt0139951/?ref_=sr_t_269,1998,2h 4m,,6.8,856
"270. God Said, 'Ha!'",https://www.imdb.com/title/tt0119207/?ref_=sr_t_270,1998,1h 25m,PG-13,7.2,1K
271. Orphans,https://www.imdb.com/title/tt0119842/?ref_=sr_t_271,1998,1h 41m,,7.0,1.9K
272. The Grandfather,https://www.imdb.com/title/tt0176415/?ref_=sr_t_272,1998,2h 31m,PG,7.3,2.1K
273. Southie,https://www.imdb.com/title/tt0118766/?ref_=sr_t_273,1998,1h 35m,R,5.4,1.2K
274. Following,https://www.imdb.com/title/tt0154506/?ref_=sr_t_274,1998,1h 9m,R,7.4,104K
275. Safe Men,https://www.imdb.com/title/tt0120813/?ref_=sr_t_275,1998,1h 28m,R,5.8,3.6K
276. Phoenix,https://www.imdb.com/title/tt0119892/?ref_=sr_t_276,1998,1h 47m,R,6.3,4.5K
277. Such a Long Journey,https://www.imdb.com/title/tt0120848/?ref_=sr_t_277,1998,1h 53m,,7.2,492
278. Regret to Inform,https://www.imdb.com/title/tt0181786/?ref_=sr_t_278,1998,1h 12m,Not Rated,7.3,353
279. B. Monkey,https://www.imdb.com/title/tt0120594/?ref_=sr_t_279,1998,1h 32m,R,5.9,3.6K
280. Free Enterprise,https://www.imdb.com/title/tt0141105/?ref_=sr_t_280,1998,1h 53m,R,6.7,3.4K
281. Praise,https://www.imdb.com/title/tt0147192/?ref_=sr_t_281,1998,1h 38m,,6.7,655
282. Finding North,https://www.imdb.com/title/tt0124555/?ref_=sr_t_282,1998,1h 35m,Unrated,6.3,337
"283. Massoud, l'Afghan",https://www.imdb.com/title/tt0194138/?ref_=sr_t_283,1998,1h 29m,,7.9,131
284. All the Little Animals,https://www.imdb.com/title/tt0120584/?ref_=sr_t_284,1998,1h 52m,R,6.7,3.3K
285. Spriggan,https://www.imdb.com/title/tt0164917/?ref_=sr_t_285,1998,1h 30m,R,6.5,4.3K
286. Immortality,https://www.imdb.com/title/tt0120894/?ref_=sr_t_286,1998,1h 38m,R,6.2,6.2K
287. Frogs for Snakes,https://www.imdb.com/title/tt0120680/?ref_=sr_t_287,1998,1h 48m,R,4.4,392
288. New Rose Hotel,https://www.imdb.com/title/tt0133122/?ref_=sr_t_288,1998,1h 33m,R,5.2,6.6K
289. The Cruise,https://www.imdb.com/title/tt0150230/?ref_=sr_t_289,1998,1h 16m,PG-13,7.6,2K
290. Talk of Angels,https://www.imdb.com/title/tt0120271/?ref_=sr_t_290,1998,1h 36m,PG-13,5.8,911
291. Restless,https://www.imdb.com/title/tt0183700/?ref_=sr_t_291,1998,1h 40m,,6.3,78
292. 2by4,https://www.imdb.com/title/tt0120113/?ref_=sr_t_292,1998,1h 30m,,5.4,290
293. Drylongso,https://www.imdb.com/title/tt0181517/?ref_=sr_t_293,1998,1h 26m,R,6.7,246
294. Spanish Fly,https://www.imdb.com/title/tt0152548/?ref_=sr_t_294,1998,1h 31m,R,4.6,240
295. The Apple,https://www.imdb.com/title/tt0156901/?ref_=sr_t_295,1998,1h 26m,,7.2,2.8K
"296. Blood, Guts, Bullets and Octane",https://www.imdb.com/title/tt0163984/?ref_=sr_t_296,1998,1h 27m,R,5.3,1.2K
297. La Cucaracha,https://www.imdb.com/title/tt0157913/?ref_=sr_t_297,1998,1h 35m,R,5.8,416
298. Savior,https://www.imdb.com/title/tt0120070/?ref_=sr_t_298,1998,1h 43m,R,7.2,12K
299. I'm Losing You,https://www.imdb.com/title/tt0142393/?ref_=sr_t_299,1998,1h 40m,R,5.0,518
300. Storefront Hitchcock,https://www.imdb.com/title/tt0120219/?ref_=sr_t_300,1998,1h 17m,PG-13,6.7,337
301. True Friends,https://www.imdb.com/title/tt0139669/?ref_=sr_t_301,1998,1h 43m,R,5.4,215
302. The Last Broadcast,https://www.imdb.com/title/tt0122143/?ref_=sr_t_302,1998,1h 26m,TV-14,5.2,6.5K
303. Hell's Kitchen,https://www.imdb.com/title/tt0129136/?ref_=sr_t_303,1998,1h 35m,R,4.6,2.9K
304. Taxman,https://www.imdb.com/title/tt0138862/?ref_=sr_t_304,1998,1h 44m,R,5.6,560
305. The Book of Life,https://www.imdb.com/title/tt0167059/?ref_=sr_t_305,1998,1h 3m,Not Rated,6.5,2.2K
306. Claire Dolan,https://www.imdb.com/title/tt0150143/?ref_=sr_t_306,1998,1h 35m,Not Rated,6.7,1.4K
307. Out of the Past,https://www.imdb.com/title/tt0141699/?ref_=sr_t_307,1998,1h 37m,R,7.1,206
308. Hi-Life,https://www.imdb.com/title/tt0132213/?ref_=sr_t_308,1998,1h 22m,R,5.6,712
309. I Stand Alone,https://www.imdb.com/title/tt0157016/?ref_=sr_t_309,1998,1h 33m,Not Rated,7.3,26K
310. The Jew in the Lotus,https://www.imdb.com/title/tt0145007/?ref_=sr_t_310,1998,58m,,6.3,32
311. Blood of His Own,https://www.imdb.com/title/tt0166104/?ref_=sr_t_311,1998,,,3.2,17
312. Bloody Angels,https://www.imdb.com/title/tt0157411/?ref_=sr_t_312,1998,1h 40m,R,5.9,520
313. Let It Come Down: The Life of Paul Bowles,https://www.imdb.com/title/tt0168950/?ref_=sr_t_313,1998,1h 15m,Not Rated,6.8,136
314. Reach the Rock,https://www.imdb.com/title/tt0119986/?ref_=sr_t_314,1998,1h 40m,R,6.6,923
315. Nô,https://www.imdb.com/title/tt0128370/?ref_=sr_t_315,1998,1h 25m,,7.0,451
316. Jeanne and the Perfect Guy,https://www.imdb.com/title/tt0123923/?ref_=sr_t_316,1998,1h 45m,Unrated,6.4,796
"317. A Cool, Dry Place",https://www.imdb.com/title/tt0120642/?ref_=sr_t_317,1998,1h 37m,PG-13,6.1,3.2K
318. Het ondergronds orkest,https://www.imdb.com/title/tt0138677/?ref_=sr_t_318,1998,1h 48m,,7.9,87
319. Brown's Requiem,https://www.imdb.com/title/tt0171135/?ref_=sr_t_319,1998,1h 44m,R,5.7,1.1K
320. The Boys,https://www.imdb.com/title/tt0139898/?ref_=sr_t_320,1998,1h 26m,R,6.9,1.8K
321. Thursday,https://www.imdb.com/title/tt0124901/?ref_=sr_t_321,1998,1h 27m,R,7.1,21K
322. Beautopia,https://www.imdb.com/title/tt0139057/?ref_=sr_t_322,1998,1h 44m,Not Rated,7.1,49
323. Heaven,https://www.imdb.com/title/tt0120697/?ref_=sr_t_323,1998,1h 43m,R,6.5,902
324. Okraina,https://www.imdb.com/title/tt0165901/?ref_=sr_t_324,1998,1h 35m,,7.7,899
325. Telling You,https://www.imdb.com/title/tt0120859/?ref_=sr_t_325,1998,1h 34m,R,4.4,840
326. Better Living,https://www.imdb.com/title/tt0131972/?ref_=sr_t_326,1998,1h 35m,,3.6,162
327. The Velocity of Gary,https://www.imdb.com/title/tt0120878/?ref_=sr_t_327,1998,1h 40m,R,4.7,1.9K
328. I Want You,https://www.imdb.com/title/tt0119347/?ref_=sr_t_328,1998,1h 27m,R,6.1,3.2K
329. Blindness,https://www.imdb.com/title/tt0169624/?ref_=sr_t_329,1998,1h 28m,,6.6,91
330. A Fish in the Bathtub,https://www.imdb.com/title/tt0126908/?ref_=sr_t_330,1998,1h 36m,PG-13,6.0,624
331. Rudolph the Red-Nosed Reindeer: The Movie,https://www.imdb.com/title/tt0137201/?ref_=sr_t_331,1998,1h 23m,G,5.8,3.3K
332. Frivolous Lola,https://www.imdb.com/title/tt0174931/?ref_=sr_t_332,1998,1h 45m,Not Rated,5.1,4.7K
333. Taxi,https://www.imdb.com/title/tt0152930/?ref_=sr_t_333,1998,1h 29m,Not Rated,7.0,92K
334. Jinnah,https://www.imdb.com/title/tt0183306/?ref_=sr_t_334,1998,1h 50m,,7.8,3.2K
335. Ringu,https://www.imdb.com/title/tt0178868/?ref_=sr_t_335,1998,1h 36m,Not Rated,7.2,81K
336. The Boy Who Saved Christmas,https://www.imdb.com/title/tt0128083/?ref_=sr_t_336,1998,1h 34m,G,3.0,212
337. Kuch Kuch Hota Hai,https://www.imdb.com/title/tt0172684/?ref_=sr_t_337,1998,3h 5m,Not Rated,7.5,59K
338. The Idiots,https://www.imdb.com/title/tt0154421/?ref_=sr_t_338,1998,1h 57m,,6.7,35K
339. L.E.T.H.A.L. Ladies: Return to Savage Beach,https://www.imdb.com/title/tt0127759/?ref_=sr_t_339,1998,1h 38m,R,3.8,1.6K
340. Who Am I?,https://www.imdb.com/title/tt0127357/?ref_=sr_t_340,1998,1h 48m,PG-13,6.8,44K
341. Wicked,https://www.imdb.com/title/tt0120088/?ref_=sr_t_341,1998,1h 28m,R,5.3,3.5K
342. Boredom,https://www.imdb.com/title/tt0168740/?ref_=sr_t_342,1998,2h 2m,,6.0,2.3K
343. Finding Graceland,https://www.imdb.com/title/tt0120026/?ref_=sr_t_343,1998,1h 46m,PG-13,6.4,2.2K
344. Dushman,https://www.imdb.com/title/tt0189492/?ref_=sr_t_344,1998,2h 25m,Not Rated,6.8,2.3K
345. Satya,https://www.imdb.com/title/tt0195231/?ref_=sr_t_345,1998,2h 50m,Not Rated,8.3,17K
346. Kirikou and the Sorceress,https://www.imdb.com/title/tt0181627/?ref_=sr_t_346,1998,1h 11m,TV-PG,7.5,11K
347. Shadow Builder,https://www.imdb.com/title/tt0117611/?ref_=sr_t_347,1998,2h,R,4.8,1.9K
348. A Murder of Crows,https://www.imdb.com/title/tt0133985/?ref_=sr_t_348,1998,1h 42m,R,6.3,9.4K
349. Legionnaire,https://www.imdb.com/title/tt0126388/?ref_=sr_t_349,1998,1h 39m,R,5.5,26K
350. Tommy and the Wildcat,https://www.imdb.com/title/tt0167341/?ref_=sr_t_350,1998,1h 42m,,5.6,1.3K
351. Crackers,https://www.imdb.com/title/tt0119103/?ref_=sr_t_351,1998,1h 32m,,6.3,468
352. Dil Se..,https://www.imdb.com/title/tt0164538/?ref_=sr_t_352,1998,2h 43m,Not Rated,7.5,32K
353. Losing Control,https://www.imdb.com/title/tt0163069/?ref_=sr_t_353,1998,1h 33m,R,4.2,477
354. Tale of the Mummy,https://www.imdb.com/title/tt0127919/?ref_=sr_t_354,1998,1h 28m,R,4.0,3.6K
355. Lolita 2000,https://www.imdb.com/title/tt0130089/?ref_=sr_t_355,1998,1h 23m,Unrated,4.0,569
356. The Second Wife,https://www.imdb.com/title/tt0122701/?ref_=sr_t_356,1998,2h 2m,,5.9,936
357. Die Hard Dracula,https://www.imdb.com/title/tt0162930/?ref_=sr_t_357,1998,1h 28m,Not Rated,1.8,3.5K
358. A: Film by Upendra,https://www.imdb.com/title/tt3178292/?ref_=sr_t_358,1998,2h 30m,,8.7,2.6K
359. Ground Control,https://www.imdb.com/title/tt0137799/?ref_=sr_t_359,1998,1h 33m,PG-13,5.7,2.8K
360. Jezerní královna,https://www.imdb.com/title/tt0145008/?ref_=sr_t_360,1998,1h 29m,,5.7,219
361. Sheer Passion,https://www.imdb.com/title/tt0148835/?ref_=sr_t_361,1998,1h 33m,R,4.3,366
362. The Barber of Siberia,https://www.imdb.com/title/tt0120125/?ref_=sr_t_362,1998,3h,,7.7,13K
363. The Patriot,https://www.imdb.com/title/tt0120786/?ref_=sr_t_363,1998,1h 30m,R,4.2,14K
"364. Torrente, the Dumb Arm of the Law",https://www.imdb.com/title/tt0120868/?ref_=sr_t_364,1998,1h 37m,Not Rated,6.8,14K
365. Dark Harbor,https://www.imdb.com/title/tt0129023/?ref_=sr_t_365,1998,1h 36m,R,6.0,2.9K
366. French Lolita,https://www.imdb.com/title/tt0304040/?ref_=sr_t_366,1998,1h 22m,,7.7,49
367. Love & Pop,https://www.imdb.com/title/tt0168972/?ref_=sr_t_367,1998,1h 50m,,7.4,2.1K
368. Sandman,https://www.imdb.com/title/tt0176118/?ref_=sr_t_368,1998,,,6.2,112
369. Tomie,https://www.imdb.com/title/tt0240119/?ref_=sr_t_369,1998,1h 35m,Not Rated,5.2,2.1K
370. The Flying Liftboy,https://www.imdb.com/title/tt0124272/?ref_=sr_t_370,1998,1h 50m,,6.0,1.8K
371. Hitman,https://www.imdb.com/title/tt0163818/?ref_=sr_t_371,1998,1h 44m,R,6.1,5.7K
372. Judas Kiss,https://www.imdb.com/title/tt0138541/?ref_=sr_t_372,1998,1h 38m,R,6.1,4.3K
373. Of Freaks and Men,https://www.imdb.com/title/tt0156849/?ref_=sr_t_373,1998,1h 33m,,6.9,4.5K
374. Don't Tell Anyone,https://www.imdb.com/title/tt0166287/?ref_=sr_t_374,1998,2h,Unrated,6.8,1.7K
375. August 32nd on Earth,https://www.imdb.com/title/tt0156248/?ref_=sr_t_375,1998,1h 28m,Not Rated,6.5,3.7K
376. Bongwater,https://www.imdb.com/title/tt0125678/?ref_=sr_t_376,1998,1h 37m,R,5.1,4.5K
377. Dear Santa,https://www.imdb.com/title/tt0129360/?ref_=sr_t_377,1998,1h 30m,G,3.0,230
378. The Tribe,https://www.imdb.com/title/tt0162709/?ref_=sr_t_378,1998,1h 45m,,5.8,675
379. Only Clouds Move the Stars,https://www.imdb.com/title/tt0157356/?ref_=sr_t_379,1998,1h 38m,,6.8,728
380. The Phantom of the Opera,https://www.imdb.com/title/tt0119889/?ref_=sr_t_380,1998,1h 39m,R,4.3,5.9K
381. The Acid House,https://www.imdb.com/title/tt0122515/?ref_=sr_t_381,1998,1h 51m,Unrated,6.2,8.1K
382. The Curve,https://www.imdb.com/title/tt0123034/?ref_=sr_t_382,1998,1h 31m,R,5.8,6.6K
383. The Dentist 2,https://www.imdb.com/title/tt0161492/?ref_=sr_t_383,1998,1h 40m,R,4.8,4.5K
384. Init Ng Laman,https://www.imdb.com/title/tt0408914/?ref_=sr_t_384,1998,1h 40m,,5.3,159
385. The First 9 1/2 Weeks,https://www.imdb.com/title/tt0164026/?ref_=sr_t_385,1998,1h 40m,R,3.5,744
386. On Board,https://www.imdb.com/title/tt0200654/?ref_=sr_t_386,1998,1h 42m,,7.9,17K
387. The Wounds,https://www.imdb.com/title/tt0165546/?ref_=sr_t_387,1998,1h 43m,,8.0,12K
388. Girl,https://www.imdb.com/title/tt0138467/?ref_=sr_t_388,1998,1h 39m,R,5.7,3.2K
389. The Naked Eye,https://www.imdb.com/title/tt0125936/?ref_=sr_t_389,1998,1h 44m,,4.8,678
390. Ernest in the Army,https://www.imdb.com/title/tt0129908/?ref_=sr_t_390,1998,1h 25m,PG,4.4,2.8K
391. Barking at the Stars,https://www.imdb.com/title/tt0187231/?ref_=sr_t_391,1998,1h 35m,,8.6,8.5K
392. The Exotic Time Machine,https://www.imdb.com/title/tt0162315/?ref_=sr_t_392,1998,1h 18m,Unrated,3.9,391
393. The Quiet Family,https://www.imdb.com/title/tt0188503/?ref_=sr_t_393,1998,1h 41m,,7.0,6.3K
394. The New Swiss Family Robinson,https://www.imdb.com/title/tt0130142/?ref_=sr_t_394,1998,1h 30m,PG,4.9,894
395. Hamilton,https://www.imdb.com/title/tt0119249/?ref_=sr_t_395,1998,2h 7m,Not Rated,5.8,4.4K
396. Everything's Gonna Be Great,https://www.imdb.com/title/tt0263438/?ref_=sr_t_396,1998,1h 47m,,8.1,29K
397. Club Wild Side,https://www.imdb.com/title/tt0161446/?ref_=sr_t_397,1998,1h 41m,R,4.8,284
"398. Solan, Ludvig og Gurin med reverompa",https://www.imdb.com/title/tt0166350/?ref_=sr_t_398,1998,1h 16m,,5.9,829
399. Basil,https://www.imdb.com/title/tt0118686/?ref_=sr_t_399,1998,1h 53m,R,5.9,2.2K
400. 23,https://www.imdb.com/title/tt0126765/?ref_=sr_t_400,1998,1h 39m,,7.2,7.5K
401. Around the Fire,https://www.imdb.com/title/tt0139030/?ref_=sr_t_401,1998,1h 46m,R,5.3,826
402. Femalien 2,https://www.imdb.com/title/tt0171319/?ref_=sr_t_402,1998,1h 32m,R,3.7,750
403. Chained Heat 3: Hell Mountain,https://www.imdb.com/title/tt0144233/?ref_=sr_t_403,1998,1h 34m,R,3.5,316
404. Point Blank,https://www.imdb.com/title/tt0175047/?ref_=sr_t_404,1998,1h 29m,R,4.2,2K
405. Free Money,https://www.imdb.com/title/tt0120678/?ref_=sr_t_405,1998,1h 34m,R,5.0,3.2K
406. Phantasm IV: Oblivion,https://www.imdb.com/title/tt0138703/?ref_=sr_t_406,1998,1h 30m,R,5.5,8.7K
407. Sex and Zen III,https://www.imdb.com/title/tt0133196/?ref_=sr_t_407,1998,1h 35m,,5.3,470
408. Interlocked: Thrilled to Death,https://www.imdb.com/title/tt0147906/?ref_=sr_t_408,1998,1h 33m,R,4.1,322
409. Safe House,https://www.imdb.com/title/tt0120051/?ref_=sr_t_409,1998,1h 52m,TV-14,6.8,2.7K
410. Progeny,https://www.imdb.com/title/tt0167350/?ref_=sr_t_410,1998,1h 38m,R,4.9,1.8K
411. Arrival II,https://www.imdb.com/title/tt0122961/?ref_=sr_t_411,1998,1h 45m,R,3.8,3.3K
412. Decampitated,https://www.imdb.com/title/tt0118951/?ref_=sr_t_412,1998,1h 32m,R,4.5,862
413. Milo,https://www.imdb.com/title/tt0167284/?ref_=sr_t_413,1998,1h 31m,R,4.1,1.1K
414. The Clown at Midnight,https://www.imdb.com/title/tt0156413/?ref_=sr_t_414,1998,1h 31m,R,4.4,2.4K
415. Lulu on the Bridge,https://www.imdb.com/title/tt0125879/?ref_=sr_t_415,1998,1h 43m,PG-13,6.2,4.3K
416. Carnival of Souls,https://www.imdb.com/title/tt0120627/?ref_=sr_t_416,1998,1h 27m,R,3.2,2.5K
417. L.A. Without a Map,https://www.imdb.com/title/tt0119565/?ref_=sr_t_417,1998,1h 47m,Unrated,6.0,2.7K
418. Jaded,https://www.imdb.com/title/tt0116675/?ref_=sr_t_418,1998,1h 35m,R,5.4,833
419. Detention,https://www.imdb.com/title/tt0134613/?ref_=sr_t_419,1998,1h 26m,R,6.6,426
420. Some Nudity Required,https://www.imdb.com/title/tt0140559/?ref_=sr_t_420,1998,1h 22m,,5.4,253
"421. Goodbye, 20th Century",https://www.imdb.com/title/tt0179196/?ref_=sr_t_421,1998,1h 23m,,6.6,789
422. The Minion,https://www.imdb.com/title/tt0139465/?ref_=sr_t_422,1998,1h 35m,R,3.9,2.1K
423. Owd Bob,https://www.imdb.com/title/tt0119851/?ref_=sr_t_423,1998,1h 45m,Not Rated,6.3,481
424. Life in the Fast Lane,https://www.imdb.com/title/tt0139645/?ref_=sr_t_424,1998,1h 32m,R,4.3,364
425. Subspecies 4: Bloodstorm,https://www.imdb.com/title/tt0181315/?ref_=sr_t_425,1998,1h 25m,R,5.1,1.6K
426. Some Girl,https://www.imdb.com/title/tt0125766/?ref_=sr_t_426,1998,1h 34m,R,5.6,1K
427. Welcome to Hollywood,https://www.imdb.com/title/tt0169376/?ref_=sr_t_427,1998,1h 29m,R,4.9,2.2K
428. Flowers of Shanghai,https://www.imdb.com/title/tt0156587/?ref_=sr_t_428,1998,1h 53m,Unrated,7.3,4.3K
429. Into My Heart,https://www.imdb.com/title/tt0146671/?ref_=sr_t_429,1998,1h 37m,Not Rated,6.0,432
430. Dulhe Raja,https://www.imdb.com/title/tt0210659/?ref_=sr_t_430,1998,2h 23m,Not Rated,6.8,3.4K
431. Lurid Tales: The Castle Queen,https://www.imdb.com/title/tt0116943/?ref_=sr_t_431,1998,1h 22m,R,3.6,165
432. Killing Time,https://www.imdb.com/title/tt0140312/?ref_=sr_t_432,1998,1h 28m,R,5.1,588
433. Serpent's Path,https://www.imdb.com/title/tt0241588/?ref_=sr_t_433,1998,1h 25m,,7.0,1K
434. It's a Long Road,https://www.imdb.com/title/tt0164063/?ref_=sr_t_434,1998,1h 58m,,7.9,2.6K
435. Life of a Gigolo,https://www.imdb.com/title/tt0188830/?ref_=sr_t_435,1998,1h 41m,R,4.3,269
436. Swasthik,https://www.imdb.com/title/tt11867522/?ref_=sr_t_436,1998,2h 20m,,8.2,245
437. Spiral,https://www.imdb.com/title/tt0134928/?ref_=sr_t_437,1998,1h 37m,Not Rated,5.2,4.2K
438. Ang babae sa bintana,https://www.imdb.com/title/tt0325037/?ref_=sr_t_438,1998,1h 43m,,6.4,170
439. Raped by an Angel 3: Sexual Fantasy of the Chief Executive,https://www.imdb.com/title/tt0380479/?ref_=sr_t_439,1998,1h 35m,,4.3,217
440. P.U.N.K.S.,https://www.imdb.com/title/tt0130172/?ref_=sr_t_440,1998,1h 55m,PG,4.7,1.6K
441. It All Came True,https://www.imdb.com/title/tt0119505/?ref_=sr_t_441,1998,1h 34m,PG-13,5.7,1.4K
442. An Argentinian in New York,https://www.imdb.com/title/tt0158470/?ref_=sr_t_442,1998,1h 35m,,4.6,865
443. Maharaja,https://www.imdb.com/title/tt0119596/?ref_=sr_t_443,1998,2h 44m,,4.2,610
444. Samar,https://www.imdb.com/title/tt0259547/?ref_=sr_t_444,1998,2h 6m,,7.5,44
445. The Interview,https://www.imdb.com/title/tt0120714/?ref_=sr_t_445,1998,1h 44m,Unrated,7.0,9K
446. Twilight Dinner,https://www.imdb.com/title/tt0285169/?ref_=sr_t_446,1998,1h 4m,,6.2,137
447. Short Sharp Shock,https://www.imdb.com/title/tt0162426/?ref_=sr_t_447,1998,1h 39m,,7.1,5.8K
448. No Code of Conduct,https://www.imdb.com/title/tt0131502/?ref_=sr_t_448,1998,1h 30m,R,4.7,1.7K
449. An Affair,https://www.imdb.com/title/tt0239510/?ref_=sr_t_449,1998,1h 48m,,6.8,568
450. Second Chances,https://www.imdb.com/title/tt0175145/?ref_=sr_t_450,1998,1h 47m,G,6.5,471
451. The Glassblower's Children,https://www.imdb.com/title/tt0119204/?ref_=sr_t_451,1998,1h 50m,,6.2,1.5K
452. Zonzon,https://www.imdb.com/title/tt0168270/?ref_=sr_t_452,1998,1h 42m,,5.6,371
453. Bade Miyan Chote Miyan,https://www.imdb.com/title/tt0118673/?ref_=sr_t_453,1998,2h 20m,Not Rated,5.9,3.6K
454. The Rose Seller,https://www.imdb.com/title/tt0157154/?ref_=sr_t_454,1998,1h 56m,,7.4,2.2K
455. Haba-baba-doo! Puti-puti-poo!,https://www.imdb.com/title/tt0401452/?ref_=sr_t_455,1998,1h 30m,,8.2,83
456. Criminal Minds,https://www.imdb.com/title/tt0317268/?ref_=sr_t_456,1998,1h 28m,R,7.0,118
457. Sitcom,https://www.imdb.com/title/tt0157044/?ref_=sr_t_457,1998,1h 25m,Unrated,6.6,5.7K
458. Guru Gobind Singh,https://www.imdb.com/title/tt0454462/?ref_=sr_t_458,1998,,,8.6,10
459. José Rizal,https://www.imdb.com/title/tt0186257/?ref_=sr_t_459,1998,2h 58m,TV-PG,7.7,485
460. Tholi Prema,https://www.imdb.com/title/tt0248547/?ref_=sr_t_460,1998,2h 26m,,8.3,5K
461. L'ultimo capodanno,https://www.imdb.com/title/tt0140653/?ref_=sr_t_461,1998,1h 49m,,6.1,1.3K
462. Nena,https://www.imdb.com/title/tt0199803/?ref_=sr_t_462,1998,1h 32m,,6.0,46
"463. Pimps Up, Ho's Down",https://www.imdb.com/title/tt0214005/?ref_=sr_t_463,1998,1h 4m,R,5.8,406
464. Naseeb,https://www.imdb.com/title/tt0119760/?ref_=sr_t_464,1998,2h 18m,,5.3,537
465. The Olsen Gang - Final Mission,https://www.imdb.com/title/tt0130156/?ref_=sr_t_465,1998,1h 45m,Not Rated,5.2,1.7K
466. Fögi Is a Bastard,https://www.imdb.com/title/tt0166604/?ref_=sr_t_466,1998,1h 31m,Unrated,6.5,2.6K
467. Chinese Torture Chamber Story 2,https://www.imdb.com/title/tt0289115/?ref_=sr_t_467,1998,1h 33m,Unrated,5.1,674
468. The Hornet,https://www.imdb.com/title/tt0147556/?ref_=sr_t_468,1998,1h 47m,,7.2,1.9K
469. Shadow of Doubt,https://www.imdb.com/title/tt0119989/?ref_=sr_t_469,1998,1h 43m,R,5.2,2.1K
470. Final Cut,https://www.imdb.com/title/tt0162958/?ref_=sr_t_470,1998,1h 33m,R,5.9,2.1K
471. My Neighbor's Daughter,https://www.imdb.com/title/tt0178781/?ref_=sr_t_471,1998,1h 31m,Not Rated,4.4,116
472. Provocateur,https://www.imdb.com/title/tt0134912/?ref_=sr_t_472,1998,1h 43m,R,4.9,368
473. The Gardener,https://www.imdb.com/title/tt0140067/?ref_=sr_t_473,1998,1h 42m,R,3.6,336
474. Fiona,https://www.imdb.com/title/tt0168787/?ref_=sr_t_474,1998,1h 25m,,5.7,663
475. Johnny Skidmarks,https://www.imdb.com/title/tt0119416/?ref_=sr_t_475,1998,1h 36m,R,5.5,1.1K
476. Susan's Plan,https://www.imdb.com/title/tt0145505/?ref_=sr_t_476,1998,1h 29m,R,5.2,1.9K
477. In All Innocence,https://www.imdb.com/title/tt0150464/?ref_=sr_t_477,1998,1h 41m,,6.2,931
478. Dark Confessions,https://www.imdb.com/title/tt0144156/?ref_=sr_t_478,1998,1h 32m,R,3.7,215
479. Body Count,https://www.imdb.com/title/tt0120186/?ref_=sr_t_479,1998,1h 25m,R,5.4,2.1K
480. Summer of the Monkeys,https://www.imdb.com/title/tt0128648/?ref_=sr_t_480,1998,1h 41m,G,6.2,635
481. Todd McFarlane's Spawn 2,https://www.imdb.com/title/tt4641828/?ref_=sr_t_481,1998,2h 26m,PG-13,8.2,1.1K
482. Merchants of Venus,https://www.imdb.com/title/tt0179970/?ref_=sr_t_482,1998,1h 18m,R,5.6,122
483. Underground,https://www.imdb.com/title/tt0202644/?ref_=sr_t_483,1998,1h 33m,,6.2,143
484. Soldier,https://www.imdb.com/title/tt0211634/?ref_=sr_t_484,1998,2h 36m,Not Rated,6.3,3.5K
485. Next Stop Paradise,https://www.imdb.com/title/tt0151479/?ref_=sr_t_485,1998,1h 39m,Not Rated,7.8,2.5K
486. Johnny 316,https://www.imdb.com/title/tt0183171/?ref_=sr_t_486,1998,1h 17m,,6.3,291
487. Deserter's Gold,https://www.imdb.com/title/tt0191666/?ref_=sr_t_487,1998,2h 3m,TV-14,4.8,576
488. Wheels,https://www.imdb.com/title/tt0189153/?ref_=sr_t_488,1998,1h 32m,,7.5,2.8K
489. The Hole,https://www.imdb.com/title/tt0156610/?ref_=sr_t_489,1998,1h 35m,,7.4,4.5K
490. Gunda,https://www.imdb.com/title/tt0497915/?ref_=sr_t_490,1998,2h 9m,Not Rated,7.3,11K
491. Divino: Anak ni Totoy Mola,https://www.imdb.com/title/tt0409902/?ref_=sr_t_491,1998,1h 28m,,8.4,13
492. Curacha ang babaeng walang pahinga,https://www.imdb.com/title/tt0168624/?ref_=sr_t_492,1998,2h 21m,,6.7,54
493. Haha musume donburi: Mitsu tsubo kurabe,https://www.imdb.com/title/tt3706588/?ref_=sr_t_493,1998,1h,,,
494. Men Cry Bullets,https://www.imdb.com/title/tt0148462/?ref_=sr_t_494,1998,1h 45m,,4.7,133
495. The Godson,https://www.imdb.com/title/tt0165303/?ref_=sr_t_495,1998,1h 40m,PG-13,3.4,1.6K
496. West Beirut,https://www.imdb.com/title/tt0157183/?ref_=sr_t_496,1998,1h 45m,PG-13,7.6,5K
497. Surrender Dorothy,https://www.imdb.com/title/tt0140587/?ref_=sr_t_497,1998,1h 27m,Unrated,5.8,412
498. Up 'n' Under,https://www.imdb.com/title/tt0120422/?ref_=sr_t_498,1998,1h 39m,,5.6,988
499. Duplicate,https://www.imdb.com/title/tt0164550/?ref_=sr_t_499,1998,2h 44m,Not Rated,5.6,8.8K
500. The Girl of Your Dreams,https://www.imdb.com/title/tt0158030/?ref_=sr_t_500,1998,2h 1m,R,6.7,4.6K
