Title,Movie Link,Year,Duration,MPA,Rating,Votes
1. Who's Afraid of Virginia Woolf?,https://www.imdb.com/title/tt0061184/?ref_=sr_t_1,1966,2h 11m,Approved,8.0,82K
"2. The Good, the Bad and the Ugly",https://www.imdb.com/title/tt0060196/?ref_=sr_t_2,1966,2h 58m,R,8.8,837K
3. The Battle of Algiers,https://www.imdb.com/title/tt0058946/?ref_=sr_t_3,1966,2h 1m,Not Rated,8.1,69K
4. Masculine Feminine,https://www.imdb.com/title/tt0060675/?ref_=sr_t_4,1966,1h 43m,Not Rated,7.4,18K
5. Andrei Rublev,https://www.imdb.com/title/tt0060107/?ref_=sr_t_5,1966,3h 9m,R,8.0,58K
6. Made in U.S.A,https://www.imdb.com/title/tt0060647/?ref_=sr_t_6,1966,1h 30m,Not Rated,6.2,4.7K
7. Au hasard Balthazar,https://www.imdb.com/title/tt0060138/?ref_=sr_t_7,1966,1h 35m,Not Rated,7.7,24K
8. The Nun,https://www.imdb.com/title/tt0060891/?ref_=sr_t_8,1966,2h 20m,GP,7.5,3.3K
9. Django,https://www.imdb.com/title/tt0060315/?ref_=sr_t_9,1966,1h 31m,R,7.2,32K
10. King of Hearts,https://www.imdb.com/title/tt0060908/?ref_=sr_t_10,1966,1h 42m,Not Rated,7.3,4.5K
11. Time to Die,https://www.imdb.com/title/tt0059803/?ref_=sr_t_11,1966,1h 30m,,7.4,575
12. Daisies,https://www.imdb.com/title/tt0060959/?ref_=sr_t_12,1966,1h 15m,Not Rated,7.2,16K
13. The Endless Summer,https://www.imdb.com/title/tt0060371/?ref_=sr_t_13,1966,1h 35m,Not Rated,7.6,6.5K
14. Fahrenheit 451,https://www.imdb.com/title/tt0060390/?ref_=sr_t_14,1966,1h 52m,Not Rated,7.2,46K
15. El Dorado,https://www.imdb.com/title/tt0061619/?ref_=sr_t_15,1966,2h 6m,Approved,7.5,32K
16. Blow-Up,https://www.imdb.com/title/tt0060176/?ref_=sr_t_16,1966,1h 51m,Not Rated,7.4,70K
17. Persona,https://www.imdb.com/title/tt0060827/?ref_=sr_t_17,1966,1h 23m,Not Rated,8.0,134K
18. The Sand Pebbles,https://www.imdb.com/title/tt0060934/?ref_=sr_t_18,1966,3h 2m,Approved,7.5,17K
19. One Million Years B.C.,https://www.imdb.com/title/tt0060782/?ref_=sr_t_19,1966,1h 32m,Approved,5.7,9.9K
20. The Chase,https://www.imdb.com/title/tt0060232/?ref_=sr_t_20,1966,2h 14m,Approved,7.1,14K
21. The Night of the Grizzly,https://www.imdb.com/title/tt0060754/?ref_=sr_t_21,1966,1h 42m,G,6.5,1.6K
22. The Professionals,https://www.imdb.com/title/tt0060862/?ref_=sr_t_22,1966,1h 57m,PG-13,7.3,19K
23. Fantastic Voyage,https://www.imdb.com/title/tt0060397/?ref_=sr_t_23,1966,1h 40m,PG,6.8,21K
24. Duel at Diablo,https://www.imdb.com/title/tt0060355/?ref_=sr_t_24,1966,1h 43m,Approved,6.5,4.4K
25. The Trouble with Angels,https://www.imdb.com/title/tt0061122/?ref_=sr_t_25,1966,1h 52m,PG,7.3,6K
26. How to Steal a Million,https://www.imdb.com/title/tt0060522/?ref_=sr_t_26,1966,2h 3m,Approved,7.5,31K
27. A Man for All Seasons,https://www.imdb.com/title/tt0060665/?ref_=sr_t_27,1966,2h,G,7.7,38K
28. Batman: The Movie,https://www.imdb.com/title/tt0060153/?ref_=sr_t_28,1966,1h 45m,PG,6.5,37K
29. Torn Curtain,https://www.imdb.com/title/tt0061107/?ref_=sr_t_29,1966,2h 8m,PG,6.6,30K
30. The Silencers,https://www.imdb.com/title/tt0060980/?ref_=sr_t_30,1966,1h 42m,TV-PG,5.9,3.9K
31. Grand Prix,https://www.imdb.com/title/tt0060472/?ref_=sr_t_31,1966,2h 56m,Approved,7.2,11K
32. The Bible in the Beginning...,https://www.imdb.com/title/tt0060164/?ref_=sr_t_32,1966,2h 54m,G,6.2,6.4K
33. Seconds,https://www.imdb.com/title/tt0060955/?ref_=sr_t_33,1966,1h 46m,R,7.6,23K
34. The Christmas That Almost Wasn't,https://www.imdb.com/title/tt0059032/?ref_=sr_t_34,1966,1h 29m,G,3.5,976
35. Alfie,https://www.imdb.com/title/tt0060086/?ref_=sr_t_35,1966,1h 54m,PG,7.0,16K
36. Eye of the Devil,https://www.imdb.com/title/tt0061634/?ref_=sr_t_36,1966,1h 36m,Approved,6.1,3.4K
37. The Russians Are Coming the Russians Are Coming,https://www.imdb.com/title/tt0060921/?ref_=sr_t_37,1966,2h 6m,Approved,7.0,11K
38. Don't Look Now... We're Being Shot At!,https://www.imdb.com/title/tt0060474/?ref_=sr_t_38,1966,2h 12m,G,7.9,21K
39. The Christmas Tree,https://www.imdb.com/title/tt0060236/?ref_=sr_t_39,1966,59m,,6.4,192
40. Arabesque,https://www.imdb.com/title/tt0060121/?ref_=sr_t_40,1966,1h 45m,Approved,6.4,8.5K
41. Khartoum,https://www.imdb.com/title/tt0060588/?ref_=sr_t_41,1966,2h 8m,Approved,6.8,8.5K
42. Murderers' Row,https://www.imdb.com/title/tt0060728/?ref_=sr_t_42,1966,1h 45m,Approved,5.8,2.6K
43. A Man and a Woman,https://www.imdb.com/title/tt0061138/?ref_=sr_t_43,1966,1h 42m,Approved,7.5,12K
44. The Blue Max,https://www.imdb.com/title/tt0060177/?ref_=sr_t_44,1966,2h 36m,Approved,7.1,7.8K
45. Manos: The Hands of Fate,https://www.imdb.com/title/tt0060666/?ref_=sr_t_45,1966,1h 10m,Not Rated,1.7,38K
46. A Funny Thing Happened on the Way to the Forum,https://www.imdb.com/title/tt0060438/?ref_=sr_t_46,1966,1h 39m,Approved,6.8,10K
47. Carry on Screaming!,https://www.imdb.com/title/tt0060214/?ref_=sr_t_47,1966,1h 37m,Not Rated,6.7,6K
48. This Property Is Condemned,https://www.imdb.com/title/tt0061089/?ref_=sr_t_48,1966,1h 50m,Unrated,7.0,6.5K
49. The Plague of the Zombies,https://www.imdb.com/title/tt0060841/?ref_=sr_t_49,1966,1h 30m,Approved,6.5,5.9K
50. Thunderbirds Are GO,https://www.imdb.com/title/tt0061094/?ref_=sr_t_50,1966,1h 33m,G,6.4,2.7K
51. Chelsea Girls,https://www.imdb.com/title/tt0061465/?ref_=sr_t_51,1966,3h 30m,Unrated,5.7,1.6K
52. Harper,https://www.imdb.com/title/tt0060490/?ref_=sr_t_52,1966,2h 1m,Approved,6.8,11K
53. Our Man Flint,https://www.imdb.com/title/tt0059557/?ref_=sr_t_53,1966,1h 48m,Approved,6.4,7.3K
54. The Glass Bottom Boat,https://www.imdb.com/title/tt0060463/?ref_=sr_t_54,1966,1h 50m,Approved,6.4,5.4K
55. What's Cooking in Paris,https://www.imdb.com/title/tt0061728/?ref_=sr_t_55,1966,1h 25m,Not Rated,6.7,6.9K
56. Nevada Smith,https://www.imdb.com/title/tt0060748/?ref_=sr_t_56,1966,2h 8m,Approved,6.9,9.3K
57. The Swinger,https://www.imdb.com/title/tt0061052/?ref_=sr_t_57,1966,1h 21m,Not Rated,5.2,585
58. Dracula: Prince of Darkness,https://www.imdb.com/title/tt0059127/?ref_=sr_t_58,1966,1h 30m,Approved,6.6,11K
59. The Rare Breed,https://www.imdb.com/title/tt0060884/?ref_=sr_t_59,1966,1h 37m,Approved,6.3,4.1K
60. Cast a Giant Shadow,https://www.imdb.com/title/tt0060218/?ref_=sr_t_60,1966,2h 26m,Approved,6.3,4K
61. Island of Terror,https://www.imdb.com/title/tt0060548/?ref_=sr_t_61,1966,1h 29m,Approved,6.1,4.2K
62. The Fortune Cookie,https://www.imdb.com/title/tt0060424/?ref_=sr_t_62,1966,2h 5m,Approved,7.2,16K
63. Hawaii,https://www.imdb.com/title/tt0060491/?ref_=sr_t_63,1966,3h 9m,Approved,6.5,3.7K
64. Penelope,https://www.imdb.com/title/tt0060818/?ref_=sr_t_64,1966,1h 37m,Approved,6.2,2.2K
65. The Group,https://www.imdb.com/title/tt0060479/?ref_=sr_t_65,1966,2h 30m,Approved,6.5,2.1K
66. You're a Big Boy Now,https://www.imdb.com/title/tt0061209/?ref_=sr_t_66,1966,1h 36m,TV-MA,6.0,2.1K
67. The Ghost and Mr. Chicken,https://www.imdb.com/title/tt0059221/?ref_=sr_t_67,1966,1h 30m,Approved,7.2,7.9K
68. Walk Don't Run,https://www.imdb.com/title/tt0061170/?ref_=sr_t_68,1966,1h 54m,Approved,6.6,4.7K
69. Cul-de-sac,https://www.imdb.com/title/tt0060268/?ref_=sr_t_69,1966,1h 52m,Not Rated,7.0,14K
70. The Appaloosa,https://www.imdb.com/title/tt0060120/?ref_=sr_t_70,1966,1h 38m,Approved,6.2,3.7K
"71. Kill, Baby... Kill!",https://www.imdb.com/title/tt0060794/?ref_=sr_t_71,1966,1h 23m,GP,6.9,8K
72. Is Paris Burning?,https://www.imdb.com/title/tt0060814/?ref_=sr_t_72,1966,2h 53m,Approved,6.8,5.3K
73. Mondo Topless,https://www.imdb.com/title/tt0060712/?ref_=sr_t_73,1966,1h,X,4.8,1.4K
74. Funeral in Berlin,https://www.imdb.com/title/tt0060437/?ref_=sr_t_74,1966,1h 42m,Not Rated,6.8,8K
75. The War Game,https://www.imdb.com/title/tt0059894/?ref_=sr_t_75,1966,48m,,7.9,7.5K
76. Return of the Seven,https://www.imdb.com/title/tt0060897/?ref_=sr_t_76,1966,1h 35m,Unrated,5.5,5K
77. Gambit,https://www.imdb.com/title/tt0060445/?ref_=sr_t_77,1966,1h 49m,Approved,7.0,7K
78. Born Free,https://www.imdb.com/title/tt0060182/?ref_=sr_t_78,1966,1h 35m,PG,7.2,7.2K
79. Georgy Girl,https://www.imdb.com/title/tt0060453/?ref_=sr_t_79,1966,1h 39m,Approved,6.9,4.3K
80. Ride in the Whirlwind,https://www.imdb.com/title/tt0059653/?ref_=sr_t_80,1966,1h 22m,G,6.4,4.6K
81. Stagecoach,https://www.imdb.com/title/tt0061024/?ref_=sr_t_81,1966,1h 55m,Approved,6.1,2.3K
82. A Big Hand for the Little Lady,https://www.imdb.com/title/tt0060165/?ref_=sr_t_82,1966,1h 35m,Approved,7.3,4.9K
83. The Ugly Dachshund,https://www.imdb.com/title/tt0061135/?ref_=sr_t_83,1966,1h 33m,Approved,6.5,4.8K
84. The Shooting,https://www.imdb.com/title/tt0062262/?ref_=sr_t_84,1966,1h 22m,G,6.4,6.7K
85. Rage,https://www.imdb.com/title/tt0060882/?ref_=sr_t_85,1966,1h 43m,Approved,6.3,827
86. The Face of Another,https://www.imdb.com/title/tt0061065/?ref_=sr_t_86,1966,2h 4m,Not Rated,7.9,11K
87. Modesty Blaise,https://www.imdb.com/title/tt0060708/?ref_=sr_t_87,1966,1h 59m,,5.0,3.3K
"88. Munster, Go Home!",https://www.imdb.com/title/tt0060726/?ref_=sr_t_88,1966,1h 36m,Approved,6.4,3.2K
89. The Sword of Doom,https://www.imdb.com/title/tt0060277/?ref_=sr_t_89,1966,2h,Not Rated,7.9,12K
90. Closely Watched Trains,https://www.imdb.com/title/tt0060802/?ref_=sr_t_90,1966,1h 32m,Not Rated,7.6,14K
91. The Wild Angels,https://www.imdb.com/title/tt0061189/?ref_=sr_t_91,1966,1h 33m,R,5.6,3.5K
92. Pharaoh,https://www.imdb.com/title/tt0060401/?ref_=sr_t_92,1966,3h,,7.3,2.4K
93. Le deuxième souffle,https://www.imdb.com/title/tt0060305/?ref_=sr_t_93,1966,2h 30m,Not Rated,7.9,7K
94. Dead Heat on a Merry-Go-Round,https://www.imdb.com/title/tt0060287/?ref_=sr_t_94,1966,1h 44m,Approved,5.9,1.4K
"95. What's Up, Tiger Lily?",https://www.imdb.com/title/tt0061177/?ref_=sr_t_95,1966,1h 20m,PG,5.8,10K
96. Incubus,https://www.imdb.com/title/tt0059311/?ref_=sr_t_96,1966,1h 18m,Unrated,6.1,2.2K
97. The Family Way,https://www.imdb.com/title/tt0060395/?ref_=sr_t_97,1966,1h 55m,Approved,7.3,2K
98. Madame X,https://www.imdb.com/title/tt0060645/?ref_=sr_t_98,1966,1h 40m,Approved,6.9,2.7K
99. A Fine Madness,https://www.imdb.com/title/tt0060414/?ref_=sr_t_99,1966,1h 44m,Not Rated,5.6,1.6K
"100. Follow Me, Boys!",https://www.imdb.com/title/tt0060420/?ref_=sr_t_100,1966,2h 11m,Approved,7.1,2.7K
101. Daleks' Invasion Earth 2150 A.D.,https://www.imdb.com/title/tt0060278/?ref_=sr_t_101,1966,1h 24m,Not Rated,5.9,4.7K
102. The Ghost in the Invisible Bikini,https://www.imdb.com/title/tt0060457/?ref_=sr_t_102,1966,1h 22m,Unrated,4.6,1.4K
103. The Witches,https://www.imdb.com/title/tt0060307/?ref_=sr_t_103,1966,1h 30m,Approved,5.8,3.4K
104. Night Games,https://www.imdb.com/title/tt0060740/?ref_=sr_t_104,1966,1h 45m,Not Rated,6.3,780
105. Tokyo Drifter,https://www.imdb.com/title/tt0061101/?ref_=sr_t_105,1966,1h 22m,Not Rated,7.1,10K
106. Rasputin: The Mad Monk,https://www.imdb.com/title/tt0059635/?ref_=sr_t_106,1966,1h 31m,Approved,6.2,3.6K
107. Navajo Joe,https://www.imdb.com/title/tt0061587/?ref_=sr_t_107,1966,1h 33m,Approved,6.3,4.7K
108. Santa's Christmas Circus,https://www.imdb.com/title/tt0170547/?ref_=sr_t_108,1966,1h,Not Rated,2.1,216
"109. Paradise, Hawaiian Style",https://www.imdb.com/title/tt0059563/?ref_=sr_t_109,1966,1h 31m,G,5.4,2.5K
110. Gypsy Girl,https://www.imdb.com/title/tt0060484/?ref_=sr_t_110,1966,1h 45m,Not Rated,6.8,843
111. Gunpoint,https://www.imdb.com/title/tt0060483/?ref_=sr_t_111,1966,1h 26m,Not Rated,6.1,944
112. The War of the Gargantuas,https://www.imdb.com/title/tt0060440/?ref_=sr_t_112,1966,1h 32m,G,6.2,3.7K
113. Hot Rods to Hell,https://www.imdb.com/title/tt0061784/?ref_=sr_t_113,1966,1h 32m,Approved,5.4,1.1K
114. After the Fox,https://www.imdb.com/title/tt0060200/?ref_=sr_t_114,1966,1h 43m,Approved,6.4,4.9K
115. Frankie and Johnny,https://www.imdb.com/title/tt0060429/?ref_=sr_t_115,1966,1h 27m,Approved,5.5,2.5K
116. She Beast,https://www.imdb.com/title/tt0061005/?ref_=sr_t_116,1966,1h 19m,GP,4.7,1.5K
117. The Trap,https://www.imdb.com/title/tt0061115/?ref_=sr_t_117,1966,1h 46m,,7.1,2.3K
118. Black Girl,https://www.imdb.com/title/tt0060758/?ref_=sr_t_118,1966,1h 5m,Not Rated,7.4,6.4K
"119. Lt. Robin Crusoe, U.S.N.",https://www.imdb.com/title/tt0060640/?ref_=sr_t_119,1966,1h 50m,G,5.8,1.6K
120. That Riviera Touch,https://www.imdb.com/title/tt0061085/?ref_=sr_t_120,1966,1h 38m,,5.8,747
121. The Reptile,https://www.imdb.com/title/tt0060893/?ref_=sr_t_121,1966,1h 30m,Approved,6.1,4.2K
122. L'armata Brancaleone,https://www.imdb.com/title/tt0060125/?ref_=sr_t_122,1966,2h,,7.7,5.5K
123. The Game Is Over,https://www.imdb.com/title/tt0060271/?ref_=sr_t_123,1966,1h 38m,R,5.8,661
124. Made in Paris,https://www.imdb.com/title/tt0060646/?ref_=sr_t_124,1966,1h 43m,Approved,5.4,738
125. The Tall Women,https://www.imdb.com/title/tt0060430/?ref_=sr_t_125,1966,1h 41m,,4.6,210
"126. Ebirah, Horror of the Deep",https://www.imdb.com/title/tt0060464/?ref_=sr_t_126,1966,1h 23m,PG,5.5,6.7K
127. Triple Cross,https://www.imdb.com/title/tt0061647/?ref_=sr_t_127,1966,2h 20m,PG,6.3,3.3K
128. The Wrong Box,https://www.imdb.com/title/tt0061204/?ref_=sr_t_128,1966,1h 45m,Approved,6.7,4.1K
"129. What Did You Do in the War, Daddy?",https://www.imdb.com/title/tt0061176/?ref_=sr_t_129,1966,1h 56m,Approved,6.6,2.3K
130. Dr. Goldfoot and the Girl Bombs,https://www.imdb.com/title/tt0061014/?ref_=sr_t_130,1966,1h 22m,,4.0,1.5K
131. Queen of Blood,https://www.imdb.com/title/tt0060877/?ref_=sr_t_131,1966,1h 18m,Unrated,5.2,2.4K
132. Cyborg 2087,https://www.imdb.com/title/tt0060272/?ref_=sr_t_132,1966,1h 26m,,5.2,732
133. Lost Command,https://www.imdb.com/title/tt0060637/?ref_=sr_t_133,1966,2h 9m,Approved,6.3,2.5K
134. Way... Way Out,https://www.imdb.com/title/tt0061173/?ref_=sr_t_134,1966,1h 41m,Not Rated,5.3,1.1K
135. Assault on a Queen,https://www.imdb.com/title/tt0060135/?ref_=sr_t_135,1966,1h 46m,Approved,5.6,1.3K
136. Spinout,https://www.imdb.com/title/tt0061015/?ref_=sr_t_136,1966,1h 33m,Approved,5.8,2.4K
137. The Quiller Memorandum,https://www.imdb.com/title/tt0060880/?ref_=sr_t_137,1966,1h 44m,Approved,6.3,4.5K
138. Africa: Blood and Guts,https://www.imdb.com/title/tt0060073/?ref_=sr_t_138,1966,2h 2m,R,7.0,2K
139. Texas Across the River,https://www.imdb.com/title/tt0061080/?ref_=sr_t_139,1966,1h 41m,Approved,6.2,2K
140. The Queens,https://www.imdb.com/title/tt0060405/?ref_=sr_t_140,1966,1h 50m,,6.0,407
141. Angelique and the King,https://www.imdb.com/title/tt0058909/?ref_=sr_t_141,1966,1h 40m,TV-MA,6.6,1.9K
"142. Kimba, the White Lion",https://www.imdb.com/title/tt0060555/?ref_=sr_t_142,1966,1h 15m,,6.4,235
143. Women of the Prehistoric Planet,https://www.imdb.com/title/tt0061203/?ref_=sr_t_143,1966,1h 30m,TV-14,2.5,1.3K
144. Massacre Time,https://www.imdb.com/title/tt0061074/?ref_=sr_t_144,1966,1h 32m,M,6.5,2.5K
145. The Oscar,https://www.imdb.com/title/tt0060801/?ref_=sr_t_145,1966,1h 59m,Approved,5.2,1.5K
146. Hunger,https://www.imdb.com/title/tt0061042/?ref_=sr_t_146,1966,1h 52m,Not Rated,7.7,3.5K
147. A Man Could Get Killed,https://www.imdb.com/title/tt0060662/?ref_=sr_t_147,1966,1h 37m,Approved,5.8,570
148. Picture Mommy Dead,https://www.imdb.com/title/tt0060831/?ref_=sr_t_148,1966,1h 22m,Unrated,5.3,747
149. Blindfold,https://www.imdb.com/title/tt0058977/?ref_=sr_t_149,1966,1h 42m,Approved,6.2,1.1K
150. The Daydreamer,https://www.imdb.com/title/tt0060283/?ref_=sr_t_150,1966,1h 41m,Unrated,6.1,484
151. Come Drink with Me,https://www.imdb.com/title/tt0059079/?ref_=sr_t_151,1966,1h 35m,Not Rated,6.9,5.2K
152. Mademoiselle,https://www.imdb.com/title/tt0060648/?ref_=sr_t_152,1966,1h 43m,Not Rated,7.1,1.7K
153. The Black Klansman,https://www.imdb.com/title/tt0060173/?ref_=sr_t_153,1966,1h 28m,Not Rated,6.0,547
154. Warning Shot,https://www.imdb.com/title/tt0062473/?ref_=sr_t_154,1966,1h 40m,Approved,6.7,1.1K
155. Monleon Brothers,https://www.imdb.com/title/tt5523822/?ref_=sr_t_155,1966,1h 34m,,,
156. Alvarez Kelly,https://www.imdb.com/title/tt0060095/?ref_=sr_t_156,1966,1h 56m,Approved,6.3,2.8K
157. Star Pilot,https://www.imdb.com/title/tt0058859/?ref_=sr_t_157,1966,1h 31m,PG,4.4,665
158. The Witch,https://www.imdb.com/title/tt0061036/?ref_=sr_t_158,1966,1h 49m,R,6.6,605
159. Zatoichi's Pilgrimage,https://www.imdb.com/title/tt0199905/?ref_=sr_t_159,1966,1h 22m,Not Rated,7.2,1.3K
160. Teesri Manzil,https://www.imdb.com/title/tt0061073/?ref_=sr_t_160,1966,2h 52m,,7.5,1.3K
161. They're a Weird Mob,https://www.imdb.com/title/tt0061087/?ref_=sr_t_161,1966,1h 52m,,6.4,1.2K
162. Around the World Under the Sea,https://www.imdb.com/title/tt0060126/?ref_=sr_t_162,1966,1h 50m,G,5.3,999
163. The Bubble,https://www.imdb.com/title/tt0060396/?ref_=sr_t_163,1966,1h 52m,PG,4.8,550
164. The Singing Nun,https://www.imdb.com/title/tt0060983/?ref_=sr_t_164,1966,1h 37m,Approved,6.1,1.6K
165. Blood Bath,https://www.imdb.com/title/tt0060174/?ref_=sr_t_165,1966,1h 2m,Not Rated,5.1,1.2K
166. Young Törless,https://www.imdb.com/title/tt0060574/?ref_=sr_t_166,1966,1h 27m,Not Rated,7.2,2.8K
167. Let's Kill Uncle,https://www.imdb.com/title/tt0060626/?ref_=sr_t_167,1966,1h 32m,Approved,5.8,552
168. Gamera vs. Barugon,https://www.imdb.com/title/tt0060446/?ref_=sr_t_168,1966,1h 46m,Not Rated,5.1,2.9K
169. Kaleidoscope,https://www.imdb.com/title/tt0060581/?ref_=sr_t_169,1966,1h 43m,Approved,5.9,930
170. The Dacians,https://www.imdb.com/title/tt0060482/?ref_=sr_t_170,1966,1h 50m,PG-13,7.6,2.1K
171. The Red Angel,https://www.imdb.com/title/tt0139820/?ref_=sr_t_171,1966,1h 35m,Not Rated,7.8,2K
172. The Brides of Fu Manchu,https://www.imdb.com/title/tt0060188/?ref_=sr_t_172,1966,1h 34m,Not Rated,5.4,1.4K
173. The Trygon Factor,https://www.imdb.com/title/tt0061124/?ref_=sr_t_173,1966,1h 28m,M/PG,5.8,502
174. Tarzan and the Valley of Gold,https://www.imdb.com/title/tt0061067/?ref_=sr_t_174,1966,1h 30m,Approved,5.8,607
175. Huling-Huli ni kumpare si kumare,https://www.imdb.com/title/tt5493270/?ref_=sr_t_175,1966,1h 53m,,,
176. The Treasure of San Gennaro,https://www.imdb.com/title/tt0062080/?ref_=sr_t_176,1966,1h 44m,,6.9,1.9K
177. Der Bucklige von Soho,https://www.imdb.com/title/tt0060192/?ref_=sr_t_177,1966,1h 30m,,5.8,640
178. A Man Called Adam,https://www.imdb.com/title/tt0060660/?ref_=sr_t_178,1966,1h 44m,Not Rated,6.6,761
179. The Creatures,https://www.imdb.com/title/tt0060263/?ref_=sr_t_179,1966,1h 32m,Not Rated,6.4,1.4K
"180. Boy, Did I Get a Wrong Number!",https://www.imdb.com/title/tt0060186/?ref_=sr_t_180,1966,1h 39m,Approved,5.5,1.3K
181. The Third Eye,https://www.imdb.com/title/tt0166377/?ref_=sr_t_181,1966,1h 38m,Not Rated,6.2,626
182. The Man Called Flintstone,https://www.imdb.com/title/tt0060661/?ref_=sr_t_182,1966,1h 29m,G,6.5,1.9K
183. Come imparai ad amare le donne,https://www.imdb.com/title/tt0060456/?ref_=sr_t_183,1966,1h 50m,,5.3,170
184. The Fat Spy,https://www.imdb.com/title/tt0059171/?ref_=sr_t_184,1966,1h 20m,Not Rated,2.6,614
185. The Round-Up,https://www.imdb.com/title/tt0059776/?ref_=sr_t_185,1966,1h 30m,,7.5,3.5K
186. Teesri Kasam,https://www.imdb.com/title/tt0061072/?ref_=sr_t_186,1966,2h 39m,,7.9,873
"187. Not with My Wife, You Don't!",https://www.imdb.com/title/tt0060760/?ref_=sr_t_187,1966,1h 59m,Approved,5.7,1K
188. The Undertaker and His Pals,https://www.imdb.com/title/tt0061140/?ref_=sr_t_188,1966,1h 3m,R,4.5,1.3K
189. The Hot Month of August,https://www.imdb.com/title/tt0065242/?ref_=sr_t_189,1966,1h 19m,,5.3,148
190. Moonlighting Wives,https://www.imdb.com/title/tt0057320/?ref_=sr_t_190,1966,1h 26m,Not Rated,5.6,146
191. Misunderstood,https://www.imdb.com/title/tt0060538/?ref_=sr_t_191,1966,1h 44m,,7.6,1.4K
192. An Angel for Satan,https://www.imdb.com/title/tt0060109/?ref_=sr_t_192,1966,1h 30m,Approved,6.4,1.2K
193. Morgan!,https://www.imdb.com/title/tt0060714/?ref_=sr_t_193,1966,1h 37m,,6.5,2.1K
194. Here Is Your Life,https://www.imdb.com/title/tt0060529/?ref_=sr_t_194,1966,1h 50m,M,7.3,1.3K
195. Ride Beyond Vengeance,https://www.imdb.com/title/tt0060899/?ref_=sr_t_195,1966,1h 41m,Approved,6.2,809
196. Agent for H.A.R.M.,https://www.imdb.com/title/tt0060074/?ref_=sr_t_196,1966,1h 24m,Approved,2.4,1.6K
197. The Pornographers,https://www.imdb.com/title/tt0060560/?ref_=sr_t_197,1966,2h,Not Rated,7.2,2.6K
198. War Between the Planets,https://www.imdb.com/title/tt0059588/?ref_=sr_t_198,1966,1h 20m,G,4.1,648
"199. Texas, Adios",https://www.imdb.com/title/tt0060143/?ref_=sr_t_199,1966,1h 33m,Not Rated,6.1,1.9K
200. Destination Inner Space,https://www.imdb.com/title/tt0060302/?ref_=sr_t_200,1966,1h 23m,Not Rated,4.5,742
201. Gogola,https://www.imdb.com/title/tt3430032/?ref_=sr_t_201,1966,,,8.9,25
202. Watch Out for the Automobile,https://www.imdb.com/title/tt0060161/?ref_=sr_t_202,1966,1h 34m,,8.0,6.3K
203. Mister Buddwing,https://www.imdb.com/title/tt0059453/?ref_=sr_t_203,1966,1h 40m,Approved,6.0,1.5K
204. Invasion,https://www.imdb.com/title/tt0060544/?ref_=sr_t_204,1966,1h 22m,,5.6,540
205. Yngsjömordet,https://www.imdb.com/title/tt0061207/?ref_=sr_t_205,1966,1h 53m,,6.6,178
206. Amrapali,https://www.imdb.com/title/tt0060104/?ref_=sr_t_206,1966,1h 59m,,6.6,291
207. The Diabolical Dr. Z,https://www.imdb.com/title/tt0060701/?ref_=sr_t_207,1966,1h 26m,Unrated,6.6,1.2K
208. Psycho-Circus,https://www.imdb.com/title/tt0060865/?ref_=sr_t_208,1966,1h 31m,Not Rated,5.4,1.5K
209. The Great St. Trinian's Train Robbery,https://www.imdb.com/title/tt0060476/?ref_=sr_t_209,1966,1h 33m,Not Rated,5.8,1.2K
210. The Navy vs. the Night Monsters,https://www.imdb.com/title/tt0060741/?ref_=sr_t_210,1966,1h 27m,Not Rated,3.7,838
"211. Watari, Ninja Boy",https://www.imdb.com/title/tt0202095/?ref_=sr_t_211,1966,1h 23m,,6.5,154
212. The War Is Over,https://www.imdb.com/title/tt0060481/?ref_=sr_t_212,1966,2h 1m,,7.3,2.5K
213. Secret Agent Super Dragon,https://www.imdb.com/title/tt0060956/?ref_=sr_t_213,1966,1h 35m,,2.6,1.2K
214. Chamber of Horrors,https://www.imdb.com/title/tt0060228/?ref_=sr_t_214,1966,1h 20m,Unrated,6.0,1.5K
215. The Golden Bat,https://www.imdb.com/title/tt0167320/?ref_=sr_t_215,1966,1h 13m,,6.1,341
216. Black Tight Killers,https://www.imdb.com/title/tt0273925/?ref_=sr_t_216,1966,1h 27m,,6.7,473
217. The Hills Run Red,https://www.imdb.com/title/tt0060416/?ref_=sr_t_217,1966,1h 29m,Approved,5.8,935
218. Lord Love a Duck,https://www.imdb.com/title/tt0060636/?ref_=sr_t_218,1966,1h 45m,Not Rated,6.3,1.8K
219. Chafed Elbows,https://www.imdb.com/title/tt0138355/?ref_=sr_t_219,1966,1h 3m,,6.2,531
220. Red Zone Cuba,https://www.imdb.com/title/tt0060753/?ref_=sr_t_220,1966,1h 29m,,1.6,6.6K
221. Trans-Europ-Express,https://www.imdb.com/title/tt0061113/?ref_=sr_t_221,1966,1h 45m,,7.0,2.2K
222. The Murder Clinic,https://www.imdb.com/title/tt0060616/?ref_=sr_t_222,1966,1h 26m,GP,5.7,510
223. Moment to Moment,https://www.imdb.com/title/tt0060711/?ref_=sr_t_223,1966,1h 48m,Approved,6.4,386
224. Bang! Bang! You're Dead!,https://www.imdb.com/title/tt0060148/?ref_=sr_t_224,1966,1h 32m,,5.7,920
225. Any Wednesday,https://www.imdb.com/title/tt0060112/?ref_=sr_t_225,1966,1h 49m,Not Rated,6.0,1.2K
"226. Die Nibelungen, Teil 1 - Siegfried",https://www.imdb.com/title/tt0060749/?ref_=sr_t_226,1966,1h 31m,,6.2,685
227. Daimajin,https://www.imdb.com/title/tt0062851/?ref_=sr_t_227,1966,1h 24m,Unrated,6.7,2K
228. Six Kids and Their Uncle,https://www.imdb.com/title/tt0060698/?ref_=sr_t_228,1966,1h 54m,,6.4,579
229. The Hero,https://www.imdb.com/title/tt0060742/?ref_=sr_t_229,1966,1h 57m,Not Rated,8.2,5.4K
"230. Arrivederci, Baby!",https://www.imdb.com/title/tt0060128/?ref_=sr_t_230,1966,1h 40m,Unrated,5.5,686
231. Beau Geste,https://www.imdb.com/title/tt0060155/?ref_=sr_t_231,1966,1h 43m,Approved,6.1,785
232. Anupama,https://www.imdb.com/title/tt0137361/?ref_=sr_t_232,1966,2h 28m,Not Rated,7.4,550
233. As Long as You've Got Your Health,https://www.imdb.com/title/tt0207145/?ref_=sr_t_233,1966,1h 17m,Not Rated,7.1,889
234. Anbe Vaa,https://www.imdb.com/title/tt0370279/?ref_=sr_t_234,1966,2h 54m,Not Rated,7.2,213
235. An Eye for an Eye,https://www.imdb.com/title/tt0060386/?ref_=sr_t_235,1966,1h 46m,Approved,6.1,469
236. Winnetou und sein Freund Old Firehand,https://www.imdb.com/title/tt0061198/?ref_=sr_t_236,1966,1h 38m,,5.2,1.4K
237. Dimension 5,https://www.imdb.com/title/tt0060311/?ref_=sr_t_237,1966,1h 31m,,4.6,452
238. The Fighting Prince of Donegal,https://www.imdb.com/title/tt0060408/?ref_=sr_t_238,1966,1h 50m,Not Rated,6.0,438
"239. $1,000 on the Black",https://www.imdb.com/title/tt0060697/?ref_=sr_t_239,1966,1h 42m,,5.9,418
240. Kiss the Girls and Make Them Die,https://www.imdb.com/title/tt0060592/?ref_=sr_t_240,1966,1h 46m,Approved,6.0,445
241. Red Roses of Passion,https://www.imdb.com/title/tt0060888/?ref_=sr_t_241,1966,1h 25m,,5.5,236
"242. The Wild, Wild Planet",https://www.imdb.com/title/tt0059914/?ref_=sr_t_242,1966,1h 33m,Approved,4.5,1.2K
243. Incident at Phantom Hill,https://www.imdb.com/title/tt0060537/?ref_=sr_t_243,1966,1h 28m,Approved,6.2,604
244. Little Girls,https://www.imdb.com/title/tt0173987/?ref_=sr_t_244,1966,1h 10m,,4.8,98
245. Secrets of a Windmill Girl,https://www.imdb.com/title/tt0196079/?ref_=sr_t_245,1966,1h 26m,,5.0,96
246. Fort Yuma Gold,https://www.imdb.com/title/tt0061773/?ref_=sr_t_246,1966,1h 36m,,6.0,682
247. The Texican,https://www.imdb.com/title/tt0061081/?ref_=sr_t_247,1966,1h 31m,Approved,5.8,977
248. Irezumi,https://www.imdb.com/title/tt0200740/?ref_=sr_t_248,1966,1h 26m,,7.1,1.4K
249. The Hawks and the Sparrows,https://www.imdb.com/title/tt0061132/?ref_=sr_t_249,1966,1h 31m,Not Rated,7.2,5.8K
250. A Report on the Party and Guests,https://www.imdb.com/title/tt0063371/?ref_=sr_t_250,1966,1h 11m,,7.1,1.9K
251. The Hired Killer,https://www.imdb.com/title/tt0062347/?ref_=sr_t_251,1966,1h 35m,,5.9,308
252. Jenny Jenny,https://www.imdb.com/title/tt0145006/?ref_=sr_t_252,1966,1h 43m,,7.4,1.4K
253. Seksi Kumandos,https://www.imdb.com/title/tt5233824/?ref_=sr_t_253,1966,,,,
254. Zatoichi's Vengeance,https://www.imdb.com/title/tt0143012/?ref_=sr_t_254,1966,1h 23m,Not Rated,7.2,1.3K
255. The Girls on F Street,https://www.imdb.com/title/tt0124666/?ref_=sr_t_255,1966,1h 9m,R,4.8,375
256. Silence Has No Wings,https://www.imdb.com/title/tt0203987/?ref_=sr_t_256,1966,1h 40m,,7.3,499
257. The Ugly Ones,https://www.imdb.com/title/tt0060853/?ref_=sr_t_257,1966,1h 35m,R,6.3,737
258. Three on a Couch,https://www.imdb.com/title/tt0061093/?ref_=sr_t_258,1966,1h 49m,Approved,5.8,1.2K
"259. The Birds, the Bees and the Italians",https://www.imdb.com/title/tt0062271/?ref_=sr_t_259,1966,1h 55m,,7.5,1.8K
260. Atout coeur à Tokyo pour OSS 117,https://www.imdb.com/title/tt0060137/?ref_=sr_t_260,1966,1h 40m,,5.6,348
261. Man from Nowhere,https://www.imdb.com/title/tt0060124/?ref_=sr_t_261,1966,1h 44m,M,6.1,757
262. Kiss Kiss - Bang Bang,https://www.imdb.com/title/tt0061870/?ref_=sr_t_262,1966,1h 52m,,5.5,175
263. Dutchman,https://www.imdb.com/title/tt0060358/?ref_=sr_t_263,1966,55m,,7.1,500
264. Seven Guns for the MacGregors,https://www.imdb.com/title/tt0059706/?ref_=sr_t_264,1966,1h 47m,,5.5,257
265. Phool Aur Patthar,https://www.imdb.com/title/tt0139525/?ref_=sr_t_265,1966,2h 43m,,6.7,295
266. Santa Claus Has Blue Eyes,https://www.imdb.com/title/tt0060872/?ref_=sr_t_266,1966,50m,,6.9,568
267. Billy the Kid Versus Dracula,https://www.imdb.com/title/tt0060168/?ref_=sr_t_267,1966,1h 14m,Approved,3.8,2.3K
268. The War of the Planets,https://www.imdb.com/title/tt0059101/?ref_=sr_t_268,1966,1h 39m,Approved,4.0,682
269. A Few Dollars for Django,https://www.imdb.com/title/tt0060084/?ref_=sr_t_269,1966,1h 25m,Not Rated,5.5,539
270. Hotel Paradiso,https://www.imdb.com/title/tt0060520/?ref_=sr_t_270,1966,1h 38m,,6.1,888
271. Press for Time,https://www.imdb.com/title/tt0060857/?ref_=sr_t_271,1966,1h 38m,,5.9,645
272. Las Vegas Hillbillys,https://www.imdb.com/title/tt0060618/?ref_=sr_t_272,1966,1h 30m,TV-G,4.2,289
273. Die Söhne der großen Bärin,https://www.imdb.com/title/tt0061057/?ref_=sr_t_273,1966,1h 32m,,5.8,446
274. Who Wants to Kill Jessie?,https://www.imdb.com/title/tt0125301/?ref_=sr_t_274,1966,1h 20m,,7.2,1.2K
275. Left-Handed Fate,https://www.imdb.com/title/tt0059172/?ref_=sr_t_275,1966,1h 24m,,5.6,253
276. Line of Demarcation,https://www.imdb.com/title/tt0060630/?ref_=sr_t_276,1966,1h 32m,,7.1,938
"277. A Smell of Honey, a Swallow of Brine",https://www.imdb.com/title/tt0180177/?ref_=sr_t_277,1966,1h 9m,Not Rated,5.8,270
278. Sting of Death,https://www.imdb.com/title/tt0059756/?ref_=sr_t_278,1966,1h 20m,,4.4,746
279. Promise Her Anything,https://www.imdb.com/title/tt0060863/?ref_=sr_t_279,1966,1h 38m,Not Rated,5.2,636
280. Wings,https://www.imdb.com/title/tt0061196/?ref_=sr_t_280,1966,1h 25m,,7.6,2.3K
281. Waco,https://www.imdb.com/title/tt0061169/?ref_=sr_t_281,1966,1h 25m,Approved,5.4,377
282. Casa de mujeres,https://www.imdb.com/title/tt0060216/?ref_=sr_t_282,1966,1h 40m,,6.9,15
283. 10:30 P.M. Summer,https://www.imdb.com/title/tt0060045/?ref_=sr_t_283,1966,1h 25m,Not Rated,6.4,791
284. My Brother's Wife,https://www.imdb.com/title/tt0138636/?ref_=sr_t_284,1966,1h 1m,Not Rated,4.8,255
285. The Wild World of Batwoman,https://www.imdb.com/title/tt0061191/?ref_=sr_t_285,1966,1h 10m,G,1.8,4.8K
286. Once Before I Die,https://www.imdb.com/title/tt0059539/?ref_=sr_t_286,1966,1h 37m,Not Rated,3.9,306
287. By a Man's Face Shall You Know Him,https://www.imdb.com/title/tt0122646/?ref_=sr_t_287,1966,1h 29m,,6.9,160
288. Take Me Naked,https://www.imdb.com/title/tt0061060/?ref_=sr_t_288,1966,1h 9m,TV-14,4.7,202
289. Suraj,https://www.imdb.com/title/tt0061046/?ref_=sr_t_289,1966,2h 35m,Not Rated,6.7,171
290. Ambush Bay,https://www.imdb.com/title/tt0060098/?ref_=sr_t_290,1966,1h 49m,Approved,5.4,810
291. Mondo Keyhole,https://www.imdb.com/title/tt0230538/?ref_=sr_t_291,1966,1h 10m,Not Rated,5.9,187
292. Winnetou and the Crossbreed,https://www.imdb.com/title/tt0061197/?ref_=sr_t_292,1966,1h 30m,G,5.7,1.8K
293. Der var engang,https://www.imdb.com/title/tt0060298/?ref_=sr_t_293,1966,1h 43m,,5.4,99
294. Galia,https://www.imdb.com/title/tt0192056/?ref_=sr_t_294,1966,1h 45m,,6.6,201
295. One of Our Spies Is Missing,https://www.imdb.com/title/tt0060784/?ref_=sr_t_295,1966,1h 40m,Not Rated,5.4,478
"296. Who Are You, Polly Maggoo?",https://www.imdb.com/title/tt0060879/?ref_=sr_t_296,1966,1h 41m,Not Rated,6.8,1.3K
297. Return of the Gunfighter,https://www.imdb.com/title/tt0062194/?ref_=sr_t_297,1966,1h 38m,Not Rated,6.4,732
298. The Naked Fog,https://www.imdb.com/title/tt0057352/?ref_=sr_t_298,1966,1h 20m,,5.7,23
299. The Spy with a Cold Nose,https://www.imdb.com/title/tt0061022/?ref_=sr_t_299,1966,1h 33m,Not Rated,5.5,185
300. One Spy Too Many,https://www.imdb.com/title/tt0060783/?ref_=sr_t_300,1966,1h 42m,Not Rated,5.8,608
301. Fireball 500,https://www.imdb.com/title/tt0060415/?ref_=sr_t_301,1966,1h 32m,Unrated,5.1,662
302. Abschied von gestern - (Anita G.),https://www.imdb.com/title/tt0060063/?ref_=sr_t_302,1966,1h 28m,,6.9,1.1K
303. Maya,https://www.imdb.com/title/tt0060681/?ref_=sr_t_303,1966,1h 31m,,6.3,437
304. Hip Hot and 21,https://www.imdb.com/title/tt0140168/?ref_=sr_t_304,1966,1h 30m,,4.4,86
305. The Black Cat,https://www.imdb.com/title/tt0060171/?ref_=sr_t_305,1966,1h 13m,,5.5,477
306. The Vulture,https://www.imdb.com/title/tt0062463/?ref_=sr_t_306,1966,1h 31m,Approved,4.1,398
307. The Hunt,https://www.imdb.com/title/tt0060223/?ref_=sr_t_307,1966,1h 31m,,7.5,2.5K
308. The Projected Man,https://www.imdb.com/title/tt0062159/?ref_=sr_t_308,1966,1h 17m,Not Rated,3.7,1.1K
309. O papatrehas,https://www.imdb.com/title/tt0145300/?ref_=sr_t_309,1966,1h 30m,,7.9,926
310. Massacre of Pleasure,https://www.imdb.com/title/tt0143628/?ref_=sr_t_310,1966,1h 23m,,5.0,48
311. The Venetian Affair,https://www.imdb.com/title/tt0062432/?ref_=sr_t_311,1966,1h 29m,Approved,5.3,600
312. Stop the World: I Want to Get Off,https://www.imdb.com/title/tt0061034/?ref_=sr_t_312,1966,1h 40m,,5.2,205
313. Out of Sight,https://www.imdb.com/title/tt0060807/?ref_=sr_t_313,1966,1h 27m,Unrated,4.8,145
314. Love in Tokyo,https://www.imdb.com/title/tt0157944/?ref_=sr_t_314,1966,2h 44m,Not Rated,6.4,204
315. Slap af Frede!,https://www.imdb.com/title/tt0062279/?ref_=sr_t_315,1966,1h 45m,M,6.0,616
316. The Sandwich Man,https://www.imdb.com/title/tt0060936/?ref_=sr_t_316,1966,1h 35m,,5.5,452
317. Diplopennies,https://www.imdb.com/title/tt0144869/?ref_=sr_t_317,1966,1h 14m,,5.7,617
318. Mr. Angel,https://www.imdb.com/title/tt1577852/?ref_=sr_t_318,1966,1h 24m,Not Rated,3.1,13
319. The Psychopath,https://www.imdb.com/title/tt0060866/?ref_=sr_t_319,1966,1h 22m,Approved,6.0,1.2K
320. The Deadly Bees,https://www.imdb.com/title/tt0061557/?ref_=sr_t_320,1966,1h 24m,Approved,4.2,2.3K
321. Gammera the Invincible,https://www.imdb.com/title/tt0434964/?ref_=sr_t_321,1966,1h 26m,Unrated,5.0,1.4K
322. Judith,https://www.imdb.com/title/tt0060568/?ref_=sr_t_322,1966,1h 49m,Not Rated,5.6,471
323. Ringo and His Golden Pistol,https://www.imdb.com/title/tt0060563/?ref_=sr_t_323,1966,1h 27m,,5.6,699
324. Sound of Horror,https://www.imdb.com/title/tt0058601/?ref_=sr_t_324,1966,1h 31m,Unrated,4.9,479
325. Kutsukake Tokijiro - yukyo ippiki,https://www.imdb.com/title/tt0122577/?ref_=sr_t_325,1966,1h 30m,,7.4,114
326. Adulterio all'italiana,https://www.imdb.com/title/tt0060070/?ref_=sr_t_326,1966,1h 33m,,6.3,233
327. Orlovi rano lete,https://www.imdb.com/title/tt0060798/?ref_=sr_t_327,1966,1h 31m,,7.7,1K
328. New York City... Melting Point,https://www.imdb.com/title/tt3413658/?ref_=sr_t_328,1966,,,6.4,99
"329. Oh, Beautiful Istanbul",https://www.imdb.com/title/tt0062060/?ref_=sr_t_329,1966,1h 37m,,7.9,2.6K
330. Galpa Holeo Satyi,https://www.imdb.com/title/tt0366505/?ref_=sr_t_330,1966,1h 44m,,8.7,666
331. Girl on a Chain Gang,https://www.imdb.com/title/tt0059226/?ref_=sr_t_331,1966,1h 36m,,4.7,87
332. Devar,https://www.imdb.com/title/tt0060306/?ref_=sr_t_332,1966,2h 36m,,7.0,120
333. Violence at Noon,https://www.imdb.com/title/tt0060486/?ref_=sr_t_333,1966,1h 39m,,7.0,1.2K
334. The Fear,https://www.imdb.com/title/tt0144935/?ref_=sr_t_334,1966,1h 42m,,7.6,509
"335. Shoot Loud, Louder... I Don't Understand",https://www.imdb.com/title/tt0061008/?ref_=sr_t_335,1966,1h 40m,,4.7,171
336. Carriage to Vienna,https://www.imdb.com/title/tt0060597/?ref_=sr_t_336,1966,1h 18m,,7.7,1.2K
337. Killer's Carnival,https://www.imdb.com/title/tt0060213/?ref_=sr_t_337,1966,1h 34m,,4.8,204
338. Django Shoots First,https://www.imdb.com/title/tt0061582/?ref_=sr_t_338,1966,1h 35m,,6.0,648
339. Return of Daimajin,https://www.imdb.com/title/tt0062853/?ref_=sr_t_339,1966,1h 19m,Not Rated,6.4,1K
340. A New World,https://www.imdb.com/title/tt0061139/?ref_=sr_t_340,1966,1h 23m,,6.5,143
341. My Name Is Pecos,https://www.imdb.com/title/tt0060351/?ref_=sr_t_341,1966,1h 25m,,6.1,471
342. Bad Girls for the Boys,https://www.imdb.com/title/tt0211210/?ref_=sr_t_342,1966,1h 10m,,3.2,38
343. Samurai Wolf,https://www.imdb.com/title/tt0199680/?ref_=sr_t_343,1966,1h 15m,,7.1,837
344. Planet of the Female Invaders,https://www.imdb.com/title/tt0059604/?ref_=sr_t_344,1966,1h 26m,,4.6,129
345. The Upper Hand,https://www.imdb.com/title/tt0060349/?ref_=sr_t_345,1966,1h 26m,,6.1,718
"346. Carnaby, M.D.",https://www.imdb.com/title/tt0060321/?ref_=sr_t_346,1966,1h 37m,,5.7,501
347. Ladka Ladki,https://www.imdb.com/title/tt0175834/?ref_=sr_t_347,1966,,,6.2,31
348. Let's Not Get Angry,https://www.imdb.com/title/tt0059499/?ref_=sr_t_348,1966,1h 40m,,6.6,1.5K
349. Brick and Mirror,https://www.imdb.com/title/tt0122130/?ref_=sr_t_349,1966,2h 6m,,7.6,936
350. Jesse James Meets Frankenstein's Daughter,https://www.imdb.com/title/tt0060558/?ref_=sr_t_350,1966,1h 28m,Approved,3.4,2.1K
351. Il grande colpo dei 7 uomini d'oro,https://www.imdb.com/title/tt0061726/?ref_=sr_t_351,1966,1h 37m,,5.7,225
352. Pyar Kiye Jaa,https://www.imdb.com/title/tt0176075/?ref_=sr_t_352,1970,2h 9m,,7.2,227
353. Mera Saaya,https://www.imdb.com/title/tt0060689/?ref_=sr_t_353,1966,2h 8m,Not Rated,7.6,1K
354. Çalikusu,https://www.imdb.com/title/tt0208842/?ref_=sr_t_354,1966,2h 34m,,6.8,329
355. Los jinetes de la bruja (En el viejo Guanajuato),https://www.imdb.com/title/tt0128284/?ref_=sr_t_355,1966,1h 50m,,6.9,51
356. Missione speciale Lady Chaplin,https://www.imdb.com/title/tt0060704/?ref_=sr_t_356,1966,1h 39m,,5.8,277
357. The Forbidden,https://www.imdb.com/title/tt0218266/?ref_=sr_t_357,1966,1h 6m,,4.3,146
358. The Swap and How They Make It,https://www.imdb.com/title/tt0061050/?ref_=sr_t_358,1966,1h 41m,Not Rated,6.1,140
359. An American Dream,https://www.imdb.com/title/tt0060099/?ref_=sr_t_359,1966,1h 43m,Approved,4.8,560
360. Death Curse of Tartu,https://www.imdb.com/title/tt0060290/?ref_=sr_t_360,1966,1h 28m,Unrated,3.6,880
361. The Defector,https://www.imdb.com/title/tt0060295/?ref_=sr_t_361,1966,1h 46m,Not Rated,5.7,825
362. Knives of the Avenger,https://www.imdb.com/title/tt0059045/?ref_=sr_t_362,1966,1h 25m,Not Rated,5.6,962
363. Dyden går amok,https://www.imdb.com/title/tt0060360/?ref_=sr_t_363,1966,1h 48m,,5.7,69
"364. Don't Worry, We'll Think of a Title",https://www.imdb.com/title/tt0060332/?ref_=sr_t_364,1966,1h 23m,Not Rated,4.5,291
365. Way Out,https://www.imdb.com/title/tt0062478/?ref_=sr_t_365,1966,1h 42m,Not Rated,6.5,72
366. The Threat,https://www.imdb.com/title/tt0323472/?ref_=sr_t_366,1966,1h 24m,Not Rated,7.1,92
367. Hot Nights on the Campus,https://www.imdb.com/title/tt0125171/?ref_=sr_t_367,1966,1h 12m,Not Rated,5.2,92
368. Tears for Electra,https://www.imdb.com/title/tt0123029/?ref_=sr_t_368,1966,1h 24m,,6.2,201
369. Esta noche no,https://www.imdb.com/title/tt0059157/?ref_=sr_t_369,1966,1h 25m,,6.6,6
370. Naboerne,https://www.imdb.com/title/tt0060733/?ref_=sr_t_370,1966,1h 33m,,6.5,210
371. Johnny Yuma,https://www.imdb.com/title/tt0061846/?ref_=sr_t_371,1966,1h 40m,Not Rated,6.1,512
372. The Incredible Sex Revolution,https://www.imdb.com/title/tt0059310/?ref_=sr_t_372,1966,1h 26m,,4.7,42
373. Kid Rodelo,https://www.imdb.com/title/tt0059356/?ref_=sr_t_373,1966,1h 31m,Not Rated,5.7,147
374. Calendar Pin-up Girls,https://www.imdb.com/title/tt0134406/?ref_=sr_t_374,1966,1h 19m,,5.9,24
375. Tender Scoundrel,https://www.imdb.com/title/tt0061076/?ref_=sr_t_375,1966,1h 34m,,5.7,440
376. La recta final,https://www.imdb.com/title/tt0249911/?ref_=sr_t_376,1966,1h 55m,,,
377. Rat Pfink and Boo Boo,https://www.imdb.com/title/tt0059637/?ref_=sr_t_377,1966,1h 12m,Not Rated,4.3,986
378. Woman of the Lake,https://www.imdb.com/title/tt0060787/?ref_=sr_t_378,1966,1h 42m,,7.3,743
379. For Pete's Sake!,https://www.imdb.com/title/tt0212947/?ref_=sr_t_379,1966,1h 30m,,6.4,82
380. The Notorious Daughter of Fanny Hill,https://www.imdb.com/title/tt0060761/?ref_=sr_t_380,1966,1h 14m,X,3.4,173
381. Operazione Goldman,https://www.imdb.com/title/tt0060789/?ref_=sr_t_381,1966,1h 34m,Not Rated,4.9,361
382. La vida de Pedro Infante,https://www.imdb.com/title/tt0272344/?ref_=sr_t_382,1966,1h 55m,Not Rated,6.1,54
383. Savage Gringo,https://www.imdb.com/title/tt0060901/?ref_=sr_t_383,1966,1h 22m,,5.6,282
384. Mamta,https://www.imdb.com/title/tt0060659/?ref_=sr_t_384,1966,2h 30m,,7.0,147
385. Dollars for a Fast Gun,https://www.imdb.com/title/tt0060225/?ref_=sr_t_385,1966,1h 39m,,5.8,62
386. Jin pu sa,https://www.imdb.com/title/tt0060465/?ref_=sr_t_386,1966,1h 44m,,5.7,69
387. The Republic of ShKID,https://www.imdb.com/title/tt0135625/?ref_=sr_t_387,1966,1h 40m,G,7.8,1.2K
388. Thirst for Love,https://www.imdb.com/title/tt0060082/?ref_=sr_t_388,1966,1h 38m,,7.3,449
389. Johnny Colt,https://www.imdb.com/title/tt0222396/?ref_=sr_t_389,1966,1h 29m,,5.6,323
390. Fumo di Londra,https://www.imdb.com/title/tt0060993/?ref_=sr_t_390,1966,2h 2m,,5.7,350
391. Too Young for Love,https://www.imdb.com/title/tt2530824/?ref_=sr_t_391,1966,2h 5m,,7.1,935
392. Happy End am Wolfgangsee,https://www.imdb.com/title/tt0060041/?ref_=sr_t_392,1966,1h 34m,,4.3,64
393. Spies Strike Silently,https://www.imdb.com/title/tt0061013/?ref_=sr_t_393,1966,1h 25m,,5.3,162
394. Haiducii,https://www.imdb.com/title/tt0129979/?ref_=sr_t_394,1966,1h 31m,,7.6,353
395. The Plastic Dome of Norma Jean,https://www.imdb.com/title/tt0059605/?ref_=sr_t_395,1966,1h 22m,,6.5,103
396. Unkissed Bride,https://www.imdb.com/title/tt0061141/?ref_=sr_t_396,1966,1h 22m,,3.9,98
397. Johnny Reno,https://www.imdb.com/title/tt0060564/?ref_=sr_t_397,1966,1h 23m,Approved,5.7,627
398. The Priest and the Girl,https://www.imdb.com/title/tt0059560/?ref_=sr_t_398,1966,1h 30m,,7.3,528
399. La soldadera,https://www.imdb.com/title/tt0060999/?ref_=sr_t_399,1966,1h 28m,,6.9,91
400. Death of a Bureaucrat,https://www.imdb.com/title/tt0060722/?ref_=sr_t_400,1966,1h 25m,Unrated,7.6,1.5K
401. Ekdromi,https://www.imdb.com/title/tt0144889/?ref_=sr_t_401,1966,1h 25m,,7.2,209
402. The Stranger Within a Woman,https://www.imdb.com/title/tt0060786/?ref_=sr_t_402,1966,1h 42m,,7.4,476
"403. My Daughter, the Socialist",https://www.imdb.com/title/tt0135509/?ref_=sr_t_403,1966,1h 34m,,6.0,1.5K
404. Killers Are Challenged,https://www.imdb.com/title/tt0060051/?ref_=sr_t_404,1966,1h 24m,,5.2,153
405. Bonanza: Ride the Wind,https://www.imdb.com/title/tt13852490/?ref_=sr_t_405,1966,1h 40m,Not Rated,6.3,51
406. Venom,https://www.imdb.com/title/tt0125764/?ref_=sr_t_406,1966,1h 36m,,5.8,82
407. Yankee,https://www.imdb.com/title/tt0059924/?ref_=sr_t_407,1966,1h 36m,,5.6,489
408. Käpy selän alla,https://www.imdb.com/title/tt0060613/?ref_=sr_t_408,1966,1h 29m,,6.7,819
409. Fighting Elegy,https://www.imdb.com/title/tt0060586/?ref_=sr_t_409,1966,1h 26m,Not Rated,6.9,1.7K
410. Target for Killing,https://www.imdb.com/title/tt0060449/?ref_=sr_t_410,1966,1h 33m,,5.4,221
411. Liselotte von der Pfalz,https://www.imdb.com/title/tt0060631/?ref_=sr_t_411,1966,1h 39m,,7.2,86
412. The Last of the Secret Agents?,https://www.imdb.com/title/tt0060619/?ref_=sr_t_412,1966,1h 32m,,4.6,267
413. Seven Dollars to Kill,https://www.imdb.com/title/tt0060978/?ref_=sr_t_413,1966,1h 25m,Not Rated,5.5,363
414. Uccidete Johnny Ringo,https://www.imdb.com/title/tt0060589/?ref_=sr_t_414,1966,1h 35m,,5.2,56
415. Krybskytterne på Næsbygård,https://www.imdb.com/title/tt0060609/?ref_=sr_t_415,1966,1h 27m,,5.5,237
416. Agony of Love,https://www.imdb.com/title/tt0122879/?ref_=sr_t_416,1966,1h 23m,,4.6,152
417. Aakhri Khat,https://www.imdb.com/title/tt0140784/?ref_=sr_t_417,1966,2h 33m,,7.5,159
418. Mondo Bizarro,https://www.imdb.com/title/tt0188909/?ref_=sr_t_418,1966,1h 20m,,4.2,270
419. The Secrets of Sinful Athens,https://www.imdb.com/title/tt0145106/?ref_=sr_t_419,1966,1h 31m,,5.2,31
420. Yeh Raat Phir Na Aaygi,https://www.imdb.com/title/tt0061206/?ref_=sr_t_420,1966,2h 19m,,7.1,89
421. La ciudad no es para mí,https://www.imdb.com/title/tt0060240/?ref_=sr_t_421,1966,1h 36m,,6.0,559
422. Ali Baba and 40 Thieves,https://www.imdb.com/title/tt3704456/?ref_=sr_t_422,1966,2h 34m,Not Rated,6.3,23
423. Ibulong mo sa hangin,https://www.imdb.com/title/tt0065603/?ref_=sr_t_423,1966,1h 30m,GP,4.1,392
424. Terror Beneath the Sea,https://www.imdb.com/title/tt0060580/?ref_=sr_t_424,1966,1h 19m,,4.7,646
425. Wrath of Daimajin,https://www.imdb.com/title/tt0062852/?ref_=sr_t_425,1966,1h 27m,Not Rated,6.2,871
426. Erkek ve disi,https://www.imdb.com/title/tt0415781/?ref_=sr_t_426,1966,1h 26m,,5.1,23
427. The Idol,https://www.imdb.com/title/tt0060533/?ref_=sr_t_427,1966,1h 49m,,5.3,181
428. Mondo Freudo,https://www.imdb.com/title/tt0063321/?ref_=sr_t_428,1966,1h 16m,,4.0,224
429. Hold On!,https://www.imdb.com/title/tt0060512/?ref_=sr_t_429,1966,1h 25m,Approved,4.6,389
430. Agent 505 - Todesfalle Beirut,https://www.imdb.com/title/tt0058878/?ref_=sr_t_430,1966,1h 33m,,5.1,173
431. Baharen Phir Bhi Aayengi,https://www.imdb.com/title/tt0060145/?ref_=sr_t_431,1966,2h 19m,,6.8,119
432. Tre små piger,https://www.imdb.com/title/tt0061118/?ref_=sr_t_432,1966,1h 32m,,5.8,98
433. Carmen from Kawachi,https://www.imdb.com/title/tt0060585/?ref_=sr_t_433,1966,1h 29m,,7.1,205
434. Fantom Morrisvillu,https://www.imdb.com/title/tt0161562/?ref_=sr_t_434,1966,1h 29m,,7.3,458
435. Chappaqua,https://www.imdb.com/title/tt0059025/?ref_=sr_t_435,1966,1h 22m,Not Rated,6.4,634
436. ....mehri to ploio,https://www.imdb.com/title/tt0200855/?ref_=sr_t_436,1966,1h 29m,,7.1,218
437. Requiem for a Secret Agent,https://www.imdb.com/title/tt0059648/?ref_=sr_t_437,1966,1h 42m,,5.4,147
438. Change of Life,https://www.imdb.com/title/tt0060720/?ref_=sr_t_438,1966,1h 34m,,7.2,472
439. Taste of Killing,https://www.imdb.com/title/tt0061458/?ref_=sr_t_439,1966,1h 26m,,5.8,377
440. Cuando tú no estás,https://www.imdb.com/title/tt0060264/?ref_=sr_t_440,1966,1h 31m,,7.1,102
441. Johnny Tiger,https://www.imdb.com/title/tt0060565/?ref_=sr_t_441,1966,1h 42m,,6.9,83
442. Single Room Furnished,https://www.imdb.com/title/tt0063607/?ref_=sr_t_442,1966,1h 33m,PG,4.4,535
443. A Grande Cidade ou As Aventuras e Desventuras de Luzia e Seus 3 Amigos Chegados de Longe,https://www.imdb.com/title/tt0060473/?ref_=sr_t_443,1966,1h 20m,,6.9,169
"444. Gavriela, i amartoli tis Athinas",https://www.imdb.com/title/tt0144942/?ref_=sr_t_444,1966,1h 25m,,3.7,8
445. A Matter of Resistance,https://www.imdb.com/title/tt0059872/?ref_=sr_t_445,1966,1h 33m,,6.8,1.2K
"446. Another Day, Another Man",https://www.imdb.com/title/tt0060111/?ref_=sr_t_446,1966,1h 11m,Not Rated,4.9,295
"447. Namu, the Killer Whale",https://www.imdb.com/title/tt0060737/?ref_=sr_t_447,1966,1h 29m,PG,5.7,376
448. Malkoçoglu,https://www.imdb.com/title/tt0392393/?ref_=sr_t_448,1966,1h 36m,,6.5,1.1K
449. Love Is a Woman,https://www.imdb.com/title/tt0060291/?ref_=sr_t_449,1966,1h 20m,Not Rated,4.6,175
450. Mondo oscenità,https://www.imdb.com/title/tt0251854/?ref_=sr_t_450,1966,1h 9m,,6.5,36
451. Saaz Aur Awaaz,https://www.imdb.com/title/tt0245405/?ref_=sr_t_451,1966,2h 15m,Not Rated,6.1,22
452. Aroused,https://www.imdb.com/title/tt0060127/?ref_=sr_t_452,1966,1h 18m,,5.7,224
453. Stefania,https://www.imdb.com/title/tt0145491/?ref_=sr_t_453,1966,1h 35m,,6.5,349
454. The Love Cult,https://www.imdb.com/title/tt0151395/?ref_=sr_t_454,1966,1h 5m,,4.0,120
455. Magic Serpent,https://www.imdb.com/title/tt0060579/?ref_=sr_t_455,1966,1h 26m,Not Rated,6.3,443
456. Ypotron - Final Countdown,https://www.imdb.com/title/tt0059935/?ref_=sr_t_456,1966,1h 40m,,5.6,68
457. Who Killed Johnny R.?,https://www.imdb.com/title/tt0061175/?ref_=sr_t_457,1966,1h 31m,,5.6,118
458. Finders Keepers,https://www.imdb.com/title/tt0060413/?ref_=sr_t_458,1966,1h 34m,Not Rated,5.0,182
459. The Girl and the Viscount,https://www.imdb.com/title/tt0124058/?ref_=sr_t_459,1966,1h 36m,,6.4,332
460. Birds Do It,https://www.imdb.com/title/tt0060169/?ref_=sr_t_460,1966,1h 28m,,4.6,156
461. El Greco,https://www.imdb.com/title/tt0057026/?ref_=sr_t_461,1966,1h 35m,Approved,6.2,205
462. Superboy,https://www.imdb.com/title/tt0219332/?ref_=sr_t_462,1966,,,6.1,69
"463. Run, Appaloosa, Run",https://www.imdb.com/title/tt0249129/?ref_=sr_t_463,1966,47m,TV-G,6.8,88
464. The Alley Cats,https://www.imdb.com/title/tt0064006/?ref_=sr_t_464,1966,1h 23m,,4.8,233
465. Cash Calls Hell,https://www.imdb.com/title/tt0165304/?ref_=sr_t_465,1966,1h 32m,,7.4,406
466. Deux heures à tuer,https://www.imdb.com/title/tt0215709/?ref_=sr_t_466,1966,1h 23m,,5.5,197
467. Dil Ne Phir Yaad Kiya,https://www.imdb.com/title/tt0371636/?ref_=sr_t_467,1966,2h 27m,,6.1,80
468. El alazán y el rosillo,https://www.imdb.com/title/tt0280410/?ref_=sr_t_468,1966,1h 35m,Not Rated,6.6,23
469. Footsteps in the Snow,https://www.imdb.com/title/tt0060421/?ref_=sr_t_469,1966,1h 30m,TV-14,5.5,66
470. Red Midnight,https://www.imdb.com/title/tt29266597/?ref_=sr_t_470,1966,1h 32m,,4.1,85
471. Il vostro super agente Flit,https://www.imdb.com/title/tt0216391/?ref_=sr_t_471,1966,1h 28m,,6.4,25
472. Too Many Thieves,https://www.imdb.com/title/tt0061105/?ref_=sr_t_472,1966,1h 40m,,6.2,125
473. Father,https://www.imdb.com/title/tt0060116/?ref_=sr_t_473,1966,1h 28m,Not Rated,7.5,1.1K
474. Picnic,https://www.imdb.com/title/tt0234462/?ref_=sr_t_474,1966,2h 18m,Not Rated,8.0,29
475. Sawan Ki Ghata,https://www.imdb.com/title/tt0176121/?ref_=sr_t_475,1966,2h 16m,Not Rated,6.2,78
476. Do Badan,https://www.imdb.com/title/tt0231469/?ref_=sr_t_476,1966,,,6.9,128
477. Lange Beine - lange Finger,https://www.imdb.com/title/tt0060617/?ref_=sr_t_477,1966,1h 32m,,5.9,120
478. The Plainsman,https://www.imdb.com/title/tt0060842/?ref_=sr_t_478,1966,1h 32m,Approved,5.2,274
479. Daadi Maa,https://www.imdb.com/title/tt0175546/?ref_=sr_t_479,1966,2h 51m,Not Rated,6.2,30
480. The Velvet Underground and Nico,https://www.imdb.com/title/tt0061149/?ref_=sr_t_480,1966,1h 10m,,6.6,420
481. Countdown to Doomsday,https://www.imdb.com/title/tt0060443/?ref_=sr_t_481,1966,1h 33m,,6.1,42
482. Il ladro della Gioconda,https://www.imdb.com/title/tt0060615/?ref_=sr_t_482,1966,1h 44m,,5.4,169
483. Superargo vs. Diabolicus,https://www.imdb.com/title/tt0062319/?ref_=sr_t_483,1966,1h 28m,G,4.7,409
484. Iruttinte Athmavu,https://www.imdb.com/title/tt0155763/?ref_=sr_t_484,1966,2h 27m,,7.2,21
485. Wake Up and Die,https://www.imdb.com/title/tt0061049/?ref_=sr_t_485,1966,1h 42m,Not Rated,6.2,449
486. The Spy Who Loved Flowers,https://www.imdb.com/title/tt0061011/?ref_=sr_t_486,1966,1h 33m,,5.2,135
487. The Three Sisters,https://www.imdb.com/title/tt0061092/?ref_=sr_t_487,1966,2h 48m,,6.8,151
488. Balearic Caper,https://www.imdb.com/title/tt0061212/?ref_=sr_t_488,1966,1h 37m,,5.3,85
489. Pati Patni,https://www.imdb.com/title/tt0176011/?ref_=sr_t_489,1966,2h 39m,Not Rated,6.1,46
490. Paris au mois d'août,https://www.imdb.com/title/tt0059564/?ref_=sr_t_490,1966,1h 34m,,6.9,136
491. Castle of Evil,https://www.imdb.com/title/tt0060219/?ref_=sr_t_491,1966,1h 21m,Unrated,4.5,324
492. Lust in the Swamps,https://www.imdb.com/title/tt0145405/?ref_=sr_t_492,1966,1h 30m,,5.3,27
493. Der lachende Mann - Bekenntnisse eines Mörders,https://www.imdb.com/title/tt0165853/?ref_=sr_t_493,1966,1h 6m,,7.1,194
494. That Woman,https://www.imdb.com/title/tt0060845/?ref_=sr_t_494,1966,1h 31m,R,6.0,186
"495. My Sister, My Love",https://www.imdb.com/title/tt0061055/?ref_=sr_t_495,1966,1h 37m,,7.2,570
496. Sugar Colt,https://www.imdb.com/title/tt0061040/?ref_=sr_t_496,1966,1h 46m,,6.2,489
"497. Istoriya Asi Klyachinoy, kotoraya lyubila, da ne vyshla zamuzh",https://www.imdb.com/title/tt0060549/?ref_=sr_t_497,1966,1h 39m,,7.2,673
498. Butaságom története,https://www.imdb.com/title/tt0059001/?ref_=sr_t_498,1966,1h 23m,,7.6,207
499. Le voyage du père,https://www.imdb.com/title/tt0061165/?ref_=sr_t_499,1966,1h 30m,,6.5,176
500. Aaye Din Bahar Ke,https://www.imdb.com/title/tt0229952/?ref_=sr_t_500,1966,2h 50m,,6.4,145
