Title,Movie Link,Year,Duration,MPA,Rating,Votes
1. Star Wars: Episode VIII - The Last Jedi,https://www.imdb.com/title/tt2527336/?ref_=sr_t_1,2017,2h 32m,PG-13,6.9,687K
2. Beauty and the Beast,https://www.imdb.com/title/tt2771200/?ref_=sr_t_2,2017,2h 9m,PG,7.1,342K
3. Wonder Woman,https://www.imdb.com/title/tt0451279/?ref_=sr_t_3,2017,2h 21m,PG-13,7.3,713K
4. Jumanji: Welcome to the Jungle,https://www.imdb.com/title/tt2283362/?ref_=sr_t_4,2017,1h 59m,PG-13,7.0,469K
5. Guardians of the Galaxy Vol. 2,https://www.imdb.com/title/tt3896198/?ref_=sr_t_5,2017,2h 16m,PG-13,7.6,782K
6. Spider-Man: Homecoming,https://www.imdb.com/title/tt2250912/?ref_=sr_t_6,2017,2h 13m,PG-13,7.4,743K
7. It,https://www.imdb.com/title/tt1396484/?ref_=sr_t_7,2017,2h 15m,R,7.3,632K
8. Thor: Ragnarok,https://www.imdb.com/title/tt3501632/?ref_=sr_t_8,2017,2h 10m,PG-13,7.9,841K
9. Despicable Me 3,https://www.imdb.com/title/tt3469046/?ref_=sr_t_9,2017,1h 29m,PG,6.3,165K
10. Justice League,https://www.imdb.com/title/tt0974015/?ref_=sr_t_10,2017,2h,PG-13,6.0,487K
11. Logan,https://www.imdb.com/title/tt3315342/?ref_=sr_t_11,2017,2h 17m,R,8.1,874K
12. The Fate of the Furious,https://www.imdb.com/title/tt4630562/?ref_=sr_t_12,2017,2h 16m,PG-13,6.6,261K
13. Coco,https://www.imdb.com/title/tt2380307/?ref_=sr_t_13,2017,1h 45m,PG,8.4,631K
14. Dunkirk,https://www.imdb.com/title/tt5013056/?ref_=sr_t_14,2017,1h 46m,PG-13,7.8,762K
15. Get Out,https://www.imdb.com/title/tt5052448/?ref_=sr_t_15,2017,1h 44m,R,7.8,742K
16. The Lego Batman Movie,https://www.imdb.com/title/tt4116284/?ref_=sr_t_16,2017,1h 44m,PG,7.3,179K
17. The Boss Baby,https://www.imdb.com/title/tt3874544/?ref_=sr_t_17,2017,1h 37m,PG,6.3,147K
18. The Greatest Showman,https://www.imdb.com/title/tt1485796/?ref_=sr_t_18,2017,1h 45m,PG,7.5,325K
19. Pirates of the Caribbean: Dead Men Tell No Tales,https://www.imdb.com/title/tt1790809/?ref_=sr_t_19,2017,2h 9m,PG-13,6.5,359K
20. Kong: Skull Island,https://www.imdb.com/title/tt3731562/?ref_=sr_t_20,2017,1h 58m,PG-13,6.7,359K
21. Cars 3,https://www.imdb.com/title/tt3606752/?ref_=sr_t_21,2017,1h 42m,G,6.7,131K
22. War for the Planet of the Apes,https://www.imdb.com/title/tt3450958/?ref_=sr_t_22,2017,2h 20m,PG-13,7.4,311K
23. Wonder,https://www.imdb.com/title/tt2543472/?ref_=sr_t_23,2017,1h 53m,PG,7.9,185K
24. Transformers: The Last Knight,https://www.imdb.com/title/tt3371366/?ref_=sr_t_24,2017,2h 34m,PG-13,5.2,175K
25. Girls Trip,https://www.imdb.com/title/tt3564472/?ref_=sr_t_25,2017,2h 2m,R,6.2,41K
26. Fifty Shades Darker,https://www.imdb.com/title/tt4465564/?ref_=sr_t_26,2017,1h 58m,R,4.6,115K
27. The Upside,https://www.imdb.com/title/tt1987680/?ref_=sr_t_27,2017,2h 6m,PG-13,7.0,66K
28. Baby Driver,https://www.imdb.com/title/tt3890160/?ref_=sr_t_28,2017,1h 53m,R,7.5,637K
29. Pitch Perfect 3,https://www.imdb.com/title/tt4765284/?ref_=sr_t_29,2017,1h 33m,PG-13,5.8,74K
30. Daddy's Home 2,https://www.imdb.com/title/tt5657846/?ref_=sr_t_30,2017,1h 40m,PG-13,6.0,87K
31. Murder on the Orient Express,https://www.imdb.com/title/tt3402236/?ref_=sr_t_31,2017,1h 54m,PG-13,6.5,306K
32. Annabelle: Creation,https://www.imdb.com/title/tt5140878/?ref_=sr_t_32,2017,1h 49m,R,6.5,156K
33. Kingsman: The Golden Circle,https://www.imdb.com/title/tt4649466/?ref_=sr_t_33,2017,2h 21m,R,6.7,378K
34. Blade Runner 2049,https://www.imdb.com/title/tt1856101/?ref_=sr_t_34,2017,2h 44m,R,8.0,697K
35. John Wick: Chapter 2,https://www.imdb.com/title/tt4425200/?ref_=sr_t_35,2017,2h 2m,R,7.4,530K
36. The Emoji Movie,https://www.imdb.com/title/tt4877122/?ref_=sr_t_36,2017,1h 26m,PG,3.4,74K
37. Power Rangers,https://www.imdb.com/title/tt3717490/?ref_=sr_t_37,2017,2h 4m,PG-13,5.9,116K
38. Ferdinand,https://www.imdb.com/title/tt3411444/?ref_=sr_t_38,2017,1h 48m,PG,6.7,67K
39. The Post,https://www.imdb.com/title/tt6294822/?ref_=sr_t_39,2017,1h 56m,PG-13,7.2,166K
40. The Mummy,https://www.imdb.com/title/tt2345759/?ref_=sr_t_40,2017,1h 50m,PG-13,5.4,212K
41. The Hitman's Bodyguard,https://www.imdb.com/title/tt1959563/?ref_=sr_t_41,2017,1h 58m,R,6.9,253K
42. Alien: Covenant,https://www.imdb.com/title/tt2316204/?ref_=sr_t_42,2017,2h 2m,R,6.4,325K
43. Captain Underpants: The First Epic Movie,https://www.imdb.com/title/tt2091256/?ref_=sr_t_43,2017,1h 29m,PG,6.2,34K
44. A Bad Moms Christmas,https://www.imdb.com/title/tt6359956/?ref_=sr_t_44,2017,1h 44m,R,5.6,60K
45. A Dog's Purpose,https://www.imdb.com/title/tt1753383/?ref_=sr_t_45,2017,1h 40m,PG,7.2,82K
46. The Shape of Water,https://www.imdb.com/title/tt5580390/?ref_=sr_t_46,2017,2h 3m,R,7.3,456K
47. The Lego Ninjago Movie,https://www.imdb.com/title/tt3014284/?ref_=sr_t_47,2017,1h 41m,PG,6.1,31K
48. Baywatch,https://www.imdb.com/title/tt1469304/?ref_=sr_t_48,2017,1h 56m,R,5.5,208K
49. The Shack,https://www.imdb.com/title/tt2872518/?ref_=sr_t_49,2017,2h 12m,PG-13,6.3,40K
50. Darkest Hour,https://www.imdb.com/title/tt4555426/?ref_=sr_t_50,2017,2h 5m,PG-13,7.4,227K
51. Happy Death Day,https://www.imdb.com/title/tt5308322/?ref_=sr_t_51,2017,1h 36m,PG-13,6.6,172K
"52. Three Billboards Outside Ebbing, Missouri",https://www.imdb.com/title/tt5027774/?ref_=sr_t_52,2017,1h 55m,R,8.1,572K
53. Atomic Blonde,https://www.imdb.com/title/tt2406566/?ref_=sr_t_53,2017,1h 55m,R,6.7,212K
54. American Made,https://www.imdb.com/title/tt3532216/?ref_=sr_t_54,2017,1h 55m,R,7.1,216K
55. The Dark Tower,https://www.imdb.com/title/tt1648190/?ref_=sr_t_55,2017,1h 35m,PG-13,5.6,149K
56. Lady Bird,https://www.imdb.com/title/tt4925292/?ref_=sr_t_56,2017,1h 34m,R,7.4,345K
57. Boo 2! A Madea Halloween,https://www.imdb.com/title/tt6217804/?ref_=sr_t_57,2017,1h 41m,PG-13,4.0,5.4K
58. Snatched,https://www.imdb.com/title/tt2334871/?ref_=sr_t_58,2017,1h 30m,R,4.7,38K
59. Smurfs: The Lost Village,https://www.imdb.com/title/tt2398241/?ref_=sr_t_59,2017,1h 30m,PG,6.0,25K
60. Going in Style,https://www.imdb.com/title/tt2568862/?ref_=sr_t_60,2017,1h 36m,PG-13,6.6,94K
61. All Eyez on Me,https://www.imdb.com/title/tt1666185/?ref_=sr_t_61,2017,2h 19m,R,5.9,25K
62. xXx: Return of Xander Cage,https://www.imdb.com/title/tt1293847/?ref_=sr_t_62,2017,1h 47m,PG-13,5.2,99K
63. 47 Meters Down,https://www.imdb.com/title/tt2932536/?ref_=sr_t_63,2017,1h 29m,PG-13,5.6,63K
64. The Big Sick,https://www.imdb.com/title/tt5462602/?ref_=sr_t_64,2017,2h,R,7.5,146K
65. Valerian and the City of a Thousand Planets,https://www.imdb.com/title/tt2239822/?ref_=sr_t_65,2017,2h 16m,PG-13,6.4,202K
66. Paddington 2,https://www.imdb.com/title/tt4468740/?ref_=sr_t_66,2017,1h 43m,PG,7.8,100K
67. The Star,https://www.imdb.com/title/tt4587656/?ref_=sr_t_67,2017,1h 26m,PG,6.3,10K
68. Ghost in the Shell,https://www.imdb.com/title/tt1219827/?ref_=sr_t_68,2017,1h 47m,PG-13,6.3,232K
69. King Arthur: Legend of the Sword,https://www.imdb.com/title/tt1972591/?ref_=sr_t_69,2017,2h 6m,PG-13,6.7,238K
70. Jigsaw,https://www.imdb.com/title/tt3348730/?ref_=sr_t_70,2017,1h 32m,R,5.7,97K
71. American Assassin,https://www.imdb.com/title/tt1961175/?ref_=sr_t_71,2017,1h 51m,R,6.2,95K
72. The Foreigner,https://www.imdb.com/title/tt1615160/?ref_=sr_t_72,2017,1h 53m,R,7.0,127K
"73. Everything, Everything",https://www.imdb.com/title/tt5001718/?ref_=sr_t_73,2017,1h 36m,PG-13,6.3,43K
74. Wind River,https://www.imdb.com/title/tt5362988/?ref_=sr_t_74,2017,1h 47m,R,7.7,291K
75. Geostorm,https://www.imdb.com/title/tt1981128/?ref_=sr_t_75,2017,1h 51m,PG-13,5.3,123K
76. Fist Fight,https://www.imdb.com/title/tt3401882/?ref_=sr_t_76,2017,1h 31m,R,5.6,47K
77. How to Be a Latin Lover,https://www.imdb.com/title/tt4795124/?ref_=sr_t_77,2017,1h 55m,PG-13,6.0,18K
78. Kidnap,https://www.imdb.com/title/tt1458169/?ref_=sr_t_78,2017,1h 35m,R,5.9,40K
79. The Mountain Between Us,https://www.imdb.com/title/tt2226597/?ref_=sr_t_79,2017,1h 52m,PG-13,6.4,84K
80. Life,https://www.imdb.com/title/tt5442430/?ref_=sr_t_80,2017,1h 44m,R,6.6,263K
"81. I, Tonya",https://www.imdb.com/title/tt5580036/?ref_=sr_t_81,2017,1h 59m,R,7.5,250K
82. Hostiles,https://www.imdb.com/title/tt5478478/?ref_=sr_t_82,2017,2h 14m,R,7.2,99K
83. Molly's Game,https://www.imdb.com/title/tt4209788/?ref_=sr_t_83,2017,2h 20m,R,7.4,194K
84. The Nut Job 2: Nutty by Nature,https://www.imdb.com/title/tt3486626/?ref_=sr_t_84,2017,1h 31m,PG,5.5,7.5K
85. Rings,https://www.imdb.com/title/tt0498381/?ref_=sr_t_85,2017,1h 42m,PG-13,4.5,44K
86. Logan Lucky,https://www.imdb.com/title/tt5439796/?ref_=sr_t_86,2017,1h 58m,PG-13,7.0,169K
87. Home Again,https://www.imdb.com/title/tt5719700/?ref_=sr_t_87,2017,1h 37m,PG-13,5.8,36K
88. The House,https://www.imdb.com/title/tt4481514/?ref_=sr_t_88,2017,1h 28m,R,5.6,48K
89. All the Money in the World,https://www.imdb.com/title/tt5294550/?ref_=sr_t_89,2017,2h 12m,R,6.8,93K
90. Gifted,https://www.imdb.com/title/tt4481414/?ref_=sr_t_90,2017,1h 41m,PG-13,7.6,145K
91. Downsizing,https://www.imdb.com/title/tt1389072/?ref_=sr_t_91,2017,2h 15m,R,5.8,130K
92. The Bye Bye Man,https://www.imdb.com/title/tt4030600/?ref_=sr_t_92,2017,1h 36m,PG-13,4.3,27K
93. Victoria & Abdul,https://www.imdb.com/title/tt5816682/?ref_=sr_t_93,2017,1h 51m,PG-13,6.8,39K
94. Rough Night,https://www.imdb.com/title/tt4799050/?ref_=sr_t_94,2017,1h 41m,R,5.2,57K
95. My Little Pony: The Movie,https://www.imdb.com/title/tt4131800/?ref_=sr_t_95,2017,1h 39m,PG,6.1,8.3K
96. Phantom Thread,https://www.imdb.com/title/tt5776858/?ref_=sr_t_96,2017,2h 10m,R,7.4,150K
97. The Disaster Artist,https://www.imdb.com/title/tt3521126/?ref_=sr_t_97,2017,1h 44m,R,7.3,167K
98. Sleepless,https://www.imdb.com/title/tt2072233/?ref_=sr_t_98,2017,1h 35m,R,5.6,35K
99. Diary of a Wimpy Kid: The Long Haul,https://www.imdb.com/title/tt6003368/?ref_=sr_t_99,2017,1h 31m,PG,4.3,12K
100. The Circle,https://www.imdb.com/title/tt4287320/?ref_=sr_t_100,2017,1h 50m,PG-13,5.4,102K
101. Baahubali 2: The Conclusion,https://www.imdb.com/title/tt4849438/?ref_=sr_t_101,2017,2h 47m,Not Rated,8.2,121K
102. CHIPS,https://www.imdb.com/title/tt0493405/?ref_=sr_t_102,2017,1h 40m,R,6.0,52K
103. Only the Brave,https://www.imdb.com/title/tt3829920/?ref_=sr_t_103,2017,2h 14m,PG-13,7.6,81K
104. Call Me by Your Name,https://www.imdb.com/title/tt5726616/?ref_=sr_t_104,2017,2h 12m,R,7.8,331K
105. Mother!,https://www.imdb.com/title/tt5109784/?ref_=sr_t_105,2017,2h 1m,R,6.6,257K
106. The Zookeeper's Wife,https://www.imdb.com/title/tt1730768/?ref_=sr_t_106,2017,2h 7m,PG-13,7.0,48K
107. Father Figures,https://www.imdb.com/title/tt1966359/?ref_=sr_t_107,2017,1h 53m,R,5.5,23K
108. Chappaquiddick,https://www.imdb.com/title/tt5270948/?ref_=sr_t_108,2017,1h 46m,PG-13,6.4,15K
109. The Glass Castle,https://www.imdb.com/title/tt2378507/?ref_=sr_t_109,2017,2h 7m,PG-13,7.1,39K
110. Flatliners,https://www.imdb.com/title/tt2039338/?ref_=sr_t_110,2017,1h 49m,PG-13,5.2,52K
111. Detroit,https://www.imdb.com/title/tt5390504/?ref_=sr_t_111,2017,2h 23m,R,7.3,57K
112. The Case for Christ,https://www.imdb.com/title/tt6113488/?ref_=sr_t_112,2017,1h 52m,PG,6.3,11K
113. Wish Upon,https://www.imdb.com/title/tt5322012/?ref_=sr_t_113,2017,1h 30m,PG-13,5.1,24K
114. It Comes at Night,https://www.imdb.com/title/tt4695012/?ref_=sr_t_114,2017,1h 31m,R,6.1,107K
115. Megan Leavey,https://www.imdb.com/title/tt4899370/?ref_=sr_t_115,2017,1h 56m,PG-13,7.1,29K
116. Battle of the Sexes,https://www.imdb.com/title/tt4622512/?ref_=sr_t_116,2017,2h 1m,PG-13,6.7,61K
117. Before I Fall,https://www.imdb.com/title/tt1691916/?ref_=sr_t_117,2017,1h 38m,PG-13,6.4,58K
"118. Roman J. Israel, Esq.",https://www.imdb.com/title/tt6000478/?ref_=sr_t_118,2017,2h 2m,PG-13,6.5,45K
119. Unforgettable,https://www.imdb.com/title/tt3462710/?ref_=sr_t_119,2017,1h 40m,R,5.1,17K
120. The Beguiled,https://www.imdb.com/title/tt5592248/?ref_=sr_t_120,2017,1h 33m,R,6.3,64K
121. Marshall,https://www.imdb.com/title/tt5301662/?ref_=sr_t_121,2017,1h 58m,PG-13,7.3,27K
122. The Wife,https://www.imdb.com/title/tt3750872/?ref_=sr_t_122,2017,1h 39m,R,7.2,44K
123. Thank You for Your Service,https://www.imdb.com/title/tt2776878/?ref_=sr_t_123,2017,1h 49m,R,6.6,16K
124. The Death of Stalin,https://www.imdb.com/title/tt4686844/?ref_=sr_t_124,2017,1h 47m,R,7.3,118K
125. The Space Between Us,https://www.imdb.com/title/tt3922818/?ref_=sr_t_125,2017,2h,PG-13,6.4,57K
126. Let There Be Light,https://www.imdb.com/title/tt5804314/?ref_=sr_t_126,2017,1h 40m,PG-13,4.6,3.3K
127. Beatriz at Dinner,https://www.imdb.com/title/tt5929750/?ref_=sr_t_127,2017,1h 22m,R,6.0,11K
128. Loving Vincent,https://www.imdb.com/title/tt3262342/?ref_=sr_t_128,2017,1h 34m,PG-13,7.8,65K
129. The Snowman,https://www.imdb.com/title/tt1758810/?ref_=sr_t_129,2017,1h 59m,R,5.2,74K
130. Same Kind of Different as Me,https://www.imdb.com/title/tt1230168/?ref_=sr_t_130,2017,1h 59m,PG-13,6.6,8.7K
131. Just Getting Started,https://www.imdb.com/title/tt5721088/?ref_=sr_t_131,2017,1h 31m,PG-13,4.6,8.6K
132. The Current War,https://www.imdb.com/title/tt2140507/?ref_=sr_t_132,2017,1h 42m,PG-13,6.5,32K
133. The Florida Project,https://www.imdb.com/title/tt5649144/?ref_=sr_t_133,2017,1h 51m,R,7.6,135K
134. All Saints,https://www.imdb.com/title/tt4663548/?ref_=sr_t_134,2017,1h 48m,PG,6.3,2.1K
135. Suburbicon,https://www.imdb.com/title/tt0491175/?ref_=sr_t_135,2017,1h 45m,R,5.8,48K
136. The Man Who Invented Christmas,https://www.imdb.com/title/tt6225520/?ref_=sr_t_136,2017,1h 44m,PG,7.0,20K
137. Tiger Zinda Hai,https://www.imdb.com/title/tt5956100/?ref_=sr_t_137,2017,2h 41m,Not Rated,5.9,35K
138. The Book of Henry,https://www.imdb.com/title/tt4572792/?ref_=sr_t_138,2017,1h 45m,PG-13,6.6,30K
139. Stronger,https://www.imdb.com/title/tt3881784/?ref_=sr_t_139,2017,1h 59m,R,6.9,51K
140. The Hero,https://www.imdb.com/title/tt5655222/?ref_=sr_t_140,2017,1h 36m,R,6.5,11K
141. Table 19,https://www.imdb.com/title/tt1412528/?ref_=sr_t_141,2017,1h 27m,PG-13,5.8,32K
142. Phoenix Forgotten,https://www.imdb.com/title/tt6574272/?ref_=sr_t_142,2017,1h 27m,PG-13,5.4,7.2K
143. Disobedience,https://www.imdb.com/title/tt6108178/?ref_=sr_t_143,2017,1h 54m,R,6.6,38K
144. An Inconvenient Sequel: Truth to Power,https://www.imdb.com/title/tt6322922/?ref_=sr_t_144,2017,1h 38m,PG,6.6,8.4K
145. Til Death Do Us Part,https://www.imdb.com/title/tt6848602/?ref_=sr_t_145,2017,1h 41m,PG-13,4.7,1.6K
146. First Reformed,https://www.imdb.com/title/tt6053438/?ref_=sr_t_146,2017,1h 53m,R,7.1,64K
147. Raees,https://www.imdb.com/title/tt3405236/?ref_=sr_t_147,2017,2h 23m,TV-MA,6.6,52K
148. The Leisure Seeker,https://www.imdb.com/title/tt3741632/?ref_=sr_t_148,2017,1h 52m,R,6.7,10K
149. Thoroughbreds,https://www.imdb.com/title/tt5649108/?ref_=sr_t_149,2017,1h 32m,R,6.6,47K
150. Ingrid Goes West,https://www.imdb.com/title/tt5962210/?ref_=sr_t_150,2017,1h 38m,R,6.6,49K
151. Disney's Newsies: The Broadway Musical!,https://www.imdb.com/title/tt6346162/?ref_=sr_t_151,2017,2h 29m,PG,8.2,3.8K
152. Is Genesis History?,https://www.imdb.com/title/tt6360332/?ref_=sr_t_152,2017,1h 40m,Not Rated,4.1,1.8K
153. Wolf Warrior 2,https://www.imdb.com/title/tt7131870/?ref_=sr_t_153,2017,2h 3m,Not Rated,5.9,9.1K
154. My Cousin Rachel,https://www.imdb.com/title/tt4411596/?ref_=sr_t_154,2017,1h 46m,PG-13,6.0,21K
155. A Question of Faith,https://www.imdb.com/title/tt6054650/?ref_=sr_t_155,2017,1h 44m,PG,6.0,1.2K
156. IN OUR HANDS: Battle for Jerusalem,https://www.imdb.com/title/tt6790530/?ref_=sr_t_156,2017,1h 49m,Not Rated,5.8,193
157. Do It Like An Hombre,https://www.imdb.com/title/tt6046212/?ref_=sr_t_157,2017,1h 49m,R,5.6,1.4K
158. You Were Never Really Here,https://www.imdb.com/title/tt5742374/?ref_=sr_t_158,2017,1h 29m,R,6.7,130K
159. Tulip Fever,https://www.imdb.com/title/tt0491203/?ref_=sr_t_159,2017,1h 45m,R,6.2,24K
160. The Rider,https://www.imdb.com/title/tt6217608/?ref_=sr_t_160,2017,1h 44m,R,7.4,21K
161. Mary and the Witch's Flower,https://www.imdb.com/title/tt6336356/?ref_=sr_t_161,2017,1h 43m,PG,6.8,18K
162. T2 Trainspotting,https://www.imdb.com/title/tt2763304/?ref_=sr_t_162,2017,1h 57m,R,7.1,136K
163. Pokémon the Movie: I Choose You!,https://www.imdb.com/title/tt6595896/?ref_=sr_t_163,2017,1h 38m,PG,6.3,7.7K
164. Papillon,https://www.imdb.com/title/tt5093026/?ref_=sr_t_164,2017,2h 13m,R,7.2,90K
165. Jeepers Creepers III,https://www.imdb.com/title/tt1139592/?ref_=sr_t_165,2017,1h 40m,Not Rated,3.9,25K
166. The Resurrection of Gavin Stone,https://www.imdb.com/title/tt4902904/?ref_=sr_t_166,2017,1h 31m,PG,6.3,2.6K
167. The Killing of a Sacred Deer,https://www.imdb.com/title/tt5715874/?ref_=sr_t_167,2017,2h 1m,R,7.0,199K
168. The Lovers,https://www.imdb.com/title/tt5770620/?ref_=sr_t_168,2017,1h 37m,R,6.1,4.4K
169. Brad's Status,https://www.imdb.com/title/tt5884230/?ref_=sr_t_169,2017,1h 42m,R,6.5,19K
170. Indian Horse,https://www.imdb.com/title/tt5672286/?ref_=sr_t_170,2017,1h 41m,Not Rated,7.3,2.7K
171. Good Time,https://www.imdb.com/title/tt4846232/?ref_=sr_t_171,2017,1h 42m,R,7.3,145K
172. A Fantastic Woman,https://www.imdb.com/title/tt5639354/?ref_=sr_t_172,2017,1h 44m,R,7.2,28K
173. The Bride of Badrinath,https://www.imdb.com/title/tt6277440/?ref_=sr_t_173,2017,2h 19m,Not Rated,6.1,14K
174. Everybody Loves Somebody,https://www.imdb.com/title/tt5537228/?ref_=sr_t_174,2017,1h 42m,PG-13,6.4,4.4K
175. Along With the Gods: The Two Worlds,https://www.imdb.com/title/tt7160070/?ref_=sr_t_175,2017,2h 19m,Not Rated,7.2,20K
176. Youth,https://www.imdb.com/title/tt6654316/?ref_=sr_t_176,2017,2h 15m,Not Rated,7.0,3.6K
177. Toilet: A Love Story,https://www.imdb.com/title/tt5785170/?ref_=sr_t_177,2017,2h 35m,Not Rated,7.2,24K
178. The Wall,https://www.imdb.com/title/tt4218696/?ref_=sr_t_178,2017,1h 28m,R,6.2,32K
179. The Last Word,https://www.imdb.com/title/tt5023260/?ref_=sr_t_179,2017,1h 48m,R,6.6,9.1K
180. Goodbye Christopher Robin,https://www.imdb.com/title/tt1653665/?ref_=sr_t_180,2017,1h 47m,PG,7.1,30K
181. Jane,https://www.imdb.com/title/tt7207238/?ref_=sr_t_181,2017,1h 30m,PG,7.8,5.8K
182. Menashe,https://www.imdb.com/title/tt6333086/?ref_=sr_t_182,2017,1h 22m,PG,6.6,2.6K
183. Slamma Jamma,https://www.imdb.com/title/tt5319866/?ref_=sr_t_183,2017,1h 44m,PG,5.9,1.7K
184. Jab Harry Met Sejal,https://www.imdb.com/title/tt5997666/?ref_=sr_t_184,2017,2h 23m,,5.1,23K
185. Jolly LLB 2,https://www.imdb.com/title/tt5982852/?ref_=sr_t_185,2017,2h 17m,Not Rated,7.2,28K
186. The Little Hours,https://www.imdb.com/title/tt5666304/?ref_=sr_t_186,2017,1h 29m,R,5.8,26K
187. A Ghost Story,https://www.imdb.com/title/tt6265828/?ref_=sr_t_187,2017,1h 32m,R,6.8,83K
188. The Bookshop,https://www.imdb.com/title/tt3127022/?ref_=sr_t_188,2017,1h 53m,PG,6.5,18K
189. Professor Marston & the Wonder Women,https://www.imdb.com/title/tt6133130/?ref_=sr_t_189,2017,1h 48m,R,7.0,29K
190. The Stray,https://www.imdb.com/title/tt5342904/?ref_=sr_t_190,2017,1h 32m,PG,5.4,1.2K
191. Genesis: Paradise Lost,https://www.imdb.com/title/tt7522002/?ref_=sr_t_191,2017,2h 10m,PG,5.1,829
192. A Taxi Driver,https://www.imdb.com/title/tt6878038/?ref_=sr_t_192,2017,2h 17m,Not Rated,7.9,34K
193. Sword Art Online the Movie: Ordinal Scale,https://www.imdb.com/title/tt5544384/?ref_=sr_t_193,2017,1h 59m,TV-14,7.3,9.3K
194. The Square,https://www.imdb.com/title/tt4995790/?ref_=sr_t_194,2017,2h 31m,R,7.1,79K
195. Judwaa 2,https://www.imdb.com/title/tt5456546/?ref_=sr_t_195,2017,2h 25m,TV-14,3.7,12K
196. Finding Your Feet,https://www.imdb.com/title/tt4538916/?ref_=sr_t_196,2017,1h 51m,PG-13,6.8,7.5K
197. Wonder Wheel,https://www.imdb.com/title/tt5825380/?ref_=sr_t_197,2017,1h 41m,PG-13,6.2,32K
198. My Friend Dahmer,https://www.imdb.com/title/tt2291540/?ref_=sr_t_198,2017,1h 47m,R,6.2,24K
199. The Dinner,https://www.imdb.com/title/tt3203620/?ref_=sr_t_199,2017,2h,R,4.5,9.9K
200. Churchill,https://www.imdb.com/title/tt2674454/?ref_=sr_t_200,2017,1h 45m,PG,6.0,16K
201. The Sense of an Ending,https://www.imdb.com/title/tt4827986/?ref_=sr_t_201,2017,1h 48m,PG-13,6.4,7.8K
202. Maria By Callas,https://www.imdb.com/title/tt7364566/?ref_=sr_t_202,2017,1h 59m,PG,7.2,2.2K
203. Chonda Pierce: Enough,https://www.imdb.com/title/tt6247064/?ref_=sr_t_203,2017,1h 30m,,6.6,41
204. 3 Idiots,https://www.imdb.com/title/tt3685624/?ref_=sr_t_204,2017,1h 46m,PG-13,4.4,1.6K
205. True to the Game,https://www.imdb.com/title/tt5116504/?ref_=sr_t_205,2017,1h 48m,R,5.3,919
206. Steve McQueen: American Icon,https://www.imdb.com/title/tt7424358/?ref_=sr_t_206,2017,2h,Not Rated,7.2,236
207. Lean on Pete,https://www.imdb.com/title/tt5340300/?ref_=sr_t_207,2017,2h 1m,R,7.1,14K
208. The Trip to Spain,https://www.imdb.com/title/tt6193424/?ref_=sr_t_208,2017,1h 48m,Unrated,6.6,6.5K
209. Step,https://www.imdb.com/title/tt5758404/?ref_=sr_t_209,2017,1h 24m,PG,7.0,1.2K
210. Viceroy's House,https://www.imdb.com/title/tt4977530/?ref_=sr_t_210,2017,1h 46m,Not Rated,6.7,8.7K
211. The Battleship Island,https://www.imdb.com/title/tt5969696/?ref_=sr_t_211,2017,2h 12m,Not Rated,7.1,8.9K
212. Wonderstruck,https://www.imdb.com/title/tt5208216/?ref_=sr_t_212,2017,1h 56m,PG,6.2,11K
213. Film Stars Don't Die in Liverpool,https://www.imdb.com/title/tt5711148/?ref_=sr_t_213,2017,1h 45m,R,6.7,11K
214. Columbus,https://www.imdb.com/title/tt5990474/?ref_=sr_t_214,2017,1h 40m,Not Rated,7.2,22K
215. Perfect Strangers,https://www.imdb.com/title/tt6101820/?ref_=sr_t_215,2017,1h 37m,,6.9,16K
216. Golmaal Again,https://www.imdb.com/title/tt1806913/?ref_=sr_t_216,2017,2h 20m,Not Rated,5.0,11K
217. 1945,https://www.imdb.com/title/tt5815492/?ref_=sr_t_217,2017,1h 31m,,7.1,4.4K
218. The Insult,https://www.imdb.com/title/tt7048622/?ref_=sr_t_218,2017,1h 53m,R,7.6,18K
219. The Dawn Wall,https://www.imdb.com/title/tt7286916/?ref_=sr_t_219,2017,1h 40m,Not Rated,8.1,22K
220. Last Flag Flying,https://www.imdb.com/title/tt6018306/?ref_=sr_t_220,2017,2h 5m,R,6.9,29K
221. Lucky,https://www.imdb.com/title/tt5859238/?ref_=sr_t_221,2017,1h 28m,Not Rated,7.3,27K
222. Faces Places,https://www.imdb.com/title/tt5598102/?ref_=sr_t_222,2017,1h 34m,PG,7.8,14K
223. The Heart of Man,https://www.imdb.com/title/tt4585080/?ref_=sr_t_223,2017,1h 16m,PG-13,8.2,567
224. Landline,https://www.imdb.com/title/tt5737862/?ref_=sr_t_224,2017,1h 37m,R,6.4,5K
225. Tubelight,https://www.imdb.com/title/tt5882970/?ref_=sr_t_225,2017,2h 16m,Not Rated,3.9,22K
226. Let the Sunshine In,https://www.imdb.com/title/tt6423776/?ref_=sr_t_226,2017,1h 34m,Not Rated,6.0,8K
227. Journey to the West: The Demons Strike Back,https://www.imdb.com/title/tt5273624/?ref_=sr_t_227,2017,1h 49m,PG-13,5.4,3.7K
228. The Cakemaker,https://www.imdb.com/title/tt4830786/?ref_=sr_t_228,2017,1h 53m,Not Rated,7.3,5.3K
229. Jagga Jasoos,https://www.imdb.com/title/tt4129428/?ref_=sr_t_229,2017,2h 41m,TV-14,6.4,12K
230. The Ex-File 3: Return of the Exes,https://www.imdb.com/title/tt7830888/?ref_=sr_t_230,2017,2h,PG-13,5.5,597
231. Bombshell: The Hedy Lamarr Story,https://www.imdb.com/title/tt6752848/?ref_=sr_t_231,2017,1h 28m,,7.4,4.5K
232. Beast,https://www.imdb.com/title/tt5628302/?ref_=sr_t_232,2017,1h 47m,R,6.8,17K
233. Patti Cake$,https://www.imdb.com/title/tt6288250/?ref_=sr_t_233,2017,1h 49m,R,6.8,11K
234. Mark Felt: The Man Who Brought Down the White House,https://www.imdb.com/title/tt5175450/?ref_=sr_t_234,2017,1h 43m,PG-13,6.4,15K
235. Mubarakan,https://www.imdb.com/title/tt6272828/?ref_=sr_t_235,2017,2h 36m,PG-13,5.6,4.5K
236. The Party,https://www.imdb.com/title/tt5814592/?ref_=sr_t_236,2017,1h 11m,R,6.6,22K
237. On Chesil Beach,https://www.imdb.com/title/tt1667321/?ref_=sr_t_237,2017,1h 50m,R,6.3,13K
238. Walk With Me,https://www.imdb.com/title/tt2331100/?ref_=sr_t_238,2017,1h 34m,,6.3,1.1K
239. May it Last: A Portrait of the Avett Brothers,https://www.imdb.com/title/tt6487050/?ref_=sr_t_239,2017,1h 44m,Not Rated,8.3,803
240. Revive Us 2,https://www.imdb.com/title/tt7751038/?ref_=sr_t_240,2017,1h 30m,Not Rated,3.9,48
241. Chris Brown: Welcome To My Life,https://www.imdb.com/title/tt5588850/?ref_=sr_t_241,2017,1h 20m,Unrated,5.6,1.1K
242. Shubh Mangal Savdhan,https://www.imdb.com/title/tt6971752/?ref_=sr_t_242,2017,1h 59m,Not Rated,6.9,11K
243. The Devotion of Suspect X,https://www.imdb.com/title/tt3401392/?ref_=sr_t_243,2017,1h 52m,Unrated,6.2,1K
244. Wilson,https://www.imdb.com/title/tt1781058/?ref_=sr_t_244,2017,1h 34m,R,5.8,11K
245. The Only Living Boy in New York,https://www.imdb.com/title/tt0460890/?ref_=sr_t_245,2017,1h 29m,R,6.4,19K
246. Foxtrot,https://www.imdb.com/title/tt6896536/?ref_=sr_t_246,2017,1h 53m,R,7.2,8.2K
247. Itzhak,https://www.imdb.com/title/tt6186232/?ref_=sr_t_247,2017,1h 22m,Not Rated,7.4,362
248. The Midwife,https://www.imdb.com/title/tt5348236/?ref_=sr_t_248,2017,1h 57m,Unrated,6.7,3.1K
249. Battle of Memories,https://www.imdb.com/title/tt5636668/?ref_=sr_t_249,2017,1h 59m,,6.4,1.3K
250. Novitiate,https://www.imdb.com/title/tt4513316/?ref_=sr_t_250,2017,2h 3m,R,6.7,5.3K
251. Loveless,https://www.imdb.com/title/tt6304162/?ref_=sr_t_251,2017,2h 7m,R,7.6,36K
252. Bitter Harvest,https://www.imdb.com/title/tt3182620/?ref_=sr_t_252,2017,1h 43m,R,5.9,4.2K
253. Samaritan's Purse presents Facing Darkness,https://www.imdb.com/title/tt5835100/?ref_=sr_t_253,2017,1h 33m,Unrated,7.5,95
254. Dolores,https://www.imdb.com/title/tt6013154/?ref_=sr_t_254,2017,1h 35m,Not Rated,7.3,384
255. The Children Act,https://www.imdb.com/title/tt6040662/?ref_=sr_t_255,2017,1h 45m,R,6.7,16K
256. Anna and the Apocalypse,https://www.imdb.com/title/tt6433880/?ref_=sr_t_256,2017,1h 33m,R,6.1,16K
257. Brigsby Bear,https://www.imdb.com/title/tt5805752/?ref_=sr_t_257,2017,1h 37m,PG-13,7.3,18K
258. Human Flow,https://www.imdb.com/title/tt6573444/?ref_=sr_t_258,2017,2h 20m,PG-13,7.2,2.8K
259. Fireworks,https://www.imdb.com/title/tt6317962/?ref_=sr_t_259,2017,1h 30m,TV-PG,5.6,4K
260. Fairy Tail: Dragon Cry,https://www.imdb.com/title/tt6548966/?ref_=sr_t_260,2017,1h 25m,TV-14,6.9,2.6K
261. Our President,https://www.imdb.com/title/tt7037566/?ref_=sr_t_261,2017,1h 59m,,7.3,134
262. Breathe,https://www.imdb.com/title/tt5716464/?ref_=sr_t_262,2017,1h 58m,PG-13,7.1,25K
263. Once Upon A Time,https://www.imdb.com/title/tt6138688/?ref_=sr_t_263,2017,1h 49m,,5.1,1.6K
264. Confidential Assignment,https://www.imdb.com/title/tt5606538/?ref_=sr_t_264,2017,2h 4m,Not Rated,6.7,4.8K
265. Beach Rats,https://www.imdb.com/title/tt6303866/?ref_=sr_t_265,2017,1h 38m,R,6.4,17K
266. Duckweed,https://www.imdb.com/title/tt6461514/?ref_=sr_t_266,2017,1h 42m,,6.4,1.7K
267. DCI 2017 Tour Premeire,https://www.imdb.com/title/tt10192670/?ref_=sr_t_267,2017,,,,
268. Phillauri,https://www.imdb.com/title/tt5502766/?ref_=sr_t_268,2017,2h 18m,,6.0,4.2K
269. Final Portrait,https://www.imdb.com/title/tt4494718/?ref_=sr_t_269,2017,1h 30m,R,6.2,6.2K
270. Scotty and the Secret History of Hollywood,https://www.imdb.com/title/tt2773246/?ref_=sr_t_270,2017,1h 38m,Unrated,6.7,1.9K
271. Chasing the Dragon,https://www.imdb.com/title/tt6015328/?ref_=sr_t_271,2017,2h 8m,,6.7,4.7K
272. Condorito: The Movie,https://www.imdb.com/title/tt4494382/?ref_=sr_t_272,2017,1h 28m,PG,5.3,980
273. Song to Song,https://www.imdb.com/title/tt2062700/?ref_=sr_t_273,2017,2h 9m,R,5.6,23K
274. A Bag of Marbles,https://www.imdb.com/title/tt5091612/?ref_=sr_t_274,2017,1h 50m,Not Rated,7.3,6.7K
275. A Gentleman,https://www.imdb.com/title/tt5613834/?ref_=sr_t_275,2017,2h 25m,,6.3,7.6K
"276. Love, Kennedy",https://www.imdb.com/title/tt6261048/?ref_=sr_t_276,2017,1h 32m,PG,6.7,787
277. The Invisibles,https://www.imdb.com/title/tt5586052/?ref_=sr_t_277,2017,1h 50m,,7.2,1.8K
"278. The Night Is Short, Walk on Girl",https://www.imdb.com/title/tt6335734/?ref_=sr_t_278,2017,1h 32m,,7.5,6.7K
279. The Gospel According to André,https://www.imdb.com/title/tt7218804/?ref_=sr_t_279,2017,1h 33m,PG-13,6.8,868
280. Leaning Into The Wind,https://www.imdb.com/title/tt6263828/?ref_=sr_t_280,2017,1h 37m,PG,7.0,490
281. BOSTON: An American Running Story,https://www.imdb.com/title/tt6654082/?ref_=sr_t_281,2017,1h 54m,Not Rated,7.4,148
282. Tom of Finland,https://www.imdb.com/title/tt5226984/?ref_=sr_t_282,2017,1h 57m,Not Rated,6.8,6.6K
283. I'll Push You: A Real-Life Inspiration,https://www.imdb.com/title/tt6093162/?ref_=sr_t_283,2017,1h 40m,,8.4,101
284. Rebel in the Rye,https://www.imdb.com/title/tt4986134/?ref_=sr_t_284,2017,1h 46m,PG-13,6.7,11K
285. Oh Lucy!,https://www.imdb.com/title/tt6343058/?ref_=sr_t_285,2017,1h 35m,,6.8,3.4K
286. Grace Jones: Bloodlight and Bami,https://www.imdb.com/title/tt6903636/?ref_=sr_t_286,2017,1h 55m,,6.2,1.3K
287. Mountain,https://www.imdb.com/title/tt6203570/?ref_=sr_t_287,2017,1h 14m,PG,7.2,4.3K
288. Kung Fu Yoga,https://www.imdb.com/title/tt4217392/?ref_=sr_t_288,2017,1h 47m,Not Rated,5.2,12K
289. OK Jaanu,https://www.imdb.com/title/tt5764024/?ref_=sr_t_289,2017,2h 15m,Not Rated,5.3,5.1K
290. Long Strange Trip,https://www.imdb.com/title/tt4143508/?ref_=sr_t_290,2017,3h 58m,R,8.2,2K
291. Pearl Jam: Let's Play Two,https://www.imdb.com/title/tt7435110/?ref_=sr_t_291,2017,2h,Not Rated,8.3,763
292. This Is Not What I Expected,https://www.imdb.com/title/tt6772874/?ref_=sr_t_292,2017,1h 46m,TV-PG,6.7,1.9K
293. God's Own Country,https://www.imdb.com/title/tt5635086/?ref_=sr_t_293,2017,1h 44m,Not Rated,7.6,37K
294. Shine,https://www.imdb.com/title/tt4064912/?ref_=sr_t_294,2017,1h 35m,R,4.6,253
295. Flower,https://www.imdb.com/title/tt2582784/?ref_=sr_t_295,2017,1h 30m,R,6.0,11K
296. In the Fade,https://www.imdb.com/title/tt5723272/?ref_=sr_t_296,2017,1h 46m,R,7.1,36K
297. The Opera House,https://www.imdb.com/title/tt7659110/?ref_=sr_t_297,2017,1h 51m,,7.9,95
298. The Breadwinner,https://www.imdb.com/title/tt3901826/?ref_=sr_t_298,2017,1h 34m,PG-13,7.7,29K
299. City Of Rock,https://www.imdb.com/title/tt7339584/?ref_=sr_t_299,2017,1h 57m,,6.1,739
300. Bolshoi Ballet: The Sleeping Beauty,https://www.imdb.com/title/tt8870898/?ref_=sr_t_300,2017,2h 50m,,,
301. Happy End,https://www.imdb.com/title/tt5304464/?ref_=sr_t_301,2017,1h 47m,R,6.6,17K
302. Ittefaq,https://www.imdb.com/title/tt6692354/?ref_=sr_t_302,2017,1h 45m,Not Rated,7.2,15K
303. Buddies in India,https://www.imdb.com/title/tt6152908/?ref_=sr_t_303,2017,1h 39m,Unrated,3.8,415
304. Son of Bigfoot,https://www.imdb.com/title/tt5715410/?ref_=sr_t_304,2017,1h 32m,PG,6.1,8.4K
305. But Deliver Us from Evil,https://www.imdb.com/title/tt4134826/?ref_=sr_t_305,2017,1h 49m,Not Rated,2.7,249
306. I Do... Until I Don't,https://www.imdb.com/title/tt3234084/?ref_=sr_t_306,2017,1h 46m,R,4.4,3.4K
307. Kings,https://www.imdb.com/title/tt5843850/?ref_=sr_t_307,2017,1h 26m,R,5.1,3.9K
308. The Endless,https://www.imdb.com/title/tt3986820/?ref_=sr_t_308,2017,1h 51m,Not Rated,6.5,52K
309. Star Raiders: The Adventures of Saber Raine,https://www.imdb.com/title/tt2039380/?ref_=sr_t_309,2017,1h 23m,,3.1,800
310. The King,https://www.imdb.com/title/tt6775942/?ref_=sr_t_310,2017,1h 47m,R,6.9,1.3K
311. Back to Burgundy,https://www.imdb.com/title/tt5247704/?ref_=sr_t_311,2017,1h 53m,,6.8,5.8K
312. The Fortress,https://www.imdb.com/title/tt7160176/?ref_=sr_t_312,2017,2h 20m,,6.8,3.6K
313. Best F(r)iends: Volume 1,https://www.imdb.com/title/tt6155194/?ref_=sr_t_313,2017,1h 48m,R,5.2,2.8K
314. Gook,https://www.imdb.com/title/tt6057032/?ref_=sr_t_314,2017,1h 34m,Unrated,7.0,2.8K
315. Sarkar 3,https://www.imdb.com/title/tt5742874/?ref_=sr_t_315,2017,2h 10m,Not Rated,4.9,2.3K
316. Band Aid,https://www.imdb.com/title/tt5816374/?ref_=sr_t_316,2017,1h 31m,R,6.6,6.1K
317. Black Butler: Book of the Atlantic,https://www.imdb.com/title/tt5476944/?ref_=sr_t_317,2017,1h 41m,TV-MA,7.6,1.7K
318. The Swindlers,https://www.imdb.com/title/tt7243686/?ref_=sr_t_318,2017,1h 57m,Not Rated,6.6,2.5K
319. The Ottoman Lieutenant,https://www.imdb.com/title/tt4943322/?ref_=sr_t_319,2017,1h 46m,R,6.4,27K
320. Crown Heights,https://www.imdb.com/title/tt3268340/?ref_=sr_t_320,2017,1h 34m,R,6.7,3K
321. American Satan,https://www.imdb.com/title/tt5451690/?ref_=sr_t_321,2017,1h 51m,R,5.6,4.6K
322. Borg vs. McEnroe,https://www.imdb.com/title/tt5727282/?ref_=sr_t_322,2017,1h 47m,R,6.9,35K
323. MFKZ,https://www.imdb.com/title/tt4717402/?ref_=sr_t_323,2017,1h 34m,R,6.7,5.3K
324. Rumble: The Indians Who Rocked The World,https://www.imdb.com/title/tt6333080/?ref_=sr_t_324,2017,1h 43m,,7.8,1.1K
325. Little Pink House,https://www.imdb.com/title/tt3863632/?ref_=sr_t_325,2017,1h 38m,,6.5,1.1K
326. Mazinger Z: INFINITY,https://www.imdb.com/title/tt6470762/?ref_=sr_t_326,2017,1h 35m,TV-14,5.9,2.1K
327. Getting Grace,https://www.imdb.com/title/tt5711672/?ref_=sr_t_327,2017,1h 52m,PG-13,7.1,461
328. The Adventurers,https://www.imdb.com/title/tt5866930/?ref_=sr_t_328,2017,1h 48m,,5.6,3.4K
329. The Dating Project,https://www.imdb.com/title/tt6277760/?ref_=sr_t_329,2017,1h 11m,Not Rated,6.2,139
330. The Prison,https://www.imdb.com/title/tt6589464/?ref_=sr_t_330,2017,2h 5m,Not Rated,6.5,2.3K
331. Keep the Change,https://www.imdb.com/title/tt4967220/?ref_=sr_t_331,2017,1h 34m,Not Rated,6.5,957
332. Zama,https://www.imdb.com/title/tt3409848/?ref_=sr_t_332,2017,1h 55m,Unrated,6.7,7.3K
333. Gemini,https://www.imdb.com/title/tt5795086/?ref_=sr_t_333,2017,1h 33m,R,5.4,5.8K
334. Gauguin: Voyage to Tahiti,https://www.imdb.com/title/tt6330052/?ref_=sr_t_334,2017,1h 42m,,6.0,2.5K
335. Fate/stay night [Heaven's Feel] I. presage flower,https://www.imdb.com/title/tt4054952/?ref_=sr_t_335,2017,2h,TV-MA,7.4,3.9K
336. The Final Year,https://www.imdb.com/title/tt7215444/?ref_=sr_t_336,2017,1h 29m,Not Rated,6.6,3.4K
337. Goldbuster,https://www.imdb.com/title/tt7743588/?ref_=sr_t_337,2017,1h 29m,,4.5,313
338. Summer 1993,https://www.imdb.com/title/tt5897636/?ref_=sr_t_338,2017,1h 37m,,7.1,8.7K
339. The Other Side of Hope,https://www.imdb.com/title/tt5222918/?ref_=sr_t_339,2017,1h 40m,Not Rated,7.2,14K
340. Whose Streets?,https://www.imdb.com/title/tt6176928/?ref_=sr_t_340,2017,1h 42m,R,6.0,1.4K
341. Marjorie Prime,https://www.imdb.com/title/tt4978710/?ref_=sr_t_341,2017,1h 39m,,6.3,7K
342. The Guardians,https://www.imdb.com/title/tt6213362/?ref_=sr_t_342,2017,2h 18m,R,6.7,2.6K
343. Take Every Wave: The Life of Laird Hamilton,https://www.imdb.com/title/tt6333092/?ref_=sr_t_343,2017,1h 58m,Not Rated,7.4,729
344. Tigers Are Not Afraid,https://www.imdb.com/title/tt4823434/?ref_=sr_t_344,2017,1h 23m,Not Rated,6.9,9.5K
345. Champion,https://www.imdb.com/title/tt5078656/?ref_=sr_t_345,2017,1h 56m,PG,6.3,342
346. 9/11,https://www.imdb.com/title/tt4917224/?ref_=sr_t_346,2017,1h 30m,R,4.5,4.8K
347. Valley of Bones,https://www.imdb.com/title/tt4180286/?ref_=sr_t_347,2017,1h 30m,R,4.2,569
348. Double Lover,https://www.imdb.com/title/tt6367558/?ref_=sr_t_348,2017,1h 47m,Not Rated,6.2,14K
349. Boom for Real: The Late Teenage Years of Jean-Michel Basquiat,https://www.imdb.com/title/tt7210348/?ref_=sr_t_349,2017,1h 18m,Not Rated,6.7,676
350. Far From the Tree,https://www.imdb.com/title/tt6848736/?ref_=sr_t_350,2017,1h 33m,Unrated,7.7,652
351. Journey's End,https://www.imdb.com/title/tt3780500/?ref_=sr_t_351,2017,1h 47m,R,6.7,12K
352. Ex Libris,https://www.imdb.com/title/tt6209282/?ref_=sr_t_352,2017,3h 17m,,7.4,1.5K
"353. Hare Krishna! The Mantra, the Movement and the Swami Who Started It",https://www.imdb.com/title/tt6842524/?ref_=sr_t_353,2017,1h 30m,,7.8,1.6K
354. Blade of the Immortal,https://www.imdb.com/title/tt5084170/?ref_=sr_t_354,2017,2h 20m,R,6.7,20K
355. Eating Animals,https://www.imdb.com/title/tt2180351/?ref_=sr_t_355,2017,1h 34m,Unrated,7.4,1.2K
356. Ghost Stories,https://www.imdb.com/title/tt5516328/?ref_=sr_t_356,2017,1h 38m,Not Rated,6.4,38K
357. Chavela,https://www.imdb.com/title/tt6217664/?ref_=sr_t_357,2017,1h 33m,Unrated,7.7,1.2K
358. Thelma,https://www.imdb.com/title/tt6304046/?ref_=sr_t_358,2017,1h 56m,Not Rated,6.9,38K
359. Irving Berlin's Holiday Inn The Broadway Musical,https://www.imdb.com/title/tt6411322/?ref_=sr_t_359,2017,2h 8m,,7.3,264
360. Hampstead,https://www.imdb.com/title/tt5153236/?ref_=sr_t_360,2017,1h 42m,PG-13,6.1,7.6K
361. City of Ghosts,https://www.imdb.com/title/tt6333056/?ref_=sr_t_361,2017,1h 32m,R,7.4,4.2K
362. Monster Family,https://www.imdb.com/title/tt6572702/?ref_=sr_t_362,2017,1h 33m,PG,4.8,5.6K
363. The Young Karl Marx,https://www.imdb.com/title/tt1699518/?ref_=sr_t_363,2017,1h 58m,Not Rated,6.6,7.5K
364. 120 BPM,https://www.imdb.com/title/tt6135348/?ref_=sr_t_364,2017,2h 23m,Not Rated,7.4,17K
365. Lost & Found,https://www.imdb.com/title/tt7085054/?ref_=sr_t_365,2017,1h 36m,,5.5,246
366. The Thousand Faces of Dunjia,https://www.imdb.com/title/tt6814080/?ref_=sr_t_366,2017,1h 53m,Not Rated,5.4,1.5K
367. Daisy Winters,https://www.imdb.com/title/tt3702088/?ref_=sr_t_367,2017,1h 30m,PG-13,6.5,395
368. Buena Vista Social Club: Adios,https://www.imdb.com/title/tt4653272/?ref_=sr_t_368,2017,1h 50m,PG,7.0,534
369. Explosion,https://www.imdb.com/title/tt7509586/?ref_=sr_t_369,2017,1h 46m,,5.8,239
370. Love After Love,https://www.imdb.com/title/tt5457078/?ref_=sr_t_370,2017,1h 31m,,5.5,1.1K
371. Five Seasons: The Gardens of Piet Oudolf,https://www.imdb.com/title/tt8306634/?ref_=sr_t_371,2017,1h 15m,,7.8,103
372. Ryuichi Sakamoto: Coda,https://www.imdb.com/title/tt6578572/?ref_=sr_t_372,2017,1h 40m,Not Rated,7.6,2.1K
373. Mantra: Sounds Into Silence,https://www.imdb.com/title/tt6622540/?ref_=sr_t_373,2017,1h 25m,,6.9,111
374. Our Time Will Come,https://www.imdb.com/title/tt7075594/?ref_=sr_t_374,2017,2h 10m,PG-13,6.4,1K
375. Bodied,https://www.imdb.com/title/tt5883570/?ref_=sr_t_375,2017,2h,R,7.1,6.3K
"376. We Love You, Sally Carmichael!",https://www.imdb.com/title/tt5664676/?ref_=sr_t_376,2017,1h 24m,PG,6.0,725
377. A Chance in the World,https://www.imdb.com/title/tt6052748/?ref_=sr_t_377,2017,1h 45m,PG-13,6.6,198
378. Lu Over the Wall,https://www.imdb.com/title/tt6452332/?ref_=sr_t_378,2017,1h 52m,PG,6.8,2.8K
379. The Captain,https://www.imdb.com/title/tt6763252/?ref_=sr_t_379,2017,1h 58m,,7.3,23K
380. Reset,https://www.imdb.com/title/tt5342650/?ref_=sr_t_380,2017,1h 45m,,5.3,1.5K
381. Mary Shelley,https://www.imdb.com/title/tt3906082/?ref_=sr_t_381,2017,2h,PG-13,6.4,18K
"382. Love, Cecil",https://www.imdb.com/title/tt5275884/?ref_=sr_t_382,2017,1h 38m,,7.1,319
"383. Belle and Sebastian, Friends for Life",https://www.imdb.com/title/tt6449336/?ref_=sr_t_383,2017,1h 31m,TV-PG,6.3,948
384. Fabricated City,https://www.imdb.com/title/tt6399158/?ref_=sr_t_384,2017,2h 6m,Not Rated,6.8,7K
385. The Bolshoi Ballet: Live From Moscow - A Hero of Our Time,https://www.imdb.com/title/tt8884102/?ref_=sr_t_385,2017,2h 45m,,,
386. Sweet Country,https://www.imdb.com/title/tt6958212/?ref_=sr_t_386,2017,1h 53m,R,6.9,9.6K
387. Memoir of War,https://www.imdb.com/title/tt6313378/?ref_=sr_t_387,2017,2h 7m,,6.3,1.4K
388. Filmworker,https://www.imdb.com/title/tt6851066/?ref_=sr_t_388,2017,1h 34m,Not Rated,7.4,3.6K
389. Ismael's Ghosts,https://www.imdb.com/title/tt5687040/?ref_=sr_t_389,2017,1h 54m,R,5.5,2.9K
390. Revenge,https://www.imdb.com/title/tt6738136/?ref_=sr_t_390,2017,1h 48m,R,6.4,56K
391. Walking Out,https://www.imdb.com/title/tt5420886/?ref_=sr_t_391,2017,1h 35m,PG-13,5.8,6.8K
392. Wonders of the Sea,https://www.imdb.com/title/tt5495792/?ref_=sr_t_392,2017,1h 22m,G,6.7,291
393. Munna Michael,https://www.imdb.com/title/tt6117702/?ref_=sr_t_393,2017,2h 20m,Not Rated,3.4,4K
394. Tim Timmerman: Hope of America,https://www.imdb.com/title/tt4514646/?ref_=sr_t_394,2017,1h 34m,PG-13,5.5,342
395. Poster Boys,https://www.imdb.com/title/tt6352548/?ref_=sr_t_395,2017,2h 8m,PG-13,5.4,1.8K
396. The Mayor,https://www.imdb.com/title/tt6150238/?ref_=sr_t_396,2017,2h 10m,,6.3,492
397. Keep Watching,https://www.imdb.com/title/tt2531334/?ref_=sr_t_397,2017,1h 29m,R,4.3,5.1K
398. Let the Corpses Tan,https://www.imdb.com/title/tt5827212/?ref_=sr_t_398,2017,1h 32m,Unrated,6.2,3.6K
399. Memoir of a Murderer,https://www.imdb.com/title/tt5729348/?ref_=sr_t_399,2017,1h 58m,TV-MA,7.2,14K
400. Madame,https://www.imdb.com/title/tt6045466/?ref_=sr_t_400,2017,1h 31m,TV-14,6.1,8.8K
401. The King's Case Note,https://www.imdb.com/title/tt6817202/?ref_=sr_t_401,2017,1h 54m,,6.4,520
402. Because of Grácia,https://www.imdb.com/title/tt4372736/?ref_=sr_t_402,2017,1h 47m,PG-13,5.6,285
403. Dina,https://www.imdb.com/title/tt6333058/?ref_=sr_t_403,2017,1h 43m,Not Rated,6.7,1.2K
404. The Third Murder,https://www.imdb.com/title/tt6410564/?ref_=sr_t_404,2017,2h 4m,Not Rated,6.7,8.3K
405. Skid Row Marathon,https://www.imdb.com/title/tt6076810/?ref_=sr_t_405,2017,1h 25m,,7.9,470
406. How to Talk to Girls at Parties,https://www.imdb.com/title/tt3859310/?ref_=sr_t_406,2017,1h 42m,R,5.7,13K
407. Warriors of the Dawn,https://www.imdb.com/title/tt6010020/?ref_=sr_t_407,2017,2h 10m,,6.3,502
408. Custody,https://www.imdb.com/title/tt6002232/?ref_=sr_t_408,2017,1h 33m,,7.5,11K
409. Claire's Camera,https://www.imdb.com/title/tt5989220/?ref_=sr_t_409,2017,1h 9m,Unrated,6.4,2.7K
410. Godard Mon Amour,https://www.imdb.com/title/tt5687334/?ref_=sr_t_410,2017,1h 47m,R,6.6,6.1K
411. Earth: One Amazing Day,https://www.imdb.com/title/tt6238896/?ref_=sr_t_411,2017,1h 35m,G,7.8,3.2K
412. The Nile Hilton Incident,https://www.imdb.com/title/tt5540188/?ref_=sr_t_412,2017,1h 51m,Unrated,6.8,9.5K
413. En el séptimo día,https://www.imdb.com/title/tt6144092/?ref_=sr_t_413,2017,1h 32m,TV-14,7.1,323
414. Have a Nice Day,https://www.imdb.com/title/tt6451304/?ref_=sr_t_414,2017,1h 17m,,6.5,2.3K
415. Shock and Awe,https://www.imdb.com/title/tt5540992/?ref_=sr_t_415,2017,1h 30m,R,6.4,9K
416. Pop Aye,https://www.imdb.com/title/tt3740066/?ref_=sr_t_416,2017,1h 44m,,6.6,1.1K
417. The Divine Order,https://www.imdb.com/title/tt5818818/?ref_=sr_t_417,2017,1h 36m,,7.1,3.1K
418. The Brawler,https://www.imdb.com/title/tt7180544/?ref_=sr_t_418,2017,2h 34m,Not Rated,8.0,8.9K
419. Bill Nye: Science Guy,https://www.imdb.com/title/tt4853154/?ref_=sr_t_419,2017,1h 41m,Not Rated,6.8,1.3K
420. Tehran Taboo,https://www.imdb.com/title/tt5584796/?ref_=sr_t_420,2017,1h 36m,Not Rated,7.1,5.1K
421. After Auschwitz,https://www.imdb.com/title/tt6079976/?ref_=sr_t_421,2017,1h 23m,,7.3,138
422. Bye Bye Germany,https://www.imdb.com/title/tt5609734/?ref_=sr_t_422,2017,1h 42m,,6.5,1.8K
423. Wait for Your Laugh,https://www.imdb.com/title/tt5710688/?ref_=sr_t_423,2017,1h 25m,,8.2,621
424. The Last Suit,https://www.imdb.com/title/tt5991974/?ref_=sr_t_424,2017,1h 31m,TV-14,7.1,993
"425. Nico, 1988",https://www.imdb.com/title/tt7186092/?ref_=sr_t_425,2017,1h 33m,R,6.7,2.1K
426. Edie,https://www.imdb.com/title/tt3823098/?ref_=sr_t_426,2017,1h 42m,,6.6,2.8K
427. Namiya,https://www.imdb.com/title/tt7645502/?ref_=sr_t_427,2017,1h 56m,PG-13,5.2,695
428. Turn It Around: The Story of East Bay Punk,https://www.imdb.com/title/tt3913194/?ref_=sr_t_428,2017,2h 35m,,7.8,355
429. Outside In,https://www.imdb.com/title/tt7260048/?ref_=sr_t_429,2017,1h 49m,Not Rated,6.7,6.5K
430. Under the Tree,https://www.imdb.com/title/tt6223806/?ref_=sr_t_430,2017,1h 29m,Not Rated,6.8,5.6K
431. Architects of Denial,https://www.imdb.com/title/tt6842752/?ref_=sr_t_431,2017,1h 42m,,7.8,259
432. Beuys,https://www.imdb.com/title/tt6340090/?ref_=sr_t_432,2017,1h 47m,,6.8,520
433. I Can Speak,https://www.imdb.com/title/tt7342204/?ref_=sr_t_433,2017,1h 59m,,7.5,2.4K
434. Tragedy Girls,https://www.imdb.com/title/tt3859272/?ref_=sr_t_434,2017,1h 38m,R,6.0,12K
435. Just One Drop,https://www.imdb.com/title/tt6874242/?ref_=sr_t_435,2017,1h 6m,,6.5,17
436. Manolo: The Boy Who Made Shoes for Lizards,https://www.imdb.com/title/tt5821256/?ref_=sr_t_436,2017,1h 29m,Not Rated,6.4,578
437. The Force,https://www.imdb.com/title/tt6159518/?ref_=sr_t_437,2017,1h 32m,,6.8,741
438. Where Is Kyra?,https://www.imdb.com/title/tt5198670/?ref_=sr_t_438,2017,1h 38m,R,5.5,1.9K
439. Bomb City,https://www.imdb.com/title/tt4351548/?ref_=sr_t_439,2017,1h 38m,TV-MA,6.8,8.7K
440. Digimon Adventure tri. Part 4: Loss,https://www.imdb.com/title/tt5468016/?ref_=sr_t_440,2017,1h 22m,TV-PG,7.0,1.1K
441. Horn from the Heart: The Paul Butterfield Story,https://www.imdb.com/title/tt6777184/?ref_=sr_t_441,2017,1h 35m,,7.7,123
442. Woman Walks Ahead,https://www.imdb.com/title/tt5436228/?ref_=sr_t_442,2017,1h 41m,R,6.7,8.7K
443. Ramen Heads,https://www.imdb.com/title/tt6764122/?ref_=sr_t_443,2017,1h 33m,Not Rated,7.0,730
444. Django,https://www.imdb.com/title/tt6247936/?ref_=sr_t_444,2017,1h 57m,PG-13,6.4,2.1K
445. Saving Brinton,https://www.imdb.com/title/tt6195442/?ref_=sr_t_445,2017,1h 30m,,7.5,195
446. The Paris Opera,https://www.imdb.com/title/tt6599064/?ref_=sr_t_446,2017,1h 50m,,7.0,277
447. Extraordinary Mission,https://www.imdb.com/title/tt6690310/?ref_=sr_t_447,2017,1h 57m,Not Rated,6.2,913
448. God of War,https://www.imdb.com/title/tt6083388/?ref_=sr_t_448,2017,2h 8m,Not Rated,6.4,2.5K
449. One Cut of the Dead,https://www.imdb.com/title/tt7914416/?ref_=sr_t_449,2017,1h 36m,Not Rated,7.6,32K
450. Digimon Adventure tri. Part 5: Coexistence,https://www.imdb.com/title/tt5468018/?ref_=sr_t_450,2017,1h 29m,TV-PG,6.8,1K
451. Before We Vanish,https://www.imdb.com/title/tt5999530/?ref_=sr_t_451,2017,2h 9m,R,6.2,2.9K
452. Beautiful Accident,https://www.imdb.com/title/tt6797204/?ref_=sr_t_452,2017,1h 44m,,6.5,346
453. I Am Not a Witch,https://www.imdb.com/title/tt6213284/?ref_=sr_t_453,2017,1h 33m,,6.9,4.4K
454. The China Hustle,https://www.imdb.com/title/tt7215388/?ref_=sr_t_454,2017,1h 22m,R,7.1,4K
455. Person to Person,https://www.imdb.com/title/tt5247026/?ref_=sr_t_455,2017,1h 24m,Not Rated,5.7,1.9K
456. Napping Princess,https://www.imdb.com/title/tt5731132/?ref_=sr_t_456,2017,1h 51m,,6.3,1.6K
457. Saving Banksy,https://www.imdb.com/title/tt4036488/?ref_=sr_t_457,2017,1h 20m,Unrated,6.8,1.1K
458. Quest,https://www.imdb.com/title/tt6149818/?ref_=sr_t_458,2017,1h 44m,,7.2,364
459. Racer and the Jailbird,https://www.imdb.com/title/tt2586120/?ref_=sr_t_459,2017,2h 10m,R,6.3,5.9K
460. Summer in the Forest,https://www.imdb.com/title/tt5900988/?ref_=sr_t_460,2017,1h 48m,,7.8,44
461. Maze,https://www.imdb.com/title/tt5752606/?ref_=sr_t_461,2017,1h 32m,Not Rated,5.9,3.6K
462. Rodin,https://www.imdb.com/title/tt5771710/?ref_=sr_t_462,2017,1h 59m,Not Rated,5.0,1.5K
463. What Will People Say,https://www.imdb.com/title/tt7213936/?ref_=sr_t_463,2017,1h 46m,,7.4,6.1K
464. Liyana,https://www.imdb.com/title/tt6977442/?ref_=sr_t_464,2017,1h 17m,,7.4,403
465. Hitler's Hollywood,https://www.imdb.com/title/tt6566624/?ref_=sr_t_465,2017,1h 45m,Not Rated,6.8,869
466. Antonio Lopez 1970: Sex Fashion & Disco,https://www.imdb.com/title/tt5792490/?ref_=sr_t_466,2017,1h 35m,,6.9,219
467. Bluebeard,https://www.imdb.com/title/tt6599340/?ref_=sr_t_467,2017,1h 57m,Not Rated,6.4,2.3K
468. Woodshock,https://www.imdb.com/title/tt4677924/?ref_=sr_t_468,2017,1h 40m,R,4.2,2.5K
469. A Ciambra,https://www.imdb.com/title/tt6802896/?ref_=sr_t_469,2017,1h 58m,Unrated,6.9,3K
470. Golden Exits,https://www.imdb.com/title/tt5687814/?ref_=sr_t_470,2017,1h 34m,R,5.7,2.4K
471. Western,https://www.imdb.com/title/tt5157326/?ref_=sr_t_471,2017,2h 1m,Unrated,7.0,4.4K
472. Humor Me,https://www.imdb.com/title/tt5658242/?ref_=sr_t_472,2017,1h 33m,,6.1,1.5K
473. Unrest,https://www.imdb.com/title/tt3268850/?ref_=sr_t_473,2017,1h 38m,,7.5,3.2K
474. Submission,https://www.imdb.com/title/tt2707810/?ref_=sr_t_474,2017,1h 46m,R,5.7,1.6K
475. Zilla and Zoe,https://www.imdb.com/title/tt4817466/?ref_=sr_t_475,2017,1h 44m,Not Rated,4.8,166
476. Araby,https://www.imdb.com/title/tt6400280/?ref_=sr_t_476,2017,1h 37m,,7.3,1.4K
477. 78/52,https://www.imdb.com/title/tt4372240/?ref_=sr_t_477,2017,1h 31m,Not Rated,7.3,3.9K
478. Krystal,https://www.imdb.com/title/tt0835802/?ref_=sr_t_478,2017,1h 30m,R,5.5,1.8K
479. On the Beach at Night Alone,https://www.imdb.com/title/tt6412864/?ref_=sr_t_479,2017,1h 41m,,6.8,5K
480. Breath,https://www.imdb.com/title/tt1553659/?ref_=sr_t_480,2017,1h 55m,TV-MA,6.7,4K
481. Heart Blackened,https://www.imdb.com/title/tt7609180/?ref_=sr_t_481,2017,2h 5m,,6.6,1.1K
482. Three Christs,https://www.imdb.com/title/tt5706370/?ref_=sr_t_482,2017,1h 49m,R,6.3,3.9K
"483. No Date, No Signature",https://www.imdb.com/title/tt6207878/?ref_=sr_t_483,2017,1h 39m,,7.2,7K
484. The Sower,https://www.imdb.com/title/tt7124090/?ref_=sr_t_484,2017,1h 38m,,6.5,765
485. The House of Tomorrow,https://www.imdb.com/title/tt5910344/?ref_=sr_t_485,2017,1h 25m,Not Rated,6.2,2.5K
486. The Big Bad Fox and Other Tales,https://www.imdb.com/title/tt5851904/?ref_=sr_t_486,2017,1h 23m,G,7.4,3.8K
487. PGS: Intuition Is Your Personal Guidance System,https://www.imdb.com/title/tt7240130/?ref_=sr_t_487,2017,1h 23m,,8.9,66
488. That Summer,https://www.imdb.com/title/tt7057306/?ref_=sr_t_488,2017,1h 20m,Unrated,6.5,519
489. 24 Frames,https://www.imdb.com/title/tt6777170/?ref_=sr_t_489,2017,1h 54m,Not Rated,6.8,2.3K
490. Dave Made a Maze,https://www.imdb.com/title/tt4457344/?ref_=sr_t_490,2017,1h 20m,Not Rated,6.3,9.5K
491. Maui,https://www.imdb.com/title/tt5722516/?ref_=sr_t_491,2017,1h 35m,PG-13,7.1,98
492. Wasted! The Story of Food Waste,https://www.imdb.com/title/tt6207096/?ref_=sr_t_492,2017,1h 25m,TV-MA,7.5,521
493. Super Dark Times,https://www.imdb.com/title/tt5112578/?ref_=sr_t_493,2017,1h 43m,Not Rated,6.6,26K
494. Sollers Point,https://www.imdb.com/title/tt5180888/?ref_=sr_t_494,2017,1h 41m,R,5.7,836
495. Spettacolo,https://www.imdb.com/title/tt6402212/?ref_=sr_t_495,2017,1h 31m,TV-PG,7.0,190
496. Goodland,https://www.imdb.com/title/tt5022560/?ref_=sr_t_496,2017,1h 24m,Not Rated,5.1,576
497. Brimstone & Glory,https://www.imdb.com/title/tt5279122/?ref_=sr_t_497,2017,1h 7m,,7.2,911
498. Signature Move,https://www.imdb.com/title/tt5328952/?ref_=sr_t_498,2017,1h 20m,,5.8,704
"499. Intent to Destroy: Death, Denial & Depiction",https://www.imdb.com/title/tt6794462/?ref_=sr_t_499,2017,1h 55m,PG-13,7.2,563
500. Good Manners,https://www.imdb.com/title/tt5480782/?ref_=sr_t_500,2017,2h 15m,PG,6.7,4.4K
501. 7 Witches,https://www.imdb.com/title/tt4424722/?ref_=sr_t_501,2017,1h 12m,Not Rated,3.6,782
502. XX,https://www.imdb.com/title/tt3322892/?ref_=sr_t_502,2017,1h 20m,R,4.6,13K
503. The Wound,https://www.imdb.com/title/tt6333070/?ref_=sr_t_503,2017,1h 28m,Unrated,6.8,2.1K
504. Dealt,https://www.imdb.com/title/tt3127902/?ref_=sr_t_504,2017,1h 25m,Not Rated,7.5,2K
505. The Desert Bride,https://www.imdb.com/title/tt6147512/?ref_=sr_t_505,2017,1h 18m,Not Rated,6.5,729
506. Lemon,https://www.imdb.com/title/tt5973364/?ref_=sr_t_506,2017,1h 23m,Not Rated,4.8,2.8K
507. Berlin Syndrome,https://www.imdb.com/title/tt3335606/?ref_=sr_t_507,2017,1h 56m,R,6.3,28K
508. The Villainess,https://www.imdb.com/title/tt6777338/?ref_=sr_t_508,2017,2h 4m,Not Rated,6.6,17K
509. 30 Years of Garbage: The Garbage Pail Kids Story,https://www.imdb.com/title/tt3711708/?ref_=sr_t_509,2017,1h 54m,Not Rated,6.8,261
510. Bronx Gothic,https://www.imdb.com/title/tt6709826/?ref_=sr_t_510,2017,1h 31m,,6.6,80
511. The Cured,https://www.imdb.com/title/tt3463106/?ref_=sr_t_511,2017,1h 35m,R,5.6,9.7K
512. The Charmer,https://www.imdb.com/title/tt5668850/?ref_=sr_t_512,2017,1h 40m,,6.6,1.3K
513. The Misandrists,https://www.imdb.com/title/tt5518756/?ref_=sr_t_513,2017,1h 31m,Not Rated,5.0,541
514. Women Like Us,https://www.imdb.com/title/tt3828848/?ref_=sr_t_514,2017,1h 32m,,8.7,21
515. Moscow Never Sleeps,https://www.imdb.com/title/tt2476294/?ref_=sr_t_515,2017,1h 40m,Not Rated,5.5,331
516. The Lucky Man,https://www.imdb.com/title/tt3458760/?ref_=sr_t_516,2017,1h 38m,R,4.7,1.7K
517. No Intenso Agora,https://www.imdb.com/title/tt6532954/?ref_=sr_t_517,2017,2h 7m,,7.4,624
518. An Elephant's Journey,https://www.imdb.com/title/tt6849128/?ref_=sr_t_518,2017,1h 27m,PG,5.1,659
519. The Day After,https://www.imdb.com/title/tt6462506/?ref_=sr_t_519,2017,1h 32m,,6.9,2.6K
520. The Departure,https://www.imdb.com/title/tt6509432/?ref_=sr_t_520,2017,1h 27m,Not Rated,7.1,270
521. Life and Nothing More,https://www.imdb.com/title/tt5891122/?ref_=sr_t_521,2017,1h 54m,,6.7,593
522. Vazante,https://www.imdb.com/title/tt4673790/?ref_=sr_t_522,2017,1h 56m,,6.4,681
523. Death House,https://www.imdb.com/title/tt2984576/?ref_=sr_t_523,2017,1h 35m,R,3.0,1.8K
524. For Ahkeem,https://www.imdb.com/title/tt5119268/?ref_=sr_t_524,2017,1h 30m,Not Rated,6.8,175
525. The Recall,https://www.imdb.com/title/tt5669936/?ref_=sr_t_525,2017,1h 30m,R,4.2,9.6K
526. The Judge,https://www.imdb.com/title/tt6246092/?ref_=sr_t_526,2017,1h 16m,,7.5,124
527. The Workshop,https://www.imdb.com/title/tt6444838/?ref_=sr_t_527,2017,1h 53m,Not Rated,6.5,2.3K
528. Loving Pablo,https://www.imdb.com/title/tt4682788/?ref_=sr_t_528,2017,2h 3m,R,6.4,23K
529. Bending the Arc,https://www.imdb.com/title/tt6370266/?ref_=sr_t_529,2017,1h 42m,,8.0,428
530. The Female Brain,https://www.imdb.com/title/tt5752360/?ref_=sr_t_530,2017,1h 38m,Not Rated,5.8,3.6K
531. Trophy,https://www.imdb.com/title/tt6333066/?ref_=sr_t_531,2017,1h 48m,Not Rated,7.3,776
532. Ava,https://www.imdb.com/title/tt7259986/?ref_=sr_t_532,2017,1h 42m,Not Rated,6.7,375
533. Did You Wonder Who Fired the Gun?,https://www.imdb.com/title/tt6370614/?ref_=sr_t_533,2017,1h 30m,,6.7,524
534. The Devil and Father Amorth,https://www.imdb.com/title/tt6883152/?ref_=sr_t_534,2017,1h 8m,Not Rated,4.6,2.7K
535. RV: Resurrected Victims,https://www.imdb.com/title/tt7243750/?ref_=sr_t_535,2017,1h 31m,,5.6,702
536. Izzy Gets the Fuck Across Town,https://www.imdb.com/title/tt5198796/?ref_=sr_t_536,2017,1h 26m,,5.6,2.1K
537. The Man from Outer Space,https://www.imdb.com/title/tt5344150/?ref_=sr_t_537,2017,1h 14m,Not Rated,4.4,68
538. Lore,https://www.imdb.com/title/tt5038134/?ref_=sr_t_538,2017,1h 27m,,4.4,225
539. Trafficked,https://www.imdb.com/title/tt1720621/?ref_=sr_t_539,2017,1h 48m,R,5.8,1.9K
540. Freak Show,https://www.imdb.com/title/tt5089534/?ref_=sr_t_540,2017,1h 31m,Not Rated,6.5,4.6K
541. Who We Are Now,https://www.imdb.com/title/tt6680312/?ref_=sr_t_541,2017,1h 35m,Not Rated,6.5,1.3K
542. November,https://www.imdb.com/title/tt6164502/?ref_=sr_t_542,2017,1h 55m,,7.1,6.5K
543. Anything,https://www.imdb.com/title/tt6213952/?ref_=sr_t_543,2017,1h 34m,R,6.1,837
544. Mrs. Hyde,https://www.imdb.com/title/tt5338644/?ref_=sr_t_544,2017,1h 35m,Unrated,5.1,1.7K
545. Bobbi Jene,https://www.imdb.com/title/tt6082630/?ref_=sr_t_545,2017,1h 35m,,6.3,505
546. Gabriel and the Mountain,https://www.imdb.com/title/tt6805354/?ref_=sr_t_546,2017,2h 11m,Not Rated,7.0,1.5K
547. Mansfield 66/67,https://www.imdb.com/title/tt6027344/?ref_=sr_t_547,2017,1h 24m,Not Rated,6.1,498
548. Marlina the Murderer in Four Acts,https://www.imdb.com/title/tt5923026/?ref_=sr_t_548,2017,1h 33m,Not Rated,6.9,3.5K
549. Escapes,https://www.imdb.com/title/tt6815320/?ref_=sr_t_549,2017,1h 29m,Not Rated,6.7,187
550. Bad Grandmas,https://www.imdb.com/title/tt4792524/?ref_=sr_t_550,2017,1h 32m,,4.6,1.1K
