Title,Movie Link,Year,Duration,MPA,Rating,Votes
1. Cleopatra,https://www.imdb.com/title/tt0056937/?ref_=sr_t_1,1963,5h 20m,Approved,7.0,39K
2. It's a Mad Mad Mad Mad World,https://www.imdb.com/title/tt0057193/?ref_=sr_t_2,1963,3h 30m,Approved,7.5,47K
3. From Russia with Love,https://www.imdb.com/title/tt0057076/?ref_=sr_t_3,1963,1h 55m,PG,7.3,149K
4. The Sword in the Stone,https://www.imdb.com/title/tt0057546/?ref_=sr_t_4,1963,1h 19m,G,7.1,109K
5. The Pink Panther,https://www.imdb.com/title/tt0057413/?ref_=sr_t_5,1963,1h 55m,Approved,7.0,58K
6. Contempt,https://www.imdb.com/title/tt0057345/?ref_=sr_t_6,1963,1h 42m,Not Rated,7.4,37K
7. Bluff Master,https://www.imdb.com/title/tt0213524/?ref_=sr_t_7,1963,2h 15m,Not Rated,6.0,149
8. 8½,https://www.imdb.com/title/tt0056801/?ref_=sr_t_8,1963,2h 18m,Not Rated,8.0,128K
9. Bay of Angels,https://www.imdb.com/title/tt0056846/?ref_=sr_t_9,1963,1h 30m,Not Rated,7.2,4.4K
10. The Boom,https://www.imdb.com/title/tt0056883/?ref_=sr_t_10,1963,1h 28m,,7.1,1.4K
11. Le joli mai,https://www.imdb.com/title/tt0057202/?ref_=sr_t_11,1963,2h 45m,Not Rated,7.8,900
12. High and Low,https://www.imdb.com/title/tt0057565/?ref_=sr_t_12,1963,2h 23m,Not Rated,8.4,58K
13. The Servant,https://www.imdb.com/title/tt0057490/?ref_=sr_t_13,1963,1h 56m,Unrated,7.8,15K
14. The Little Soldier,https://www.imdb.com/title/tt0054177/?ref_=sr_t_14,1963,1h 28m,Not Rated,7.1,8.3K
15. The Haunting,https://www.imdb.com/title/tt0057129/?ref_=sr_t_15,1963,1h 52m,G,7.4,44K
16. The Great Escape,https://www.imdb.com/title/tt0057115/?ref_=sr_t_16,1963,2h 52m,Approved,8.2,265K
17. The Birds,https://www.imdb.com/title/tt0056869/?ref_=sr_t_17,1963,1h 59m,PG-13,7.6,211K
18. McLintock!,https://www.imdb.com/title/tt0057298/?ref_=sr_t_18,1963,2h 6m,Approved,7.1,17K
19. Charade,https://www.imdb.com/title/tt0056923/?ref_=sr_t_19,1963,1h 53m,Approved,7.8,88K
"20. Move Over, Darling",https://www.imdb.com/title/tt0057329/?ref_=sr_t_20,1963,1h 43m,Approved,6.9,6.7K
21. The Leopard,https://www.imdb.com/title/tt0057091/?ref_=sr_t_21,1963,3h 6m,PG,7.9,31K
22. Jason and the Argonauts,https://www.imdb.com/title/tt0057197/?ref_=sr_t_22,1963,1h 44m,G,7.3,32K
23. Donovan's Reef,https://www.imdb.com/title/tt0057007/?ref_=sr_t_23,1963,1h 49m,Approved,6.7,10K
24. Bye Bye Birdie,https://www.imdb.com/title/tt0056891/?ref_=sr_t_24,1963,1h 52m,G,6.6,9.6K
25. 55 Days at Peking,https://www.imdb.com/title/tt0056800/?ref_=sr_t_25,1963,2h 34m,Unrated,6.7,7.6K
26. Irma la Douce,https://www.imdb.com/title/tt0057187/?ref_=sr_t_26,1963,2h 27m,Approved,7.3,22K
27. Lord of the Flies,https://www.imdb.com/title/tt0057261/?ref_=sr_t_27,1963,1h 32m,Not Rated,6.9,21K
28. Black Sabbath,https://www.imdb.com/title/tt0057603/?ref_=sr_t_28,1963,1h 37m,Approved,7.0,15K
29. Spencer's Mountain,https://www.imdb.com/title/tt0057523/?ref_=sr_t_29,1963,1h 58m,Approved,7.0,3.3K
30. The Nutty Professor,https://www.imdb.com/title/tt0057372/?ref_=sr_t_30,1963,1h 47m,Approved,6.6,20K
31. Hud,https://www.imdb.com/title/tt0057163/?ref_=sr_t_31,1963,1h 52m,Approved,7.8,25K
32. Tom Jones,https://www.imdb.com/title/tt0057590/?ref_=sr_t_32,1963,2h 9m,Not Rated,6.4,15K
33. Summer Holiday,https://www.imdb.com/title/tt0057541/?ref_=sr_t_33,1963,1h 47m,Approved,6.1,1.9K
34. Toys in the Attic,https://www.imdb.com/title/tt0057598/?ref_=sr_t_34,1963,1h 30m,Not Rated,6.7,1.4K
"35. Yesterday, Today and Tomorrow",https://www.imdb.com/title/tt0057171/?ref_=sr_t_35,1963,1h 59m,Not Rated,7.2,11K
36. The V.I.P.s,https://www.imdb.com/title/tt0057634/?ref_=sr_t_36,1963,1h 59m,Not Rated,6.3,4.3K
37. The Running Man,https://www.imdb.com/title/tt0057463/?ref_=sr_t_37,1963,1h 43m,Approved,6.5,2K
38. Johnny Cool,https://www.imdb.com/title/tt0057200/?ref_=sr_t_38,1963,1h 43m,Approved,6.4,1.2K
39. The Thrill of It All,https://www.imdb.com/title/tt0057581/?ref_=sr_t_39,1963,1h 48m,Approved,6.9,6.1K
40. Promises..... Promises!,https://www.imdb.com/title/tt0057428/?ref_=sr_t_40,1963,1h 15m,Not Rated,5.0,681
41. Lilies of the Field,https://www.imdb.com/title/tt0057251/?ref_=sr_t_41,1963,1h 34m,Approved,7.5,14K
42. Frøken Nitouche,https://www.imdb.com/title/tt0057080/?ref_=sr_t_42,1963,1h 44m,,6.7,855
43. The Terror,https://www.imdb.com/title/tt0057569/?ref_=sr_t_43,1963,1h 21m,TV-PG,5.0,8.8K
44. The Day of the Triffids,https://www.imdb.com/title/tt0055894/?ref_=sr_t_44,1963,1h 33m,Approved,6.1,9.2K
45. Winter Light,https://www.imdb.com/title/tt0057358/?ref_=sr_t_45,1963,1h 21m,Not Rated,8.0,28K
46. The Incredible Journey,https://www.imdb.com/title/tt0057180/?ref_=sr_t_46,1963,1h 20m,G,7.0,5.4K
47. The Silence,https://www.imdb.com/title/tt0057611/?ref_=sr_t_47,1963,1h 36m,R,7.7,22K
48. Scorching Sands,https://www.imdb.com/title/tt0056485/?ref_=sr_t_48,1963,2h 4m,Not Rated,5.6,227
49. Dementia 13,https://www.imdb.com/title/tt0056983/?ref_=sr_t_49,1963,1h 15m,Unrated,5.7,9.5K
50. It Happened at the World's Fair,https://www.imdb.com/title/tt0057191/?ref_=sr_t_50,1963,1h 45m,Approved,6.0,3.2K
51. Dead Ringer,https://www.imdb.com/title/tt0057997/?ref_=sr_t_51,1963,1h 56m,Approved,7.3,6.8K
52. This Sporting Life,https://www.imdb.com/title/tt0057578/?ref_=sr_t_52,1963,2h 14m,Not Rated,7.5,7.3K
53. The Raven,https://www.imdb.com/title/tt0057449/?ref_=sr_t_53,1963,1h 26m,G,6.5,14K
54. X: The Man with the X-Ray Eyes,https://www.imdb.com/title/tt0057693/?ref_=sr_t_54,1963,1h 19m,Approved,6.6,8.6K
55. The Prize,https://www.imdb.com/title/tt0057426/?ref_=sr_t_55,1963,2h 14m,Approved,6.8,5.5K
56. Love with the Proper Stranger,https://www.imdb.com/title/tt0057263/?ref_=sr_t_56,1963,1h 42m,Approved,7.2,5.6K
57. The Victors,https://www.imdb.com/title/tt0057652/?ref_=sr_t_57,1963,2h 55m,Approved,6.9,1.8K
58. The Three Lives of Thomasina,https://www.imdb.com/title/tt0057579/?ref_=sr_t_58,1963,1h 37m,PG,7.2,2.7K
59. 4 for Texas,https://www.imdb.com/title/tt0057071/?ref_=sr_t_59,1963,2h 4m,Approved,5.5,3.7K
60. The Cardinal,https://www.imdb.com/title/tt0056907/?ref_=sr_t_60,1963,2h 55m,Approved,6.7,3K
61. Summer Magic,https://www.imdb.com/title/tt0057542/?ref_=sr_t_61,1963,1h 50m,G,6.9,2.8K
"62. Take Her, She's Mine",https://www.imdb.com/title/tt0057556/?ref_=sr_t_62,1963,1h 38m,Approved,6.2,1.5K
63. Winnetou,https://www.imdb.com/title/tt0057687/?ref_=sr_t_63,1963,1h 31m,,6.8,4.8K
64. The Big City,https://www.imdb.com/title/tt0057277/?ref_=sr_t_64,1963,2h 2m,Not Rated,8.3,5.2K
"65. Captain Newman, M.D.",https://www.imdb.com/title/tt0056903/?ref_=sr_t_65,1963,2h 6m,Approved,6.9,3K
66. America America,https://www.imdb.com/title/tt0056825/?ref_=sr_t_66,1963,2h 54m,Approved,7.7,6.2K
67. Billy Liar,https://www.imdb.com/title/tt0056868/?ref_=sr_t_67,1963,1h 38m,Not Rated,7.2,7.3K
68. I Could Go on Singing,https://www.imdb.com/title/tt0057168/?ref_=sr_t_68,1963,1h 40m,Approved,6.9,1.7K
69. The Fire Within,https://www.imdb.com/title/tt0057058/?ref_=sr_t_69,1963,1h 48m,Not Rated,7.8,11K
70. The Comedy of Terrors,https://www.imdb.com/title/tt0056943/?ref_=sr_t_70,1963,1h 24m,Approved,6.5,7.3K
71. The Old Dark House,https://www.imdb.com/title/tt0057379/?ref_=sr_t_71,1963,1h 26m,Approved,5.4,2.6K
72. The Raiders,https://www.imdb.com/title/tt0057446/?ref_=sr_t_72,1963,1h 15m,Approved,5.2,255
73. Il demonio,https://www.imdb.com/title/tt0167886/?ref_=sr_t_73,1963,1h 38m,,7.2,1.4K
74. Shock Corridor,https://www.imdb.com/title/tt0057495/?ref_=sr_t_74,1963,1h 41m,Approved,7.3,13K
75. The Haunted Palace,https://www.imdb.com/title/tt0057128/?ref_=sr_t_75,1963,1h 27m,Approved,6.7,8.9K
76. The List of Adrian Messenger,https://www.imdb.com/title/tt0057254/?ref_=sr_t_76,1963,1h 38m,Approved,6.8,5.9K
77. The Evil Eye,https://www.imdb.com/title/tt0057443/?ref_=sr_t_77,1963,1h 26m,Not Rated,6.9,5.8K
78. Sunday in New York,https://www.imdb.com/title/tt0057543/?ref_=sr_t_78,1963,1h 45m,Approved,6.7,3.5K
79. In the French Style,https://www.imdb.com/title/tt0056096/?ref_=sr_t_79,1963,1h 45m,,6.6,376
80. When the Cat Comes,https://www.imdb.com/title/tt0056844/?ref_=sr_t_80,1963,1h 44m,,7.2,2.2K
81. Blood Feast,https://www.imdb.com/title/tt0056875/?ref_=sr_t_81,1963,1h 7m,Not Rated,5.0,7.6K
82. An Actor's Revenge,https://www.imdb.com/title/tt0057710/?ref_=sr_t_82,1963,1h 55m,Not Rated,7.3,3K
83. The Kiss of the Vampire,https://www.imdb.com/title/tt0057226/?ref_=sr_t_83,1963,1h 28m,Approved,6.2,4.1K
84. Under the Yum Yum Tree,https://www.imdb.com/title/tt0057622/?ref_=sr_t_84,1963,1h 50m,Not Rated,6.0,2.1K
85. Beach Party,https://www.imdb.com/title/tt0056860/?ref_=sr_t_85,1963,1h 41m,Approved,5.7,2.4K
86. Fun in Acapulco,https://www.imdb.com/title/tt0057083/?ref_=sr_t_86,1963,1h 37m,PG,5.8,3.9K
87. Any Number Can Win,https://www.imdb.com/title/tt0057344/?ref_=sr_t_87,1963,1h 58m,,7.3,4.7K
88. A Child Is Waiting,https://www.imdb.com/title/tt0056930/?ref_=sr_t_88,1963,1h 42m,Approved,7.2,3.5K
89. Judex,https://www.imdb.com/title/tt0057207/?ref_=sr_t_89,1963,1h 38m,Not Rated,7.0,3K
90. Murder at the Gallop,https://www.imdb.com/title/tt0057334/?ref_=sr_t_90,1963,1h 21m,Approved,7.2,7K
91. King Kong vs. Godzilla,https://www.imdb.com/title/tt0056142/?ref_=sr_t_91,1963,1h 31m,Approved,5.7,12K
92. The Courtship of Eddie's Father,https://www.imdb.com/title/tt0056956/?ref_=sr_t_92,1963,1h 58m,Approved,6.8,3.4K
93. PT 109,https://www.imdb.com/title/tt0057393/?ref_=sr_t_93,1963,2h 20m,Approved,6.6,3.1K
94. Captain Sindbad,https://www.imdb.com/title/tt0056904/?ref_=sr_t_94,1963,1h 25m,Approved,5.5,1.1K
95. Savage Sam,https://www.imdb.com/title/tt0057473/?ref_=sr_t_95,1963,1h 43m,Approved,6.0,1.2K
96. Mondo Cane 2,https://www.imdb.com/title/tt0058365/?ref_=sr_t_96,1963,1h 42m,Approved,5.8,1K
97. Kings of the Sun,https://www.imdb.com/title/tt0057225/?ref_=sr_t_97,1963,1h 48m,Approved,6.1,2.3K
98. Voyage to the End of the Universe,https://www.imdb.com/title/tt0122111/?ref_=sr_t_98,1963,1h 21m,,6.9,3.1K
99. A Gathering of Eagles,https://www.imdb.com/title/tt0057090/?ref_=sr_t_99,1963,1h 55m,Approved,6.1,1.1K
100. Who's Been Sleeping in My Bed?,https://www.imdb.com/title/tt0057682/?ref_=sr_t_100,1963,1h 43m,Approved,5.8,639
101. The Crawling Hand,https://www.imdb.com/title/tt0056961/?ref_=sr_t_101,1963,1h 29m,Approved,3.2,2.1K
102. Palm Springs Weekend,https://www.imdb.com/title/tt0057396/?ref_=sr_t_102,1963,1h 40m,Unrated,5.9,1.2K
103. The Red Lanterns,https://www.imdb.com/title/tt0057229/?ref_=sr_t_103,1963,2h 12m,,8.1,2.1K
104. Soldier in the Rain,https://www.imdb.com/title/tt0057517/?ref_=sr_t_104,1963,1h 28m,Approved,6.6,2K
105. Goldilocks and the Three Bares,https://www.imdb.com/title/tt0057111/?ref_=sr_t_105,1963,1h 9m,,3.2,475
106. Carry on Cabby,https://www.imdb.com/title/tt0056912/?ref_=sr_t_106,1963,1h 31m,,6.4,3.1K
107. The Organizer,https://www.imdb.com/title/tt0056945/?ref_=sr_t_107,1963,2h 6m,Not Rated,8.0,3.4K
108. The Stripper,https://www.imdb.com/title/tt0057537/?ref_=sr_t_108,1963,1h 35m,Approved,6.6,464
109. Passenger,https://www.imdb.com/title/tt0054159/?ref_=sr_t_109,1963,1h 2m,,7.4,2.2K
110. The Empty Canvas,https://www.imdb.com/title/tt0058413/?ref_=sr_t_110,1963,1h 45m,,6.8,1.1K
111. The Black Abbot,https://www.imdb.com/title/tt0057476/?ref_=sr_t_111,1963,1h 35m,,5.8,903
112. The Whip and the Body,https://www.imdb.com/title/tt0057078/?ref_=sr_t_112,1963,1h 27m,Not Rated,6.6,4.9K
113. The Sadist,https://www.imdb.com/title/tt0057465/?ref_=sr_t_113,1963,1h 32m,R,6.6,3.2K
114. Scum of the Earth,https://www.imdb.com/title/tt0057480/?ref_=sr_t_114,1963,1h 15m,Not Rated,5.2,910
"115. Bell, Bare and Beautiful",https://www.imdb.com/title/tt0056863/?ref_=sr_t_115,1963,1h 4m,Unrated,5.7,117
116. Paranoiac,https://www.imdb.com/title/tt0057401/?ref_=sr_t_116,1963,1h 20m,Not Rated,6.7,3.5K
"117. Dr. Syn, Alias the Scarecrow",https://www.imdb.com/title/tt1606207/?ref_=sr_t_117,1963,1h 38m,G,7.3,696
118. Monstrosity,https://www.imdb.com/title/tt0057859/?ref_=sr_t_118,1963,1h 5m,Approved,3.0,3K
119. The Insect Woman,https://www.imdb.com/title/tt0057363/?ref_=sr_t_119,1963,2h 3m,Not Rated,7.4,2.6K
120. The Caretakers,https://www.imdb.com/title/tt0056908/?ref_=sr_t_120,1963,1h 37m,Approved,5.6,951
121. The Ugly American,https://www.imdb.com/title/tt0056632/?ref_=sr_t_121,1963,2h,Approved,6.6,2.6K
122. Dry Summer,https://www.imdb.com/title/tt0062322/?ref_=sr_t_122,1963,1h 30m,Not Rated,7.8,6.1K
123. Crooks in Clover,https://www.imdb.com/title/tt0057591/?ref_=sr_t_123,1963,1h 45m,,7.7,6.8K
124. The Executioner,https://www.imdb.com/title/tt0057643/?ref_=sr_t_124,1963,1h 30m,Not Rated,7.9,7.6K
125. Come Fly with Me,https://www.imdb.com/title/tt0056941/?ref_=sr_t_125,1963,1h 49m,Approved,6.2,883
126. The Mouse on the Moon,https://www.imdb.com/title/tt0057328/?ref_=sr_t_126,1963,1h 22m,Approved,6.3,2K
127. Flipper,https://www.imdb.com/title/tt0057063/?ref_=sr_t_127,1963,1h 27m,G,6.1,2K
128. Twice-Told Tales,https://www.imdb.com/title/tt0057608/?ref_=sr_t_128,1963,2h,Approved,6.6,3.7K
129. Muriel,https://www.imdb.com/title/tt0057336/?ref_=sr_t_129,1963,1h 55m,Not Rated,7.0,3.9K
130. In the Cool of the Day,https://www.imdb.com/title/tt0057178/?ref_=sr_t_130,1963,1h 29m,Not Rated,5.0,651
131. Rampage,https://www.imdb.com/title/tt0057447/?ref_=sr_t_131,1963,1h 38m,Approved,5.5,832
132. Come Blow Your Horn,https://www.imdb.com/title/tt0056940/?ref_=sr_t_132,1963,1h 52m,Approved,6.0,1.3K
133. Station Six Sahara,https://www.imdb.com/title/tt0057527/?ref_=sr_t_133,1963,1h 39m,,6.4,556
134. Ladybug Ladybug,https://www.imdb.com/title/tt0057242/?ref_=sr_t_134,1963,1h 22m,Not Rated,7.2,1K
135. A New Kind of Love,https://www.imdb.com/title/tt0057360/?ref_=sr_t_135,1963,1h 50m,Unrated,5.7,1.6K
136. Atragon,https://www.imdb.com/title/tt0057215/?ref_=sr_t_136,1963,1h 34m,TV-Y7,5.8,1.6K
137. Strategy of Sex Appeal,https://www.imdb.com/title/tt0291398/?ref_=sr_t_137,1963,,,,
138. The French Girl and the Nudists,https://www.imdb.com/title/tt0166652/?ref_=sr_t_138,1963,1h 24m,Unrated,6.2,39
139. Maniac,https://www.imdb.com/title/tt0056219/?ref_=sr_t_139,1963,1h 26m,Approved,5.9,1.6K
140. Symphonie pour un massacre,https://www.imdb.com/title/tt0057549/?ref_=sr_t_140,1963,1h 55m,,7.2,675
141. El terror de la frontera,https://www.imdb.com/title/tt0280143/?ref_=sr_t_141,1963,1h 10m,,7.4,29
142. Cri Cri el grillito cantor,https://www.imdb.com/title/tt0242392/?ref_=sr_t_142,1963,2h 30m,PG,7.6,138
143. Six She's and a He,https://www.imdb.com/title/tt0304355/?ref_=sr_t_143,1963,1h 12m,Not Rated,5.2,158
144. The Wrong Arm of the Law,https://www.imdb.com/title/tt0056704/?ref_=sr_t_144,1963,1h 34m,Unrated,6.7,2.5K
145. World Gone Mad,https://www.imdb.com/title/tt0197042/?ref_=sr_t_145,1963,1h 36m,,8.8,2.6K
146. Frau Holle,https://www.imdb.com/title/tt0172467/?ref_=sr_t_146,1963,59m,,6.4,298
147. Nine Hours to Rama,https://www.imdb.com/title/tt0057362/?ref_=sr_t_147,1963,2h 4m,Approved,6.4,462
148. The Girl Hunters,https://www.imdb.com/title/tt0057102/?ref_=sr_t_148,1963,1h 38m,Not Rated,5.9,844
149. For Love or Money,https://www.imdb.com/title/tt0057067/?ref_=sr_t_149,1963,1h 48m,Approved,6.2,580
150. Gentlemen Prefer Nature Girls,https://www.imdb.com/title/tt0056015/?ref_=sr_t_150,1963,1h 11m,Unrated,5.1,124
151. My Six Loves,https://www.imdb.com/title/tt0057341/?ref_=sr_t_151,1963,1h 41m,Approved,6.5,616
152. The Slime People,https://www.imdb.com/title/tt0056499/?ref_=sr_t_152,1963,1h 16m,Approved,2.9,1.7K
153. Youth of the Beast,https://www.imdb.com/title/tt0057697/?ref_=sr_t_153,1963,1h 32m,Not Rated,7.3,4K
154. The Conjugal Bed,https://www.imdb.com/title/tt0057532/?ref_=sr_t_154,1963,1h 25m,Not Rated,7.0,846
155. The Mind Benders,https://www.imdb.com/title/tt0057311/?ref_=sr_t_155,1963,1h 39m,,6.4,964
156. The Quick and the Dead,https://www.imdb.com/title/tt0057441/?ref_=sr_t_156,1963,1h 32m,Approved,5.7,188
157. Horror Castle,https://www.imdb.com/title/tt0057646/?ref_=sr_t_157,1963,1h 24m,Unrated,5.8,1.3K
158. Kingdom of Crooked Mirrors,https://www.imdb.com/title/tt0145033/?ref_=sr_t_158,1963,1h 15m,,7.2,1.5K
159. Suomalainen ratsuväki,https://www.imdb.com/title/tt0147571/?ref_=sr_t_159,1963,1h 8m,,,
160. The Small World of Sammy Lee,https://www.imdb.com/title/tt0052205/?ref_=sr_t_160,1963,1h 47m,,7.1,587
161. Heavenly Bodies!,https://www.imdb.com/title/tt0057133/?ref_=sr_t_161,1963,1h 2m,,5.1,140
162. Ek Raaz,https://www.imdb.com/title/tt0207445/?ref_=sr_t_162,1963,2h 12m,Not Rated,7.0,38
163. Black Zoo,https://www.imdb.com/title/tt0056872/?ref_=sr_t_163,1963,1h 28m,Approved,5.6,286
164. Two Colonels,https://www.imdb.com/title/tt0055936/?ref_=sr_t_164,1963,1h 30m,,7.2,700
165. Doggie March,https://www.imdb.com/title/tt0058734/?ref_=sr_t_165,1963,1h 22m,,6.4,114
166. The Guest,https://www.imdb.com/title/tt0058164/?ref_=sr_t_166,1963,1h 45m,,7.1,1K
167. Tomorrow at Ten,https://www.imdb.com/title/tt0058669/?ref_=sr_t_167,1963,1h 20m,,6.8,486
168. The Curse of the Crying Woman,https://www.imdb.com/title/tt0055128/?ref_=sr_t_168,1963,1h 20m,Approved,6.5,830
169. The Ghost,https://www.imdb.com/title/tt0057522/?ref_=sr_t_169,1963,1h 37m,Not Rated,6.1,1.5K
170. Miracle of the White Stallions,https://www.imdb.com/title/tt0057312/?ref_=sr_t_170,1963,1h 58m,Approved,6.5,837
171. Sword of Lancelot,https://www.imdb.com/title/tt0057547/?ref_=sr_t_171,1963,1h 56m,Approved,5.7,649
172. Magnet of Doom,https://www.imdb.com/title/tt0056845/?ref_=sr_t_172,1963,1h 42m,,6.5,1.9K
173. Saladin,https://www.imdb.com/title/tt0057357/?ref_=sr_t_173,1963,3h 14m,TV-MA,7.5,2.9K
174. The Wheeler Dealers,https://www.imdb.com/title/tt0057681/?ref_=sr_t_174,1963,1h 47m,Approved,6.5,1.6K
175. Who's Minding the Store?,https://www.imdb.com/title/tt0057683/?ref_=sr_t_175,1963,1h 30m,Approved,6.7,2.9K
176. Zlaté kapradí,https://www.imdb.com/title/tt0176345/?ref_=sr_t_176,1963,1h 55m,,7.0,153
177. The Young Racers,https://www.imdb.com/title/tt0057706/?ref_=sr_t_177,1963,1h 24m,Not Rated,4.9,366
178. Suzanne's Career,https://www.imdb.com/title/tt0056910/?ref_=sr_t_178,1963,54m,Not Rated,6.8,4.4K
179. Barren Lives,https://www.imdb.com/title/tt0057654/?ref_=sr_t_179,1963,1h 43m,Not Rated,7.5,3.1K
180. Squeak-squeak,https://www.imdb.com/title/tt0057422/?ref_=sr_t_180,1963,1h 26m,,6.5,2.1K
181. Heavens Above!,https://www.imdb.com/title/tt0057134/?ref_=sr_t_181,1963,1h 45m,Not Rated,6.7,1.7K
182. Call Me Bwana,https://www.imdb.com/title/tt0056897/?ref_=sr_t_182,1963,1h 33m,Approved,5.3,895
183. A Stitch in Time,https://www.imdb.com/title/tt0057530/?ref_=sr_t_183,1963,1h 29m,G,6.9,1.3K
184. Ladies Who Do,https://www.imdb.com/title/tt0057241/?ref_=sr_t_184,1963,1h 25m,Not Rated,6.9,591
185. The Man from the Diners' Club,https://www.imdb.com/title/tt0057284/?ref_=sr_t_185,1963,1h 36m,Approved,6.1,488
186. Doctor in Distress,https://www.imdb.com/title/tt0057004/?ref_=sr_t_186,1963,1h 42m,,5.6,736
187. Un tipo a todo dar,https://www.imdb.com/title/tt0280148/?ref_=sr_t_187,1963,1h 45m,,7.3,28
188. The Fiances,https://www.imdb.com/title/tt0055981/?ref_=sr_t_188,1963,1h 17m,Not Rated,7.6,2.4K
189. Así es mi México,https://www.imdb.com/title/tt0276779/?ref_=sr_t_189,1963,1h 28m,Not Rated,,
190. 13 Assassins,https://www.imdb.com/title/tt0057212/?ref_=sr_t_190,1963,2h 5m,Not Rated,7.4,1.1K
191. Unearthly Stranger,https://www.imdb.com/title/tt0057623/?ref_=sr_t_191,1963,1h 18m,,6.4,1K
192. Dr. Crippen,https://www.imdb.com/title/tt0055927/?ref_=sr_t_192,1963,1h 38m,TV-PG,6.4,859
193. L'Immortelle,https://www.imdb.com/title/tt0057176/?ref_=sr_t_193,1963,1h 41m,M,7.2,1.4K
194. Shotgun Wedding,https://www.imdb.com/title/tt0057496/?ref_=sr_t_194,1963,1h 4m,,4.8,95
195. Three Ruthless Ones,https://www.imdb.com/title/tt0057464/?ref_=sr_t_195,1963,1h 37m,,6.0,191
196. Five Minutes to Love,https://www.imdb.com/title/tt0057062/?ref_=sr_t_196,1963,1h 25m,,4.4,160
197. The Three Stooges Go Around the World in a Daze,https://www.imdb.com/title/tt0057580/?ref_=sr_t_197,1963,1h 34m,Not Rated,6.2,855
198. Diary of a Madman,https://www.imdb.com/title/tt0056993/?ref_=sr_t_198,1963,1h 36m,Approved,6.3,3.2K
199. Doctor of Doom,https://www.imdb.com/title/tt0056201/?ref_=sr_t_199,1963,1h 17m,,4.9,392
200. A Boy Ten Feet Tall,https://www.imdb.com/title/tt0056886/?ref_=sr_t_200,1963,1h 58m,G,7.1,673
201. Twilight of Honor,https://www.imdb.com/title/tt0057609/?ref_=sr_t_201,1963,1h 44m,Approved,6.3,717
202. The Rape,https://www.imdb.com/title/tt0058903/?ref_=sr_t_202,1963,1h 25m,,6.6,117
203. 13 Frightened Girls,https://www.imdb.com/title/tt0056796/?ref_=sr_t_203,1963,1h 28m,Approved,5.3,931
204. Women of the World,https://www.imdb.com/title/tt0055923/?ref_=sr_t_204,1963,1h 50m,Not Rated,5.5,411
205. The Balcony,https://www.imdb.com/title/tt0056847/?ref_=sr_t_205,1963,1h 24m,Not Rated,6.0,703
206. Sparrows Can't Sing,https://www.imdb.com/title/tt0057521/?ref_=sr_t_206,1963,1h 34m,,6.2,556
207. Tammy and the Doctor,https://www.imdb.com/title/tt0057558/?ref_=sr_t_207,1963,1h 28m,Approved,5.9,817
208. Venusberg,https://www.imdb.com/title/tt0057640/?ref_=sr_t_208,1963,1h 28m,,8.4,60
209. The Carabineers,https://www.imdb.com/title/tt0056905/?ref_=sr_t_209,1963,1h 20m,,6.7,3.7K
210. Hootenanny Hoot,https://www.imdb.com/title/tt0057153/?ref_=sr_t_210,1963,1h 31m,,5.1,258
211. Papa's Delicate Condition,https://www.imdb.com/title/tt0057400/?ref_=sr_t_211,1963,1h 38m,Approved,6.5,770
"212. 1, 000 Shapes of a Female",https://www.imdb.com/title/tt0056795/?ref_=sr_t_212,1963,1h 19m,,4.9,72
"213. 50,000 B.C. (Before Clothing)",https://www.imdb.com/title/tt0214401/?ref_=sr_t_213,1963,1h 15m,,3.6,148
214. Ro.Go.Pa.G.,https://www.imdb.com/title/tt0056171/?ref_=sr_t_214,1963,2h 2m,Not Rated,6.8,2.3K
215. OSS 117 se déchaîne,https://www.imdb.com/title/tt0141673/?ref_=sr_t_215,1963,1h 44m,,5.5,350
216. Gidget Goes to Rome,https://www.imdb.com/title/tt0057100/?ref_=sr_t_216,1963,1h 44m,Approved,5.1,824
217. Wives and Lovers,https://www.imdb.com/title/tt0057688/?ref_=sr_t_217,1963,1h 43m,Approved,5.9,315
218. Enough Rope,https://www.imdb.com/title/tt0057303/?ref_=sr_t_218,1963,1h 44m,,6.3,208
219. Maigret voit rouge,https://www.imdb.com/title/tt0057278/?ref_=sr_t_219,1963,1h 27m,,6.2,742
220. Boin-n-g,https://www.imdb.com/title/tt0056880/?ref_=sr_t_220,1963,1h 10m,Unrated,4.4,144
221. Bunny Yeager's Nude Camera,https://www.imdb.com/title/tt0057906/?ref_=sr_t_221,1963,1h 13m,,6.1,45
"222. Jack of All Trades, Master of None",https://www.imdb.com/title/tt0122670/?ref_=sr_t_222,1963,1h 20m,,8.2,1.3K
223. Tri plyus dva,https://www.imdb.com/title/tt0131207/?ref_=sr_t_223,1963,1h 40m,Not Rated,7.4,2.2K
224. Love Is a Ball,https://www.imdb.com/title/tt0057262/?ref_=sr_t_224,1963,1h 51m,Not Rated,6.0,695
225. Flaming Creatures,https://www.imdb.com/title/tt0054880/?ref_=sr_t_225,1963,45m,,4.6,1.7K
226. The Orgy at Lil's Place,https://www.imdb.com/title/tt0134873/?ref_=sr_t_226,1963,1h 17m,R,5.9,87
227. Operation Bikini,https://www.imdb.com/title/tt0057387/?ref_=sr_t_227,1963,1h 24m,Approved,3.8,325
228. Yôsô,https://www.imdb.com/title/tt0057704/?ref_=sr_t_228,1963,1h 38m,,6.9,118
229. Slave Queen of Babylon,https://www.imdb.com/title/tt0056088/?ref_=sr_t_229,1963,1h 41m,,5.4,169
230. The Model Murder Case,https://www.imdb.com/title/tt0057103/?ref_=sr_t_230,1963,1h 30m,Not Rated,6.4,360
231. Matango,https://www.imdb.com/title/tt0057295/?ref_=sr_t_231,1963,1h 29m,Unrated,6.4,3.7K
232. The Skydivers,https://www.imdb.com/title/tt0057507/?ref_=sr_t_232,1963,1h 15m,,1.9,5K
233. Chi lavora è perduto (In capo al mondo),https://www.imdb.com/title/tt0057942/?ref_=sr_t_233,1963,1h 21m,,6.0,232
234. Sehra,https://www.imdb.com/title/tt0176128/?ref_=sr_t_234,1963,,,6.1,52
235. A Ticklish Affair,https://www.imdb.com/title/tt0057583/?ref_=sr_t_235,1963,1h 28m,Approved,5.8,630
236. The Blancheville Monster,https://www.imdb.com/title/tt0057155/?ref_=sr_t_236,1963,1h 28m,Unrated,5.4,902
"237. 80,000 Suspects",https://www.imdb.com/title/tt0056802/?ref_=sr_t_237,1963,1h 53m,,6.0,335
238. The Monsters,https://www.imdb.com/title/tt0057323/?ref_=sr_t_238,1963,1h 27m,Not Rated,7.4,2.9K
239. Showdown,https://www.imdb.com/title/tt0057497/?ref_=sr_t_239,1963,1h 19m,Approved,6.2,728
240. Mere Mehboob,https://www.imdb.com/title/tt0266765/?ref_=sr_t_240,1963,2h 44m,,7.0,242
241. The Man Who Finally Died,https://www.imdb.com/title/tt0056216/?ref_=sr_t_241,1963,1h 40m,,6.1,645
242. The Indian Scarf,https://www.imdb.com/title/tt0057183/?ref_=sr_t_242,1963,1h 33m,,6.6,1.2K
243. All of Me,https://www.imdb.com/title/tt0445173/?ref_=sr_t_243,1963,1h 8m,,4.5,30
244. Sandokan the Great,https://www.imdb.com/title/tt0057469/?ref_=sr_t_244,1963,1h 45m,Approved,5.7,422
245. Nurse on Wheels,https://www.imdb.com/title/tt0057371/?ref_=sr_t_245,1963,1h 25m,,6.2,600
246. Hamrahi,https://www.imdb.com/title/tt0254372/?ref_=sr_t_246,1963,2h 29m,Not Rated,6.6,45
247. Hands Over the City,https://www.imdb.com/title/tt0057286/?ref_=sr_t_247,1963,1h 41m,Not Rated,7.6,3.4K
248. Bitter Harvest,https://www.imdb.com/title/tt0056870/?ref_=sr_t_248,1963,1h 31m,,6.2,334
249. Parasmani,https://www.imdb.com/title/tt0242760/?ref_=sr_t_249,1963,2h 17m,Not Rated,6.5,59
250. Vice and Virtue,https://www.imdb.com/title/tt0056658/?ref_=sr_t_250,1963,1h 48m,Not Rated,6.0,436
251. Dead Birds,https://www.imdb.com/title/tt0059091/?ref_=sr_t_251,1963,1h 25m,Not Rated,7.1,300
252. Gunfight at Comanche Creek,https://www.imdb.com/title/tt0058165/?ref_=sr_t_252,1963,1h 30m,Approved,6.0,937
253. The Cool World,https://www.imdb.com/title/tt0056952/?ref_=sr_t_253,1963,1h 45m,,6.4,692
254. Ustadon Ke Ustad,https://www.imdb.com/title/tt0158314/?ref_=sr_t_254,1963,2h 24m,,7.7,50
255. Tarzan's Three Challenges,https://www.imdb.com/title/tt0057560/?ref_=sr_t_255,1963,1h 40m,Approved,5.6,607
256. Sword of Zorro,https://www.imdb.com/title/tt0057602/?ref_=sr_t_256,1963,1h 28m,,4.7,95
257. Dr. Mabuse vs. Scotland Yard,https://www.imdb.com/title/tt0057479/?ref_=sr_t_257,1963,1h 30m,,5.5,472
258. My Wife's Husband,https://www.imdb.com/title/tt0056969/?ref_=sr_t_258,1963,1h 21m,,6.5,966
259. A Place to Go,https://www.imdb.com/title/tt0057415/?ref_=sr_t_259,1963,1h 26m,,6.5,320
260. Charley's Tante,https://www.imdb.com/title/tt0056924/?ref_=sr_t_260,1963,1h 24m,,5.1,318
261. Samurai Pirate,https://www.imdb.com/title/tt0056975/?ref_=sr_t_261,1963,1h 36m,,6.2,313
262. Gunfight in the Red Sands,https://www.imdb.com/title/tt0057016/?ref_=sr_t_262,1963,1h 37m,Not Rated,5.5,412
263. The Old Testament,https://www.imdb.com/title/tt0056650/?ref_=sr_t_263,1963,1h 28m,,4.5,96
264. The Endless Night,https://www.imdb.com/title/tt0057035/?ref_=sr_t_264,1963,1h 25m,,6.9,309
"265. Hercules, Samson & Ulysses",https://www.imdb.com/title/tt0057036/?ref_=sr_t_265,1963,1h 33m,Approved,4.9,716
266. Tere Ghar Ke Samne,https://www.imdb.com/title/tt0057568/?ref_=sr_t_266,1963,2h 29m,,7.6,491
267. The Right Hand of the Devil,https://www.imdb.com/title/tt0268576/?ref_=sr_t_267,1963,1h 7m,,5.2,73
268. Take It All,https://www.imdb.com/title/tt0057725/?ref_=sr_t_268,1963,1h 39m,Not Rated,7.1,393
269. New Tale of Zatoichi,https://www.imdb.com/title/tt0057503/?ref_=sr_t_269,1963,1h 31m,Not Rated,7.3,2.5K
270. Taj Mahal,https://www.imdb.com/title/tt0057555/?ref_=sr_t_270,1963,2h 25m,,7.3,160
271. All the Way Home,https://www.imdb.com/title/tt0056818/?ref_=sr_t_271,1963,1h 37m,Not Rated,7.1,476
272. Deya Neya,https://www.imdb.com/title/tt3918808/?ref_=sr_t_272,1963,1h 47m,Not Rated,8.2,544
273. Raven's End,https://www.imdb.com/title/tt0057237/?ref_=sr_t_273,1963,1h 41m,Not Rated,7.3,1.8K
274. The Very Edge,https://www.imdb.com/title/tt0056656/?ref_=sr_t_274,1963,1h 30m,Not Rated,6.4,177
275. Tough Girls,https://www.imdb.com/title/tt0291226/?ref_=sr_t_275,1963,,,,
276. Días de otoño,https://www.imdb.com/title/tt0055945/?ref_=sr_t_276,1963,1h 35m,,7.7,323
"277. Nutty, Naughty Chateau",https://www.imdb.com/title/tt0056934/?ref_=sr_t_277,1963,1h 42m,,5.2,193
278. The Basilisks,https://www.imdb.com/title/tt0056856/?ref_=sr_t_278,1963,1h 22m,Not Rated,7.2,974
279. Naked Among Wolves,https://www.imdb.com/title/tt0056271/?ref_=sr_t_279,1963,1h 40m,Not Rated,7.2,859
280. Lava Kusa,https://www.imdb.com/title/tt0206877/?ref_=sr_t_280,1963,2h 33m,Not Rated,8.2,645
281. Lunch Hour,https://www.imdb.com/title/tt0242622/?ref_=sr_t_281,1963,1h 4m,,6.5,290
282. That Something... Else!,https://www.imdb.com/title/tt0204154/?ref_=sr_t_282,1963,1h 33m,,5.7,85
283. Sin You Sinners,https://www.imdb.com/title/tt0055450/?ref_=sr_t_283,1963,1h 13m,Not Rated,4.2,179
284. Sweet Skin,https://www.imdb.com/title/tt0057536/?ref_=sr_t_284,1963,1h 35m,,6.2,192
285. The Punch and Judy Man,https://www.imdb.com/title/tt0057435/?ref_=sr_t_285,1963,1h 36m,,6.2,487
286. Violent Midnight,https://www.imdb.com/title/tt0057434/?ref_=sr_t_286,1963,1h 33m,Not Rated,5.6,394
287. The Depths,https://www.imdb.com/title/tt0188388/?ref_=sr_t_287,1963,1h 30m,,6.3,331
288. Bandini,https://www.imdb.com/title/tt0056850/?ref_=sr_t_288,1963,2h 37m,,7.7,899
289. The Gun Hawk,https://www.imdb.com/title/tt0057121/?ref_=sr_t_289,1963,1h 32m,Approved,5.9,486
290. ...denn die Musik und die Liebe in Tirol,https://www.imdb.com/title/tt0056985/?ref_=sr_t_290,1963,1h 34m,,4.1,34
291. Der Zinker,https://www.imdb.com/title/tt0057718/?ref_=sr_t_291,1963,1h 33m,Unrated,6.2,1K
292. Karpagam,https://www.imdb.com/title/tt0214839/?ref_=sr_t_292,1963,2h 49m,,7.2,31
293. Challenge the Devil,https://www.imdb.com/title/tt0276499/?ref_=sr_t_293,1963,1h 19m,Not Rated,4.1,339
294. The Hook,https://www.imdb.com/title/tt0057152/?ref_=sr_t_294,1963,1h 38m,Approved,6.5,816
295. Kiss,https://www.imdb.com/title/tt0213035/?ref_=sr_t_295,1963,55m,,5.0,438
296. The Strangler of Blackmoor Castle,https://www.imdb.com/title/tt0057692/?ref_=sr_t_296,1963,1h 29m,Not Rated,5.7,580
297. Bachpan,https://www.imdb.com/title/tt0364218/?ref_=sr_t_297,1963,,,5.8,7
298. Stolen Hours,https://www.imdb.com/title/tt0057531/?ref_=sr_t_298,1963,1h 37m,Not Rated,6.3,430
299. Dil Hi To Hai,https://www.imdb.com/title/tt0056998/?ref_=sr_t_299,1963,2h 8m,,7.3,140
300. Rififí en la ciudad,https://www.imdb.com/title/tt0056925/?ref_=sr_t_300,1963,1h 40m,,6.3,239
"301. Mary, Mary",https://www.imdb.com/title/tt0057293/?ref_=sr_t_301,1963,2h 6m,Approved,5.9,518
302. Mountain of Fear,https://www.imdb.com/title/tt0057525/?ref_=sr_t_302,1963,1h 18m,,7.9,542
303. Island of Love,https://www.imdb.com/title/tt0057189/?ref_=sr_t_303,1963,1h 41m,Approved,5.1,302
304. Carambolages,https://www.imdb.com/title/tt0056906/?ref_=sr_t_304,1963,1h 28m,,6.1,1.1K
305. My Seven Little Bares,https://www.imdb.com/title/tt0251878/?ref_=sr_t_305,1963,1h 4m,Unrated,3.5,30
306. Il terrorista,https://www.imdb.com/title/tt0207784/?ref_=sr_t_306,1963,1h 35m,,6.8,209
307. The Baby Carriage,https://www.imdb.com/title/tt0056854/?ref_=sr_t_307,1963,1h 35m,Not Rated,6.7,681
308. The Dark Room of Damocles,https://www.imdb.com/title/tt0056823/?ref_=sr_t_308,1963,1h 59m,Not Rated,7.0,792
309. What a Crazy World,https://www.imdb.com/title/tt0057678/?ref_=sr_t_309,1963,1h 28m,,5.8,214
310. Tomb of Torture,https://www.imdb.com/title/tt0057302/?ref_=sr_t_310,1963,1h 28m,Not Rated,4.7,313
311. Bushido,https://www.imdb.com/title/tt0055816/?ref_=sr_t_311,1963,2h 2m,,7.4,530
312. The Mad Executioners,https://www.imdb.com/title/tt0057138/?ref_=sr_t_312,1963,1h 32m,,6.1,398
313. Sweet and Sour,https://www.imdb.com/title/tt0057013/?ref_=sr_t_313,1963,1h 33m,,6.0,163
314. Gutter Girls,https://www.imdb.com/title/tt0058169/?ref_=sr_t_314,1963,1h 28m,,5.3,171
315. Lassie's Great Adventure,https://www.imdb.com/title/tt0126993/?ref_=sr_t_315,1963,1h 13m,Approved,6.1,273
316. A Matter of Choice,https://www.imdb.com/title/tt0057296/?ref_=sr_t_316,1963,1h 19m,Not Rated,6.4,145
317. O filos mou o Lefterakis,https://www.imdb.com/title/tt0179813/?ref_=sr_t_317,1963,1h 30m,,7.1,1K
318. The Paper Man,https://www.imdb.com/title/tt0057147/?ref_=sr_t_318,1963,1h 50m,,7.8,355
319. Goliath and the Rebel Slave,https://www.imdb.com/title/tt0178516/?ref_=sr_t_319,1963,1h 26m,Approved,5.3,144
320. Three Penny Opera,https://www.imdb.com/title/tt0055932/?ref_=sr_t_320,1963,2h 4m,,5.2,217
321. Detective Bureau 2-3: Go to Hell Bastards!,https://www.imdb.com/title/tt0056989/?ref_=sr_t_321,1963,1h 28m,Not Rated,6.8,1K
322. Godaan,https://www.imdb.com/title/tt0370598/?ref_=sr_t_322,1963,1h 50m,,7.1,71
323. Follow the Boys,https://www.imdb.com/title/tt0057066/?ref_=sr_t_323,1963,1h 35m,Not Rated,5.3,414
324. Zorro and the Three Musketeers,https://www.imdb.com/title/tt0057720/?ref_=sr_t_324,1963,1h 41m,,4.9,170
325. Girl in Trouble,https://www.imdb.com/title/tt0127575/?ref_=sr_t_325,1963,1h 22m,,4.9,132
326. The Ten Gladiators,https://www.imdb.com/title/tt0056997/?ref_=sr_t_326,1963,1h 44m,,4.4,133
327. Sing and Swing,https://www.imdb.com/title/tt0057504/?ref_=sr_t_327,1963,1h 15m,,5.6,196
328. The Visit,https://www.imdb.com/title/tt0057664/?ref_=sr_t_328,1963,1h 26m,,7.4,679
329. Bussen,https://www.imdb.com/title/tt0123041/?ref_=sr_t_329,1963,1h 30m,Not Rated,6.2,454
330. Young Aphrodites,https://www.imdb.com/title/tt0057307/?ref_=sr_t_330,1963,1h 28m,,6.7,850
331. Jak byc kochana,https://www.imdb.com/title/tt0057196/?ref_=sr_t_331,1963,1h 32m,,7.3,801
332. Bunny Yeager's Nude Las Vegas,https://www.imdb.com/title/tt0157429/?ref_=sr_t_332,1963,1h 9m,,5.4,57
333. Beni Osman Öldürdü,https://www.imdb.com/title/tt0263116/?ref_=sr_t_333,1963,1h 24m,,6.2,117
334. Bluebeard,https://www.imdb.com/title/tt0056165/?ref_=sr_t_334,1963,1h 55m,,6.4,1.3K
335. To Bed or Not to Bed,https://www.imdb.com/title/tt0056995/?ref_=sr_t_335,1963,1h 43m,,6.2,364
336. Goliath and the Sins of Babylon,https://www.imdb.com/title/tt0057271/?ref_=sr_t_336,1963,1h 20m,,5.4,318
337. Tamahine,https://www.imdb.com/title/tt0058636/?ref_=sr_t_337,1963,1h 35m,,5.9,164
338. Perseo l'invincibile,https://www.imdb.com/title/tt0056343/?ref_=sr_t_338,1963,1h 35m,,4.8,446
339. Spanilá jizda,https://www.imdb.com/title/tt0232685/?ref_=sr_t_339,1963,1h 37m,,6.0,37
340. Torero por un día,https://www.imdb.com/title/tt0057593/?ref_=sr_t_340,1963,1h 35m,PG,7.0,21
341. Underworld Informers,https://www.imdb.com/title/tt0059312/?ref_=sr_t_341,1963,1h 45m,,6.9,460
342. That Kind of Girl,https://www.imdb.com/title/tt0057574/?ref_=sr_t_342,1963,1h 18m,Not Rated,5.3,175
343. The Love Eterne,https://www.imdb.com/title/tt0057248/?ref_=sr_t_343,1963,2h 6m,,7.1,536
344. Youngsters and Adults in Action!,https://www.imdb.com/title/tt0130862/?ref_=sr_t_344,1963,1h 35m,,5.7,251
345. Jab Se Tumhe Dekha Hai,https://www.imdb.com/title/tt0231806/?ref_=sr_t_345,1963,2h 16m,,6.2,32
346. Shikari,https://www.imdb.com/title/tt0230771/?ref_=sr_t_346,1963,2h 19m,,6.1,76
347. Uno strano tipo,https://www.imdb.com/title/tt0057535/?ref_=sr_t_347,1963,1h 30m,,5.8,243
348. The Fat Black Pussycat,https://www.imdb.com/title/tt0058090/?ref_=sr_t_348,1963,1h 34m,,4.5,151
349. Gumrah,https://www.imdb.com/title/tt0057120/?ref_=sr_t_349,1963,2h 35m,,6.9,181
350. Europe in the Raw,https://www.imdb.com/title/tt0057047/?ref_=sr_t_350,1963,1h 12m,Not Rated,4.6,193
351. The Shortest Day,https://www.imdb.com/title/tt0056018/?ref_=sr_t_351,1963,1h 35m,,5.8,345
352. Narthanasala,https://www.imdb.com/title/tt0263778/?ref_=sr_t_352,1963,2h 55m,,8.2,302
353. Koroleva benzokolonki,https://www.imdb.com/title/tt0057232/?ref_=sr_t_353,1963,1h 18m,,7.2,1.9K
354. Los Tarantos,https://www.imdb.com/title/tt0056555/?ref_=sr_t_354,1963,1h 23m,,7.0,414
355. Ursus in the Land of Fire,https://www.imdb.com/title/tt0057628/?ref_=sr_t_355,1963,1h 27m,,4.5,220
356. Die weiße Spinne,https://www.imdb.com/title/tt0057676/?ref_=sr_t_356,1963,1h 43m,,6.2,378
357. Cairo,https://www.imdb.com/title/tt0056894/?ref_=sr_t_357,1963,1h 31m,,5.5,431
358. The Householder,https://www.imdb.com/title/tt0057162/?ref_=sr_t_358,1963,1h 40m,,6.8,404
359. Santo in the Wax Museum,https://www.imdb.com/title/tt0057471/?ref_=sr_t_359,1963,1h 32m,,5.7,375
360. The Crimson Blade,https://www.imdb.com/title/tt0056963/?ref_=sr_t_360,1963,1h 23m,Approved,5.6,716
361. Le concerto de la peur,https://www.imdb.com/title/tt0055863/?ref_=sr_t_361,1963,58m,,5.4,137
362. Grahasti,https://www.imdb.com/title/tt0268342/?ref_=sr_t_362,1963,2h 34m,Not Rated,7.4,65
363. The Madmen of Mandoras,https://www.imdb.com/title/tt0057273/?ref_=sr_t_363,1963,1h 14m,Approved,3.2,671
364. House of the Damned,https://www.imdb.com/title/tt0057160/?ref_=sr_t_364,1963,1h 2m,Approved,5.2,751
365. Desant na Drvar,https://www.imdb.com/title/tt0056987/?ref_=sr_t_365,1963,1h 45m,,6.2,290
366. Arms of the Avenger,https://www.imdb.com/title/tt0056994/?ref_=sr_t_366,1963,1h 35m,,6.8,38
367. Il maestro di Vigevano,https://www.imdb.com/title/tt0057274/?ref_=sr_t_367,1963,1h 45m,,7.1,575
368. Os Verdes Anos,https://www.imdb.com/title/tt0057642/?ref_=sr_t_368,1963,1h 31m,,7.4,996
369. Dil Ek Mandir,https://www.imdb.com/title/tt0139157/?ref_=sr_t_369,1963,2h 28m,,7.5,166
370. Tyfla na'hei o Marlon Brando,https://www.imdb.com/title/tt0184969/?ref_=sr_t_370,1963,1h 13m,,7.2,452
371. The Day and the Hour,https://www.imdb.com/title/tt0056126/?ref_=sr_t_371,1963,1h 50m,,6.5,451
372. Slnko v sieti,https://www.imdb.com/title/tt0176155/?ref_=sr_t_372,1963,1h 30m,,7.4,1K
373. La parmigiana,https://www.imdb.com/title/tt0122207/?ref_=sr_t_373,1963,1h 51m,,7.3,361
374. Calculated Risk,https://www.imdb.com/title/tt0056895/?ref_=sr_t_374,1963,1h 12m,Not Rated,6.4,196
375. Love Parade,https://www.imdb.com/title/tt0194953/?ref_=sr_t_375,1963,1h 45m,,6.2,37
376. La fierecilla del puerto,https://www.imdb.com/title/tt0279815/?ref_=sr_t_376,1963,1h 36m,,5.6,6
377. L'éternité pour nous,https://www.imdb.com/title/tt0055652/?ref_=sr_t_377,1963,1h 15m,,6.1,68
378. Of Love and Desire,https://www.imdb.com/title/tt0057378/?ref_=sr_t_378,1963,1h 34m,Approved,5.0,162
379. Marilyn,https://www.imdb.com/title/tt0057290/?ref_=sr_t_379,1963,1h 23m,Approved,7.9,129
380. Yellowstone Cubs,https://www.imdb.com/title/tt0206446/?ref_=sr_t_380,1963,48m,Approved,6.7,335
381. The Ceremony,https://www.imdb.com/title/tt0056918/?ref_=sr_t_381,1963,1h 45m,Not Rated,5.7,259
382. Critic's Choice,https://www.imdb.com/title/tt0056964/?ref_=sr_t_382,1963,1h 40m,Approved,5.7,1.2K
383. Colossus and the Headhunters,https://www.imdb.com/title/tt0056207/?ref_=sr_t_383,1963,1h 19m,,2.3,829
384. Something Different,https://www.imdb.com/title/tt0057374/?ref_=sr_t_384,1963,1h 25m,,6.9,899
385. The Christine Keeler Story,https://www.imdb.com/title/tt0154722/?ref_=sr_t_385,1963,1h 30m,,6.5,40
386. The Fall of Rome,https://www.imdb.com/title/tt0055874/?ref_=sr_t_386,1963,1h 29m,,5.2,102
"387. Kali Yug, la dea della vendetta",https://www.imdb.com/title/tt0057217/?ref_=sr_t_387,1963,1h 40m,,5.4,125
388. Wall of Noise,https://www.imdb.com/title/tt0057667/?ref_=sr_t_388,1963,1h 52m,Approved,6.0,295
389. Lujuria tropical,https://www.imdb.com/title/tt0057264/?ref_=sr_t_389,1963,1h 35m,Not Rated,5.4,24
390. A Swingin' Affair,https://www.imdb.com/title/tt0057545/?ref_=sr_t_390,1963,1h 25m,,6.0,56
391. Anger,https://www.imdb.com/title/tt0057442/?ref_=sr_t_391,1963,1h 44m,Not Rated,6.7,553
392. Conquest of Mycene,https://www.imdb.com/title/tt0056950/?ref_=sr_t_392,1963,1h 42m,Not Rated,4.9,320
393. Highway Pick-Up,https://www.imdb.com/title/tt0056921/?ref_=sr_t_393,1963,1h 47m,,7.2,498
394. The Other Christopher,https://www.imdb.com/title/tt0309967/?ref_=sr_t_394,1963,1h 55m,,7.0,49
395. Iligos,https://www.imdb.com/title/tt0183230/?ref_=sr_t_395,1963,1h 31m,,6.2,195
396. El mariachi canta,https://www.imdb.com/title/tt0279944/?ref_=sr_t_396,1963,1h 25m,,6.9,12
397. The Executioner of Venice,https://www.imdb.com/title/tt0057049/?ref_=sr_t_397,1963,1h 30m,,5.5,234
398. The Black Duke,https://www.imdb.com/title/tt0057018/?ref_=sr_t_398,1963,1h 45m,Not Rated,5.4,69
399. Tre piger i Paris,https://www.imdb.com/title/tt0122765/?ref_=sr_t_399,1963,1h 45m,,5.5,169
400. West 11,https://www.imdb.com/title/tt0057677/?ref_=sr_t_400,1963,1h 33m,,6.5,353
401. Operacija Ticijan,https://www.imdb.com/title/tt0180026/?ref_=sr_t_401,1963,1h 35m,,5.6,142
402. Maskenball bei Scotland Yard - Die Geschichte einer unglaublichen Erfindung,https://www.imdb.com/title/tt0309846/?ref_=sr_t_402,1963,1h 30m,,3.2,36
403. The Bare Hunt,https://www.imdb.com/title/tt0056853/?ref_=sr_t_403,1963,1h 9m,Not Rated,5.5,38
404. Santo in the Hotel of Death,https://www.imdb.com/title/tt0055410/?ref_=sr_t_404,1963,1h 26m,Not Rated,5.6,83
405. Shinobi No Mono 2: Vengeance,https://www.imdb.com/title/tt0200310/?ref_=sr_t_405,1963,1h 33m,Not Rated,7.0,422
406. Please Don't Touch Me,https://www.imdb.com/title/tt0152004/?ref_=sr_t_406,1963,1h 7m,,5.3,127
407. Un roi sans divertissement,https://www.imdb.com/title/tt0057619/?ref_=sr_t_407,1963,1h 25m,,7.0,283
408. Mujhe Jeene Do,https://www.imdb.com/title/tt0057332/?ref_=sr_t_408,1963,1h 35m,,6.8,110
409. Freske fraspark,https://www.imdb.com/title/tt0216758/?ref_=sr_t_409,1963,1h 26m,,6.0,143
410. The Man from Galveston,https://www.imdb.com/title/tt0057283/?ref_=sr_t_410,1963,57m,Not Rated,6.0,148
411. The Reunion,https://www.imdb.com/title/tt0200031/?ref_=sr_t_411,1963,1h 50m,,7.2,173
412. Death Drums Along the River,https://www.imdb.com/title/tt0057468/?ref_=sr_t_412,1963,1h 23m,,5.0,434
413. Sleepy Eyes of Death: The Chinese Jade,https://www.imdb.com/title/tt0148940/?ref_=sr_t_413,1963,1h 22m,Not Rated,6.3,319
414. Sissit,https://www.imdb.com/title/tt0138810/?ref_=sr_t_414,1963,1h 46m,,7.0,377
415. Act One,https://www.imdb.com/title/tt0056810/?ref_=sr_t_415,1963,1h 50m,Not Rated,5.9,292
416. The Yellow Canary,https://www.imdb.com/title/tt0057700/?ref_=sr_t_416,1963,1h 33m,,6.7,126
417. Drums of Africa,https://www.imdb.com/title/tt0057015/?ref_=sr_t_417,1963,1h 32m,Approved,4.6,188
418. Mechte navstrechu,https://www.imdb.com/title/tt0057301/?ref_=sr_t_418,1963,1h 4m,,5.9,302
419. Stop Train 349,https://www.imdb.com/title/tt0058719/?ref_=sr_t_419,1963,1h 35m,,7.8,124
420. Phool Bane Angaare,https://www.imdb.com/title/tt0362023/?ref_=sr_t_420,1963,2h 13m,,5.8,24
421. Seduction by the Sea,https://www.imdb.com/title/tt0057644/?ref_=sr_t_421,1963,1h 20m,,5.9,73
422. Der Sittlichkeitsverbrecher,https://www.imdb.com/title/tt0143884/?ref_=sr_t_422,1963,1h 30m,,5.4,41
423. The Bitter Ash,https://www.imdb.com/title/tt0294369/?ref_=sr_t_423,1963,1h 20m,,6.4,91
424. The Cool Mikado,https://www.imdb.com/title/tt0126252/?ref_=sr_t_424,1963,1h 21m,,3.6,84
425. Dime with a Halo,https://www.imdb.com/title/tt0056999/?ref_=sr_t_425,1963,1h 34m,,6.6,155
426. Days of Sin and Nights of Nymphomania,https://www.imdb.com/title/tt0133098/?ref_=sr_t_426,1963,1h 30m,,5.2,26
427. The Invasion of the Vampires,https://www.imdb.com/title/tt0055021/?ref_=sr_t_427,1963,1h 32m,,5.4,244
428. Kanto Wanderer,https://www.imdb.com/title/tt0057219/?ref_=sr_t_428,1963,1h 32m,,6.8,453
429. Empress Wu,https://www.imdb.com/title/tt0054486/?ref_=sr_t_429,1963,2h,,6.7,268
430. Hothead,https://www.imdb.com/title/tt0057158/?ref_=sr_t_430,1963,1h 14m,,5.7,39
431. Herencia maldita,https://www.imdb.com/title/tt0279859/?ref_=sr_t_431,1963,1h 35m,,5.6,6
432. Bharosa,https://www.imdb.com/title/tt0056866/?ref_=sr_t_432,1963,,,6.5,49
433. The Verona Trial,https://www.imdb.com/title/tt0056378/?ref_=sr_t_433,1963,2h,,6.6,132
"434. Brennus, Enemy of Rome",https://www.imdb.com/title/tt0056888/?ref_=sr_t_434,1963,1h 30m,TV-PG,5.7,110
435. Zatoichi on the Road,https://www.imdb.com/title/tt0057714/?ref_=sr_t_435,1963,1h 25m,PG,7.1,2K
436. Yeh Rastey Hain Pyar Ke,https://www.imdb.com/title/tt0057699/?ref_=sr_t_436,1963,2h 30m,Not Rated,6.4,60
437. Jinsei gekijô: Hishakaku,https://www.imdb.com/title/tt0057199/?ref_=sr_t_437,1963,1h 35m,,7.6,68
438. Der Fluch der gelben Schlange,https://www.imdb.com/title/tt0055991/?ref_=sr_t_438,1963,1h 38m,,5.1,288
439. Bamboo Doll of Echizen,https://www.imdb.com/title/tt0211346/?ref_=sr_t_439,1963,1h 43m,,7.4,208
440. Sri Krishnarjuna Yudham,https://www.imdb.com/title/tt0265799/?ref_=sr_t_440,1963,2h 54m,,8.1,84
441. Les vierges,https://www.imdb.com/title/tt0057660/?ref_=sr_t_441,1963,1h 30m,,6.3,131
442. The Games Men Play,https://www.imdb.com/title/tt0057949/?ref_=sr_t_442,1963,1h 32m,R,6.1,89
"443. Of Whales, the Moon, and Men",https://www.imdb.com/title/tt0057423/?ref_=sr_t_443,1963,1h 45m,,8.3,724
444. A Ilha,https://www.imdb.com/title/tt0189602/?ref_=sr_t_444,1963,1h 37m,,7.0,48
445. D'où viens-tu... Johnny?,https://www.imdb.com/title/tt0056974/?ref_=sr_t_445,1963,1h 40m,,4.9,94
446. Il magnifico avventuriero,https://www.imdb.com/title/tt0057276/?ref_=sr_t_446,1963,1h 33m,,5.3,111
447. Il monaco di Monza,https://www.imdb.com/title/tt0057317/?ref_=sr_t_447,1963,1h 45m,,6.4,413
448. Soft Hands,https://www.imdb.com/title/tt0226461/?ref_=sr_t_448,1963,2h 17m,,7.2,479
449. Thunder Island,https://www.imdb.com/title/tt0057582/?ref_=sr_t_449,1963,1h 5m,Approved,5.2,240
450. Janosik,https://www.imdb.com/title/tt0239515/?ref_=sr_t_450,1963,2h 43m,,7.5,178
451. Thor and the Amazon Women,https://www.imdb.com/title/tt0054382/?ref_=sr_t_451,1963,1h 24m,,3.5,222
452. Gangsterzy i filantropi,https://www.imdb.com/title/tt0057089/?ref_=sr_t_452,1963,1h 22m,,7.4,438
453. Heimweh nach St. Pauli,https://www.imdb.com/title/tt0057136/?ref_=sr_t_453,1963,1h 42m,,5.4,138
454. The Adventures of Scaramouche,https://www.imdb.com/title/tt0057343/?ref_=sr_t_454,1963,1h 38m,,6.0,134
455. Ton ombre est la mienne,https://www.imdb.com/title/tt0211672/?ref_=sr_t_455,1963,1h 30m,,5.7,21
456. Bin Badal Barsaat,https://www.imdb.com/title/tt0390929/?ref_=sr_t_456,1963,2h 34m,,5.7,51
457. Blaze of Glory,https://www.imdb.com/title/tt0171122/?ref_=sr_t_457,1963,57m,,,
458. The Secret Seven,https://www.imdb.com/title/tt0058237/?ref_=sr_t_458,1963,1h 32m,,5.2,69
459. The Fourth Sex,https://www.imdb.com/title/tt0055346/?ref_=sr_t_459,1963,1h 22m,Not Rated,5.0,27
460. Rififi in Tokyo,https://www.imdb.com/title/tt0055935/?ref_=sr_t_460,1963,1h 38m,,5.9,188
461. Invincible Masked Rider,https://www.imdb.com/title/tt0056103/?ref_=sr_t_461,1963,1h 36m,,5.1,115
462. Uncle Vanya,https://www.imdb.com/title/tt0057620/?ref_=sr_t_462,1963,2h,,7.6,202
463. Støvsugerbanden,https://www.imdb.com/title/tt0123282/?ref_=sr_t_463,1963,1h 37m,,6.4,124
464. Das große Liebesspiel,https://www.imdb.com/title/tt0057116/?ref_=sr_t_464,1963,1h 52m,,5.8,67
465. Cry of Battle,https://www.imdb.com/title/tt0056967/?ref_=sr_t_465,1963,1h 39m,Approved,5.6,305
466. Little Prince and the Eight Headed Dragon,https://www.imdb.com/title/tt0057669/?ref_=sr_t_466,1963,1h 23m,,7.1,290
467. Elfego Baca: Six Gun Law,https://www.imdb.com/title/tt0055951/?ref_=sr_t_467,1963,1h 17m,,7.7,61
468. Amanita Pestilens,https://www.imdb.com/title/tt0056824/?ref_=sr_t_468,1963,1h 19m,,5.9,55
469. Saat Pake Bandha,https://www.imdb.com/title/tt0232563/?ref_=sr_t_469,1963,2h 13m,,8.2,138
470. Don't Tempt the Devil,https://www.imdb.com/title/tt0132892/?ref_=sr_t_470,1963,2h,,7.0,361
471. Callejon 11,https://www.imdb.com/title/tt5184976/?ref_=sr_t_471,1963,1h 30m,,,
472. Brother Anna,https://www.imdb.com/title/tt0196311/?ref_=sr_t_472,1963,1h 22m,,6.5,82
473. Impact,https://www.imdb.com/title/tt0157797/?ref_=sr_t_473,1963,1h 1m,,5.3,181
474. The Secret of the Black Widow,https://www.imdb.com/title/tt0057095/?ref_=sr_t_474,1963,1h 47m,,5.6,228
475. Naked World,https://www.imdb.com/title/tt0188063/?ref_=sr_t_475,1963,1h 32m,,5.5,15
476. Goryeojang,https://www.imdb.com/title/tt0314119/?ref_=sr_t_476,1963,1h 30m,,7.1,163
477. Übermut im Salzkammergut,https://www.imdb.com/title/tt0057728/?ref_=sr_t_477,1963,1h 39m,,5.7,55
478. 30 Years of Fun,https://www.imdb.com/title/tt0056799/?ref_=sr_t_478,1963,1h 25m,Approved,6.5,74
479. Take Off Your Clothes and Live,https://www.imdb.com/title/tt0056551/?ref_=sr_t_479,1963,1h 4m,Not Rated,4.4,31
480. Treasure in Malta,https://www.imdb.com/title/tt0871449/?ref_=sr_t_480,1963,1h 33m,,8.1,39
481. Hallelujah the Hills,https://www.imdb.com/title/tt0056053/?ref_=sr_t_481,1963,1h 22m,Not Rated,6.2,218
482. Bébert et l'omnibus,https://www.imdb.com/title/tt0056892/?ref_=sr_t_482,1963,1h 35m,,6.6,186
483. Rüzgarli tepe,https://www.imdb.com/title/tt0390444/?ref_=sr_t_483,1963,,,,
484. People in Luck,https://www.imdb.com/title/tt0056651/?ref_=sr_t_484,1963,1h 35m,,5.9,378
485. She Should Have Stayed in Bed,https://www.imdb.com/title/tt0128483/?ref_=sr_t_485,1963,1h 5m,,4.5,40
486. Phir Wohi Dil Laya Hoon,https://www.imdb.com/title/tt0057409/?ref_=sr_t_486,1963,,,7.0,95
487. Cici Can,https://www.imdb.com/title/tt0335003/?ref_=sr_t_487,1963,1h 33m,,5.9,62
488. Una joven de 16 años,https://www.imdb.com/title/tt0056128/?ref_=sr_t_488,1963,1h 39m,,7.4,19
489. Gone Are the Days!,https://www.imdb.com/title/tt0057112/?ref_=sr_t_489,1963,1h 39m,G,6.6,222
490. Greenwich Village Story,https://www.imdb.com/title/tt0217523/?ref_=sr_t_490,1963,1h 35m,Approved,6.6,37
491. Aquí está tu enamorado,https://www.imdb.com/title/tt0273434/?ref_=sr_t_491,1963,1h 47m,TV-PG,7.3,17
492. Las troyanas,https://www.imdb.com/title/tt0410811/?ref_=sr_t_492,1963,1h 38m,,7.4,16
493. Totò contro i quattro,https://www.imdb.com/title/tt0057594/?ref_=sr_t_493,1963,1h 38m,,6.5,391
494. Siege of the Saxons,https://www.imdb.com/title/tt0057500/?ref_=sr_t_494,1963,1h 25m,Approved,4.8,430
495. The Secret Sword,https://www.imdb.com/title/tt0057143/?ref_=sr_t_495,1963,1h 48m,,7.6,42
496. Zhang Ga the Soldier Boy,https://www.imdb.com/title/tt6485574/?ref_=sr_t_496,1963,1h 41m,,6.8,193
497. Some Like It Cool...,https://www.imdb.com/title/tt0181683/?ref_=sr_t_497,1963,1h 29m,,6.8,917
498. The Bad Seed,https://www.imdb.com/title/tt0389089/?ref_=sr_t_498,1963,1h 45m,,7.7,116
"499. Because, Because of a Woman",https://www.imdb.com/title/tt0056731/?ref_=sr_t_499,1963,1h 56m,,6.6,189
"500. Otto Lara Rezende ou... Bonitinha, Mas Ordinária",https://www.imdb.com/title/tt0188159/?ref_=sr_t_500,1963,1h 41m,,6.4,89
