Title,Movie Link,Year,Duration,MPA,Rating,Votes
1. Beauty and the Beast,https://www.imdb.com/title/tt0101414/?ref_=sr_t_1,1991,1h 24m,G,8.0,488K
2. Terminator 2: Judgment Day,https://www.imdb.com/title/tt0103064/?ref_=sr_t_2,1991,2h 17m,R,8.6,1.2M
3. Robin Hood: Prince of Thieves,https://www.imdb.com/title/tt0102798/?ref_=sr_t_3,1991,2h 23m,PG-13,6.9,213K
4. The Silence of the Lambs,https://www.imdb.com/title/tt0102926/?ref_=sr_t_4,1991,1h 58m,R,8.6,1.6M
5. City Slickers,https://www.imdb.com/title/tt0101587/?ref_=sr_t_5,1991,1h 53m,PG-13,6.8,65K
6. Hook,https://www.imdb.com/title/tt0102057/?ref_=sr_t_6,1991,2h 22m,PG,6.8,279K
7. The Addams Family,https://www.imdb.com/title/tt0101272/?ref_=sr_t_7,1991,1h 39m,PG-13,6.9,189K
8. Sleeping with the Enemy,https://www.imdb.com/title/tt0102945/?ref_=sr_t_8,1991,1h 39m,R,6.3,67K
9. Father of the Bride,https://www.imdb.com/title/tt0101862/?ref_=sr_t_9,1991,1h 45m,PG,6.6,87K
10. The Naked Gun 2½: The Smell of Fear,https://www.imdb.com/title/tt0102510/?ref_=sr_t_10,1991,1h 25m,PG-13,6.9,125K
11. Fried Green Tomatoes,https://www.imdb.com/title/tt0101921/?ref_=sr_t_11,1991,2h 10m,PG-13,7.7,86K
12. Cape Fear,https://www.imdb.com/title/tt0101540/?ref_=sr_t_12,1991,2h 8m,R,7.3,223K
13. Teenage Mutant Ninja Turtles II: The Secret of the Ooze,https://www.imdb.com/title/tt0103060/?ref_=sr_t_13,1991,1h 28m,PG,6.0,62K
14. Backdraft,https://www.imdb.com/title/tt0101393/?ref_=sr_t_14,1991,2h 17m,R,6.7,90K
15. Star Trek VI: The Undiscovered Country,https://www.imdb.com/title/tt0102975/?ref_=sr_t_15,1991,1h 50m,PG,7.2,82K
16. The Prince of Tides,https://www.imdb.com/title/tt0102713/?ref_=sr_t_16,1991,2h 12m,R,6.8,20K
17. JFK,https://www.imdb.com/title/tt0102138/?ref_=sr_t_17,1991,3h 9m,R,8.0,174K
18. Hot Shots!,https://www.imdb.com/title/tt0102059/?ref_=sr_t_18,1991,1h 25m,PG-13,6.7,119K
19. What About Bob?,https://www.imdb.com/title/tt0103241/?ref_=sr_t_19,1991,1h 39m,PG,7.0,76K
20. The Last Boy Scout,https://www.imdb.com/title/tt0102266/?ref_=sr_t_20,1991,1h 45m,R,7.0,115K
21. My Girl,https://www.imdb.com/title/tt0102492/?ref_=sr_t_21,1991,1h 42m,PG,6.9,92K
22. Boyz n the Hood,https://www.imdb.com/title/tt0101507/?ref_=sr_t_22,1991,1h 52m,R,7.8,160K
23. Doc Hollywood,https://www.imdb.com/title/tt0101745/?ref_=sr_t_23,1991,1h 44m,PG-13,6.3,41K
24. Bugsy,https://www.imdb.com/title/tt0101516/?ref_=sr_t_24,1991,2h 16m,R,6.8,32K
25. New Jack City,https://www.imdb.com/title/tt0102526/?ref_=sr_t_25,1991,1h 37m,R,6.6,40K
26. The Rocketeer,https://www.imdb.com/title/tt0102803/?ref_=sr_t_26,1991,1h 48m,PG,6.6,63K
27. Thelma & Louise,https://www.imdb.com/title/tt0103074/?ref_=sr_t_27,1991,2h 10m,R,7.6,180K
28. Point Break,https://www.imdb.com/title/tt0102685/?ref_=sr_t_28,1991,2h 2m,R,7.3,210K
29. Regarding Henry,https://www.imdb.com/title/tt0102768/?ref_=sr_t_29,1991,1h 48m,PG-13,6.7,35K
30. The Fisher King,https://www.imdb.com/title/tt0101889/?ref_=sr_t_30,1991,2h 17m,R,7.5,93K
31. Out for Justice,https://www.imdb.com/title/tt0102614/?ref_=sr_t_31,1991,1h 31m,R,6.1,26K
32. The Doctor,https://www.imdb.com/title/tt0101746/?ref_=sr_t_32,1991,2h 2m,PG-13,6.9,6K
33. Bill & Ted's Bogus Journey,https://www.imdb.com/title/tt0101452/?ref_=sr_t_33,1991,1h 33m,PG,6.3,82K
34. Dead Again,https://www.imdb.com/title/tt0101669/?ref_=sr_t_34,1991,1h 47m,R,6.8,31K
35. Soapdish,https://www.imdb.com/title/tt0102951/?ref_=sr_t_35,1991,1h 37m,PG-13,6.6,18K
36. Freddy's Dead: The Final Nightmare,https://www.imdb.com/title/tt0101917/?ref_=sr_t_36,1991,1h 29m,R,4.7,53K
37. White Fang,https://www.imdb.com/title/tt0103247/?ref_=sr_t_37,1991,1h 47m,PG,6.7,23K
38. The Doors,https://www.imdb.com/title/tt0101761/?ref_=sr_t_38,1991,2h 20m,R,7.2,101K
39. King Ralph,https://www.imdb.com/title/tt0102216/?ref_=sr_t_39,1991,1h 37m,PG,5.4,17K
40. Curly Sue,https://www.imdb.com/title/tt0101635/?ref_=sr_t_40,1991,1h 41m,PG,5.9,24K
41. Dying Young,https://www.imdb.com/title/tt0101787/?ref_=sr_t_41,1991,1h 51m,R,6.0,17K
42. Grand Canyon,https://www.imdb.com/title/tt0101969/?ref_=sr_t_42,1991,2h 14m,R,6.8,17K
43. Jungle Fever,https://www.imdb.com/title/tt0102175/?ref_=sr_t_43,1991,2h 12m,R,6.6,20K
44. Double Impact,https://www.imdb.com/title/tt0101764/?ref_=sr_t_44,1991,1h 50m,R,5.6,45K
45. L.A. Story,https://www.imdb.com/title/tt0102250/?ref_=sr_t_45,1991,1h 35m,PG-13,6.7,35K
46. Deceived,https://www.imdb.com/title/tt0101694/?ref_=sr_t_46,1991,1h 44m,PG-13,6.1,8.2K
47. Necessary Roughness,https://www.imdb.com/title/tt0102517/?ref_=sr_t_47,1991,1h 48m,PG-13,6.2,13K
48. The Hard Way,https://www.imdb.com/title/tt0102004/?ref_=sr_t_48,1991,1h 51m,R,6.4,23K
49. Other People's Money,https://www.imdb.com/title/tt0102609/?ref_=sr_t_49,1991,1h 43m,R,6.2,9.8K
50. Don't Tell Mom the Babysitter's Dead,https://www.imdb.com/title/tt0101757/?ref_=sr_t_50,1991,1h 42m,PG-13,6.3,39K
51. Problem Child 2,https://www.imdb.com/title/tt0102719/?ref_=sr_t_51,1991,1h 30m,PG-13,4.9,24K
52. Little Man Tate,https://www.imdb.com/title/tt0102316/?ref_=sr_t_52,1991,1h 39m,PG,6.6,17K
53. Class Action,https://www.imdb.com/title/tt0101590/?ref_=sr_t_53,1991,1h 50m,R,6.4,8.5K
54. The People Under the Stairs,https://www.imdb.com/title/tt0105121/?ref_=sr_t_54,1991,1h 42m,R,6.4,41K
55. Oscar,https://www.imdb.com/title/tt0102603/?ref_=sr_t_55,1991,1h 49m,PG,6.5,35K
56. Frankie and Johnny,https://www.imdb.com/title/tt0101912/?ref_=sr_t_56,1991,1h 58m,R,6.7,35K
57. Pure Luck,https://www.imdb.com/title/tt0102729/?ref_=sr_t_57,1991,1h 36m,PG,5.8,7.9K
58. An American Tail: Fievel Goes West,https://www.imdb.com/title/tt0101329/?ref_=sr_t_58,1991,1h 15m,G,6.5,29K
59. Only the Lonely,https://www.imdb.com/title/tt0102598/?ref_=sr_t_59,1991,1h 44m,PG-13,6.4,13K
60. Ricochet,https://www.imdb.com/title/tt0102789/?ref_=sr_t_60,1991,1h 42m,R,6.2,21K
61. F/X2,https://www.imdb.com/title/tt0101846/?ref_=sr_t_61,1991,1h 48m,PG-13,5.9,12K
62. Mobsters,https://www.imdb.com/title/tt0102460/?ref_=sr_t_62,1991,1h 44m,R,5.9,9.9K
63. House Party 2,https://www.imdb.com/title/tt0102065/?ref_=sr_t_63,1991,1h 34m,R,5.3,7.2K
64. Mortal Thoughts,https://www.imdb.com/title/tt0102469/?ref_=sr_t_64,1991,1h 43m,R,5.8,10K
65. Paradise,https://www.imdb.com/title/tt0102631/?ref_=sr_t_65,1991,1h 51m,PG-13,6.6,3.2K
66. For the Boys,https://www.imdb.com/title/tt0101902/?ref_=sr_t_66,1991,2h 18m,R,6.4,6.2K
67. Hudson Hawk,https://www.imdb.com/title/tt0102070/?ref_=sr_t_67,1991,1h 40m,R,5.7,62K
68. Defending Your Life,https://www.imdb.com/title/tt0101698/?ref_=sr_t_68,1991,1h 52m,PG,7.2,22K
69. Billy Bathgate,https://www.imdb.com/title/tt0101453/?ref_=sr_t_69,1991,1h 46m,R,5.9,13K
70. Highlander II: The Quickening,https://www.imdb.com/title/tt0102034/?ref_=sr_t_70,1991,1h 31m,R,4.2,49K
71. Switch,https://www.imdb.com/title/tt0103016/?ref_=sr_t_71,1991,1h 43m,R,5.8,11K
72. A Kiss Before Dying,https://www.imdb.com/title/tt0102220/?ref_=sr_t_72,1991,1h 34m,R,5.7,6.1K
73. Toy Soldiers,https://www.imdb.com/title/tt0103112/?ref_=sr_t_73,1991,1h 51m,R,6.6,26K
74. Madonna: Truth or Dare,https://www.imdb.com/title/tt0102370/?ref_=sr_t_74,1991,2h,R,6.4,10K
75. Child's Play 3,https://www.imdb.com/title/tt0103956/?ref_=sr_t_75,1991,1h 30m,R,5.2,48K
76. The Commitments,https://www.imdb.com/title/tt0101605/?ref_=sr_t_76,1991,1h 58m,R,7.6,40K
77. Once Around,https://www.imdb.com/title/tt0102590/?ref_=sr_t_77,1991,1h 55m,R,6.5,5.3K
78. All I Want for Christmas,https://www.imdb.com/title/tt0101301/?ref_=sr_t_78,1991,1h 32m,G,5.9,5.9K
79. Not Without My Daughter,https://www.imdb.com/title/tt0102555/?ref_=sr_t_79,1991,1h 56m,PG-13,6.5,16K
80. Flight of the Intruder,https://www.imdb.com/title/tt0099587/?ref_=sr_t_80,1991,1h 55m,PG-13,5.8,8K
81. Ernest Scared Stupid,https://www.imdb.com/title/tt0101821/?ref_=sr_t_81,1991,1h 31m,PG,5.8,13K
82. The Perfect Weapon,https://www.imdb.com/title/tt0102655/?ref_=sr_t_82,1991,1h 23m,R,6.0,5K
83. Drop Dead Fred,https://www.imdb.com/title/tt0101775/?ref_=sr_t_83,1991,1h 43m,PG-13,6.0,32K
84. Enchanted April,https://www.imdb.com/title/tt0101811/?ref_=sr_t_84,1991,1h 35m,PG,7.3,7.3K
85. The Marrying Man,https://www.imdb.com/title/tt0102411/?ref_=sr_t_85,1991,1h 55m,R,5.7,6.4K
86. Rock-A-Doodle,https://www.imdb.com/title/tt0102802/?ref_=sr_t_86,1991,1h 17m,G,6.0,11K
87. Shattered,https://www.imdb.com/title/tt0102900/?ref_=sr_t_87,1991,1h 38m,R,6.5,12K
88. Career Opportunities,https://www.imdb.com/title/tt0101545/?ref_=sr_t_88,1991,1h 23m,PG-13,5.8,19K
89. One Good Cop,https://www.imdb.com/title/tt0102593/?ref_=sr_t_89,1991,1h 54m,R,5.8,4.7K
90. V.I. Warshawski,https://www.imdb.com/title/tt0103184/?ref_=sr_t_90,1991,1h 29m,R,5.0,5.6K
91. The Super,https://www.imdb.com/title/tt0103007/?ref_=sr_t_91,1991,1h 35m,R,5.7,6.6K
92. A Rage in Harlem,https://www.imdb.com/title/tt0102749/?ref_=sr_t_92,1991,1h 55m,R,5.9,2.4K
93. Armour of God 2: Operation Condor,https://www.imdb.com/title/tt0099558/?ref_=sr_t_93,1991,1h 20m,PG-13,7.2,23K
"94. He Said, She Said",https://www.imdb.com/title/tt0102011/?ref_=sr_t_94,1991,1h 55m,PG-13,5.7,7.4K
95. The Butcher's Wife,https://www.imdb.com/title/tt0101523/?ref_=sr_t_95,1991,1h 47m,PG-13,5.4,9K
96. Scenes from a Mall,https://www.imdb.com/title/tt0102849/?ref_=sr_t_96,1991,1h 29m,R,5.4,5.3K
97. Guilty by Suspicion,https://www.imdb.com/title/tt0101984/?ref_=sr_t_97,1991,1h 45m,PG-13,6.5,9.9K
98. Body Parts,https://www.imdb.com/title/tt0101492/?ref_=sr_t_98,1991,1h 28m,R,5.7,5.2K
99. Stone Cold,https://www.imdb.com/title/tt0102984/?ref_=sr_t_99,1991,1h 32m,R,6.1,10K
100. Late for Dinner,https://www.imdb.com/title/tt0102279/?ref_=sr_t_100,1991,1h 39m,PG,6.5,1.9K
101. The Five Heartbeats,https://www.imdb.com/title/tt0101891/?ref_=sr_t_101,1991,2h 1m,R,7.5,5K
102. Bingo,https://www.imdb.com/title/tt0101455/?ref_=sr_t_102,1991,1h 29m,PG,5.0,3.2K
103. Nothing But Trouble,https://www.imdb.com/title/tt0102558/?ref_=sr_t_103,1991,1h 34m,PG-13,5.1,28K
104. Black Robe,https://www.imdb.com/title/tt0101465/?ref_=sr_t_104,1991,1h 41m,R,7.1,7.9K
105. If Looks Could Kill,https://www.imdb.com/title/tt0102095/?ref_=sr_t_105,1991,1h 28m,PG-13,5.8,8K
106. Strictly Business,https://www.imdb.com/title/tt0102996/?ref_=sr_t_106,1991,1h 23m,PG-13,5.5,2.3K
107. Harley Davidson and the Marlboro Man,https://www.imdb.com/title/tt0102005/?ref_=sr_t_107,1991,1h 38m,R,6.1,23K
108. Mississippi Masala,https://www.imdb.com/title/tt0102456/?ref_=sr_t_108,1991,1h 58m,R,6.8,6.5K
109. Wild Hearts Can't Be Broken,https://www.imdb.com/title/tt0103262/?ref_=sr_t_109,1991,1h 28m,G,7.2,6.1K
110. Rush,https://www.imdb.com/title/tt0102820/?ref_=sr_t_110,1991,2h,R,6.7,10K
111. Suburban Commando,https://www.imdb.com/title/tt0103003/?ref_=sr_t_111,1991,1h 30m,PG,4.6,11K
112. Defenseless,https://www.imdb.com/title/tt0099397/?ref_=sr_t_112,1991,1h 44m,R,5.5,1.2K
113. My Own Private Idaho,https://www.imdb.com/title/tt0102494/?ref_=sr_t_113,1991,1h 44m,R,7.0,64K
114. Rambling Rose,https://www.imdb.com/title/tt0102753/?ref_=sr_t_114,1991,1h 52m,R,6.5,5.6K
115. Mystery Date,https://www.imdb.com/title/tt0102500/?ref_=sr_t_115,1991,1h 37m,PG-13,6.0,3.4K
116. Barton Fink,https://www.imdb.com/title/tt0101410/?ref_=sr_t_116,1991,1h 56m,R,7.6,131K
117. Delirious,https://www.imdb.com/title/tt0101701/?ref_=sr_t_117,1991,1h 36m,PG,5.8,9.8K
118. Livin' Large!,https://www.imdb.com/title/tt0102322/?ref_=sr_t_118,1991,1h 36m,R,5.0,552
119. Eve of Destruction,https://www.imdb.com/title/tt0101831/?ref_=sr_t_119,1991,1h 39m,R,5.0,2.6K
120. The Object of Beauty,https://www.imdb.com/title/tt0102573/?ref_=sr_t_120,1991,1h 43m,R,5.6,2.4K
121. True Identity,https://www.imdb.com/title/tt0103128/?ref_=sr_t_121,1991,1h 33m,R,5.1,1.3K
122. The Hitman,https://www.imdb.com/title/tt0102045/?ref_=sr_t_122,1991,1h 35m,R,5.3,4.5K
123. Dutch,https://www.imdb.com/title/tt0101786/?ref_=sr_t_123,1991,1h 47m,PG-13,6.5,15K
124. Mediterraneo,https://www.imdb.com/title/tt0102426/?ref_=sr_t_124,1991,1h 36m,R,7.4,17K
125. Run,https://www.imdb.com/title/tt0102818/?ref_=sr_t_125,1991,1h 31m,R,6.2,3.3K
126. Hear My Song,https://www.imdb.com/title/tt0102014/?ref_=sr_t_126,1991,1h 44m,R,7.0,2K
127. Popcorn,https://www.imdb.com/title/tt0102690/?ref_=sr_t_127,1991,1h 31m,R,5.9,6.6K
128. Life Stinks,https://www.imdb.com/title/tt0102303/?ref_=sr_t_128,1991,1h 32m,PG-13,5.9,12K
129. Impromptu,https://www.imdb.com/title/tt0102103/?ref_=sr_t_129,1991,1h 47m,PG-13,6.8,5.6K
130. Mannequin: On the Move,https://www.imdb.com/title/tt0102395/?ref_=sr_t_130,1991,1h 35m,PG,4.4,7K
131. My Heroes Have Always Been Cowboys,https://www.imdb.com/title/tt0102493/?ref_=sr_t_131,1991,1h 46m,PG,6.3,736
132. Shout,https://www.imdb.com/title/tt0102913/?ref_=sr_t_132,1991,1h 29m,PG-13,5.3,2.1K
133. K2,https://www.imdb.com/title/tt0102178/?ref_=sr_t_133,1991,1h 44m,R,6.2,7.4K
134. Tous les matins du monde,https://www.imdb.com/title/tt0103110/?ref_=sr_t_134,1991,1h 55m,Not Rated,7.5,8.1K
135. Homicide,https://www.imdb.com/title/tt0102048/?ref_=sr_t_135,1991,1h 42m,R,6.9,8.5K
136. Another You,https://www.imdb.com/title/tt0101356/?ref_=sr_t_136,1991,1h 34m,R,5.3,4.5K
137. The Man in the Moon,https://www.imdb.com/title/tt0102388/?ref_=sr_t_137,1991,1h 39m,PG-13,7.3,20K
138. Return to the Blue Lagoon,https://www.imdb.com/title/tt0102782/?ref_=sr_t_138,1991,1h 42m,PG-13,5.2,22K
139. Shadows and Fog,https://www.imdb.com/title/tt0105378/?ref_=sr_t_139,1991,1h 25m,PG-13,6.7,18K
140. Straight Out of Brooklyn,https://www.imdb.com/title/tt0102989/?ref_=sr_t_140,1991,1h 31m,R,5.8,683
141. Naked Lunch,https://www.imdb.com/title/tt0102511/?ref_=sr_t_141,1991,1h 55m,R,6.9,58K
142. Raise the Red Lantern,https://www.imdb.com/title/tt0101640/?ref_=sr_t_142,1991,2h 5m,PG,8.1,36K
143. Flirting,https://www.imdb.com/title/tt0101898/?ref_=sr_t_143,1991,1h 39m,R,7.1,6.5K
144. A Brief History of Time,https://www.imdb.com/title/tt0103882/?ref_=sr_t_144,1991,1h 20m,G,7.3,6K
145. Showdown in Little Tokyo,https://www.imdb.com/title/tt0102915/?ref_=sr_t_145,1991,1h 19m,R,6.1,21K
146. 29th Street,https://www.imdb.com/title/tt0101252/?ref_=sr_t_146,1991,1h 41m,R,7.2,3.4K
147. The Princess and the Goblin,https://www.imdb.com/title/tt0107875/?ref_=sr_t_147,1991,1h 22m,G,6.7,3.3K
148. Married to It,https://www.imdb.com/title/tt0107523/?ref_=sr_t_148,1991,1h 52m,R,5.9,1.1K
149. Night on Earth,https://www.imdb.com/title/tt0102536/?ref_=sr_t_149,1991,2h 9m,R,7.7,68K
150. The Double Life of Véronique,https://www.imdb.com/title/tt0101765/?ref_=sr_t_150,1991,1h 38m,R,7.7,54K
151. Madame Bovary,https://www.imdb.com/title/tt0102368/?ref_=sr_t_151,1991,2h 23m,PG-13,6.6,4.6K
152. Delicatessen,https://www.imdb.com/title/tt0101700/?ref_=sr_t_152,1991,1h 39m,R,7.5,91K
153. Prospero's Books,https://www.imdb.com/title/tt0102722/?ref_=sr_t_153,1991,2h 4m,R,6.8,6.8K
154. High Heels,https://www.imdb.com/title/tt0103030/?ref_=sr_t_154,1991,1h 52m,R,7.0,18K
155. Daughters of the Dust,https://www.imdb.com/title/tt0104057/?ref_=sr_t_155,1991,1h 53m,TV-PG,6.6,3.5K
156. One False Move,https://www.imdb.com/title/tt0102592/?ref_=sr_t_156,1991,1h 45m,R,7.1,15K
157. Company Business,https://www.imdb.com/title/tt0101606/?ref_=sr_t_157,1991,1h 38m,PG-13,5.7,3.4K
158. Lovers: A True Story,https://www.imdb.com/title/tt0101317/?ref_=sr_t_158,1991,1h 43m,R,6.9,3.5K
159. Where Angels Fear to Tread,https://www.imdb.com/title/tt0103243/?ref_=sr_t_159,1991,1h 56m,PG,6.3,2.5K
160. At Play in the Fields of the Lord,https://www.imdb.com/title/tt0101373/?ref_=sr_t_160,1991,3h 9m,R,6.8,3.6K
161. City of Hope,https://www.imdb.com/title/tt0101588/?ref_=sr_t_161,1991,2h 9m,R,7.2,2.8K
162. Hearts of Darkness: A Filmmaker's Apocalypse,https://www.imdb.com/title/tt0102015/?ref_=sr_t_162,1991,1h 36m,R,8.1,24K
163. The Rapture,https://www.imdb.com/title/tt0102757/?ref_=sr_t_163,1991,1h 40m,R,6.3,6.2K
164. Kickboxer 2: The Road Back,https://www.imdb.com/title/tt0102202/?ref_=sr_t_164,1991,1h 30m,R,4.6,6.5K
165. Toto the Hero,https://www.imdb.com/title/tt0103105/?ref_=sr_t_165,1991,1h 31m,PG-13,7.4,6.5K
166. Cool as Ice,https://www.imdb.com/title/tt0101615/?ref_=sr_t_166,1991,1h 31m,PG,2.9,11K
167. Year of the Gun,https://www.imdb.com/title/tt0103303/?ref_=sr_t_167,1991,1h 51m,R,5.6,3.1K
168. The Unborn,https://www.imdb.com/title/tt0103157/?ref_=sr_t_168,1991,1h 23m,R,4.8,1.7K
169. Kafka,https://www.imdb.com/title/tt0102181/?ref_=sr_t_169,1991,1h 38m,PG-13,6.8,11K
170. Whore,https://www.imdb.com/title/tt0103253/?ref_=sr_t_170,1991,1h 25m,NC-17,5.6,4.6K
171. Europa,https://www.imdb.com/title/tt0101829/?ref_=sr_t_171,1991,1h 48m,R,7.5,24K
172. Meeting Venus,https://www.imdb.com/title/tt0102428/?ref_=sr_t_172,1991,1h 59m,PG-13,6.6,1.4K
173. Talkin' Dirty After Dark,https://www.imdb.com/title/tt0103039/?ref_=sr_t_173,1991,1h 29m,R,5.1,7.2K
174. The Taking of Beverly Hills,https://www.imdb.com/title/tt0105526/?ref_=sr_t_174,1991,1h 36m,R,5.1,1.4K
175. Beastmaster 2: Through the Portal of Time,https://www.imdb.com/title/tt0101412/?ref_=sr_t_175,1991,1h 47m,PG-13,4.1,3.7K
176. The Miracle,https://www.imdb.com/title/tt0102450/?ref_=sr_t_176,1991,1h 37m,R,6.5,808
177. Until the End of the World,https://www.imdb.com/title/tt0101458/?ref_=sr_t_177,1991,4h 47m,R,6.8,12K
178. Cabeza de Vaca,https://www.imdb.com/title/tt0101529/?ref_=sr_t_178,1991,1h 51m,R,6.9,1.2K
179. Poison,https://www.imdb.com/title/tt0102687/?ref_=sr_t_179,1991,1h 25m,Unrated,6.3,5.2K
180. Edward II,https://www.imdb.com/title/tt0101798/?ref_=sr_t_180,1991,1h 27m,R,6.8,3.1K
181. Into the Sun,https://www.imdb.com/title/tt0104521/?ref_=sr_t_181,1991,1h 41m,R,5.1,1K
182. Dice Rules,https://www.imdb.com/title/tt0101726/?ref_=sr_t_182,1991,1h 28m,NC-17,5.3,673
183. Johnny Stecchino,https://www.imdb.com/title/tt0102164/?ref_=sr_t_183,1991,1h 42m,R,7.2,12K
184. Queens Logic,https://www.imdb.com/title/tt0102741/?ref_=sr_t_184,1991,1h 40m,R,5.8,1.9K
185. The Pope Must Diet,https://www.imdb.com/title/tt0102691/?ref_=sr_t_185,1991,1h 37m,R,5.1,1.7K
186. The Search for Signs of Intelligent Life in the Universe,https://www.imdb.com/title/tt0102864/?ref_=sr_t_186,1991,2h,PG-13,7.5,312
187. Wild Orchid II: Two Shades of Blue,https://www.imdb.com/title/tt0105819/?ref_=sr_t_187,1991,1h 51m,R,4.0,1.9K
188. Rich Girl,https://www.imdb.com/title/tt0100488/?ref_=sr_t_188,1991,1h 36m,R,5.6,349
189. Hangin' with the Homeboys,https://www.imdb.com/title/tt0101998/?ref_=sr_t_189,1991,1h 28m,R,6.9,1.6K
"190. Sex, Drugs, Rock & Roll",https://www.imdb.com/title/tt0102888/?ref_=sr_t_190,1991,1h 36m,R,7.0,250
191. Proof,https://www.imdb.com/title/tt0102721/?ref_=sr_t_191,1991,1h 26m,R,7.2,7.3K
192. Voyager,https://www.imdb.com/title/tt0102050/?ref_=sr_t_192,1991,1h 57m,PG-13,6.7,3.7K
193. Rhapsody in August,https://www.imdb.com/title/tt0101991/?ref_=sr_t_193,1991,1h 38m,PG,7.2,7.8K
194. McBain,https://www.imdb.com/title/tt0102422/?ref_=sr_t_194,1991,1h 42m,R,4.8,2.4K
195. Only Yesterday,https://www.imdb.com/title/tt0102587/?ref_=sr_t_195,1991,1h 59m,PG,7.6,39K
196. Danzón,https://www.imdb.com/title/tt0101658/?ref_=sr_t_196,1991,2h,PG-13,6.8,702
197. Especially on Sunday,https://www.imdb.com/title/tt0101753/?ref_=sr_t_197,1991,1h 30m,R,6.3,359
198. True Colors,https://www.imdb.com/title/tt0103125/?ref_=sr_t_198,1991,1h 51m,R,6.3,5.7K
199. La Belle Noiseuse,https://www.imdb.com/title/tt0101428/?ref_=sr_t_199,1991,3h 58m,Unrated,7.5,9.8K
200. The Adjuster,https://www.imdb.com/title/tt0101273/?ref_=sr_t_200,1991,1h 42m,R,6.6,3.9K
201. Dogfight,https://www.imdb.com/title/tt0101748/?ref_=sr_t_201,1991,1h 34m,R,7.3,11K
202. Samurai Cop,https://www.imdb.com/title/tt0130236/?ref_=sr_t_202,1991,1h 36m,Unrated,4.6,11K
203. Sweet Talker,https://www.imdb.com/title/tt0103015/?ref_=sr_t_203,1991,1h 26m,PG,5.9,341
204. Close to Eden,https://www.imdb.com/title/tt0103176/?ref_=sr_t_204,1991,1h 59m,PG,7.5,3.9K
205. Talent for the Game,https://www.imdb.com/title/tt0103036/?ref_=sr_t_205,1991,1h 31m,PG,6.0,1K
206. Hard Promises,https://www.imdb.com/title/tt0102002/?ref_=sr_t_206,1991,1h 35m,PG,5.5,723
207. Riff-Raff,https://www.imdb.com/title/tt0100491/?ref_=sr_t_207,1991,1h 35m,R,7.0,5K
208. Becoming Colette,https://www.imdb.com/title/tt0101416/?ref_=sr_t_208,1991,1h 37m,R,5.5,291
209. Big Girls Don't Cry... They Get Even,https://www.imdb.com/title/tt0101444/?ref_=sr_t_209,1991,1h 36m,PG,6.3,2.2K
210. Closet Land,https://www.imdb.com/title/tt0101597/?ref_=sr_t_210,1991,1h 29m,R,7.0,3.1K
211. Twenty-One,https://www.imdb.com/title/tt0103143/?ref_=sr_t_211,1991,1h 32m,R,5.2,555
212. Stepping Out,https://www.imdb.com/title/tt0102979/?ref_=sr_t_212,1991,1h 46m,PG,6.4,1.3K
213. Young Soul Rebels,https://www.imdb.com/title/tt0103312/?ref_=sr_t_213,1991,1h 45m,R,6.2,672
214. Under Suspicion,https://www.imdb.com/title/tt0105691/?ref_=sr_t_214,1991,1h 39m,R,6.4,5.3K
215. Van Gogh,https://www.imdb.com/title/tt0103190/?ref_=sr_t_215,1991,2h 38m,R,7.1,3.4K
216. The Indian Runner,https://www.imdb.com/title/tt0102116/?ref_=sr_t_216,1991,2h 7m,R,6.9,10K
217. The Ballad of the Sad Cafe,https://www.imdb.com/title/tt0101404/?ref_=sr_t_217,1991,1h 41m,PG-13,5.9,901
218. The Efficiency Expert,https://www.imdb.com/title/tt0102969/?ref_=sr_t_218,1991,1h 25m,PG,6.2,2.3K
219. London Kills Me,https://www.imdb.com/title/tt0102328/?ref_=sr_t_219,1991,1h 47m,R,6.0,663
220. Pushing Hands,https://www.imdb.com/title/tt0105652/?ref_=sr_t_220,1991,1h 45m,PG-13,7.2,5K
221. Close My Eyes,https://www.imdb.com/title/tt0101595/?ref_=sr_t_221,1991,1h 48m,R,6.2,3.7K
222. Liebestraum,https://www.imdb.com/title/tt0102299/?ref_=sr_t_222,1991,1h 52m,R,5.8,1.7K
223. Shakes the Clown,https://www.imdb.com/title/tt0102898/?ref_=sr_t_223,1991,1h 27m,R,5.6,5.8K
224. Cold Heaven,https://www.imdb.com/title/tt0103982/?ref_=sr_t_224,1991,1h 45m,R,5.1,1.2K
225. The Inner Circle,https://www.imdb.com/title/tt0103838/?ref_=sr_t_225,1991,2h 17m,PG-13,6.9,2.2K
226. Johnny Suede,https://www.imdb.com/title/tt0104567/?ref_=sr_t_226,1991,1h 37m,R,5.8,4.5K
227. Let Him Have It,https://www.imdb.com/title/tt0102288/?ref_=sr_t_227,1991,1h 55m,R,7.1,3.9K
228. To Want to Fly,https://www.imdb.com/title/tt0103223/?ref_=sr_t_228,1991,1h 34m,R,6.7,921
229. Afraid of the Dark,https://www.imdb.com/title/tt0101276/?ref_=sr_t_229,1991,1h 31m,R,5.8,1.3K
230. Bed & Breakfast,https://www.imdb.com/title/tt0103784/?ref_=sr_t_230,1991,1h 37m,PG-13,5.4,455
231. Salmonberries,https://www.imdb.com/title/tt0102829/?ref_=sr_t_231,1991,1h 35m,R,6.1,773
232. Bloodfist III: Forced to Fight,https://www.imdb.com/title/tt0101481/?ref_=sr_t_232,1991,1h 28m,R,4.9,689
233. Diary of a Hitman,https://www.imdb.com/title/tt0101725/?ref_=sr_t_233,1991,1h 30m,R,5.2,2.3K
234. Crooked Hearts,https://www.imdb.com/title/tt0101629/?ref_=sr_t_234,1991,1h 53m,R,5.9,1.2K
235. The Lovers on the Bridge,https://www.imdb.com/title/tt0101318/?ref_=sr_t_235,1991,2h 5m,R,7.6,16K
236. The Dark Backward,https://www.imdb.com/title/tt0101660/?ref_=sr_t_236,1991,1h 41m,R,5.7,4.1K
237. Lyrisch nitraat,https://www.imdb.com/title/tt0102360/?ref_=sr_t_237,1991,50m,,6.9,226
238. Highway to Hell,https://www.imdb.com/title/tt0104418/?ref_=sr_t_238,1991,1h 34m,R,6.0,5.7K
239. American Friends,https://www.imdb.com/title/tt0101324/?ref_=sr_t_239,1991,1h 35m,PG,6.4,897
240. Ski School,https://www.imdb.com/title/tt0102940/?ref_=sr_t_240,1991,1h 35m,R,4.9,4.6K
241. A Fine Romance,https://www.imdb.com/title/tt0103055/?ref_=sr_t_241,1991,1h 37m,PG-13,4.9,385
242. Jumpin' at the Boneyard,https://www.imdb.com/title/tt0102174/?ref_=sr_t_242,1991,1h 47m,R,6.0,571
243. Rubin and Ed,https://www.imdb.com/title/tt0102817/?ref_=sr_t_243,1991,1h 22m,PG-13,6.9,2.1K
244. Drive,https://www.imdb.com/title/tt0101773/?ref_=sr_t_244,1991,1h 26m,,6.5,70
245. The Ox,https://www.imdb.com/title/tt0102619/?ref_=sr_t_245,1991,1h 32m,Not Rated,7.1,1.1K
246. Convicts,https://www.imdb.com/title/tt0099300/?ref_=sr_t_246,1991,1h 33m,PG,5.7,774
247. I Can No Longer Hear the Guitar,https://www.imdb.com/title/tt0102137/?ref_=sr_t_247,1991,1h 38m,,6.8,537
248. Motorama,https://www.imdb.com/title/tt0104922/?ref_=sr_t_248,1991,1h 30m,R,6.2,2.3K
249. Love in the Time of Hysteria,https://www.imdb.com/title/tt0102958/?ref_=sr_t_249,1991,1h 34m,Not Rated,6.8,4.1K
250. Blood and Concrete,https://www.imdb.com/title/tt0101478/?ref_=sr_t_250,1991,1h 39m,R,5.8,908
251. Night and Day,https://www.imdb.com/title/tt0102566/?ref_=sr_t_251,1991,1h 32m,Not Rated,6.4,484
252. By the Sword,https://www.imdb.com/title/tt0101524/?ref_=sr_t_252,1991,1h 31m,R,6.4,1.8K
253. December,https://www.imdb.com/title/tt0101695/?ref_=sr_t_253,1991,1h 32m,PG,5.9,367
254. Scissors,https://www.imdb.com/title/tt0102860/?ref_=sr_t_254,1991,1h 45m,R,5.1,3.3K
255. The Hours and Times,https://www.imdb.com/title/tt0104448/?ref_=sr_t_255,1991,57m,,6.4,834
256. Paprika,https://www.imdb.com/title/tt0098063/?ref_=sr_t_256,1991,1h 39m,Unrated,5.5,5K
257. Guyver,https://www.imdb.com/title/tt0101988/?ref_=sr_t_257,1991,1h 28m,PG-13,4.9,6.3K
258. The Raffle,https://www.imdb.com/title/tt0134057/?ref_=sr_t_258,1991,1h 33m,,5.2,1.4K
259. Sex and Zen,https://www.imdb.com/title/tt0105287/?ref_=sr_t_259,1991,1h 39m,R,5.5,2.9K
260. Alligator II: The Mutation,https://www.imdb.com/title/tt0101309/?ref_=sr_t_260,1991,1h 34m,PG-13,4.0,3.4K
261. Critters 3,https://www.imdb.com/title/tt0101627/?ref_=sr_t_261,1991,1h 26m,PG-13,4.5,14K
262. 964 Pinocchio,https://www.imdb.com/title/tt0225009/?ref_=sr_t_262,1991,1h 37m,,5.5,2.6K
263. A Brighter Summer Day,https://www.imdb.com/title/tt0101985/?ref_=sr_t_263,1991,3h 57m,Not Rated,8.2,14K
264. Nekromantik 2,https://www.imdb.com/title/tt0102522/?ref_=sr_t_264,1991,1h 44m,Not Rated,5.2,4.4K
265. The Pit and the Pendulum,https://www.imdb.com/title/tt0100369/?ref_=sr_t_265,1991,1h 37m,R,6.0,5.7K
266. Zandalee,https://www.imdb.com/title/tt0101004/?ref_=sr_t_266,1991,1h 40m,R,4.3,4.3K
267. Riki-Oh: The Story of Ricky,https://www.imdb.com/title/tt0102293/?ref_=sr_t_267,1991,1h 31m,R,7.0,16K
268. Robin Hood,https://www.imdb.com/title/tt0102797/?ref_=sr_t_268,1991,1h 44m,TV-14,5.7,6.1K
269. The Linguini Incident,https://www.imdb.com/title/tt0102313/?ref_=sr_t_269,1991,1h 38m,R,6.2,1.6K
270. Once Upon a Time in China,https://www.imdb.com/title/tt0103285/?ref_=sr_t_270,1991,2h 14m,R,7.2,20K
271. Uncaged,https://www.imdb.com/title/tt0103158/?ref_=sr_t_271,1991,1h 18m,R,4.4,301
272. Silent Möbius,https://www.imdb.com/title/tt0102928/?ref_=sr_t_272,1991,50m,,6.3,284
273. The Polar Bear King,https://www.imdb.com/title/tt0102247/?ref_=sr_t_273,1991,1h 28m,PG,5.9,947
"274. 11 Days, 11 Nights 2",https://www.imdb.com/title/tt0297447/?ref_=sr_t_274,1991,1h 24m,R,4.0,242
275. The Crumbs,https://www.imdb.com/title/tt0102240/?ref_=sr_t_275,1991,1h 25m,Not Rated,6.0,1.3K
276. Dead Space,https://www.imdb.com/title/tt0101675/?ref_=sr_t_276,1991,1h 12m,R,3.5,1.6K
277. Dark Cat,https://www.imdb.com/title/tt1527816/?ref_=sr_t_277,1991,1h,,4.2,163
278. Godzilla vs. King Ghidorah,https://www.imdb.com/title/tt0101962/?ref_=sr_t_278,1991,1h 40m,Not Rated,6.5,7.6K
279. Past Midnight,https://www.imdb.com/title/tt0105108/?ref_=sr_t_279,1991,1h 40m,R,5.6,1.6K
280. Do or Die,https://www.imdb.com/title/tt0101744/?ref_=sr_t_280,1991,1h 37m,R,4.3,1.5K
281. Basket Case 3,https://www.imdb.com/title/tt0103773/?ref_=sr_t_281,1991,1h 30m,R,4.8,4.4K
282. Deathstalker IV: Match of Titans,https://www.imdb.com/title/tt0099388/?ref_=sr_t_282,1991,1h 25m,R,3.7,1.1K
283. The Resurrected,https://www.imdb.com/title/tt0105242/?ref_=sr_t_283,1991,1h 48m,R,6.2,5.1K
"284. Manta, Manta",https://www.imdb.com/title/tt0102397/?ref_=sr_t_284,1991,1h 31m,,5.7,6K
285. Shock 'Em Dead,https://www.imdb.com/title/tt0102910/?ref_=sr_t_285,1991,1h 33m,R,4.9,1.4K
286. Dolly Dearest,https://www.imdb.com/title/tt0104119/?ref_=sr_t_286,1991,1h 33m,R,4.8,3.6K
287. The Sect,https://www.imdb.com/title/tt0100581/?ref_=sr_t_287,1991,2h 5m,R,6.1,3.7K
288. Trancers II,https://www.imdb.com/title/tt0103116/?ref_=sr_t_288,1991,1h 28m,R,5.4,2.6K
289. The Flesh,https://www.imdb.com/title/tt0101548/?ref_=sr_t_289,1991,1h 30m,,5.6,990
290. Rover Dangerfield,https://www.imdb.com/title/tt0102813/?ref_=sr_t_290,1991,1h 14m,G,5.9,3.4K
291. Wedlock,https://www.imdb.com/title/tt0103239/?ref_=sr_t_291,1991,1h 41m,R,5.9,9.4K
292. Lucky Luke,https://www.imdb.com/title/tt0102351/?ref_=sr_t_292,1991,1h 32m,PG,5.1,4.3K
293. Mindwarp,https://www.imdb.com/title/tt0100152/?ref_=sr_t_293,1991,1h 36m,R,5.2,3.1K
294. Virgin High,https://www.imdb.com/title/tt0103213/?ref_=sr_t_294,1991,1h 30m,R,3.8,696
295. My Father the Hero,https://www.imdb.com/title/tt0102465/?ref_=sr_t_295,1991,1h 45m,,6.1,3K
296. A Scene at the Sea,https://www.imdb.com/title/tt0103704/?ref_=sr_t_296,1991,1h 41m,,7.5,6.9K
297. Lamhe,https://www.imdb.com/title/tt0102258/?ref_=sr_t_297,1991,3h 7m,Not Rated,7.2,3.2K
298. Inner Sanctum,https://www.imdb.com/title/tt0102122/?ref_=sr_t_298,1991,1h 30m,R,3.4,874
299. On Our Own,https://www.imdb.com/title/tt0095778/?ref_=sr_t_299,1991,1h 24m,G,6.6,579
300. Thalapathi,https://www.imdb.com/title/tt0101649/?ref_=sr_t_300,1991,2h 37m,Not Rated,8.5,14K
301. Island of Fire,https://www.imdb.com/title/tt0099812/?ref_=sr_t_301,1991,2h 5m,R,5.7,4.1K
302. The Boneyard,https://www.imdb.com/title/tt0101497/?ref_=sr_t_302,1991,1h 38m,R,5.6,1.9K
303. Prahaar: The Final Attack,https://www.imdb.com/title/tt0102701/?ref_=sr_t_303,1991,2h 31m,Not Rated,8.0,2.3K
304. Eyes of an Angel,https://www.imdb.com/title/tt0101844/?ref_=sr_t_304,1991,1h 35m,PG-13,5.2,1.4K
305. Revenge of Billy the Kid,https://www.imdb.com/title/tt0102783/?ref_=sr_t_305,1991,1h 27m,,5.4,454
306. Dragon Ball Z: Cooler's Revenge,https://www.imdb.com/title/tt1125254/?ref_=sr_t_306,1991,47m,Not Rated,7.0,8.7K
307. Grand Tour: Disaster in Time,https://www.imdb.com/title/tt0104362/?ref_=sr_t_307,1991,1h 39m,PG-13,6.4,3.2K
308. Dirty Like an Angel,https://www.imdb.com/title/tt0100541/?ref_=sr_t_308,1991,1h 42m,Not Rated,5.7,370
309. Erotic Ghost Story II,https://www.imdb.com/title/tt0102296/?ref_=sr_t_309,1991,1h 36m,,4.6,363
310. Malizia 2000,https://www.imdb.com/title/tt0104799/?ref_=sr_t_310,1991,1h 43m,,5.0,276
311. There's Nothing Out There,https://www.imdb.com/title/tt0103077/?ref_=sr_t_311,1991,1h 31m,Unrated,5.6,2.7K
312. Rock 'n' Roll High School Forever,https://www.imdb.com/title/tt0100504/?ref_=sr_t_312,1991,1h 35m,PG-13,4.6,1.3K
313. Saudagar,https://www.imdb.com/title/tt0102844/?ref_=sr_t_313,1991,3h 33m,Not Rated,6.7,1.7K
314. Dream Machine,https://www.imdb.com/title/tt0099462/?ref_=sr_t_314,1991,1h 28m,PG,5.1,960
315. The Runestone,https://www.imdb.com/title/tt0100528/?ref_=sr_t_315,1991,1h 45m,R,4.8,896
316. Robotrix,https://www.imdb.com/title/tt0102562/?ref_=sr_t_316,1991,1h 38m,,5.9,1.3K
317. Plyontek,https://www.imdb.com/title/tt0300349/?ref_=sr_t_317,1991,1h 25m,,6.2,33
318. Scanners II: The New Order,https://www.imdb.com/title/tt0102848/?ref_=sr_t_318,1991,1h 44m,R,5.3,3.9K
319. Bikini Summer,https://www.imdb.com/title/tt0101449/?ref_=sr_t_319,1991,1h 27m,R,3.6,598
320. Sadak,https://www.imdb.com/title/tt0156985/?ref_=sr_t_320,1991,2h 14m,Not Rated,6.4,3K
321. The Dark Wind,https://www.imdb.com/title/tt0101664/?ref_=sr_t_321,1991,1h 51m,R,5.5,809
322. Roujin Z,https://www.imdb.com/title/tt0102812/?ref_=sr_t_322,1991,1h 20m,PG-13,6.8,3.4K
323. The Pistol: The Birth of a Legend,https://www.imdb.com/title/tt0102674/?ref_=sr_t_323,1991,1h 30m,G,6.8,1.5K
324. Body Chemistry II: The Voice of a Stranger,https://www.imdb.com/title/tt0103851/?ref_=sr_t_324,1991,1h 24m,R,3.6,401
"325. Attention, Papa Arrives!",https://www.imdb.com/title/tt0102629/?ref_=sr_t_325,1991,1h 29m,,7.9,6.1K
326. Scanners III: The Takeover,https://www.imdb.com/title/tt0105322/?ref_=sr_t_326,1991,1h 41m,R,4.5,2.7K
327. Den ofrivillige golfaren,https://www.imdb.com/title/tt0102579/?ref_=sr_t_327,1991,1h 47m,,5.7,5.1K
328. The Borrower,https://www.imdb.com/title/tt0101502/?ref_=sr_t_328,1991,1h 32m,R,5.3,2.2K
329. Adventures in Dinosaur City,https://www.imdb.com/title/tt0103621/?ref_=sr_t_329,1991,1h 28m,PG,4.8,1.3K
330. American Shaolin,https://www.imdb.com/title/tt0101327/?ref_=sr_t_330,1991,1h 46m,PG-13,5.8,1.7K
331. Raw Nerve,https://www.imdb.com/title/tt0102761/?ref_=sr_t_331,1991,1h 31m,R,4.4,489
332. Teenage Exorcist,https://www.imdb.com/title/tt0111383/?ref_=sr_t_332,1991,1h 26m,Not Rated,4.7,547
333. Husbands and Lovers,https://www.imdb.com/title/tt0105755/?ref_=sr_t_333,1991,1h 43m,R,4.6,486
334. Center Stage,https://www.imdb.com/title/tt0102816/?ref_=sr_t_334,1991,2h 6m,,7.4,2.9K
335. Ted & Venus,https://www.imdb.com/title/tt0103057/?ref_=sr_t_335,1991,1h 40m,R,4.7,340
336. The Golden Lotus: Love and Desire,https://www.imdb.com/title/tt0101963/?ref_=sr_t_336,1991,1h 35m,,4.7,124
337. Neon City,https://www.imdb.com/title/tt0104981/?ref_=sr_t_337,1991,1h 39m,R,5.3,1.3K
338. Delta Force 3: The Killing Game,https://www.imdb.com/title/tt0101702/?ref_=sr_t_338,1991,1h 37m,R,3.5,1.1K
339. Killed the Family and Went to the Movies,https://www.imdb.com/title/tt0241708/?ref_=sr_t_339,1991,1h 40m,,5.1,330
340. The Boy Who Cried Bitch,https://www.imdb.com/title/tt0101504/?ref_=sr_t_340,1991,1h 45m,,6.3,459
341. Timebomb,https://www.imdb.com/title/tt0105597/?ref_=sr_t_341,1991,1h 36m,R,5.4,2.1K
342. Once a Thief,https://www.imdb.com/title/tt0101020/?ref_=sr_t_342,1991,1h 48m,R,6.7,7.5K
343. Ghar Parivaar,https://www.imdb.com/title/tt0376620/?ref_=sr_t_343,1991,,,5.5,61
344. North,https://www.imdb.com/title/tt0102552/?ref_=sr_t_344,1991,1h 28m,,6.4,176
345. Legal Tender,https://www.imdb.com/title/tt0102283/?ref_=sr_t_345,1991,1h 35m,R,3.9,199
346. Black Cat,https://www.imdb.com/title/tt0101463/?ref_=sr_t_346,1991,1h 36m,,5.9,891
347. Night Eyes II,https://www.imdb.com/title/tt0104998/?ref_=sr_t_347,1991,1h 37m,R,4.1,697
348. Dragon Ball Z: Lord Slug,https://www.imdb.com/title/tt0142244/?ref_=sr_t_348,1991,43m,Not Rated,6.5,6.9K
349. 100 Days Before the Command,https://www.imdb.com/title/tt0100694/?ref_=sr_t_349,1991,1h 11m,Not Rated,5.3,502
350. Hidden Desire,https://www.imdb.com/title/tt0189802/?ref_=sr_t_350,1991,1h 28m,,4.4,190
351. Dil Hai Ki Manta Nahin,https://www.imdb.com/title/tt0101733/?ref_=sr_t_351,1991,2h 34m,Not Rated,7.2,4.7K
352. The Cat,https://www.imdb.com/title/tt0105796/?ref_=sr_t_352,1991,1h 29m,,6.5,771
353. 976-Evil II,https://www.imdb.com/title/tt0101256/?ref_=sr_t_353,1991,1h 33m,R,4.3,1.9K
354. The King of Ads,https://www.imdb.com/title/tt2243597/?ref_=sr_t_354,1991,1h 14m,,5.5,375
355. Yumeji,https://www.imdb.com/title/tt0103316/?ref_=sr_t_355,1991,2h 8m,Not Rated,6.9,783
356. Aditya 369,https://www.imdb.com/title/tt0252196/?ref_=sr_t_356,1991,2h 20m,,8.4,3.4K
357. Aakhri Shikar,https://www.imdb.com/title/tt7721904/?ref_=sr_t_357,1991,,,,
358. The Suspended Step of the Stork,https://www.imdb.com/title/tt0102439/?ref_=sr_t_358,1991,2h 23m,,7.5,2.9K
359. Blue Note,https://www.imdb.com/title/tt0102557/?ref_=sr_t_359,1991,2h 15m,,6.2,795
360. Controlled Conversations,https://www.imdb.com/title/tt0102815/?ref_=sr_t_360,1991,1h 33m,,7.1,1.7K
361. Jacquot of Nantes,https://www.imdb.com/title/tt0102141/?ref_=sr_t_361,1991,1h 58m,PG,7.7,2.1K
362. Dragon Ball: The Magic Begins,https://www.imdb.com/title/tt0122050/?ref_=sr_t_362,1991,1h 26m,Not Rated,4.3,1.4K
363. Clearcut,https://www.imdb.com/title/tt0101592/?ref_=sr_t_363,1991,1h 40m,R,6.9,1.6K
364. Class of Nuke 'Em High Part II: Subhumanoid Meltdown,https://www.imdb.com/title/tt0101591/?ref_=sr_t_364,1991,1h 30m,R,4.4,2.6K
365. Fatal Bond,https://www.imdb.com/title/tt0104233/?ref_=sr_t_365,1991,1h 29m,R,4.0,318
366. Zeiram,https://www.imdb.com/title/tt0103327/?ref_=sr_t_366,1991,1h 32m,,6.4,941
367. Vacanze di Natale '91,https://www.imdb.com/title/tt0105717/?ref_=sr_t_367,1991,2h 1m,,4.4,665
368. Pretty Woman,https://www.imdb.com/title/tt0105196/?ref_=sr_t_368,1991,1h 33m,,5.0,174
369. Diplomatic Immunity,https://www.imdb.com/title/tt0101735/?ref_=sr_t_369,1991,1h 35m,R,4.6,425
370. Hum,https://www.imdb.com/title/tt0102071/?ref_=sr_t_370,1991,3h 4m,,6.9,3.5K
371. The Passion of Martin,https://www.imdb.com/title/tt0244706/?ref_=sr_t_371,1991,49m,,6.5,346
372. Bikini Island,https://www.imdb.com/title/tt0101448/?ref_=sr_t_372,1991,1h 25m,R,3.7,1.8K
373. Holiday in Sarajevo,https://www.imdb.com/title/tt0193430/?ref_=sr_t_373,1991,1h 27m,,7.1,215
374. Merci La Vie,https://www.imdb.com/title/tt0102436/?ref_=sr_t_374,1991,1h 57m,,6.5,1.4K
375. Fight Back to School,https://www.imdb.com/title/tt0103045/?ref_=sr_t_375,1991,1h 40m,Not Rated,7.1,5K
376. Bloodmatch,https://www.imdb.com/title/tt0101482/?ref_=sr_t_376,1991,1h 26m,R,4.0,1.1K
377. Scary Movie,https://www.imdb.com/title/tt0138078/?ref_=sr_t_377,1991,1h 22m,Not Rated,4.8,1.1K
378. A Chinese Ghost Story III,https://www.imdb.com/title/tt0102932/?ref_=sr_t_378,1991,1h 44m,Unrated,6.6,3.1K
379. Passion's Flower,https://www.imdb.com/title/tt0100338/?ref_=sr_t_379,1991,1h 25m,R,4.4,142
380. Dune Warriors,https://www.imdb.com/title/tt0099474/?ref_=sr_t_380,1991,1h 20m,R,4.0,585
381. A Man and Two Women,https://www.imdb.com/title/tt0103154/?ref_=sr_t_381,1991,1h 30m,,6.5,82
382. March Comes in Like a Lion,https://www.imdb.com/title/tt0105312/?ref_=sr_t_382,1991,1h 58m,,6.7,368
383. Xtro II: The Second Encounter,https://www.imdb.com/title/tt0100975/?ref_=sr_t_383,1991,1h 32m,R,3.4,1.9K
384. I Want Amerika,https://www.imdb.com/title/tt0389041/?ref_=sr_t_384,1991,1h 25m,,5.8,28
385. The Hideaway,https://www.imdb.com/title/tt0104961/?ref_=sr_t_385,1991,1h 10m,,6.6,252
386. Cover-Up,https://www.imdb.com/title/tt0099312/?ref_=sr_t_386,1991,1h 31m,R,4.4,1.7K
387. Bloodsucking Pharaohs in Pittsburgh,https://www.imdb.com/title/tt0101483/?ref_=sr_t_387,1991,1h 29m,R,4.9,799
388. Where Sleeping Dogs Lie,https://www.imdb.com/title/tt0105809/?ref_=sr_t_388,1991,1h 35m,R,4.5,1.1K
389. Sandesham,https://www.imdb.com/title/tt0353975/?ref_=sr_t_389,1991,2h 18m,Not Rated,9.0,5.6K
390. The Loves of Lady Chatterley,https://www.imdb.com/title/tt0096797/?ref_=sr_t_390,1991,1h 44m,NC-17,4.8,123
391. Crazy Safari,https://www.imdb.com/title/tt0101864/?ref_=sr_t_391,1991,1h 36m,,5.4,1.3K
392. Beder Meye Josna,https://www.imdb.com/title/tt5812178/?ref_=sr_t_392,1991,2h 2m,,4.9,147
393. Sanam Bewafa,https://www.imdb.com/title/tt0102835/?ref_=sr_t_393,1991,2h 40m,,5.2,1.5K
394. Darna,https://www.imdb.com/title/tt0239326/?ref_=sr_t_394,1991,1h 43m,,7.1,85
395. Pyrates,https://www.imdb.com/title/tt0102733/?ref_=sr_t_395,1991,1h 38m,R,4.7,748
396. Female Ninja Magic Chronicles,https://www.imdb.com/title/tt0183374/?ref_=sr_t_396,1991,1h 18m,,6.0,76
397. Amaram,https://www.imdb.com/title/tt0155487/?ref_=sr_t_397,1991,2h 30m,,8.4,3.3K
398. Godfather,https://www.imdb.com/title/tt0353496/?ref_=sr_t_398,1991,2h 30m,Not Rated,8.6,4.4K
399. The Magnificent Scoundrels,https://www.imdb.com/title/tt0102737/?ref_=sr_t_399,1991,1h 36m,,6.5,1.2K
400. Last Call,https://www.imdb.com/title/tt0099982/?ref_=sr_t_400,1991,1h 30m,R,3.8,402
401. Lunatics: A Love Story,https://www.imdb.com/title/tt0102357/?ref_=sr_t_401,1991,1h 27m,PG-13,5.9,837
402. Narcosatanicos diabolicos,https://www.imdb.com/title/tt0387434/?ref_=sr_t_402,1991,1h 30m,,5.6,111
403. Patthar Ke Phool,https://www.imdb.com/title/tt0102645/?ref_=sr_t_403,1991,2h 35m,,5.5,1.3K
404. The Great Day on the Beach,https://www.imdb.com/title/tt0102986/?ref_=sr_t_404,1991,1h 40m,,6.7,738
405. Joker,https://www.imdb.com/title/tt0102166/?ref_=sr_t_405,1991,1h 48m,,4.7,907
406. 'Harry Lund' lägger näsan i blöt!,https://www.imdb.com/title/tt0102006/?ref_=sr_t_406,1991,1h 45m,,4.5,144
407. Speaking of the Devil,https://www.imdb.com/title/tt0102667/?ref_=sr_t_407,1991,1h 35m,,5.9,1.4K
408. Love,https://www.imdb.com/title/tt0392360/?ref_=sr_t_408,1991,2h 32m,,6.1,1.7K
409. The Seventh Brother,https://www.imdb.com/title/tt0112545/?ref_=sr_t_409,1991,1h 14m,Not Rated,6.7,747
410. Manta - Der Film,https://www.imdb.com/title/tt0102396/?ref_=sr_t_410,1991,1h 30m,,4.6,1.3K
411. Shikari: The Hunter,https://www.imdb.com/title/tt0170416/?ref_=sr_t_411,1991,2h 42m,,4.8,109
412. The Jackpot!,https://www.imdb.com/title/tt0103103/?ref_=sr_t_412,1991,1h 42m,,6.2,1.9K
413. Scorchers,https://www.imdb.com/title/tt0102861/?ref_=sr_t_413,1991,1h 21m,R,5.5,700
414. Fist of Fury 1991,https://www.imdb.com/title/tt0103296/?ref_=sr_t_414,1991,1h 36m,,6.5,1.3K
415. Brain Twisters,https://www.imdb.com/title/tt0235245/?ref_=sr_t_415,1991,1h 31m,R,3.5,570
416. Das Mädchen aus dem Fahrstuhl,https://www.imdb.com/title/tt0483086/?ref_=sr_t_416,1991,1h 35m,,7.6,60
417. Saathi,https://www.imdb.com/title/tt0156982/?ref_=sr_t_417,1991,2h 55m,,6.3,262
418. Nudist Colony of the Dead,https://www.imdb.com/title/tt0102564/?ref_=sr_t_418,1991,1h 30m,,4.0,881
419. The White Viking,https://www.imdb.com/title/tt0102081/?ref_=sr_t_419,1991,2h 11m,,6.1,464
420. Curse III: Blood Sacrifice,https://www.imdb.com/title/tt0101636/?ref_=sr_t_420,1991,1h 31m,R,4.0,673
421. Going Under,https://www.imdb.com/title/tt0099675/?ref_=sr_t_421,1991,1h 20m,PG,3.4,852
422. Saugandh,https://www.imdb.com/title/tt0102846/?ref_=sr_t_422,1991,2h 33m,Not Rated,5.4,1.1K
423. Il diavolo nella carne,https://www.imdb.com/title/tt0191085/?ref_=sr_t_423,1991,1h 24m,X,4.0,130
424. Children of the Night,https://www.imdb.com/title/tt0103957/?ref_=sr_t_424,1991,1h 32m,R,4.7,1.3K
425. Saajan,https://www.imdb.com/title/tt0102825/?ref_=sr_t_425,1991,3h 13m,Not Rated,7.2,7.7K
426. Antarnaad,https://www.imdb.com/title/tt0155499/?ref_=sr_t_426,1991,2h 40m,,7.9,144
427. Mima,https://www.imdb.com/title/tt0102446/?ref_=sr_t_427,1991,1h 24m,,6.3,135
428. Kit Kat,https://www.imdb.com/title/tt0102223/?ref_=sr_t_428,1991,2h 9m,,8.2,2.8K
429. 100 Days,https://www.imdb.com/title/tt0101244/?ref_=sr_t_429,1991,2h 41m,,6.3,1.2K
430. The Art of Dying,https://www.imdb.com/title/tt0101369/?ref_=sr_t_430,1991,1h 30m,R,4.8,341
431. Una donna per tutti,https://www.imdb.com/title/tt0205884/?ref_=sr_t_431,1991,1h 21m,,4.9,53
432. Scream of Stone,https://www.imdb.com/title/tt0102855/?ref_=sr_t_432,1991,1h 45m,,6.2,1.5K
433. Femme Fatale,https://www.imdb.com/title/tt0101866/?ref_=sr_t_433,1991,1h 34m,R,4.6,635
434. Wârudo apâtomento horâ,https://www.imdb.com/title/tt0103286/?ref_=sr_t_434,1991,1h 37m,,5.9,362
435. Malina,https://www.imdb.com/title/tt0102383/?ref_=sr_t_435,1991,2h 5m,,6.3,1.2K
436. Leather Jackets,https://www.imdb.com/title/tt0104696/?ref_=sr_t_436,1991,1h 30m,R,4.3,726
437. Breathing Fire,https://www.imdb.com/title/tt0101509/?ref_=sr_t_437,1991,1h 14m,R,5.1,703
438. Forever,https://www.imdb.com/title/tt0104289/?ref_=sr_t_438,1991,1h 36m,,4.9,137
439. Immortal Sins,https://www.imdb.com/title/tt0101436/?ref_=sr_t_439,1991,1h 20m,R,4.6,182
440. Happy Hell Night,https://www.imdb.com/title/tt0236283/?ref_=sr_t_440,1991,1h 27m,Not Rated,4.8,1.3K
441. Kilukkam,https://www.imdb.com/title/tt0255306/?ref_=sr_t_441,1991,2h 35m,,8.6,4.9K
442. Farishtay,https://www.imdb.com/title/tt0187004/?ref_=sr_t_442,1991,3h 13m,,5.0,334
443. Dos nacos en el planeta de las mujeres,https://www.imdb.com/title/tt0289696/?ref_=sr_t_443,1991,1h 34m,,4.4,76
444. Gang Leader,https://www.imdb.com/title/tt0245911/?ref_=sr_t_444,1991,2h 35m,Not Rated,7.9,844
445. Daddy and the Muscle Academy,https://www.imdb.com/title/tt0104045/?ref_=sr_t_445,1991,55m,,6.5,499
446. Ring of Fire,https://www.imdb.com/title/tt0102793/?ref_=sr_t_446,1991,1h 40m,R,4.6,939
447. Karate Cop,https://www.imdb.com/title/tt0102187/?ref_=sr_t_447,1991,1h 30m,R,2.9,1.4K
448. Tukso layuan mo ako!,https://www.imdb.com/title/tt0442533/?ref_=sr_t_448,1991,1h 44m,,6.6,17
449. Rudhra,https://www.imdb.com/title/tt10225492/?ref_=sr_t_449,1991,2h 11m,Not Rated,6.2,43
450. L'année de l'éveil,https://www.imdb.com/title/tt0101354/?ref_=sr_t_450,1991,1h 42m,,6.0,300
451. Prime Target,https://www.imdb.com/title/tt0102710/?ref_=sr_t_451,1991,1h 26m,R,4.2,216
452. Mission: Killfast,https://www.imdb.com/title/tt0261833/?ref_=sr_t_452,1991,1h 37m,R,3.5,287
453. Lonely Hearts,https://www.imdb.com/title/tt0102329/?ref_=sr_t_453,1991,1h 49m,R,4.6,389
454. Piano Piano Kid,https://www.imdb.com/title/tt0105137/?ref_=sr_t_454,1991,1h 21m,,7.7,2.2K
455. Kadavu,https://www.imdb.com/title/tt0102179/?ref_=sr_t_455,1991,1h 44m,,7.4,29
456. The Roller Blade Seven,https://www.imdb.com/title/tt0102804/?ref_=sr_t_456,1991,1h 36m,,2.2,516
457. The Last Butterfly,https://www.imdb.com/title/tt0100393/?ref_=sr_t_457,1991,1h 58m,PG-13,7.0,325
458. La Bambola,https://www.imdb.com/title/tt0135149/?ref_=sr_t_458,1991,1h 28m,,5.0,42
459. Angel of Passion,https://www.imdb.com/title/tt0112363/?ref_=sr_t_459,1991,1h 22m,R,5.0,76
460. Mobile Suit Gundam F91,https://www.imdb.com/title/tt0159568/?ref_=sr_t_460,1991,2h,PG-13,6.4,1.1K
461. Tight Skin 4,https://www.imdb.com/title/tt0181051/?ref_=sr_t_461,1991,1h 30m,,7.5,1.8K
462. Aayatya Gharat Gharoba,https://www.imdb.com/title/tt0267244/?ref_=sr_t_462,1991,2h 18m,,7.9,276
463. The Finest Hour,https://www.imdb.com/title/tt0101879/?ref_=sr_t_463,1991,1h 45m,R,4.7,776
464. Molly and the Ghost,https://www.imdb.com/title/tt0180845/?ref_=sr_t_464,1991,1h 27m,,4.3,130
465. HauntedWeen,https://www.imdb.com/title/tt0150855/?ref_=sr_t_465,1991,1h 28m,,5.0,480
466. Beyond Justice,https://www.imdb.com/title/tt0105175/?ref_=sr_t_466,1991,1h 53m,PG-13,4.5,676
467. God of Gamblers Part III: Back to Shanghai,https://www.imdb.com/title/tt0101783/?ref_=sr_t_467,1991,1h 56m,,6.6,2.7K
468. Aakhri Cheekh,https://www.imdb.com/title/tt0259831/?ref_=sr_t_468,1991,2h 4m,,5.2,68
469. Night of the Warrior,https://www.imdb.com/title/tt0102535/?ref_=sr_t_469,1991,1h 39m,R,3.7,401
470. And You Thought Your Parents Were Weird,https://www.imdb.com/title/tt0101343/?ref_=sr_t_470,1991,1h 32m,PG,4.8,719
471. Vengeance of the Punks,https://www.imdb.com/title/tt0379574/?ref_=sr_t_471,1991,1h 30m,Not Rated,5.3,155
472. Indrajeet,https://www.imdb.com/title/tt0102119/?ref_=sr_t_472,1991,,,4.3,321
473. Garip Bir Koleksiyoncu,https://www.imdb.com/title/tt4038968/?ref_=sr_t_473,1991,1h 34m,,7.4,241
474. Ante geia...,https://www.imdb.com/title/tt0220311/?ref_=sr_t_474,1991,1h 33m,,6.1,257
475. Black Demons,https://www.imdb.com/title/tt0101467/?ref_=sr_t_475,1991,1h 28m,Unrated,4.2,1K
476. Final Approach,https://www.imdb.com/title/tt0101874/?ref_=sr_t_476,1991,1h 40m,R,5.3,638
477. Yodha,https://www.imdb.com/title/tt0267130/?ref_=sr_t_477,1991,2h 22m,Not Rated,4.5,298
"478. Ranma ½: The Movie, Big Trouble in Nekonron, China",https://www.imdb.com/title/tt0101583/?ref_=sr_t_478,1991,1h 14m,Not Rated,7.0,1K
479. Stray Dog: Kerberos Panzer Cops,https://www.imdb.com/title/tt0228457/?ref_=sr_t_479,1991,1h 39m,,6.1,560
480. Killer Tomatoes Strike Back!,https://www.imdb.com/title/tt0099935/?ref_=sr_t_480,1991,1h 27m,Not Rated,3.8,1.7K
481. Black Magic Woman,https://www.imdb.com/title/tt0101464/?ref_=sr_t_481,1991,1h 31m,R,4.0,540
482. Narasimha,https://www.imdb.com/title/tt0102513/?ref_=sr_t_482,1991,3h 34m,Not Rated,5.5,581
483. Highway Patrolman,https://www.imdb.com/title/tt0105114/?ref_=sr_t_483,1991,1h 44m,Not Rated,7.1,1K
484. Vacation of Terror II,https://www.imdb.com/title/tt0220136/?ref_=sr_t_484,1991,1h 26m,Not Rated,5.0,386
485. The Stranger,https://www.imdb.com/title/tt0101279/?ref_=sr_t_485,1991,1h 37m,Not Rated,8.0,4.5K
486. Holy Virgin vs. The Evil Dead,https://www.imdb.com/title/tt0100164/?ref_=sr_t_486,1991,1h 32m,Not Rated,5.5,476
487. Mother,https://www.imdb.com/title/tt0102421/?ref_=sr_t_487,1991,2h 37m,,7.5,3.7K
488. Future Kick,https://www.imdb.com/title/tt0101931/?ref_=sr_t_488,1991,1h 20m,R,4.1,651
489. Tiger Cage III,https://www.imdb.com/title/tt0102286/?ref_=sr_t_489,1991,1h 34m,,5.6,407
490. Phool Aur Kaante,https://www.imdb.com/title/tt0254683/?ref_=sr_t_490,1991,2h 53m,,6.0,1.7K
491. Ayee Milan Ki Raat,https://www.imdb.com/title/tt0404797/?ref_=sr_t_491,1991,2h 32m,Not Rated,5.8,67
492. Bidhilipi,https://www.imdb.com/title/tt4272064/?ref_=sr_t_492,1991,2h 5m,,7.3,97
493. Prom Night IV: Deliver Us from Evil,https://www.imdb.com/title/tt0105179/?ref_=sr_t_493,1991,1h 32m,R,4.1,2.2K
494. The Blue Jean Monster,https://www.imdb.com/title/tt0103332/?ref_=sr_t_494,1991,1h 34m,,6.1,244
495. Operation Corned Beef,https://www.imdb.com/title/tt0100303/?ref_=sr_t_495,1991,1h 45m,,6.1,3.2K
496. The Arrival,https://www.imdb.com/title/tt0099059/?ref_=sr_t_496,1991,1h 43m,R,4.6,401
497. The Boys from St. Petri,https://www.imdb.com/title/tt0101772/?ref_=sr_t_497,1991,1h 51m,,7.0,2.3K
498. Hiruko the Goblin,https://www.imdb.com/title/tt0100991/?ref_=sr_t_498,1991,1h 29m,,6.1,1.8K
499. Banjaran,https://www.imdb.com/title/tt0186857/?ref_=sr_t_499,1991,2h 25m,,4.9,159
500. Driving Me Crazy,https://www.imdb.com/title/tt0104142/?ref_=sr_t_500,1991,1h 27m,PG,3.5,777
