Title,Movie Link,Year,Duration,MPA,Rating,Votes
1. Rocky,https://www.imdb.com/title/tt0075148/?ref_=sr_t_1,1976,2h,PG,8.1,649K
2. A Star Is Born,https://www.imdb.com/title/tt0075265/?ref_=sr_t_2,1976,2h 19m,R,6.1,14K
3. All the President's Men,https://www.imdb.com/title/tt0074119/?ref_=sr_t_3,1976,2h 18m,PG,7.9,129K
4. The Omen,https://www.imdb.com/title/tt0075005/?ref_=sr_t_4,1976,1h 51m,R,7.5,140K
5. King Kong,https://www.imdb.com/title/tt0074751/?ref_=sr_t_5,1976,2h 14m,PG,6.0,37K
6. Silver Streak,https://www.imdb.com/title/tt0075223/?ref_=sr_t_6,1976,1h 54m,PG,6.9,22K
7. The Enforcer,https://www.imdb.com/title/tt0074483/?ref_=sr_t_7,1976,1h 36m,R,6.7,51K
8. Silent Movie,https://www.imdb.com/title/tt0075222/?ref_=sr_t_8,1976,1h 27m,PG,6.7,19K
9. The Pink Panther Strikes Again,https://www.imdb.com/title/tt0075066/?ref_=sr_t_9,1976,1h 43m,PG,7.1,33K
10. Carrie,https://www.imdb.com/title/tt0074285/?ref_=sr_t_10,1976,1h 38m,R,7.4,215K
11. The Bad News Bears,https://www.imdb.com/title/tt0074174/?ref_=sr_t_11,1976,1h 42m,PG,7.3,26K
12. The Outlaw Josey Wales,https://www.imdb.com/title/tt0075029/?ref_=sr_t_12,1976,2h 15m,PG,7.8,82K
13. Taxi Driver,https://www.imdb.com/title/tt0075314/?ref_=sr_t_13,1976,1h 54m,R,8.2,958K
14. Freaky Friday,https://www.imdb.com/title/tt0076054/?ref_=sr_t_14,1976,1h 38m,G,6.3,15K
15. Network,https://www.imdb.com/title/tt0074958/?ref_=sr_t_15,1976,2h 1m,R,8.1,175K
16. Gus,https://www.imdb.com/title/tt0074599/?ref_=sr_t_16,1976,1h 36m,G,5.7,2.2K
17. Marathon Man,https://www.imdb.com/title/tt0074860/?ref_=sr_t_17,1976,2h 5m,R,7.4,72K
18. The Smurfs and the Magic Flute,https://www.imdb.com/title/tt0074539/?ref_=sr_t_18,1976,1h 29m,G,5.9,1.5K
19. Lipstick,https://www.imdb.com/title/tt0074802/?ref_=sr_t_19,1976,1h 29m,R,5.6,2.8K
20. The Shootist,https://www.imdb.com/title/tt0075213/?ref_=sr_t_20,1976,1h 40m,PG,7.6,28K
21. Lifeguard,https://www.imdb.com/title/tt0074798/?ref_=sr_t_21,1976,1h 36m,PG,6.6,1.9K
"22. That's Entertainment, Part II",https://www.imdb.com/title/tt0075323/?ref_=sr_t_22,1976,2h 13m,G,7.3,2.5K
23. The Big Bus,https://www.imdb.com/title/tt0074205/?ref_=sr_t_23,1976,1h 28m,PG,5.6,3.8K
24. Bugsy Malone,https://www.imdb.com/title/tt0074256/?ref_=sr_t_24,1976,1h 33m,G,6.8,20K
25. The Tenant,https://www.imdb.com/title/tt0074811/?ref_=sr_t_25,1976,2h 6m,R,7.5,49K
26. The Last Tycoon,https://www.imdb.com/title/tt0074777/?ref_=sr_t_26,1976,2h 3m,PG,6.2,9.8K
27. Mr. Klein,https://www.imdb.com/title/tt0074916/?ref_=sr_t_27,1976,2h 3m,PG,7.5,9.8K
28. The Man Who Fell to Earth,https://www.imdb.com/title/tt0074851/?ref_=sr_t_28,1976,2h 19m,R,6.6,30K
29. Pantaleon,https://www.imdb.com/title/tt0073510/?ref_=sr_t_29,1976,1h 40m,R,5.9,93
30. Small Change,https://www.imdb.com/title/tt0074152/?ref_=sr_t_30,1976,1h 44m,PG,7.6,6.6K
31. The Innocent,https://www.imdb.com/title/tt0074686/?ref_=sr_t_31,1976,1h 52m,R,7.4,4.4K
32. Master of the Flying Guillotine,https://www.imdb.com/title/tt0072913/?ref_=sr_t_32,1976,1h 21m,R,7.4,5K
33. A Real Young Girl,https://www.imdb.com/title/tt0135024/?ref_=sr_t_33,1976,1h 29m,Unrated,5.3,4.4K
34. Stranger and the Fog,https://www.imdb.com/title/tt0071549/?ref_=sr_t_34,1976,2h 26m,,7.5,336
35. Chinese Roulette,https://www.imdb.com/title/tt0074312/?ref_=sr_t_35,1976,1h 26m,Not Rated,7.2,4.9K
36. Satan's Brew,https://www.imdb.com/title/tt0075165/?ref_=sr_t_36,1976,1h 52m,,6.7,2.2K
"37. Ugly, Dirty and Bad",https://www.imdb.com/title/tt0074252/?ref_=sr_t_37,1976,1h 55m,Not Rated,7.7,9.3K
38. The Marquise of O,https://www.imdb.com/title/tt0074870/?ref_=sr_t_38,1976,1h 42m,PG,7.0,3.1K
39. Chulas Fronteras,https://www.imdb.com/title/tt0074316/?ref_=sr_t_39,1976,58m,,7.3,194
40. Logan's Run,https://www.imdb.com/title/tt0074812/?ref_=sr_t_40,1976,1h 59m,PG,6.8,63K
41. Midway,https://www.imdb.com/title/tt0074899/?ref_=sr_t_41,1976,2h 12m,PG,6.8,22K
42. The First Nudie Musical,https://www.imdb.com/title/tt0074533/?ref_=sr_t_42,1976,1h 37m,R,5.4,977
43. Journey to the Christmas Star,https://www.imdb.com/title/tt0075128/?ref_=sr_t_43,1976,1h 32m,,6.5,1.5K
44. In the Realm of the Senses,https://www.imdb.com/title/tt0074102/?ref_=sr_t_44,1976,1h 49m,NC-17,6.6,24K
45. Aces High,https://www.imdb.com/title/tt0075627/?ref_=sr_t_45,1976,1h 54m,PG,6.5,3.2K
46. Murder by Death,https://www.imdb.com/title/tt0074937/?ref_=sr_t_46,1976,1h 35m,PG,7.3,43K
47. Madam Kitty,https://www.imdb.com/title/tt0075163/?ref_=sr_t_47,1976,2h 9m,X,5.4,5.2K
48. 1900,https://www.imdb.com/title/tt0074084/?ref_=sr_t_48,1976,5h 17m,Unrated,7.6,28K
49. The Eagle Has Landed,https://www.imdb.com/title/tt0074452/?ref_=sr_t_49,1976,2h 3m,PG,6.9,25K
50. Assault on Precinct 13,https://www.imdb.com/title/tt0074156/?ref_=sr_t_50,1976,1h 31m,R,7.3,58K
51. Barbed Wire Dolls,https://www.imdb.com/title/tt0073017/?ref_=sr_t_51,1976,1h 30m,Not Rated,4.4,1.6K
52. Spanish Fly,https://www.imdb.com/title/tt0073407/?ref_=sr_t_52,1976,1h 26m,R,4.6,361
53. The Message,https://www.imdb.com/title/tt0074896/?ref_=sr_t_53,1976,2h 57m,PG,8.1,52K
54. Raggedy Ann & Andy: A Musical Adventure,https://www.imdb.com/title/tt0076593/?ref_=sr_t_54,1976,1h 24m,G,6.7,1.2K
"55. Alice, Sweet Alice",https://www.imdb.com/title/tt0076150/?ref_=sr_t_55,1976,1h 47m,R,6.4,14K
56. Death Rage,https://www.imdb.com/title/tt0074342/?ref_=sr_t_56,1976,1h 38m,R,5.2,986
57. The Little Girl Who Lives Down the Lane,https://www.imdb.com/title/tt0074806/?ref_=sr_t_57,1976,1h 31m,PG,7.0,19K
58. Futureworld,https://www.imdb.com/title/tt0074559/?ref_=sr_t_58,1976,1h 48m,PG,5.7,12K
59. Car Wash,https://www.imdb.com/title/tt0074281/?ref_=sr_t_59,1976,1h 37m,PG,6.2,8.6K
60. Shining Sex,https://www.imdb.com/title/tt0232633/?ref_=sr_t_60,1976,1h 45m,Unrated,4.7,498
61. Mikey and Nicky,https://www.imdb.com/title/tt0074901/?ref_=sr_t_61,1976,1h 46m,R,7.3,7.9K
62. The Wing or The Thigh?,https://www.imdb.com/title/tt0074103/?ref_=sr_t_62,1976,1h 44m,,7.2,13K
63. The Cassandra Crossing,https://www.imdb.com/title/tt0074292/?ref_=sr_t_63,1976,2h 9m,R,6.3,10K
64. At the Earth's Core,https://www.imdb.com/title/tt0074157/?ref_=sr_t_64,1976,1h 29m,PG,5.1,5.7K
65. Robin and Marian,https://www.imdb.com/title/tt0075147/?ref_=sr_t_65,1976,1h 46m,PG,6.5,14K
66. Rock'n Roll Wolf,https://www.imdb.com/title/tt0076340/?ref_=sr_t_66,1976,1h 23m,,7.8,1.5K
67. Gator,https://www.imdb.com/title/tt0074564/?ref_=sr_t_67,1976,1h 55m,PG,5.8,5.2K
68. The Town That Dreaded Sundown,https://www.imdb.com/title/tt0075342/?ref_=sr_t_68,1976,1h 30m,R,6.0,10K
69. The Likely Lads,https://www.imdb.com/title/tt0074799/?ref_=sr_t_69,1976,1h 30m,,6.6,1.3K
70. To the Devil a Daughter,https://www.imdb.com/title/tt0075334/?ref_=sr_t_70,1976,1h 35m,R,5.8,5.2K
71. The Missouri Breaks,https://www.imdb.com/title/tt0074906/?ref_=sr_t_71,1976,2h 6m,PG,6.5,13K
72. The Slipper and the Rose: The Story of Cinderella,https://www.imdb.com/title/tt0075232/?ref_=sr_t_72,1976,2h 7m,G,6.9,3.3K
73. Up!,https://www.imdb.com/title/tt0075376/?ref_=sr_t_73,1976,1h 20m,X,5.8,3.3K
74. Obsession,https://www.imdb.com/title/tt0074991/?ref_=sr_t_74,1976,1h 38m,PG,6.7,12K
75. Burnt Offerings,https://www.imdb.com/title/tt0074258/?ref_=sr_t_75,1976,1h 56m,PG,6.4,14K
76. Family Plot,https://www.imdb.com/title/tt0074512/?ref_=sr_t_76,1976,2h,PG,6.8,25K
77. Bobbie Jo and the Outlaw,https://www.imdb.com/title/tt0074228/?ref_=sr_t_77,1976,1h 28m,R,5.4,1.4K
78. The Black Corsair,https://www.imdb.com/title/tt0074349/?ref_=sr_t_78,1976,2h 6m,,6.2,680
79. The Margin,https://www.imdb.com/title/tt0074868/?ref_=sr_t_79,1976,1h 28m,,5.2,1K
80. Casanova,https://www.imdb.com/title/tt0074291/?ref_=sr_t_80,1976,2h 35m,R,7.0,9K
"81. Ilsa, Harem Keeper of the Oil Sheiks",https://www.imdb.com/title/tt0074670/?ref_=sr_t_81,1976,1h 25m,R,5.0,3.1K
82. The Pom Pom Girls,https://www.imdb.com/title/tt0075086/?ref_=sr_t_82,1976,1h 29m,PG,4.9,1.3K
83. Fantasm,https://www.imdb.com/title/tt0072969/?ref_=sr_t_83,1976,1h 27m,X,4.5,621
84. Eaten Alive,https://www.imdb.com/title/tt0074455/?ref_=sr_t_84,1976,1h 31m,R,5.5,9.1K
85. Blood Sucking Freaks,https://www.imdb.com/title/tt0077247/?ref_=sr_t_85,1976,1h 24m,Unrated,4.7,6.4K
86. Emanuelle in Bangkok,https://www.imdb.com/title/tt0074478/?ref_=sr_t_86,1976,1h 27m,R,4.4,1.3K
87. Adventures of a Taxi Driver,https://www.imdb.com/title/tt0074094/?ref_=sr_t_87,1976,1h 29m,,4.4,923
88. Cannonball!,https://www.imdb.com/title/tt0074279/?ref_=sr_t_88,1976,1h 33m,PG,5.5,5.4K
89. Stay Hungry,https://www.imdb.com/title/tt0075268/?ref_=sr_t_89,1976,1h 42m,R,5.6,5.2K
90. Strømer,https://www.imdb.com/title/tt0075277/?ref_=sr_t_90,1976,1h 46m,,6.5,473
91. The Gumball Rally,https://www.imdb.com/title/tt0074597/?ref_=sr_t_91,1976,1h 45m,PG,6.2,4.6K
92. The Food of the Gods,https://www.imdb.com/title/tt0074540/?ref_=sr_t_92,1976,1h 28m,PG,4.6,4.8K
93. Bound for Glory,https://www.imdb.com/title/tt0074235/?ref_=sr_t_93,1976,2h 27m,PG,7.2,5.7K
94. The Twelve Tasks of Asterix,https://www.imdb.com/title/tt0072901/?ref_=sr_t_94,1976,1h 22m,,7.6,20K
95. The Sailor Who Fell from Grace with the Sea,https://www.imdb.com/title/tt0075161/?ref_=sr_t_95,1976,1h 45m,R,6.2,1.7K
96. Grizzly,https://www.imdb.com/title/tt0074593/?ref_=sr_t_96,1976,1h 31m,PG,5.2,6.2K
97. The Last Woman,https://www.imdb.com/title/tt0075364/?ref_=sr_t_97,1976,1h 52m,X,6.4,1.6K
98. Sex with a Smile,https://www.imdb.com/title/tt0074086/?ref_=sr_t_98,1976,1h 40m,R,5.2,515
99. The Killing of a Chinese Bookie,https://www.imdb.com/title/tt0074749/?ref_=sr_t_99,1976,2h 15m,R,7.3,15K
100. Squirm,https://www.imdb.com/title/tt0075261/?ref_=sr_t_100,1976,1h 32m,PG,4.9,6.6K
101. Man on the Roof,https://www.imdb.com/title/tt0074857/?ref_=sr_t_101,1976,1h 52m,R,7.2,5.3K
102. Shout at the Devil,https://www.imdb.com/title/tt0075214/?ref_=sr_t_102,1976,2h 30m,PG,6.1,3.5K
103. Raid on Entebbe,https://www.imdb.com/title/tt0076594/?ref_=sr_t_103,1976,2h 25m,Not Rated,6.7,3.9K
104. Sparkle,https://www.imdb.com/title/tt0075249/?ref_=sr_t_104,1976,1h 38m,PG,6.7,1.9K
105. Spermula,https://www.imdb.com/title/tt0075251/?ref_=sr_t_105,1976,1h 43m,,4.1,568
106. Black Cobra,https://www.imdb.com/title/tt0074501/?ref_=sr_t_106,1976,1h 38m,R,4.3,803
107. Island of Death,https://www.imdb.com/title/tt0188527/?ref_=sr_t_107,1976,1h 48m,Not Rated,5.1,4.9K
108. Revenge of the Cheerleaders,https://www.imdb.com/title/tt0075137/?ref_=sr_t_108,1976,1h 27m,R,4.5,1K
109. The Song Remains the Same,https://www.imdb.com/title/tt0075244/?ref_=sr_t_109,1976,2h 17m,PG,7.6,9.3K
110. Trauma,https://www.imdb.com/title/tt0072960/?ref_=sr_t_110,1976,1h 24m,R,5.4,1.4K
111. The Fifth Seal,https://www.imdb.com/title/tt0075467/?ref_=sr_t_111,1976,1h 56m,,8.5,6.4K
112. Hollywood Boulevard,https://www.imdb.com/title/tt0074633/?ref_=sr_t_112,1976,1h 23m,R,5.8,1.6K
113. Satan's Slave,https://www.imdb.com/title/tt0075164/?ref_=sr_t_113,1976,1h 26m,R,5.3,2.2K
114. Drum,https://www.imdb.com/title/tt0074437/?ref_=sr_t_114,1976,1h 50m,R,5.5,1.1K
115. Voyage of the Damned,https://www.imdb.com/title/tt0075406/?ref_=sr_t_115,1976,2h 35m,PG,6.4,3.6K
116. Two-Minute Warning,https://www.imdb.com/title/tt0075359/?ref_=sr_t_116,1976,1h 55m,R,6.2,4.5K
117. Ode to Billy Joe,https://www.imdb.com/title/tt0074995/?ref_=sr_t_117,1976,1h 46m,PG,6.6,2.3K
118. Sebastiane,https://www.imdb.com/title/tt0075177/?ref_=sr_t_118,1976,1h 26m,X,6.2,3.2K
119. The Death Collector,https://www.imdb.com/title/tt0072855/?ref_=sr_t_119,1976,1h 25m,R,5.6,1K
120. The Message,https://www.imdb.com/title/tt0075143/?ref_=sr_t_120,1976,3h 27m,PG,8.9,11K
121. Swashbuckler,https://www.imdb.com/title/tt0075294/?ref_=sr_t_121,1976,1h 41m,PG,6.0,2K
122. The House with Laughing Windows,https://www.imdb.com/title/tt0074287/?ref_=sr_t_122,1976,1h 50m,,7.0,6.3K
123. Manthan,https://www.imdb.com/title/tt0074858/?ref_=sr_t_123,1976,2h 14m,,7.7,856
124. God Told Me To,https://www.imdb.com/title/tt0075930/?ref_=sr_t_124,1976,1h 31m,R,6.2,6.9K
"125. Mother, Jugs & Speed",https://www.imdb.com/title/tt0074923/?ref_=sr_t_125,1976,1h 38m,PG,5.9,3.5K
126. From Noon Till Three,https://www.imdb.com/title/tt0074553/?ref_=sr_t_126,1976,1h 39m,PG,6.5,3.3K
127. Jackson County Jail,https://www.imdb.com/title/tt0074706/?ref_=sr_t_127,1976,1h 24m,R,6.1,1.5K
128. Dona Flor and Her Two Husbands,https://www.imdb.com/title/tt0077452/?ref_=sr_t_128,1976,1h 50m,R,6.9,3.5K
129. Massacre at Central High,https://www.imdb.com/title/tt0074875/?ref_=sr_t_129,1976,1h 27m,R,6.1,3K
130. Mistress,https://www.imdb.com/title/tt0074883/?ref_=sr_t_130,1976,1h 52m,Not Rated,6.5,2.5K
131. Submission,https://www.imdb.com/title/tt0076668/?ref_=sr_t_131,1976,1h 56m,R,6.3,612
132. Todo modo,https://www.imdb.com/title/tt0075335/?ref_=sr_t_132,1976,2h 10m,Not Rated,7.5,1.7K
133. The Witch Who Came from the Sea,https://www.imdb.com/title/tt0075433/?ref_=sr_t_133,1976,1h 23m,R,5.7,2.7K
134. The Office Party,https://www.imdb.com/title/tt0074724/?ref_=sr_t_134,1976,1h 27m,,5.9,413
135. The Seven-Per-Cent Solution,https://www.imdb.com/title/tt0075194/?ref_=sr_t_135,1976,1h 53m,PG,6.6,5.3K
136. The Winds of Autumn,https://www.imdb.com/title/tt0075431/?ref_=sr_t_136,1976,1h 40m,PG,6.1,355
137. Could We Maybe,https://www.imdb.com/title/tt0124020/?ref_=sr_t_137,1976,1h 38m,,6.1,440
138. The Toy,https://www.imdb.com/title/tt0074720/?ref_=sr_t_138,1976,1h 35m,PG,7.4,6.6K
139. Schizo,https://www.imdb.com/title/tt0076670/?ref_=sr_t_139,1976,1h 49m,R,5.7,1.5K
140. Keep It Up Downstairs,https://www.imdb.com/title/tt0074736/?ref_=sr_t_140,1976,1h 34m,,3.8,218
141. Kings of the Road,https://www.imdb.com/title/tt0073152/?ref_=sr_t_141,1976,2h 55m,Not Rated,7.6,6.7K
142. Face to Face,https://www.imdb.com/title/tt0074147/?ref_=sr_t_142,1976,1h 54m,R,7.5,6.3K
143. Je t'aime moi non plus,https://www.imdb.com/title/tt0073196/?ref_=sr_t_143,1976,1h 29m,R,5.9,2.4K
144. Hollywood High,https://www.imdb.com/title/tt0076149/?ref_=sr_t_144,1976,1h 21m,R,3.7,534
145. Queen Kong,https://www.imdb.com/title/tt0075113/?ref_=sr_t_145,1976,1h 27m,Not Rated,3.3,708
146. Emily,https://www.imdb.com/title/tt0075985/?ref_=sr_t_146,1976,1h 27m,R,4.5,265
147. Drive-In,https://www.imdb.com/title/tt0074433/?ref_=sr_t_147,1976,1h 36m,PG,6.2,635
148. The Great Texas Dynamite Chase,https://www.imdb.com/title/tt0076109/?ref_=sr_t_148,1976,1h 30m,R,5.9,821
149. Doomsday Machine,https://www.imdb.com/title/tt0061592/?ref_=sr_t_149,1976,1h 23m,Not Rated,2.6,1.4K
150. The Wishing Tree,https://www.imdb.com/title/tt0075963/?ref_=sr_t_150,1976,1h 47m,,8.0,2K
151. Mansion of the Doomed,https://www.imdb.com/title/tt0076361/?ref_=sr_t_151,1976,1h 27m,R,5.5,1.3K
152. Creature from Black Lake,https://www.imdb.com/title/tt0074356/?ref_=sr_t_152,1976,1h 31m,PG,5.1,1.7K
153. Confessions of a Driving Instructor,https://www.imdb.com/title/tt0074343/?ref_=sr_t_153,1976,1h 30m,,4.5,1.2K
154. The Blue Bird,https://www.imdb.com/title/tt0074225/?ref_=sr_t_154,1976,1h 39m,G,5.4,1.3K
155. Shadows in an Empty Room,https://www.imdb.com/title/tt0074083/?ref_=sr_t_155,1976,1h 39m,R,6.3,1.1K
156. Inhibitions,https://www.imdb.com/title/tt0074684/?ref_=sr_t_156,1976,1h 41m,R,4.6,215
"157. Next Stop, Greenwich Village",https://www.imdb.com/title/tt0074963/?ref_=sr_t_157,1976,1h 51m,R,7.0,2.6K
158. The Olsen Gang Sees Red,https://www.imdb.com/title/tt0075002/?ref_=sr_t_158,1976,1h 40m,Not Rated,7.7,2.5K
159. Harlan County U.S.A.,https://www.imdb.com/title/tt0074605/?ref_=sr_t_159,1976,1h 43m,PG,8.2,6.9K
160. Cría Cuervos,https://www.imdb.com/title/tt0074360/?ref_=sr_t_160,1976,1h 45m,PG,7.9,12K
161. My Father's Wife,https://www.imdb.com/title/tt0074909/?ref_=sr_t_161,1976,1h 32m,Not Rated,4.7,253
162. The Monkey Hu$tle,https://www.imdb.com/title/tt0076404/?ref_=sr_t_162,1976,1h 30m,PG,5.2,503
163. Things to Come,https://www.imdb.com/title/tt3916196/?ref_=sr_t_163,1976,1h 37m,R,4.5,220
164. The Legend of the Wolf Woman,https://www.imdb.com/title/tt0074829/?ref_=sr_t_164,1976,1h 19m,R,5.0,1.5K
165. Embryo,https://www.imdb.com/title/tt0074475/?ref_=sr_t_165,1976,1h 44m,PG,5.1,1.8K
166. Dog Lay Afternoon,https://www.imdb.com/title/tt0074201/?ref_=sr_t_166,1976,1h 15m,Unrated,4.7,493
167. Shaolin Wooden Men,https://www.imdb.com/title/tt0075201/?ref_=sr_t_167,1976,1h 38m,,6.3,3K
"168. Buffalo Bill and the Indians, or Sitting Bull's History Lesson",https://www.imdb.com/title/tt0074254/?ref_=sr_t_168,1976,2h 3m,PG,6.1,5.4K
169. God's Gun,https://www.imdb.com/title/tt0074575/?ref_=sr_t_169,1976,1h 34m,R,5.0,1.7K
170. Schoolgirl Report 10: Every Girl Starts Sometime,https://www.imdb.com/title/tt0075172/?ref_=sr_t_170,1976,1h 20m,R,3.9,291
171. Chesty Anderson U.S. Navy,https://www.imdb.com/title/tt0074308/?ref_=sr_t_171,1976,1h 28m,R,4.1,177
172. Vigilante Force,https://www.imdb.com/title/tt0075393/?ref_=sr_t_172,1976,1h 29m,PG,5.2,1.1K
173. Black Shampoo,https://www.imdb.com/title/tt0074214/?ref_=sr_t_173,1976,1h 25m,R,4.7,1K
174. Chess of the Wind,https://www.imdb.com/title/tt0318069/?ref_=sr_t_174,1976,1h 39m,Not Rated,7.3,1.9K
175. La pretora,https://www.imdb.com/title/tt0075101/?ref_=sr_t_175,1976,1h 38m,,5.6,495
176. Baby Blue Marine,https://www.imdb.com/title/tt0074173/?ref_=sr_t_176,1976,1h 30m,PG,6.1,718
177. Black Velvet,https://www.imdb.com/title/tt0075766/?ref_=sr_t_177,1976,1h 25m,R,4.3,586
178. The Shaggy D.A.,https://www.imdb.com/title/tt0075200/?ref_=sr_t_178,1976,1h 31m,G,5.8,3.5K
179. Familien Gyldenkål sprænger banken,https://www.imdb.com/title/tt0074511/?ref_=sr_t_179,1976,1h 20m,,5.4,302
180. The Next Man,https://www.imdb.com/title/tt0074962/?ref_=sr_t_180,1976,1h 48m,R,4.8,867
181. Carry on England,https://www.imdb.com/title/tt0074286/?ref_=sr_t_181,1976,1h 29m,Not Rated,4.0,2.3K
182. The Savage Killers,https://www.imdb.com/title/tt0075167/?ref_=sr_t_182,1976,1h 24m,,6.0,273
183. The Devil's Men,https://www.imdb.com/title/tt0074769/?ref_=sr_t_183,1976,1h 28m,PG,4.2,1.9K
184. A Matter of Time,https://www.imdb.com/title/tt0074878/?ref_=sr_t_184,1976,1h 37m,PG,5.1,797
185. Pure as a Lily,https://www.imdb.com/title/tt0074332/?ref_=sr_t_185,1976,1h 40m,,4.6,156
186. Welcome to L.A.,https://www.imdb.com/title/tt0076910/?ref_=sr_t_186,1976,1h 46m,R,5.8,1.2K
187. The Swiss Conspiracy,https://www.imdb.com/title/tt0073774/?ref_=sr_t_187,1976,1h 29m,PG,5.0,550
188. Deep Jaws,https://www.imdb.com/title/tt0124361/?ref_=sr_t_188,1976,1h 29m,Unrated,4.6,224
189. Chhoti Si Baat,https://www.imdb.com/title/tt0072777/?ref_=sr_t_189,1976,2h 3m,,8.3,4.7K
190. The Little Mermaid,https://www.imdb.com/title/tt0074846/?ref_=sr_t_190,1976,1h 24m,,7.1,920
191. J.D.'s Revenge,https://www.imdb.com/title/tt0074703/?ref_=sr_t_191,1976,1h 36m,R,6.0,1.5K
192. Street People,https://www.imdb.com/title/tt0074494/?ref_=sr_t_192,1976,1h 32m,R,5.3,1K
193. The House by the Lake,https://www.imdb.com/title/tt0075922/?ref_=sr_t_193,1976,1h 27m,R,6.0,1.4K
194. Intimate Games,https://www.imdb.com/title/tt0074689/?ref_=sr_t_194,1976,1h 30m,R,4.8,284
195. Jack the Ripper,https://www.imdb.com/title/tt0074408/?ref_=sr_t_195,1976,1h 27m,R,5.3,2K
196. Nickelodeon,https://www.imdb.com/title/tt0074964/?ref_=sr_t_196,1976,2h 1m,PG,6.2,2.9K
197. Femmes Fatales,https://www.imdb.com/title/tt0074524/?ref_=sr_t_197,1976,1h 42m,Not Rated,6.4,1.5K
198. Nicole,https://www.imdb.com/title/tt0069136/?ref_=sr_t_198,1976,1h 31m,Not Rated,3.4,175
199. Swedish Nympho Slaves,https://www.imdb.com/title/tt0193510/?ref_=sr_t_199,1976,1h 10m,R,4.4,486
200. Tosun Pasha,https://www.imdb.com/title/tt0253828/?ref_=sr_t_200,1976,1h 30m,,8.9,25K
201. News from Home,https://www.imdb.com/title/tt0076452/?ref_=sr_t_201,1976,1h 29m,,7.3,3.1K
202. Breaking Point,https://www.imdb.com/title/tt0074238/?ref_=sr_t_202,1976,1h 32m,R,5.5,359
203. Emma Mae,https://www.imdb.com/title/tt0074477/?ref_=sr_t_203,1976,1h 40m,R,6.2,514
204. The Bawdy Adventures of Tom Jones,https://www.imdb.com/title/tt0074189/?ref_=sr_t_204,1976,1h 34m,R,4.4,184
205. Beatriz,https://www.imdb.com/title/tt0074191/?ref_=sr_t_205,1976,1h 25m,,5.4,303
206. Heart of Glass,https://www.imdb.com/title/tt0074626/?ref_=sr_t_206,1976,1h 34m,Not Rated,6.8,6.8K
207. H-Bomb,https://www.imdb.com/title/tt0067171/?ref_=sr_t_207,1976,1h 38m,,5.5,71
208. Eat My Dust,https://www.imdb.com/title/tt0074454/?ref_=sr_t_208,1976,1h 29m,PG,5.4,1.1K
209. Laure,https://www.imdb.com/title/tt0073271/?ref_=sr_t_209,1976,1h 35m,R,4.4,377
210. The People Who Own the Dark,https://www.imdb.com/title/tt0073550/?ref_=sr_t_210,1976,1h 22m,R,5.6,560
211. The Clown Murders,https://www.imdb.com/title/tt0072792/?ref_=sr_t_211,1976,1h 36m,Not Rated,3.7,510
212. Midnight Party,https://www.imdb.com/title/tt0072793/?ref_=sr_t_212,1976,1h 34m,,4.5,304
213. Velvet Smooth,https://www.imdb.com/title/tt0195379/?ref_=sr_t_213,1976,1h 33m,R,3.3,378
214. The Muthers,https://www.imdb.com/title/tt0074941/?ref_=sr_t_214,1976,1h 23m,R,4.9,897
215. Trackdown,https://www.imdb.com/title/tt0075344/?ref_=sr_t_215,1976,1h 38m,R,6.1,609
216. Tunnel Vision,https://www.imdb.com/title/tt0075357/?ref_=sr_t_216,1976,1h 10m,R,5.0,813
"217. No Deposit, No Return",https://www.imdb.com/title/tt0074968/?ref_=sr_t_217,1976,1h 52m,G,6.3,1.7K
218. The Front,https://www.imdb.com/title/tt0074554/?ref_=sr_t_218,1976,1h 35m,PG,7.3,9.8K
219. New Fist of Fury,https://www.imdb.com/title/tt0075439/?ref_=sr_t_219,1976,2h,R,5.5,1.9K
220. Mad Dog Morgan,https://www.imdb.com/title/tt0074836/?ref_=sr_t_220,1976,1h 42m,R,6.1,1.9K
221. Meatcleaver Massacre,https://www.imdb.com/title/tt0076380/?ref_=sr_t_221,1976,1h 25m,R,3.7,875
222. Won Ton Ton: The Dog Who Saved Hollywood,https://www.imdb.com/title/tt0075436/?ref_=sr_t_222,1976,1h 32m,PG,4.8,789
223. The Last Victim,https://www.imdb.com/title/tt0087282/?ref_=sr_t_223,1976,1h 23m,R,3.8,571
224. Kenny & Company,https://www.imdb.com/title/tt0074739/?ref_=sr_t_224,1976,1h 30m,PG,7.1,852
"225. Oh, My Beautiful Stepmother",https://www.imdb.com/title/tt0131509/?ref_=sr_t_225,1976,1h 37m,,4.7,94
226. The Strange Hostel of Naked Pleasures,https://www.imdb.com/title/tt0074499/?ref_=sr_t_226,1976,1h 21m,,4.7,374
227. Mandinga,https://www.imdb.com/title/tt0074855/?ref_=sr_t_227,1976,1h 26m,R,3.5,248
228. Deported Women of the SS Special Section,https://www.imdb.com/title/tt0074395/?ref_=sr_t_228,1976,1h 38m,X,4.4,600
229. Allegro non troppo,https://www.imdb.com/title/tt0074121/?ref_=sr_t_229,1976,1h 15m,PG,7.4,3.3K
230. The Ritz,https://www.imdb.com/title/tt0075144/?ref_=sr_t_230,1976,1h 31m,R,6.8,2.8K
231. St. Ives,https://www.imdb.com/title/tt0075263/?ref_=sr_t_231,1976,1h 34m,PG,6.2,2.9K
232. Johan,https://www.imdb.com/title/tt0222067/?ref_=sr_t_232,1976,1h 21m,Unrated,5.6,391
233. Sasquatch: The Legend of Bigfoot,https://www.imdb.com/title/tt0078203/?ref_=sr_t_233,1976,1h 35m,G,5.0,846
234. L'adolescente,https://www.imdb.com/title/tt0074093/?ref_=sr_t_234,1976,1h 32m,,6.0,131
235. The Great Scout & Cathouse Thursday,https://www.imdb.com/title/tt0074588/?ref_=sr_t_235,1976,1h 42m,PG,6.1,1.8K
236. Body of My Enemy,https://www.imdb.com/title/tt0074348/?ref_=sr_t_236,1976,1h 56m,,6.6,2.5K
"237. Private Vices, Public Virtues",https://www.imdb.com/title/tt0073869/?ref_=sr_t_237,1976,1h 44m,,5.6,914
"238. Dr. Black, Mr. Hyde",https://www.imdb.com/title/tt0074430/?ref_=sr_t_238,1976,1h 27m,R,5.2,646
239. Special Delivery,https://www.imdb.com/title/tt0075250/?ref_=sr_t_239,1976,1h 39m,PG,6.1,527
240. Dracula and Son,https://www.imdb.com/title/tt0079075/?ref_=sr_t_240,1976,1h 18m,PG,5.4,864
241. The Return of a Man Called Horse,https://www.imdb.com/title/tt0075132/?ref_=sr_t_241,1976,2h 9m,PG,6.1,2.1K
242. El niño y la estrella,https://www.imdb.com/title/tt0251900/?ref_=sr_t_242,1976,1h 38m,,8.2,82
243. A Young Emmanuelle,https://www.imdb.com/title/tt0077979/?ref_=sr_t_243,1976,1h 43m,,5.7,365
244. The Human Tornado,https://www.imdb.com/title/tt0074653/?ref_=sr_t_244,1976,1h 36m,R,6.0,2K
245. Ôzora no samurai,https://www.imdb.com/title/tt0074370/?ref_=sr_t_245,1976,1h 42m,,6.8,74
246. Death Has Blue Eyes,https://www.imdb.com/title/tt0236397/?ref_=sr_t_246,1976,1h 30m,Not Rated,4.5,1.4K
247. Across the Great Divide,https://www.imdb.com/title/tt0075629/?ref_=sr_t_247,1976,1h 40m,G,6.4,888
248. Emmanuelle on Taboo Island,https://www.imdb.com/title/tt0074479/?ref_=sr_t_248,1976,1h 28m,R,3.6,379
249. The Watcher in the Attic,https://www.imdb.com/title/tt0228255/?ref_=sr_t_249,1976,1h 16m,,5.8,512
250. Born for Hell,https://www.imdb.com/title/tt0211971/?ref_=sr_t_250,1976,1h 32m,Unrated,5.2,1.1K
251. The Duchess and the Dirtwater Fox,https://www.imdb.com/title/tt0074441/?ref_=sr_t_251,1976,1h 43m,PG,5.7,2.1K
252. The Con Artists,https://www.imdb.com/title/tt0076101/?ref_=sr_t_252,1976,1h 45m,PG,7.3,4.7K
253. Under the Doctor,https://www.imdb.com/title/tt0183943/?ref_=sr_t_253,1976,1h 24m,,4.2,158
254. La figliastra (Storia di corna e di passione),https://www.imdb.com/title/tt0074530/?ref_=sr_t_254,1976,1h 28m,,4.8,104
255. The Bingo Long Traveling All-Stars & Motor Kings,https://www.imdb.com/title/tt0074207/?ref_=sr_t_255,1976,1h 50m,PG,6.8,2.4K
256. Nashville Girl,https://www.imdb.com/title/tt0074954/?ref_=sr_t_256,1976,1h 31m,R,6.0,337
257. The Confessional,https://www.imdb.com/title/tt0072813/?ref_=sr_t_257,1976,1h 44m,R,6.4,1.4K
258. Teenage Emanuelle,https://www.imdb.com/title/tt0072987/?ref_=sr_t_258,1976,1h 21m,X,4.6,217
259. Snatch,https://www.imdb.com/title/tt0126559/?ref_=sr_t_259,1976,1h 30m,,5.6,586
260. Redneck Miller,https://www.imdb.com/title/tt0314567/?ref_=sr_t_260,1976,1h 25m,R,6.1,70
261. The Rites of May,https://www.imdb.com/title/tt0256106/?ref_=sr_t_261,1976,1h 45m,,6.7,558
262. The Last Hard Men,https://www.imdb.com/title/tt0074776/?ref_=sr_t_262,1976,1h 38m,R,6.2,2.7K
263. Olsenbanden for full musikk,https://www.imdb.com/title/tt0132382/?ref_=sr_t_263,1976,1h 31m,,6.9,1.1K
264. Il medico... la studentessa,https://www.imdb.com/title/tt0128338/?ref_=sr_t_264,1976,1h 35m,,4.4,140
265. Sky Riders,https://www.imdb.com/title/tt0075229/?ref_=sr_t_265,1976,1h 31m,PG,5.9,1.2K
266. Shaolin Temple,https://www.imdb.com/title/tt0075202/?ref_=sr_t_266,1976,2h 6m,Not Rated,6.8,1.4K
267. The Inugami Family,https://www.imdb.com/title/tt0074691/?ref_=sr_t_267,1976,2h 26m,,7.1,1.2K
268. Black Emanuelle 2,https://www.imdb.com/title/tt0074474/?ref_=sr_t_268,1976,1h 31m,,4.1,361
269. Keoma,https://www.imdb.com/title/tt0074740/?ref_=sr_t_269,1976,1h 45m,R,7.0,6.4K
270. Queen of the Gypsies,https://www.imdb.com/title/tt0073781/?ref_=sr_t_270,1976,1h 41m,,7.3,1.9K
271. School Days,https://www.imdb.com/title/tt0075106/?ref_=sr_t_271,1976,1h 28m,R,4.4,208
272. Fantozzi 2,https://www.imdb.com/title/tt0075178/?ref_=sr_t_272,1976,1h 50m,,7.7,4.7K
273. Madame Is Served,https://www.imdb.com/title/tt0081296/?ref_=sr_t_273,1976,1h 45m,,4.8,123
274. Assault! Jack the Ripper,https://www.imdb.com/title/tt0237045/?ref_=sr_t_274,1976,1h 12m,,6.1,583
275. C.B. Hustlers,https://www.imdb.com/title/tt0310837/?ref_=sr_t_275,1976,1h 25m,R,3.3,365
276. Laila Majnu,https://www.imdb.com/title/tt0266712/?ref_=sr_t_276,1976,2h 20m,,6.6,387
277. Harry and Walter Go to New York,https://www.imdb.com/title/tt0074608/?ref_=sr_t_277,1976,1h 55m,PG,5.4,1.3K
278. End Play,https://www.imdb.com/title/tt0072938/?ref_=sr_t_278,1976,1h 20m,,6.3,273
279. Storm Boy,https://www.imdb.com/title/tt0076767/?ref_=sr_t_279,1976,1h 28m,Not Rated,6.9,1.6K
280. Don's Party,https://www.imdb.com/title/tt0074422/?ref_=sr_t_280,1976,1h 30m,Not Rated,6.8,1.6K
281. Bloodlust,https://www.imdb.com/title/tt0074920/?ref_=sr_t_281,1976,1h 30m,,5.5,621
282. La ley del monte,https://www.imdb.com/title/tt0308503/?ref_=sr_t_282,1976,1h 55m,PG,6.9,129
283. Survive!,https://www.imdb.com/title/tt0075290/?ref_=sr_t_283,1976,1h 51m,R,5.7,799
284. Little Girl... Big Tease,https://www.imdb.com/title/tt0125837/?ref_=sr_t_284,1976,1h 26m,R,5.1,112
285. Who Can Kill a Child?,https://www.imdb.com/title/tt0075462/?ref_=sr_t_285,1976,1h 52m,R,7.2,8.3K
286. Pardon Mon Affaire,https://www.imdb.com/title/tt0076852/?ref_=sr_t_286,1976,1h 45m,PG,7.0,2.6K
287. The Foster Brothers,https://www.imdb.com/title/tt0253779/?ref_=sr_t_287,1976,1h 20m,,8.8,22K
288. Rattlers,https://www.imdb.com/title/tt0073609/?ref_=sr_t_288,1976,1h 22m,PG,4.1,1.1K
289. The Nude Princess,https://www.imdb.com/title/tt0134906/?ref_=sr_t_289,1976,1h 34m,,4.7,219
290. Slumber Party '57,https://www.imdb.com/title/tt0076726/?ref_=sr_t_290,1976,1h 29m,R,4.1,229
291. Not a Pretty Picture,https://www.imdb.com/title/tt0073467/?ref_=sr_t_291,1976,1h 23m,Not Rated,7.3,157
292. Treasure of Matecumbe,https://www.imdb.com/title/tt0075347/?ref_=sr_t_292,1976,1h 57m,G,6.1,1K
293. Mako: The Jaws of Death,https://www.imdb.com/title/tt0074845/?ref_=sr_t_293,1976,1h 26m,PG,4.3,1.1K
294. Killer Force,https://www.imdb.com/title/tt0073241/?ref_=sr_t_294,1976,1h 42m,R,5.5,792
295. Rape,https://www.imdb.com/title/tt0074401/?ref_=sr_t_295,1976,1h 31m,,5.1,109
296. Canoa: A Shameful Memory,https://www.imdb.com/title/tt0131335/?ref_=sr_t_296,1976,1h 55m,Not Rated,7.8,2K
297. Vengeance,https://www.imdb.com/title/tt0076261/?ref_=sr_t_297,1976,1h 34m,R,5.0,677
298. Hot Stuff,https://www.imdb.com/title/tt0075045/?ref_=sr_t_298,1976,1h 30m,,5.9,349
299. I'm Not Feeling Myself Tonight,https://www.imdb.com/title/tt0212237/?ref_=sr_t_299,1976,1h 24m,,4.4,111
300. Yakuza Graveyard,https://www.imdb.com/title/tt0075441/?ref_=sr_t_300,1976,1h 37m,Not Rated,7.1,1K
301. The Student Body,https://www.imdb.com/title/tt0075278/?ref_=sr_t_301,1976,1h 23m,R,4.6,229
302. Plot of Fear,https://www.imdb.com/title/tt0074451/?ref_=sr_t_302,1976,1h 38m,Not Rated,6.0,923
303. Illustrious Corpses,https://www.imdb.com/title/tt0074262/?ref_=sr_t_303,1976,2h,PG,7.3,2.9K
304. Drive in Massacre,https://www.imdb.com/title/tt0074434/?ref_=sr_t_304,1976,1h 14m,R,3.7,2.2K
305. Apache Woman,https://www.imdb.com/title/tt0168687/?ref_=sr_t_305,1976,1h 30m,,5.1,385
306. L'Agnese va a morire,https://www.imdb.com/title/tt0074100/?ref_=sr_t_306,1976,2h 15m,,7.0,153
307. Duelle,https://www.imdb.com/title/tt0074443/?ref_=sr_t_307,1976,2h 1m,Not Rated,6.9,1.9K
"308. Goodbye, Norma Jean",https://www.imdb.com/title/tt0074581/?ref_=sr_t_308,1976,1h 35m,R,3.4,400
309. Find the Lady,https://www.imdb.com/title/tt0074532/?ref_=sr_t_309,1976,1h 40m,Not Rated,4.1,409
310. Passion Plantation,https://www.imdb.com/title/tt0074471/?ref_=sr_t_310,1976,1h 22m,R,3.7,227
311. Il solco di pesca,https://www.imdb.com/title/tt0147523/?ref_=sr_t_311,1976,1h 32m,,4.3,194
312. The Inheritance,https://www.imdb.com/title/tt0074487/?ref_=sr_t_312,1976,2h,R,7.0,1K
313. Train in the Snow,https://www.imdb.com/title/tt0076893/?ref_=sr_t_313,1976,1h 24m,,7.8,1.3K
314. Game of Seduction,https://www.imdb.com/title/tt0075369/?ref_=sr_t_314,1976,1h 29m,,5.1,198
315. SS Experiment Love Camp,https://www.imdb.com/title/tt0074768/?ref_=sr_t_315,1976,1h 34m,Not Rated,3.5,1.4K
316. The Littlest Horse Thieves,https://www.imdb.com/title/tt0076320/?ref_=sr_t_316,1976,1h 44m,G,6.9,473
317. Track of the Moon Beast,https://www.imdb.com/title/tt0075343/?ref_=sr_t_317,1976,1h 30m,PG,2.3,3.9K
318. Protect and Survive,https://www.imdb.com/title/tt1863356/?ref_=sr_t_318,1976,1h 6m,,6.9,54
"319. Live Like a Cop, Die Like a Man",https://www.imdb.com/title/tt0075375/?ref_=sr_t_319,1976,1h 34m,Not Rated,6.5,1.7K
320. Bewitched,https://www.imdb.com/title/tt0122055/?ref_=sr_t_320,1976,1h 19m,,5.1,203
321. Chalte Chalte,https://www.imdb.com/title/tt0360463/?ref_=sr_t_321,1976,1h 40m,,6.1,83
322. Càlamo,https://www.imdb.com/title/tt0159317/?ref_=sr_t_322,1976,1h 47m,,5.1,61
323. Incesto,https://www.imdb.com/title/tt0191200/?ref_=sr_t_323,1976,1h 38m,,8.2,29
324. The Yum Yum Girls,https://www.imdb.com/title/tt0075451/?ref_=sr_t_324,1976,1h 29m,R,4.3,154
325. The Children of Violent Rome,https://www.imdb.com/title/tt0198960/?ref_=sr_t_325,1976,1h 26m,,5.0,133
326. The Hand of Death,https://www.imdb.com/title/tt0073694/?ref_=sr_t_326,1976,1h 35m,R,6.0,2.1K
327. Na samote u lesa,https://www.imdb.com/title/tt0074947/?ref_=sr_t_327,1976,1h 32m,,7.7,1.6K
328. La meilleure façon de marcher,https://www.imdb.com/title/tt0074888/?ref_=sr_t_328,1976,1h 25m,Not Rated,7.1,1.7K
"329. Mords pas, on t'aime!",https://www.imdb.com/title/tt0073405/?ref_=sr_t_329,1976,1h 30m,,6.1,87
330. Hera Pheri,https://www.imdb.com/title/tt0073104/?ref_=sr_t_330,1976,2h 44m,Not Rated,6.6,1.2K
331. Hawmps!,https://www.imdb.com/title/tt0074614/?ref_=sr_t_331,1976,1h 53m,G,5.4,388
332. Violent Naples,https://www.imdb.com/title/tt0074952/?ref_=sr_t_332,1976,1h 35m,,7.0,1.2K
333. La segretaria privata di mio padre,https://www.imdb.com/title/tt0075184/?ref_=sr_t_333,1976,1h 40m,,5.2,295
334. In Hell,https://www.imdb.com/title/tt0219058/?ref_=sr_t_334,1976,2h 10m,,5.9,280
335. Manuela,https://www.imdb.com/title/tt0074859/?ref_=sr_t_335,1976,1h 45m,,6.1,113
336. Insiang,https://www.imdb.com/title/tt0077740/?ref_=sr_t_336,1976,1h 35m,TV-14,7.5,2.2K
337. Coup de Grâce,https://www.imdb.com/title/tt0074515/?ref_=sr_t_337,1976,1h 37m,Not Rated,6.9,1.5K
338. The Hunter Will Get You,https://www.imdb.com/title/tt0074123/?ref_=sr_t_338,1976,1h 50m,,6.5,2.6K
339. Scorchy,https://www.imdb.com/title/tt0075174/?ref_=sr_t_339,1976,1h 39m,R,4.8,366
340. Tokugawa onna keibatsu-emaki: Ushi-zaki no kei,https://www.imdb.com/title/tt0367151/?ref_=sr_t_340,1976,1h 20m,,5.5,787
341. The Devil's Playground,https://www.imdb.com/title/tt0074404/?ref_=sr_t_341,1976,1h 47m,,6.8,1.4K
342. The Rat Savior,https://www.imdb.com/title/tt0074701/?ref_=sr_t_342,1976,1h 20m,,6.7,942
343. Kassen stemmer,https://www.imdb.com/title/tt0122568/?ref_=sr_t_343,1976,1h 45m,,5.7,108
344. Nine Months,https://www.imdb.com/title/tt0074744/?ref_=sr_t_344,1976,1h 28m,,6.7,418
345. Karate Killer,https://www.imdb.com/title/tt0080999/?ref_=sr_t_345,1976,1h 34m,PG,4.8,671
346. Et si tu n'en veux pas,https://www.imdb.com/title/tt0166598/?ref_=sr_t_346,1976,1h 31m,,4.9,41
347. The Tough Ones,https://www.imdb.com/title/tt0075152/?ref_=sr_t_347,1976,1h 35m,R,6.9,1.8K
348. Twentieth Century Oz,https://www.imdb.com/title/tt0075030/?ref_=sr_t_348,1976,1h 25m,R,5.6,229
349. Den sommeren jeg fylte 15,https://www.imdb.com/title/tt0075242/?ref_=sr_t_349,1976,1h 38m,,5.9,217
350. Snake Dancer,https://www.imdb.com/title/tt0856816/?ref_=sr_t_350,1976,1h 27m,,5.3,133
351. Moving Violation,https://www.imdb.com/title/tt0074924/?ref_=sr_t_351,1976,1h 31m,PG,5.5,436
352. Foxtrot,https://www.imdb.com/title/tt0073014/?ref_=sr_t_352,1976,1h 31m,R,5.5,407
353. Tough Cop,https://www.imdb.com/title/tt0075352/?ref_=sr_t_353,1976,1h 32m,,6.4,756
354. Liebes Lager,https://www.imdb.com/title/tt0125832/?ref_=sr_t_354,1976,1h 43m,,5.0,83
355. Buffalo Rider,https://www.imdb.com/title/tt0198346/?ref_=sr_t_355,1976,1h 30m,PG,3.7,503
356. Hot Potato,https://www.imdb.com/title/tt0074646/?ref_=sr_t_356,1976,1h 27m,PG,3.8,467
357. The Chaos Class Is Waking Up,https://www.imdb.com/title/tt0252490/?ref_=sr_t_357,1976,1h 34m,,8.7,21K
358. Une femme à sa fenêtre,https://www.imdb.com/title/tt0075370/?ref_=sr_t_358,1976,1h 50m,,6.1,674
359. Mustang Country,https://www.imdb.com/title/tt0074940/?ref_=sr_t_359,1976,1h 19m,G,6.1,331
360. Aaram Haram Aahe!,https://www.imdb.com/title/tt1219307/?ref_=sr_t_360,1976,,,8.8,20
361. Soldier of Fortune,https://www.imdb.com/title/tt0073726/?ref_=sr_t_361,1976,1h 51m,,6.2,2.2K
362. L'affittacamere,https://www.imdb.com/title/tt0074097/?ref_=sr_t_362,1976,1h 40m,,4.8,184
363. Echoes of a Summer,https://www.imdb.com/title/tt0074459/?ref_=sr_t_363,1976,1h 39m,PG,6.4,503
364. Misty,https://www.imdb.com/title/tt0277899/?ref_=sr_t_364,1976,1h 40m,,5.9,120
365. Dark August,https://www.imdb.com/title/tt0074372/?ref_=sr_t_365,1976,1h 27m,PG,5.1,750
366. Acapulco Gold,https://www.imdb.com/title/tt0077118/?ref_=sr_t_366,1976,1h 45m,PG,4.6,194
367. La dottoressa del distretto militare,https://www.imdb.com/title/tt0074426/?ref_=sr_t_367,1976,1h 45m,,4.4,346
368. Do Anjaane,https://www.imdb.com/title/tt0074417/?ref_=sr_t_368,1976,2h 35m,Not Rated,6.7,508
369. La clinica dell'amore,https://www.imdb.com/title/tt0074321/?ref_=sr_t_369,1976,1h 33m,,5.0,30
370. I prosseneti,https://www.imdb.com/title/tt0196025/?ref_=sr_t_370,1976,1h 40m,,4.7,89
371. The Desert of the Tartars,https://www.imdb.com/title/tt0074400/?ref_=sr_t_371,1976,2h 20m,PG,7.5,2.7K
372. The Keeper,https://www.imdb.com/title/tt0074737/?ref_=sr_t_372,1976,1h 28m,Not Rated,4.4,220
373. The Magic Blade,https://www.imdb.com/title/tt0075329/?ref_=sr_t_373,1976,1h 26m,Not Rated,7.0,929
374. Las poquianchis (De los pormenores y otros sucedidos del dominio público que acontecieron a las hermanas de triste memoria a quienes la maledicencia así las bautizó),https://www.imdb.com/title/tt0075089/?ref_=sr_t_374,1976,1h 50m,,7.2,447
375. Police Python 357,https://www.imdb.com/title/tt0075082/?ref_=sr_t_375,1976,2h 6m,Not Rated,6.9,2.1K
376. Devil's Express,https://www.imdb.com/title/tt0073031/?ref_=sr_t_376,1976,1h 23m,R,4.9,562
377. Suvi,https://www.imdb.com/title/tt0075292/?ref_=sr_t_377,1976,1h 21m,,7.7,808
378. Cuore di cane,https://www.imdb.com/title/tt0072837/?ref_=sr_t_378,1976,1h 53m,,6.6,388
379. Kabhi Kabhie,https://www.imdb.com/title/tt0074730/?ref_=sr_t_379,1976,2h 57m,Not Rated,7.1,2.5K
380. The Erotic Adventures of Robinson Crusoe,https://www.imdb.com/title/tt0072946/?ref_=sr_t_380,1976,1h 18m,R,4.7,78
381. Marie-poupée,https://www.imdb.com/title/tt0250575/?ref_=sr_t_381,1976,2h,,6.3,378
382. The Blue Light,https://www.imdb.com/title/tt0171121/?ref_=sr_t_382,1976,1h 22m,,6.7,73
383. The Last Concert,https://www.imdb.com/title/tt0189467/?ref_=sr_t_383,1976,1h 34m,R,5.7,175
384. Le jardin des supplices,https://www.imdb.com/title/tt0178654/?ref_=sr_t_384,1976,1h 30m,,5.0,144
385. La professoressa di lingue,https://www.imdb.com/title/tt0134910/?ref_=sr_t_385,1976,1h 35m,,5.4,63
386. The Castaways of Turtle Island,https://www.imdb.com/title/tt0273874/?ref_=sr_t_386,1976,2h 20m,,6.3,341
387. The Liberation of Cherry Janowski,https://www.imdb.com/title/tt0072724/?ref_=sr_t_387,1976,1h 22m,R,4.1,142
388. King of the Doormen,https://www.imdb.com/title/tt0252591/?ref_=sr_t_388,1976,1h 24m,,8.3,14K
"389. Il signor Robinson, mostruosa storia d'amore e d'avventure",https://www.imdb.com/title/tt0076632/?ref_=sr_t_389,1976,1h 47m,,6.6,1.6K
390. Shadow of the Hawk,https://www.imdb.com/title/tt0075199/?ref_=sr_t_390,1976,1h 32m,PG,5.5,678
"391. Young, Violent, Dangerous",https://www.imdb.com/title/tt0074792/?ref_=sr_t_391,1976,1h 40m,Not Rated,6.5,590
392. Like Rabid Dogs,https://www.imdb.com/title/tt0166139/?ref_=sr_t_392,1976,1h 38m,,6.1,473
393. Alex & the Gypsy,https://www.imdb.com/title/tt0074112/?ref_=sr_t_393,1976,1h 40m,R,5.1,277
394. Rulers of the City,https://www.imdb.com/title/tt0076518/?ref_=sr_t_394,1976,1h 25m,R,6.0,1.2K
395. Leadbelly,https://www.imdb.com/title/tt0074781/?ref_=sr_t_395,1976,2h 6m,PG,7.2,924
396. The Loves and Times of Scaramouche,https://www.imdb.com/title/tt0073315/?ref_=sr_t_396,1976,1h 35m,PG,4.0,167
397. Holiday Hookers,https://www.imdb.com/title/tt0125945/?ref_=sr_t_397,1976,1h 37m,R,5.3,113
398. El hombre de los hongos,https://www.imdb.com/title/tt0074636/?ref_=sr_t_398,1976,1h 50m,,5.8,119
399. The Judge and the Assassin,https://www.imdb.com/title/tt0073219/?ref_=sr_t_399,1976,2h 8m,,7.3,2.4K
400. Boomerang,https://www.imdb.com/title/tt0074333/?ref_=sr_t_400,1976,1h 40m,,6.2,751
401. Lullaby of the Earth,https://www.imdb.com/title/tt0143203/?ref_=sr_t_401,1976,1h 51m,,6.9,266
402. Taksi Soförü,https://www.imdb.com/title/tt0281258/?ref_=sr_t_402,1976,1h 20m,,4.9,146
403. Funny People,https://www.imdb.com/title/tt0076061/?ref_=sr_t_403,1976,2h 26m,,6.2,319
404. Mehbooba,https://www.imdb.com/title/tt0268449/?ref_=sr_t_404,1976,2h 14m,,6.5,196
405. Gable and Lombard,https://www.imdb.com/title/tt0074562/?ref_=sr_t_405,1976,2h 11m,R,5.2,669
406. Un enfant dans la foule,https://www.imdb.com/title/tt0073839/?ref_=sr_t_406,1976,1h 25m,,6.9,295
"407. Not Now, Comrade",https://www.imdb.com/title/tt0074977/?ref_=sr_t_407,1976,1h 29m,Not Rated,4.9,228
408. Tracks,https://www.imdb.com/title/tt0075345/?ref_=sr_t_408,1976,1h 32m,R,6.3,627
409. Che dottoressa ragazzi!,https://www.imdb.com/title/tt0074303/?ref_=sr_t_409,1976,1h 28m,,4.3,129
410. East End Hustle,https://www.imdb.com/title/tt0211345/?ref_=sr_t_410,1976,1h 31m,R,4.8,193
"411. Exit the Dragon, Enter the Tiger",https://www.imdb.com/title/tt0074506/?ref_=sr_t_411,1976,1h 24m,R,5.1,442
"412. Pacho, hybský zbojník",https://www.imdb.com/title/tt0073504/?ref_=sr_t_412,1976,1h 31m,,7.9,442
413. La poliziotta fa carriera,https://www.imdb.com/title/tt0073556/?ref_=sr_t_413,1976,1h 30m,,4.9,288
414. Insan Avcisi,https://www.imdb.com/title/tt0184615/?ref_=sr_t_414,1976,1h 27m,,6.3,248
415. A Small Town in Texas,https://www.imdb.com/title/tt0075235/?ref_=sr_t_415,1976,1h 36m,R,5.6,481
416. Blind Rage,https://www.imdb.com/title/tt0077243/?ref_=sr_t_416,1976,1h 20m,R,4.6,428
417. Jonah Who Will Be 25 in the Year 2000,https://www.imdb.com/title/tt0074718/?ref_=sr_t_417,1976,1h 56m,,7.5,1.2K
418. Black Samurai,https://www.imdb.com/title/tt0074213/?ref_=sr_t_418,1976,1h 28m,R,4.7,1.1K
419. The Best,https://www.imdb.com/title/tt0075120/?ref_=sr_t_419,1976,1h 25m,R,4.9,108
420. Cloistered Nun: Runa's Confession,https://www.imdb.com/title/tt0224116/?ref_=sr_t_420,1976,1h 14m,,5.0,259
421. Naughty Girls on the Loose,https://www.imdb.com/title/tt0318674/?ref_=sr_t_421,1976,1h 30m,R,4.3,50
422. 7 Man Army,https://www.imdb.com/title/tt0074170/?ref_=sr_t_422,1976,1h 40m,R,6.2,310
423. The Night of the Askari,https://www.imdb.com/title/tt0074108/?ref_=sr_t_423,1976,1h 37m,R,5.4,343
424. Nobody's Daughter,https://www.imdb.com/title/tt0075463/?ref_=sr_t_424,1976,1h 23m,Unrated,7.7,633
425. Fury of the Dragon,https://www.imdb.com/title/tt0187039/?ref_=sr_t_425,1976,1h 29m,,5.3,310
426. The Hook,https://www.imdb.com/title/tt0235960/?ref_=sr_t_426,1976,1h 33m,,5.7,279
427. Bulunmaz Usak,https://www.imdb.com/title/tt0280505/?ref_=sr_t_427,1976,,,4.7,48
428. Kalicharan,https://www.imdb.com/title/tt0214832/?ref_=sr_t_428,1976,2h 23m,,6.6,330
429. Scandalo in famiglia,https://www.imdb.com/title/tt0147353/?ref_=sr_t_429,1976,1h 28m,,5.9,78
430. Mohabbat Aur Mehangai,https://www.imdb.com/title/tt14332518/?ref_=sr_t_430,1976,,,,
431. Ape,https://www.imdb.com/title/tt0074148/?ref_=sr_t_431,1976,1h 26m,PG,2.6,2.1K
432. The Killer Meteors,https://www.imdb.com/title/tt0074747/?ref_=sr_t_432,1976,1h 44m,PG-13,4.9,1.2K
433. Baker's Hawk,https://www.imdb.com/title/tt0074176/?ref_=sr_t_433,1976,1h 38m,G,5.8,291
434. W.C. Fields and Me,https://www.imdb.com/title/tt0075409/?ref_=sr_t_434,1976,1h 51m,PG,6.1,520
435. The Big Racket,https://www.imdb.com/title/tt0074586/?ref_=sr_t_435,1976,1h 44m,Not Rated,7.1,1.7K
436. The Written Off Return,https://www.imdb.com/title/tt0075094/?ref_=sr_t_436,1976,1h 35m,,8.1,1.2K
"437. Marecek, Pass Me the Pen!",https://www.imdb.com/title/tt0074865/?ref_=sr_t_437,1976,1h 31m,,8.1,2.4K
438. Noroît,https://www.imdb.com/title/tt0074974/?ref_=sr_t_438,1976,2h 25m,Not Rated,6.7,750
"439. Bruce Lee: The Man, the Myth",https://www.imdb.com/title/tt0077850/?ref_=sr_t_439,1976,1h 30m,PG,5.2,503
440. Drei Bayern in Bangkok,https://www.imdb.com/title/tt0072908/?ref_=sr_t_440,1976,1h 12m,R,4.2,126
441. Balika Badhu,https://www.imdb.com/title/tt0237022/?ref_=sr_t_441,1976,1h 51m,Not Rated,7.1,347
442. Eliza Fraser,https://www.imdb.com/title/tt0074466/?ref_=sr_t_442,1976,2h 10m,,5.7,223
443. Crash!,https://www.imdb.com/title/tt0075887/?ref_=sr_t_443,1976,1h 28m,PG,4.8,547
444. Du bout des lèvres,https://www.imdb.com/title/tt0228243/?ref_=sr_t_444,1976,1h 30m,,6.1,36
445. Black and White in Color,https://www.imdb.com/title/tt0074972/?ref_=sr_t_445,1976,1h 30m,PG,6.7,1.8K
446. The Naked Doorwoman,https://www.imdb.com/title/tt0170432/?ref_=sr_t_446,1976,1h 28m,,4.5,71
447. Tomcats,https://www.imdb.com/title/tt0074379/?ref_=sr_t_447,1976,1h 23m,R,5.0,194
448. The Twist,https://www.imdb.com/title/tt0073001/?ref_=sr_t_448,1976,1h 47m,,4.3,370
449. Children,https://www.imdb.com/title/tt0190302/?ref_=sr_t_449,1976,47m,,7.2,606
450. Mado,https://www.imdb.com/title/tt0074840/?ref_=sr_t_450,1976,2h 15m,,6.6,949
451. Seven Nights in Japan,https://www.imdb.com/title/tt0078236/?ref_=sr_t_451,1976,1h 44m,Approved,5.7,280
452. It Shouldn't Happen to a Vet,https://www.imdb.com/title/tt0079353/?ref_=sr_t_452,1976,1h 34m,G,6.4,198
453. The Wackiest Wagon Train in the West,https://www.imdb.com/title/tt0295018/?ref_=sr_t_453,1976,1h 26m,G,3.6,289
454. Heartworn Highways,https://www.imdb.com/title/tt0405963/?ref_=sr_t_454,1976,1h 32m,Not Rated,7.8,976
455. Hopla på sengekanten,https://www.imdb.com/title/tt0073123/?ref_=sr_t_455,1976,1h 23m,,4.8,204
456. Bruce Lee Fights Back from the Grave,https://www.imdb.com/title/tt0074247/?ref_=sr_t_456,1976,1h 24m,R,3.7,422
457. Speeding Naked Till High Noon,https://www.imdb.com/title/tt0319045/?ref_=sr_t_457,1976,1h 45m,,6.2,54
458. Kabeela,https://www.imdb.com/title/tt0367918/?ref_=sr_t_458,1976,,,5.6,33
459. Crypt of Dark Secrets,https://www.imdb.com/title/tt0285490/?ref_=sr_t_459,1976,1h 11m,R,4.5,333
460. Adalat,https://www.imdb.com/title/tt0075632/?ref_=sr_t_460,1976,2h 18m,,6.3,354
461. À nous les petites Anglaises!,https://www.imdb.com/title/tt0073945/?ref_=sr_t_461,1976,1h 45m,,5.3,600
462. Rikki-Tikki-Tavi,https://www.imdb.com/title/tt0073627/?ref_=sr_t_462,1976,1h 18m,,7.6,576
463. The Killer Inside Me,https://www.imdb.com/title/tt0074746/?ref_=sr_t_463,1976,1h 39m,R,5.9,526
464. Liz,https://www.imdb.com/title/tt0074660/?ref_=sr_t_464,1976,1h 39m,,5.3,73
465. Fill 'er Up with Super,https://www.imdb.com/title/tt0075076/?ref_=sr_t_465,1976,1h 37m,,6.6,412
466. Los albañiles,https://www.imdb.com/title/tt0074107/?ref_=sr_t_466,1976,2h 2m,,7.7,266
467. Nagin,https://www.imdb.com/title/tt0074949/?ref_=sr_t_467,1976,3h,,6.1,543
468. Le grand soir,https://www.imdb.com/title/tt0074585/?ref_=sr_t_468,1976,1h 30m,,6.5,43
469. Joshua,https://www.imdb.com/title/tt0074719/?ref_=sr_t_469,1976,1h 30m,R,4.6,456
470. Chitchor,https://www.imdb.com/title/tt0157460/?ref_=sr_t_470,1976,1h 45m,Not Rated,7.5,789
471. Black Magic 2,https://www.imdb.com/title/tt0074211/?ref_=sr_t_471,1976,1h 32m,,6.2,494
472. The Demon Lover,https://www.imdb.com/title/tt0074389/?ref_=sr_t_472,1976,1h 23m,R,3.3,343
473. A Slave of Love,https://www.imdb.com/title/tt0075119/?ref_=sr_t_473,1976,1h 34m,Not Rated,7.3,1.9K
474. Vojnikova ljubav,https://www.imdb.com/title/tt0075400/?ref_=sr_t_474,1976,1h 43m,,6.3,146
475. Dixie Dynamite,https://www.imdb.com/title/tt0074415/?ref_=sr_t_475,1976,1h 28m,PG,5.1,367
476. Tanya,https://www.imdb.com/title/tt0128702/?ref_=sr_t_476,1976,1h 19m,,4.0,135
477. Ba guo lian jun,https://www.imdb.com/title/tt0075031/?ref_=sr_t_477,1976,2h 17m,Not Rated,6.3,244
478. Haunts,https://www.imdb.com/title/tt0076127/?ref_=sr_t_478,1976,1h 37m,PG,4.6,724
479. The Oily Maniac,https://www.imdb.com/title/tt0075001/?ref_=sr_t_479,1976,1h 28m,,5.7,1K
480. Shoot,https://www.imdb.com/title/tt0075212/?ref_=sr_t_480,1976,1h 39m,R,5.8,392
481. I Will... I Will... For Now,https://www.imdb.com/title/tt0074659/?ref_=sr_t_481,1976,1h 47m,R,4.8,282
482. Project: Kill,https://www.imdb.com/title/tt0081382/?ref_=sr_t_482,1976,1h 30m,Not Rated,3.8,418
483. The Big Boss Part II,https://www.imdb.com/title/tt0074204/?ref_=sr_t_483,1976,1h 59m,Not Rated,5.8,138
484. Max Havelaar,https://www.imdb.com/title/tt0074880/?ref_=sr_t_484,1976,2h 50m,PG-13,7.1,1.1K
485. Crazy Sex,https://www.imdb.com/title/tt0074355/?ref_=sr_t_485,1976,1h 26m,,5.7,72
486. Fakira,https://www.imdb.com/title/tt0298327/?ref_=sr_t_486,1976,2h 19m,Not Rated,6.2,126
487. Rivals in Love,https://www.imdb.com/title/tt0292385/?ref_=sr_t_487,1976,1h 38m,R,4.6,47
488. The Shadow Line,https://www.imdb.com/title/tt0075238/?ref_=sr_t_488,1976,1h 40m,,6.3,208
489. My Sex Report: Intensities,https://www.imdb.com/title/tt0287793/?ref_=sr_t_489,1976,1h 11m,,4.5,127
490. Violent Milan,https://www.imdb.com/title/tt0074902/?ref_=sr_t_490,1976,1h 31m,,6.4,334
491. Elvis! Elvis!,https://www.imdb.com/title/tt0074470/?ref_=sr_t_491,1976,1h 41m,,6.3,182
492. The Private Eyes,https://www.imdb.com/title/tt0074179/?ref_=sr_t_492,1976,1h 34m,,7.0,930
"493. Gentlemen, Boys",https://www.imdb.com/title/tt0138690/?ref_=sr_t_493,1976,1h 30m,,7.5,370
494. The Little Mermaid,https://www.imdb.com/title/tt0160801/?ref_=sr_t_494,1976,1h 21m,G,6.9,686
495. Strange Occasion,https://www.imdb.com/title/tt0075114/?ref_=sr_t_495,1976,1h 50m,,6.2,534
"496. Spogliamoci così, senza pudor...",https://www.imdb.com/title/tt0075255/?ref_=sr_t_496,1976,1h 48m,,4.8,216
497. Love at First Sight,https://www.imdb.com/title/tt0071777/?ref_=sr_t_497,1976,1h 25m,PG,5.6,171
498. Moondru Mudichu,https://www.imdb.com/title/tt0154898/?ref_=sr_t_498,1976,2h 11m,Not Rated,7.6,331
499. Return of the 18 Bronzemen,https://www.imdb.com/title/tt0073622/?ref_=sr_t_499,1976,1h 33m,,6.0,265
500. Second Chance,https://www.imdb.com/title/tt0075215/?ref_=sr_t_500,1976,1h 45m,PG,6.2,306
