Title,Movie Link,Year,Duration,MPA,Rating,Votes
1. E.T. the Extra-Terrestrial,https://www.imdb.com/title/tt0083866/?ref_=sr_t_1,1982,1h 55m,PG,7.9,448K
2. Tootsie,https://www.imdb.com/title/tt0084805/?ref_=sr_t_2,1982,1h 56m,PG,7.4,117K
3. An Officer and a Gentleman,https://www.imdb.com/title/tt0084434/?ref_=sr_t_3,1982,2h 4m,R,7.1,64K
4. Rocky III,https://www.imdb.com/title/tt0084602/?ref_=sr_t_4,1982,1h 39m,PG,6.8,217K
5. Star Trek II: The Wrath of Khan,https://www.imdb.com/title/tt0084726/?ref_=sr_t_5,1982,1h 53m,PG,7.7,131K
6. 48 Hrs.,https://www.imdb.com/title/tt0083511/?ref_=sr_t_6,1982,1h 36m,R,6.9,88K
7. Poltergeist,https://www.imdb.com/title/tt0084516/?ref_=sr_t_7,1982,1h 54m,PG,7.3,186K
8. The Best Little Whorehouse in Texas,https://www.imdb.com/title/tt0083642/?ref_=sr_t_8,1982,1h 54m,R,6.1,14K
9. Annie,https://www.imdb.com/title/tt0083564/?ref_=sr_t_9,1982,2h 7m,PG,6.6,51K
10. The Verdict,https://www.imdb.com/title/tt0084855/?ref_=sr_t_10,1982,2h 9m,R,7.7,48K
11. Gandhi,https://www.imdb.com/title/tt0083987/?ref_=sr_t_11,1982,3h 11m,PG,8.0,242K
12. First Blood,https://www.imdb.com/title/tt0083944/?ref_=sr_t_12,1982,1h 33m,R,7.7,284K
13. The Toy,https://www.imdb.com/title/tt0084809/?ref_=sr_t_13,1982,1h 42m,PG,5.8,15K
14. Firefox,https://www.imdb.com/title/tt0083943/?ref_=sr_t_14,1982,2h 16m,PG,5.9,30K
15. The Dark Crystal,https://www.imdb.com/title/tt0083791/?ref_=sr_t_15,1982,1h 33m,PG,7.1,74K
16. Conan the Barbarian,https://www.imdb.com/title/tt0082198/?ref_=sr_t_16,1982,2h 9m,R,6.9,166K
17. The Sword and the Sorcerer,https://www.imdb.com/title/tt0084749/?ref_=sr_t_17,1982,1h 39m,R,5.5,8K
18. Best Friends,https://www.imdb.com/title/tt0083641/?ref_=sr_t_18,1982,1h 56m,PG,5.5,3.3K
19. Friday the 13th: Part 3,https://www.imdb.com/title/tt0083972/?ref_=sr_t_19,1982,1h 35m,R,5.6,63K
20. Richard Pryor: Live on the Sunset Strip,https://www.imdb.com/title/tt0084597/?ref_=sr_t_20,1982,1h 22m,R,7.6,4.5K
21. Tron,https://www.imdb.com/title/tt0084827/?ref_=sr_t_21,1982,1h 36m,PG,6.7,132K
22. Blade Runner,https://www.imdb.com/title/tt0083658/?ref_=sr_t_22,1982,1h 57m,R,8.1,843K
23. Young Doctors in Love,https://www.imdb.com/title/tt0084938/?ref_=sr_t_23,1982,1h 36m,R,5.5,3.5K
24. Sophie's Choice,https://www.imdb.com/title/tt0084707/?ref_=sr_t_24,1982,2h 30m,R,7.5,54K
25. The World According to Garp,https://www.imdb.com/title/tt0084917/?ref_=sr_t_25,1982,2h 16m,R,7.1,30K
26. Victor/Victoria,https://www.imdb.com/title/tt0084865/?ref_=sr_t_26,1982,2h 14m,PG,7.6,24K
27. Airplane II: The Sequel,https://www.imdb.com/title/tt0083530/?ref_=sr_t_27,1982,1h 25m,PG,6.2,58K
28. Fast Times at Ridgemont High,https://www.imdb.com/title/tt0083929/?ref_=sr_t_28,1982,1h 30m,R,7.1,119K
29. Some Kind of Hero,https://www.imdb.com/title/tt0083107/?ref_=sr_t_29,1982,1h 37m,R,5.8,1.8K
30. Pink Floyd: The Wall,https://www.imdb.com/title/tt0084503/?ref_=sr_t_30,1982,1h 35m,R,8.0,87K
31. Things Are Tough All Over,https://www.imdb.com/title/tt0084788/?ref_=sr_t_31,1982,1h 30m,R,5.8,3.8K
32. Night Shift,https://www.imdb.com/title/tt0084412/?ref_=sr_t_32,1982,1h 46m,R,6.5,19K
33. Creepshow,https://www.imdb.com/title/tt0083767/?ref_=sr_t_33,1982,2h,R,6.8,55K
34. The Man from Snowy River,https://www.imdb.com/title/tt0084296/?ref_=sr_t_34,1982,1h 42m,PG,7.2,10K
35. Six Pack,https://www.imdb.com/title/tt0084690/?ref_=sr_t_35,1982,1h 48m,PG,6.0,3.5K
36. My Favorite Year,https://www.imdb.com/title/tt0084370/?ref_=sr_t_36,1982,1h 32m,PG,7.3,11K
37. The Thing,https://www.imdb.com/title/tt0084787/?ref_=sr_t_37,1982,1h 49m,R,8.2,488K
38. Deathtrap,https://www.imdb.com/title/tt0083806/?ref_=sr_t_38,1982,1h 56m,PG,7.0,16K
39. Dead Men Don't Wear Plaid,https://www.imdb.com/title/tt0083798/?ref_=sr_t_39,1982,1h 28m,PG,6.8,24K
40. Zapped!,https://www.imdb.com/title/tt0084945/?ref_=sr_t_40,1982,1h 38m,R,4.9,8.1K
41. They Call Me Bruce,https://www.imdb.com/title/tt0084786/?ref_=sr_t_41,1982,1h 27m,PG,5.6,1.9K
42. Death Wish II,https://www.imdb.com/title/tt0082250/?ref_=sr_t_42,1982,1h 29m,R,6.0,19K
43. Kiss Me Goodbye,https://www.imdb.com/title/tt0084210/?ref_=sr_t_43,1982,1h 41m,PG,5.9,2.5K
44. Grease 2,https://www.imdb.com/title/tt0084021/?ref_=sr_t_44,1982,1h 55m,PG,4.6,39K
45. The Secret of NIMH,https://www.imdb.com/title/tt0084649/?ref_=sr_t_45,1982,1h 22m,G,7.5,47K
46. Halloween III: Season of the Witch,https://www.imdb.com/title/tt0085636/?ref_=sr_t_46,1982,1h 38m,R,5.2,64K
47. Diner,https://www.imdb.com/title/tt0083833/?ref_=sr_t_47,1982,1h 50m,R,7.0,23K
48. The Beastmaster,https://www.imdb.com/title/tt0083630/?ref_=sr_t_48,1982,1h 58m,PG,6.2,26K
49. Missing,https://www.imdb.com/title/tt0084335/?ref_=sr_t_49,1982,2h 2m,PG,7.7,24K
50. The Entity,https://www.imdb.com/title/tt0082334/?ref_=sr_t_50,1982,2h 5m,R,6.7,19K
51. Visiting Hours,https://www.imdb.com/title/tt0083296/?ref_=sr_t_51,1982,1h 43m,R,5.7,5K
52. Vice Squad,https://www.imdb.com/title/tt0084861/?ref_=sr_t_52,1982,1h 37m,R,6.4,3.1K
53. Author! Author!,https://www.imdb.com/title/tt0083598/?ref_=sr_t_53,1982,1h 50m,PG,6.2,5.9K
54. Amityville II: The Possession,https://www.imdb.com/title/tt0083550/?ref_=sr_t_54,1982,1h 44m,R,5.6,13K
55. Monsignor,https://www.imdb.com/title/tt0084351/?ref_=sr_t_55,1982,2h 1m,R,5.1,1K
56. Making Love,https://www.imdb.com/title/tt0084293/?ref_=sr_t_56,1982,1h 53m,R,6.9,3K
57. The Seduction,https://www.imdb.com/title/tt0084652/?ref_=sr_t_57,1982,1h 44m,R,5.0,1.5K
58. The House on Sorority Row,https://www.imdb.com/title/tt0085694/?ref_=sr_t_58,1982,1h 31m,R,5.9,10K
59. Silent Rage,https://www.imdb.com/title/tt0084684/?ref_=sr_t_59,1982,1h 43m,R,5.4,7K
60. Savannah Smiles,https://www.imdb.com/title/tt0084633/?ref_=sr_t_60,1982,1h 45m,PG,7.1,2.3K
61. The Year of Living Dangerously,https://www.imdb.com/title/tt0086617/?ref_=sr_t_61,1982,1h 55m,PG,7.1,24K
62. Class Reunion,https://www.imdb.com/title/tt0084395/?ref_=sr_t_62,1982,1h 24m,R,4.6,2.5K
63. Hanky Panky,https://www.imdb.com/title/tt0084049/?ref_=sr_t_63,1982,1h 50m,PG,5.6,3.2K
64. Shoot the Moon,https://www.imdb.com/title/tt0084675/?ref_=sr_t_64,1982,2h 4m,R,6.8,3.1K
65. A Midsummer Night's Sex Comedy,https://www.imdb.com/title/tt0084329/?ref_=sr_t_65,1982,1h 28m,PG,6.6,21K
66. Trail of the Pink Panther,https://www.imdb.com/title/tt0084814/?ref_=sr_t_66,1982,1h 36m,PG,4.8,12K
67. If You Could See What I Hear,https://www.imdb.com/title/tt0084117/?ref_=sr_t_67,1982,1h 43m,PG,6.8,956
68. Night Crossing,https://www.imdb.com/title/tt0082810/?ref_=sr_t_68,1982,1h 47m,PG,6.5,1.6K
69. The Pirate Movie,https://www.imdb.com/title/tt0084504/?ref_=sr_t_69,1982,1h 38m,PG,5.4,4.9K
70. The Beast Within,https://www.imdb.com/title/tt0083629/?ref_=sr_t_70,1982,1h 38m,R,5.6,4.8K
71. Tex,https://www.imdb.com/title/tt0084783/?ref_=sr_t_71,1982,1h 43m,PG,6.4,2.6K
72. The Missionary,https://www.imdb.com/title/tt0083449/?ref_=sr_t_72,1982,1h 30m,R,6.2,2.8K
73. Cat People,https://www.imdb.com/title/tt0083722/?ref_=sr_t_73,1982,1h 58m,R,6.2,25K
74. I Ought to Be in Pictures,https://www.imdb.com/title/tt0084109/?ref_=sr_t_74,1982,1h 48m,PG,6.1,1.1K
75. Fanny and Alexander,https://www.imdb.com/title/tt0083922/?ref_=sr_t_75,1982,3h 8m,R,8.1,69K
76. Six Weeks,https://www.imdb.com/title/tt0084691/?ref_=sr_t_76,1982,1h 47m,PG,5.6,1.1K
77. Forced Vengeance,https://www.imdb.com/title/tt0083960/?ref_=sr_t_77,1982,1h 30m,R,5.5,3.6K
78. The Last Unicorn,https://www.imdb.com/title/tt0084237/?ref_=sr_t_78,1982,1h 32m,G,7.3,31K
79. The Soldier,https://www.imdb.com/title/tt0084704/?ref_=sr_t_79,1982,1h 28m,R,5.3,1.6K
80. The Border,https://www.imdb.com/title/tt0083678/?ref_=sr_t_80,1982,1h 48m,R,6.4,7.3K
81. Evil Under the Sun,https://www.imdb.com/title/tt0083908/?ref_=sr_t_81,1982,1h 57m,PG,7.0,22K
82. Partners,https://www.imdb.com/title/tt0084477/?ref_=sr_t_82,1982,1h 33m,R,5.3,1.5K
83. Still of the Night,https://www.imdb.com/title/tt0084732/?ref_=sr_t_83,1982,1h 33m,PG,6.0,6.7K
84. The Last American Virgin,https://www.imdb.com/title/tt0084234/?ref_=sr_t_84,1982,1h 32m,R,6.3,10K
85. Megaforce,https://www.imdb.com/title/tt0084316/?ref_=sr_t_85,1982,1h 39m,PG,3.7,4.4K
86. Personal Best,https://www.imdb.com/title/tt0084489/?ref_=sr_t_86,1982,2h 8m,R,6.3,3.3K
87. Paradise,https://www.imdb.com/title/tt0084469/?ref_=sr_t_87,1982,1h 42m,R,4.9,3.1K
88. The Grey Fox,https://www.imdb.com/title/tt0085622/?ref_=sr_t_88,1982,1h 32m,PG,7.3,2.6K
89. Cannery Row,https://www.imdb.com/title/tt0083717/?ref_=sr_t_89,1982,2h,PG,6.6,4.2K
90. Heidi's Song,https://www.imdb.com/title/tt0084060/?ref_=sr_t_90,1982,1h 34m,G,6.2,353
91. Vigilante,https://www.imdb.com/title/tt0084867/?ref_=sr_t_91,1982,1h 30m,R,6.5,4.7K
92. Tempest,https://www.imdb.com/title/tt0084776/?ref_=sr_t_92,1982,2h 20m,PG,6.4,2.8K
93. Summer Lovers,https://www.imdb.com/title/tt0084737/?ref_=sr_t_93,1982,1h 38m,R,5.8,4.6K
94. Honkytonk Man,https://www.imdb.com/title/tt0084088/?ref_=sr_t_94,1982,2h 2m,PG,6.6,9.7K
95. Mortuary,https://www.imdb.com/title/tt0087746/?ref_=sr_t_95,1982,1h 33m,R,5.1,3.1K
96. Let's Spend the Night Together,https://www.imdb.com/title/tt0084242/?ref_=sr_t_96,1982,1h 35m,PG,6.5,798
97. Jekyll and Hyde... Together Again,https://www.imdb.com/title/tt0084171/?ref_=sr_t_97,1982,1h 27m,R,6.1,1.5K
98. La Traviata,https://www.imdb.com/title/tt0084821/?ref_=sr_t_98,1982,1h 49m,G,7.6,1.5K
99. The Return of Martin Guerre,https://www.imdb.com/title/tt0084589/?ref_=sr_t_99,1982,1h 52m,Not Rated,7.4,4.9K
100. Wrong Is Right,https://www.imdb.com/title/tt0084920/?ref_=sr_t_100,1982,1h 57m,R,5.6,2.3K
101. Fighting Back,https://www.imdb.com/title/tt0083936/?ref_=sr_t_101,1982,1h 38m,R,6.0,863
102. Penitentiary II,https://www.imdb.com/title/tt0084485/?ref_=sr_t_102,1982,1h 48m,R,4.4,819
103. The Challenge,https://www.imdb.com/title/tt0083726/?ref_=sr_t_103,1982,1h 48m,R,6.2,2.8K
104. Homework,https://www.imdb.com/title/tt0084084/?ref_=sr_t_104,1982,1h 30m,R,3.4,490
105. Jinxed!,https://www.imdb.com/title/tt0084173/?ref_=sr_t_105,1982,1h 43m,R,4.7,1.3K
106. The Final Option,https://www.imdb.com/title/tt0083941/?ref_=sr_t_106,1982,2h 5m,R,6.4,3.9K
107. It Came from Hollywood,https://www.imdb.com/title/tt0084156/?ref_=sr_t_107,1982,1h 20m,PG,5.8,1.1K
108. The King of Comedy,https://www.imdb.com/title/tt0085794/?ref_=sr_t_108,1982,1h 49m,PG,7.8,124K
109. A Stranger Is Watching,https://www.imdb.com/title/tt0084735/?ref_=sr_t_109,1982,1h 32m,R,5.4,940
110. A Little Sex,https://www.imdb.com/title/tt0084259/?ref_=sr_t_110,1982,1h 35m,R,4.9,622
"111. Yes, Giorgio",https://www.imdb.com/title/tt0084931/?ref_=sr_t_111,1982,1h 50m,PG,3.8,823
112. The Night of the Shooting Stars,https://www.imdb.com/title/tt0084422/?ref_=sr_t_112,1982,1h 47m,R,7.2,4.8K
113. The Draughtsman's Contract,https://www.imdb.com/title/tt0083851/?ref_=sr_t_113,1982,1h 48m,R,7.2,11K
114. Pieces,https://www.imdb.com/title/tt0082748/?ref_=sr_t_114,1982,1h 25m,Not Rated,6.0,13K
115. Barbarosa,https://www.imdb.com/title/tt0083619/?ref_=sr_t_115,1982,1h 30m,PG,6.3,2.2K
116. Koyaanisqatsi,https://www.imdb.com/title/tt0085809/?ref_=sr_t_116,1982,1h 26m,Not Rated,8.2,43K
"117. I, the Jury",https://www.imdb.com/title/tt0084112/?ref_=sr_t_117,1982,1h 51m,R,5.9,1.9K
118. Endangered Species,https://www.imdb.com/title/tt0083885/?ref_=sr_t_118,1982,1h 37m,R,5.8,1.2K
119. Turkey Shoot,https://www.imdb.com/title/tt0082338/?ref_=sr_t_119,1982,1h 20m,R,5.9,4.5K
120. Losin' It,https://www.imdb.com/title/tt0085868/?ref_=sr_t_120,1982,1h 40m,R,4.9,5.4K
"121. Say Amen, Somebody",https://www.imdb.com/title/tt0086245/?ref_=sr_t_121,1982,1h 40m,G,7.7,447
122. The Sender,https://www.imdb.com/title/tt0084658/?ref_=sr_t_122,1982,1h 31m,R,6.0,2.3K
123. Lookin' to Get Out,https://www.imdb.com/title/tt0084268/?ref_=sr_t_123,1982,1h 45m,R,5.1,931
124. Enigma,https://www.imdb.com/title/tt0083891/?ref_=sr_t_124,1982,1h 41m,PG,5.9,1.7K
125. Rendezvous in Paris,https://www.imdb.com/title/tt0176090/?ref_=sr_t_125,1982,1h 44m,,7.2,88
"126. Come Back to the 5 & Dime Jimmy Dean, Jimmy Dean",https://www.imdb.com/title/tt0083745/?ref_=sr_t_126,1982,1h 49m,PG,7.1,5.3K
127. L'étoile du Nord,https://www.imdb.com/title/tt0084962/?ref_=sr_t_127,1982,2h 4m,PG,6.5,641
128. Lonely Hearts,https://www.imdb.com/title/tt0084264/?ref_=sr_t_128,1982,1h 46m,R,6.9,390
129. The House Where Evil Dwells,https://www.imdb.com/title/tt0084096/?ref_=sr_t_129,1982,1h 28m,R,4.5,1.5K
130. Britannia Hospital,https://www.imdb.com/title/tt0083694/?ref_=sr_t_130,1982,1h 51m,R,6.2,3K
131. Monty Python Live at the Hollywood Bowl,https://www.imdb.com/title/tt0084352/?ref_=sr_t_131,1982,1h 21m,R,7.8,16K
132. I'm Dancing as Fast as I Can,https://www.imdb.com/title/tt0084111/?ref_=sr_t_132,1982,1h 47m,R,6.1,591
133. Split Image,https://www.imdb.com/title/tt0084714/?ref_=sr_t_133,1982,1h 50m,R,6.3,1.2K
134. Five Days One Summer,https://www.imdb.com/title/tt0083947/?ref_=sr_t_134,1982,1h 48m,PG,6.1,1.4K
135. The Escape Artist,https://www.imdb.com/title/tt0083900/?ref_=sr_t_135,1982,1h 34m,PG,6.1,916
136. Bugs Bunny's 3rd Movie: 1001 Rabbit Tales,https://www.imdb.com/title/tt0083701/?ref_=sr_t_136,1982,1h 14m,G,7.0,2.3K
137. Movie Madness,https://www.imdb.com/title/tt0082799/?ref_=sr_t_137,1982,1h 29m,R,3.2,1.4K
138. White Dog,https://www.imdb.com/title/tt0084899/?ref_=sr_t_138,1982,1h 30m,PG,7.0,11K
139. The Masters of Time,https://www.imdb.com/title/tt0084315/?ref_=sr_t_139,1982,1h 18m,Not Rated,7.3,6.6K
140. Hammett,https://www.imdb.com/title/tt0085640/?ref_=sr_t_140,1982,1h 37m,PG,6.4,3.8K
141. Cane River,https://www.imdb.com/title/tt0318346/?ref_=sr_t_141,1982,1h 44m,,6.6,351
"142. Ladies and Gentlemen, the Fabulous Stains",https://www.imdb.com/title/tt0082639/?ref_=sr_t_142,1982,1h 27m,R,6.7,3.2K
143. Kamikaze 89,https://www.imdb.com/title/tt0084191/?ref_=sr_t_143,1982,1h 46m,Not Rated,5.8,854
144. The Atomic Cafe,https://www.imdb.com/title/tt0083590/?ref_=sr_t_144,1982,1h 26m,Not Rated,7.6,4.6K
145. Veronika Voss,https://www.imdb.com/title/tt0084654/?ref_=sr_t_145,1982,1h 44m,R,7.6,8K
146. Losing Ground,https://www.imdb.com/title/tt0084269/?ref_=sr_t_146,1982,1h 26m,,6.6,933
147. Fitzcarraldo,https://www.imdb.com/title/tt0083946/?ref_=sr_t_147,1982,2h 38m,PG,8.0,40K
148. Class of 1984,https://www.imdb.com/title/tt0083739/?ref_=sr_t_148,1982,1h 38m,R,6.5,14K
149. The Slumber Party Massacre,https://www.imdb.com/title/tt0084695/?ref_=sr_t_149,1982,1h 17m,R,5.6,19K
150. Love Strange Love,https://www.imdb.com/title/tt0083552/?ref_=sr_t_150,1982,1h 37m,,5.8,1.5K
151. Basket Case,https://www.imdb.com/title/tt0083624/?ref_=sr_t_151,1982,1h 31m,R,6.2,23K
152. Swamp Thing,https://www.imdb.com/title/tt0084745/?ref_=sr_t_152,1982,1h 31m,PG,5.3,17K
153. Santa Claus Is a Stinker,https://www.imdb.com/title/tt0084555/?ref_=sr_t_153,1982,1h 28m,,7.5,11K
154. Tenebrae,https://www.imdb.com/title/tt0084777/?ref_=sr_t_154,1982,1h 41m,R,7.0,29K
155. Sorceress,https://www.imdb.com/title/tt0086340/?ref_=sr_t_155,1982,1h 23m,R,4.4,2.9K
156. Forbidden World,https://www.imdb.com/title/tt0083959/?ref_=sr_t_156,1982,1h 17m,R,5.1,6.7K
157. The Aftermath,https://www.imdb.com/title/tt0083526/?ref_=sr_t_157,1982,1h 35m,Not Rated,4.4,1.1K
158. Querelle,https://www.imdb.com/title/tt0084565/?ref_=sr_t_158,1982,1h 48m,R,6.6,7.9K
159. The New York Ripper,https://www.imdb.com/title/tt0084719/?ref_=sr_t_159,1982,1h 25m,Not Rated,6.3,13K
160. Piranha II: The Spawning,https://www.imdb.com/title/tt0082910/?ref_=sr_t_160,1982,1h 34m,R,3.8,10K
161. Humongous,https://www.imdb.com/title/tt0082537/?ref_=sr_t_161,1982,1h 37m,R,4.8,2.3K
162. For Tor's Sake,https://www.imdb.com/title/tt0203504/?ref_=sr_t_162,1982,1h 22m,,6.4,87
163. Q: The Winged Serpent,https://www.imdb.com/title/tt0084556/?ref_=sr_t_163,1982,1h 33m,R,6.0,10K
164. Parasite,https://www.imdb.com/title/tt0084472/?ref_=sr_t_164,1982,1h 25m,R,4.1,3.2K
165. Xtro,https://www.imdb.com/title/tt0086610/?ref_=sr_t_165,1982,1h 24m,R,5.6,8.4K
166. The Plague Dogs,https://www.imdb.com/title/tt0084509/?ref_=sr_t_166,1982,1h 43m,PG-13,7.7,9.1K
167. Raw Force,https://www.imdb.com/title/tt0084573/?ref_=sr_t_167,1982,1h 26m,R,5.4,2.4K
168. Satan's Baby Doll,https://www.imdb.com/title/tt0080438/?ref_=sr_t_168,1982,1h 15m,Not Rated,4.0,818
169. Liquid Sky,https://www.imdb.com/title/tt0085852/?ref_=sr_t_169,1982,1h 52m,R,6.0,7.2K
170. Identification of a Woman,https://www.imdb.com/title/tt0084116/?ref_=sr_t_170,1982,2h 10m,Not Rated,6.7,3.4K
171. Frances,https://www.imdb.com/title/tt0083967/?ref_=sr_t_171,1982,2h 20m,R,7.2,8.8K
172. Violence in a Women's Prison,https://www.imdb.com/title/tt0084869/?ref_=sr_t_172,1982,1h 30m,R,4.6,1.1K
173. Burden of Dreams,https://www.imdb.com/title/tt0083702/?ref_=sr_t_173,1982,1h 35m,Not Rated,7.9,8.4K
174. Los ritos sexuales del diablo,https://www.imdb.com/title/tt0081432/?ref_=sr_t_174,1982,1h 24m,Not Rated,4.8,1.3K
175. Eating Raoul,https://www.imdb.com/title/tt0083869/?ref_=sr_t_175,1982,1h 30m,R,6.8,9.4K
176. The Beach Girls,https://www.imdb.com/title/tt0083628/?ref_=sr_t_176,1982,1h 31m,R,4.9,1.9K
177. The Jonsson Gang & Dynamite Harry,https://www.imdb.com/title/tt0084189/?ref_=sr_t_177,1982,1h 46m,,6.1,4.3K
178. The Quack,https://www.imdb.com/title/tt0084953/?ref_=sr_t_178,1982,2h 8m,,7.8,3.9K
179. The Concrete Jungle,https://www.imdb.com/title/tt0083755/?ref_=sr_t_179,1982,1h 39m,R,4.8,858
180. The Inconfessable Orgies of Emmanuelle,https://www.imdb.com/title/tt0084449/?ref_=sr_t_180,1982,1h 12m,Unrated,3.7,410
181. Bloodtide,https://www.imdb.com/title/tt0083661/?ref_=sr_t_181,1982,1h 22m,R,4.3,2.7K
182. Julie Darling,https://www.imdb.com/title/tt0084182/?ref_=sr_t_182,1982,1h 30m,R,6.0,888
183. The Dorm That Dripped Blood,https://www.imdb.com/title/tt0082279/?ref_=sr_t_183,1982,1h 28m,R,4.9,2.6K
184. The Black Room,https://www.imdb.com/title/tt0086971/?ref_=sr_t_184,1982,1h 28m,R,4.9,739
185. Next of Kin,https://www.imdb.com/title/tt0084408/?ref_=sr_t_185,1982,1h 29m,Not Rated,6.2,4.6K
186. Girls Nite Out,https://www.imdb.com/title/tt0087336/?ref_=sr_t_186,1982,1h 36m,R,4.9,2.1K
187. The Party 2,https://www.imdb.com/title/tt0083686/?ref_=sr_t_187,1982,1h 49m,,6.2,5.4K
188. Alone in the Dark,https://www.imdb.com/title/tt0083542/?ref_=sr_t_188,1982,1h 32m,R,6.0,7.3K
189. Yol,https://www.imdb.com/title/tt0084934/?ref_=sr_t_189,1982,1h 47m,PG,7.9,15K
190. The Living Dead Girl,https://www.imdb.com/title/tt0084357/?ref_=sr_t_190,1982,1h 30m,Not Rated,5.8,2.7K
191. The Simple-Minded Murderer,https://www.imdb.com/title/tt0083888/?ref_=sr_t_191,1982,1h 48m,,7.5,3.8K
192. One Dark Night,https://www.imdb.com/title/tt0086050/?ref_=sr_t_192,1982,1h 29m,PG,5.6,4K
193. Smithereens,https://www.imdb.com/title/tt0084698/?ref_=sr_t_193,1982,1h 33m,R,6.7,2.8K
194. Nightbeast,https://www.imdb.com/title/tt0086013/?ref_=sr_t_194,1982,1h 21m,R,4.2,2.5K
195. Deadly Games,https://www.imdb.com/title/tt0083803/?ref_=sr_t_195,1982,1h 35m,R,4.0,783
196. Labyrinth of Passion,https://www.imdb.com/title/tt0084228/?ref_=sr_t_196,1982,1h 40m,Not Rated,6.1,4.8K
197. Unhinged,https://www.imdb.com/title/tt0180274/?ref_=sr_t_197,1982,1h 19m,Unrated,4.9,2.1K
198. The Last Horror Film,https://www.imdb.com/title/tt0087592/?ref_=sr_t_198,1982,1h 27m,R,5.6,2.4K
199. The Appointment,https://www.imdb.com/title/tt0082025/?ref_=sr_t_199,1982,1h 30m,,6.2,1.1K
200. 1990: The Bronx Warriors,https://www.imdb.com/title/tt0085124/?ref_=sr_t_200,1982,1h 29m,R,5.2,4.3K
201. Runaway Nightmare,https://www.imdb.com/title/tt0245400/?ref_=sr_t_201,1982,1h 34m,Not Rated,4.4,307
202. Space Adventure Cobra,https://www.imdb.com/title/tt0163494/?ref_=sr_t_202,1982,1h 39m,Not Rated,7.2,2.4K
203. Ator: The Fighting Eagle,https://www.imdb.com/title/tt0085183/?ref_=sr_t_203,1982,1h 38m,PG,3.3,3K
204. Myriam,https://www.imdb.com/title/tt0084372/?ref_=sr_t_204,1982,1h 36m,NC-17,6.7,79
205. Caligula: The Untold Story,https://www.imdb.com/title/tt0082133/?ref_=sr_t_205,1982,1h 32m,Unrated,4.5,1.2K
206. Timerider: The Adventure of Lyle Swann,https://www.imdb.com/title/tt0086443/?ref_=sr_t_206,1982,1h 34m,PG,5.4,2.6K
207. The Slayer,https://www.imdb.com/title/tt0084694/?ref_=sr_t_207,1982,1h 30m,R,5.2,3.2K
208. The Wizard of Oz,https://www.imdb.com/title/tt0084458/?ref_=sr_t_208,1982,1h 18m,Not Rated,6.6,467
209. Hey Good Lookin',https://www.imdb.com/title/tt0084070/?ref_=sr_t_209,1982,1h 16m,R,6.2,1.4K
210. Battletruck,https://www.imdb.com/title/tt0084887/?ref_=sr_t_210,1982,1h 31m,PG,5.0,1.6K
211. Manhattan Baby,https://www.imdb.com/title/tt0084298/?ref_=sr_t_211,1982,1h 29m,Unrated,4.8,3.4K
212. Female Teacher: In Front of the Students,https://www.imdb.com/title/tt0226259/?ref_=sr_t_212,1982,1h 9m,,5.2,261
213. The Best of Sex and Violence,https://www.imdb.com/title/tt0196373/?ref_=sr_t_213,1982,1h 16m,R,5.3,290
214. Pandemonium,https://www.imdb.com/title/tt0084464/?ref_=sr_t_214,1982,1h 22m,PG,5.2,1.6K
215. Due gocce d'acqua salata,https://www.imdb.com/title/tt0169818/?ref_=sr_t_215,1982,1h 32m,,3.9,171
216. Octavia,https://www.imdb.com/title/tt0087828/?ref_=sr_t_216,1982,1h 33m,R,5.0,159
217. Santa Claus Is Coming to Town!,https://www.imdb.com/title/tt0465758/?ref_=sr_t_217,1982,1h 30m,,7.8,193
218. The Forest,https://www.imdb.com/title/tt0122070/?ref_=sr_t_218,1982,1h 25m,R,3.9,1.6K
219. Android,https://www.imdb.com/title/tt0083557/?ref_=sr_t_219,1982,1h 20m,PG,5.8,2.6K
220. Banana Joe,https://www.imdb.com/title/tt0082045/?ref_=sr_t_220,1982,1h 36m,,6.3,9.1K
221. Slapstick of Another Kind,https://www.imdb.com/title/tt0088134/?ref_=sr_t_221,1982,1h 22m,PG,2.5,1.1K
222. Time Walker,https://www.imdb.com/title/tt0084796/?ref_=sr_t_222,1982,1h 23m,PG,3.7,2.3K
223. Maratonci trce pocasni krug,https://www.imdb.com/title/tt0084302/?ref_=sr_t_223,1982,1h 32m,,8.8,17K
224. A Whole Night,https://www.imdb.com/title/tt0084808/?ref_=sr_t_224,1982,1h 30m,,6.9,1.1K
225. Dragon Lord,https://www.imdb.com/title/tt0084266/?ref_=sr_t_225,1982,1h 42m,PG-13,6.3,4.6K
226. Waitress!,https://www.imdb.com/title/tt0083312/?ref_=sr_t_226,1982,1h 28m,R,4.0,662
227. An Ideal Adventure,https://www.imdb.com/title/tt0084634/?ref_=sr_t_227,1982,1h 36m,,5.1,366
228. The Magic Mountain,https://www.imdb.com/title/tt0084946/?ref_=sr_t_228,1982,2h 33m,,6.4,513
229. Demon Rage,https://www.imdb.com/title/tt0083031/?ref_=sr_t_229,1982,1h 38m,R,3.7,674
230. Death Screams,https://www.imdb.com/title/tt0085415/?ref_=sr_t_230,1982,1h 28m,R,4.4,1.3K
231. Ace of Aces,https://www.imdb.com/title/tt0083580/?ref_=sr_t_231,1982,1h 40m,,6.6,4.4K
232. The State of Things,https://www.imdb.com/title/tt0084725/?ref_=sr_t_232,1982,2h 1m,,6.9,3.8K
233. Tag: The Assassination Game,https://www.imdb.com/title/tt0084756/?ref_=sr_t_233,1982,1h 30m,PG,5.8,1K
234. Aphrodite,https://www.imdb.com/title/tt0083572/?ref_=sr_t_234,1982,1h 28m,R,4.3,435
235. Wild Style,https://www.imdb.com/title/tt0084904/?ref_=sr_t_235,1982,1h 22m,R,7.0,3K
236. The Fan,https://www.imdb.com/title/tt0082361/?ref_=sr_t_236,1982,1h 32m,Unrated,6.6,2K
237. Angoor,https://www.imdb.com/title/tt0215517/?ref_=sr_t_237,1982,2h 11m,Not Rated,8.3,6K
238. Passion,https://www.imdb.com/title/tt0084481/?ref_=sr_t_238,1982,1h 28m,R,6.2,2.9K
239. The White Rose,https://www.imdb.com/title/tt0084897/?ref_=sr_t_239,1982,1h 48m,,7.1,1.1K
240. White Rose Campus: Then Everybody Gets Raped,https://www.imdb.com/title/tt0288217/?ref_=sr_t_240,1982,1h 6m,,5.5,238
241. Moonlighting,https://www.imdb.com/title/tt0084354/?ref_=sr_t_241,1982,1h 37m,PG,7.3,3.6K
242. Attila,https://www.imdb.com/title/tt0080393/?ref_=sr_t_242,1982,1h 31m,,6.3,1.8K
243. Mine,https://www.imdb.com/title/tt0263747/?ref_=sr_t_243,1982,1h 24m,,6.6,441
244. Oasis of the Zombies,https://www.imdb.com/title/tt0086486/?ref_=sr_t_244,1982,1h 22m,Unrated,2.7,2.7K
245. Double Exposure,https://www.imdb.com/title/tt0073537/?ref_=sr_t_245,1982,1h 34m,R,4.9,921
246. Inclinación sexual al desnudo,https://www.imdb.com/title/tt0082557/?ref_=sr_t_246,1982,1h 26m,,5.5,58
247. Satyajit Ray,https://www.imdb.com/title/tt0084631/?ref_=sr_t_247,1982,2h 11m,,7.1,133
248. Arth,https://www.imdb.com/title/tt0083578/?ref_=sr_t_248,1982,2h 18m,,7.8,1.6K
249. Superstition,https://www.imdb.com/title/tt0084739/?ref_=sr_t_249,1982,1h 25m,Unrated,5.7,3.5K
250. Appelez-moi Stéphane,https://www.imdb.com/title/tt32335247/?ref_=sr_t_250,1982,1h 30m,,,
251. Sakalakala Vallavan,https://www.imdb.com/title/tt0281157/?ref_=sr_t_251,1982,2h 18m,,6.4,309
252. Girl and the Wooden Horse Torture,https://www.imdb.com/title/tt0286571/?ref_=sr_t_252,1982,1h 8m,,4.7,183
253. Prem Rog,https://www.imdb.com/title/tt0084532/?ref_=sr_t_253,1982,3h 3m,,7.1,1.1K
254. Lusty Discipline in Uniform,https://www.imdb.com/title/tt0419108/?ref_=sr_t_254,1982,1h 2m,,5.4,89
255. Cinq et la peau,https://www.imdb.com/title/tt0163584/?ref_=sr_t_255,1982,1h 35m,,6.7,101
256. Dear Mr. Wonderful,https://www.imdb.com/title/tt0083804/?ref_=sr_t_256,1982,1h 40m,R,4.5,324
257. Ninja in the Dragon's Den,https://www.imdb.com/title/tt0084267/?ref_=sr_t_257,1982,1h 35m,,7.2,2.1K
258. Nutcracker,https://www.imdb.com/title/tt0084425/?ref_=sr_t_258,1982,1h 41m,R,4.3,133
259. Shakti,https://www.imdb.com/title/tt0084667/?ref_=sr_t_259,1982,2h 46m,,7.6,2.5K
260. A Room in Town,https://www.imdb.com/title/tt0084843/?ref_=sr_t_260,1982,1h 30m,Not Rated,6.8,1.7K
261. I'm Looking for a Bed,https://www.imdb.com/title/tt0456616/?ref_=sr_t_261,1982,1h 25m,,4.2,49
262. Nadiya Ke Paar,https://www.imdb.com/title/tt0256951/?ref_=sr_t_262,1982,2h 23m,Not Rated,8.1,1.4K
263. Pals,https://www.imdb.com/title/tt0080554/?ref_=sr_t_263,1982,1h 38m,TV-MA,6.5,745
264. Mansion of the Living Dead,https://www.imdb.com/title/tt0089547/?ref_=sr_t_264,1982,1h 33m,,4.1,847
265. Gräsänklingar,https://www.imdb.com/title/tt0084034/?ref_=sr_t_265,1982,1h 39m,,5.3,803
266. The Treasure Planet,https://www.imdb.com/title/tt0360887/?ref_=sr_t_266,1982,1h 12m,,5.9,215
267. Nikaah,https://www.imdb.com/title/tt0158827/?ref_=sr_t_267,1982,2h 32m,,6.8,318
268. Malamore,https://www.imdb.com/title/tt0128322/?ref_=sr_t_268,1982,1h 39m,,5.5,120
269. Brimstone & Treacle,https://www.imdb.com/title/tt0083693/?ref_=sr_t_269,1982,1h 27m,R,6.4,1.6K
270. Boardinghouse,https://www.imdb.com/title/tt0083670/?ref_=sr_t_270,1982,1h 38m,R,3.8,1.1K
271. Deadly Eyes,https://www.imdb.com/title/tt0083801/?ref_=sr_t_271,1982,1h 27m,R,4.9,1.6K
272. Vividores de mujeres,https://www.imdb.com/title/tt0314854/?ref_=sr_t_272,1982,1h 25m,,4.4,9
273. Hysterical,https://www.imdb.com/title/tt0085704/?ref_=sr_t_273,1982,1h 27m,PG,5.2,943
274. Il paramedico,https://www.imdb.com/title/tt0084471/?ref_=sr_t_274,1982,1h 50m,,5.6,157
275. Invaders of the Lost Gold,https://www.imdb.com/title/tt0123915/?ref_=sr_t_275,1982,1h 30m,Not Rated,3.4,663
276. A Tight Spot,https://www.imdb.com/title/tt0084780/?ref_=sr_t_276,1982,1h 32m,,8.2,3.9K
277. Une glace avec deux boules...,https://www.imdb.com/title/tt0083143/?ref_=sr_t_277,1982,1h 29m,,5.5,89
278. Namak Halaal,https://www.imdb.com/title/tt0084385/?ref_=sr_t_278,1982,2h 51m,,7.2,2.9K
279. The Outcasts,https://www.imdb.com/title/tt0244118/?ref_=sr_t_279,1982,1h 45m,,6.9,111
280. Variola Vera,https://www.imdb.com/title/tt0083275/?ref_=sr_t_280,1982,1h 50m,,8.1,3.1K
281. The Gendarme and the Gendarmettes,https://www.imdb.com/title/tt0083996/?ref_=sr_t_281,1982,1h 42m,,6.2,8.6K
282. Moral,https://www.imdb.com/title/tt0279238/?ref_=sr_t_282,1982,2h 20m,TV-MA,7.6,204
283. Burst City,https://www.imdb.com/title/tt0083609/?ref_=sr_t_283,1982,1h 55m,,6.0,955
284. Le choc,https://www.imdb.com/title/tt0083734/?ref_=sr_t_284,1982,1h 40m,,5.7,1.1K
285. Privileged,https://www.imdb.com/title/tt0084539/?ref_=sr_t_285,1982,1h 36m,,5.2,129
286. Boat People,https://www.imdb.com/title/tt0084807/?ref_=sr_t_286,1982,1h 49m,R,7.6,1.8K
287. Running on Empty,https://www.imdb.com/title/tt0084616/?ref_=sr_t_287,1982,1h 23m,R,5.7,521
288. Centipede Horror,https://www.imdb.com/title/tt0096467/?ref_=sr_t_288,1982,1h 33m,R,5.4,503
289. Passionate Lovers,https://www.imdb.com/title/tt0083545/?ref_=sr_t_289,1982,1h 50m,,3.9,95
290. Messo comunale praticamente spione,https://www.imdb.com/title/tt0077731/?ref_=sr_t_290,1982,1h 30m,,3.6,242
291. Trick or Treats,https://www.imdb.com/title/tt0084825/?ref_=sr_t_291,1982,1h 31m,R,3.9,1.6K
292. Bomber,https://www.imdb.com/title/tt0083675/?ref_=sr_t_292,1982,1h 41m,,6.2,4.5K
293. Fast-Walking,https://www.imdb.com/title/tt0083930/?ref_=sr_t_293,1982,1h 55m,R,6.4,808
294. The Sword of the Barbarians,https://www.imdb.com/title/tt0086238/?ref_=sr_t_294,1982,1h 23m,R,3.8,419
295. The Junkman,https://www.imdb.com/title/tt0084184/?ref_=sr_t_295,1982,1h 36m,PG,5.5,871
296. Mi conejo es el mejor,https://www.imdb.com/title/tt0084326/?ref_=sr_t_296,1982,1h 34m,,4.5,86
297. Soup for One,https://www.imdb.com/title/tt0084708/?ref_=sr_t_297,1982,1h 27m,R,5.5,321
298. Midnight,https://www.imdb.com/title/tt0082744/?ref_=sr_t_298,1982,1h 34m,R,4.9,1.3K
299. Human Highway,https://www.imdb.com/title/tt0084099/?ref_=sr_t_299,1982,1h 28m,Not Rated,5.8,837
300. The Victim,https://www.imdb.com/title/tt1399226/?ref_=sr_t_300,1982,1h 21m,,7.8,10
301. Remembrance,https://www.imdb.com/title/tt0082983/?ref_=sr_t_301,1982,1h 57m,,5.3,217
302. Fake-Out,https://www.imdb.com/title/tt0083914/?ref_=sr_t_302,1982,1h 36m,R,4.6,275
303. Les Misérables,https://www.imdb.com/title/tt0084340/?ref_=sr_t_303,1982,3h 40m,Unrated,7.3,1.1K
"304. Oro, Plata, Mata",https://www.imdb.com/title/tt0086056/?ref_=sr_t_304,1982,3h 14m,TV-MA,7.7,678
305. The Ideon: Be Invoked,https://www.imdb.com/title/tt1015980/?ref_=sr_t_305,1982,1h 38m,TV-MA,7.6,229
306. Starstruck,https://www.imdb.com/title/tt0084728/?ref_=sr_t_306,1982,1h 45m,PG,6.8,1.3K
307. Mother Lode,https://www.imdb.com/title/tt0084359/?ref_=sr_t_307,1982,1h 43m,PG,5.7,1.8K
308. Vieni avanti cretino,https://www.imdb.com/title/tt0167479/?ref_=sr_t_308,1982,1h 38m,,7.1,1.4K
309. Miracle,https://www.imdb.com/title/tt0125144/?ref_=sr_t_309,1982,2h 4m,TV-14,7.9,956
"310. Baker County, U.S.A.",https://www.imdb.com/title/tt0125308/?ref_=sr_t_310,1982,1h 35m,R,5.9,794
311. The Ghost Dance,https://www.imdb.com/title/tt0080787/?ref_=sr_t_311,1982,1h 36m,R,4.4,343
312. Bazaar,https://www.imdb.com/title/tt0246456/?ref_=sr_t_312,1982,2h,Not Rated,7.4,630
313. Grand Hotel Excelsior,https://www.imdb.com/title/tt0084018/?ref_=sr_t_313,1982,1h 55m,,5.8,1.3K
314. Private Popsicle,https://www.imdb.com/title/tt0084629/?ref_=sr_t_314,1982,1h 40m,R,5.4,1.5K
315. Huevos rancheros,https://www.imdb.com/title/tt0257777/?ref_=sr_t_315,1982,1h 25m,,6.1,50
316. The Rape,https://www.imdb.com/title/tt0084569/?ref_=sr_t_316,1982,1h 40m,,7.1,91
317. Calamity of Snakes,https://www.imdb.com/title/tt0100472/?ref_=sr_t_317,1982,1h 26m,,5.6,343
318. Highpoint,https://www.imdb.com/title/tt0080872/?ref_=sr_t_318,1982,1h 28m,PG,4.6,298
319. La casa stregata,https://www.imdb.com/title/tt0161389/?ref_=sr_t_319,1982,1h 35m,,6.1,870
320. Melanie,https://www.imdb.com/title/tt0084318/?ref_=sr_t_320,1982,1h 44m,PG,6.6,295
321. The Scorpion with Two Tails,https://www.imdb.com/title/tt0083585/?ref_=sr_t_321,1982,1h 38m,,4.4,716
322. Bakterion,https://www.imdb.com/title/tt0075035/?ref_=sr_t_322,1982,1h 30m,R,3.5,918
323. Chan Is Missing,https://www.imdb.com/title/tt0083728/?ref_=sr_t_323,1982,1h 16m,Not Rated,7.1,1.9K
324. Begin the Beguine,https://www.imdb.com/title/tt0084874/?ref_=sr_t_324,1982,1h 27m,PG,6.9,1.7K
325. The Comeback Trail,https://www.imdb.com/title/tt0083748/?ref_=sr_t_325,1982,1h 16m,R,6.0,79
326. Female Teacher Hunting,https://www.imdb.com/title/tt0226254/?ref_=sr_t_326,1982,1h 6m,,5.4,83
327. The Girl from Trieste,https://www.imdb.com/title/tt0086165/?ref_=sr_t_327,1982,1h 53m,,6.0,486
328. An Unsuitable Job for a Woman,https://www.imdb.com/title/tt0083263/?ref_=sr_t_328,1982,1h 34m,,5.9,312
329. A Good Marriage,https://www.imdb.com/title/tt0082053/?ref_=sr_t_329,1982,1h 37m,PG,7.0,3.9K
330. The Passerby,https://www.imdb.com/title/tt0084479/?ref_=sr_t_330,1982,1h 50m,Not Rated,6.6,1.2K
331. Madam Scandal: Let Me Die for 10 Seconds,https://www.imdb.com/title/tt0227003/?ref_=sr_t_331,1982,1h 17m,,3.6,128
332. Buddha's Palm,https://www.imdb.com/title/tt0083699/?ref_=sr_t_332,1982,1h 37m,,6.5,417
333. Bingo Bongo,https://www.imdb.com/title/tt0083655/?ref_=sr_t_333,1982,1h 46m,,6.0,2.3K
334. The Flight of the Eagle,https://www.imdb.com/title/tt0084136/?ref_=sr_t_334,1982,2h 20m,,7.2,1.3K
335. Onimasa,https://www.imdb.com/title/tt0163777/?ref_=sr_t_335,1982,2h 26m,,6.8,591
336. Talcum Powder,https://www.imdb.com/title/tt0083680/?ref_=sr_t_336,1982,1h 47m,,6.9,2.7K
337. Five Elements Ninjas,https://www.imdb.com/title/tt0084921/?ref_=sr_t_337,1982,1h 47m,R,7.2,3.3K
338. The Demon,https://www.imdb.com/title/tt0074390/?ref_=sr_t_338,1982,1h 34m,R,3.6,1.1K
339. Scrubbers,https://www.imdb.com/title/tt0086265/?ref_=sr_t_339,1982,1h 33m,R,5.6,592
340. Litan,https://www.imdb.com/title/tt0163716/?ref_=sr_t_340,1982,1h 28m,,6.2,553
341. That Night in Varennes,https://www.imdb.com/title/tt0084423/?ref_=sr_t_341,1982,2h 30m,R,7.2,2.6K
342. Zozzerie di una moglie in calore,https://www.imdb.com/title/tt0201365/?ref_=sr_t_342,1982,,,4.5,12
343. Time Stands Still,https://www.imdb.com/title/tt0082729/?ref_=sr_t_343,1982,1h 39m,,7.5,1.6K
"344. Roda, tsanta kai kopana",https://www.imdb.com/title/tt0201021/?ref_=sr_t_344,1982,1h 36m,,5.9,981
345. Le notti segrete di Lucrezia Borgia,https://www.imdb.com/title/tt0084418/?ref_=sr_t_345,1982,1h 25m,,5.3,69
346. The Shaolin Temple,https://www.imdb.com/title/tt0079891/?ref_=sr_t_346,1982,1h 40m,Not Rated,6.8,4.9K
347. The Fist of Death,https://www.imdb.com/title/tt11562864/?ref_=sr_t_347,1982,1h 37m,,4.7,104
348. Angel,https://www.imdb.com/title/tt0083560/?ref_=sr_t_348,1982,1h 32m,R,6.3,991
349. Les sous-doués en vacances,https://www.imdb.com/title/tt0083110/?ref_=sr_t_349,1982,1h 35m,,4.9,1.7K
350. Ghost Nursing,https://www.imdb.com/title/tt0096474/?ref_=sr_t_350,1982,1h 30m,Not Rated,5.7,144
"351. Karina, Objeto do Prazer",https://www.imdb.com/title/tt0260998/?ref_=sr_t_351,1982,1h 20m,,5.5,107
352. Bankers Also Have Souls,https://www.imdb.com/title/tt0082128/?ref_=sr_t_352,1982,1h 40m,R,6.1,499
353. The Miracle Fighters,https://www.imdb.com/title/tt0084557/?ref_=sr_t_353,1982,1h 40m,,7.0,635
354. Death of Yazdgerd,https://www.imdb.com/title/tt0084304/?ref_=sr_t_354,1982,1h 50m,,8.3,1.3K
355. Shaolin Prince,https://www.imdb.com/title/tt0092855/?ref_=sr_t_355,1982,1h 40m,R,6.9,466
"356. Giovani, belle... probabilmente ricche",https://www.imdb.com/title/tt0083548/?ref_=sr_t_356,1982,1h 28m,,4.6,130
357. Shaukeen,https://www.imdb.com/title/tt0158213/?ref_=sr_t_357,1982,2h 7m,,7.2,558
358. Delitto sull'autostrada,https://www.imdb.com/title/tt0083812/?ref_=sr_t_358,1982,1h 31m,,6.0,420
359. Blood Song,https://www.imdb.com/title/tt0083660/?ref_=sr_t_359,1982,1h 29m,R,4.8,640
360. Island of Blood,https://www.imdb.com/title/tt0229480/?ref_=sr_t_360,1982,1h 22m,Unrated,4.4,690
361. Yeh Vaada Raha,https://www.imdb.com/title/tt0397742/?ref_=sr_t_361,1982,2h 18m,,7.2,398
362. A Pool Without Water,https://www.imdb.com/title/tt0227066/?ref_=sr_t_362,1982,1h 43m,,6.7,630
363. Vidhaata,https://www.imdb.com/title/tt0084866/?ref_=sr_t_363,1982,2h 48m,,6.8,483
364. El lago de las vírgenes,https://www.imdb.com/title/tt0093381/?ref_=sr_t_364,1982,1h 28m,,5.4,76
365. The Man Who Saved the World,https://www.imdb.com/title/tt0182060/?ref_=sr_t_365,1982,1h 31m,,4.3,8.2K
366. Aluga-se Moças,https://www.imdb.com/title/tt0143100/?ref_=sr_t_366,1982,1h 29m,,4.2,71
367. The Hatter's Ghost,https://www.imdb.com/title/tt0083925/?ref_=sr_t_367,1982,2h,,7.1,1.3K
368. That Championship Season,https://www.imdb.com/title/tt0084784/?ref_=sr_t_368,1982,1h 50m,R,6.4,736
369. Splitz,https://www.imdb.com/title/tt0088163/?ref_=sr_t_369,1982,1h 26m,PG-13,4.0,203
370. Otec,https://www.imdb.com/title/tt3579364/?ref_=sr_t_370,1982,1h 25m,,6.1,40
371. Paradis pour tous,https://www.imdb.com/title/tt0084468/?ref_=sr_t_371,1982,1h 50m,,6.6,494
372. The Clairvoyant,https://www.imdb.com/title/tt0087555/?ref_=sr_t_372,1982,1h 37m,R,5.5,750
373. Murder by Phone,https://www.imdb.com/title/tt0081203/?ref_=sr_t_373,1982,1h 35m,R,5.4,955
374. Waidmannsheil im Spitzenhöschen,https://www.imdb.com/title/tt0084882/?ref_=sr_t_374,1982,1h 27m,,4.2,60
375. Batch '81,https://www.imdb.com/title/tt0138317/?ref_=sr_t_375,1982,1h 40m,TV-14,7.3,655
376. Wacko,https://www.imdb.com/title/tt0083310/?ref_=sr_t_376,1982,1h 27m,R,4.9,1.5K
377. Arcadia of My Youth,https://www.imdb.com/title/tt0084881/?ref_=sr_t_377,1982,2h 10m,Not Rated,7.0,1.1K
378. The Dead and the Deadly,https://www.imdb.com/title/tt0084587/?ref_=sr_t_378,1982,1h 37m,,6.3,571
379. Satte Pe Satta,https://www.imdb.com/title/tt0084630/?ref_=sr_t_379,1982,2h 40m,,7.2,3.7K
380. Incontro nell'ultimo paradiso,https://www.imdb.com/title/tt0134743/?ref_=sr_t_380,1982,1h 32m,,4.2,211
381. Plata dulce,https://www.imdb.com/title/tt0084512/?ref_=sr_t_381,1982,1h 37m,PG-13,7.2,650
382. Beyond the Door,https://www.imdb.com/title/tt0083648/?ref_=sr_t_382,1982,1h 50m,,4.8,280
"383. Ricchi, ricchissimi... praticamente in mutande",https://www.imdb.com/title/tt0084506/?ref_=sr_t_383,1982,2h,,5.5,611
384. A Time to Die,https://www.imdb.com/title/tt0086442/?ref_=sr_t_384,1982,1h 31m,R,4.3,303
385. Pecado Horizontal,https://www.imdb.com/title/tt0241808/?ref_=sr_t_385,1982,1h 30m,,5.7,80
386. Ferat Vampire,https://www.imdb.com/title/tt0083264/?ref_=sr_t_386,1982,1h 30m,,5.8,701
"387. Espion, lève-toi",https://www.imdb.com/title/tt0082342/?ref_=sr_t_387,1982,1h 38m,,6.7,1.2K
388. Smrt gospodina Goluze,https://www.imdb.com/title/tt0084699/?ref_=sr_t_388,1982,1h 29m,,7.4,373
389. Model Behavior,https://www.imdb.com/title/tt0087735/?ref_=sr_t_389,1982,1h 26m,,4.7,75
390. S.A.S. San Salvador,https://www.imdb.com/title/tt0084621/?ref_=sr_t_390,1982,1h 25m,,3.3,236
391. Curse of the Red Butterfly,https://www.imdb.com/title/tt0492098/?ref_=sr_t_391,1982,1h 48m,,5.8,35
392. El barrendero,https://www.imdb.com/title/tt0082048/?ref_=sr_t_392,1982,1h 53m,,6.4,698
393. Mad Mission,https://www.imdb.com/title/tt0084955/?ref_=sr_t_393,1982,1h 33m,,6.6,1.9K
394. Sanam Teri Kasam,https://www.imdb.com/title/tt0156043/?ref_=sr_t_394,1982,,,6.0,169
395. Dögkeselyü,https://www.imdb.com/title/tt0083865/?ref_=sr_t_395,1982,1h 55m,,7.8,1.4K
"396. One Down, Two to go",https://www.imdb.com/title/tt0086051/?ref_=sr_t_396,1982,1h 29m,R,4.5,688
397. La balance,https://www.imdb.com/title/tt0083611/?ref_=sr_t_397,1982,1h 42m,R,6.6,1.4K
398. En flicka på halsen,https://www.imdb.com/title/tt0083950/?ref_=sr_t_398,1982,1h 31m,,4.7,161
399. De niña a mujer,https://www.imdb.com/title/tt0083797/?ref_=sr_t_399,1982,1h 25m,,3.5,24
400. Mobile Suit Gundam III: Encounters in Space,https://www.imdb.com/title/tt0159511/?ref_=sr_t_400,1982,2h 24m,,7.6,1.7K
401. The Return of the Soldier,https://www.imdb.com/title/tt0084590/?ref_=sr_t_401,1982,1h 39m,PG,6.7,728
402. Aladdin and the Magic Lamp,https://www.imdb.com/title/tt0202239/?ref_=sr_t_402,1982,1h 5m,TV-G,6.7,304
403. Ghazab,https://www.imdb.com/title/tt0359325/?ref_=sr_t_403,1982,2h 42m,Not Rated,6.7,196
404. Three Crowns of the Sailor,https://www.imdb.com/title/tt0084824/?ref_=sr_t_404,1982,1h 57m,Not Rated,7.1,1.2K
405. Pink Curtain 2,https://www.imdb.com/title/tt0227269/?ref_=sr_t_405,1982,1h 10m,,6.9,35
406. Antonieta,https://www.imdb.com/title/tt0083567/?ref_=sr_t_406,1982,1h 48m,Not Rated,5.9,415
407. Playa azul,https://www.imdb.com/title/tt0082915/?ref_=sr_t_407,1982,1h 30m,,3.6,41
408. Boy Meets Girl,https://www.imdb.com/title/tt0083637/?ref_=sr_t_408,1982,1h 30m,Not Rated,6.2,109
409. A Question of Silence,https://www.imdb.com/title/tt0086369/?ref_=sr_t_409,1982,1h 32m,R,6.7,1.3K
410. Samraat,https://www.imdb.com/title/tt0265690/?ref_=sr_t_410,1982,2h 41m,,6.0,192
411. The Trout,https://www.imdb.com/title/tt0084829/?ref_=sr_t_411,1982,1h 43m,R,5.8,910
412. Nero and Poppea - An Orgy of Power,https://www.imdb.com/title/tt0131496/?ref_=sr_t_412,1982,1h 45m,Unrated,3.8,161
413. Teri Maang Sitaron Se Bhar Doon,https://www.imdb.com/title/tt0232784/?ref_=sr_t_413,1982,2h 35m,,5.2,16
414. Xiong zhong,https://www.imdb.com/title/tt0082107/?ref_=sr_t_414,1982,1h 21m,R,4.9,246
415. Human Lanterns,https://www.imdb.com/title/tt0084586/?ref_=sr_t_415,1982,1h 39m,,6.6,1.2K
416. Nomad,https://www.imdb.com/title/tt0084248/?ref_=sr_t_416,1982,1h 36m,,6.8,551
417. Sesso e volentieri,https://www.imdb.com/title/tt0147440/?ref_=sr_t_417,1982,1h 41m,,5.0,210
418. Legendary Weapons of China,https://www.imdb.com/title/tt0084671/?ref_=sr_t_418,1982,1h 49m,R,6.9,1.9K
419. The Cool Lakes of Death,https://www.imdb.com/title/tt0084849/?ref_=sr_t_419,1982,2h,,6.4,564
420. Honeymoon Horror,https://www.imdb.com/title/tt0126948/?ref_=sr_t_420,1982,1h 28m,,3.8,398
421. The Dirty Seven,https://www.imdb.com/title/tt0164539/?ref_=sr_t_421,1982,1h 36m,R,3.7,413
422. Blood Link,https://www.imdb.com/title/tt0083659/?ref_=sr_t_422,1982,1h 38m,R,5.5,523
423. Moj tata na odredjeno vreme,https://www.imdb.com/title/tt0084346/?ref_=sr_t_423,1982,1h 29m,,7.1,1K
424. O'Hara's Wife,https://www.imdb.com/title/tt0084431/?ref_=sr_t_424,1982,1h 27m,PG,5.0,307
425. Olsenbandens aller siste kupp,https://www.imdb.com/title/tt0132385/?ref_=sr_t_425,1982,1h 41m,,6.4,818
426. Shocking Africa,https://www.imdb.com/title/tt0083524/?ref_=sr_t_426,1982,1h 36m,Not Rated,5.2,133
427. Pink Motel,https://www.imdb.com/title/tt0086107/?ref_=sr_t_427,1982,1h 27m,R,4.0,165
428. Parsifal,https://www.imdb.com/title/tt0084476/?ref_=sr_t_428,1982,4h 15m,PG,7.6,336
429. Moondru Mugham,https://www.imdb.com/title/tt0764655/?ref_=sr_t_429,1982,2h 14m,,7.4,480
430. Countryman,https://www.imdb.com/title/tt0083762/?ref_=sr_t_430,1982,1h 42m,R,6.6,630
431. Death of a Ninja,https://www.imdb.com/title/tt0089691/?ref_=sr_t_431,1982,1h 35m,R,5.8,637
432. Angela merge mai departe,https://www.imdb.com/title/tt0166482/?ref_=sr_t_432,1982,1h 16m,,6.5,143
433. Spring Fever,https://www.imdb.com/title/tt0084718/?ref_=sr_t_433,1982,1h 40m,PG,4.7,185
434. Sklenený dum,https://www.imdb.com/title/tt0174209/?ref_=sr_t_434,1982,1h 14m,,5.6,31
435. Demonios en el jardín,https://www.imdb.com/title/tt0083813/?ref_=sr_t_435,1982,1h 37m,R,6.2,304
436. Yavanika,https://www.imdb.com/title/tt0215376/?ref_=sr_t_436,1982,2h 27m,,7.9,919
437. Menino do Rio,https://www.imdb.com/title/tt0186346/?ref_=sr_t_437,1982,1h 25m,,5.8,277
438. The Inn,https://www.imdb.com/title/tt0085198/?ref_=sr_t_438,1982,1h 49m,,6.7,690
439. Rajput,https://www.imdb.com/title/tt0155088/?ref_=sr_t_439,1982,2h 51m,,6.4,217
440. Ten Violent Women,https://www.imdb.com/title/tt0083506/?ref_=sr_t_440,1982,1h 37m,R,3.4,546
441. Bemisal,https://www.imdb.com/title/tt0083636/?ref_=sr_t_441,1982,2h 22m,,6.9,528
442. We of the Never Never,https://www.imdb.com/title/tt0084893/?ref_=sr_t_442,1982,2h 14m,G,6.9,480
443. As Safadas,https://www.imdb.com/title/tt0197845/?ref_=sr_t_443,1982,1h 26m,,6.0,88
444. The God Makers,https://www.imdb.com/title/tt1791631/?ref_=sr_t_444,1982,56m,,5.5,88
445. Sexo às Avessas,https://www.imdb.com/title/tt0191429/?ref_=sr_t_445,1982,1h 36m,,5.2,59
446. Tout feu tout flamme,https://www.imdb.com/title/tt0083219/?ref_=sr_t_446,1982,1h 48m,PG-13,6.1,931
447. Fall Guy,https://www.imdb.com/title/tt0082601/?ref_=sr_t_447,1982,1h 49m,,6.9,814
448. Another Way,https://www.imdb.com/title/tt0083872/?ref_=sr_t_448,1982,1h 42m,,7.1,938
449. Apprenticeship of the Inventor Polz,https://www.imdb.com/title/tt0084837/?ref_=sr_t_449,1982,1h 28m,,6.3,121
450. Irezumi,https://www.imdb.com/title/tt0084153/?ref_=sr_t_450,1982,1h 49m,,7.1,309
451. Are We?,https://www.imdb.com/title/tt0144615/?ref_=sr_t_451,1982,1h 32m,,4.9,36
452. BrainWaves,https://www.imdb.com/title/tt0083690/?ref_=sr_t_452,1982,1h 17m,PG,4.8,545
453. Jako zajíci,https://www.imdb.com/title/tt0082577/?ref_=sr_t_453,1982,1h 19m,,6.6,47
454. Mille milliards de dollars,https://www.imdb.com/title/tt0082749/?ref_=sr_t_454,1982,2h 12m,,7.0,1K
455. Lonely Fifteen,https://www.imdb.com/title/tt0084263/?ref_=sr_t_455,1982,1h 30m,,6.5,112
456. Gauche the Cellist,https://www.imdb.com/title/tt0083053/?ref_=sr_t_456,1982,1h 1m,,7.0,1.7K
457. A Noite das Taras II,https://www.imdb.com/title/tt0261111/?ref_=sr_t_457,1982,1h 22m,,5.6,87
458. Horny Working Girl: From 5 to 9,https://www.imdb.com/title/tt2884318/?ref_=sr_t_458,1982,1h 6m,,5.2,61
459. Zakhmee Insaan,https://www.imdb.com/title/tt0370087/?ref_=sr_t_459,1982,,,4.1,12
460. Waltz Across Texas,https://www.imdb.com/title/tt0084886/?ref_=sr_t_460,1982,1h 39m,PG,5.7,235
461. The Loch Ness Horror,https://www.imdb.com/title/tt0082669/?ref_=sr_t_461,1982,1h 29m,PG,3.0,519
462. Vijeta,https://www.imdb.com/title/tt0153545/?ref_=sr_t_462,1982,2h 31m,,7.8,338
463. Las computadoras,https://www.imdb.com/title/tt0313922/?ref_=sr_t_463,1982,1h 25m,,5.0,49
464. Safari 3000,https://www.imdb.com/title/tt0084625/?ref_=sr_t_464,1982,1h 32m,PG,4.7,453
465. The Contest,https://www.imdb.com/title/tt0083756/?ref_=sr_t_465,1982,1h 36m,,7.4,380
"466. I Are You, You Am Me",https://www.imdb.com/title/tt0084778/?ref_=sr_t_466,1982,1h 53m,,7.2,552
467. Biancaneve & Co...,https://www.imdb.com/title/tt0128076/?ref_=sr_t_467,1982,1h 33m,,3.8,146
468. Kidnapning,https://www.imdb.com/title/tt0084203/?ref_=sr_t_468,1982,1h 10m,,5.3,191
469. Baghavat,https://www.imdb.com/title/tt0268166/?ref_=sr_t_469,1982,2h 24m,,6.8,114
470. Maa Bhabani Maa Aamar,https://www.imdb.com/title/tt1593733/?ref_=sr_t_470,1982,2h 16m,Not Rated,,
471. Voyager from the Unknown,https://www.imdb.com/title/tt0084876/?ref_=sr_t_471,1982,1h 31m,,6.8,224
472. Burned at the Stake,https://www.imdb.com/title/tt0082116/?ref_=sr_t_472,1982,1h 28m,R,4.8,391
473. Amici miei - Atto II°,https://www.imdb.com/title/tt0083549/?ref_=sr_t_473,1982,2h 7m,,7.6,3.4K
474. The Hunters of the Golden Cobra,https://www.imdb.com/title/tt0084104/?ref_=sr_t_474,1982,1h 32m,TV-PG,5.0,418
475. Anokha Bandhan,https://www.imdb.com/title/tt0233226/?ref_=sr_t_475,1982,2h 14m,,6.4,156
476. Teesri Aankh,https://www.imdb.com/title/tt0245494/?ref_=sr_t_476,1982,2h 31m,,6.3,103
477. Beach House,https://www.imdb.com/title/tt0078834/?ref_=sr_t_477,1982,1h 16m,PG,5.0,106
478. Ferocious Female Freedom Fighters,https://www.imdb.com/title/tt0083934/?ref_=sr_t_478,1982,1h 33m,R,4.7,269
479. Teahouse,https://www.imdb.com/title/tt1395030/?ref_=sr_t_479,1982,2h 5m,,8.2,652
480. De boezemvriend,https://www.imdb.com/title/tt0083673/?ref_=sr_t_480,1982,1h 40m,,5.5,474
481. The Impossible Kid,https://www.imdb.com/title/tt0430216/?ref_=sr_t_481,1982,1h 21m,,5.4,536
482. The Big Pardon,https://www.imdb.com/title/tt0082471/?ref_=sr_t_482,1982,2h 10m,,5.8,809
483. Sweet Hours,https://www.imdb.com/title/tt0083859/?ref_=sr_t_483,1982,1h 46m,,6.3,262
484. Harry Tracy: The Last of the Wild Bunch,https://www.imdb.com/title/tt0084052/?ref_=sr_t_484,1982,1h 47m,PG,6.1,463
485. Ashanti,https://www.imdb.com/title/tt0239244/?ref_=sr_t_485,1982,,,5.6,146
486. Violence porno: Nawa to bôkô,https://www.imdb.com/title/tt10038456/?ref_=sr_t_486,1982,1h 2m,,,
487. Islak Mendil,https://www.imdb.com/title/tt0492081/?ref_=sr_t_487,1982,1h 27m,,4.3,49
488. Breezes of Love,https://www.imdb.com/title/tt0203354/?ref_=sr_t_488,1982,1h 25m,,4.5,67
489. Pink Curtain,https://www.imdb.com/title/tt0227268/?ref_=sr_t_489,1982,1h 10m,,4.7,168
490. Ek Daav Bhutacha,https://www.imdb.com/title/tt7943032/?ref_=sr_t_490,1982,,,6.7,24
491. Razbeg,https://www.imdb.com/title/tt0084574/?ref_=sr_t_491,1982,1h 18m,,4.9,8
492. O Olho Mágico do Amor,https://www.imdb.com/title/tt0254616/?ref_=sr_t_492,1982,1h 25m,,5.4,166
493. The Curse of the Screaming Dead,https://www.imdb.com/title/tt0129855/?ref_=sr_t_493,1982,1h 31m,Unrated,2.4,847
494. Fair Game,https://www.imdb.com/title/tt0123796/?ref_=sr_t_494,1982,1h 28m,,4.6,81
495. Desh Premee,https://www.imdb.com/title/tt0083820/?ref_=sr_t_495,1982,2h 45m,,5.8,642
496. Esas chicas tan pu...,https://www.imdb.com/title/tt0083899/?ref_=sr_t_496,1982,1h 31m,,4.8,66
497. Sportloto-82,https://www.imdb.com/title/tt0084716/?ref_=sr_t_497,1982,1h 29m,PG-13,6.8,2.4K
498. Namkeen,https://www.imdb.com/title/tt0216019/?ref_=sr_t_498,1982,1h 52m,,7.8,543
499. In viaggio con papà,https://www.imdb.com/title/tt0084131/?ref_=sr_t_499,1982,1h 58m,,6.3,1.4K
500. The Dark Room,https://www.imdb.com/title/tt0083792/?ref_=sr_t_500,1982,1h 34m,,5.5,94
