Title,Movie Link,Year,Duration,MPA,Rating,Votes
1. Love Story,https://www.imdb.com/title/tt0066011/?ref_=sr_t_1,1970,1h 40m,PG,6.9,38K
2. Airport,https://www.imdb.com/title/tt0065377/?ref_=sr_t_2,1970,2h 17m,G,6.6,23K
3. M*A*S*H,https://www.imdb.com/title/tt0066026/?ref_=sr_t_3,1970,1h 56m,R,7.3,79K
4. Patton,https://www.imdb.com/title/tt0066206/?ref_=sr_t_4,1970,2h 52m,PG,7.9,110K
5. The Aristocats,https://www.imdb.com/title/tt0065421/?ref_=sr_t_5,1970,1h 18m,G,7.1,118K
6. Little Big Man,https://www.imdb.com/title/tt0065988/?ref_=sr_t_6,1970,2h 19m,PG-13,7.5,39K
7. Joe,https://www.imdb.com/title/tt0065916/?ref_=sr_t_7,1970,1h 47m,R,6.8,4.5K
8. Beneath the Planet of the Apes,https://www.imdb.com/title/tt0065462/?ref_=sr_t_8,1970,1h 35m,G,6.0,55K
9. On a Clear Day You Can See Forever,https://www.imdb.com/title/tt0066181/?ref_=sr_t_9,1970,2h 9m,G,6.4,4.4K
10. Getting Straight,https://www.imdb.com/title/tt0065775/?ref_=sr_t_10,1970,2h 4m,R,6.3,1.7K
11. Kelly's Heroes,https://www.imdb.com/title/tt0065938/?ref_=sr_t_11,1970,2h 24m,GP,7.6,56K
12. Two Mules for Sister Sara,https://www.imdb.com/title/tt0065134/?ref_=sr_t_12,1970,1h 56m,GP,7.0,32K
13. Le cercle rouge,https://www.imdb.com/title/tt0065531/?ref_=sr_t_13,1970,2h 20m,Not Rated,7.9,30K
14. The Conformist,https://www.imdb.com/title/tt0065571/?ref_=sr_t_14,1970,1h 53m,R,7.9,35K
15. Woodstock,https://www.imdb.com/title/tt0066580/?ref_=sr_t_15,1970,3h 4m,R,8.1,19K
16. El Topo,https://www.imdb.com/title/tt0067866/?ref_=sr_t_16,1970,2h 5m,Not Rated,7.2,32K
17. The Wild Child,https://www.imdb.com/title/tt0064285/?ref_=sr_t_17,1970,1h 23m,G,7.5,9.1K
18. Wanda,https://www.imdb.com/title/tt0067961/?ref_=sr_t_18,1970,1h 42m,GP,7.1,6.1K
19. Multiple Maniacs,https://www.imdb.com/title/tt0067454/?ref_=sr_t_19,1970,1h 31m,Not Rated,6.5,4.7K
20. Tristana,https://www.imdb.com/title/tt0066491/?ref_=sr_t_20,1970,1h 39m,PG,7.4,13K
21. Bronco Bullfrog,https://www.imdb.com/title/tt0064111/?ref_=sr_t_21,1970,1h 26m,Not Rated,6.6,430
22. The American Soldier,https://www.imdb.com/title/tt0065391/?ref_=sr_t_22,1970,1h 20m,,6.5,2K
23. Gods of the Plague,https://www.imdb.com/title/tt0065808/?ref_=sr_t_23,1970,1h 31m,,6.4,1.6K
24. The Things of Life,https://www.imdb.com/title/tt0064165/?ref_=sr_t_24,1970,1h 29m,GP,7.4,5.8K
25. The Boys in the Band,https://www.imdb.com/title/tt0065488/?ref_=sr_t_25,1970,2h,R,7.6,6.1K
26. Bed & Board,https://www.imdb.com/title/tt0065651/?ref_=sr_t_26,1970,1h 37m,GP,7.4,11K
27. Scrooge,https://www.imdb.com/title/tt0066344/?ref_=sr_t_27,1970,1h 53m,G,7.5,13K
28. Rio Lobo,https://www.imdb.com/title/tt0066301/?ref_=sr_t_28,1970,1h 54m,G,6.7,14K
29. Catch-22,https://www.imdb.com/title/tt0065528/?ref_=sr_t_29,1970,2h 2m,R,7.1,27K
30. There Was a Crooked Man...,https://www.imdb.com/title/tt0066448/?ref_=sr_t_30,1970,2h 6m,R,6.8,5.4K
31. The Railway Children,https://www.imdb.com/title/tt0066279/?ref_=sr_t_31,1970,1h 49m,G,7.3,5.9K
32. The Vampire Lovers,https://www.imdb.com/title/tt0066518/?ref_=sr_t_32,1970,1h 31m,R,6.4,8.1K
33. Valerie and Her Week of Wonders,https://www.imdb.com/title/tt0066516/?ref_=sr_t_33,1970,1h 17m,Not Rated,7.0,12K
34. They Call Me Trinity,https://www.imdb.com/title/tt0067355/?ref_=sr_t_34,1970,1h 55m,G,7.4,26K
35. Beyond the Valley of the Dolls,https://www.imdb.com/title/tt0065466/?ref_=sr_t_35,1970,1h 49m,NC-17,6.1,12K
36. Five Easy Pieces,https://www.imdb.com/title/tt0065724/?ref_=sr_t_36,1970,1h 38m,R,7.4,42K
37. Waterloo,https://www.imdb.com/title/tt0066549/?ref_=sr_t_37,1970,2h 3m,G,7.3,13K
38. Soldier Blue,https://www.imdb.com/title/tt0066390/?ref_=sr_t_38,1970,1h 52m,PG,6.9,6.7K
39. Tora! Tora! Tora!,https://www.imdb.com/title/tt0066473/?ref_=sr_t_39,1970,2h 24m,G,7.5,38K
40. Myra Breckinridge,https://www.imdb.com/title/tt0066115/?ref_=sr_t_40,1970,1h 34m,R,4.5,3.5K
41. Eugenie,https://www.imdb.com/title/tt0064494/?ref_=sr_t_41,1970,1h 27m,X,5.2,2.1K
42. The Bird with the Crystal Plumage,https://www.imdb.com/title/tt0065143/?ref_=sr_t_42,1970,1h 36m,GP,7.1,25K
43. Cromwell,https://www.imdb.com/title/tt0065593/?ref_=sr_t_43,1970,2h 19m,G,7.0,7.3K
44. Ryan's Daughter,https://www.imdb.com/title/tt0066319/?ref_=sr_t_44,1970,3h 20m,R,7.4,11K
45. Chisum,https://www.imdb.com/title/tt0065547/?ref_=sr_t_45,1970,1h 51m,G,6.8,11K
46. A Man Called Sledge,https://www.imdb.com/title/tt0066050/?ref_=sr_t_46,1970,1h 33m,R,5.9,1.6K
47. The Party at Kitty and Stud's,https://www.imdb.com/title/tt0065904/?ref_=sr_t_47,1970,1h 11m,X,2.5,2.5K
48. The Private Life of Sherlock Holmes,https://www.imdb.com/title/tt0066249/?ref_=sr_t_48,1970,2h 5m,PG-13,7.0,14K
49. Hercules in New York,https://www.imdb.com/title/tt0065832/?ref_=sr_t_49,1970,1h 32m,G,3.3,20K
50. Performance,https://www.imdb.com/title/tt0066214/?ref_=sr_t_50,1970,1h 45m,R,6.7,12K
51. Colossus: The Forbin Project,https://www.imdb.com/title/tt0064177/?ref_=sr_t_51,1970,1h 40m,M,7.1,11K
52. Brewster McCloud,https://www.imdb.com/title/tt0065492/?ref_=sr_t_52,1970,1h 45m,R,6.8,5.9K
53. Zabriskie Point,https://www.imdb.com/title/tt0066601/?ref_=sr_t_53,1970,1h 53m,R,6.9,18K
54. The Dunwich Horror,https://www.imdb.com/title/tt0065669/?ref_=sr_t_54,1970,1h 30m,R,5.4,5.4K
55. Crime and Punishment,https://www.imdb.com/title/tt0064839/?ref_=sr_t_55,1970,3h 41m,,7.8,1.4K
56. A Love Story,https://www.imdb.com/title/tt0065955/?ref_=sr_t_56,1970,1h 55m,,7.3,7.8K
57. Deep End,https://www.imdb.com/title/tt0066122/?ref_=sr_t_57,1970,1h 28m,R,7.2,7.9K
58. Mark of the Devil,https://www.imdb.com/title/tt0065491/?ref_=sr_t_58,1970,1h 30m,R,6.1,4.1K
59. The Owl and the Pussycat,https://www.imdb.com/title/tt0066195/?ref_=sr_t_59,1970,1h 35m,PG,6.4,4.5K
60. Donkey Skin,https://www.imdb.com/title/tt0066207/?ref_=sr_t_60,1970,1h 31m,,7.0,6.8K
61. El Condor,https://www.imdb.com/title/tt0065570/?ref_=sr_t_61,1970,1h 42m,R,6.0,1.5K
62. The Cheyenne Social Club,https://www.imdb.com/title/tt0065542/?ref_=sr_t_62,1970,1h 43m,PG,6.8,5.2K
63. Scars of Dracula,https://www.imdb.com/title/tt0067713/?ref_=sr_t_63,1970,1h 35m,R,6.1,6.7K
64. A Man Called Horse,https://www.imdb.com/title/tt0066049/?ref_=sr_t_64,1970,1h 54m,R,6.8,9.7K
65. The Road to Salina,https://www.imdb.com/title/tt0067681/?ref_=sr_t_65,1970,1h 36m,R,6.7,1.1K
66. Diary of a Mad Housewife,https://www.imdb.com/title/tt0065636/?ref_=sr_t_66,1970,1h 35m,R,7.0,2.4K
"67. Your Child, That Unknown Creature",https://www.imdb.com/title/tt0200936/?ref_=sr_t_67,1970,1h 33m,TV-MA,4.9,76
68. Count Dracula,https://www.imdb.com/title/tt0065569/?ref_=sr_t_68,1970,1h 38m,PG,5.6,4.1K
69. When Dinosaurs Ruled the Earth,https://www.imdb.com/title/tt0066561/?ref_=sr_t_69,1970,1h 36m,G,5.1,3K
70. Taste the Blood of Dracula,https://www.imdb.com/title/tt0065073/?ref_=sr_t_70,1970,1h 31m,R,6.3,7.1K
71. The Phantom Tollbooth,https://www.imdb.com/title/tt0064806/?ref_=sr_t_71,1970,1h 30m,G,6.7,3.6K
72. Dandy,https://www.imdb.com/title/tt0195626/?ref_=sr_t_72,1970,1h 22m,X,5.0,43
73. Watermelon Man,https://www.imdb.com/title/tt0066550/?ref_=sr_t_73,1970,1h 40m,R,6.7,3.1K
74. The Out of Towners,https://www.imdb.com/title/tt0066193/?ref_=sr_t_74,1970,1h 41m,G,7.0,9.6K
75. The Student Nurses,https://www.imdb.com/title/tt0066418/?ref_=sr_t_75,1970,1h 29m,R,5.3,612
"76. Hi, Mom!",https://www.imdb.com/title/tt0065836/?ref_=sr_t_76,1970,1h 27m,R,6.1,6.2K
77. Investigation of a Citizen Above Suspicion,https://www.imdb.com/title/tt0065889/?ref_=sr_t_77,1970,1h 55m,R,8.0,14K
78. Mera Naam Joker,https://www.imdb.com/title/tt0066070/?ref_=sr_t_78,1970,3h 44m,,7.9,5.5K
79. Quiet Days in Clichy,https://www.imdb.com/title/tt0066407/?ref_=sr_t_79,1970,1h 40m,Not Rated,5.1,1.2K
80. The Forbidden Photos of a Lady Above Suspicion,https://www.imdb.com/title/tt0065677/?ref_=sr_t_80,1970,1h 36m,Not Rated,6.2,2.3K
81. The Ballad of Cable Hogue,https://www.imdb.com/title/tt0065446/?ref_=sr_t_81,1970,2h 1m,R,7.2,11K
82. I Walk the Line,https://www.imdb.com/title/tt0065874/?ref_=sr_t_82,1970,1h 37m,PG-13,6.5,2.4K
83. The Twelve Chairs,https://www.imdb.com/title/tt0066495/?ref_=sr_t_83,1970,1h 34m,G,6.4,7.3K
84. The School Girls,https://www.imdb.com/title/tt0066341/?ref_=sr_t_84,1970,1h 30m,,4.7,775
85. Little Fauss and Big Halsy,https://www.imdb.com/title/tt0065989/?ref_=sr_t_85,1970,1h 39m,R,5.9,1.5K
86. Let It Be,https://www.imdb.com/title/tt0065976/?ref_=sr_t_86,1970,1h 21m,G,7.6,8K
87. Claire's Knee,https://www.imdb.com/title/tt0065772/?ref_=sr_t_87,1970,1h 45m,GP,7.5,13K
88. Witchhammer,https://www.imdb.com/title/tt0064546/?ref_=sr_t_88,1970,1h 47m,,7.7,3K
89. The Nude Vampire,https://www.imdb.com/title/tt0065168/?ref_=sr_t_89,1970,1h 28m,Not Rated,5.4,1.9K
90. Husbands,https://www.imdb.com/title/tt0065867/?ref_=sr_t_90,1970,2h 34m,PG-13,7.1,7.6K
91. Borsalino,https://www.imdb.com/title/tt0065486/?ref_=sr_t_91,1970,2h 5m,R,6.8,5.3K
92. Night of the Blood Monster,https://www.imdb.com/title/tt0064727/?ref_=sr_t_92,1970,1h 24m,PG,5.2,1.6K
93. Gimme Shelter,https://www.imdb.com/title/tt0065780/?ref_=sr_t_93,1970,1h 31m,GP,7.8,13K
94. Pippi in the South Seas,https://www.imdb.com/title/tt0066227/?ref_=sr_t_94,1970,1h 26m,G,6.9,5.8K
95. The Lickerish Quartet,https://www.imdb.com/title/tt0065981/?ref_=sr_t_95,1970,1h 30m,R,5.9,1.3K
96. The Landlord,https://www.imdb.com/title/tt0065963/?ref_=sr_t_96,1970,1h 52m,PG,6.9,3.2K
97. Santa and the Three Bears,https://www.imdb.com/title/tt0066328/?ref_=sr_t_97,1970,46m,G,6.6,755
98. Jane Eyre,https://www.imdb.com/title/tt0065911/?ref_=sr_t_98,1970,1h 50m,G,6.4,1.2K
99. The Executioner,https://www.imdb.com/title/tt0065711/?ref_=sr_t_99,1970,1h 47m,GP,6.0,521
"100. My Lover, My Son",https://www.imdb.com/title/tt0066113/?ref_=sr_t_100,1970,1h 36m,R,5.1,420
101. The Most Beautiful Wife,https://www.imdb.com/title/tt0232114/?ref_=sr_t_101,1970,1h 48m,,7.1,1.1K
102. The Adventurers,https://www.imdb.com/title/tt0065374/?ref_=sr_t_102,1970,2h 51m,PG,5.2,944
103. Violent City,https://www.imdb.com/title/tt0065555/?ref_=sr_t_103,1970,1h 48m,R,6.2,3.7K
104. London Affair,https://www.imdb.com/title/tt0064598/?ref_=sr_t_104,1970,1h 38m,GP,5.2,1.1K
105. And Soon the Darkness,https://www.imdb.com/title/tt0065398/?ref_=sr_t_105,1970,1h 34m,GP,6.6,4.3K
106. The Honeymoon Killers,https://www.imdb.com/title/tt0064437/?ref_=sr_t_106,1970,1h 47m,R,7.0,6.1K
107. All the Right Noises,https://www.imdb.com/title/tt0064004/?ref_=sr_t_107,1970,1h 32m,PG,6.1,467
108. Wuthering Heights,https://www.imdb.com/title/tt0066585/?ref_=sr_t_108,1970,1h 44m,G,6.3,2.2K
109. The Great White Hope,https://www.imdb.com/title/tt0065797/?ref_=sr_t_109,1970,1h 43m,PG-13,6.9,2.9K
110. Hell Boats,https://www.imdb.com/title/tt0065825/?ref_=sr_t_110,1970,1h 35m,PG-13,5.5,563
111. Cleopatra,https://www.imdb.com/title/tt0065588/?ref_=sr_t_111,1970,1h 52m,X,6.0,915
112. I Start Counting,https://www.imdb.com/title/tt0064462/?ref_=sr_t_112,1970,1h 45m,Not Rated,6.9,1.2K
113. The Pimp Primer,https://www.imdb.com/title/tt1553387/?ref_=sr_t_113,1970,52m,,6.0,60
"114. Run, Virgin, Run",https://www.imdb.com/title/tt0065925/?ref_=sr_t_114,1970,1h 35m,R,4.4,233
115. Girly,https://www.imdb.com/title/tt0064704/?ref_=sr_t_115,1970,1h 42m,R,6.5,1.7K
116. No Blade of Grass,https://www.imdb.com/title/tt0066154/?ref_=sr_t_116,1970,1h 36m,R,5.8,2.1K
117. Compañeros,https://www.imdb.com/title/tt0066612/?ref_=sr_t_117,1970,1h 55m,R,7.2,5.2K
118. Cotton Comes to Harlem,https://www.imdb.com/title/tt0065579/?ref_=sr_t_118,1970,1h 37m,R,6.5,2.8K
119. Tam Lin,https://www.imdb.com/title/tt0067822/?ref_=sr_t_119,1970,1h 46m,PG-13,5.7,785
120. Pippi on the Run,https://www.imdb.com/title/tt0066265/?ref_=sr_t_120,1970,1h 34m,G,6.8,4.2K
"121. Count Yorga, Vampire",https://www.imdb.com/title/tt0066952/?ref_=sr_t_121,1970,1h 33m,PG-13,5.7,3.2K
"122. Pussycat, Pussycat, I Love You",https://www.imdb.com/title/tt0066260/?ref_=sr_t_122,1970,1h 39m,R,4.4,701
123. Sunflower,https://www.imdb.com/title/tt0065782/?ref_=sr_t_123,1970,1h 47m,G,7.3,4.7K
124. A Quiet Place to Kill,https://www.imdb.com/title/tt0064787/?ref_=sr_t_124,1970,1h 34m,Not Rated,6.3,1.5K
125. The Man Who Haunted Himself,https://www.imdb.com/title/tt0066053/?ref_=sr_t_125,1970,1h 34m,PG,6.4,3K
126. Julius Caesar,https://www.imdb.com/title/tt0065922/?ref_=sr_t_126,1970,1h 57m,G,6.1,2.1K
127. There's a Girl in My Soup,https://www.imdb.com/title/tt0066449/?ref_=sr_t_127,1970,1h 36m,R,5.7,2.9K
128. Crimes of the Future,https://www.imdb.com/title/tt0065591/?ref_=sr_t_128,1970,1h 3m,Not Rated,4.7,3.3K
129. Olsen-banden og Dynamitt-Harry,https://www.imdb.com/title/tt0132376/?ref_=sr_t_129,1970,1h 40m,,6.5,1.1K
130. Five Dolls for an August Moon,https://www.imdb.com/title/tt0065553/?ref_=sr_t_130,1970,1h 22m,Not Rated,5.7,3.6K
131. Too Late the Hero,https://www.imdb.com/title/tt0066471/?ref_=sr_t_131,1970,2h 25m,PG,6.6,4.1K
132. Cold Sweat,https://www.imdb.com/title/tt0066970/?ref_=sr_t_132,1970,1h 34m,PG,5.7,3.2K
133. They Call Me Mister Tibbs!,https://www.imdb.com/title/tt0066450/?ref_=sr_t_133,1970,1h 48m,R,6.0,4.5K
134. The Molly Maguires,https://www.imdb.com/title/tt0066090/?ref_=sr_t_134,1970,2h 4m,PG,6.8,4.5K
135. Darling Lili,https://www.imdb.com/title/tt0065611/?ref_=sr_t_135,1970,2h 16m,G,6.0,2.5K
136. Lovers and Other Strangers,https://www.imdb.com/title/tt0066016/?ref_=sr_t_136,1970,1h 44m,GP,6.5,1.4K
137. The Pizza Triangle,https://www.imdb.com/title/tt0065662/?ref_=sr_t_137,1970,1h 39m,R,7.1,2.5K
138. The Tribe,https://www.imdb.com/title/tt0066490/?ref_=sr_t_138,1970,1h 30m,G,7.3,926
139. Le Petit Bougnat,https://www.imdb.com/title/tt0064804/?ref_=sr_t_139,1970,1h 35m,,5.6,197
140. Play It Cool,https://www.imdb.com/title/tt0065626/?ref_=sr_t_140,1970,1h 34m,,6.8,107
141. C.C. & Company,https://www.imdb.com/title/tt0065511/?ref_=sr_t_141,1970,1h 34m,R,4.8,1.1K
142. When Women Had Tails,https://www.imdb.com/title/tt0066268/?ref_=sr_t_142,1970,1h 45m,R,3.8,711
143. Bloody Mama,https://www.imdb.com/title/tt0065481/?ref_=sr_t_143,1970,1h 30m,R,5.7,4K
144. Trog,https://www.imdb.com/title/tt0066492/?ref_=sr_t_144,1970,1h 33m,GP,4.0,3.3K
145. The Losers,https://www.imdb.com/title/tt0066126/?ref_=sr_t_145,1970,1h 35m,R,5.3,640
146. The Midnight Graduate,https://www.imdb.com/title/tt0154874/?ref_=sr_t_146,1970,1h 10m,,6.2,40
"147. The Daughter: I, a Woman Part III",https://www.imdb.com/title/tt0065363/?ref_=sr_t_147,1970,1h 23m,X,4.4,162
148. The Grasshopper,https://www.imdb.com/title/tt0065795/?ref_=sr_t_148,1970,1h 38m,R,5.7,626
149. House of Dark Shadows,https://www.imdb.com/title/tt0065856/?ref_=sr_t_149,1970,1h 37m,PG,6.2,3.5K
150. Carry on Up the Jungle,https://www.imdb.com/title/tt0065525/?ref_=sr_t_150,1970,1h 29m,Not Rated,5.9,3.3K
151. The Wizard of Gore,https://www.imdb.com/title/tt0066578/?ref_=sr_t_151,1970,1h 35m,Not Rated,5.2,4.1K
152. Darker Than Amber,https://www.imdb.com/title/tt0065610/?ref_=sr_t_152,1970,1h 36m,R,6.1,645
153. The Garden of the Finzi-Continis,https://www.imdb.com/title/tt0065777/?ref_=sr_t_153,1970,1h 34m,R,7.2,8K
154. The Looking Glass War,https://www.imdb.com/title/tt0066001/?ref_=sr_t_154,1970,1h 48m,M/PG,5.8,1.5K
155. Monte Walsh,https://www.imdb.com/title/tt0066093/?ref_=sr_t_155,1970,1h 46m,PG-13,7.0,3.1K
156. Even Dwarfs Started Small,https://www.imdb.com/title/tt0065436/?ref_=sr_t_156,1970,1h 36m,Not Rated,6.7,6.4K
157. Ann and Eve,https://www.imdb.com/title/tt0066774/?ref_=sr_t_157,1970,1h 29m,X,4.5,168
158. The Howl,https://www.imdb.com/title/tt0063751/?ref_=sr_t_158,1970,1h 33m,Not Rated,5.0,578
159. The Liberation of L.B. Jones,https://www.imdb.com/title/tt0065979/?ref_=sr_t_159,1970,1h 42m,R,6.8,1.2K
160. Elvis: That's the Way It Is,https://www.imdb.com/title/tt0065687/?ref_=sr_t_160,1970,1h 37m,PG,7.9,3.3K
161. Dorian Gray,https://www.imdb.com/title/tt0065656/?ref_=sr_t_161,1970,1h 33m,R,5.8,1.3K
162. Threesome,https://www.imdb.com/title/tt0127939/?ref_=sr_t_162,1970,1h 30m,R,5.6,28
163. Carry on Loving,https://www.imdb.com/title/tt0065524/?ref_=sr_t_163,1970,1h 28m,,5.9,2.7K
164. Cry of the Banshee,https://www.imdb.com/title/tt0065597/?ref_=sr_t_164,1970,1h 31m,GP,5.5,3.1K
165. Pound,https://www.imdb.com/title/tt0066234/?ref_=sr_t_165,1970,1h 32m,X,5.7,361
166. Quackser Fortune Has a Cousin in the Bronx,https://www.imdb.com/title/tt0066266/?ref_=sr_t_166,1970,1h 30m,PG,6.4,758
167. Die Feuerzangenbowle,https://www.imdb.com/title/tt0065718/?ref_=sr_t_167,1970,1h 40m,,4.7,254
168. Ned Kelly,https://www.imdb.com/title/tt0066130/?ref_=sr_t_168,1970,1h 40m,GP,5.1,1.5K
169. Start the Revolution Without Me,https://www.imdb.com/title/tt0066402/?ref_=sr_t_169,1970,1h 30m,PG,6.4,3.3K
170. Hatchet for the Honeymoon,https://www.imdb.com/title/tt0064904/?ref_=sr_t_170,1970,1h 28m,GP,6.3,4.6K
171. Rötmånad,https://www.imdb.com/title/tt0066320/?ref_=sr_t_171,1970,1h 40m,,5.2,389
172. The Strawberry Statement,https://www.imdb.com/title/tt0066415/?ref_=sr_t_172,1970,1h 49m,R,6.6,1.9K
173. Every Home Should Have One,https://www.imdb.com/title/tt0065709/?ref_=sr_t_173,1970,1h 34m,R,5.0,545
174. Equinox,https://www.imdb.com/title/tt0067055/?ref_=sr_t_174,1970,1h 22m,GP,5.2,3.7K
175. The Horror of Frankenstein,https://www.imdb.com/title/tt0065851/?ref_=sr_t_175,1970,1h 35m,R,5.8,3.1K
176. The Vampire Doll,https://www.imdb.com/title/tt0066600/?ref_=sr_t_176,1970,1h 25m,Not Rated,6.6,1.4K
177. Assignment Terror,https://www.imdb.com/title/tt0064687/?ref_=sr_t_177,1970,1h 27m,Not Rated,4.1,1.1K
178. Cindy and Donna,https://www.imdb.com/title/tt0154330/?ref_=sr_t_178,1970,1h 20m,X,4.5,548
179. Take a Girl Like You,https://www.imdb.com/title/tt0066436/?ref_=sr_t_179,1970,1h 41m,R,5.6,811
180. In the Folds of the Flesh,https://www.imdb.com/title/tt0065693/?ref_=sr_t_180,1970,1h 32m,Not Rated,5.4,890
181. Dodes'ka-den,https://www.imdb.com/title/tt0065649/?ref_=sr_t_181,1970,2h 20m,Not Rated,7.3,7.9K
182. Dirty Dingus Magee,https://www.imdb.com/title/tt0065642/?ref_=sr_t_182,1970,1h 31m,PG-13,5.2,1.1K
183. And God Said to Cain...,https://www.imdb.com/title/tt0064273/?ref_=sr_t_183,1970,1h 33m,Not Rated,6.7,1.8K
"184. Daddy, Darling",https://www.imdb.com/title/tt0062847/?ref_=sr_t_184,1970,1h 35m,R,4.8,425
185. Where's Poppa?,https://www.imdb.com/title/tt0066563/?ref_=sr_t_185,1970,1h 22m,R,6.4,2.4K
186. The Cross and the Switchblade,https://www.imdb.com/title/tt0068428/?ref_=sr_t_186,1970,1h 46m,PG,6.0,1.3K
187. Tropic of Cancer,https://www.imdb.com/title/tt0066494/?ref_=sr_t_187,1970,1h 27m,NC-17,5.6,726
188. The Magic Garden of Stanley Sweetheart,https://www.imdb.com/title/tt0066036/?ref_=sr_t_188,1970,1h 57m,R,6.3,197
189. R.P.M.,https://www.imdb.com/title/tt0066273/?ref_=sr_t_189,1970,1h 32m,R,5.3,714
190. WUSA,https://www.imdb.com/title/tt0066540/?ref_=sr_t_190,1970,1h 55m,PG-13,5.5,1.4K
191. Which Way to the Front?,https://www.imdb.com/title/tt0066564/?ref_=sr_t_191,1970,1h 36m,G,4.6,1.5K
192. Macho Callahan,https://www.imdb.com/title/tt0066033/?ref_=sr_t_192,1970,1h 39m,R,5.5,496
193. Something for Everyone,https://www.imdb.com/title/tt0066392/?ref_=sr_t_193,1970,1h 52m,R,7.0,1.1K
194. I Never Sang for My Father,https://www.imdb.com/title/tt0065872/?ref_=sr_t_194,1970,1h 32m,PG,7.4,3.1K
195. Loving,https://www.imdb.com/title/tt0066017/?ref_=sr_t_195,1970,1h 29m,R,6.1,808
196. The Lustful Vicar,https://www.imdb.com/title/tt0065954/?ref_=sr_t_196,1970,1h 30m,X,4.2,283
197. The Only Way,https://www.imdb.com/title/tt0066185/?ref_=sr_t_197,1970,1h 26m,G,5.9,337
198. Skullduggery,https://www.imdb.com/title/tt0066384/?ref_=sr_t_198,1970,1h 45m,PG,4.7,523
199. Adam at Six A.M.,https://www.imdb.com/title/tt0065371/?ref_=sr_t_199,1970,1h 40m,R,5.6,445
"200. Adiós, Sabata",https://www.imdb.com/title/tt0066745/?ref_=sr_t_200,1970,1h 44m,PG-13,5.9,2.4K
201. Gas! -Or- It Became Necessary to Destroy the World in Order to Save It.,https://www.imdb.com/title/tt0065760/?ref_=sr_t_201,1970,1h 18m,R,4.2,1.7K
202. Trash,https://www.imdb.com/title/tt0066482/?ref_=sr_t_202,1970,1h 50m,R,6.1,2.9K
"203. Tell Me That You Love Me, Junie Moon",https://www.imdb.com/title/tt0066445/?ref_=sr_t_203,1970,1h 53m,PG,6.1,1.1K
204. How I Unleashed World War II,https://www.imdb.com/title/tt0065908/?ref_=sr_t_204,1970,3h 44m,,8.1,3.9K
205. The Butcher,https://www.imdb.com/title/tt0064106/?ref_=sr_t_205,1970,1h 33m,Unrated,7.3,9.6K
206. The Hawaiians,https://www.imdb.com/title/tt0065820/?ref_=sr_t_206,1970,2h 14m,R,6.1,1.5K
207. Aranyer Din Ratri,https://www.imdb.com/title/tt0065417/?ref_=sr_t_207,1970,1h 55m,,8.1,3K
208. Figures in a Landscape,https://www.imdb.com/title/tt0065720/?ref_=sr_t_208,1970,1h 50m,R,6.5,1.8K
209. A Day at the Beach,https://www.imdb.com/title/tt0065616/?ref_=sr_t_209,1970,1h 33m,GP,6.2,445
210. Hoffman,https://www.imdb.com/title/tt0065839/?ref_=sr_t_210,1970,1h 53m,GP,6.8,1.8K
"211. Rabbit, Run",https://www.imdb.com/title/tt0066274/?ref_=sr_t_211,1970,1h 34m,R,5.4,493
212. O.K.,https://www.imdb.com/title/tt0066171/?ref_=sr_t_212,1970,1h 20m,,7.0,219
213. Sex-Power,https://www.imdb.com/title/tt0066358/?ref_=sr_t_213,1970,1h 21m,,6.0,73
214. Mark of the Witch,https://www.imdb.com/title/tt0066058/?ref_=sr_t_214,1970,1h 18m,GP,4.6,622
215. Lady Caliph,https://www.imdb.com/title/tt0065516/?ref_=sr_t_215,1970,1h 36m,,5.8,433
216. Sex animal,https://www.imdb.com/title/tt8992564/?ref_=sr_t_216,1970,1h 10m,,,
217. Tiger by the Tail,https://www.imdb.com/title/tt0063696/?ref_=sr_t_217,1970,1h 39m,M,5.5,176
218. Balladen om mestertyven Ole Høiland,https://www.imdb.com/title/tt0155525/?ref_=sr_t_218,1970,1h 44m,,5.9,157
219. This Transient Life,https://www.imdb.com/title/tt0128364/?ref_=sr_t_219,1970,2h 23m,Not Rated,7.7,1.4K
220. L'initiation,https://www.imdb.com/title/tt0065891/?ref_=sr_t_220,1970,1h 34m,R,5.4,138
221. A Walk in the Spring Rain,https://www.imdb.com/title/tt0066542/?ref_=sr_t_221,1970,1h 38m,GP,6.0,990
222. The Notorious Cleopatra,https://www.imdb.com/title/tt0145132/?ref_=sr_t_222,1970,1h 28m,,3.9,247
223. The Ear,https://www.imdb.com/title/tt0066498/?ref_=sr_t_223,1970,1h 34m,,7.7,3.4K
224. Blood Mania,https://www.imdb.com/title/tt0065478/?ref_=sr_t_224,1970,1h 21m,R,4.0,1.1K
225. The Body,https://www.imdb.com/title/tt0199369/?ref_=sr_t_225,1970,1h 52m,R,7.1,166
226. Bulls Market,https://www.imdb.com/title/tt0261592/?ref_=sr_t_226,1970,51m,,4.6,37
227. The Kremlin Letter,https://www.imdb.com/title/tt0065950/?ref_=sr_t_227,1970,2h,M/PG,6.2,2.4K
228. Barquero,https://www.imdb.com/title/tt0065451/?ref_=sr_t_228,1970,1h 55m,R,6.3,2.1K
229. Perfect Friday,https://www.imdb.com/title/tt0066212/?ref_=sr_t_229,1970,1h 34m,R,6.4,1.2K
230. The Confession,https://www.imdb.com/title/tt0065439/?ref_=sr_t_230,1970,2h 19m,GP,7.8,5K
231. The Land,https://www.imdb.com/title/tt0064038/?ref_=sr_t_231,1970,2h 10m,,8.0,2.6K
232. The Reckoning,https://www.imdb.com/title/tt0064881/?ref_=sr_t_232,1970,1h 51m,R,6.8,693
233. Cannon for Cordoba,https://www.imdb.com/title/tt0065520/?ref_=sr_t_233,1970,1h 44m,PG-13,5.7,805
234. Scream and Scream Again,https://www.imdb.com/title/tt0064949/?ref_=sr_t_234,1970,1h 35m,R,5.5,4.6K
"235. Tick, Tick, Tick",https://www.imdb.com/title/tt0065360/?ref_=sr_t_235,1970,1h 40m,G,6.7,1.4K
236. The Weekend Murders,https://www.imdb.com/title/tt0065568/?ref_=sr_t_236,1970,1h 38m,R,6.1,619
237. Chariots of the Gods,https://www.imdb.com/title/tt0065702/?ref_=sr_t_237,1970,1h 32m,G,6.2,1.8K
238. Trader Hornee,https://www.imdb.com/title/tt0066479/?ref_=sr_t_238,1970,1h 24m,X,4.0,372
239. Rider on the Rain,https://www.imdb.com/title/tt0064791/?ref_=sr_t_239,1970,1h 55m,PG-13,6.6,4K
240. Space Amoeba,https://www.imdb.com/title/tt0065776/?ref_=sr_t_240,1970,1h 24m,G,5.4,1.6K
241. Deadlock,https://www.imdb.com/title/tt0065620/?ref_=sr_t_241,1970,1h 33m,,6.5,1.5K
242. Pufnstuf,https://www.imdb.com/title/tt0066256/?ref_=sr_t_242,1970,1h 38m,G,6.5,1.3K
243. The Christine Jorgensen Story,https://www.imdb.com/title/tt0065549/?ref_=sr_t_243,1970,1h 38m,R,5.6,402
244. The Lawyer,https://www.imdb.com/title/tt0065970/?ref_=sr_t_244,1970,2h,R,6.7,329
245. The Boatniks,https://www.imdb.com/title/tt0065482/?ref_=sr_t_245,1970,1h 39m,G,5.5,882
246. The Baby Maker,https://www.imdb.com/title/tt0065441/?ref_=sr_t_246,1970,1h 49m,R,6.1,362
247. The One Man Band,https://www.imdb.com/title/tt0065848/?ref_=sr_t_247,1970,1h 25m,,6.2,3.6K
248. Toomorrow,https://www.imdb.com/title/tt0066469/?ref_=sr_t_248,1970,1h 35m,Approved,5.1,304
249. Heer Raanjha,https://www.imdb.com/title/tt0148266/?ref_=sr_t_249,1970,2h 22m,,7.2,239
250. What Do You Say to a Naked Lady?,https://www.imdb.com/title/tt0066559/?ref_=sr_t_250,1970,1h 25m,X,5.8,581
251. The Priest's Wife,https://www.imdb.com/title/tt0067437/?ref_=sr_t_251,1970,1h 43m,PG,6.3,766
252. Female Animal,https://www.imdb.com/title/tt0137116/?ref_=sr_t_252,1970,1h 32m,R,4.7,128
253. The Gamblers,https://www.imdb.com/title/tt0064359/?ref_=sr_t_253,1970,1h 33m,G,6.1,51
254. I Am a Groupie,https://www.imdb.com/title/tt0179225/?ref_=sr_t_254,1970,1h 26m,R,4.8,249
255. The Strangler,https://www.imdb.com/title/tt0199175/?ref_=sr_t_255,1970,1h 36m,,6.5,575
256. Entertaining Mr Sloane,https://www.imdb.com/title/tt0065700/?ref_=sr_t_256,1970,1h 34m,Not Rated,6.4,762
257. Moonlighting Mistress,https://www.imdb.com/title/tt0065876/?ref_=sr_t_257,1970,1h 24m,R,5.7,127
258. The Gendarme Takes Off,https://www.imdb.com/title/tt0065769/?ref_=sr_t_258,1970,1h 47m,,6.5,7.7K
259. Diamond Stud,https://www.imdb.com/title/tt0135911/?ref_=sr_t_259,1970,1h 22m,X,4.6,43
260. Zatoichi Meets Yojimbo,https://www.imdb.com/title/tt0066603/?ref_=sr_t_260,1970,1h 55m,Not Rated,7.0,2.9K
261. Leo the Last,https://www.imdb.com/title/tt0065974/?ref_=sr_t_261,1970,1h 44m,R,5.8,704
262. Bigfoot,https://www.imdb.com/title/tt0065470/?ref_=sr_t_262,1970,1h 24m,GP,2.7,1K
263. Nana,https://www.imdb.com/title/tt0066128/?ref_=sr_t_263,1970,1h 45m,X,4.8,137
264. Adam and Eve,https://www.imdb.com/title/tt6286072/?ref_=sr_t_264,1970,1h 52m,GP,4.8,38
265. Hornets' Nest,https://www.imdb.com/title/tt0065850/?ref_=sr_t_265,1970,1h 50m,R,5.7,1.2K
266. Guess What We Learned in School Today?,https://www.imdb.com/title/tt0065802/?ref_=sr_t_266,1970,1h 36m,R,4.2,305
267. The Amazing Transplant,https://www.imdb.com/title/tt0065390/?ref_=sr_t_267,1970,1h 17m,R,4.1,486
268. Kati Patang,https://www.imdb.com/title/tt0065936/?ref_=sr_t_268,1970,2h 47m,Not Rated,7.2,1.2K
269. Purab Aur Pachhim,https://www.imdb.com/title/tt0234542/?ref_=sr_t_269,1970,2h 22m,,7.4,1K
270. Eden and After,https://www.imdb.com/title/tt0067040/?ref_=sr_t_270,1970,1h 33m,Unrated,6.4,1.4K
271. Bizarre,https://www.imdb.com/title/tt0066349/?ref_=sr_t_271,1970,1h 32m,R,4.5,431
272. More About the Language of Love,https://www.imdb.com/title/tt0066071/?ref_=sr_t_272,1970,1h 30m,,5.2,162
273. Spring and Port Wine,https://www.imdb.com/title/tt0066401/?ref_=sr_t_273,1970,1h 41m,Not Rated,7.0,1K
274. One More Time,https://www.imdb.com/title/tt0066183/?ref_=sr_t_274,1970,1h 32m,PG,5.0,557
275. The Swappers,https://www.imdb.com/title/tt0066569/?ref_=sr_t_275,1970,1h 21m,R,4.0,130
276. The Deep,https://www.imdb.com/title/tt0209994/?ref_=sr_t_276,1970,1h 51m,,6.5,294
277. Barbara,https://www.imdb.com/title/tt0211216/?ref_=sr_t_277,1970,1h 31m,,4.4,131
278. The Spider's Stratagem,https://www.imdb.com/title/tt0066413/?ref_=sr_t_278,1970,1h 40m,,6.9,3.2K
279. Sartana's Here... Trade Your Pistol for a Coffin,https://www.imdb.com/title/tt0065509/?ref_=sr_t_279,1970,1h 33m,Not Rated,6.2,1.1K
280. The Blood Rose,https://www.imdb.com/title/tt0064902/?ref_=sr_t_280,1970,1h 32m,R,5.7,532
281. Higher and Higher,https://www.imdb.com/title/tt0065877/?ref_=sr_t_281,1970,1h 43m,X,4.5,578
282. The Naked Wytche,https://www.imdb.com/title/tt0136166/?ref_=sr_t_282,1970,1h 22m,R,2.9,142
283. The Hammer of God,https://www.imdb.com/title/tt0065999/?ref_=sr_t_283,1970,1h 30m,R,6.7,958
284. Og så er der bal bagefter,https://www.imdb.com/title/tt0122640/?ref_=sr_t_284,1970,1h 40m,,6.3,56
285. The Set,https://www.imdb.com/title/tt0064963/?ref_=sr_t_285,1970,1h 42m,,5.2,149
286. Heroic Purgatory,https://www.imdb.com/title/tt0065834/?ref_=sr_t_286,1970,1h 58m,Not Rated,7.1,864
287. Halls of Anger,https://www.imdb.com/title/tt0065810/?ref_=sr_t_287,1970,1h 36m,R,5.9,455
288. The Miscellaneous Brigade Strikes Again,https://www.imdb.com/title/tt0123391/?ref_=sr_t_288,1970,1h 40m,,8.5,2K
289. Hurra for de blå husarer,https://www.imdb.com/title/tt0065865/?ref_=sr_t_289,1970,1h 40m,,5.9,475
290. The Animals,https://www.imdb.com/title/tt0065407/?ref_=sr_t_290,1970,1h 26m,R,4.3,454
291. Thumbelina,https://www.imdb.com/title/tt0134149/?ref_=sr_t_291,1970,1h 12m,G,1.5,184
292. Fruit of Paradise,https://www.imdb.com/title/tt0064781/?ref_=sr_t_292,1970,1h 39m,,6.7,1.3K
293. Getting Into Heaven,https://www.imdb.com/title/tt0219035/?ref_=sr_t_293,1970,1h 27m,X,4.4,235
294. Distracted,https://www.imdb.com/title/tt0072884/?ref_=sr_t_294,1970,1h 25m,,6.2,1.8K
295. The Awakening of the Beast,https://www.imdb.com/title/tt0062690/?ref_=sr_t_295,1970,1h 33m,,5.9,1.3K
296. Tobacco Roody,https://www.imdb.com/title/tt0128769/?ref_=sr_t_296,1970,1h 24m,,4.9,265
297. Die liebestollen Baronessen,https://www.imdb.com/title/tt0065984/?ref_=sr_t_297,1970,1h 29m,,4.3,63
298. The Man Who Had Power Over Women,https://www.imdb.com/title/tt0066052/?ref_=sr_t_298,1970,1h 29m,R,5.2,227
299. The Games,https://www.imdb.com/title/tt0065757/?ref_=sr_t_299,1970,1h 40m,G,6.1,523
300. Original Cast Album: Company,https://www.imdb.com/title/tt0293475/?ref_=sr_t_300,1970,53m,,8.0,1.1K
301. Lilika,https://www.imdb.com/title/tt0128308/?ref_=sr_t_301,1970,1h 20m,,6.7,115
302. The Naked Zoo,https://www.imdb.com/title/tt0067476/?ref_=sr_t_302,1970,1h 25m,R,4.0,366
303. The Rise and Rise of Michael Rimmer,https://www.imdb.com/title/tt0066302/?ref_=sr_t_303,1970,1h 40m,R,6.9,732
304. The McKenzie Break,https://www.imdb.com/title/tt0066064/?ref_=sr_t_304,1970,1h 48m,PG,6.5,1.7K
305. Weekend with the Babysitter,https://www.imdb.com/title/tt0066553/?ref_=sr_t_305,1970,1h 33m,R,4.3,761
306. Angel Unchained,https://www.imdb.com/title/tt0065401/?ref_=sr_t_306,1970,1h 26m,PG-13,5.1,501
307. The Virgin and the Gypsy,https://www.imdb.com/title/tt0066528/?ref_=sr_t_307,1970,1h 35m,R,6.0,403
308. The Devil's Backbone,https://www.imdb.com/title/tt0066984/?ref_=sr_t_308,1970,1h 40m,PG,6.2,543
309. Bedroom Mazurka,https://www.imdb.com/title/tt0066063/?ref_=sr_t_309,1970,1h 32m,R,4.8,345
310. Permissive,https://www.imdb.com/title/tt0066216/?ref_=sr_t_310,1970,1h 30m,X,5.3,325
311. Crescendo,https://www.imdb.com/title/tt0064188/?ref_=sr_t_311,1970,1h 23m,PG,5.2,864
312. The Dirtiest Game,https://www.imdb.com/title/tt0171228/?ref_=sr_t_312,1970,1h 4m,,4.5,99
313. Sudden Terror,https://www.imdb.com/title/tt0066420/?ref_=sr_t_313,1970,1h 32m,PG,6.1,797
314. The Affairs of Aphrodite,https://www.imdb.com/title/tt0209899/?ref_=sr_t_314,1970,1h 15m,,3.8,75
315. Three Sisters,https://www.imdb.com/title/tt0066454/?ref_=sr_t_315,1970,2h 45m,G,6.2,518
316. King Lear,https://www.imdb.com/title/tt0067306/?ref_=sr_t_316,1970,2h 17m,PG-13,7.2,977
317. Sinthia: The Devil's Doll,https://www.imdb.com/title/tt0063608/?ref_=sr_t_317,1970,1h 18m,,3.6,354
318. Johny Mera Naam,https://www.imdb.com/title/tt0154685/?ref_=sr_t_318,1970,2h 39m,,7.4,963
319. The Rebel Rousers,https://www.imdb.com/title/tt0066286/?ref_=sr_t_319,1970,1h 18m,R,4.1,826
320. The Breaking of Bumbo,https://www.imdb.com/title/tt0066861/?ref_=sr_t_320,1970,1h 29m,Not Rated,4.9,86
321. Goin' Down the Road,https://www.imdb.com/title/tt0065788/?ref_=sr_t_321,1970,1h 30m,PG,7.3,1K
322. The Traveling Executioner,https://www.imdb.com/title/tt0066485/?ref_=sr_t_322,1970,1h 35m,R,6.3,466
323. Stray Cat Rock: Sex Hunter,https://www.imdb.com/title/tt0223783/?ref_=sr_t_323,1970,1h 25m,Not Rated,6.3,913
324. Vengeance!,https://www.imdb.com/title/tt0065450/?ref_=sr_t_324,1970,2h 1m,PG-13,7.0,755
325. The Invisible Dead,https://www.imdb.com/title/tt0067948/?ref_=sr_t_325,1970,1h 22m,Not Rated,4.3,571
326. White Sun of the Desert,https://www.imdb.com/title/tt0066565/?ref_=sr_t_326,1970,1h 24m,Not Rated,7.7,8.1K
327. The Sensual Male,https://www.imdb.com/title/tt0064772/?ref_=sr_t_327,1970,1h 39m,,5.2,57
328. Red Sun,https://www.imdb.com/title/tt0064905/?ref_=sr_t_328,1970,1h 29m,,5.9,691
329. Song of Norway,https://www.imdb.com/title/tt0066393/?ref_=sr_t_329,1970,2h 18m,G,4.2,523
330. Puzzle of a Downfall Child,https://www.imdb.com/title/tt0066262/?ref_=sr_t_330,1970,1h 45m,R,6.5,983
331. Præriens skrappe drenge,https://www.imdb.com/title/tt0124843/?ref_=sr_t_331,1970,1h 39m,,5.0,436
332. Bartleby,https://www.imdb.com/title/tt0065452/?ref_=sr_t_332,1970,1h 18m,PG,6.6,436
333. Many Wars Ago,https://www.imdb.com/title/tt0066511/?ref_=sr_t_333,1970,1h 40m,Not Rated,7.6,2K
334. Carnival of Blood,https://www.imdb.com/title/tt0066893/?ref_=sr_t_334,1970,1h 27m,GP,3.8,670
335. Up Your Teddy Bear,https://www.imdb.com/title/tt0066099/?ref_=sr_t_335,1970,1h 29m,R,3.6,199
336. The Fifth Day of Peace,https://www.imdb.com/title/tt0064386/?ref_=sr_t_336,1970,1h 50m,GP,6.4,544
337. Tarkan: Gümüs Eyer,https://www.imdb.com/title/tt0274934/?ref_=sr_t_337,1970,1h 15m,,6.4,1.6K
338. Ganwaar,https://www.imdb.com/title/tt0065758/?ref_=sr_t_338,1970,2h 26m,,6.0,54
339. Story of a Woman,https://www.imdb.com/title/tt0066410/?ref_=sr_t_339,1970,1h 30m,R,6.5,124
340. Tres amigos,https://www.imdb.com/title/tt0311933/?ref_=sr_t_340,1970,1h 25m,,6.8,24
341. Miss Nymphet's Zap-In,https://www.imdb.com/title/tt0066086/?ref_=sr_t_341,1970,1h 16m,X,5.6,113
342. Hope,https://www.imdb.com/title/tt0066500/?ref_=sr_t_342,1970,1h 40m,Not Rated,7.9,4.4K
343. Move,https://www.imdb.com/title/tt0066102/?ref_=sr_t_343,1970,1h 30m,R,5.1,211
344. The Only Game in Town,https://www.imdb.com/title/tt0066184/?ref_=sr_t_344,1970,1h 53m,M/PG,5.7,1.1K
345. Colpo rovente,https://www.imdb.com/title/tt0154344/?ref_=sr_t_345,1970,1h 44m,X,5.5,182
346. Jack and the Beanstalk,https://www.imdb.com/title/tt0173937/?ref_=sr_t_346,1970,1h 2m,G,3.6,108
347. Bloodthirsty Butchers,https://www.imdb.com/title/tt0065480/?ref_=sr_t_347,1970,1h 19m,R,3.4,698
348. The Moonshine War,https://www.imdb.com/title/tt0066096/?ref_=sr_t_348,1970,1h 40m,GP,5.9,691
349. Scream of the Demon Lover,https://www.imdb.com/title/tt0065905/?ref_=sr_t_349,1970,1h 38m,,5.2,534
350. How Did a Nice Girl Like You...,https://www.imdb.com/title/tt0066083/?ref_=sr_t_350,1970,1h 27m,R,4.9,121
351. Dream No Evil,https://www.imdb.com/title/tt0130637/?ref_=sr_t_351,1970,1h 24m,R,4.9,692
352. Gamera vs. Jiger,https://www.imdb.com/title/tt0065755/?ref_=sr_t_352,1970,1h 23m,Not Rated,5.3,1.6K
353. Haunted Samurai,https://www.imdb.com/title/tt0188016/?ref_=sr_t_353,1970,1h 23m,,6.9,47
354. Flesh Feast,https://www.imdb.com/title/tt0065727/?ref_=sr_t_354,1970,1h 12m,R,2.6,783
355. The Anonymous Venetian,https://www.imdb.com/title/tt0065408/?ref_=sr_t_355,1970,1h 31m,GP,6.8,998
356. The Sidelong Glances of a Pigeon Kicker,https://www.imdb.com/title/tt0067576/?ref_=sr_t_356,1970,1h 46m,R,5.9,108
357. Legend of the Witches,https://www.imdb.com/title/tt0488757/?ref_=sr_t_357,1970,1h 12m,Not Rated,5.3,312
358. Deux femmes en or,https://www.imdb.com/title/tt0065632/?ref_=sr_t_358,1970,1h 46m,,4.6,278
359. Fragment of Fear,https://www.imdb.com/title/tt0065737/?ref_=sr_t_359,1970,1h 34m,GP,6.1,1K
360. Lokis. Rekopis profesora Wittembacha,https://www.imdb.com/title/tt0065994/?ref_=sr_t_360,1970,1h 40m,,6.2,743
361. May Morning,https://www.imdb.com/title/tt0065378/?ref_=sr_t_361,1970,1h 41m,R,5.4,144
362. End of the Road,https://www.imdb.com/title/tt0065692/?ref_=sr_t_362,1970,1h 50m,R,6.4,378
363. Jenny,https://www.imdb.com/title/tt0064510/?ref_=sr_t_363,1970,1h 29m,M/PG,5.5,229
364. Women and Bloody Terror,https://www.imdb.com/title/tt0065222/?ref_=sr_t_364,1970,1h 37m,R,5.5,60
365. Jonathan,https://www.imdb.com/title/tt0065917/?ref_=sr_t_365,1970,1h 50m,,6.1,350
"366. Don't Cry, Pretty Girls!",https://www.imdb.com/title/tt0163314/?ref_=sr_t_366,1970,1h 24m,,6.3,423
367. Wilbur and the Baby Factory,https://www.imdb.com/title/tt0065213/?ref_=sr_t_367,1970,1h 31m,X,4.3,133
368. Tropical Ecstasy,https://www.imdb.com/title/tt0122329/?ref_=sr_t_368,1970,1h 30m,,4.4,74
369. The Phynx,https://www.imdb.com/title/tt0066221/?ref_=sr_t_369,1970,1h 21m,GP,4.4,370
370. The Man Who Left His Will on Film,https://www.imdb.com/title/tt0066466/?ref_=sr_t_370,1970,1h 34m,,6.9,855
371. Alex in Wonderland,https://www.imdb.com/title/tt0065380/?ref_=sr_t_371,1970,1h 50m,R,5.4,1K
372. One Day in the Life of Ivan Denisovich,https://www.imdb.com/title/tt0067530/?ref_=sr_t_372,1970,1h 40m,G,7.1,645
373. The Ravager,https://www.imdb.com/title/tt0066285/?ref_=sr_t_373,1970,1h 16m,X,4.2,203
374. The Wind's Fierce,https://www.imdb.com/title/tt0066928/?ref_=sr_t_374,1970,1h 37m,,5.7,918
"375. Elle boit pas, elle fume pas, elle drague pas, mais... elle cause!",https://www.imdb.com/title/tt0065686/?ref_=sr_t_375,1970,1h 20m,,6.2,594
"376. Cry Blood, Apache",https://www.imdb.com/title/tt0065596/?ref_=sr_t_376,1970,1h 22m,R,3.4,699
377. Nudity,https://www.imdb.com/title/tt0128367/?ref_=sr_t_377,1970,1h 42m,,6.4,46
378. Goodbye Gemini,https://www.imdb.com/title/tt0065790/?ref_=sr_t_378,1970,1h 29m,R,5.5,477
379. Hollywood Horror House,https://www.imdb.com/title/tt0063552/?ref_=sr_t_379,1970,1h 31m,R,5.5,588
380. Dropout,https://www.imdb.com/title/tt0169806/?ref_=sr_t_380,1970,1h 49m,,6.2,259
381. Light the Fuse... Sartana Is Coming,https://www.imdb.com/title/tt0066167/?ref_=sr_t_381,1970,1h 39m,Not Rated,6.4,1.3K
382. Horror of the Blood Monsters,https://www.imdb.com/title/tt0065852/?ref_=sr_t_382,1970,1h 25m,GP,3.1,1.2K
383. El tunco Maclovio,https://www.imdb.com/title/tt0065630/?ref_=sr_t_383,1970,1h 38m,,7.2,129
384. The Breach,https://www.imdb.com/title/tt0066318/?ref_=sr_t_384,1970,2h 4m,,7.2,2K
385. Humjoli,https://www.imdb.com/title/tt0175756/?ref_=sr_t_385,1970,,,5.6,117
386. The Body Beneath,https://www.imdb.com/title/tt0065483/?ref_=sr_t_386,1970,1h 22m,,4.2,625
387. Blind Woman's Curse,https://www.imdb.com/title/tt0065932/?ref_=sr_t_387,1970,1h 25m,Not Rated,6.5,1.7K
388. Horse,https://www.imdb.com/title/tt0064294/?ref_=sr_t_388,1970,1h 30m,,6.9,1K
389. The Sensuous Assassin,https://www.imdb.com/title/tt0065515/?ref_=sr_t_389,1970,1h 18m,R,5.6,553
390. Stray Cat Rock: Delinquent Girl Boss,https://www.imdb.com/title/tt0204504/?ref_=sr_t_390,1970,1h 20m,Not Rated,6.1,874
391. The Joys of Jezebel,https://www.imdb.com/title/tt0065920/?ref_=sr_t_391,1970,1h 15m,X,4.5,125
392. Pratidwandi,https://www.imdb.com/title/tt0066237/?ref_=sr_t_392,1970,1h 50m,,8.1,2K
393. Zatoichi Goes to the Fire Festival,https://www.imdb.com/title/tt0164982/?ref_=sr_t_393,1970,1h 36m,Not Rated,7.3,1.6K
394. Kook's Tour,https://www.imdb.com/title/tt0211468/?ref_=sr_t_394,1970,53m,Not Rated,5.6,251
"395. Crepa padrone, crepa tranquillo",https://www.imdb.com/title/tt6078138/?ref_=sr_t_395,1970,,,8.7,29
396. Aan Milo Sajna,https://www.imdb.com/title/tt0178184/?ref_=sr_t_396,1970,2h 57m,,6.5,271
397. The Lady in the Car with Glasses and a Gun,https://www.imdb.com/title/tt0065957/?ref_=sr_t_397,1970,1h 45m,R,6.1,786
398. Come Have Coffee with Us,https://www.imdb.com/title/tt0067932/?ref_=sr_t_398,1970,1h 40m,Not Rated,6.8,609
399. Graf Porno bläst zum Zapfenstreich,https://www.imdb.com/title/tt0167964/?ref_=sr_t_399,1970,1h 21m,,3.7,58
400. Queens of Evil,https://www.imdb.com/title/tt0066980/?ref_=sr_t_400,1970,1h 32m,,6.1,574
401. The Cruise,https://www.imdb.com/title/tt0066289/?ref_=sr_t_401,1970,1h 5m,,7.5,3.8K
402. Shango,https://www.imdb.com/title/tt0066364/?ref_=sr_t_402,1970,1h 36m,Not Rated,5.5,266
403. One Song a Day Takes Mischief Away,https://www.imdb.com/title/tt0066461/?ref_=sr_t_403,1970,1h 25m,,8.5,2.7K
404. The Dirtiest Girl I Ever Met,https://www.imdb.com/title/tt0065575/?ref_=sr_t_404,1970,1h 42m,R,5.5,457
"405. I Killed Einstein, Gentlemen",https://www.imdb.com/title/tt0065235/?ref_=sr_t_405,1970,1h 35m,,6.8,607
406. Norma,https://www.imdb.com/title/tt0126545/?ref_=sr_t_406,1970,1h 17m,X,4.7,50
407. Songadya,https://www.imdb.com/title/tt0272302/?ref_=sr_t_407,1970,2h 22m,,8.7,38
408. Safar,https://www.imdb.com/title/tt0148692/?ref_=sr_t_408,1970,2h 17m,,7.2,459
409. How Do I Love Thee?,https://www.imdb.com/title/tt0065859/?ref_=sr_t_409,1970,1h 50m,GP,5.0,168
410. The Wild Country,https://www.imdb.com/title/tt0067985/?ref_=sr_t_410,1970,1h 40m,G,6.2,359
411. The Bear and the Doll,https://www.imdb.com/title/tt0064779/?ref_=sr_t_411,1970,1h 30m,GP,6.3,528
412. Death Occurred Last Night,https://www.imdb.com/title/tt0066098/?ref_=sr_t_412,1970,1h 38m,TV-14,6.5,792
413. The Revolutionary,https://www.imdb.com/title/tt0066296/?ref_=sr_t_413,1970,1h 40m,R,5.5,319
414. Il prete sposato,https://www.imdb.com/title/tt0067609/?ref_=sr_t_414,1970,1h 38m,R,5.8,66
415. Uhaw,https://www.imdb.com/title/tt0425583/?ref_=sr_t_415,1970,1h 30m,,6.7,20
416. The Adventures of Gerard,https://www.imdb.com/title/tt0065375/?ref_=sr_t_416,1970,1h 32m,PG,4.8,384
417. Brotherly Love,https://www.imdb.com/title/tt0065581/?ref_=sr_t_417,1970,1h 52m,R,5.5,395
418. The Invincible Six,https://www.imdb.com/title/tt0063137/?ref_=sr_t_418,1970,1h 43m,Approved,5.2,184
419. Judgement,https://www.imdb.com/title/tt0066622/?ref_=sr_t_419,1970,1h 39m,,6.3,56
420. Tchaikovsky,https://www.imdb.com/title/tt0065127/?ref_=sr_t_420,1970,2h 37m,Not Rated,6.3,500
421. Josefine M.,https://www.imdb.com/title/tt0065918/?ref_=sr_t_421,1970,1h 29m,R,5.6,300
422. Norwood,https://www.imdb.com/title/tt0066162/?ref_=sr_t_422,1970,1h 36m,G,5.3,313
423. Bali,https://www.imdb.com/title/tt0123909/?ref_=sr_t_423,1970,1h 30m,,4.7,119
424. De 5 i fedtefadet,https://www.imdb.com/title/tt0072992/?ref_=sr_t_424,1970,1h 30m,,5.1,169
425. Fools,https://www.imdb.com/title/tt0065731/?ref_=sr_t_425,1970,1h 33m,GP,5.1,167
426. Angels Die Hard,https://www.imdb.com/title/tt0065405/?ref_=sr_t_426,1970,1h 26m,R,4.9,272
427. Moon,https://www.imdb.com/title/tt0067390/?ref_=sr_t_427,1970,1h 47m,,5.2,295
428. Dionysus in '69,https://www.imdb.com/title/tt0065641/?ref_=sr_t_428,1970,1h 25m,X,5.1,445
429. First Love,https://www.imdb.com/title/tt0065703/?ref_=sr_t_429,1970,1h 30m,R,6.4,415
430. Beast of Blood,https://www.imdb.com/title/tt0065456/?ref_=sr_t_430,1970,1h 30m,GP,4.8,655
431. I Love My Wife,https://www.imdb.com/title/tt0065871/?ref_=sr_t_431,1970,1h 38m,R,4.9,199
"432. Vnimanie, cherepakha!",https://www.imdb.com/title/tt0066533/?ref_=sr_t_432,1970,1h 26m,,7.2,245
433. Suppose They Gave a War and Nobody Came,https://www.imdb.com/title/tt0066422/?ref_=sr_t_433,1970,1h 53m,PG,5.4,453
434. Billy Boy,https://www.imdb.com/title/tt4660566/?ref_=sr_t_434,1970,1h 12m,,7.6,53
435. Street Scenes,https://www.imdb.com/title/tt0066416/?ref_=sr_t_435,1970,1h 15m,,6.6,424
436. Marsha: The Erotic Housewife,https://www.imdb.com/title/tt0143621/?ref_=sr_t_436,1970,1h 13m,R,4.2,73
437. Girls for Mercenaries,https://www.imdb.com/title/tt0064195/?ref_=sr_t_437,1970,1h 25m,,3.7,41
438. The Last of the Mobile Hot Shots,https://www.imdb.com/title/tt0064574/?ref_=sr_t_438,1970,1h 40m,R,5.1,440
439. Robinson Crusoe,https://www.imdb.com/title/tt0064900/?ref_=sr_t_439,1970,1h 50m,G,6.1,122
440. The People Next Door,https://www.imdb.com/title/tt0066209/?ref_=sr_t_440,1970,1h 33m,R,6.1,459
441. Prem Pujari,https://www.imdb.com/title/tt0066241/?ref_=sr_t_441,1970,3h 12m,,6.7,260
442. Portraits of Women,https://www.imdb.com/title/tt0138645/?ref_=sr_t_442,1970,1h 30m,X,5.4,322
443. The Girls from Thunder Strip,https://www.imdb.com/title/tt0060462/?ref_=sr_t_443,1970,1h 20m,R,3.9,207
444. Black Angels,https://www.imdb.com/title/tt0065474/?ref_=sr_t_444,1970,1h 27m,R,4.2,189
445. Flap,https://www.imdb.com/title/tt0065726/?ref_=sr_t_445,1970,1h 46m,GP,5.7,605
446. Sawan Bhadon,https://www.imdb.com/title/tt0341563/?ref_=sr_t_446,1970,2h 35m,,6.4,63
447. Hello-Goodbye,https://www.imdb.com/title/tt0065828/?ref_=sr_t_447,1970,1h 47m,GP,4.6,203
448. The Fair Barbara,https://www.imdb.com/title/tt0191625/?ref_=sr_t_448,1970,1h 25m,,7.2,1.1K
449. Wind from the East,https://www.imdb.com/title/tt0065173/?ref_=sr_t_449,1970,1h 35m,Not Rated,5.8,729
450. The Buttercup Chain,https://www.imdb.com/title/tt0066875/?ref_=sr_t_450,1970,1h 35m,R,5.3,185
451. Take It Out in Trade,https://www.imdb.com/title/tt0350184/?ref_=sr_t_451,1970,1h 20m,,3.8,264
452. Last Known Address,https://www.imdb.com/title/tt0064225/?ref_=sr_t_452,1970,1h 45m,,6.9,2K
453. The Longest Most Meaningless Movie in the World,https://www.imdb.com/title/tt0342707/?ref_=sr_t_453,1970,48h,TV-14,5.6,200
454. Whirlpool,https://www.imdb.com/title/tt0065210/?ref_=sr_t_454,1970,1h 32m,X,5.6,662
455. Uncle Vanya,https://www.imdb.com/title/tt0065671/?ref_=sr_t_455,1970,1h 44m,,7.2,874
456. Arim Balim Petegim,https://www.imdb.com/title/tt0182731/?ref_=sr_t_456,1970,1h 28m,,5.8,568
457. Doctor in Trouble,https://www.imdb.com/title/tt0065648/?ref_=sr_t_457,1970,1h 30m,R,5.3,489
458. Necropolis,https://www.imdb.com/title/tt0188093/?ref_=sr_t_458,1970,2h 4m,,5.4,156
459. Sexy Susan Knows How...,https://www.imdb.com/title/tt0065739/?ref_=sr_t_459,1970,1h 32m,,4.6,74
460. Sabata the Killer,https://www.imdb.com/title/tt0065425/?ref_=sr_t_460,1970,1h 27m,,5.4,249
461. ¡Ahí madre!,https://www.imdb.com/title/tt0181190/?ref_=sr_t_461,1970,1h 30m,,7.2,118
462. You Can't Win 'Em All,https://www.imdb.com/title/tt0066593/?ref_=sr_t_462,1970,1h 37m,PG,5.7,1.8K
463. Jennifer,https://www.imdb.com/title/tt0371751/?ref_=sr_t_463,1970,1h 5m,X,4.4,22
464. The Hero,https://www.imdb.com/title/tt0068694/?ref_=sr_t_464,1970,1h 37m,PG,5.2,206
465. The Brutes,https://www.imdb.com/title/tt0066116/?ref_=sr_t_465,1970,1h 38m,R,7.0,223
466. Satanis: The Devil's Mass,https://www.imdb.com/title/tt0063550/?ref_=sr_t_466,1970,1h 26m,X,5.5,626
467. The Mind of Mr. Soames,https://www.imdb.com/title/tt0066080/?ref_=sr_t_467,1970,1h 38m,PG,6.2,952
468. Santo vs. the Riders of Terror,https://www.imdb.com/title/tt0069221/?ref_=sr_t_468,1970,1h 18m,TV-14,5.4,181
469. Night of the Witches,https://www.imdb.com/title/tt0066145/?ref_=sr_t_469,1970,1h 15m,R,4.6,118
470. Oddly Coupled,https://www.imdb.com/title/tt0066174/?ref_=sr_t_470,1970,1h 30m,R,4.8,56
471. The Tale of the Dean's Wife,https://www.imdb.com/title/tt0135359/?ref_=sr_t_471,1970,1h 13m,X,5.0,91
472. Porno Baby,https://www.imdb.com/title/tt0189937/?ref_=sr_t_472,1970,1h 15m,,3.2,39
473. Connecting Rooms,https://www.imdb.com/title/tt0066943/?ref_=sr_t_473,1970,1h 43m,Not Rated,6.4,942
474. Loot,https://www.imdb.com/title/tt0066002/?ref_=sr_t_474,1970,1h 41m,R,5.4,644
475. Judy,https://www.imdb.com/title/tt0222078/?ref_=sr_t_475,1970,1h 15m,R,3.8,78
476. Prohibido,https://www.imdb.com/title/tt0323726/?ref_=sr_t_476,1970,1h 30m,,6.6,15
477. Santo and Blue Demon vs. the Monsters,https://www.imdb.com/title/tt0064932/?ref_=sr_t_477,1970,1h 25m,,6.0,476
478. The Walking Stick,https://www.imdb.com/title/tt0066543/?ref_=sr_t_478,1970,1h 36m,GP,6.5,635
"479. Have a Good Funeral, My Friend... Sartana Will Pay",https://www.imdb.com/title/tt0065499/?ref_=sr_t_479,1970,1h 31m,Not Rated,6.6,996
480. Medená veza,https://www.imdb.com/title/tt0171518/?ref_=sr_t_480,1970,1h 30m,,7.4,325
481. O Happy Day,https://www.imdb.com/title/tt0066169/?ref_=sr_t_481,1970,1h 30m,R,5.9,83
482. Krasnaya ploshchad,https://www.imdb.com/title/tt0173968/?ref_=sr_t_482,1970,1h 40m,Not Rated,7.0,56
483. Les novices,https://www.imdb.com/title/tt0066164/?ref_=sr_t_483,1970,1h 31m,R,5.1,334
484. The Garden of Delights,https://www.imdb.com/title/tt0065913/?ref_=sr_t_484,1970,1h 35m,GP,6.7,762
485. Cauliflower Cupids,https://www.imdb.com/title/tt2103266/?ref_=sr_t_485,1970,1h 31m,,5.8,24
486. Kemek,https://www.imdb.com/title/tt0095436/?ref_=sr_t_486,1970,1h 30m,Not Rated,4.1,66
487. Simplemente vivir,https://www.imdb.com/title/tt0242883/?ref_=sr_t_487,1970,1h 35m,,5.9,11
488. Stop!,https://www.imdb.com/title/tt0174244/?ref_=sr_t_488,1970,1h 29m,X,6.6,63
"489. Engel, die ihre Flügel verbrennen",https://www.imdb.com/title/tt0065698/?ref_=sr_t_489,1970,1h 33m,,6.9,94
490. Ypolohagos Natassa,https://www.imdb.com/title/tt0179890/?ref_=sr_t_490,1970,2h 16m,,5.7,1.2K
491. Moonfire,https://www.imdb.com/title/tt0066095/?ref_=sr_t_491,1970,1h 47m,PG,4.7,150
492. Dinah East,https://www.imdb.com/title/tt0190364/?ref_=sr_t_492,1970,1h 29m,X,6.5,106
493. Vella kalpi,https://www.imdb.com/title/tt0314684/?ref_=sr_t_493,1970,1h 30m,,7.6,440
494. The Mafia Wants Blood,https://www.imdb.com/title/tt0064126/?ref_=sr_t_494,1970,1h 36m,R,5.0,269
495. The Cop,https://www.imdb.com/title/tt0066502/?ref_=sr_t_495,1970,1h 35m,R,6.8,736
496. Who Killed Cock Robin?,https://www.imdb.com/title/tt0153784/?ref_=sr_t_496,1970,56m,X,3.4,41
497. Landscape After Battle,https://www.imdb.com/title/tt0065948/?ref_=sr_t_497,1970,1h 49m,,7.0,914
498. Mrs. Stone's Thing,https://www.imdb.com/title/tt0208438/?ref_=sr_t_498,1970,1h 16m,,4.8,69
499. Love-in '72,https://www.imdb.com/title/tt0182937/?ref_=sr_t_499,1970,1h 26m,X,6.4,36
500. Summer Love,https://www.imdb.com/title/tt0065973/?ref_=sr_t_500,1970,1h 32m,,4.7,79
