Title,Movie Link,Year,Duration,MPA,Rating,Votes
1. Spider-Man,https://www.imdb.com/title/tt0145487/?ref_=sr_t_1,2002,2h 1m,PG-13,7.4,907K
2. The Lord of the Rings: The Two Towers,https://www.imdb.com/title/tt0167261/?ref_=sr_t_2,2002,2h 59m,PG-13,8.8,1.8M
3. Star Wars: Episode II - Attack of the Clones,https://www.imdb.com/title/tt0121765/?ref_=sr_t_3,2002,2h 22m,PG,6.6,778K
4. Harry Potter and the Chamber of Secrets,https://www.imdb.com/title/tt0295297/?ref_=sr_t_4,2002,2h 41m,PG,7.4,716K
5. My Big Fat Greek Wedding,https://www.imdb.com/title/tt0259446/?ref_=sr_t_5,2002,1h 35m,PG,6.6,147K
6. Signs,https://www.imdb.com/title/tt0286106/?ref_=sr_t_6,2002,1h 46m,PG-13,6.8,397K
7. Austin Powers in Goldmember,https://www.imdb.com/title/tt0295178/?ref_=sr_t_7,2002,1h 34m,PG-13,6.2,227K
8. Men in Black II,https://www.imdb.com/title/tt0120912/?ref_=sr_t_8,2002,1h 28m,PG-13,6.2,414K
9. Ice Age,https://www.imdb.com/title/tt0268380/?ref_=sr_t_9,2002,1h 21m,PG,7.5,535K
10. Chicago,https://www.imdb.com/title/tt0299658/?ref_=sr_t_10,2002,1h 53m,PG-13,7.2,248K
11. Catch Me If You Can,https://www.imdb.com/title/tt0264464/?ref_=sr_t_11,2002,2h 21m,PG-13,8.1,1.1M
12. Die Another Day,https://www.imdb.com/title/tt0246460/?ref_=sr_t_12,2002,2h 13m,PG-13,6.1,233K
13. Scooby-Doo,https://www.imdb.com/title/tt0267913/?ref_=sr_t_13,2002,1h 26m,PG,5.3,130K
14. Lilo & Stitch,https://www.imdb.com/title/tt0275847/?ref_=sr_t_14,2002,1h 25m,PG,7.3,220K
15. xXx,https://www.imdb.com/title/tt0295701/?ref_=sr_t_15,2002,2h 4m,PG-13,5.8,189K
16. The Santa Clause 2,https://www.imdb.com/title/tt0304669/?ref_=sr_t_16,2002,1h 44m,G,5.7,66K
17. Minority Report,https://www.imdb.com/title/tt0181689/?ref_=sr_t_17,2002,2h 25m,PG-13,7.6,596K
18. The Ring,https://www.imdb.com/title/tt0298130/?ref_=sr_t_18,2002,1h 55m,PG-13,7.1,385K
19. Sweet Home Alabama,https://www.imdb.com/title/tt0256415/?ref_=sr_t_19,2002,1h 48m,PG-13,6.2,127K
20. Mr. Deeds,https://www.imdb.com/title/tt0280590/?ref_=sr_t_20,2002,1h 36m,PG-13,5.8,156K
21. The Bourne Identity,https://www.imdb.com/title/tt0258463/?ref_=sr_t_21,2002,1h 59m,PG-13,7.8,589K
22. The Sum of All Fears,https://www.imdb.com/title/tt0164184/?ref_=sr_t_22,2002,2h 4m,PG-13,6.5,127K
23. 8 Mile,https://www.imdb.com/title/tt0298203/?ref_=sr_t_23,2002,1h 50m,R,7.2,333K
24. Road to Perdition,https://www.imdb.com/title/tt0257044/?ref_=sr_t_24,2002,1h 57m,R,7.7,290K
25. Panic Room,https://www.imdb.com/title/tt0258000/?ref_=sr_t_25,2002,1h 52m,R,6.8,304K
26. Maid in Manhattan,https://www.imdb.com/title/tt0252076/?ref_=sr_t_26,2002,1h 45m,PG-13,5.4,98K
27. Space Station 3D,https://www.imdb.com/title/tt0290296/?ref_=sr_t_27,2002,47m,Not Rated,7.4,1.8K
28. Two Weeks Notice,https://www.imdb.com/title/tt0313737/?ref_=sr_t_28,2002,1h 41m,PG-13,6.2,129K
29. Red Dragon,https://www.imdb.com/title/tt0289765/?ref_=sr_t_29,2002,2h 4m,R,7.2,299K
30. The Scorpion King,https://www.imdb.com/title/tt0277296/?ref_=sr_t_30,2002,1h 32m,PG-13,5.5,148K
31. Spy Kids 2: Island of Lost Dreams,https://www.imdb.com/title/tt0287717/?ref_=sr_t_31,2002,1h 40m,PG,5.3,75K
32. Blade II,https://www.imdb.com/title/tt0187738/?ref_=sr_t_32,2002,1h 57m,R,6.7,242K
33. Snow Dogs,https://www.imdb.com/title/tt0281373/?ref_=sr_t_33,2002,1h 39m,PG,5.2,29K
34. We Were Soldiers,https://www.imdb.com/title/tt0277434/?ref_=sr_t_34,2002,2h 18m,R,7.2,154K
35. Gangs of New York,https://www.imdb.com/title/tt0217505/?ref_=sr_t_35,2002,2h 47m,R,7.5,483K
36. Barbershop,https://www.imdb.com/title/tt0303714/?ref_=sr_t_36,2002,1h 42m,PG-13,6.3,34K
37. The Rookie,https://www.imdb.com/title/tt0265662/?ref_=sr_t_37,2002,2h 7m,G,6.9,38K
38. Spirit: Stallion of the Cimarron,https://www.imdb.com/title/tt0166813/?ref_=sr_t_38,2002,1h 23m,G,7.2,88K
39. John Q,https://www.imdb.com/title/tt0251160/?ref_=sr_t_39,2002,1h 56m,PG-13,7.1,147K
40. Divine Secrets of the Ya-Ya Sisterhood,https://www.imdb.com/title/tt0279778/?ref_=sr_t_40,2002,1h 56m,PG-13,6.1,21K
41. Insomnia,https://www.imdb.com/title/tt0278504/?ref_=sr_t_41,2002,1h 58m,R,7.2,326K
42. Changing Lanes,https://www.imdb.com/title/tt0264472/?ref_=sr_t_42,2002,1h 38m,R,6.5,76K
43. About Schmidt,https://www.imdb.com/title/tt0257360/?ref_=sr_t_43,2002,2h 5m,R,7.2,135K
44. Stuart Little 2,https://www.imdb.com/title/tt0243585/?ref_=sr_t_44,2002,1h 17m,PG,5.5,60K
45. Jackass: The Movie,https://www.imdb.com/title/tt0322802/?ref_=sr_t_45,2002,1h 25m,R,6.6,104K
46. The Time Machine,https://www.imdb.com/title/tt0268695/?ref_=sr_t_46,2002,1h 36m,PG-13,6.0,132K
47. Drumline,https://www.imdb.com/title/tt0303933/?ref_=sr_t_47,2002,1h 58m,PG-13,6.0,37K
48. The Count of Monte Cristo,https://www.imdb.com/title/tt0245844/?ref_=sr_t_48,2002,2h 11m,PG-13,7.7,153K
49. Hero,https://www.imdb.com/title/tt0299977/?ref_=sr_t_49,2002,1h 47m,PG-13,7.9,190K
50. Unfaithful,https://www.imdb.com/title/tt0250797/?ref_=sr_t_50,2002,2h 4m,R,6.7,101K
51. Like Mike,https://www.imdb.com/title/tt0308506/?ref_=sr_t_51,2002,1h 39m,PG,5.4,23K
52. The Tuxedo,https://www.imdb.com/title/tt0290095/?ref_=sr_t_52,2002,1h 38m,PG-13,5.4,90K
53. Return to Never Land,https://www.imdb.com/title/tt0280030/?ref_=sr_t_53,2002,1h 12m,G,5.8,23K
54. Big Fat Liar,https://www.imdb.com/title/tt0265298/?ref_=sr_t_54,2002,1h 28m,PG,5.5,41K
55. Phone Booth,https://www.imdb.com/title/tt0183649/?ref_=sr_t_55,2002,1h 21m,R,7.1,292K
56. 28 Days Later,https://www.imdb.com/title/tt0289043/?ref_=sr_t_56,2002,1h 53m,R,7.5,464K
57. Star Trek: Nemesis,https://www.imdb.com/title/tt0253754/?ref_=sr_t_57,2002,1h 56m,PG-13,6.4,85K
58. Reign of Fire,https://www.imdb.com/title/tt0253556/?ref_=sr_t_58,2002,1h 41m,PG-13,6.2,148K
59. The Hours,https://www.imdb.com/title/tt0274558/?ref_=sr_t_59,2002,1h 50m,PG-13,7.5,143K
60. High Crimes,https://www.imdb.com/title/tt0257756/?ref_=sr_t_60,2002,1h 55m,PG-13,6.4,49K
61. About a Boy,https://www.imdb.com/title/tt0276751/?ref_=sr_t_61,2002,1h 41m,PG-13,7.1,195K
62. A Walk to Remember,https://www.imdb.com/title/tt0281358/?ref_=sr_t_62,2002,1h 41m,PG,7.3,225K
63. Orange County,https://www.imdb.com/title/tt0273923/?ref_=sr_t_63,2002,1h 22m,PG-13,6.2,53K
64. Windtalkers,https://www.imdb.com/title/tt0245562/?ref_=sr_t_64,2002,2h 14m,R,6.1,75K
65. Blue Crush,https://www.imdb.com/title/tt0300532/?ref_=sr_t_65,2002,1h 44m,PG-13,5.7,33K
66. The Master of Disguise,https://www.imdb.com/title/tt0295427/?ref_=sr_t_66,2002,1h 20m,PG,3.4,28K
67. Resident Evil,https://www.imdb.com/title/tt0120804/?ref_=sr_t_67,2002,1h 40m,R,6.6,296K
68. The Wild Thornberrys,https://www.imdb.com/title/tt0282120/?ref_=sr_t_68,2002,1h 25m,PG,5.7,15K
69. Collateral Damage,https://www.imdb.com/title/tt0233469/?ref_=sr_t_69,2002,1h 48m,R,5.5,79K
70. Enough,https://www.imdb.com/title/tt0278435/?ref_=sr_t_70,2002,1h 55m,PG-13,5.8,49K
71. Undercover Brother,https://www.imdb.com/title/tt0279493/?ref_=sr_t_71,2002,1h 26m,PG-13,5.9,37K
72. Treasure Planet,https://www.imdb.com/title/tt0133240/?ref_=sr_t_72,2002,1h 35m,PG,7.2,138K
73. Showtime,https://www.imdb.com/title/tt0284490/?ref_=sr_t_73,2002,1h 35m,PG-13,5.5,66K
74. 40 Days and 40 Nights,https://www.imdb.com/title/tt0243736/?ref_=sr_t_74,2002,1h 36m,R,5.6,77K
75. Crossroads,https://www.imdb.com/title/tt0275022/?ref_=sr_t_75,2002,1h 33m,PG-13,3.8,45K
76. Clockstoppers,https://www.imdb.com/title/tt0157472/?ref_=sr_t_76,2002,1h 34m,PG,5.2,15K
77. The Mothman Prophecies,https://www.imdb.com/title/tt0265349/?ref_=sr_t_77,2002,1h 59m,PG-13,6.4,86K
78. K-19: The Widowmaker,https://www.imdb.com/title/tt0267626/?ref_=sr_t_78,2002,2h 18m,PG-13,6.7,69K
79. The Hot Chick,https://www.imdb.com/title/tt0302640/?ref_=sr_t_79,2002,1h 44m,PG-13,5.6,105K
80. I Spy,https://www.imdb.com/title/tt0297181/?ref_=sr_t_80,2002,1h 37m,PG-13,5.4,54K
81. Friday After Next,https://www.imdb.com/title/tt0293815/?ref_=sr_t_81,2002,1h 25m,R,5.8,31K
82. The Pianist,https://www.imdb.com/title/tt0253474/?ref_=sr_t_82,2002,2h 30m,R,8.5,948K
83. Bend It Like Beckham,https://www.imdb.com/title/tt0286499/?ref_=sr_t_83,2002,1h 52m,PG-13,6.7,118K
84. Analyze That,https://www.imdb.com/title/tt0289848/?ref_=sr_t_84,2002,1h 36m,R,5.9,91K
85. Murder by Numbers,https://www.imdb.com/title/tt0264935/?ref_=sr_t_85,2002,1h 55m,R,6.2,64K
86. One Hour Photo,https://www.imdb.com/title/tt0265459/?ref_=sr_t_86,2002,1h 36m,R,6.8,135K
87. Halloween: Resurrection,https://www.imdb.com/title/tt0220506/?ref_=sr_t_87,2002,1h 30m,R,3.9,51K
88. Queen of the Damned,https://www.imdb.com/title/tt0238546/?ref_=sr_t_88,2002,1h 41m,R,5.3,62K
89. Dragonfly,https://www.imdb.com/title/tt0259288/?ref_=sr_t_89,2002,1h 44m,PG-13,6.1,41K
90. The Banger Sisters,https://www.imdb.com/title/tt0280460/?ref_=sr_t_90,2002,1h 38m,R,5.7,18K
91. Bad Company,https://www.imdb.com/title/tt0280486/?ref_=sr_t_91,2002,1h 56m,PG-13,5.6,51K
92. Ghost Ship,https://www.imdb.com/title/tt0288477/?ref_=sr_t_92,2002,1h 31m,R,5.6,112K
93. The New Guy,https://www.imdb.com/title/tt0241760/?ref_=sr_t_93,2002,1h 28m,PG-13,5.8,38K
94. Swimfan,https://www.imdb.com/title/tt0283026/?ref_=sr_t_94,2002,1h 25m,PG-13,5.1,22K
95. The Crocodile Hunter: Collision Course,https://www.imdb.com/title/tt0305396/?ref_=sr_t_95,2002,1h 30m,PG,5.4,8.3K
96. Brown Sugar,https://www.imdb.com/title/tt0297037/?ref_=sr_t_96,2002,1h 49m,PG-13,6.5,11K
97. Blood Work,https://www.imdb.com/title/tt0309377/?ref_=sr_t_97,2002,1h 50m,R,6.4,49K
98. All About the Benjamins,https://www.imdb.com/title/tt0278295/?ref_=sr_t_98,2002,1h 35m,R,5.8,16K
99. Frida,https://www.imdb.com/title/tt0120679/?ref_=sr_t_99,2002,2h 3m,R,7.3,97K
100. Jonah: A VeggieTales Movie,https://www.imdb.com/title/tt0298388/?ref_=sr_t_100,2002,1h 22m,G,6.4,4.6K
101. The Transporter,https://www.imdb.com/title/tt0293662/?ref_=sr_t_101,2002,1h 32m,PG-13,6.8,327K
102. The Sweetest Thing,https://www.imdb.com/title/tt0253867/?ref_=sr_t_102,2002,1h 24m,R,5.2,64K
103. Eight Crazy Nights,https://www.imdb.com/title/tt0271263/?ref_=sr_t_103,2002,1h 16m,PG-13,5.3,27K
104. Adaptation.,https://www.imdb.com/title/tt0268126/?ref_=sr_t_104,2002,1h 55m,R,7.7,207K
105. City by the Sea,https://www.imdb.com/title/tt0269095/?ref_=sr_t_105,2002,1h 48m,R,6.1,27K
106. Darkness,https://www.imdb.com/title/tt0273517/?ref_=sr_t_106,2002,1h 28m,PG-13,5.4,21K
107. Bowling for Columbine,https://www.imdb.com/title/tt0310793/?ref_=sr_t_107,2002,2h,R,8.0,150K
108. Van Wilder,https://www.imdb.com/title/tt0283111/?ref_=sr_t_108,2002,1h 32m,R,6.4,117K
109. Cabin Fever,https://www.imdb.com/title/tt0303816/?ref_=sr_t_109,2002,1h 33m,R,5.6,86K
110. Antwone Fisher,https://www.imdb.com/title/tt0168786/?ref_=sr_t_110,2002,2h,PG-13,7.3,39K
111. Whale Rider,https://www.imdb.com/title/tt0298228/?ref_=sr_t_111,2002,1h 41m,PG-13,7.5,45K
112. Martin Lawrence Live: Runteldat,https://www.imdb.com/title/tt0327036/?ref_=sr_t_112,2002,1h 53m,R,5.4,1.8K
113. Tuck Everlasting,https://www.imdb.com/title/tt0283084/?ref_=sr_t_113,2002,1h 30m,PG,6.6,26K
114. Hart's War,https://www.imdb.com/title/tt0251114/?ref_=sr_t_114,2002,2h 5m,R,6.4,56K
115. Rollerball,https://www.imdb.com/title/tt0246894/?ref_=sr_t_115,2002,1h 38m,PG-13,3.1,30K
116. The Four Feathers,https://www.imdb.com/title/tt0240510/?ref_=sr_t_116,2002,2h 12m,PG-13,6.5,36K
117. Punch-Drunk Love,https://www.imdb.com/title/tt0272338/?ref_=sr_t_117,2002,1h 35m,R,7.3,183K
118. Empire,https://www.imdb.com/title/tt0262396/?ref_=sr_t_118,2002,1h 30m,R,5.9,8K
119. Eight Legged Freaks,https://www.imdb.com/title/tt0271367/?ref_=sr_t_119,2002,1h 39m,PG-13,5.5,61K
120. The Country Bears,https://www.imdb.com/title/tt0276033/?ref_=sr_t_120,2002,1h 28m,G,4.3,6.3K
121. Serving Sara,https://www.imdb.com/title/tt0261289/?ref_=sr_t_121,2002,1h 39m,PG-13,5.3,19K
122. White Oleander,https://www.imdb.com/title/tt0283139/?ref_=sr_t_122,2002,1h 49m,PG-13,7.1,35K
123. Kung Pow: Enter the Fist,https://www.imdb.com/title/tt0240468/?ref_=sr_t_123,2002,1h 21m,PG-13,6.2,49K
124. Confessions of a Dangerous Mind,https://www.imdb.com/title/tt0270288/?ref_=sr_t_124,2002,1h 53m,R,7.0,93K
125. Far from Heaven,https://www.imdb.com/title/tt0297884/?ref_=sr_t_125,2002,1h 47m,PG-13,7.3,50K
126. Half Past Dead,https://www.imdb.com/title/tt0297162/?ref_=sr_t_126,2002,1h 38m,PG-13,4.6,17K
127. In America,https://www.imdb.com/title/tt0298845/?ref_=sr_t_127,2002,1h 45m,PG-13,7.7,45K
128. Solaris,https://www.imdb.com/title/tt0307479/?ref_=sr_t_128,2002,1h 39m,PG-13,6.2,87K
129. Life or Something Like It,https://www.imdb.com/title/tt0282687/?ref_=sr_t_129,2002,1h 43m,PG-13,5.8,28K
130. Ballistic: Ecks vs. Sever,https://www.imdb.com/title/tt0308208/?ref_=sr_t_130,2002,1h 31m,R,3.7,21K
131. The Emperor's Club,https://www.imdb.com/title/tt0283530/?ref_=sr_t_131,2002,1h 49m,PG-13,6.9,18K
132. Stealing Harvard,https://www.imdb.com/title/tt0265808/?ref_=sr_t_132,2002,1h 25m,PG-13,5.1,14K
133. The Good Girl,https://www.imdb.com/title/tt0279113/?ref_=sr_t_133,2002,1h 33m,R,6.4,48K
134. Hey Arnold! The Movie,https://www.imdb.com/title/tt0314166/?ref_=sr_t_134,2002,1h 16m,PG,5.9,8K
135. Juwanna Mann,https://www.imdb.com/title/tt0247444/?ref_=sr_t_135,2002,1h 31m,PG-13,4.7,7.2K
136. Feardotcom,https://www.imdb.com/title/tt0295254/?ref_=sr_t_136,2002,1h 41m,R,3.4,23K
137. 25th Hour,https://www.imdb.com/title/tt0307901/?ref_=sr_t_137,2002,2h 15m,R,7.6,187K
138. The Quiet American,https://www.imdb.com/title/tt0258068/?ref_=sr_t_138,2002,1h 41m,R,7.0,30K
139. They,https://www.imdb.com/title/tt0283632/?ref_=sr_t_139,2002,1h 29m,PG-13,4.8,14K
140. Undisputed,https://www.imdb.com/title/tt0281322/?ref_=sr_t_140,2002,1h 34m,R,6.1,35K
141. The Powerpuff Girls Movie,https://www.imdb.com/title/tt0289408/?ref_=sr_t_141,2002,1h 13m,PG,6.5,11K
142. Abandon,https://www.imdb.com/title/tt0267248/?ref_=sr_t_142,2002,1h 39m,PG-13,4.8,10K
143. Narc,https://www.imdb.com/title/tt0272207/?ref_=sr_t_143,2002,1h 45m,R,7.1,44K
144. Sorority Boys,https://www.imdb.com/title/tt0279781/?ref_=sr_t_144,2002,1h 33m,R,5.5,16K
145. Possession,https://www.imdb.com/title/tt0256276/?ref_=sr_t_145,2002,1h 42m,PG-13,6.3,14K
146. S1m0ne,https://www.imdb.com/title/tt0258153/?ref_=sr_t_146,2002,1h 57m,PG-13,6.1,63K
147. Talk to Her,https://www.imdb.com/title/tt0287467/?ref_=sr_t_147,2002,1h 52m,R,7.9,119K
148. Dark Blue,https://www.imdb.com/title/tt0279331/?ref_=sr_t_148,2002,1h 58m,R,6.6,25K
149. Boat Trip,https://www.imdb.com/title/tt0285462/?ref_=sr_t_149,2002,1h 34m,R,4.9,33K
150. The Importance of Being Earnest,https://www.imdb.com/title/tt0278500/?ref_=sr_t_150,2002,1h 37m,PG,6.8,25K
151. Death to Smoochy,https://www.imdb.com/title/tt0266452/?ref_=sr_t_151,2002,1h 49m,R,6.3,43K
152. Dirty Pretty Things,https://www.imdb.com/title/tt0301199/?ref_=sr_t_152,2002,1h 37m,R,7.2,45K
153. City of God,https://www.imdb.com/title/tt0317248/?ref_=sr_t_153,2002,2h 10m,R,8.6,824K
154. Big Trouble,https://www.imdb.com/title/tt0246464/?ref_=sr_t_154,2002,1h 25m,PG-13,6.4,22K
155. Trapped,https://www.imdb.com/title/tt0280380/?ref_=sr_t_155,2002,1h 46m,R,6.1,26K
156. Moonlight Mile,https://www.imdb.com/title/tt0179098/?ref_=sr_t_156,2002,1h 57m,PG-13,6.6,15K
157. Séraphin: Heart of Stone,https://www.imdb.com/title/tt0221013/?ref_=sr_t_157,2002,1h 50m,,6.6,1.1K
158. Femme Fatale,https://www.imdb.com/title/tt0280665/?ref_=sr_t_158,2002,1h 54m,R,6.2,38K
159. The Rules of Attraction,https://www.imdb.com/title/tt0292644/?ref_=sr_t_159,2002,1h 50m,R,6.6,54K
160. Rabbit-Proof Fence,https://www.imdb.com/title/tt0252444/?ref_=sr_t_160,2002,1h 34m,PG,7.4,31K
161. Deuces Wild,https://www.imdb.com/title/tt0231448/?ref_=sr_t_161,2002,1h 36m,R,5.6,7.9K
162. Real Women Have Curves,https://www.imdb.com/title/tt0296166/?ref_=sr_t_162,2002,1h 30m,PG-13,6.9,8.5K
163. Spellbound,https://www.imdb.com/title/tt0334405/?ref_=sr_t_163,2002,1h 37m,G,7.6,13K
164. The Crime of Padre Amaro,https://www.imdb.com/title/tt0313196/?ref_=sr_t_164,2002,1h 58m,R,6.7,15K
165. The Truth About Charlie,https://www.imdb.com/title/tt0270707/?ref_=sr_t_165,2002,1h 44m,PG-13,4.7,11K
166. Slackers,https://www.imdb.com/title/tt0240900/?ref_=sr_t_166,2002,1h 26m,R,5.3,15K
167. The Magdalene Sisters,https://www.imdb.com/title/tt0318411/?ref_=sr_t_167,2002,1h 54m,R,7.7,29K
168. Hollywood Ending,https://www.imdb.com/title/tt0278823/?ref_=sr_t_168,2002,1h 52m,PG-13,6.5,28K
169. Extreme Ops,https://www.imdb.com/title/tt0283160/?ref_=sr_t_169,2002,1h 33m,PG-13,4.4,5.8K
170. Igby Goes Down,https://www.imdb.com/title/tt0280760/?ref_=sr_t_170,2002,1h 38m,R,6.8,36K
171. The Adventures of Pluto Nash,https://www.imdb.com/title/tt0180052/?ref_=sr_t_171,2002,1h 35m,PG-13,3.9,27K
172. Men with Brooms,https://www.imdb.com/title/tt0263734/?ref_=sr_t_172,2002,1h 42m,R,5.9,4.8K
173. Ultimate X: The Movie,https://www.imdb.com/title/tt0297445/?ref_=sr_t_173,2002,47m,PG,6.6,304
174. Secretary,https://www.imdb.com/title/tt0274812/?ref_=sr_t_174,2002,1h 47m,R,6.9,102K
175. The Spanish Apartment,https://www.imdb.com/title/tt0283900/?ref_=sr_t_175,2002,2h 2m,R,7.3,43K
176. Better Luck Tomorrow,https://www.imdb.com/title/tt0280477/?ref_=sr_t_176,2002,1h 41m,R,7.0,11K
177. The Secret Lives of Dentists,https://www.imdb.com/title/tt0314630/?ref_=sr_t_177,2002,1h 44m,R,6.4,3.6K
178. Pinocchio,https://www.imdb.com/title/tt0255477/?ref_=sr_t_178,2002,1h 48m,G,4.3,8.7K
179. Laurel Canyon,https://www.imdb.com/title/tt0298408/?ref_=sr_t_179,2002,1h 43m,R,6.4,18K
180. The Good Thief,https://www.imdb.com/title/tt0281820/?ref_=sr_t_180,2002,1h 49m,R,6.5,11K
181. Asterix & Obelix: Mission Cleopatra,https://www.imdb.com/title/tt0250223/?ref_=sr_t_181,2002,1h 47m,PG,6.7,59K
182. 8 Women,https://www.imdb.com/title/tt0283832/?ref_=sr_t_182,2002,1h 51m,R,7.0,35K
183. The Guru,https://www.imdb.com/title/tt0280720/?ref_=sr_t_183,2002,1h 34m,R,5.4,16K
184. Paid in Full,https://www.imdb.com/title/tt0259484/?ref_=sr_t_184,2002,1h 37m,R,7.0,15K
185. Sunshine State,https://www.imdb.com/title/tt0286179/?ref_=sr_t_185,2002,2h 21m,PG-13,6.8,4.3K
186. Russian Ark,https://www.imdb.com/title/tt0318034/?ref_=sr_t_186,2002,1h 39m,Not Rated,7.2,22K
187. G,https://www.imdb.com/title/tt0291928/?ref_=sr_t_187,2002,1h 37m,R,5.2,803
188. Tadpole,https://www.imdb.com/title/tt0271219/?ref_=sr_t_188,2002,1h 18m,PG-13,6.2,6.3K
189. Comedian,https://www.imdb.com/title/tt0328962/?ref_=sr_t_189,2002,1h 22m,R,6.9,7.4K
190. Devdas,https://www.imdb.com/title/tt0238936/?ref_=sr_t_190,2002,3h 5m,,7.5,48K
191. Man on the Train,https://www.imdb.com/title/tt0301414/?ref_=sr_t_191,2002,1h 30m,R,7.1,7.6K
192. Full Frontal,https://www.imdb.com/title/tt0290212/?ref_=sr_t_192,2002,1h 41m,R,4.7,11K
193. The Dancer Upstairs,https://www.imdb.com/title/tt0118926/?ref_=sr_t_193,2002,2h 12m,R,6.8,7K
194. State Property,https://www.imdb.com/title/tt0301893/?ref_=sr_t_194,2002,1h 28m,R,4.3,2.3K
195. Raising Victor Vargas,https://www.imdb.com/title/tt0316188/?ref_=sr_t_195,2002,1h 28m,R,7.2,5.8K
196. Auto Focus,https://www.imdb.com/title/tt0298744/?ref_=sr_t_196,2002,1h 45m,R,6.7,15K
197. The Dangerous Lives of Altar Boys,https://www.imdb.com/title/tt0238924/?ref_=sr_t_197,2002,1h 44m,R,6.9,14K
198. L'odyssée d'Alice Tremblay,https://www.imdb.com/title/tt0302882/?ref_=sr_t_198,2002,1h 42m,,5.4,569
199. Standing in the Shadows of Motown,https://www.imdb.com/title/tt0314725/?ref_=sr_t_199,2002,1h 48m,PG,7.8,3.9K
200. Spider,https://www.imdb.com/title/tt0278731/?ref_=sr_t_200,2002,1h 38m,R,6.7,42K
201. Nicholas Nickleby,https://www.imdb.com/title/tt0309912/?ref_=sr_t_201,2002,2h 12m,PG,7.1,14K
202. Ararat,https://www.imdb.com/title/tt0273435/?ref_=sr_t_202,2002,1h 55m,R,6.3,15K
203. Bollywood/Hollywood,https://www.imdb.com/title/tt0303785/?ref_=sr_t_203,2002,1h 45m,PG-13,5.9,2.6K
204. Evelyn,https://www.imdb.com/title/tt0298856/?ref_=sr_t_204,2002,1h 34m,PG,7.0,7.2K
205. Joshua,https://www.imdb.com/title/tt0271582/?ref_=sr_t_205,2002,1h 31m,G,6.6,2.1K
206. The Kid Stays in the Picture,https://www.imdb.com/title/tt0303353/?ref_=sr_t_206,2002,1h 33m,R,7.3,8.1K
207. Time Changer,https://www.imdb.com/title/tt0295725/?ref_=sr_t_207,2002,1h 35m,PG,5.2,3.1K
208. Roger Dodger,https://www.imdb.com/title/tt0299117/?ref_=sr_t_208,2002,1h 46m,R,6.8,18K
209. The Singles Ward,https://www.imdb.com/title/tt0306069/?ref_=sr_t_209,2002,1h 42m,PG,6.2,1.5K
210. Bubba Ho-Tep,https://www.imdb.com/title/tt0281686/?ref_=sr_t_210,2002,1h 32m,R,6.9,52K
211. Equilibrium,https://www.imdb.com/title/tt0238380/?ref_=sr_t_211,2002,1h 47m,R,7.3,352K
212. 24 Hour Party People,https://www.imdb.com/title/tt0274309/?ref_=sr_t_212,2002,1h 57m,R,7.3,40K
213. Together,https://www.imdb.com/title/tt0332639/?ref_=sr_t_213,2002,1h 56m,PG,7.4,4.5K
214. Respiro,https://www.imdb.com/title/tt0286516/?ref_=sr_t_214,2002,1h 30m,PG-13,7.0,4.9K
215. Kaante,https://www.imdb.com/title/tt0294662/?ref_=sr_t_215,2002,2h 30m,R,6.6,5.5K
216. Savage Messiah,https://www.imdb.com/title/tt0303010/?ref_=sr_t_216,2002,1h 34m,R,6.3,1.2K
217. Assassination Tango,https://www.imdb.com/title/tt0283897/?ref_=sr_t_217,2002,1h 54m,R,5.7,3.4K
"218. He Loves Me, He Loves Me Not",https://www.imdb.com/title/tt0291579/?ref_=sr_t_218,2002,1h 32m,PG-13,7.1,20K
219. The Man Without a Past,https://www.imdb.com/title/tt0311519/?ref_=sr_t_219,2002,1h 37m,PG-13,7.6,27K
220. Pandora's Box,https://www.imdb.com/title/tt0285869/?ref_=sr_t_220,2002,1h 43m,R,4.8,792
221. Charly,https://www.imdb.com/title/tt0330136/?ref_=sr_t_221,2002,1h 43m,PG,6.3,1.1K
222. Personal Velocity,https://www.imdb.com/title/tt0295238/?ref_=sr_t_222,2002,1h 26m,R,6.5,4K
223. Irreversible,https://www.imdb.com/title/tt0290673/?ref_=sr_t_223,2002,1h 37m,Not Rated,7.3,152K
224. Jet Lag,https://www.imdb.com/title/tt0293116/?ref_=sr_t_224,2002,1h 31m,R,6.1,6.2K
225. Heaven,https://www.imdb.com/title/tt0246677/?ref_=sr_t_225,2002,1h 37m,R,6.9,27K
226. To Be and to Have,https://www.imdb.com/title/tt0318202/?ref_=sr_t_226,2002,1h 44m,Not Rated,7.8,8.5K
227. Bloody Sunday,https://www.imdb.com/title/tt0280491/?ref_=sr_t_227,2002,1h 51m,R,7.6,26K
228. The Salton Sea,https://www.imdb.com/title/tt0235737/?ref_=sr_t_228,2002,1h 43m,R,7.0,32K
229. Pokémon Heroes,https://www.imdb.com/title/tt0347791/?ref_=sr_t_229,2002,1h 11m,G,6.1,7.1K
230. And Now Ladies & Gentlemen,https://www.imdb.com/title/tt0283883/?ref_=sr_t_230,2002,2h 13m,PG-13,6.1,2.4K
231. Lost in La Mancha,https://www.imdb.com/title/tt0308514/?ref_=sr_t_231,2002,1h 29m,R,7.3,12K
232. Shanghai Ghetto,https://www.imdb.com/title/tt0318068/?ref_=sr_t_232,2002,1h 35m,,7.1,224
233. Balzac and the Little Chinese Seamstress,https://www.imdb.com/title/tt0291032/?ref_=sr_t_233,2002,1h 50m,,7.2,4.6K
234. Below,https://www.imdb.com/title/tt0276816/?ref_=sr_t_234,2002,1h 45m,R,6.1,25K
235. Swept Away,https://www.imdb.com/title/tt0291502/?ref_=sr_t_235,2002,1h 29m,R,3.6,18K
236. Tibet: Cry of the Snow Lion,https://www.imdb.com/title/tt0373389/?ref_=sr_t_236,2002,1h 44m,Unrated,7.5,691
237. The Weather Underground,https://www.imdb.com/title/tt0343168/?ref_=sr_t_237,2002,1h 32m,Unrated,7.4,3.8K
238. The Cat Returns,https://www.imdb.com/title/tt0347618/?ref_=sr_t_238,2002,1h 15m,G,7.1,67K
239. Poolhall Junkies,https://www.imdb.com/title/tt0273982/?ref_=sr_t_239,2002,1h 39m,R,6.8,11K
240. The Twilight Samurai,https://www.imdb.com/title/tt0351817/?ref_=sr_t_240,2002,2h 9m,,8.1,26K
241. Passionada,https://www.imdb.com/title/tt0285879/?ref_=sr_t_241,2002,1h 48m,PG-13,6.1,1.4K
242. Max,https://www.imdb.com/title/tt0290210/?ref_=sr_t_242,2002,1h 46m,R,6.4,8.8K
243. The Trials of Henry Kissinger,https://www.imdb.com/title/tt0326306/?ref_=sr_t_243,2002,1h 20m,Not Rated,7.6,2.1K
244. The Eye,https://www.imdb.com/title/tt0325655/?ref_=sr_t_244,2002,1h 39m,R,6.6,30K
245. Manna from Heaven,https://www.imdb.com/title/tt0248169/?ref_=sr_t_245,2002,1h 59m,PG,5.3,504
246. Une femme de ménage,https://www.imdb.com/title/tt0291538/?ref_=sr_t_246,2002,1h 31m,R,6.3,1.9K
247. Blue Car,https://www.imdb.com/title/tt0290145/?ref_=sr_t_247,2002,1h 36m,R,6.6,3.8K
248. Callas Forever,https://www.imdb.com/title/tt0274407/?ref_=sr_t_248,2002,1h 51m,PG-13,6.4,2.5K
249. I Am Trying to Break Your Heart,https://www.imdb.com/title/tt0327920/?ref_=sr_t_249,2002,1h 32m,Unrated,7.4,2.2K
250. The Way Home,https://www.imdb.com/title/tt0312841/?ref_=sr_t_250,2002,1h 20m,PG,7.7,6K
251. The Hard Word,https://www.imdb.com/title/tt0280490/?ref_=sr_t_251,2002,1h 42m,R,6.0,3.9K
252. Broken Wings,https://www.imdb.com/title/tt0317842/?ref_=sr_t_252,2002,1h 27m,R,7.4,2.5K
253. Divine Intervention,https://www.imdb.com/title/tt0274428/?ref_=sr_t_253,2002,1h 32m,Not Rated,6.6,4.1K
254. Spun,https://www.imdb.com/title/tt0283003/?ref_=sr_t_254,2002,1h 41m,Unrated,6.7,41K
255. Amandla!,https://www.imdb.com/title/tt0303297/?ref_=sr_t_255,2002,1h 48m,PG-13,7.4,626
256. Im toten Winkel - Hitlers Sekretärin,https://www.imdb.com/title/tt0311320/?ref_=sr_t_256,2002,1h 30m,PG,7.3,1.9K
257. City of Ghosts,https://www.imdb.com/title/tt0164003/?ref_=sr_t_257,2002,1h 56m,R,5.9,5.9K
258. Dangerous People,https://www.imdb.com/title/tt0330193/?ref_=sr_t_258,2002,1h 48m,,3.9,374
259. Welcome to Collinwood,https://www.imdb.com/title/tt0271259/?ref_=sr_t_259,2002,1h 26m,R,6.3,16K
260. Ju-on: The Grudge,https://www.imdb.com/title/tt0364385/?ref_=sr_t_260,2002,1h 32m,R,6.7,50K
261. Saathiya,https://www.imdb.com/title/tt0330843/?ref_=sr_t_261,2002,2h 18m,Not Rated,6.8,8K
262. Sweet Sixteen,https://www.imdb.com/title/tt0313670/?ref_=sr_t_262,2002,1h 46m,R,7.4,16K
263. The Gatekeeper,https://www.imdb.com/title/tt0309622/?ref_=sr_t_263,2002,1h 43m,R,5.1,231
264. Pumpkin,https://www.imdb.com/title/tt0265591/?ref_=sr_t_264,2002,1h 53m,R,6.1,9.7K
265. The Trip,https://www.imdb.com/title/tt0250067/?ref_=sr_t_265,2002,1h 35m,R,7.0,4K
266. Power and Terror: Noam Chomsky in Our Times,https://www.imdb.com/title/tt0338357/?ref_=sr_t_266,2002,1h 14m,Not Rated,6.9,621
267. Valentin,https://www.imdb.com/title/tt0296915/?ref_=sr_t_267,2002,1h 26m,PG-13,7.5,4.5K
268. Amen.,https://www.imdb.com/title/tt0280653/?ref_=sr_t_268,2002,2h 12m,Not Rated,7.2,15K
269. Morvern Callar,https://www.imdb.com/title/tt0300214/?ref_=sr_t_269,2002,1h 37m,R,6.8,11K
270. Waking Up in Reno,https://www.imdb.com/title/tt0219400/?ref_=sr_t_270,2002,1h 31m,R,5.5,6.3K
271. Yossi & Jagger,https://www.imdb.com/title/tt0334754/?ref_=sr_t_271,2002,1h 5m,R,7.1,7.7K
272. Stone Reader,https://www.imdb.com/title/tt0324080/?ref_=sr_t_272,2002,2h 7m,PG-13,7.7,576
273. Sex with Strangers,https://www.imdb.com/title/tt0304692/?ref_=sr_t_273,2002,1h 45m,Unrated,4.4,570
274. Gerry,https://www.imdb.com/title/tt0302674/?ref_=sr_t_274,2002,1h 43m,R,6.0,20K
275. Civil Brand,https://www.imdb.com/title/tt0326806/?ref_=sr_t_275,2002,1h 35m,R,5.1,831
276. Skins,https://www.imdb.com/title/tt0284494/?ref_=sr_t_276,2002,1h 24m,R,7.0,1.6K
277. The Cuckoo,https://www.imdb.com/title/tt0308476/?ref_=sr_t_277,2002,1h 39m,PG-13,7.7,8.1K
278. Wilbur Wants to Kill Himself,https://www.imdb.com/title/tt0329767/?ref_=sr_t_278,2002,1h 49m,R,6.8,8.1K
279. Demonlover,https://www.imdb.com/title/tt0284034/?ref_=sr_t_279,2002,2h 9m,R,5.9,6.7K
280. Satin Rouge,https://www.imdb.com/title/tt0300453/?ref_=sr_t_280,2002,1h 40m,,6.7,898
281. The Butterfly,https://www.imdb.com/title/tt0329485/?ref_=sr_t_281,2002,1h 25m,PG,7.1,3.4K
282. Steal,https://www.imdb.com/title/tt0282552/?ref_=sr_t_282,2002,1h 23m,R,5.4,6.2K
283. The Cockettes,https://www.imdb.com/title/tt0303321/?ref_=sr_t_283,2002,1h 42m,R,7.4,636
284. Bus 174,https://www.imdb.com/title/tt0340468/?ref_=sr_t_284,2002,2h 2m,R,7.8,8.8K
285. Love Liza,https://www.imdb.com/title/tt0282698/?ref_=sr_t_285,2002,1h 30m,R,6.9,8.9K
286. All or Nothing,https://www.imdb.com/title/tt0286261/?ref_=sr_t_286,2002,2h 8m,R,7.5,12K
287. Madame Satã,https://www.imdb.com/title/tt0317887/?ref_=sr_t_287,2002,1h 45m,Unrated,7.0,3.2K
288. The Heart of Me,https://www.imdb.com/title/tt0301390/?ref_=sr_t_288,2002,1h 36m,R,6.5,2.7K
289. Lilya 4-Ever,https://www.imdb.com/title/tt0300140/?ref_=sr_t_289,2002,1h 49m,R,7.8,51K
290. No Good Deed,https://www.imdb.com/title/tt0292610/?ref_=sr_t_290,2002,1h 37m,R,5.4,7.9K
291. Cherish,https://www.imdb.com/title/tt0298798/?ref_=sr_t_291,2002,1h 39m,R,6.6,3K
292. The Business of Fancydancing,https://www.imdb.com/title/tt0303313/?ref_=sr_t_292,2002,1h 43m,,6.6,556
293. Once Upon a Time in the Midlands,https://www.imdb.com/title/tt0301684/?ref_=sr_t_293,2002,1h 44m,R,6.1,4.8K
294. Station Nord,https://www.imdb.com/title/tt0295633/?ref_=sr_t_294,2002,1h 51m,,5.5,99
295. Infernal Affairs,https://www.imdb.com/title/tt0338564/?ref_=sr_t_295,2002,1h 41m,R,8.0,134K
296. On_Line,https://www.imdb.com/title/tt0302889/?ref_=sr_t_296,2002,1h 37m,R,5.4,640
297. Gigantic (A Tale of Two Johns),https://www.imdb.com/title/tt0304081/?ref_=sr_t_297,2002,1h 42m,,7.6,759
298. Washington Heights,https://www.imdb.com/title/tt0314871/?ref_=sr_t_298,2002,1h 29m,R,6.1,414
299. Derrida,https://www.imdb.com/title/tt0303326/?ref_=sr_t_299,2002,1h 24m,Not Rated,6.5,1K
300. Friday Night,https://www.imdb.com/title/tt0295743/?ref_=sr_t_300,2002,1h 30m,Unrated,6.7,2.2K
301. Hansel & Gretel,https://www.imdb.com/title/tt0293832/?ref_=sr_t_301,2002,1h 29m,PG,4.4,1.6K
302. Mondays in the Sun,https://www.imdb.com/title/tt0319769/?ref_=sr_t_302,2002,1h 53m,R,7.5,16K
303. Two Men Went to War,https://www.imdb.com/title/tt0304857/?ref_=sr_t_303,2002,1h 49m,PG,6.6,1K
304. Charlotte Sometimes,https://www.imdb.com/title/tt0284478/?ref_=sr_t_304,2002,1h 25m,R,6.4,1.1K
305. May,https://www.imdb.com/title/tt0303361/?ref_=sr_t_305,2002,1h 33m,R,6.6,42K
306. Stoked: The Rise and Fall of Gator,https://www.imdb.com/title/tt0271211/?ref_=sr_t_306,2002,1h 22m,R,7.2,1.2K
307. Dahmer,https://www.imdb.com/title/tt0285728/?ref_=sr_t_307,2002,1h 41m,R,5.6,12K
308. Zhou Yu's Train,https://www.imdb.com/title/tt0354243/?ref_=sr_t_308,2002,1h 37m,PG-13,6.4,1.6K
309. Marooned in Iraq,https://www.imdb.com/title/tt0317226/?ref_=sr_t_309,2002,1h 40m,,7.4,1.7K
310. Super Sucker,https://www.imdb.com/title/tt0293624/?ref_=sr_t_310,2002,1h 33m,R,4.4,969
311. Road,https://www.imdb.com/title/tt0315632/?ref_=sr_t_311,2002,2h 14m,,5.7,1.4K
312. Open Hearts,https://www.imdb.com/title/tt0315543/?ref_=sr_t_312,2002,1h 53m,R,7.5,11K
313. Stolen Summer,https://www.imdb.com/title/tt0286162/?ref_=sr_t_313,2002,1h 31m,PG,6.5,2.9K
314. Naqoyqatsi,https://www.imdb.com/title/tt0145937/?ref_=sr_t_314,2002,1h 29m,PG,6.4,6.4K
315. Maryam,https://www.imdb.com/title/tt0184719/?ref_=sr_t_315,2002,1h 27m,Not Rated,6.8,302
316. September 11,https://www.imdb.com/title/tt0328802/?ref_=sr_t_316,2002,2h 14m,Unrated,6.8,6K
317. People I Know,https://www.imdb.com/title/tt0274711/?ref_=sr_t_317,2002,1h 40m,R,5.4,12K
318. Tycoon: A New Russian,https://www.imdb.com/title/tt0308671/?ref_=sr_t_318,2002,2h 3m,R,6.7,2.1K
319. Till Human Voices Wake Us,https://www.imdb.com/title/tt0240980/?ref_=sr_t_319,2002,1h 41m,R,6.3,2.5K
320. Rishtey,https://www.imdb.com/title/tt0341549/?ref_=sr_t_320,2002,2h 44m,Not Rated,4.9,1.1K
321. The Other Side of the Bed,https://www.imdb.com/title/tt0301524/?ref_=sr_t_321,2002,1h 54m,R,6.4,5.9K
322. Hometown Legend,https://www.imdb.com/title/tt0260695/?ref_=sr_t_322,2002,1h 48m,PG,5.5,811
323. Fellini: I'm a Born Liar,https://www.imdb.com/title/tt0314062/?ref_=sr_t_323,2002,1h 45m,R,7.0,1K
324. Distant,https://www.imdb.com/title/tt0346094/?ref_=sr_t_324,2002,1h 50m,Not Rated,7.5,24K
325. Un monde presque paisible,https://www.imdb.com/title/tt0318780/?ref_=sr_t_325,2002,1h 34m,Unrated,6.5,407
326. Ten,https://www.imdb.com/title/tt0301978/?ref_=sr_t_326,2002,1h 34m,Not Rated,7.4,8.8K
327. Secret Things,https://www.imdb.com/title/tt0287963/?ref_=sr_t_327,2002,1h 55m,Unrated,6.0,5.5K
328. XX/XY,https://www.imdb.com/title/tt0245573/?ref_=sr_t_328,2002,1h 31m,R,5.9,3.4K
329. Stevie,https://www.imdb.com/title/tt0334416/?ref_=sr_t_329,2002,2h 20m,R,7.8,2.8K
330. Intimate Stories,https://www.imdb.com/title/tt0291988/?ref_=sr_t_330,2002,1h 32m,Unrated,7.4,5.5K
331. Pure,https://www.imdb.com/title/tt0308772/?ref_=sr_t_331,2002,1h 36m,R,6.8,2.8K
332. Handcart,https://www.imdb.com/title/tt0337632/?ref_=sr_t_332,2002,1h 50m,PG,4.6,77
333. Kehtaa Hai Dil Baar Baar,https://www.imdb.com/title/tt0322936/?ref_=sr_t_333,2002,1h 59m,Unrated,4.7,204
334. Biggie & Tupac,https://www.imdb.com/title/tt0303356/?ref_=sr_t_334,2002,1h 48m,R,6.7,5.1K
335. In This World,https://www.imdb.com/title/tt0310154/?ref_=sr_t_335,2002,1h 28m,R,7.3,4.5K
336. A mi madre le gustan las mujeres,https://www.imdb.com/title/tt0306432/?ref_=sr_t_336,2002,1h 36m,,6.2,1.7K
337. Anything But Love,https://www.imdb.com/title/tt0265803/?ref_=sr_t_337,2002,1h 42m,PG-13,5.9,281
338. Made-Up,https://www.imdb.com/title/tt0274643/?ref_=sr_t_338,2002,1h 36m,PG-13,6.0,178
339. D-Tox,https://www.imdb.com/title/tt0160184/?ref_=sr_t_339,2002,1h 36m,R,5.3,30K
340. Funny Ha Ha,https://www.imdb.com/title/tt0327753/?ref_=sr_t_340,2002,1h 29m,Not Rated,6.4,3K
341. So Close,https://www.imdb.com/title/tt0300620/?ref_=sr_t_341,2002,1h 51m,R,6.6,8.2K
342. The Sea,https://www.imdb.com/title/tt0332381/?ref_=sr_t_342,2002,1h 49m,R,6.8,1.8K
343. Returner,https://www.imdb.com/title/tt0339579/?ref_=sr_t_343,2002,1h 56m,R,6.4,12K
344. New Suit,https://www.imdb.com/title/tt0290249/?ref_=sr_t_344,2002,1h 34m,R,5.9,400
345. Dummy,https://www.imdb.com/title/tt0246592/?ref_=sr_t_345,2002,1h 31m,R,6.6,7K
346. The Son,https://www.imdb.com/title/tt0291172/?ref_=sr_t_346,2002,1h 43m,,7.5,10K
347. Mga munting tinig,https://www.imdb.com/title/tt0332701/?ref_=sr_t_347,2002,1h 49m,,7.0,135
348. Cavale,https://www.imdb.com/title/tt0233418/?ref_=sr_t_348,2002,1h 57m,R,6.9,1.3K
349. Just a Kiss,https://www.imdb.com/title/tt0245479/?ref_=sr_t_349,2002,1h 29m,R,4.9,1.6K
350. Painted Fire,https://www.imdb.com/title/tt0317234/?ref_=sr_t_350,2002,2h,Unrated,7.1,2.9K
351. Carnages,https://www.imdb.com/title/tt0280523/?ref_=sr_t_351,2002,2h 10m,Unrated,6.1,752
352. House of Fools,https://www.imdb.com/title/tt0332605/?ref_=sr_t_352,2002,1h 44m,R,7.0,2.9K
353. Only the Strong Survive,https://www.imdb.com/title/tt0308672/?ref_=sr_t_353,2002,1h 35m,PG-13,6.6,312
354. The Embalmer,https://www.imdb.com/title/tt0322725/?ref_=sr_t_354,2002,1h 40m,Not Rated,7.0,3K
355. Dracula: Pages from a Virgin's Diary,https://www.imdb.com/title/tt0293113/?ref_=sr_t_355,2002,1h 13m,Not Rated,6.8,2.3K
356. The Tracker,https://www.imdb.com/title/tt0212132/?ref_=sr_t_356,2002,1h 30m,Not Rated,7.3,3.4K
357. Ciao America,https://www.imdb.com/title/tt0275263/?ref_=sr_t_357,2002,1h 40m,R,7.8,95
358. Grand Champion,https://www.imdb.com/title/tt0335126/?ref_=sr_t_358,2002,1h 33m,G,4.2,836
359. Hukkle,https://www.imdb.com/title/tt0289229/?ref_=sr_t_359,2002,1h 18m,Unrated,7.0,3.9K
360. Moonlight,https://www.imdb.com/title/tt0245294/?ref_=sr_t_360,2002,1h 30m,Not Rated,6.0,848
361. Agnivarsha: The Fire and the Rain,https://www.imdb.com/title/tt0326722/?ref_=sr_t_361,2002,2h 6m,,4.7,415
362. Tahara,https://www.imdb.com/title/tt0325478/?ref_=sr_t_362,2002,1h 26m,Unrated,5.7,180
363. AKA,https://www.imdb.com/title/tt0317052/?ref_=sr_t_363,2002,2h 3m,R,6.3,1.3K
364. Bolivar soy yo,https://www.imdb.com/title/tt0257282/?ref_=sr_t_364,2002,1h 33m,R,6.4,356
365. Interview with the Assassin,https://www.imdb.com/title/tt0308411/?ref_=sr_t_365,2002,1h 28m,R,6.5,1.9K
366. Un couple épatant,https://www.imdb.com/title/tt0234940/?ref_=sr_t_366,2002,1h 37m,PG,6.4,1.1K
367. New Best Friend,https://www.imdb.com/title/tt0191074/?ref_=sr_t_367,2002,1h 31m,R,5.3,3.5K
368. Sympathy for Mr. Vengeance,https://www.imdb.com/title/tt0310775/?ref_=sr_t_368,2002,2h 9m,R,7.5,77K
369. Suddenly,https://www.imdb.com/title/tt0324158/?ref_=sr_t_369,2002,1h 32m,Unrated,6.3,899
370. Lana's Rain,https://www.imdb.com/title/tt0372370/?ref_=sr_t_370,2002,1h 47m,R,6.3,191
371. Food of Love,https://www.imdb.com/title/tt0309600/?ref_=sr_t_371,2002,1h 52m,R,6.1,1.8K
372. Springtime in a Small Town,https://www.imdb.com/title/tt0332831/?ref_=sr_t_372,2002,1h 56m,PG,6.9,1.4K
373. Secret Lives: Hidden Children and Their Rescuers During WWII,https://www.imdb.com/title/tt0356014/?ref_=sr_t_373,2002,1h 12m,Unrated,8.2,80
374. My Mother's Smile,https://www.imdb.com/title/tt0317965/?ref_=sr_t_374,2002,1h 45m,,7.0,2K
375. Close Your Eyes,https://www.imdb.com/title/tt0286594/?ref_=sr_t_375,2002,1h 48m,R,6.1,3.3K
376. Sex Is Comedy,https://www.imdb.com/title/tt0304678/?ref_=sr_t_376,2002,1h 32m,R,5.7,3.1K
377. La vie promise,https://www.imdb.com/title/tt0295004/?ref_=sr_t_377,2002,1h 33m,,6.0,766
378. This Thing of Ours,https://www.imdb.com/title/tt0338497/?ref_=sr_t_378,2002,1h 40m,Not Rated,5.1,843
379. After Freedom,https://www.imdb.com/title/tt0344796/?ref_=sr_t_379,2002,1h 27m,Not Rated,6.5,38
380. Showboy,https://www.imdb.com/title/tt0326148/?ref_=sr_t_380,2002,1h 33m,Unrated,5.5,357
381. Martin & Orloff,https://www.imdb.com/title/tt0283469/?ref_=sr_t_381,2002,1h 27m,Not Rated,6.5,883
382. Garage Days,https://www.imdb.com/title/tt0280696/?ref_=sr_t_382,2002,1h 45m,R,5.8,2.9K
383. Porn Theatre,https://www.imdb.com/title/tt0287364/?ref_=sr_t_383,2002,1h 30m,Not Rated,6.1,924
384. Fabled,https://www.imdb.com/title/tt0299863/?ref_=sr_t_384,2002,1h 24m,R,5.0,316
385. In My Skin,https://www.imdb.com/title/tt0337961/?ref_=sr_t_385,2002,1h 33m,Unrated,6.2,5.9K
386. The Sea Is Watching,https://www.imdb.com/title/tt0316829/?ref_=sr_t_386,2002,1h 59m,R,7.0,1.6K
387. Sonny,https://www.imdb.com/title/tt0305973/?ref_=sr_t_387,2002,1h 50m,R,5.6,4.7K
388. Teknolust,https://www.imdb.com/title/tt0270688/?ref_=sr_t_388,2002,1h 25m,R,5.3,2K
389. P.S. Your Cat Is Dead!,https://www.imdb.com/title/tt0245341/?ref_=sr_t_389,2002,1h 32m,R,5.5,670
390. Après la vie,https://www.imdb.com/title/tt0233230/?ref_=sr_t_390,2002,2h 4m,R,7.0,944
391. 9 Dead Gay Guys,https://www.imdb.com/title/tt0336910/?ref_=sr_t_391,2002,1h 23m,R,6.2,1.6K
"392. Sex, Politics & Cocktails",https://www.imdb.com/title/tt0341573/?ref_=sr_t_392,2002,1h 30m,TV-MA,4.2,227
393. Safe Conduct,https://www.imdb.com/title/tt0269461/?ref_=sr_t_393,2002,2h 50m,Not Rated,6.9,1.6K
394. Luster,https://www.imdb.com/title/tt0325761/?ref_=sr_t_394,2002,1h 32m,Unrated,5.3,1.2K
395. Japón,https://www.imdb.com/title/tt0322824/?ref_=sr_t_395,2002,2h 2m,R,6.8,4.1K
396. Crazy as Hell,https://www.imdb.com/title/tt0285487/?ref_=sr_t_396,2002,1h 53m,R,5.8,1.1K
397. The Guys,https://www.imdb.com/title/tt0319470/?ref_=sr_t_397,2002,1h 24m,PG,6.3,1.4K
398. The Burial Society,https://www.imdb.com/title/tt0312510/?ref_=sr_t_398,2002,1h 34m,R,6.1,211
399. Merci Docteur Rey,https://www.imdb.com/title/tt0338249/?ref_=sr_t_399,2002,1h 31m,R,6.0,595
400. The Journey,https://www.imdb.com/title/tt0325661/?ref_=sr_t_400,2002,1h 37m,,7.5,90
401. Garmento,https://www.imdb.com/title/tt0305438/?ref_=sr_t_401,2002,1h 27m,,6.4,99
402. Love and a Bullet,https://www.imdb.com/title/tt0235553/?ref_=sr_t_402,2002,1h 25m,R,5.0,1.5K
403. The Deserted Station,https://www.imdb.com/title/tt0333645/?ref_=sr_t_403,2002,1h 28m,Not Rated,6.6,672
404. Venus Boyz,https://www.imdb.com/title/tt0293685/?ref_=sr_t_404,2002,1h 42m,Not Rated,6.4,432
405. A Skin Too Few: The Days of Nick Drake,https://www.imdb.com/title/tt0264013/?ref_=sr_t_405,2002,48m,,7.5,764
406. Balseros,https://www.imdb.com/title/tt0321376/?ref_=sr_t_406,2002,2h,Not Rated,7.2,640
407. 7th Street,https://www.imdb.com/title/tt0362390/?ref_=sr_t_407,2002,1h 12m,,7.6,115
408. Bomb the System,https://www.imdb.com/title/tt0337585/?ref_=sr_t_408,2002,1h 31m,R,6.4,1.1K
409. Last Dance,https://www.imdb.com/title/tt0316160/?ref_=sr_t_409,2002,1h 24m,Not Rated,7.4,39
410. Bord de mer,https://www.imdb.com/title/tt0298126/?ref_=sr_t_410,2002,1h 30m,Not Rated,5.5,327
411. The Anarchist Cookbook,https://www.imdb.com/title/tt0284850/?ref_=sr_t_411,2002,1h 41m,R,5.0,1.4K
412. The Slaughter Rule,https://www.imdb.com/title/tt0266971/?ref_=sr_t_412,2002,1h 52m,R,5.9,2.7K
413. Yes Nurse! No Nurse!,https://www.imdb.com/title/tt0309725/?ref_=sr_t_413,2002,1h 40m,TV-MA,6.8,1.6K
414. The Code,https://www.imdb.com/title/tt0304391/?ref_=sr_t_414,2002,1h 56m,R,5.4,1.1K
415. Big Ain't Bad,https://www.imdb.com/title/tt0289864/?ref_=sr_t_415,2002,1h 48m,R,5.6,71
416. The Dogwalker,https://www.imdb.com/title/tt0309521/?ref_=sr_t_416,2002,1h 39m,,6.1,162
417. The Legend of Leigh Bowery,https://www.imdb.com/title/tt0354696/?ref_=sr_t_417,2002,1h 23m,,7.4,247
418. Crop Circles: Quest for Truth,https://www.imdb.com/title/tt0331225/?ref_=sr_t_418,2002,1h 55m,,6.8,241
419. The Mesmerist,https://www.imdb.com/title/tt0272730/?ref_=sr_t_419,2002,1h 35m,Not Rated,4.9,261
420. Défense d'aimer,https://www.imdb.com/title/tt0330247/?ref_=sr_t_420,2002,1h 36m,Unrated,5.4,277
421. Family Fundamentals,https://www.imdb.com/title/tt0303334/?ref_=sr_t_421,2002,1h 15m,,6.5,143
422. Cinemania,https://www.imdb.com/title/tt0281724/?ref_=sr_t_422,2002,1h 23m,Not Rated,7.1,2.4K
423. Unknown Pleasures,https://www.imdb.com/title/tt0318025/?ref_=sr_t_423,2002,1h 52m,Unrated,6.8,2.6K
424. Winning Girls Through Psychic Mind Control,https://www.imdb.com/title/tt0326412/?ref_=sr_t_424,2002,1h 33m,,7.3,26
425. Manito,https://www.imdb.com/title/tt0298050/?ref_=sr_t_425,2002,1h 18m,Not Rated,6.6,599
426. MC5*: A True Testimonial,https://www.imdb.com/title/tt0333847/?ref_=sr_t_426,2002,2h,,7.9,219
427. Al qods fee yom akhar,https://www.imdb.com/title/tt0305229/?ref_=sr_t_427,2002,1h 30m,Unrated,6.5,521
428. Love in the Time of Money,https://www.imdb.com/title/tt0292501/?ref_=sr_t_428,2002,1h 30m,R,5.3,755
429. Oasis,https://www.imdb.com/title/tt0320193/?ref_=sr_t_429,2002,2h 13m,,7.8,11K
430. Kedma,https://www.imdb.com/title/tt0304267/?ref_=sr_t_430,2002,1h 40m,,6.0,804
431. Something to Cheer About,https://www.imdb.com/title/tt0350142/?ref_=sr_t_431,2002,1h 30m,Not Rated,7.4,70
432. El bonaerense,https://www.imdb.com/title/tt0315850/?ref_=sr_t_432,2002,1h 45m,,6.8,2.2K
"433. L'Chayim, Comrade Stalin",https://www.imdb.com/title/tt0323008/?ref_=sr_t_433,2002,1h 33m,,6.9,20
434. Zero Day,https://www.imdb.com/title/tt0365960/?ref_=sr_t_434,2002,1h 32m,Not Rated,7.2,5K
435. The Intended,https://www.imdb.com/title/tt0331525/?ref_=sr_t_435,2002,1h 50m,R,5.7,395
436. The Scoundrel's Wife,https://www.imdb.com/title/tt0282945/?ref_=sr_t_436,2002,1h 35m,R,5.9,431
437. Coastlines,https://www.imdb.com/title/tt0284971/?ref_=sr_t_437,2002,1h 50m,R,5.8,804
438. Waiting for Happiness,https://www.imdb.com/title/tt0308363/?ref_=sr_t_438,2002,1h 30m,,6.6,1.1K
439. Group,https://www.imdb.com/title/tt0332636/?ref_=sr_t_439,2002,1h 46m,,6.4,124
440. Buddha Heads,https://www.imdb.com/title/tt0328913/?ref_=sr_t_440,2002,1h 34m,,4.3,25
441. Master of the Game,https://www.imdb.com/title/tt0296745/?ref_=sr_t_441,2002,1h 40m,R,7.6,91
442. The Last Place on Earth,https://www.imdb.com/title/tt0218390/?ref_=sr_t_442,2002,1h 28m,PG-13,5.9,212
443. Solitude,https://www.imdb.com/title/tt0292243/?ref_=sr_t_443,2002,1h 39m,Not Rated,7.1,160
444. Blue Gate Crossing,https://www.imdb.com/title/tt0333764/?ref_=sr_t_444,2002,1h 25m,,7.4,4.5K
445. The Calling,https://www.imdb.com/title/tt0279721/?ref_=sr_t_445,2002,1h 56m,PG,4.6,225
446. Ted Bundy,https://www.imdb.com/title/tt0284929/?ref_=sr_t_446,2002,1h 39m,R,5.8,8.3K
447. The First $20 Million Is Always the Hardest,https://www.imdb.com/title/tt0280674/?ref_=sr_t_447,2002,1h 45m,PG-13,5.5,3.3K
448. Home Room,https://www.imdb.com/title/tt0264689/?ref_=sr_t_448,2002,2h 13m,R,7.1,3.5K
449. Bright Future,https://www.imdb.com/title/tt0363235/?ref_=sr_t_449,2002,1h 32m,Not Rated,6.7,3.1K
450. Perfect Pie,https://www.imdb.com/title/tt0293899/?ref_=sr_t_450,2002,1h 32m,,5.6,321
451. High Times Potluck,https://www.imdb.com/title/tt0264683/?ref_=sr_t_451,2002,1h 30m,R,4.9,476
452. How to Draw a Bunny,https://www.imdb.com/title/tt0303348/?ref_=sr_t_452,2002,1h 30m,,7.4,621
453. Open My Heart,https://www.imdb.com/title/tt0333089/?ref_=sr_t_453,2002,1h 33m,,4.9,382
454. Dolls,https://www.imdb.com/title/tt0330229/?ref_=sr_t_454,2002,1h 54m,Not Rated,7.5,18K
455. My Wife Maurice,https://www.imdb.com/title/tt0291320/?ref_=sr_t_455,2002,1h 42m,Not Rated,3.9,822
456. Forget Baghdad: Jews and Arabs - The Iraqi Connection,https://www.imdb.com/title/tt0329094/?ref_=sr_t_456,2002,1h 52m,,7.8,84
457. Journeys with George,https://www.imdb.com/title/tt0312848/?ref_=sr_t_457,2002,1h 19m,TV-PG,6.8,726
458. Happy Here and Now,https://www.imdb.com/title/tt0271537/?ref_=sr_t_458,2002,1h 29m,R,5.3,377
459. Sister Helen,https://www.imdb.com/title/tt0303394/?ref_=sr_t_459,2002,1h 30m,Not Rated,7.6,287
460. Tamala 2010: A Punk Cat in Space,https://www.imdb.com/title/tt0374262/?ref_=sr_t_460,2002,1h 32m,,6.4,601
461. Our Father,https://www.imdb.com/title/tt0307913/?ref_=sr_t_461,2002,1h 24m,Not Rated,6.6,752
462. The Backyard,https://www.imdb.com/title/tt0309326/?ref_=sr_t_462,2002,1h 20m,Unrated,6.4,673
463. Ash Wednesday,https://www.imdb.com/title/tt0280438/?ref_=sr_t_463,2002,1h 39m,R,5.8,3.2K
464. Three Days of Rain,https://www.imdb.com/title/tt0162838/?ref_=sr_t_464,2002,1h 38m,R,5.5,295
465. The Child I Never Was,https://www.imdb.com/title/tt0355683/?ref_=sr_t_465,2002,1h 26m,,6.8,653
466. Dead or Alive: Final,https://www.imdb.com/title/tt0301167/?ref_=sr_t_466,2002,1h 29m,Not Rated,5.6,2.9K
467. Standing by Yourself,https://www.imdb.com/title/tt0315634/?ref_=sr_t_467,2002,1h 5m,Unrated,7.3,20
468. Firedancer,https://www.imdb.com/title/tt0342428/?ref_=sr_t_468,2002,1h 19m,,7.3,35
469. Zig Zag,https://www.imdb.com/title/tt0271885/?ref_=sr_t_469,2002,1h 41m,R,5.9,1.6K
470. The 4th Tenor,https://www.imdb.com/title/tt0275170/?ref_=sr_t_470,2002,1h 37m,PG-13,5.0,382
471. Stealing the Fire,https://www.imdb.com/title/tt0350159/?ref_=sr_t_471,2002,1h 37m,,6.3,16
472. Choice of Weapons,https://www.imdb.com/title/tt0326804/?ref_=sr_t_472,2002,1h 15m,,,
473. Mr. Smith Gets a Hustler,https://www.imdb.com/title/tt0298071/?ref_=sr_t_473,2002,1h 31m,R,5.0,239
474. Marathon,https://www.imdb.com/title/tt0352561/?ref_=sr_t_474,2002,1h 14m,PG,6.1,181
475. Mama Africa,https://www.imdb.com/title/tt0322650/?ref_=sr_t_475,2002,1h 18m,,6.8,61
476. Twin Sisters,https://www.imdb.com/title/tt0322674/?ref_=sr_t_476,2002,2h 17m,R,7.4,7.4K
477. Heartbreak Hospital,https://www.imdb.com/title/tt0219756/?ref_=sr_t_477,2002,1h 31m,,5.4,116
478. The Execution of Wanda Jean,https://www.imdb.com/title/tt0303282/?ref_=sr_t_478,2002,1h 28m,,7.3,257
479. El Leyton,https://www.imdb.com/title/tt0337662/?ref_=sr_t_479,2002,1h 35m,,4.4,183
480. Big Girls Don't Cry,https://www.imdb.com/title/tt0291213/?ref_=sr_t_480,2002,1h 27m,R,6.8,1.8K
481. Hitorine,https://www.imdb.com/title/tt0335265/?ref_=sr_t_481,2002,1h 29m,,5.0,9
482. Eight Hundred Bullets,https://www.imdb.com/title/tt0292886/?ref_=sr_t_482,2002,2h 4m,R,6.3,4.8K
483. Killing Me Softly,https://www.imdb.com/title/tt0250468/?ref_=sr_t_483,2002,1h 40m,Unrated,5.4,20K
484. Ken Park,https://www.imdb.com/title/tt0209077/?ref_=sr_t_484,2002,1h 33m,Not Rated,5.8,31K
485. Tiptoes,https://www.imdb.com/title/tt0316768/?ref_=sr_t_485,2002,1h 30m,R,4.2,6.2K
486. Russkaya Lolita,https://www.imdb.com/title/tt4136094/?ref_=sr_t_486,2002,1h 33m,,4.7,1.5K
487. Interstate 60,https://www.imdb.com/title/tt0165832/?ref_=sr_t_487,2002,1h 56m,R,7.5,38K
488. Dog Soldiers,https://www.imdb.com/title/tt0280609/?ref_=sr_t_488,2002,1h 45m,R,6.8,67K
489. Winnie the Pooh: A Very Merry Pooh Year,https://www.imdb.com/title/tt0324572/?ref_=sr_t_489,2002,1h 5m,G,6.6,3.3K
490. Amar te duele,https://www.imdb.com/title/tt0318292/?ref_=sr_t_490,2002,1h 44m,R,6.6,4K
491. The Badge,https://www.imdb.com/title/tt0286493/?ref_=sr_t_491,2002,1h 43m,R,6.1,3.6K
492. Swingers,https://www.imdb.com/title/tt0284534/?ref_=sr_t_492,2002,1h 33m,,5.5,1.5K
493. Ali G Indahouse,https://www.imdb.com/title/tt0284837/?ref_=sr_t_493,2002,1h 27m,R,6.2,97K
494. Naked Weapon,https://www.imdb.com/title/tt0341495/?ref_=sr_t_494,2002,1h 30m,R,5.5,8.3K
495. Buying the Cow,https://www.imdb.com/title/tt0218864/?ref_=sr_t_495,2002,1h 28m,R,5.8,7.7K
496. The Devils,https://www.imdb.com/title/tt0291131/?ref_=sr_t_496,2002,1h 45m,,7.0,1.4K
497. Shottas,https://www.imdb.com/title/tt0281190/?ref_=sr_t_497,2002,1h 35m,R,6.1,4.9K
498. Cube²: Hypercube,https://www.imdb.com/title/tt0285492/?ref_=sr_t_498,2002,1h 34m,R,5.5,71K
499. Hundtricket - The Movie,https://www.imdb.com/title/tt0268374/?ref_=sr_t_499,2002,1h 46m,,5.5,3.5K
500. Perfect Blue,https://www.imdb.com/title/tt0367257/?ref_=sr_t_500,2002,1h 43m,,5.7,337
